Copyright 1986-2022 Xilinx, Inc. All Rights Reserved. Copyright 2022-2025 Advanced Micro Devices, Inc. All Rights Reserved.
---------------------------------------------------------------------------------------------------------------------------------------------
| Tool Version : Vivado v.2024.2.2 (lin64) Build 6060944 Thu Mar 06 19:10:09 MST 2025
| Date         : Mon Jun 29 15:53:07 2026
| Host         : pjs-laptop running 64-bit Ubuntu 26.04 LTS
| Command      : report_utilization -hierarchical -file reports/gptalk_dma_50mhz_util_hier.rpt
| Design       : design_1_wrapper
| Device       : xc7z020clg400-1
| Speed File   : -1
| Design State : Physopt postRoute
---------------------------------------------------------------------------------------------------------------------------------------------

Utilization Design Information

Table of Contents
-----------------
1. Utilization by Hierarchy

1. Utilization by Hierarchy
---------------------------

+-------------------------------------------------------------------------------------------------------+-----------------------------------------------------------------------------------------+------------+------------+---------+------+-------+--------+--------+------------+
|                                                Instance                                               |                                          Module                                         | Total LUTs | Logic LUTs | LUTRAMs | SRLs |  FFs  | RAMB36 | RAMB18 | DSP Blocks |
+-------------------------------------------------------------------------------------------------------+-----------------------------------------------------------------------------------------+------------+------------+---------+------+-------+--------+--------+------------+
| design_1_wrapper                                                                                      |                                                                                   (top) |      27591 |      25625 |    1418 |  548 | 23879 |     26 |      4 |         68 |
|   (design_1_wrapper)                                                                                  |                                                                                   (top) |          0 |          0 |       0 |    0 |     0 |      0 |      0 |          0 |
|   design_1_i                                                                                          |                                                                                design_1 |      27591 |      25625 |    1418 |  548 | 23879 |     26 |      4 |         68 |
|     (design_1_i)                                                                                      |                                                                                design_1 |          0 |          0 |       0 |    0 |     0 |      0 |      0 |          0 |
|     axi_bram_ctrl_clkconv                                                                             |                                                        design_1_axi_bram_ctrl_clkconv_0 |        298 |        198 |     100 |    0 |   726 |      0 |      0 |          0 |
|       inst                                                                                            |        design_1_axi_bram_ctrl_clkconv_0_axi_clock_converter_v2_1_33_axi_clock_converter |        298 |        198 |     100 |    0 |   726 |      0 |      0 |          0 |
|         (inst)                                                                                        |        design_1_axi_bram_ctrl_clkconv_0_axi_clock_converter_v2_1_33_axi_clock_converter |          1 |          1 |       0 |    0 |     0 |      0 |      0 |          0 |
|         gen_clock_conv.gen_async_conv.asyncfifo_axi                                                   |                                design_1_axi_bram_ctrl_clkconv_0_fifo_generator_v13_2_12 |        297 |        197 |     100 |    0 |   726 |      0 |      0 |          0 |
|           inst_fifo_gen                                                                               |                          design_1_axi_bram_ctrl_clkconv_0_fifo_generator_v13_2_12_synth |        297 |        197 |     100 |    0 |   726 |      0 |      0 |          0 |
|             gaxi_full_lite.gread_ch.grach2.axi_rach                                                   |                          design_1_axi_bram_ctrl_clkconv_0_fifo_generator_top__xdcDup__1 |         63 |         39 |      24 |    0 |   146 |      0 |      0 |          0 |
|               grf.rf                                                                                  |                      design_1_axi_bram_ctrl_clkconv_0_fifo_generator_ramfifo__xdcDup__1 |         63 |         39 |      24 |    0 |   146 |      0 |      0 |          0 |
|                 gntv_or_sync_fifo.gcx.clkx                                                            |                                 design_1_axi_bram_ctrl_clkconv_0_clk_x_pntrs__xdcDup__1 |         12 |         12 |       0 |    0 |    40 |      0 |      0 |          0 |
|                   (gntv_or_sync_fifo.gcx.clkx)                                                        |                                 design_1_axi_bram_ctrl_clkconv_0_clk_x_pntrs__xdcDup__1 |          2 |          2 |       0 |    0 |     0 |      0 |      0 |          0 |
|                   rd_pntr_cdc_inst                                                                    |                                       design_1_axi_bram_ctrl_clkconv_0_xpm_cdc_gray__17 |          5 |          5 |       0 |    0 |    20 |      0 |      0 |          0 |
|                   wr_pntr_cdc_inst                                                                    |                                       design_1_axi_bram_ctrl_clkconv_0_xpm_cdc_gray__16 |          5 |          5 |       0 |    0 |    20 |      0 |      0 |          0 |
|                 gntv_or_sync_fifo.gl0.rd                                                              |                                            design_1_axi_bram_ctrl_clkconv_0_rd_logic_21 |         13 |         13 |       0 |    0 |    18 |      0 |      0 |          0 |
|                   gr1.gr1_int.rfwft                                                                   |                                             design_1_axi_bram_ctrl_clkconv_0_rd_fwft_27 |          7 |          7 |       0 |    0 |     8 |      0 |      0 |          0 |
|                   gras.rsts                                                                           |                                  design_1_axi_bram_ctrl_clkconv_0_rd_status_flags_as_28 |          0 |          0 |       0 |    0 |     2 |      0 |      0 |          0 |
|                   rpntr                                                                               |                                         design_1_axi_bram_ctrl_clkconv_0_rd_bin_cntr_29 |          6 |          6 |       0 |    0 |     8 |      0 |      0 |          0 |
|                 gntv_or_sync_fifo.gl0.wr                                                              |                                            design_1_axi_bram_ctrl_clkconv_0_wr_logic_22 |          7 |          7 |       0 |    0 |    14 |      0 |      0 |          0 |
|                   gwas.wsts                                                                           |                                  design_1_axi_bram_ctrl_clkconv_0_wr_status_flags_as_25 |          2 |          2 |       0 |    0 |     2 |      0 |      0 |          0 |
|                   wpntr                                                                               |                                         design_1_axi_bram_ctrl_clkconv_0_wr_bin_cntr_26 |          5 |          5 |       0 |    0 |    12 |      0 |      0 |          0 |
|                 gntv_or_sync_fifo.mem                                                                 |                                              design_1_axi_bram_ctrl_clkconv_0_memory_23 |         24 |          0 |      24 |    0 |    48 |      0 |      0 |          0 |
|                   (gntv_or_sync_fifo.mem)                                                             |                                              design_1_axi_bram_ctrl_clkconv_0_memory_23 |          0 |          0 |       0 |    0 |    24 |      0 |      0 |          0 |
|                   gdm.dm_gen.dm                                                                       |                                                design_1_axi_bram_ctrl_clkconv_0_dmem_24 |         24 |          0 |      24 |    0 |    24 |      0 |      0 |          0 |
|                 rstblk                                                                                |                           design_1_axi_bram_ctrl_clkconv_0_reset_blk_ramfifo__xdcDup__1 |          7 |          7 |       0 |    0 |    26 |      0 |      0 |          0 |
|                   (rstblk)                                                                            |                           design_1_axi_bram_ctrl_clkconv_0_reset_blk_ramfifo__xdcDup__1 |          7 |          7 |       0 |    0 |    12 |      0 |      0 |          0 |
|                   ngwrdrst.grst.g7serrst.gnsckt_wrst.gic_rst.rst_rd_reg2_inst                         |                                  design_1_axi_bram_ctrl_clkconv_0_xpm_cdc_async_rst__12 |          0 |          0 |       0 |    0 |     2 |      0 |      0 |          0 |
|                   ngwrdrst.grst.g7serrst.gnsckt_wrst.gic_rst.xpm_cdc_single_inst_rrst_wr              |                     design_1_axi_bram_ctrl_clkconv_0_xpm_cdc_single__parameterized1__17 |          0 |          0 |       0 |    0 |     5 |      0 |      0 |          0 |
|                   ngwrdrst.grst.g7serrst.gnsckt_wrst.gic_rst.xpm_cdc_single_inst_wrst_rd              |                     design_1_axi_bram_ctrl_clkconv_0_xpm_cdc_single__parameterized1__16 |          0 |          0 |       0 |    0 |     5 |      0 |      0 |          0 |
|                   ngwrdrst.grst.g7serrst.gnsckt_wrst.rst_wr_reg2_inst                                 |                                  design_1_axi_bram_ctrl_clkconv_0_xpm_cdc_async_rst__11 |          0 |          0 |       0 |    0 |     2 |      0 |      0 |          0 |
|             gaxi_full_lite.gread_ch.grdch2.axi_rdch                                                   |                     design_1_axi_bram_ctrl_clkconv_0_fifo_generator_top__parameterized2 |         63 |         39 |      24 |    0 |   168 |      0 |      0 |          0 |
|               grf.rf                                                                                  |                 design_1_axi_bram_ctrl_clkconv_0_fifo_generator_ramfifo__parameterized2 |         63 |         39 |      24 |    0 |   168 |      0 |      0 |          0 |
|                 gntv_or_sync_fifo.gcx.clkx                                                            |                                 design_1_axi_bram_ctrl_clkconv_0_clk_x_pntrs__xdcDup__2 |         12 |         12 |       0 |    0 |    40 |      0 |      0 |          0 |
|                   (gntv_or_sync_fifo.gcx.clkx)                                                        |                                 design_1_axi_bram_ctrl_clkconv_0_clk_x_pntrs__xdcDup__2 |          2 |          2 |       0 |    0 |     0 |      0 |      0 |          0 |
|                   rd_pntr_cdc_inst                                                                    |                                           design_1_axi_bram_ctrl_clkconv_0_xpm_cdc_gray |          5 |          5 |       0 |    0 |    20 |      0 |      0 |          0 |
|                   wr_pntr_cdc_inst                                                                    |                                       design_1_axi_bram_ctrl_clkconv_0_xpm_cdc_gray__18 |          5 |          5 |       0 |    0 |    20 |      0 |      0 |          0 |
|                 gntv_or_sync_fifo.gl0.rd                                                              |                                            design_1_axi_bram_ctrl_clkconv_0_rd_logic_14 |         13 |         13 |       0 |    0 |    18 |      0 |      0 |          0 |
|                   gr1.gr1_int.rfwft                                                                   |                                             design_1_axi_bram_ctrl_clkconv_0_rd_fwft_18 |          7 |          7 |       0 |    0 |     8 |      0 |      0 |          0 |
|                   gras.rsts                                                                           |                                  design_1_axi_bram_ctrl_clkconv_0_rd_status_flags_as_19 |          0 |          0 |       0 |    0 |     2 |      0 |      0 |          0 |
|                   rpntr                                                                               |                                         design_1_axi_bram_ctrl_clkconv_0_rd_bin_cntr_20 |          6 |          6 |       0 |    0 |     8 |      0 |      0 |          0 |
|                 gntv_or_sync_fifo.gl0.wr                                                              |                                            design_1_axi_bram_ctrl_clkconv_0_wr_logic_15 |          7 |          7 |       0 |    0 |    14 |      0 |      0 |          0 |
|                   gwas.wsts                                                                           |                                  design_1_axi_bram_ctrl_clkconv_0_wr_status_flags_as_16 |          2 |          2 |       0 |    0 |     2 |      0 |      0 |          0 |
|                   wpntr                                                                               |                                         design_1_axi_bram_ctrl_clkconv_0_wr_bin_cntr_17 |          5 |          5 |       0 |    0 |    12 |      0 |      0 |          0 |
|                 gntv_or_sync_fifo.mem                                                                 |                                 design_1_axi_bram_ctrl_clkconv_0_memory__parameterized2 |         24 |          0 |      24 |    0 |    70 |      0 |      0 |          0 |
|                   (gntv_or_sync_fifo.mem)                                                             |                                 design_1_axi_bram_ctrl_clkconv_0_memory__parameterized2 |          0 |          0 |       0 |    0 |    35 |      0 |      0 |          0 |
|                   gdm.dm_gen.dm                                                                       |                                   design_1_axi_bram_ctrl_clkconv_0_dmem__parameterized2 |         24 |          0 |      24 |    0 |    35 |      0 |      0 |          0 |
|                 rstblk                                                                                |                           design_1_axi_bram_ctrl_clkconv_0_reset_blk_ramfifo__xdcDup__2 |          7 |          7 |       0 |    0 |    26 |      0 |      0 |          0 |
|                   (rstblk)                                                                            |                           design_1_axi_bram_ctrl_clkconv_0_reset_blk_ramfifo__xdcDup__2 |          7 |          7 |       0 |    0 |    12 |      0 |      0 |          0 |
|                   ngwrdrst.grst.g7serrst.gnsckt_wrst.gic_rst.rst_rd_reg2_inst                         |                                      design_1_axi_bram_ctrl_clkconv_0_xpm_cdc_async_rst |          0 |          0 |       0 |    0 |     2 |      0 |      0 |          0 |
|                   ngwrdrst.grst.g7serrst.gnsckt_wrst.gic_rst.xpm_cdc_single_inst_rrst_wr              |                         design_1_axi_bram_ctrl_clkconv_0_xpm_cdc_single__parameterized1 |          0 |          0 |       0 |    0 |     5 |      0 |      0 |          0 |
|                   ngwrdrst.grst.g7serrst.gnsckt_wrst.gic_rst.xpm_cdc_single_inst_wrst_rd              |                     design_1_axi_bram_ctrl_clkconv_0_xpm_cdc_single__parameterized1__18 |          0 |          0 |       0 |    0 |     5 |      0 |      0 |          0 |
|                   ngwrdrst.grst.g7serrst.gnsckt_wrst.rst_wr_reg2_inst                                 |                                  design_1_axi_bram_ctrl_clkconv_0_xpm_cdc_async_rst__13 |          0 |          0 |       0 |    0 |     2 |      0 |      0 |          0 |
|             gaxi_full_lite.gwrite_ch.gwach2.axi_wach                                                  |                                     design_1_axi_bram_ctrl_clkconv_0_fifo_generator_top |         63 |         39 |      24 |    0 |   138 |      0 |      0 |          0 |
|               grf.rf                                                                                  |                                 design_1_axi_bram_ctrl_clkconv_0_fifo_generator_ramfifo |         63 |         39 |      24 |    0 |   138 |      0 |      0 |          0 |
|                 gntv_or_sync_fifo.gcx.clkx                                                            |                                 design_1_axi_bram_ctrl_clkconv_0_clk_x_pntrs__xdcDup__3 |         12 |         12 |       0 |    0 |    40 |      0 |      0 |          0 |
|                   (gntv_or_sync_fifo.gcx.clkx)                                                        |                                 design_1_axi_bram_ctrl_clkconv_0_clk_x_pntrs__xdcDup__3 |          2 |          2 |       0 |    0 |     0 |      0 |      0 |          0 |
|                   rd_pntr_cdc_inst                                                                    |                                       design_1_axi_bram_ctrl_clkconv_0_xpm_cdc_gray__11 |          5 |          5 |       0 |    0 |    20 |      0 |      0 |          0 |
|                   wr_pntr_cdc_inst                                                                    |                                       design_1_axi_bram_ctrl_clkconv_0_xpm_cdc_gray__10 |          5 |          5 |       0 |    0 |    20 |      0 |      0 |          0 |
|                 gntv_or_sync_fifo.gl0.rd                                                              |                                             design_1_axi_bram_ctrl_clkconv_0_rd_logic_7 |         13 |         13 |       0 |    0 |    18 |      0 |      0 |          0 |
|                   gr1.gr1_int.rfwft                                                                   |                                             design_1_axi_bram_ctrl_clkconv_0_rd_fwft_11 |          7 |          7 |       0 |    0 |     8 |      0 |      0 |          0 |
|                   gras.rsts                                                                           |                                  design_1_axi_bram_ctrl_clkconv_0_rd_status_flags_as_12 |          0 |          0 |       0 |    0 |     2 |      0 |      0 |          0 |
|                   rpntr                                                                               |                                         design_1_axi_bram_ctrl_clkconv_0_rd_bin_cntr_13 |          6 |          6 |       0 |    0 |     8 |      0 |      0 |          0 |
|                 gntv_or_sync_fifo.gl0.wr                                                              |                                             design_1_axi_bram_ctrl_clkconv_0_wr_logic_8 |          7 |          7 |       0 |    0 |    14 |      0 |      0 |          0 |
|                   gwas.wsts                                                                           |                                   design_1_axi_bram_ctrl_clkconv_0_wr_status_flags_as_9 |          2 |          2 |       0 |    0 |     2 |      0 |      0 |          0 |
|                   wpntr                                                                               |                                         design_1_axi_bram_ctrl_clkconv_0_wr_bin_cntr_10 |          5 |          5 |       0 |    0 |    12 |      0 |      0 |          0 |
|                 gntv_or_sync_fifo.mem                                                                 |                                                 design_1_axi_bram_ctrl_clkconv_0_memory |         24 |          0 |      24 |    0 |    40 |      0 |      0 |          0 |
|                   (gntv_or_sync_fifo.mem)                                                             |                                                 design_1_axi_bram_ctrl_clkconv_0_memory |          0 |          0 |       0 |    0 |    20 |      0 |      0 |          0 |
|                   gdm.dm_gen.dm                                                                       |                                                   design_1_axi_bram_ctrl_clkconv_0_dmem |         24 |          0 |      24 |    0 |    20 |      0 |      0 |          0 |
|                 rstblk                                                                                |                           design_1_axi_bram_ctrl_clkconv_0_reset_blk_ramfifo__xdcDup__3 |          7 |          7 |       0 |    0 |    26 |      0 |      0 |          0 |
|                   (rstblk)                                                                            |                           design_1_axi_bram_ctrl_clkconv_0_reset_blk_ramfifo__xdcDup__3 |          7 |          7 |       0 |    0 |    12 |      0 |      0 |          0 |
|                   ngwrdrst.grst.g7serrst.gnsckt_wrst.gic_rst.rst_rd_reg2_inst                         |                                   design_1_axi_bram_ctrl_clkconv_0_xpm_cdc_async_rst__6 |          0 |          0 |       0 |    0 |     2 |      0 |      0 |          0 |
|                   ngwrdrst.grst.g7serrst.gnsckt_wrst.gic_rst.xpm_cdc_single_inst_rrst_wr              |                     design_1_axi_bram_ctrl_clkconv_0_xpm_cdc_single__parameterized1__11 |          0 |          0 |       0 |    0 |     5 |      0 |      0 |          0 |
|                   ngwrdrst.grst.g7serrst.gnsckt_wrst.gic_rst.xpm_cdc_single_inst_wrst_rd              |                     design_1_axi_bram_ctrl_clkconv_0_xpm_cdc_single__parameterized1__10 |          0 |          0 |       0 |    0 |     5 |      0 |      0 |          0 |
|                   ngwrdrst.grst.g7serrst.gnsckt_wrst.rst_wr_reg2_inst                                 |                                   design_1_axi_bram_ctrl_clkconv_0_xpm_cdc_async_rst__5 |          0 |          0 |       0 |    0 |     2 |      0 |      0 |          0 |
|             gaxi_full_lite.gwrite_ch.gwdch2.axi_wdch                                                  |                     design_1_axi_bram_ctrl_clkconv_0_fifo_generator_top__parameterized0 |         65 |         39 |      26 |    0 |   172 |      0 |      0 |          0 |
|               grf.rf                                                                                  |                 design_1_axi_bram_ctrl_clkconv_0_fifo_generator_ramfifo__parameterized0 |         65 |         39 |      26 |    0 |   172 |      0 |      0 |          0 |
|                 gntv_or_sync_fifo.gcx.clkx                                                            |                                 design_1_axi_bram_ctrl_clkconv_0_clk_x_pntrs__xdcDup__4 |         12 |         12 |       0 |    0 |    40 |      0 |      0 |          0 |
|                   (gntv_or_sync_fifo.gcx.clkx)                                                        |                                 design_1_axi_bram_ctrl_clkconv_0_clk_x_pntrs__xdcDup__4 |          2 |          2 |       0 |    0 |     0 |      0 |      0 |          0 |
|                   rd_pntr_cdc_inst                                                                    |                                       design_1_axi_bram_ctrl_clkconv_0_xpm_cdc_gray__13 |          5 |          5 |       0 |    0 |    20 |      0 |      0 |          0 |
|                   wr_pntr_cdc_inst                                                                    |                                       design_1_axi_bram_ctrl_clkconv_0_xpm_cdc_gray__12 |          5 |          5 |       0 |    0 |    20 |      0 |      0 |          0 |
|                 gntv_or_sync_fifo.gl0.rd                                                              |                                             design_1_axi_bram_ctrl_clkconv_0_rd_logic_0 |         13 |         13 |       0 |    0 |    18 |      0 |      0 |          0 |
|                   gr1.gr1_int.rfwft                                                                   |                                              design_1_axi_bram_ctrl_clkconv_0_rd_fwft_4 |          7 |          7 |       0 |    0 |     8 |      0 |      0 |          0 |
|                   gras.rsts                                                                           |                                   design_1_axi_bram_ctrl_clkconv_0_rd_status_flags_as_5 |          0 |          0 |       0 |    0 |     2 |      0 |      0 |          0 |
|                   rpntr                                                                               |                                          design_1_axi_bram_ctrl_clkconv_0_rd_bin_cntr_6 |          6 |          6 |       0 |    0 |     8 |      0 |      0 |          0 |
|                 gntv_or_sync_fifo.gl0.wr                                                              |                                             design_1_axi_bram_ctrl_clkconv_0_wr_logic_1 |          7 |          7 |       0 |    0 |    14 |      0 |      0 |          0 |
|                   gwas.wsts                                                                           |                                   design_1_axi_bram_ctrl_clkconv_0_wr_status_flags_as_2 |          2 |          2 |       0 |    0 |     2 |      0 |      0 |          0 |
|                   wpntr                                                                               |                                          design_1_axi_bram_ctrl_clkconv_0_wr_bin_cntr_3 |          5 |          5 |       0 |    0 |    12 |      0 |      0 |          0 |
|                 gntv_or_sync_fifo.mem                                                                 |                                 design_1_axi_bram_ctrl_clkconv_0_memory__parameterized0 |         26 |          0 |      26 |    0 |    74 |      0 |      0 |          0 |
|                   (gntv_or_sync_fifo.mem)                                                             |                                 design_1_axi_bram_ctrl_clkconv_0_memory__parameterized0 |          0 |          0 |       0 |    0 |    37 |      0 |      0 |          0 |
|                   gdm.dm_gen.dm                                                                       |                                   design_1_axi_bram_ctrl_clkconv_0_dmem__parameterized0 |         26 |          0 |      26 |    0 |    37 |      0 |      0 |          0 |
|                 rstblk                                                                                |                           design_1_axi_bram_ctrl_clkconv_0_reset_blk_ramfifo__xdcDup__4 |          7 |          7 |       0 |    0 |    26 |      0 |      0 |          0 |
|                   (rstblk)                                                                            |                           design_1_axi_bram_ctrl_clkconv_0_reset_blk_ramfifo__xdcDup__4 |          7 |          7 |       0 |    0 |    12 |      0 |      0 |          0 |
|                   ngwrdrst.grst.g7serrst.gnsckt_wrst.gic_rst.rst_rd_reg2_inst                         |                                   design_1_axi_bram_ctrl_clkconv_0_xpm_cdc_async_rst__8 |          0 |          0 |       0 |    0 |     2 |      0 |      0 |          0 |
|                   ngwrdrst.grst.g7serrst.gnsckt_wrst.gic_rst.xpm_cdc_single_inst_rrst_wr              |                     design_1_axi_bram_ctrl_clkconv_0_xpm_cdc_single__parameterized1__13 |          0 |          0 |       0 |    0 |     5 |      0 |      0 |          0 |
|                   ngwrdrst.grst.g7serrst.gnsckt_wrst.gic_rst.xpm_cdc_single_inst_wrst_rd              |                     design_1_axi_bram_ctrl_clkconv_0_xpm_cdc_single__parameterized1__12 |          0 |          0 |       0 |    0 |     5 |      0 |      0 |          0 |
|                   ngwrdrst.grst.g7serrst.gnsckt_wrst.rst_wr_reg2_inst                                 |                                   design_1_axi_bram_ctrl_clkconv_0_xpm_cdc_async_rst__7 |          0 |          0 |       0 |    0 |     2 |      0 |      0 |          0 |
|             gaxi_full_lite.gwrite_ch.gwrch2.axi_wrch                                                  |                     design_1_axi_bram_ctrl_clkconv_0_fifo_generator_top__parameterized1 |         43 |         41 |       2 |    0 |   102 |      0 |      0 |          0 |
|               grf.rf                                                                                  |                 design_1_axi_bram_ctrl_clkconv_0_fifo_generator_ramfifo__parameterized1 |         43 |         41 |       2 |    0 |   102 |      0 |      0 |          0 |
|                 gntv_or_sync_fifo.gcx.clkx                                                            |                                            design_1_axi_bram_ctrl_clkconv_0_clk_x_pntrs |         12 |         12 |       0 |    0 |    40 |      0 |      0 |          0 |
|                   (gntv_or_sync_fifo.gcx.clkx)                                                        |                                            design_1_axi_bram_ctrl_clkconv_0_clk_x_pntrs |          2 |          2 |       0 |    0 |     0 |      0 |      0 |          0 |
|                   rd_pntr_cdc_inst                                                                    |                                       design_1_axi_bram_ctrl_clkconv_0_xpm_cdc_gray__15 |          5 |          5 |       0 |    0 |    20 |      0 |      0 |          0 |
|                   wr_pntr_cdc_inst                                                                    |                                       design_1_axi_bram_ctrl_clkconv_0_xpm_cdc_gray__14 |          5 |          5 |       0 |    0 |    20 |      0 |      0 |          0 |
|                 gntv_or_sync_fifo.gl0.rd                                                              |                                               design_1_axi_bram_ctrl_clkconv_0_rd_logic |         13 |         13 |       0 |    0 |    18 |      0 |      0 |          0 |
|                   gr1.gr1_int.rfwft                                                                   |                                                design_1_axi_bram_ctrl_clkconv_0_rd_fwft |          7 |          7 |       0 |    0 |     8 |      0 |      0 |          0 |
|                   gras.rsts                                                                           |                                     design_1_axi_bram_ctrl_clkconv_0_rd_status_flags_as |          0 |          0 |       0 |    0 |     2 |      0 |      0 |          0 |
|                   rpntr                                                                               |                                            design_1_axi_bram_ctrl_clkconv_0_rd_bin_cntr |          6 |          6 |       0 |    0 |     8 |      0 |      0 |          0 |
|                 gntv_or_sync_fifo.gl0.wr                                                              |                                               design_1_axi_bram_ctrl_clkconv_0_wr_logic |          7 |          7 |       0 |    0 |    14 |      0 |      0 |          0 |
|                   gwas.wsts                                                                           |                                     design_1_axi_bram_ctrl_clkconv_0_wr_status_flags_as |          2 |          2 |       0 |    0 |     2 |      0 |      0 |          0 |
|                   wpntr                                                                               |                                            design_1_axi_bram_ctrl_clkconv_0_wr_bin_cntr |          5 |          5 |       0 |    0 |    12 |      0 |      0 |          0 |
|                 gntv_or_sync_fifo.mem                                                                 |                                 design_1_axi_bram_ctrl_clkconv_0_memory__parameterized1 |          4 |          2 |       2 |    0 |     4 |      0 |      0 |          0 |
|                   (gntv_or_sync_fifo.mem)                                                             |                                 design_1_axi_bram_ctrl_clkconv_0_memory__parameterized1 |          2 |          2 |       0 |    0 |     2 |      0 |      0 |          0 |
|                   gdm.dm_gen.dm                                                                       |                                   design_1_axi_bram_ctrl_clkconv_0_dmem__parameterized1 |          2 |          0 |       2 |    0 |     2 |      0 |      0 |          0 |
|                 rstblk                                                                                |                                      design_1_axi_bram_ctrl_clkconv_0_reset_blk_ramfifo |          7 |          7 |       0 |    0 |    26 |      0 |      0 |          0 |
|                   (rstblk)                                                                            |                                      design_1_axi_bram_ctrl_clkconv_0_reset_blk_ramfifo |          7 |          7 |       0 |    0 |    12 |      0 |      0 |          0 |
|                   ngwrdrst.grst.g7serrst.gnsckt_wrst.gic_rst.rst_rd_reg2_inst                         |                                  design_1_axi_bram_ctrl_clkconv_0_xpm_cdc_async_rst__10 |          0 |          0 |       0 |    0 |     2 |      0 |      0 |          0 |
|                   ngwrdrst.grst.g7serrst.gnsckt_wrst.gic_rst.xpm_cdc_single_inst_rrst_wr              |                     design_1_axi_bram_ctrl_clkconv_0_xpm_cdc_single__parameterized1__15 |          0 |          0 |       0 |    0 |     5 |      0 |      0 |          0 |
|                   ngwrdrst.grst.g7serrst.gnsckt_wrst.gic_rst.xpm_cdc_single_inst_wrst_rd              |                     design_1_axi_bram_ctrl_clkconv_0_xpm_cdc_single__parameterized1__14 |          0 |          0 |       0 |    0 |     5 |      0 |      0 |          0 |
|                   ngwrdrst.grst.g7serrst.gnsckt_wrst.rst_wr_reg2_inst                                 |                                   design_1_axi_bram_ctrl_clkconv_0_xpm_cdc_async_rst__9 |          0 |          0 |       0 |    0 |     2 |      0 |      0 |          0 |
|     axi_ctrl_smc                                                                                      |                                                                 design_1_axi_ctrl_smc_0 |       7093 |       5988 |     764 |  341 |  7604 |      0 |      0 |          0 |
|       (axi_ctrl_smc)                                                                                  |                                                                 design_1_axi_ctrl_smc_0 |          0 |          0 |       0 |    0 |     0 |      0 |      0 |          0 |
|       inst                                                                                            |                                                         design_1_axi_ctrl_smc_0_bd_01d9 |       7093 |       5988 |     764 |  341 |  7604 |      0 |      0 |          0 |
|         clk_map                                                                                       |                                             design_1_axi_ctrl_smc_0_clk_map_imp_18KN6JB |         13 |         12 |       0 |    1 |    22 |      0 |      0 |          0 |
|           psr_aclk                                                                                    |                                              design_1_axi_ctrl_smc_0_bd_01d9_psr_aclk_0 |         13 |         12 |       0 |    1 |    22 |      0 |      0 |          0 |
|             U0                                                                                        |                                                  design_1_axi_ctrl_smc_0_proc_sys_reset |         13 |         12 |       0 |    1 |    22 |      0 |      0 |          0 |
|               (U0)                                                                                    |                                                  design_1_axi_ctrl_smc_0_proc_sys_reset |          0 |          0 |       0 |    0 |     1 |      0 |      0 |          0 |
|               EXT_LPF                                                                                 |                                                             design_1_axi_ctrl_smc_0_lpf |          3 |          2 |       0 |    1 |     6 |      0 |      0 |          0 |
|                 (EXT_LPF)                                                                             |                                                             design_1_axi_ctrl_smc_0_lpf |          2 |          1 |       0 |    1 |     2 |      0 |      0 |          0 |
|                 ACTIVE_LOW_AUX.ACT_LO_AUX                                                             |                                                        design_1_axi_ctrl_smc_0_cdc_sync |          1 |          1 |       0 |    0 |     4 |      0 |      0 |          0 |
|               SEQ                                                                                     |                                                    design_1_axi_ctrl_smc_0_sequence_psr |         10 |         10 |       0 |    0 |    15 |      0 |      0 |          0 |
|                 (SEQ)                                                                                 |                                                    design_1_axi_ctrl_smc_0_sequence_psr |          5 |          5 |       0 |    0 |     9 |      0 |      0 |          0 |
|                 SEQ_COUNTER                                                                           |                                                         design_1_axi_ctrl_smc_0_upcnt_n |          5 |          5 |       0 |    0 |     6 |      0 |      0 |          0 |
|         m00_exit_pipeline                                                                             |                                    design_1_axi_ctrl_smc_0_m00_exit_pipeline_imp_OFEXAK |        226 |        223 |       0 |    3 |   341 |      0 |      0 |          0 |
|           m00_exit                                                                                    |                                                  design_1_axi_ctrl_smc_0_bd_01d9_m00e_0 |        226 |        223 |       0 |    3 |   341 |      0 |      0 |          0 |
|             inst                                                                                      |                                  design_1_axi_ctrl_smc_0_sc_exit_v1_0_16_top__xdcDup__1 |        226 |        223 |       0 |    3 |   341 |      0 |      0 |          0 |
|               (inst)                                                                                  |                                  design_1_axi_ctrl_smc_0_sc_exit_v1_0_16_top__xdcDup__1 |          1 |          1 |       0 |    0 |     2 |      0 |      0 |          0 |
|               ar_reg                                                                                  |                                design_1_axi_ctrl_smc_0_sc_util_v1_0_4_axi_reg_stall_739 |          8 |          8 |       0 |    0 |    16 |      0 |      0 |          0 |
|               aw_reg                                                                                  |                                design_1_axi_ctrl_smc_0_sc_util_v1_0_4_axi_reg_stall_740 |          8 |          8 |       0 |    0 |    16 |      0 |      0 |          0 |
|               b_reg                                                                                   |                                design_1_axi_ctrl_smc_0_sc_util_v1_0_4_axi_reg_stall_741 |          9 |          9 |       0 |    0 |     8 |      0 |      0 |          0 |
|               exit_inst                                                                               |                                        design_1_axi_ctrl_smc_0_sc_exit_v1_0_16_exit_742 |         29 |         26 |       0 |    3 |    19 |      0 |      0 |          0 |
|                 gen_r_cmd_fifo.r_cmd_fifo                                                             |                            design_1_axi_ctrl_smc_0_sc_util_v1_0_4_axic_reg_srl_fifo_747 |         11 |         11 |       0 |    0 |     8 |      0 |      0 |          0 |
|                 gen_w_cmd_fifo.w_cmd_fifo                                                             |            design_1_axi_ctrl_smc_0_sc_util_v1_0_4_axic_reg_srl_fifo__parameterized0_748 |         18 |         15 |       0 |    3 |    11 |      0 |      0 |          0 |
|                   (gen_w_cmd_fifo.w_cmd_fifo)                                                         |            design_1_axi_ctrl_smc_0_sc_util_v1_0_4_axic_reg_srl_fifo__parameterized0_748 |         15 |         15 |       0 |    0 |    11 |      0 |      0 |          0 |
|                   gen_srls[1].srl_nx1                                                                 |                                      design_1_axi_ctrl_smc_0_sc_util_v1_0_4_srl_rtl_749 |          1 |          0 |       0 |    1 |     0 |      0 |      0 |          0 |
|                   gen_srls[2].srl_nx1                                                                 |                                      design_1_axi_ctrl_smc_0_sc_util_v1_0_4_srl_rtl_750 |          1 |          0 |       0 |    1 |     0 |      0 |      0 |          0 |
|                   gen_srls[3].srl_nx1                                                                 |                                      design_1_axi_ctrl_smc_0_sc_util_v1_0_4_srl_rtl_751 |          2 |          1 |       0 |    1 |     0 |      0 |      0 |          0 |
|               r_reg                                                                                   |                                design_1_axi_ctrl_smc_0_sc_util_v1_0_4_axi_reg_stall_743 |         38 |         38 |       0 |    0 |    68 |      0 |      0 |          0 |
|               splitter_inst                                                                           |                                    design_1_axi_ctrl_smc_0_sc_exit_v1_0_16_splitter_744 |        113 |        113 |       0 |    0 |   141 |      0 |      0 |          0 |
|                 gen_axi4lite.axilite_conv                                                             |                                design_1_axi_ctrl_smc_0_sc_exit_v1_0_16_axilite_conv_746 |        113 |        113 |       0 |    0 |   141 |      0 |      0 |          0 |
|               w_reg                                                                                   |                                design_1_axi_ctrl_smc_0_sc_util_v1_0_4_axi_reg_stall_745 |         21 |         21 |       0 |    0 |    68 |      0 |      0 |          0 |
|               xpm_cdc_async_rst_inst                                                                  |                                           design_1_axi_ctrl_smc_0_xpm_cdc_async_rst__27 |          1 |          1 |       0 |    0 |     3 |      0 |      0 |          0 |
|         m00_nodes                                                                                     |                                            design_1_axi_ctrl_smc_0_m00_nodes_imp_2ADAU8 |        442 |        348 |      94 |    0 |   369 |      0 |      0 |          0 |
|           m00_ar_node                                                                                 |                                                design_1_axi_ctrl_smc_0_bd_01d9_m00arn_0 |         87 |         67 |      20 |    0 |    70 |      0 |      0 |          0 |
|             inst                                                                                      |                                  design_1_axi_ctrl_smc_0_sc_node_v1_0_17_top__xdcDup__1 |         87 |         67 |      20 |    0 |    70 |      0 |      0 |          0 |
|               (inst)                                                                                  |                                  design_1_axi_ctrl_smc_0_sc_node_v1_0_17_top__xdcDup__1 |          3 |          3 |       0 |    0 |     1 |      0 |      0 |          0 |
|               inst_mi_handler                                                                         |                           design_1_axi_ctrl_smc_0_sc_node_v1_0_17_mi_handler__xdcDup__1 |         82 |         62 |      20 |    0 |    65 |      0 |      0 |          0 |
|                 (inst_mi_handler)                                                                     |                           design_1_axi_ctrl_smc_0_sc_node_v1_0_17_mi_handler__xdcDup__1 |          0 |          0 |       0 |    0 |     2 |      0 |      0 |          0 |
|                 gen_normal_area.gen_node_prog_full.inst_node_prog_full                                |                                 design_1_axi_ctrl_smc_0_sc_node_v1_0_17_fifo__xdcDup__1 |         36 |         36 |       0 |    0 |    21 |      0 |      0 |          0 |
|                   gen_xpm_memory_fifo.inst_fifo                                                       |                       design_1_axi_ctrl_smc_0_sc_util_v1_0_4_xpm_memory_fifo__xdcDup__1 |         36 |         36 |       0 |    0 |    21 |      0 |      0 |          0 |
|                     (gen_xpm_memory_fifo.inst_fifo)                                                   |                       design_1_axi_ctrl_smc_0_sc_util_v1_0_4_xpm_memory_fifo__xdcDup__1 |          5 |          5 |       0 |    0 |     3 |      0 |      0 |          0 |
|                     gen_mem_rep[0].inst_rd_addrb                                                      |                                      design_1_axi_ctrl_smc_0_sc_util_v1_0_4_counter_736 |          6 |          6 |       0 |    0 |     6 |      0 |      0 |          0 |
|                     gen_mem_rep[0].inst_wr_addra                                                      |                                      design_1_axi_ctrl_smc_0_sc_util_v1_0_4_counter_737 |          5 |          5 |       0 |    0 |     6 |      0 |      0 |          0 |
|                     gen_wr.inst_wr_addra_p1                                                           |                      design_1_axi_ctrl_smc_0_sc_util_v1_0_4_counter__parameterized0_738 |         20 |         20 |       0 |    0 |     6 |      0 |      0 |          0 |
|                 gen_normal_area.inst_fifo_node_payld                                                  |                 design_1_axi_ctrl_smc_0_sc_node_v1_0_17_fifo__parameterized0__xdcDup__1 |         47 |         27 |      20 |    0 |    41 |      0 |      0 |          0 |
|                   gen_xpm_memory_fifo.inst_fifo                                                       |       design_1_axi_ctrl_smc_0_sc_util_v1_0_4_xpm_memory_fifo__parameterized0__xdcDup__1 |         47 |         27 |      20 |    0 |    41 |      0 |      0 |          0 |
|                     (gen_xpm_memory_fifo.inst_fifo)                                                   |       design_1_axi_ctrl_smc_0_sc_util_v1_0_4_xpm_memory_fifo__parameterized0__xdcDup__1 |          4 |          4 |       0 |    0 |     3 |      0 |      0 |          0 |
|                     gen_mem_rep[0].inst_rd_addrb                                                      |                                      design_1_axi_ctrl_smc_0_sc_util_v1_0_4_counter_733 |          6 |          6 |       0 |    0 |     6 |      0 |      0 |          0 |
|                     gen_mem_rep[0].inst_wr_addra                                                      |                                      design_1_axi_ctrl_smc_0_sc_util_v1_0_4_counter_734 |          4 |          4 |       0 |    0 |     6 |      0 |      0 |          0 |
|                     gen_mem_rep[0].inst_xpm_memory                                                    |                               design_1_axi_ctrl_smc_0_xpm_memory_sdpram__parameterized0 |         20 |          0 |      20 |    0 |    20 |      0 |      0 |          0 |
|                       xpm_memory_base_inst                                                            |                                 design_1_axi_ctrl_smc_0_xpm_memory_base__parameterized0 |         20 |          0 |      20 |    0 |    20 |      0 |      0 |          0 |
|                     gen_wr.inst_wr_addra_p1                                                           |                      design_1_axi_ctrl_smc_0_sc_util_v1_0_4_counter__parameterized0_735 |         13 |         13 |       0 |    0 |     6 |      0 |      0 |          0 |
|                 inst_ingress                                                                          |                                     design_1_axi_ctrl_smc_0_sc_node_v1_0_17_ingress_731 |          0 |          0 |       0 |    0 |     1 |      0 |      0 |          0 |
|                   inst_pipeline_valid                                                                 |                     design_1_axi_ctrl_smc_0_sc_util_v1_0_4_pipeline__parameterized2_732 |          0 |          0 |       0 |    0 |     1 |      0 |      0 |          0 |
|               inst_si_handler                                                                         |                                  design_1_axi_ctrl_smc_0_sc_node_v1_0_17_si_handler_730 |          1 |          1 |       0 |    0 |     1 |      0 |      0 |          0 |
|               s_sc_xpm_cdc_async_rst_inst                                                             |                                          design_1_axi_ctrl_smc_0_xpm_cdc_async_rst__104 |          1 |          1 |       0 |    0 |     3 |      0 |      0 |          0 |
|           m00_aw_node                                                                                 |                                                design_1_axi_ctrl_smc_0_bd_01d9_m00awn_0 |         79 |         67 |      12 |    0 |    59 |      0 |      0 |          0 |
|             inst                                                                                      |                  design_1_axi_ctrl_smc_0_sc_node_v1_0_17_top__parameterized0__xdcDup__1 |         79 |         67 |      12 |    0 |    59 |      0 |      0 |          0 |
|               (inst)                                                                                  |                  design_1_axi_ctrl_smc_0_sc_node_v1_0_17_top__parameterized0__xdcDup__1 |          3 |          3 |       0 |    0 |     1 |      0 |      0 |          0 |
|               inst_mi_handler                                                                         |           design_1_axi_ctrl_smc_0_sc_node_v1_0_17_mi_handler__parameterized0__xdcDup__1 |         74 |         62 |      12 |    0 |    54 |      0 |      0 |          0 |
|                 (inst_mi_handler)                                                                     |           design_1_axi_ctrl_smc_0_sc_node_v1_0_17_mi_handler__parameterized0__xdcDup__1 |          0 |          0 |       0 |    0 |     2 |      0 |      0 |          0 |
|                 gen_normal_area.gen_node_prog_full.inst_node_prog_full                                |                                 design_1_axi_ctrl_smc_0_sc_node_v1_0_17_fifo__xdcDup__2 |         36 |         36 |       0 |    0 |    21 |      0 |      0 |          0 |
|                   gen_xpm_memory_fifo.inst_fifo                                                       |                       design_1_axi_ctrl_smc_0_sc_util_v1_0_4_xpm_memory_fifo__xdcDup__2 |         36 |         36 |       0 |    0 |    21 |      0 |      0 |          0 |
|                     (gen_xpm_memory_fifo.inst_fifo)                                                   |                       design_1_axi_ctrl_smc_0_sc_util_v1_0_4_xpm_memory_fifo__xdcDup__2 |          5 |          5 |       0 |    0 |     3 |      0 |      0 |          0 |
|                     gen_mem_rep[0].inst_rd_addrb                                                      |                                      design_1_axi_ctrl_smc_0_sc_util_v1_0_4_counter_727 |          6 |          6 |       0 |    0 |     6 |      0 |      0 |          0 |
|                     gen_mem_rep[0].inst_wr_addra                                                      |                                      design_1_axi_ctrl_smc_0_sc_util_v1_0_4_counter_728 |          5 |          5 |       0 |    0 |     6 |      0 |      0 |          0 |
|                     gen_wr.inst_wr_addra_p1                                                           |                      design_1_axi_ctrl_smc_0_sc_util_v1_0_4_counter__parameterized0_729 |         20 |         20 |       0 |    0 |     6 |      0 |      0 |          0 |
|                 gen_normal_area.inst_fifo_node_payld                                                  |                 design_1_axi_ctrl_smc_0_sc_node_v1_0_17_fifo__parameterized0__xdcDup__2 |         39 |         27 |      12 |    0 |    30 |      0 |      0 |          0 |
|                   gen_xpm_memory_fifo.inst_fifo                                                       |       design_1_axi_ctrl_smc_0_sc_util_v1_0_4_xpm_memory_fifo__parameterized0__xdcDup__2 |         39 |         27 |      12 |    0 |    30 |      0 |      0 |          0 |
|                     (gen_xpm_memory_fifo.inst_fifo)                                                   |       design_1_axi_ctrl_smc_0_sc_util_v1_0_4_xpm_memory_fifo__parameterized0__xdcDup__2 |          4 |          4 |       0 |    0 |     3 |      0 |      0 |          0 |
|                     gen_mem_rep[0].inst_rd_addrb                                                      |                                      design_1_axi_ctrl_smc_0_sc_util_v1_0_4_counter_724 |          6 |          6 |       0 |    0 |     6 |      0 |      0 |          0 |
|                     gen_mem_rep[0].inst_wr_addra                                                      |                                      design_1_axi_ctrl_smc_0_sc_util_v1_0_4_counter_725 |          4 |          4 |       0 |    0 |     6 |      0 |      0 |          0 |
|                     gen_mem_rep[0].inst_xpm_memory                                                    |                           design_1_axi_ctrl_smc_0_xpm_memory_sdpram__parameterized0__22 |         12 |          0 |      12 |    0 |     9 |      0 |      0 |          0 |
|                       xpm_memory_base_inst                                                            |                             design_1_axi_ctrl_smc_0_xpm_memory_base__parameterized0__22 |         12 |          0 |      12 |    0 |     9 |      0 |      0 |          0 |
|                     gen_wr.inst_wr_addra_p1                                                           |                      design_1_axi_ctrl_smc_0_sc_util_v1_0_4_counter__parameterized0_726 |         13 |         13 |       0 |    0 |     6 |      0 |      0 |          0 |
|                 inst_ingress                                                                          |                     design_1_axi_ctrl_smc_0_sc_node_v1_0_17_ingress__parameterized0_722 |          0 |          0 |       0 |    0 |     1 |      0 |      0 |          0 |
|                   inst_pipeline_valid                                                                 |                     design_1_axi_ctrl_smc_0_sc_util_v1_0_4_pipeline__parameterized2_723 |          0 |          0 |       0 |    0 |     1 |      0 |      0 |          0 |
|               inst_si_handler                                                                         |                  design_1_axi_ctrl_smc_0_sc_node_v1_0_17_si_handler__parameterized0_721 |          1 |          1 |       0 |    0 |     1 |      0 |      0 |          0 |
|               s_sc_xpm_cdc_async_rst_inst                                                             |                                          design_1_axi_ctrl_smc_0_xpm_cdc_async_rst__102 |          1 |          1 |       0 |    0 |     3 |      0 |      0 |          0 |
|           m00_b_node                                                                                  |                                                 design_1_axi_ctrl_smc_0_bd_01d9_m00bn_0 |         80 |         74 |       6 |    0 |    59 |      0 |      0 |          0 |
|             inst                                                                                      |                  design_1_axi_ctrl_smc_0_sc_node_v1_0_17_top__parameterized1__xdcDup__1 |         80 |         74 |       6 |    0 |    59 |      0 |      0 |          0 |
|               (inst)                                                                                  |                  design_1_axi_ctrl_smc_0_sc_node_v1_0_17_top__parameterized1__xdcDup__1 |          3 |          3 |       0 |    0 |     1 |      0 |      0 |          0 |
|               inst_mi_handler                                                                         |           design_1_axi_ctrl_smc_0_sc_node_v1_0_17_mi_handler__parameterized1__xdcDup__1 |         76 |         70 |       6 |    0 |    54 |      0 |      0 |          0 |
|                 (inst_mi_handler)                                                                     |           design_1_axi_ctrl_smc_0_sc_node_v1_0_17_mi_handler__parameterized1__xdcDup__1 |          0 |          0 |       0 |    0 |     2 |      0 |      0 |          0 |
|                 gen_normal_area.gen_fifo_req.inst_fifo_req                                            |                 design_1_axi_ctrl_smc_0_sc_node_v1_0_17_fifo__parameterized1__xdcDup__1 |         26 |         26 |       0 |    0 |    20 |      0 |      0 |          0 |
|                   gen_xpm_memory_fifo.inst_fifo                                                       |       design_1_axi_ctrl_smc_0_sc_util_v1_0_4_xpm_memory_fifo__parameterized1__xdcDup__1 |         26 |         26 |       0 |    0 |    20 |      0 |      0 |          0 |
|                     (gen_xpm_memory_fifo.inst_fifo)                                                   |       design_1_axi_ctrl_smc_0_sc_util_v1_0_4_xpm_memory_fifo__parameterized1__xdcDup__1 |          4 |          4 |       0 |    0 |     2 |      0 |      0 |          0 |
|                     gen_mem_rep[0].inst_rd_addrb                                                      |                                      design_1_axi_ctrl_smc_0_sc_util_v1_0_4_counter_718 |          6 |          6 |       0 |    0 |     6 |      0 |      0 |          0 |
|                     gen_mem_rep[0].inst_wr_addra                                                      |                                      design_1_axi_ctrl_smc_0_sc_util_v1_0_4_counter_719 |          5 |          5 |       0 |    0 |     6 |      0 |      0 |          0 |
|                     gen_wr.inst_wr_addra_p1                                                           |                      design_1_axi_ctrl_smc_0_sc_util_v1_0_4_counter__parameterized0_720 |         12 |         12 |       0 |    0 |     6 |      0 |      0 |          0 |
|                 gen_normal_area.inst_fifo_node_payld                                                  |                 design_1_axi_ctrl_smc_0_sc_node_v1_0_17_fifo__parameterized2__xdcDup__1 |         45 |         39 |       6 |    0 |    28 |      0 |      0 |          0 |
|                   gen_xpm_memory_fifo.inst_fifo                                                       |       design_1_axi_ctrl_smc_0_sc_util_v1_0_4_xpm_memory_fifo__parameterized2__xdcDup__1 |         45 |         39 |       6 |    0 |    28 |      0 |      0 |          0 |
|                     (gen_xpm_memory_fifo.inst_fifo)                                                   |       design_1_axi_ctrl_smc_0_sc_util_v1_0_4_xpm_memory_fifo__parameterized2__xdcDup__1 |          5 |          5 |       0 |    0 |     4 |      0 |      0 |          0 |
|                     gen_mem_rep[0].inst_rd_addrb                                                      |                                      design_1_axi_ctrl_smc_0_sc_util_v1_0_4_counter_715 |          6 |          6 |       0 |    0 |     6 |      0 |      0 |          0 |
|                     gen_mem_rep[0].inst_wr_addra                                                      |                                      design_1_axi_ctrl_smc_0_sc_util_v1_0_4_counter_716 |          5 |          5 |       0 |    0 |     6 |      0 |      0 |          0 |
|                     gen_mem_rep[0].inst_xpm_memory                                                    |                               design_1_axi_ctrl_smc_0_xpm_memory_sdpram__parameterized2 |          6 |          0 |       6 |    0 |     6 |      0 |      0 |          0 |
|                       xpm_memory_base_inst                                                            |                                 design_1_axi_ctrl_smc_0_xpm_memory_base__parameterized2 |          6 |          0 |       6 |    0 |     6 |      0 |      0 |          0 |
|                     gen_wr.inst_wr_addra_p1                                                           |                      design_1_axi_ctrl_smc_0_sc_util_v1_0_4_counter__parameterized0_717 |         23 |         23 |       0 |    0 |     6 |      0 |      0 |          0 |
|                 gen_normal_area.inst_fifo_send                                                        |                  design_1_axi_ctrl_smc_0_sc_node_v1_0_17_reg_slice3__parameterized0_714 |          5 |          5 |       0 |    0 |     4 |      0 |      0 |          0 |
|               inst_si_handler                                                                         |                  design_1_axi_ctrl_smc_0_sc_node_v1_0_17_si_handler__parameterized1_713 |          1 |          1 |       0 |    0 |     1 |      0 |      0 |          0 |
|               s_sc_xpm_cdc_async_rst_inst                                                             |                                          design_1_axi_ctrl_smc_0_xpm_cdc_async_rst__100 |          1 |          1 |       0 |    0 |     3 |      0 |      0 |          0 |
|           m00_r_node                                                                                  |                                                 design_1_axi_ctrl_smc_0_bd_01d9_m00rn_0 |        102 |         74 |      28 |    0 |    94 |      0 |      0 |          0 |
|             inst                                                                                      |                  design_1_axi_ctrl_smc_0_sc_node_v1_0_17_top__parameterized2__xdcDup__1 |        102 |         74 |      28 |    0 |    94 |      0 |      0 |          0 |
|               (inst)                                                                                  |                  design_1_axi_ctrl_smc_0_sc_node_v1_0_17_top__parameterized2__xdcDup__1 |          3 |          3 |       0 |    0 |     1 |      0 |      0 |          0 |
|               inst_mi_handler                                                                         |           design_1_axi_ctrl_smc_0_sc_node_v1_0_17_mi_handler__parameterized2__xdcDup__1 |         98 |         70 |      28 |    0 |    89 |      0 |      0 |          0 |
|                 (inst_mi_handler)                                                                     |           design_1_axi_ctrl_smc_0_sc_node_v1_0_17_mi_handler__parameterized2__xdcDup__1 |          0 |          0 |       0 |    0 |     2 |      0 |      0 |          0 |
|                 gen_normal_area.gen_fifo_req.inst_fifo_req                                            |                 design_1_axi_ctrl_smc_0_sc_node_v1_0_17_fifo__parameterized1__xdcDup__2 |         26 |         26 |       0 |    0 |    20 |      0 |      0 |          0 |
|                   gen_xpm_memory_fifo.inst_fifo                                                       |       design_1_axi_ctrl_smc_0_sc_util_v1_0_4_xpm_memory_fifo__parameterized1__xdcDup__2 |         26 |         26 |       0 |    0 |    20 |      0 |      0 |          0 |
|                     (gen_xpm_memory_fifo.inst_fifo)                                                   |       design_1_axi_ctrl_smc_0_sc_util_v1_0_4_xpm_memory_fifo__parameterized1__xdcDup__2 |          4 |          4 |       0 |    0 |     2 |      0 |      0 |          0 |
|                     gen_mem_rep[0].inst_rd_addrb                                                      |                                      design_1_axi_ctrl_smc_0_sc_util_v1_0_4_counter_710 |          6 |          6 |       0 |    0 |     6 |      0 |      0 |          0 |
|                     gen_mem_rep[0].inst_wr_addra                                                      |                                      design_1_axi_ctrl_smc_0_sc_util_v1_0_4_counter_711 |          5 |          5 |       0 |    0 |     6 |      0 |      0 |          0 |
|                     gen_wr.inst_wr_addra_p1                                                           |                      design_1_axi_ctrl_smc_0_sc_util_v1_0_4_counter__parameterized0_712 |         12 |         12 |       0 |    0 |     6 |      0 |      0 |          0 |
|                 gen_normal_area.inst_fifo_node_payld                                                  |                 design_1_axi_ctrl_smc_0_sc_node_v1_0_17_fifo__parameterized3__xdcDup__1 |         67 |         39 |      28 |    0 |    63 |      0 |      0 |          0 |
|                   gen_xpm_memory_fifo.inst_fifo                                                       |       design_1_axi_ctrl_smc_0_sc_util_v1_0_4_xpm_memory_fifo__parameterized3__xdcDup__1 |         67 |         39 |      28 |    0 |    63 |      0 |      0 |          0 |
|                     (gen_xpm_memory_fifo.inst_fifo)                                                   |       design_1_axi_ctrl_smc_0_sc_util_v1_0_4_xpm_memory_fifo__parameterized3__xdcDup__1 |          5 |          5 |       0 |    0 |     4 |      0 |      0 |          0 |
|                     gen_mem_rep[0].inst_rd_addrb                                                      |                                      design_1_axi_ctrl_smc_0_sc_util_v1_0_4_counter_707 |          6 |          6 |       0 |    0 |     6 |      0 |      0 |          0 |
|                     gen_mem_rep[0].inst_wr_addra                                                      |                                      design_1_axi_ctrl_smc_0_sc_util_v1_0_4_counter_708 |          5 |          5 |       0 |    0 |     6 |      0 |      0 |          0 |
|                     gen_mem_rep[0].inst_xpm_memory                                                    |                               design_1_axi_ctrl_smc_0_xpm_memory_sdpram__parameterized3 |         28 |          0 |      28 |    0 |    41 |      0 |      0 |          0 |
|                       xpm_memory_base_inst                                                            |                                 design_1_axi_ctrl_smc_0_xpm_memory_base__parameterized3 |         28 |          0 |      28 |    0 |    41 |      0 |      0 |          0 |
|                     gen_wr.inst_wr_addra_p1                                                           |                      design_1_axi_ctrl_smc_0_sc_util_v1_0_4_counter__parameterized0_709 |         23 |         23 |       0 |    0 |     6 |      0 |      0 |          0 |
|                 gen_normal_area.inst_fifo_send                                                        |                  design_1_axi_ctrl_smc_0_sc_node_v1_0_17_reg_slice3__parameterized0_706 |          5 |          5 |       0 |    0 |     4 |      0 |      0 |          0 |
|               inst_si_handler                                                                         |                  design_1_axi_ctrl_smc_0_sc_node_v1_0_17_si_handler__parameterized2_705 |          1 |          1 |       0 |    0 |     1 |      0 |      0 |          0 |
|               s_sc_xpm_cdc_async_rst_inst                                                             |                                           design_1_axi_ctrl_smc_0_xpm_cdc_async_rst__98 |          1 |          1 |       0 |    0 |     3 |      0 |      0 |          0 |
|           m00_w_node                                                                                  |                                                 design_1_axi_ctrl_smc_0_bd_01d9_m00wn_0 |         95 |         67 |      28 |    0 |    87 |      0 |      0 |          0 |
|             inst                                                                                      |                  design_1_axi_ctrl_smc_0_sc_node_v1_0_17_top__parameterized3__xdcDup__1 |         95 |         67 |      28 |    0 |    87 |      0 |      0 |          0 |
|               (inst)                                                                                  |                  design_1_axi_ctrl_smc_0_sc_node_v1_0_17_top__parameterized3__xdcDup__1 |          3 |          3 |       0 |    0 |     1 |      0 |      0 |          0 |
|               inst_mi_handler                                                                         |           design_1_axi_ctrl_smc_0_sc_node_v1_0_17_mi_handler__parameterized3__xdcDup__1 |         90 |         62 |      28 |    0 |    82 |      0 |      0 |          0 |
|                 (inst_mi_handler)                                                                     |           design_1_axi_ctrl_smc_0_sc_node_v1_0_17_mi_handler__parameterized3__xdcDup__1 |          0 |          0 |       0 |    0 |     2 |      0 |      0 |          0 |
|                 gen_normal_area.gen_node_prog_full.inst_node_prog_full                                |                                 design_1_axi_ctrl_smc_0_sc_node_v1_0_17_fifo__xdcDup__3 |         36 |         36 |       0 |    0 |    21 |      0 |      0 |          0 |
|                   gen_xpm_memory_fifo.inst_fifo                                                       |                       design_1_axi_ctrl_smc_0_sc_util_v1_0_4_xpm_memory_fifo__xdcDup__3 |         36 |         36 |       0 |    0 |    21 |      0 |      0 |          0 |
|                     (gen_xpm_memory_fifo.inst_fifo)                                                   |                       design_1_axi_ctrl_smc_0_sc_util_v1_0_4_xpm_memory_fifo__xdcDup__3 |          5 |          5 |       0 |    0 |     3 |      0 |      0 |          0 |
|                     gen_mem_rep[0].inst_rd_addrb                                                      |                                      design_1_axi_ctrl_smc_0_sc_util_v1_0_4_counter_702 |          6 |          6 |       0 |    0 |     6 |      0 |      0 |          0 |
|                     gen_mem_rep[0].inst_wr_addra                                                      |                                      design_1_axi_ctrl_smc_0_sc_util_v1_0_4_counter_703 |          5 |          5 |       0 |    0 |     6 |      0 |      0 |          0 |
|                     gen_wr.inst_wr_addra_p1                                                           |                      design_1_axi_ctrl_smc_0_sc_util_v1_0_4_counter__parameterized0_704 |         20 |         20 |       0 |    0 |     6 |      0 |      0 |          0 |
|                 gen_normal_area.inst_fifo_node_payld                                                  |                 design_1_axi_ctrl_smc_0_sc_node_v1_0_17_fifo__parameterized4__xdcDup__1 |         55 |         27 |      28 |    0 |    58 |      0 |      0 |          0 |
|                   gen_xpm_memory_fifo.inst_fifo                                                       |       design_1_axi_ctrl_smc_0_sc_util_v1_0_4_xpm_memory_fifo__parameterized4__xdcDup__1 |         55 |         27 |      28 |    0 |    58 |      0 |      0 |          0 |
|                     (gen_xpm_memory_fifo.inst_fifo)                                                   |       design_1_axi_ctrl_smc_0_sc_util_v1_0_4_xpm_memory_fifo__parameterized4__xdcDup__1 |          4 |          4 |       0 |    0 |     3 |      0 |      0 |          0 |
|                     gen_mem_rep[0].inst_rd_addrb                                                      |                                      design_1_axi_ctrl_smc_0_sc_util_v1_0_4_counter_699 |          6 |          6 |       0 |    0 |     6 |      0 |      0 |          0 |
|                     gen_mem_rep[0].inst_wr_addra                                                      |                                      design_1_axi_ctrl_smc_0_sc_util_v1_0_4_counter_700 |          4 |          4 |       0 |    0 |     6 |      0 |      0 |          0 |
|                     gen_mem_rep[0].inst_xpm_memory                                                    |                               design_1_axi_ctrl_smc_0_xpm_memory_sdpram__parameterized4 |         28 |          0 |      28 |    0 |    37 |      0 |      0 |          0 |
|                       xpm_memory_base_inst                                                            |                                 design_1_axi_ctrl_smc_0_xpm_memory_base__parameterized4 |         28 |          0 |      28 |    0 |    37 |      0 |      0 |          0 |
|                     gen_wr.inst_wr_addra_p1                                                           |                      design_1_axi_ctrl_smc_0_sc_util_v1_0_4_counter__parameterized0_701 |         13 |         13 |       0 |    0 |     6 |      0 |      0 |          0 |
|                 inst_ingress                                                                          |                     design_1_axi_ctrl_smc_0_sc_node_v1_0_17_ingress__parameterized3_697 |          0 |          0 |       0 |    0 |     1 |      0 |      0 |          0 |
|                   inst_pipeline_valid                                                                 |                     design_1_axi_ctrl_smc_0_sc_util_v1_0_4_pipeline__parameterized2_698 |          0 |          0 |       0 |    0 |     1 |      0 |      0 |          0 |
|               inst_si_handler                                                                         |                  design_1_axi_ctrl_smc_0_sc_node_v1_0_17_si_handler__parameterized3_696 |          1 |          1 |       0 |    0 |     1 |      0 |      0 |          0 |
|               s_sc_xpm_cdc_async_rst_inst                                                             |                                           design_1_axi_ctrl_smc_0_xpm_cdc_async_rst__96 |          1 |          1 |       0 |    0 |     3 |      0 |      0 |          0 |
|         m00_sc2axi                                                                                    |                                                design_1_axi_ctrl_smc_0_bd_01d9_m00s2a_0 |          0 |          0 |       0 |    0 |     0 |      0 |      0 |          0 |
|           inst                                                                                        |                                           design_1_axi_ctrl_smc_0_sc_sc2axi_v1_0_10_top |          0 |          0 |       0 |    0 |     0 |      0 |      0 |          0 |
|         m01_exit_pipeline                                                                             |                                    design_1_axi_ctrl_smc_0_m01_exit_pipeline_imp_LYFQVG |        231 |        228 |       0 |    3 |   349 |      0 |      0 |          0 |
|           m01_exit                                                                                    |                                                  design_1_axi_ctrl_smc_0_bd_01d9_m01e_0 |        231 |        228 |       0 |    3 |   349 |      0 |      0 |          0 |
|             inst                                                                                      |                                             design_1_axi_ctrl_smc_0_sc_exit_v1_0_16_top |        231 |        228 |       0 |    3 |   349 |      0 |      0 |          0 |
|               (inst)                                                                                  |                                             design_1_axi_ctrl_smc_0_sc_exit_v1_0_16_top |          1 |          1 |       0 |    0 |     2 |      0 |      0 |          0 |
|               ar_reg                                                                                  |                                design_1_axi_ctrl_smc_0_sc_util_v1_0_4_axi_reg_stall_685 |          9 |          9 |       0 |    0 |    18 |      0 |      0 |          0 |
|               aw_reg                                                                                  |                                design_1_axi_ctrl_smc_0_sc_util_v1_0_4_axi_reg_stall_686 |          9 |          9 |       0 |    0 |    18 |      0 |      0 |          0 |
|               b_reg                                                                                   |                                design_1_axi_ctrl_smc_0_sc_util_v1_0_4_axi_reg_stall_687 |          9 |          9 |       0 |    0 |     8 |      0 |      0 |          0 |
|               exit_inst                                                                               |                                            design_1_axi_ctrl_smc_0_sc_exit_v1_0_16_exit |         29 |         26 |       0 |    3 |    19 |      0 |      0 |          0 |
|                 gen_r_cmd_fifo.r_cmd_fifo                                                             |                            design_1_axi_ctrl_smc_0_sc_util_v1_0_4_axic_reg_srl_fifo_691 |         11 |         11 |       0 |    0 |     8 |      0 |      0 |          0 |
|                 gen_w_cmd_fifo.w_cmd_fifo                                                             |            design_1_axi_ctrl_smc_0_sc_util_v1_0_4_axic_reg_srl_fifo__parameterized0_692 |         18 |         15 |       0 |    3 |    11 |      0 |      0 |          0 |
|                   (gen_w_cmd_fifo.w_cmd_fifo)                                                         |            design_1_axi_ctrl_smc_0_sc_util_v1_0_4_axic_reg_srl_fifo__parameterized0_692 |         15 |         15 |       0 |    0 |    11 |      0 |      0 |          0 |
|                   gen_srls[1].srl_nx1                                                                 |                                      design_1_axi_ctrl_smc_0_sc_util_v1_0_4_srl_rtl_693 |          1 |          0 |       0 |    1 |     0 |      0 |      0 |          0 |
|                   gen_srls[2].srl_nx1                                                                 |                                      design_1_axi_ctrl_smc_0_sc_util_v1_0_4_srl_rtl_694 |          1 |          0 |       0 |    1 |     0 |      0 |      0 |          0 |
|                   gen_srls[3].srl_nx1                                                                 |                                      design_1_axi_ctrl_smc_0_sc_util_v1_0_4_srl_rtl_695 |          2 |          1 |       0 |    1 |     0 |      0 |      0 |          0 |
|               r_reg                                                                                   |                                design_1_axi_ctrl_smc_0_sc_util_v1_0_4_axi_reg_stall_688 |         39 |         39 |       0 |    0 |    70 |      0 |      0 |          0 |
|               splitter_inst                                                                           |                                        design_1_axi_ctrl_smc_0_sc_exit_v1_0_16_splitter |        115 |        115 |       0 |    0 |   143 |      0 |      0 |          0 |
|                 gen_axi4lite.axilite_conv                                                             |                                design_1_axi_ctrl_smc_0_sc_exit_v1_0_16_axilite_conv_690 |        115 |        115 |       0 |    0 |   143 |      0 |      0 |          0 |
|               w_reg                                                                                   |                                design_1_axi_ctrl_smc_0_sc_util_v1_0_4_axi_reg_stall_689 |         21 |         21 |       0 |    0 |    68 |      0 |      0 |          0 |
|               xpm_cdc_async_rst_inst                                                                  |                                           design_1_axi_ctrl_smc_0_xpm_cdc_async_rst__28 |          1 |          1 |       0 |    0 |     3 |      0 |      0 |          0 |
|         m01_nodes                                                                                     |                                           design_1_axi_ctrl_smc_0_m01_nodes_imp_15E87RQ |        442 |        348 |      94 |    0 |   371 |      0 |      0 |          0 |
|           m01_ar_node                                                                                 |                                                design_1_axi_ctrl_smc_0_bd_01d9_m01arn_0 |         87 |         67 |      20 |    0 |    71 |      0 |      0 |          0 |
|             inst                                                                                      |                                  design_1_axi_ctrl_smc_0_sc_node_v1_0_17_top__xdcDup__2 |         87 |         67 |      20 |    0 |    71 |      0 |      0 |          0 |
|               (inst)                                                                                  |                                  design_1_axi_ctrl_smc_0_sc_node_v1_0_17_top__xdcDup__2 |          3 |          3 |       0 |    0 |     1 |      0 |      0 |          0 |
|               inst_mi_handler                                                                         |                           design_1_axi_ctrl_smc_0_sc_node_v1_0_17_mi_handler__xdcDup__2 |         82 |         62 |      20 |    0 |    66 |      0 |      0 |          0 |
|                 (inst_mi_handler)                                                                     |                           design_1_axi_ctrl_smc_0_sc_node_v1_0_17_mi_handler__xdcDup__2 |          0 |          0 |       0 |    0 |     2 |      0 |      0 |          0 |
|                 gen_normal_area.gen_node_prog_full.inst_node_prog_full                                |                                 design_1_axi_ctrl_smc_0_sc_node_v1_0_17_fifo__xdcDup__4 |         36 |         36 |       0 |    0 |    21 |      0 |      0 |          0 |
|                   gen_xpm_memory_fifo.inst_fifo                                                       |                       design_1_axi_ctrl_smc_0_sc_util_v1_0_4_xpm_memory_fifo__xdcDup__4 |         36 |         36 |       0 |    0 |    21 |      0 |      0 |          0 |
|                     (gen_xpm_memory_fifo.inst_fifo)                                                   |                       design_1_axi_ctrl_smc_0_sc_util_v1_0_4_xpm_memory_fifo__xdcDup__4 |          5 |          5 |       0 |    0 |     3 |      0 |      0 |          0 |
|                     gen_mem_rep[0].inst_rd_addrb                                                      |                                      design_1_axi_ctrl_smc_0_sc_util_v1_0_4_counter_682 |          6 |          6 |       0 |    0 |     6 |      0 |      0 |          0 |
|                     gen_mem_rep[0].inst_wr_addra                                                      |                                      design_1_axi_ctrl_smc_0_sc_util_v1_0_4_counter_683 |          5 |          5 |       0 |    0 |     6 |      0 |      0 |          0 |
|                     gen_wr.inst_wr_addra_p1                                                           |                      design_1_axi_ctrl_smc_0_sc_util_v1_0_4_counter__parameterized0_684 |         20 |         20 |       0 |    0 |     6 |      0 |      0 |          0 |
|                 gen_normal_area.inst_fifo_node_payld                                                  |                 design_1_axi_ctrl_smc_0_sc_node_v1_0_17_fifo__parameterized0__xdcDup__3 |         47 |         27 |      20 |    0 |    42 |      0 |      0 |          0 |
|                   gen_xpm_memory_fifo.inst_fifo                                                       |       design_1_axi_ctrl_smc_0_sc_util_v1_0_4_xpm_memory_fifo__parameterized0__xdcDup__3 |         47 |         27 |      20 |    0 |    42 |      0 |      0 |          0 |
|                     (gen_xpm_memory_fifo.inst_fifo)                                                   |       design_1_axi_ctrl_smc_0_sc_util_v1_0_4_xpm_memory_fifo__parameterized0__xdcDup__3 |          4 |          4 |       0 |    0 |     3 |      0 |      0 |          0 |
|                     gen_mem_rep[0].inst_rd_addrb                                                      |                                      design_1_axi_ctrl_smc_0_sc_util_v1_0_4_counter_679 |          6 |          6 |       0 |    0 |     6 |      0 |      0 |          0 |
|                     gen_mem_rep[0].inst_wr_addra                                                      |                                      design_1_axi_ctrl_smc_0_sc_util_v1_0_4_counter_680 |          4 |          4 |       0 |    0 |     6 |      0 |      0 |          0 |
|                     gen_mem_rep[0].inst_xpm_memory                                                    |                           design_1_axi_ctrl_smc_0_xpm_memory_sdpram__parameterized0__21 |         20 |          0 |      20 |    0 |    21 |      0 |      0 |          0 |
|                       xpm_memory_base_inst                                                            |                             design_1_axi_ctrl_smc_0_xpm_memory_base__parameterized0__21 |         20 |          0 |      20 |    0 |    21 |      0 |      0 |          0 |
|                     gen_wr.inst_wr_addra_p1                                                           |                      design_1_axi_ctrl_smc_0_sc_util_v1_0_4_counter__parameterized0_681 |         13 |         13 |       0 |    0 |     6 |      0 |      0 |          0 |
|                 inst_ingress                                                                          |                                     design_1_axi_ctrl_smc_0_sc_node_v1_0_17_ingress_677 |          0 |          0 |       0 |    0 |     1 |      0 |      0 |          0 |
|                   inst_pipeline_valid                                                                 |                     design_1_axi_ctrl_smc_0_sc_util_v1_0_4_pipeline__parameterized2_678 |          0 |          0 |       0 |    0 |     1 |      0 |      0 |          0 |
|               inst_si_handler                                                                         |                                  design_1_axi_ctrl_smc_0_sc_node_v1_0_17_si_handler_676 |          1 |          1 |       0 |    0 |     1 |      0 |      0 |          0 |
|               s_sc_xpm_cdc_async_rst_inst                                                             |                                           design_1_axi_ctrl_smc_0_xpm_cdc_async_rst__94 |          1 |          1 |       0 |    0 |     3 |      0 |      0 |          0 |
|           m01_aw_node                                                                                 |                                                design_1_axi_ctrl_smc_0_bd_01d9_m01awn_0 |         79 |         67 |      12 |    0 |    60 |      0 |      0 |          0 |
|             inst                                                                                      |                  design_1_axi_ctrl_smc_0_sc_node_v1_0_17_top__parameterized0__xdcDup__2 |         79 |         67 |      12 |    0 |    60 |      0 |      0 |          0 |
|               (inst)                                                                                  |                  design_1_axi_ctrl_smc_0_sc_node_v1_0_17_top__parameterized0__xdcDup__2 |          3 |          3 |       0 |    0 |     1 |      0 |      0 |          0 |
|               inst_mi_handler                                                                         |           design_1_axi_ctrl_smc_0_sc_node_v1_0_17_mi_handler__parameterized0__xdcDup__2 |         74 |         62 |      12 |    0 |    55 |      0 |      0 |          0 |
|                 (inst_mi_handler)                                                                     |           design_1_axi_ctrl_smc_0_sc_node_v1_0_17_mi_handler__parameterized0__xdcDup__2 |          0 |          0 |       0 |    0 |     2 |      0 |      0 |          0 |
|                 gen_normal_area.gen_node_prog_full.inst_node_prog_full                                |                                 design_1_axi_ctrl_smc_0_sc_node_v1_0_17_fifo__xdcDup__5 |         36 |         36 |       0 |    0 |    21 |      0 |      0 |          0 |
|                   gen_xpm_memory_fifo.inst_fifo                                                       |                       design_1_axi_ctrl_smc_0_sc_util_v1_0_4_xpm_memory_fifo__xdcDup__5 |         36 |         36 |       0 |    0 |    21 |      0 |      0 |          0 |
|                     (gen_xpm_memory_fifo.inst_fifo)                                                   |                       design_1_axi_ctrl_smc_0_sc_util_v1_0_4_xpm_memory_fifo__xdcDup__5 |          5 |          5 |       0 |    0 |     3 |      0 |      0 |          0 |
|                     gen_mem_rep[0].inst_rd_addrb                                                      |                                      design_1_axi_ctrl_smc_0_sc_util_v1_0_4_counter_673 |          6 |          6 |       0 |    0 |     6 |      0 |      0 |          0 |
|                     gen_mem_rep[0].inst_wr_addra                                                      |                                      design_1_axi_ctrl_smc_0_sc_util_v1_0_4_counter_674 |          5 |          5 |       0 |    0 |     6 |      0 |      0 |          0 |
|                     gen_wr.inst_wr_addra_p1                                                           |                      design_1_axi_ctrl_smc_0_sc_util_v1_0_4_counter__parameterized0_675 |         20 |         20 |       0 |    0 |     6 |      0 |      0 |          0 |
|                 gen_normal_area.inst_fifo_node_payld                                                  |                 design_1_axi_ctrl_smc_0_sc_node_v1_0_17_fifo__parameterized0__xdcDup__4 |         39 |         27 |      12 |    0 |    31 |      0 |      0 |          0 |
|                   gen_xpm_memory_fifo.inst_fifo                                                       |       design_1_axi_ctrl_smc_0_sc_util_v1_0_4_xpm_memory_fifo__parameterized0__xdcDup__4 |         39 |         27 |      12 |    0 |    31 |      0 |      0 |          0 |
|                     (gen_xpm_memory_fifo.inst_fifo)                                                   |       design_1_axi_ctrl_smc_0_sc_util_v1_0_4_xpm_memory_fifo__parameterized0__xdcDup__4 |          4 |          4 |       0 |    0 |     3 |      0 |      0 |          0 |
|                     gen_mem_rep[0].inst_rd_addrb                                                      |                                      design_1_axi_ctrl_smc_0_sc_util_v1_0_4_counter_670 |          6 |          6 |       0 |    0 |     6 |      0 |      0 |          0 |
|                     gen_mem_rep[0].inst_wr_addra                                                      |                                      design_1_axi_ctrl_smc_0_sc_util_v1_0_4_counter_671 |          4 |          4 |       0 |    0 |     6 |      0 |      0 |          0 |
|                     gen_mem_rep[0].inst_xpm_memory                                                    |                           design_1_axi_ctrl_smc_0_xpm_memory_sdpram__parameterized0__20 |         12 |          0 |      12 |    0 |    10 |      0 |      0 |          0 |
|                       xpm_memory_base_inst                                                            |                             design_1_axi_ctrl_smc_0_xpm_memory_base__parameterized0__20 |         12 |          0 |      12 |    0 |    10 |      0 |      0 |          0 |
|                     gen_wr.inst_wr_addra_p1                                                           |                      design_1_axi_ctrl_smc_0_sc_util_v1_0_4_counter__parameterized0_672 |         13 |         13 |       0 |    0 |     6 |      0 |      0 |          0 |
|                 inst_ingress                                                                          |                     design_1_axi_ctrl_smc_0_sc_node_v1_0_17_ingress__parameterized0_668 |          0 |          0 |       0 |    0 |     1 |      0 |      0 |          0 |
|                   inst_pipeline_valid                                                                 |                     design_1_axi_ctrl_smc_0_sc_util_v1_0_4_pipeline__parameterized2_669 |          0 |          0 |       0 |    0 |     1 |      0 |      0 |          0 |
|               inst_si_handler                                                                         |                  design_1_axi_ctrl_smc_0_sc_node_v1_0_17_si_handler__parameterized0_667 |          1 |          1 |       0 |    0 |     1 |      0 |      0 |          0 |
|               s_sc_xpm_cdc_async_rst_inst                                                             |                                           design_1_axi_ctrl_smc_0_xpm_cdc_async_rst__92 |          1 |          1 |       0 |    0 |     3 |      0 |      0 |          0 |
|           m01_b_node                                                                                  |                                                 design_1_axi_ctrl_smc_0_bd_01d9_m01bn_0 |         80 |         74 |       6 |    0 |    59 |      0 |      0 |          0 |
|             inst                                                                                      |                  design_1_axi_ctrl_smc_0_sc_node_v1_0_17_top__parameterized1__xdcDup__2 |         80 |         74 |       6 |    0 |    59 |      0 |      0 |          0 |
|               (inst)                                                                                  |                  design_1_axi_ctrl_smc_0_sc_node_v1_0_17_top__parameterized1__xdcDup__2 |          3 |          3 |       0 |    0 |     1 |      0 |      0 |          0 |
|               inst_mi_handler                                                                         |           design_1_axi_ctrl_smc_0_sc_node_v1_0_17_mi_handler__parameterized1__xdcDup__2 |         76 |         70 |       6 |    0 |    54 |      0 |      0 |          0 |
|                 (inst_mi_handler)                                                                     |           design_1_axi_ctrl_smc_0_sc_node_v1_0_17_mi_handler__parameterized1__xdcDup__2 |          0 |          0 |       0 |    0 |     2 |      0 |      0 |          0 |
|                 gen_normal_area.gen_fifo_req.inst_fifo_req                                            |                 design_1_axi_ctrl_smc_0_sc_node_v1_0_17_fifo__parameterized1__xdcDup__3 |         26 |         26 |       0 |    0 |    20 |      0 |      0 |          0 |
|                   gen_xpm_memory_fifo.inst_fifo                                                       |       design_1_axi_ctrl_smc_0_sc_util_v1_0_4_xpm_memory_fifo__parameterized1__xdcDup__3 |         26 |         26 |       0 |    0 |    20 |      0 |      0 |          0 |
|                     (gen_xpm_memory_fifo.inst_fifo)                                                   |       design_1_axi_ctrl_smc_0_sc_util_v1_0_4_xpm_memory_fifo__parameterized1__xdcDup__3 |          4 |          4 |       0 |    0 |     2 |      0 |      0 |          0 |
|                     gen_mem_rep[0].inst_rd_addrb                                                      |                                      design_1_axi_ctrl_smc_0_sc_util_v1_0_4_counter_664 |          6 |          6 |       0 |    0 |     6 |      0 |      0 |          0 |
|                     gen_mem_rep[0].inst_wr_addra                                                      |                                      design_1_axi_ctrl_smc_0_sc_util_v1_0_4_counter_665 |          5 |          5 |       0 |    0 |     6 |      0 |      0 |          0 |
|                     gen_wr.inst_wr_addra_p1                                                           |                      design_1_axi_ctrl_smc_0_sc_util_v1_0_4_counter__parameterized0_666 |         12 |         12 |       0 |    0 |     6 |      0 |      0 |          0 |
|                 gen_normal_area.inst_fifo_node_payld                                                  |                 design_1_axi_ctrl_smc_0_sc_node_v1_0_17_fifo__parameterized2__xdcDup__2 |         45 |         39 |       6 |    0 |    28 |      0 |      0 |          0 |
|                   gen_xpm_memory_fifo.inst_fifo                                                       |       design_1_axi_ctrl_smc_0_sc_util_v1_0_4_xpm_memory_fifo__parameterized2__xdcDup__2 |         45 |         39 |       6 |    0 |    28 |      0 |      0 |          0 |
|                     (gen_xpm_memory_fifo.inst_fifo)                                                   |       design_1_axi_ctrl_smc_0_sc_util_v1_0_4_xpm_memory_fifo__parameterized2__xdcDup__2 |          5 |          5 |       0 |    0 |     4 |      0 |      0 |          0 |
|                     gen_mem_rep[0].inst_rd_addrb                                                      |                                      design_1_axi_ctrl_smc_0_sc_util_v1_0_4_counter_661 |          6 |          6 |       0 |    0 |     6 |      0 |      0 |          0 |
|                     gen_mem_rep[0].inst_wr_addra                                                      |                                      design_1_axi_ctrl_smc_0_sc_util_v1_0_4_counter_662 |          5 |          5 |       0 |    0 |     6 |      0 |      0 |          0 |
|                     gen_mem_rep[0].inst_xpm_memory                                                    |                           design_1_axi_ctrl_smc_0_xpm_memory_sdpram__parameterized2__10 |          6 |          0 |       6 |    0 |     6 |      0 |      0 |          0 |
|                       xpm_memory_base_inst                                                            |                             design_1_axi_ctrl_smc_0_xpm_memory_base__parameterized2__10 |          6 |          0 |       6 |    0 |     6 |      0 |      0 |          0 |
|                     gen_wr.inst_wr_addra_p1                                                           |                      design_1_axi_ctrl_smc_0_sc_util_v1_0_4_counter__parameterized0_663 |         23 |         23 |       0 |    0 |     6 |      0 |      0 |          0 |
|                 gen_normal_area.inst_fifo_send                                                        |                  design_1_axi_ctrl_smc_0_sc_node_v1_0_17_reg_slice3__parameterized0_660 |          5 |          5 |       0 |    0 |     4 |      0 |      0 |          0 |
|               inst_si_handler                                                                         |                  design_1_axi_ctrl_smc_0_sc_node_v1_0_17_si_handler__parameterized1_659 |          1 |          1 |       0 |    0 |     1 |      0 |      0 |          0 |
|               s_sc_xpm_cdc_async_rst_inst                                                             |                                           design_1_axi_ctrl_smc_0_xpm_cdc_async_rst__90 |          1 |          1 |       0 |    0 |     3 |      0 |      0 |          0 |
|           m01_r_node                                                                                  |                                                 design_1_axi_ctrl_smc_0_bd_01d9_m01rn_0 |        102 |         74 |      28 |    0 |    94 |      0 |      0 |          0 |
|             inst                                                                                      |                  design_1_axi_ctrl_smc_0_sc_node_v1_0_17_top__parameterized2__xdcDup__2 |        102 |         74 |      28 |    0 |    94 |      0 |      0 |          0 |
|               (inst)                                                                                  |                  design_1_axi_ctrl_smc_0_sc_node_v1_0_17_top__parameterized2__xdcDup__2 |          3 |          3 |       0 |    0 |     1 |      0 |      0 |          0 |
|               inst_mi_handler                                                                         |           design_1_axi_ctrl_smc_0_sc_node_v1_0_17_mi_handler__parameterized2__xdcDup__2 |         98 |         70 |      28 |    0 |    89 |      0 |      0 |          0 |
|                 (inst_mi_handler)                                                                     |           design_1_axi_ctrl_smc_0_sc_node_v1_0_17_mi_handler__parameterized2__xdcDup__2 |          0 |          0 |       0 |    0 |     2 |      0 |      0 |          0 |
|                 gen_normal_area.gen_fifo_req.inst_fifo_req                                            |                 design_1_axi_ctrl_smc_0_sc_node_v1_0_17_fifo__parameterized1__xdcDup__4 |         26 |         26 |       0 |    0 |    20 |      0 |      0 |          0 |
|                   gen_xpm_memory_fifo.inst_fifo                                                       |       design_1_axi_ctrl_smc_0_sc_util_v1_0_4_xpm_memory_fifo__parameterized1__xdcDup__4 |         26 |         26 |       0 |    0 |    20 |      0 |      0 |          0 |
|                     (gen_xpm_memory_fifo.inst_fifo)                                                   |       design_1_axi_ctrl_smc_0_sc_util_v1_0_4_xpm_memory_fifo__parameterized1__xdcDup__4 |          4 |          4 |       0 |    0 |     2 |      0 |      0 |          0 |
|                     gen_mem_rep[0].inst_rd_addrb                                                      |                                      design_1_axi_ctrl_smc_0_sc_util_v1_0_4_counter_656 |          6 |          6 |       0 |    0 |     6 |      0 |      0 |          0 |
|                     gen_mem_rep[0].inst_wr_addra                                                      |                                      design_1_axi_ctrl_smc_0_sc_util_v1_0_4_counter_657 |          5 |          5 |       0 |    0 |     6 |      0 |      0 |          0 |
|                     gen_wr.inst_wr_addra_p1                                                           |                      design_1_axi_ctrl_smc_0_sc_util_v1_0_4_counter__parameterized0_658 |         12 |         12 |       0 |    0 |     6 |      0 |      0 |          0 |
|                 gen_normal_area.inst_fifo_node_payld                                                  |                 design_1_axi_ctrl_smc_0_sc_node_v1_0_17_fifo__parameterized3__xdcDup__2 |         67 |         39 |      28 |    0 |    63 |      0 |      0 |          0 |
|                   gen_xpm_memory_fifo.inst_fifo                                                       |       design_1_axi_ctrl_smc_0_sc_util_v1_0_4_xpm_memory_fifo__parameterized3__xdcDup__2 |         67 |         39 |      28 |    0 |    63 |      0 |      0 |          0 |
|                     (gen_xpm_memory_fifo.inst_fifo)                                                   |       design_1_axi_ctrl_smc_0_sc_util_v1_0_4_xpm_memory_fifo__parameterized3__xdcDup__2 |          5 |          5 |       0 |    0 |     4 |      0 |      0 |          0 |
|                     gen_mem_rep[0].inst_rd_addrb                                                      |                                      design_1_axi_ctrl_smc_0_sc_util_v1_0_4_counter_653 |          6 |          6 |       0 |    0 |     6 |      0 |      0 |          0 |
|                     gen_mem_rep[0].inst_wr_addra                                                      |                                      design_1_axi_ctrl_smc_0_sc_util_v1_0_4_counter_654 |          5 |          5 |       0 |    0 |     6 |      0 |      0 |          0 |
|                     gen_mem_rep[0].inst_xpm_memory                                                    |                           design_1_axi_ctrl_smc_0_xpm_memory_sdpram__parameterized3__10 |         28 |          0 |      28 |    0 |    41 |      0 |      0 |          0 |
|                       xpm_memory_base_inst                                                            |                             design_1_axi_ctrl_smc_0_xpm_memory_base__parameterized3__10 |         28 |          0 |      28 |    0 |    41 |      0 |      0 |          0 |
|                     gen_wr.inst_wr_addra_p1                                                           |                      design_1_axi_ctrl_smc_0_sc_util_v1_0_4_counter__parameterized0_655 |         23 |         23 |       0 |    0 |     6 |      0 |      0 |          0 |
|                 gen_normal_area.inst_fifo_send                                                        |                  design_1_axi_ctrl_smc_0_sc_node_v1_0_17_reg_slice3__parameterized0_652 |          5 |          5 |       0 |    0 |     4 |      0 |      0 |          0 |
|               inst_si_handler                                                                         |                  design_1_axi_ctrl_smc_0_sc_node_v1_0_17_si_handler__parameterized2_651 |          1 |          1 |       0 |    0 |     1 |      0 |      0 |          0 |
|               s_sc_xpm_cdc_async_rst_inst                                                             |                                           design_1_axi_ctrl_smc_0_xpm_cdc_async_rst__88 |          1 |          1 |       0 |    0 |     3 |      0 |      0 |          0 |
|           m01_w_node                                                                                  |                                                 design_1_axi_ctrl_smc_0_bd_01d9_m01wn_0 |         95 |         67 |      28 |    0 |    87 |      0 |      0 |          0 |
|             inst                                                                                      |                  design_1_axi_ctrl_smc_0_sc_node_v1_0_17_top__parameterized3__xdcDup__2 |         95 |         67 |      28 |    0 |    87 |      0 |      0 |          0 |
|               (inst)                                                                                  |                  design_1_axi_ctrl_smc_0_sc_node_v1_0_17_top__parameterized3__xdcDup__2 |          3 |          3 |       0 |    0 |     1 |      0 |      0 |          0 |
|               inst_mi_handler                                                                         |           design_1_axi_ctrl_smc_0_sc_node_v1_0_17_mi_handler__parameterized3__xdcDup__2 |         90 |         62 |      28 |    0 |    82 |      0 |      0 |          0 |
|                 (inst_mi_handler)                                                                     |           design_1_axi_ctrl_smc_0_sc_node_v1_0_17_mi_handler__parameterized3__xdcDup__2 |          0 |          0 |       0 |    0 |     2 |      0 |      0 |          0 |
|                 gen_normal_area.gen_node_prog_full.inst_node_prog_full                                |                                 design_1_axi_ctrl_smc_0_sc_node_v1_0_17_fifo__xdcDup__6 |         36 |         36 |       0 |    0 |    21 |      0 |      0 |          0 |
|                   gen_xpm_memory_fifo.inst_fifo                                                       |                       design_1_axi_ctrl_smc_0_sc_util_v1_0_4_xpm_memory_fifo__xdcDup__6 |         36 |         36 |       0 |    0 |    21 |      0 |      0 |          0 |
|                     (gen_xpm_memory_fifo.inst_fifo)                                                   |                       design_1_axi_ctrl_smc_0_sc_util_v1_0_4_xpm_memory_fifo__xdcDup__6 |          5 |          5 |       0 |    0 |     3 |      0 |      0 |          0 |
|                     gen_mem_rep[0].inst_rd_addrb                                                      |                                      design_1_axi_ctrl_smc_0_sc_util_v1_0_4_counter_648 |          6 |          6 |       0 |    0 |     6 |      0 |      0 |          0 |
|                     gen_mem_rep[0].inst_wr_addra                                                      |                                      design_1_axi_ctrl_smc_0_sc_util_v1_0_4_counter_649 |          5 |          5 |       0 |    0 |     6 |      0 |      0 |          0 |
|                     gen_wr.inst_wr_addra_p1                                                           |                      design_1_axi_ctrl_smc_0_sc_util_v1_0_4_counter__parameterized0_650 |         20 |         20 |       0 |    0 |     6 |      0 |      0 |          0 |
|                 gen_normal_area.inst_fifo_node_payld                                                  |                 design_1_axi_ctrl_smc_0_sc_node_v1_0_17_fifo__parameterized4__xdcDup__2 |         54 |         26 |      28 |    0 |    58 |      0 |      0 |          0 |
|                   gen_xpm_memory_fifo.inst_fifo                                                       |       design_1_axi_ctrl_smc_0_sc_util_v1_0_4_xpm_memory_fifo__parameterized4__xdcDup__2 |         54 |         26 |      28 |    0 |    58 |      0 |      0 |          0 |
|                     (gen_xpm_memory_fifo.inst_fifo)                                                   |       design_1_axi_ctrl_smc_0_sc_util_v1_0_4_xpm_memory_fifo__parameterized4__xdcDup__2 |          4 |          4 |       0 |    0 |     3 |      0 |      0 |          0 |
|                     gen_mem_rep[0].inst_rd_addrb                                                      |                                      design_1_axi_ctrl_smc_0_sc_util_v1_0_4_counter_645 |          6 |          6 |       0 |    0 |     6 |      0 |      0 |          0 |
|                     gen_mem_rep[0].inst_wr_addra                                                      |                                      design_1_axi_ctrl_smc_0_sc_util_v1_0_4_counter_646 |          4 |          4 |       0 |    0 |     6 |      0 |      0 |          0 |
|                     gen_mem_rep[0].inst_xpm_memory                                                    |                           design_1_axi_ctrl_smc_0_xpm_memory_sdpram__parameterized4__10 |         28 |          0 |      28 |    0 |    37 |      0 |      0 |          0 |
|                       xpm_memory_base_inst                                                            |                             design_1_axi_ctrl_smc_0_xpm_memory_base__parameterized4__10 |         28 |          0 |      28 |    0 |    37 |      0 |      0 |          0 |
|                     gen_wr.inst_wr_addra_p1                                                           |                      design_1_axi_ctrl_smc_0_sc_util_v1_0_4_counter__parameterized0_647 |         13 |         13 |       0 |    0 |     6 |      0 |      0 |          0 |
|                 inst_ingress                                                                          |                     design_1_axi_ctrl_smc_0_sc_node_v1_0_17_ingress__parameterized3_643 |          0 |          0 |       0 |    0 |     1 |      0 |      0 |          0 |
|                   inst_pipeline_valid                                                                 |                     design_1_axi_ctrl_smc_0_sc_util_v1_0_4_pipeline__parameterized2_644 |          0 |          0 |       0 |    0 |     1 |      0 |      0 |          0 |
|               inst_si_handler                                                                         |                  design_1_axi_ctrl_smc_0_sc_node_v1_0_17_si_handler__parameterized3_642 |          1 |          1 |       0 |    0 |     1 |      0 |      0 |          0 |
|               s_sc_xpm_cdc_async_rst_inst                                                             |                                           design_1_axi_ctrl_smc_0_xpm_cdc_async_rst__86 |          1 |          1 |       0 |    0 |     3 |      0 |      0 |          0 |
|         m01_sc2axi                                                                                    |                                                design_1_axi_ctrl_smc_0_bd_01d9_m01s2a_0 |          0 |          0 |       0 |    0 |     0 |      0 |      0 |          0 |
|           inst                                                                                        |                                        design_1_axi_ctrl_smc_0_sc_sc2axi_v1_0_10_top__1 |          0 |          0 |       0 |    0 |     0 |      0 |      0 |          0 |
|         m02_exit_pipeline                                                                             |                                    design_1_axi_ctrl_smc_0_m02_exit_pipeline_imp_WU7F64 |        218 |        215 |       0 |    3 |   341 |      0 |      0 |          0 |
|           m02_exit                                                                                    |                                                  design_1_axi_ctrl_smc_0_bd_01d9_m02e_0 |        218 |        215 |       0 |    3 |   341 |      0 |      0 |          0 |
|             inst                                                                                      |                             design_1_axi_ctrl_smc_0_sc_exit_v1_0_16_top__parameterized0 |        218 |        215 |       0 |    3 |   341 |      0 |      0 |          0 |
|               (inst)                                                                                  |                             design_1_axi_ctrl_smc_0_sc_exit_v1_0_16_top__parameterized0 |          1 |          1 |       0 |    0 |     2 |      0 |      0 |          0 |
|               ar_reg                                                                                  |                                design_1_axi_ctrl_smc_0_sc_util_v1_0_4_axi_reg_stall_631 |          7 |          7 |       0 |    0 |    12 |      0 |      0 |          0 |
|               aw_reg                                                                                  |                                design_1_axi_ctrl_smc_0_sc_util_v1_0_4_axi_reg_stall_632 |          7 |          7 |       0 |    0 |    12 |      0 |      0 |          0 |
|               b_reg                                                                                   |                                design_1_axi_ctrl_smc_0_sc_util_v1_0_4_axi_reg_stall_633 |          9 |          9 |       0 |    0 |     8 |      0 |      0 |          0 |
|               exit_inst                                                                               |                            design_1_axi_ctrl_smc_0_sc_exit_v1_0_16_exit__parameterized0 |         29 |         26 |       0 |    3 |    19 |      0 |      0 |          0 |
|                 gen_r_cmd_fifo.r_cmd_fifo                                                             |                            design_1_axi_ctrl_smc_0_sc_util_v1_0_4_axic_reg_srl_fifo_637 |         11 |         11 |       0 |    0 |     8 |      0 |      0 |          0 |
|                 gen_w_cmd_fifo.w_cmd_fifo                                                             |            design_1_axi_ctrl_smc_0_sc_util_v1_0_4_axic_reg_srl_fifo__parameterized0_638 |         18 |         15 |       0 |    3 |    11 |      0 |      0 |          0 |
|                   (gen_w_cmd_fifo.w_cmd_fifo)                                                         |            design_1_axi_ctrl_smc_0_sc_util_v1_0_4_axic_reg_srl_fifo__parameterized0_638 |         15 |         15 |       0 |    0 |    11 |      0 |      0 |          0 |
|                   gen_srls[1].srl_nx1                                                                 |                                      design_1_axi_ctrl_smc_0_sc_util_v1_0_4_srl_rtl_639 |          1 |          0 |       0 |    1 |     0 |      0 |      0 |          0 |
|                   gen_srls[2].srl_nx1                                                                 |                                      design_1_axi_ctrl_smc_0_sc_util_v1_0_4_srl_rtl_640 |          1 |          0 |       0 |    1 |     0 |      0 |      0 |          0 |
|                   gen_srls[3].srl_nx1                                                                 |                                      design_1_axi_ctrl_smc_0_sc_util_v1_0_4_srl_rtl_641 |          2 |          1 |       0 |    1 |     0 |      0 |      0 |          0 |
|               r_reg                                                                                   |                                design_1_axi_ctrl_smc_0_sc_util_v1_0_4_axi_reg_stall_634 |         38 |         38 |       0 |    0 |    68 |      0 |      0 |          0 |
|               splitter_inst                                                                           |                        design_1_axi_ctrl_smc_0_sc_exit_v1_0_16_splitter__parameterized0 |        105 |        105 |       0 |    0 |   141 |      0 |      0 |          0 |
|                 gen_axi4lite.axilite_conv                                                             |                                design_1_axi_ctrl_smc_0_sc_exit_v1_0_16_axilite_conv_636 |        105 |        105 |       0 |    0 |   141 |      0 |      0 |          0 |
|               w_reg                                                                                   |                                design_1_axi_ctrl_smc_0_sc_util_v1_0_4_axi_reg_stall_635 |         23 |         23 |       0 |    0 |    76 |      0 |      0 |          0 |
|               xpm_cdc_async_rst_inst                                                                  |                                           design_1_axi_ctrl_smc_0_xpm_cdc_async_rst__29 |          1 |          1 |       0 |    0 |     3 |      0 |      0 |          0 |
|         m02_nodes                                                                                     |                                           design_1_axi_ctrl_smc_0_m02_nodes_imp_1SQKAZ1 |        444 |        350 |      94 |    0 |   365 |      0 |      0 |          0 |
|           m02_ar_node                                                                                 |                                                design_1_axi_ctrl_smc_0_bd_01d9_m02arn_0 |         87 |         67 |      20 |    0 |    68 |      0 |      0 |          0 |
|             inst                                                                                      |                                  design_1_axi_ctrl_smc_0_sc_node_v1_0_17_top__xdcDup__3 |         87 |         67 |      20 |    0 |    68 |      0 |      0 |          0 |
|               (inst)                                                                                  |                                  design_1_axi_ctrl_smc_0_sc_node_v1_0_17_top__xdcDup__3 |          3 |          3 |       0 |    0 |     1 |      0 |      0 |          0 |
|               inst_mi_handler                                                                         |                           design_1_axi_ctrl_smc_0_sc_node_v1_0_17_mi_handler__xdcDup__3 |         82 |         62 |      20 |    0 |    63 |      0 |      0 |          0 |
|                 (inst_mi_handler)                                                                     |                           design_1_axi_ctrl_smc_0_sc_node_v1_0_17_mi_handler__xdcDup__3 |          0 |          0 |       0 |    0 |     2 |      0 |      0 |          0 |
|                 gen_normal_area.gen_node_prog_full.inst_node_prog_full                                |                                 design_1_axi_ctrl_smc_0_sc_node_v1_0_17_fifo__xdcDup__7 |         36 |         36 |       0 |    0 |    21 |      0 |      0 |          0 |
|                   gen_xpm_memory_fifo.inst_fifo                                                       |                       design_1_axi_ctrl_smc_0_sc_util_v1_0_4_xpm_memory_fifo__xdcDup__7 |         36 |         36 |       0 |    0 |    21 |      0 |      0 |          0 |
|                     (gen_xpm_memory_fifo.inst_fifo)                                                   |                       design_1_axi_ctrl_smc_0_sc_util_v1_0_4_xpm_memory_fifo__xdcDup__7 |          5 |          5 |       0 |    0 |     3 |      0 |      0 |          0 |
|                     gen_mem_rep[0].inst_rd_addrb                                                      |                                      design_1_axi_ctrl_smc_0_sc_util_v1_0_4_counter_628 |          6 |          6 |       0 |    0 |     6 |      0 |      0 |          0 |
|                     gen_mem_rep[0].inst_wr_addra                                                      |                                      design_1_axi_ctrl_smc_0_sc_util_v1_0_4_counter_629 |          5 |          5 |       0 |    0 |     6 |      0 |      0 |          0 |
|                     gen_wr.inst_wr_addra_p1                                                           |                      design_1_axi_ctrl_smc_0_sc_util_v1_0_4_counter__parameterized0_630 |         20 |         20 |       0 |    0 |     6 |      0 |      0 |          0 |
|                 gen_normal_area.inst_fifo_node_payld                                                  |                 design_1_axi_ctrl_smc_0_sc_node_v1_0_17_fifo__parameterized0__xdcDup__5 |         47 |         27 |      20 |    0 |    39 |      0 |      0 |          0 |
|                   gen_xpm_memory_fifo.inst_fifo                                                       |       design_1_axi_ctrl_smc_0_sc_util_v1_0_4_xpm_memory_fifo__parameterized0__xdcDup__5 |         47 |         27 |      20 |    0 |    39 |      0 |      0 |          0 |
|                     (gen_xpm_memory_fifo.inst_fifo)                                                   |       design_1_axi_ctrl_smc_0_sc_util_v1_0_4_xpm_memory_fifo__parameterized0__xdcDup__5 |          4 |          4 |       0 |    0 |     3 |      0 |      0 |          0 |
|                     gen_mem_rep[0].inst_rd_addrb                                                      |                                      design_1_axi_ctrl_smc_0_sc_util_v1_0_4_counter_625 |          6 |          6 |       0 |    0 |     6 |      0 |      0 |          0 |
|                     gen_mem_rep[0].inst_wr_addra                                                      |                                      design_1_axi_ctrl_smc_0_sc_util_v1_0_4_counter_626 |          4 |          4 |       0 |    0 |     6 |      0 |      0 |          0 |
|                     gen_mem_rep[0].inst_xpm_memory                                                    |                           design_1_axi_ctrl_smc_0_xpm_memory_sdpram__parameterized0__19 |         20 |          0 |      20 |    0 |    18 |      0 |      0 |          0 |
|                       xpm_memory_base_inst                                                            |                             design_1_axi_ctrl_smc_0_xpm_memory_base__parameterized0__19 |         20 |          0 |      20 |    0 |    18 |      0 |      0 |          0 |
|                     gen_wr.inst_wr_addra_p1                                                           |                      design_1_axi_ctrl_smc_0_sc_util_v1_0_4_counter__parameterized0_627 |         13 |         13 |       0 |    0 |     6 |      0 |      0 |          0 |
|                 inst_ingress                                                                          |                                     design_1_axi_ctrl_smc_0_sc_node_v1_0_17_ingress_623 |          0 |          0 |       0 |    0 |     1 |      0 |      0 |          0 |
|                   inst_pipeline_valid                                                                 |                     design_1_axi_ctrl_smc_0_sc_util_v1_0_4_pipeline__parameterized2_624 |          0 |          0 |       0 |    0 |     1 |      0 |      0 |          0 |
|               inst_si_handler                                                                         |                                  design_1_axi_ctrl_smc_0_sc_node_v1_0_17_si_handler_622 |          1 |          1 |       0 |    0 |     1 |      0 |      0 |          0 |
|               s_sc_xpm_cdc_async_rst_inst                                                             |                                           design_1_axi_ctrl_smc_0_xpm_cdc_async_rst__84 |          1 |          1 |       0 |    0 |     3 |      0 |      0 |          0 |
|           m02_aw_node                                                                                 |                                                design_1_axi_ctrl_smc_0_bd_01d9_m02awn_0 |         79 |         67 |      12 |    0 |    57 |      0 |      0 |          0 |
|             inst                                                                                      |                  design_1_axi_ctrl_smc_0_sc_node_v1_0_17_top__parameterized0__xdcDup__3 |         79 |         67 |      12 |    0 |    57 |      0 |      0 |          0 |
|               (inst)                                                                                  |                  design_1_axi_ctrl_smc_0_sc_node_v1_0_17_top__parameterized0__xdcDup__3 |          3 |          3 |       0 |    0 |     1 |      0 |      0 |          0 |
|               inst_mi_handler                                                                         |           design_1_axi_ctrl_smc_0_sc_node_v1_0_17_mi_handler__parameterized0__xdcDup__3 |         74 |         62 |      12 |    0 |    52 |      0 |      0 |          0 |
|                 (inst_mi_handler)                                                                     |           design_1_axi_ctrl_smc_0_sc_node_v1_0_17_mi_handler__parameterized0__xdcDup__3 |          0 |          0 |       0 |    0 |     2 |      0 |      0 |          0 |
|                 gen_normal_area.gen_node_prog_full.inst_node_prog_full                                |                                 design_1_axi_ctrl_smc_0_sc_node_v1_0_17_fifo__xdcDup__8 |         36 |         36 |       0 |    0 |    21 |      0 |      0 |          0 |
|                   gen_xpm_memory_fifo.inst_fifo                                                       |                       design_1_axi_ctrl_smc_0_sc_util_v1_0_4_xpm_memory_fifo__xdcDup__8 |         36 |         36 |       0 |    0 |    21 |      0 |      0 |          0 |
|                     (gen_xpm_memory_fifo.inst_fifo)                                                   |                       design_1_axi_ctrl_smc_0_sc_util_v1_0_4_xpm_memory_fifo__xdcDup__8 |          5 |          5 |       0 |    0 |     3 |      0 |      0 |          0 |
|                     gen_mem_rep[0].inst_rd_addrb                                                      |                                      design_1_axi_ctrl_smc_0_sc_util_v1_0_4_counter_619 |          6 |          6 |       0 |    0 |     6 |      0 |      0 |          0 |
|                     gen_mem_rep[0].inst_wr_addra                                                      |                                      design_1_axi_ctrl_smc_0_sc_util_v1_0_4_counter_620 |          5 |          5 |       0 |    0 |     6 |      0 |      0 |          0 |
|                     gen_wr.inst_wr_addra_p1                                                           |                      design_1_axi_ctrl_smc_0_sc_util_v1_0_4_counter__parameterized0_621 |         20 |         20 |       0 |    0 |     6 |      0 |      0 |          0 |
|                 gen_normal_area.inst_fifo_node_payld                                                  |                 design_1_axi_ctrl_smc_0_sc_node_v1_0_17_fifo__parameterized0__xdcDup__6 |         39 |         27 |      12 |    0 |    28 |      0 |      0 |          0 |
|                   gen_xpm_memory_fifo.inst_fifo                                                       |       design_1_axi_ctrl_smc_0_sc_util_v1_0_4_xpm_memory_fifo__parameterized0__xdcDup__6 |         39 |         27 |      12 |    0 |    28 |      0 |      0 |          0 |
|                     (gen_xpm_memory_fifo.inst_fifo)                                                   |       design_1_axi_ctrl_smc_0_sc_util_v1_0_4_xpm_memory_fifo__parameterized0__xdcDup__6 |          4 |          4 |       0 |    0 |     3 |      0 |      0 |          0 |
|                     gen_mem_rep[0].inst_rd_addrb                                                      |                                      design_1_axi_ctrl_smc_0_sc_util_v1_0_4_counter_616 |          6 |          6 |       0 |    0 |     6 |      0 |      0 |          0 |
|                     gen_mem_rep[0].inst_wr_addra                                                      |                                      design_1_axi_ctrl_smc_0_sc_util_v1_0_4_counter_617 |          4 |          4 |       0 |    0 |     6 |      0 |      0 |          0 |
|                     gen_mem_rep[0].inst_xpm_memory                                                    |                           design_1_axi_ctrl_smc_0_xpm_memory_sdpram__parameterized0__18 |         12 |          0 |      12 |    0 |     7 |      0 |      0 |          0 |
|                       xpm_memory_base_inst                                                            |                             design_1_axi_ctrl_smc_0_xpm_memory_base__parameterized0__18 |         12 |          0 |      12 |    0 |     7 |      0 |      0 |          0 |
|                     gen_wr.inst_wr_addra_p1                                                           |                      design_1_axi_ctrl_smc_0_sc_util_v1_0_4_counter__parameterized0_618 |         13 |         13 |       0 |    0 |     6 |      0 |      0 |          0 |
|                 inst_ingress                                                                          |                     design_1_axi_ctrl_smc_0_sc_node_v1_0_17_ingress__parameterized0_614 |          0 |          0 |       0 |    0 |     1 |      0 |      0 |          0 |
|                   inst_pipeline_valid                                                                 |                     design_1_axi_ctrl_smc_0_sc_util_v1_0_4_pipeline__parameterized2_615 |          0 |          0 |       0 |    0 |     1 |      0 |      0 |          0 |
|               inst_si_handler                                                                         |                  design_1_axi_ctrl_smc_0_sc_node_v1_0_17_si_handler__parameterized0_613 |          1 |          1 |       0 |    0 |     1 |      0 |      0 |          0 |
|               s_sc_xpm_cdc_async_rst_inst                                                             |                                           design_1_axi_ctrl_smc_0_xpm_cdc_async_rst__82 |          1 |          1 |       0 |    0 |     3 |      0 |      0 |          0 |
|           m02_b_node                                                                                  |                                                 design_1_axi_ctrl_smc_0_bd_01d9_m02bn_0 |         81 |         75 |       6 |    0 |    59 |      0 |      0 |          0 |
|             inst                                                                                      |                  design_1_axi_ctrl_smc_0_sc_node_v1_0_17_top__parameterized1__xdcDup__3 |         81 |         75 |       6 |    0 |    59 |      0 |      0 |          0 |
|               (inst)                                                                                  |                  design_1_axi_ctrl_smc_0_sc_node_v1_0_17_top__parameterized1__xdcDup__3 |          3 |          3 |       0 |    0 |     1 |      0 |      0 |          0 |
|               inst_mi_handler                                                                         |           design_1_axi_ctrl_smc_0_sc_node_v1_0_17_mi_handler__parameterized1__xdcDup__3 |         76 |         70 |       6 |    0 |    54 |      0 |      0 |          0 |
|                 (inst_mi_handler)                                                                     |           design_1_axi_ctrl_smc_0_sc_node_v1_0_17_mi_handler__parameterized1__xdcDup__3 |          0 |          0 |       0 |    0 |     2 |      0 |      0 |          0 |
|                 gen_normal_area.gen_fifo_req.inst_fifo_req                                            |                 design_1_axi_ctrl_smc_0_sc_node_v1_0_17_fifo__parameterized1__xdcDup__5 |         26 |         26 |       0 |    0 |    20 |      0 |      0 |          0 |
|                   gen_xpm_memory_fifo.inst_fifo                                                       |       design_1_axi_ctrl_smc_0_sc_util_v1_0_4_xpm_memory_fifo__parameterized1__xdcDup__5 |         26 |         26 |       0 |    0 |    20 |      0 |      0 |          0 |
|                     (gen_xpm_memory_fifo.inst_fifo)                                                   |       design_1_axi_ctrl_smc_0_sc_util_v1_0_4_xpm_memory_fifo__parameterized1__xdcDup__5 |          4 |          4 |       0 |    0 |     2 |      0 |      0 |          0 |
|                     gen_mem_rep[0].inst_rd_addrb                                                      |                                      design_1_axi_ctrl_smc_0_sc_util_v1_0_4_counter_610 |          6 |          6 |       0 |    0 |     6 |      0 |      0 |          0 |
|                     gen_mem_rep[0].inst_wr_addra                                                      |                                      design_1_axi_ctrl_smc_0_sc_util_v1_0_4_counter_611 |          5 |          5 |       0 |    0 |     6 |      0 |      0 |          0 |
|                     gen_wr.inst_wr_addra_p1                                                           |                      design_1_axi_ctrl_smc_0_sc_util_v1_0_4_counter__parameterized0_612 |         12 |         12 |       0 |    0 |     6 |      0 |      0 |          0 |
|                 gen_normal_area.inst_fifo_node_payld                                                  |                 design_1_axi_ctrl_smc_0_sc_node_v1_0_17_fifo__parameterized2__xdcDup__3 |         45 |         39 |       6 |    0 |    28 |      0 |      0 |          0 |
|                   gen_xpm_memory_fifo.inst_fifo                                                       |       design_1_axi_ctrl_smc_0_sc_util_v1_0_4_xpm_memory_fifo__parameterized2__xdcDup__3 |         45 |         39 |       6 |    0 |    28 |      0 |      0 |          0 |
|                     (gen_xpm_memory_fifo.inst_fifo)                                                   |       design_1_axi_ctrl_smc_0_sc_util_v1_0_4_xpm_memory_fifo__parameterized2__xdcDup__3 |          5 |          5 |       0 |    0 |     4 |      0 |      0 |          0 |
|                     gen_mem_rep[0].inst_rd_addrb                                                      |                                      design_1_axi_ctrl_smc_0_sc_util_v1_0_4_counter_607 |          6 |          6 |       0 |    0 |     6 |      0 |      0 |          0 |
|                     gen_mem_rep[0].inst_wr_addra                                                      |                                      design_1_axi_ctrl_smc_0_sc_util_v1_0_4_counter_608 |          5 |          5 |       0 |    0 |     6 |      0 |      0 |          0 |
|                     gen_mem_rep[0].inst_xpm_memory                                                    |                            design_1_axi_ctrl_smc_0_xpm_memory_sdpram__parameterized2__9 |          6 |          0 |       6 |    0 |     6 |      0 |      0 |          0 |
|                       xpm_memory_base_inst                                                            |                              design_1_axi_ctrl_smc_0_xpm_memory_base__parameterized2__9 |          6 |          0 |       6 |    0 |     6 |      0 |      0 |          0 |
|                     gen_wr.inst_wr_addra_p1                                                           |                      design_1_axi_ctrl_smc_0_sc_util_v1_0_4_counter__parameterized0_609 |         23 |         23 |       0 |    0 |     6 |      0 |      0 |          0 |
|                 gen_normal_area.inst_fifo_send                                                        |                  design_1_axi_ctrl_smc_0_sc_node_v1_0_17_reg_slice3__parameterized0_606 |          5 |          5 |       0 |    0 |     4 |      0 |      0 |          0 |
|               inst_si_handler                                                                         |                  design_1_axi_ctrl_smc_0_sc_node_v1_0_17_si_handler__parameterized1_605 |          1 |          1 |       0 |    0 |     1 |      0 |      0 |          0 |
|               s_sc_xpm_cdc_async_rst_inst                                                             |                                           design_1_axi_ctrl_smc_0_xpm_cdc_async_rst__80 |          1 |          1 |       0 |    0 |     3 |      0 |      0 |          0 |
|           m02_r_node                                                                                  |                                                 design_1_axi_ctrl_smc_0_bd_01d9_m02rn_0 |        102 |         74 |      28 |    0 |    94 |      0 |      0 |          0 |
|             inst                                                                                      |                  design_1_axi_ctrl_smc_0_sc_node_v1_0_17_top__parameterized2__xdcDup__3 |        102 |         74 |      28 |    0 |    94 |      0 |      0 |          0 |
|               (inst)                                                                                  |                  design_1_axi_ctrl_smc_0_sc_node_v1_0_17_top__parameterized2__xdcDup__3 |          3 |          3 |       0 |    0 |     1 |      0 |      0 |          0 |
|               inst_mi_handler                                                                         |           design_1_axi_ctrl_smc_0_sc_node_v1_0_17_mi_handler__parameterized2__xdcDup__3 |         98 |         70 |      28 |    0 |    89 |      0 |      0 |          0 |
|                 (inst_mi_handler)                                                                     |           design_1_axi_ctrl_smc_0_sc_node_v1_0_17_mi_handler__parameterized2__xdcDup__3 |          0 |          0 |       0 |    0 |     2 |      0 |      0 |          0 |
|                 gen_normal_area.gen_fifo_req.inst_fifo_req                                            |                 design_1_axi_ctrl_smc_0_sc_node_v1_0_17_fifo__parameterized1__xdcDup__6 |         26 |         26 |       0 |    0 |    20 |      0 |      0 |          0 |
|                   gen_xpm_memory_fifo.inst_fifo                                                       |       design_1_axi_ctrl_smc_0_sc_util_v1_0_4_xpm_memory_fifo__parameterized1__xdcDup__6 |         26 |         26 |       0 |    0 |    20 |      0 |      0 |          0 |
|                     (gen_xpm_memory_fifo.inst_fifo)                                                   |       design_1_axi_ctrl_smc_0_sc_util_v1_0_4_xpm_memory_fifo__parameterized1__xdcDup__6 |          4 |          4 |       0 |    0 |     2 |      0 |      0 |          0 |
|                     gen_mem_rep[0].inst_rd_addrb                                                      |                                      design_1_axi_ctrl_smc_0_sc_util_v1_0_4_counter_602 |          6 |          6 |       0 |    0 |     6 |      0 |      0 |          0 |
|                     gen_mem_rep[0].inst_wr_addra                                                      |                                      design_1_axi_ctrl_smc_0_sc_util_v1_0_4_counter_603 |          5 |          5 |       0 |    0 |     6 |      0 |      0 |          0 |
|                     gen_wr.inst_wr_addra_p1                                                           |                      design_1_axi_ctrl_smc_0_sc_util_v1_0_4_counter__parameterized0_604 |         12 |         12 |       0 |    0 |     6 |      0 |      0 |          0 |
|                 gen_normal_area.inst_fifo_node_payld                                                  |                 design_1_axi_ctrl_smc_0_sc_node_v1_0_17_fifo__parameterized3__xdcDup__3 |         67 |         39 |      28 |    0 |    63 |      0 |      0 |          0 |
|                   gen_xpm_memory_fifo.inst_fifo                                                       |       design_1_axi_ctrl_smc_0_sc_util_v1_0_4_xpm_memory_fifo__parameterized3__xdcDup__3 |         67 |         39 |      28 |    0 |    63 |      0 |      0 |          0 |
|                     (gen_xpm_memory_fifo.inst_fifo)                                                   |       design_1_axi_ctrl_smc_0_sc_util_v1_0_4_xpm_memory_fifo__parameterized3__xdcDup__3 |          5 |          5 |       0 |    0 |     4 |      0 |      0 |          0 |
|                     gen_mem_rep[0].inst_rd_addrb                                                      |                                      design_1_axi_ctrl_smc_0_sc_util_v1_0_4_counter_599 |          6 |          6 |       0 |    0 |     6 |      0 |      0 |          0 |
|                     gen_mem_rep[0].inst_wr_addra                                                      |                                      design_1_axi_ctrl_smc_0_sc_util_v1_0_4_counter_600 |          5 |          5 |       0 |    0 |     6 |      0 |      0 |          0 |
|                     gen_mem_rep[0].inst_xpm_memory                                                    |                            design_1_axi_ctrl_smc_0_xpm_memory_sdpram__parameterized3__9 |         28 |          0 |      28 |    0 |    41 |      0 |      0 |          0 |
|                       xpm_memory_base_inst                                                            |                              design_1_axi_ctrl_smc_0_xpm_memory_base__parameterized3__9 |         28 |          0 |      28 |    0 |    41 |      0 |      0 |          0 |
|                     gen_wr.inst_wr_addra_p1                                                           |                      design_1_axi_ctrl_smc_0_sc_util_v1_0_4_counter__parameterized0_601 |         23 |         23 |       0 |    0 |     6 |      0 |      0 |          0 |
|                 gen_normal_area.inst_fifo_send                                                        |                  design_1_axi_ctrl_smc_0_sc_node_v1_0_17_reg_slice3__parameterized0_598 |          5 |          5 |       0 |    0 |     4 |      0 |      0 |          0 |
|               inst_si_handler                                                                         |                  design_1_axi_ctrl_smc_0_sc_node_v1_0_17_si_handler__parameterized2_597 |          1 |          1 |       0 |    0 |     1 |      0 |      0 |          0 |
|               s_sc_xpm_cdc_async_rst_inst                                                             |                                           design_1_axi_ctrl_smc_0_xpm_cdc_async_rst__78 |          1 |          1 |       0 |    0 |     3 |      0 |      0 |          0 |
|           m02_w_node                                                                                  |                                                 design_1_axi_ctrl_smc_0_bd_01d9_m02wn_0 |         95 |         67 |      28 |    0 |    87 |      0 |      0 |          0 |
|             inst                                                                                      |                  design_1_axi_ctrl_smc_0_sc_node_v1_0_17_top__parameterized3__xdcDup__3 |         95 |         67 |      28 |    0 |    87 |      0 |      0 |          0 |
|               (inst)                                                                                  |                  design_1_axi_ctrl_smc_0_sc_node_v1_0_17_top__parameterized3__xdcDup__3 |          3 |          3 |       0 |    0 |     1 |      0 |      0 |          0 |
|               inst_mi_handler                                                                         |           design_1_axi_ctrl_smc_0_sc_node_v1_0_17_mi_handler__parameterized3__xdcDup__3 |         90 |         62 |      28 |    0 |    82 |      0 |      0 |          0 |
|                 (inst_mi_handler)                                                                     |           design_1_axi_ctrl_smc_0_sc_node_v1_0_17_mi_handler__parameterized3__xdcDup__3 |          0 |          0 |       0 |    0 |     2 |      0 |      0 |          0 |
|                 gen_normal_area.gen_node_prog_full.inst_node_prog_full                                |                                 design_1_axi_ctrl_smc_0_sc_node_v1_0_17_fifo__xdcDup__9 |         36 |         36 |       0 |    0 |    21 |      0 |      0 |          0 |
|                   gen_xpm_memory_fifo.inst_fifo                                                       |                       design_1_axi_ctrl_smc_0_sc_util_v1_0_4_xpm_memory_fifo__xdcDup__9 |         36 |         36 |       0 |    0 |    21 |      0 |      0 |          0 |
|                     (gen_xpm_memory_fifo.inst_fifo)                                                   |                       design_1_axi_ctrl_smc_0_sc_util_v1_0_4_xpm_memory_fifo__xdcDup__9 |          5 |          5 |       0 |    0 |     3 |      0 |      0 |          0 |
|                     gen_mem_rep[0].inst_rd_addrb                                                      |                                      design_1_axi_ctrl_smc_0_sc_util_v1_0_4_counter_594 |          6 |          6 |       0 |    0 |     6 |      0 |      0 |          0 |
|                     gen_mem_rep[0].inst_wr_addra                                                      |                                      design_1_axi_ctrl_smc_0_sc_util_v1_0_4_counter_595 |          5 |          5 |       0 |    0 |     6 |      0 |      0 |          0 |
|                     gen_wr.inst_wr_addra_p1                                                           |                      design_1_axi_ctrl_smc_0_sc_util_v1_0_4_counter__parameterized0_596 |         20 |         20 |       0 |    0 |     6 |      0 |      0 |          0 |
|                 gen_normal_area.inst_fifo_node_payld                                                  |                 design_1_axi_ctrl_smc_0_sc_node_v1_0_17_fifo__parameterized4__xdcDup__3 |         55 |         27 |      28 |    0 |    58 |      0 |      0 |          0 |
|                   gen_xpm_memory_fifo.inst_fifo                                                       |       design_1_axi_ctrl_smc_0_sc_util_v1_0_4_xpm_memory_fifo__parameterized4__xdcDup__3 |         55 |         27 |      28 |    0 |    58 |      0 |      0 |          0 |
|                     (gen_xpm_memory_fifo.inst_fifo)                                                   |       design_1_axi_ctrl_smc_0_sc_util_v1_0_4_xpm_memory_fifo__parameterized4__xdcDup__3 |          4 |          4 |       0 |    0 |     3 |      0 |      0 |          0 |
|                     gen_mem_rep[0].inst_rd_addrb                                                      |                                      design_1_axi_ctrl_smc_0_sc_util_v1_0_4_counter_591 |          6 |          6 |       0 |    0 |     6 |      0 |      0 |          0 |
|                     gen_mem_rep[0].inst_wr_addra                                                      |                                      design_1_axi_ctrl_smc_0_sc_util_v1_0_4_counter_592 |          4 |          4 |       0 |    0 |     6 |      0 |      0 |          0 |
|                     gen_mem_rep[0].inst_xpm_memory                                                    |                            design_1_axi_ctrl_smc_0_xpm_memory_sdpram__parameterized4__9 |         28 |          0 |      28 |    0 |    37 |      0 |      0 |          0 |
|                       xpm_memory_base_inst                                                            |                              design_1_axi_ctrl_smc_0_xpm_memory_base__parameterized4__9 |         28 |          0 |      28 |    0 |    37 |      0 |      0 |          0 |
|                     gen_wr.inst_wr_addra_p1                                                           |                      design_1_axi_ctrl_smc_0_sc_util_v1_0_4_counter__parameterized0_593 |         13 |         13 |       0 |    0 |     6 |      0 |      0 |          0 |
|                 inst_ingress                                                                          |                     design_1_axi_ctrl_smc_0_sc_node_v1_0_17_ingress__parameterized3_589 |          0 |          0 |       0 |    0 |     1 |      0 |      0 |          0 |
|                   inst_pipeline_valid                                                                 |                     design_1_axi_ctrl_smc_0_sc_util_v1_0_4_pipeline__parameterized2_590 |          0 |          0 |       0 |    0 |     1 |      0 |      0 |          0 |
|               inst_si_handler                                                                         |                  design_1_axi_ctrl_smc_0_sc_node_v1_0_17_si_handler__parameterized3_588 |          1 |          1 |       0 |    0 |     1 |      0 |      0 |          0 |
|               s_sc_xpm_cdc_async_rst_inst                                                             |                                           design_1_axi_ctrl_smc_0_xpm_cdc_async_rst__76 |          1 |          1 |       0 |    0 |     3 |      0 |      0 |          0 |
|         m02_sc2axi                                                                                    |                                                design_1_axi_ctrl_smc_0_bd_01d9_m02s2a_0 |          0 |          0 |       0 |    0 |     0 |      0 |      0 |          0 |
|           inst                                                                                        |                           design_1_axi_ctrl_smc_0_sc_sc2axi_v1_0_10_top__parameterized0 |          0 |          0 |       0 |    0 |     0 |      0 |      0 |          0 |
|         m03_exit_pipeline                                                                             |                                    design_1_axi_ctrl_smc_0_m03_exit_pipeline_imp_R1DT8S |        226 |        223 |       0 |    3 |   354 |      0 |      0 |          0 |
|           m03_exit                                                                                    |                                                  design_1_axi_ctrl_smc_0_bd_01d9_m03e_0 |        226 |        223 |       0 |    3 |   354 |      0 |      0 |          0 |
|             inst                                                                                      |                             design_1_axi_ctrl_smc_0_sc_exit_v1_0_16_top__parameterized1 |        226 |        223 |       0 |    3 |   354 |      0 |      0 |          0 |
|               (inst)                                                                                  |                             design_1_axi_ctrl_smc_0_sc_exit_v1_0_16_top__parameterized1 |          1 |          1 |       0 |    0 |     2 |      0 |      0 |          0 |
|               ar_reg                                                                                  |                                design_1_axi_ctrl_smc_0_sc_util_v1_0_4_axi_reg_stall_577 |         10 |         10 |       0 |    0 |    24 |      0 |      0 |          0 |
|               aw_reg                                                                                  |                                design_1_axi_ctrl_smc_0_sc_util_v1_0_4_axi_reg_stall_578 |          8 |          8 |       0 |    0 |    14 |      0 |      0 |          0 |
|               b_reg                                                                                   |                                design_1_axi_ctrl_smc_0_sc_util_v1_0_4_axi_reg_stall_579 |          8 |          8 |       0 |    0 |     8 |      0 |      0 |          0 |
|               exit_inst                                                                               |                            design_1_axi_ctrl_smc_0_sc_exit_v1_0_16_exit__parameterized1 |         30 |         27 |       0 |    3 |    19 |      0 |      0 |          0 |
|                 gen_r_cmd_fifo.r_cmd_fifo                                                             |                            design_1_axi_ctrl_smc_0_sc_util_v1_0_4_axic_reg_srl_fifo_583 |         11 |         11 |       0 |    0 |     8 |      0 |      0 |          0 |
|                 gen_w_cmd_fifo.w_cmd_fifo                                                             |            design_1_axi_ctrl_smc_0_sc_util_v1_0_4_axic_reg_srl_fifo__parameterized0_584 |         19 |         16 |       0 |    3 |    11 |      0 |      0 |          0 |
|                   (gen_w_cmd_fifo.w_cmd_fifo)                                                         |            design_1_axi_ctrl_smc_0_sc_util_v1_0_4_axic_reg_srl_fifo__parameterized0_584 |         16 |         16 |       0 |    0 |    11 |      0 |      0 |          0 |
|                   gen_srls[1].srl_nx1                                                                 |                                      design_1_axi_ctrl_smc_0_sc_util_v1_0_4_srl_rtl_585 |          1 |          0 |       0 |    1 |     0 |      0 |      0 |          0 |
|                   gen_srls[2].srl_nx1                                                                 |                                      design_1_axi_ctrl_smc_0_sc_util_v1_0_4_srl_rtl_586 |          1 |          0 |       0 |    1 |     0 |      0 |      0 |          0 |
|                   gen_srls[3].srl_nx1                                                                 |                                      design_1_axi_ctrl_smc_0_sc_util_v1_0_4_srl_rtl_587 |          2 |          1 |       0 |    1 |     0 |      0 |      0 |          0 |
|               r_reg                                                                                   |                                design_1_axi_ctrl_smc_0_sc_util_v1_0_4_axi_reg_stall_580 |         38 |         38 |       0 |    0 |    72 |      0 |      0 |          0 |
|               splitter_inst                                                                           |                        design_1_axi_ctrl_smc_0_sc_exit_v1_0_16_splitter__parameterized1 |        110 |        110 |       0 |    0 |   144 |      0 |      0 |          0 |
|                 gen_axi4lite.axilite_conv                                                             |                                design_1_axi_ctrl_smc_0_sc_exit_v1_0_16_axilite_conv_582 |        110 |        110 |       0 |    0 |   144 |      0 |      0 |          0 |
|               w_reg                                                                                   |                                design_1_axi_ctrl_smc_0_sc_util_v1_0_4_axi_reg_stall_581 |         21 |         21 |       0 |    0 |    68 |      0 |      0 |          0 |
|               xpm_cdc_async_rst_inst                                                                  |                                           design_1_axi_ctrl_smc_0_xpm_cdc_async_rst__30 |          1 |          1 |       0 |    0 |     3 |      0 |      0 |          0 |
|         m03_nodes                                                                                     |                                            design_1_axi_ctrl_smc_0_m03_nodes_imp_WAD797 |        443 |        349 |      94 |    0 |   372 |      0 |      0 |          0 |
|           m03_ar_node                                                                                 |                                                design_1_axi_ctrl_smc_0_bd_01d9_m03arn_0 |         87 |         67 |      20 |    0 |    74 |      0 |      0 |          0 |
|             inst                                                                                      |                                  design_1_axi_ctrl_smc_0_sc_node_v1_0_17_top__xdcDup__4 |         87 |         67 |      20 |    0 |    74 |      0 |      0 |          0 |
|               (inst)                                                                                  |                                  design_1_axi_ctrl_smc_0_sc_node_v1_0_17_top__xdcDup__4 |          3 |          3 |       0 |    0 |     1 |      0 |      0 |          0 |
|               inst_mi_handler                                                                         |                           design_1_axi_ctrl_smc_0_sc_node_v1_0_17_mi_handler__xdcDup__4 |         82 |         62 |      20 |    0 |    69 |      0 |      0 |          0 |
|                 (inst_mi_handler)                                                                     |                           design_1_axi_ctrl_smc_0_sc_node_v1_0_17_mi_handler__xdcDup__4 |          0 |          0 |       0 |    0 |     2 |      0 |      0 |          0 |
|                 gen_normal_area.gen_node_prog_full.inst_node_prog_full                                |                                design_1_axi_ctrl_smc_0_sc_node_v1_0_17_fifo__xdcDup__10 |         36 |         36 |       0 |    0 |    21 |      0 |      0 |          0 |
|                   gen_xpm_memory_fifo.inst_fifo                                                       |                      design_1_axi_ctrl_smc_0_sc_util_v1_0_4_xpm_memory_fifo__xdcDup__10 |         36 |         36 |       0 |    0 |    21 |      0 |      0 |          0 |
|                     (gen_xpm_memory_fifo.inst_fifo)                                                   |                      design_1_axi_ctrl_smc_0_sc_util_v1_0_4_xpm_memory_fifo__xdcDup__10 |          5 |          5 |       0 |    0 |     3 |      0 |      0 |          0 |
|                     gen_mem_rep[0].inst_rd_addrb                                                      |                                      design_1_axi_ctrl_smc_0_sc_util_v1_0_4_counter_574 |          6 |          6 |       0 |    0 |     6 |      0 |      0 |          0 |
|                     gen_mem_rep[0].inst_wr_addra                                                      |                                      design_1_axi_ctrl_smc_0_sc_util_v1_0_4_counter_575 |          5 |          5 |       0 |    0 |     6 |      0 |      0 |          0 |
|                     gen_wr.inst_wr_addra_p1                                                           |                      design_1_axi_ctrl_smc_0_sc_util_v1_0_4_counter__parameterized0_576 |         20 |         20 |       0 |    0 |     6 |      0 |      0 |          0 |
|                 gen_normal_area.inst_fifo_node_payld                                                  |                 design_1_axi_ctrl_smc_0_sc_node_v1_0_17_fifo__parameterized0__xdcDup__7 |         46 |         26 |      20 |    0 |    45 |      0 |      0 |          0 |
|                   gen_xpm_memory_fifo.inst_fifo                                                       |       design_1_axi_ctrl_smc_0_sc_util_v1_0_4_xpm_memory_fifo__parameterized0__xdcDup__7 |         46 |         26 |      20 |    0 |    45 |      0 |      0 |          0 |
|                     (gen_xpm_memory_fifo.inst_fifo)                                                   |       design_1_axi_ctrl_smc_0_sc_util_v1_0_4_xpm_memory_fifo__parameterized0__xdcDup__7 |          4 |          4 |       0 |    0 |     3 |      0 |      0 |          0 |
|                     gen_mem_rep[0].inst_rd_addrb                                                      |                                      design_1_axi_ctrl_smc_0_sc_util_v1_0_4_counter_571 |          6 |          6 |       0 |    0 |     6 |      0 |      0 |          0 |
|                     gen_mem_rep[0].inst_wr_addra                                                      |                                      design_1_axi_ctrl_smc_0_sc_util_v1_0_4_counter_572 |          4 |          4 |       0 |    0 |     6 |      0 |      0 |          0 |
|                     gen_mem_rep[0].inst_xpm_memory                                                    |                           design_1_axi_ctrl_smc_0_xpm_memory_sdpram__parameterized0__17 |         20 |          0 |      20 |    0 |    24 |      0 |      0 |          0 |
|                       xpm_memory_base_inst                                                            |                             design_1_axi_ctrl_smc_0_xpm_memory_base__parameterized0__17 |         20 |          0 |      20 |    0 |    24 |      0 |      0 |          0 |
|                     gen_wr.inst_wr_addra_p1                                                           |                      design_1_axi_ctrl_smc_0_sc_util_v1_0_4_counter__parameterized0_573 |         13 |         13 |       0 |    0 |     6 |      0 |      0 |          0 |
|                 inst_ingress                                                                          |                                     design_1_axi_ctrl_smc_0_sc_node_v1_0_17_ingress_569 |          0 |          0 |       0 |    0 |     1 |      0 |      0 |          0 |
|                   inst_pipeline_valid                                                                 |                     design_1_axi_ctrl_smc_0_sc_util_v1_0_4_pipeline__parameterized2_570 |          0 |          0 |       0 |    0 |     1 |      0 |      0 |          0 |
|               inst_si_handler                                                                         |                                  design_1_axi_ctrl_smc_0_sc_node_v1_0_17_si_handler_568 |          1 |          1 |       0 |    0 |     1 |      0 |      0 |          0 |
|               s_sc_xpm_cdc_async_rst_inst                                                             |                                           design_1_axi_ctrl_smc_0_xpm_cdc_async_rst__74 |          1 |          1 |       0 |    0 |     3 |      0 |      0 |          0 |
|           m03_aw_node                                                                                 |                                                design_1_axi_ctrl_smc_0_bd_01d9_m03awn_0 |         79 |         67 |      12 |    0 |    58 |      0 |      0 |          0 |
|             inst                                                                                      |                  design_1_axi_ctrl_smc_0_sc_node_v1_0_17_top__parameterized0__xdcDup__4 |         79 |         67 |      12 |    0 |    58 |      0 |      0 |          0 |
|               (inst)                                                                                  |                  design_1_axi_ctrl_smc_0_sc_node_v1_0_17_top__parameterized0__xdcDup__4 |          3 |          3 |       0 |    0 |     1 |      0 |      0 |          0 |
|               inst_mi_handler                                                                         |           design_1_axi_ctrl_smc_0_sc_node_v1_0_17_mi_handler__parameterized0__xdcDup__4 |         74 |         62 |      12 |    0 |    53 |      0 |      0 |          0 |
|                 (inst_mi_handler)                                                                     |           design_1_axi_ctrl_smc_0_sc_node_v1_0_17_mi_handler__parameterized0__xdcDup__4 |          0 |          0 |       0 |    0 |     2 |      0 |      0 |          0 |
|                 gen_normal_area.gen_node_prog_full.inst_node_prog_full                                |                                design_1_axi_ctrl_smc_0_sc_node_v1_0_17_fifo__xdcDup__11 |         36 |         36 |       0 |    0 |    21 |      0 |      0 |          0 |
|                   gen_xpm_memory_fifo.inst_fifo                                                       |                      design_1_axi_ctrl_smc_0_sc_util_v1_0_4_xpm_memory_fifo__xdcDup__11 |         36 |         36 |       0 |    0 |    21 |      0 |      0 |          0 |
|                     (gen_xpm_memory_fifo.inst_fifo)                                                   |                      design_1_axi_ctrl_smc_0_sc_util_v1_0_4_xpm_memory_fifo__xdcDup__11 |          5 |          5 |       0 |    0 |     3 |      0 |      0 |          0 |
|                     gen_mem_rep[0].inst_rd_addrb                                                      |                                      design_1_axi_ctrl_smc_0_sc_util_v1_0_4_counter_565 |          6 |          6 |       0 |    0 |     6 |      0 |      0 |          0 |
|                     gen_mem_rep[0].inst_wr_addra                                                      |                                      design_1_axi_ctrl_smc_0_sc_util_v1_0_4_counter_566 |          5 |          5 |       0 |    0 |     6 |      0 |      0 |          0 |
|                     gen_wr.inst_wr_addra_p1                                                           |                      design_1_axi_ctrl_smc_0_sc_util_v1_0_4_counter__parameterized0_567 |         20 |         20 |       0 |    0 |     6 |      0 |      0 |          0 |
|                 gen_normal_area.inst_fifo_node_payld                                                  |                 design_1_axi_ctrl_smc_0_sc_node_v1_0_17_fifo__parameterized0__xdcDup__8 |         39 |         27 |      12 |    0 |    29 |      0 |      0 |          0 |
|                   gen_xpm_memory_fifo.inst_fifo                                                       |       design_1_axi_ctrl_smc_0_sc_util_v1_0_4_xpm_memory_fifo__parameterized0__xdcDup__8 |         39 |         27 |      12 |    0 |    29 |      0 |      0 |          0 |
|                     (gen_xpm_memory_fifo.inst_fifo)                                                   |       design_1_axi_ctrl_smc_0_sc_util_v1_0_4_xpm_memory_fifo__parameterized0__xdcDup__8 |          4 |          4 |       0 |    0 |     3 |      0 |      0 |          0 |
|                     gen_mem_rep[0].inst_rd_addrb                                                      |                                      design_1_axi_ctrl_smc_0_sc_util_v1_0_4_counter_562 |          6 |          6 |       0 |    0 |     6 |      0 |      0 |          0 |
|                     gen_mem_rep[0].inst_wr_addra                                                      |                                      design_1_axi_ctrl_smc_0_sc_util_v1_0_4_counter_563 |          4 |          4 |       0 |    0 |     6 |      0 |      0 |          0 |
|                     gen_mem_rep[0].inst_xpm_memory                                                    |                           design_1_axi_ctrl_smc_0_xpm_memory_sdpram__parameterized0__16 |         12 |          0 |      12 |    0 |     8 |      0 |      0 |          0 |
|                       xpm_memory_base_inst                                                            |                             design_1_axi_ctrl_smc_0_xpm_memory_base__parameterized0__16 |         12 |          0 |      12 |    0 |     8 |      0 |      0 |          0 |
|                     gen_wr.inst_wr_addra_p1                                                           |                      design_1_axi_ctrl_smc_0_sc_util_v1_0_4_counter__parameterized0_564 |         13 |         13 |       0 |    0 |     6 |      0 |      0 |          0 |
|                 inst_ingress                                                                          |                     design_1_axi_ctrl_smc_0_sc_node_v1_0_17_ingress__parameterized0_560 |          0 |          0 |       0 |    0 |     1 |      0 |      0 |          0 |
|                   inst_pipeline_valid                                                                 |                     design_1_axi_ctrl_smc_0_sc_util_v1_0_4_pipeline__parameterized2_561 |          0 |          0 |       0 |    0 |     1 |      0 |      0 |          0 |
|               inst_si_handler                                                                         |                  design_1_axi_ctrl_smc_0_sc_node_v1_0_17_si_handler__parameterized0_559 |          1 |          1 |       0 |    0 |     1 |      0 |      0 |          0 |
|               s_sc_xpm_cdc_async_rst_inst                                                             |                                           design_1_axi_ctrl_smc_0_xpm_cdc_async_rst__72 |          1 |          1 |       0 |    0 |     3 |      0 |      0 |          0 |
|           m03_b_node                                                                                  |                                                 design_1_axi_ctrl_smc_0_bd_01d9_m03bn_0 |         80 |         74 |       6 |    0 |    59 |      0 |      0 |          0 |
|             inst                                                                                      |                  design_1_axi_ctrl_smc_0_sc_node_v1_0_17_top__parameterized1__xdcDup__4 |         80 |         74 |       6 |    0 |    59 |      0 |      0 |          0 |
|               (inst)                                                                                  |                  design_1_axi_ctrl_smc_0_sc_node_v1_0_17_top__parameterized1__xdcDup__4 |          3 |          3 |       0 |    0 |     1 |      0 |      0 |          0 |
|               inst_mi_handler                                                                         |           design_1_axi_ctrl_smc_0_sc_node_v1_0_17_mi_handler__parameterized1__xdcDup__4 |         76 |         70 |       6 |    0 |    54 |      0 |      0 |          0 |
|                 (inst_mi_handler)                                                                     |           design_1_axi_ctrl_smc_0_sc_node_v1_0_17_mi_handler__parameterized1__xdcDup__4 |          0 |          0 |       0 |    0 |     2 |      0 |      0 |          0 |
|                 gen_normal_area.gen_fifo_req.inst_fifo_req                                            |                 design_1_axi_ctrl_smc_0_sc_node_v1_0_17_fifo__parameterized1__xdcDup__7 |         26 |         26 |       0 |    0 |    20 |      0 |      0 |          0 |
|                   gen_xpm_memory_fifo.inst_fifo                                                       |       design_1_axi_ctrl_smc_0_sc_util_v1_0_4_xpm_memory_fifo__parameterized1__xdcDup__7 |         26 |         26 |       0 |    0 |    20 |      0 |      0 |          0 |
|                     (gen_xpm_memory_fifo.inst_fifo)                                                   |       design_1_axi_ctrl_smc_0_sc_util_v1_0_4_xpm_memory_fifo__parameterized1__xdcDup__7 |          4 |          4 |       0 |    0 |     2 |      0 |      0 |          0 |
|                     gen_mem_rep[0].inst_rd_addrb                                                      |                                      design_1_axi_ctrl_smc_0_sc_util_v1_0_4_counter_556 |          6 |          6 |       0 |    0 |     6 |      0 |      0 |          0 |
|                     gen_mem_rep[0].inst_wr_addra                                                      |                                      design_1_axi_ctrl_smc_0_sc_util_v1_0_4_counter_557 |          5 |          5 |       0 |    0 |     6 |      0 |      0 |          0 |
|                     gen_wr.inst_wr_addra_p1                                                           |                      design_1_axi_ctrl_smc_0_sc_util_v1_0_4_counter__parameterized0_558 |         12 |         12 |       0 |    0 |     6 |      0 |      0 |          0 |
|                 gen_normal_area.inst_fifo_node_payld                                                  |                 design_1_axi_ctrl_smc_0_sc_node_v1_0_17_fifo__parameterized2__xdcDup__4 |         45 |         39 |       6 |    0 |    28 |      0 |      0 |          0 |
|                   gen_xpm_memory_fifo.inst_fifo                                                       |       design_1_axi_ctrl_smc_0_sc_util_v1_0_4_xpm_memory_fifo__parameterized2__xdcDup__4 |         45 |         39 |       6 |    0 |    28 |      0 |      0 |          0 |
|                     (gen_xpm_memory_fifo.inst_fifo)                                                   |       design_1_axi_ctrl_smc_0_sc_util_v1_0_4_xpm_memory_fifo__parameterized2__xdcDup__4 |          5 |          5 |       0 |    0 |     4 |      0 |      0 |          0 |
|                     gen_mem_rep[0].inst_rd_addrb                                                      |                                      design_1_axi_ctrl_smc_0_sc_util_v1_0_4_counter_553 |          6 |          6 |       0 |    0 |     6 |      0 |      0 |          0 |
|                     gen_mem_rep[0].inst_wr_addra                                                      |                                      design_1_axi_ctrl_smc_0_sc_util_v1_0_4_counter_554 |          5 |          5 |       0 |    0 |     6 |      0 |      0 |          0 |
|                     gen_mem_rep[0].inst_xpm_memory                                                    |                            design_1_axi_ctrl_smc_0_xpm_memory_sdpram__parameterized2__8 |          6 |          0 |       6 |    0 |     6 |      0 |      0 |          0 |
|                       xpm_memory_base_inst                                                            |                              design_1_axi_ctrl_smc_0_xpm_memory_base__parameterized2__8 |          6 |          0 |       6 |    0 |     6 |      0 |      0 |          0 |
|                     gen_wr.inst_wr_addra_p1                                                           |                      design_1_axi_ctrl_smc_0_sc_util_v1_0_4_counter__parameterized0_555 |         23 |         23 |       0 |    0 |     6 |      0 |      0 |          0 |
|                 gen_normal_area.inst_fifo_send                                                        |                  design_1_axi_ctrl_smc_0_sc_node_v1_0_17_reg_slice3__parameterized0_552 |          5 |          5 |       0 |    0 |     4 |      0 |      0 |          0 |
|               inst_si_handler                                                                         |                  design_1_axi_ctrl_smc_0_sc_node_v1_0_17_si_handler__parameterized1_551 |          1 |          1 |       0 |    0 |     1 |      0 |      0 |          0 |
|               s_sc_xpm_cdc_async_rst_inst                                                             |                                           design_1_axi_ctrl_smc_0_xpm_cdc_async_rst__70 |          1 |          1 |       0 |    0 |     3 |      0 |      0 |          0 |
|           m03_r_node                                                                                  |                                                 design_1_axi_ctrl_smc_0_bd_01d9_m03rn_0 |        102 |         74 |      28 |    0 |    94 |      0 |      0 |          0 |
|             inst                                                                                      |                  design_1_axi_ctrl_smc_0_sc_node_v1_0_17_top__parameterized2__xdcDup__4 |        102 |         74 |      28 |    0 |    94 |      0 |      0 |          0 |
|               (inst)                                                                                  |                  design_1_axi_ctrl_smc_0_sc_node_v1_0_17_top__parameterized2__xdcDup__4 |          3 |          3 |       0 |    0 |     1 |      0 |      0 |          0 |
|               inst_mi_handler                                                                         |           design_1_axi_ctrl_smc_0_sc_node_v1_0_17_mi_handler__parameterized2__xdcDup__4 |         98 |         70 |      28 |    0 |    89 |      0 |      0 |          0 |
|                 (inst_mi_handler)                                                                     |           design_1_axi_ctrl_smc_0_sc_node_v1_0_17_mi_handler__parameterized2__xdcDup__4 |          0 |          0 |       0 |    0 |     2 |      0 |      0 |          0 |
|                 gen_normal_area.gen_fifo_req.inst_fifo_req                                            |                 design_1_axi_ctrl_smc_0_sc_node_v1_0_17_fifo__parameterized1__xdcDup__8 |         26 |         26 |       0 |    0 |    20 |      0 |      0 |          0 |
|                   gen_xpm_memory_fifo.inst_fifo                                                       |       design_1_axi_ctrl_smc_0_sc_util_v1_0_4_xpm_memory_fifo__parameterized1__xdcDup__8 |         26 |         26 |       0 |    0 |    20 |      0 |      0 |          0 |
|                     (gen_xpm_memory_fifo.inst_fifo)                                                   |       design_1_axi_ctrl_smc_0_sc_util_v1_0_4_xpm_memory_fifo__parameterized1__xdcDup__8 |          4 |          4 |       0 |    0 |     2 |      0 |      0 |          0 |
|                     gen_mem_rep[0].inst_rd_addrb                                                      |                                      design_1_axi_ctrl_smc_0_sc_util_v1_0_4_counter_548 |          6 |          6 |       0 |    0 |     6 |      0 |      0 |          0 |
|                     gen_mem_rep[0].inst_wr_addra                                                      |                                      design_1_axi_ctrl_smc_0_sc_util_v1_0_4_counter_549 |          5 |          5 |       0 |    0 |     6 |      0 |      0 |          0 |
|                     gen_wr.inst_wr_addra_p1                                                           |                      design_1_axi_ctrl_smc_0_sc_util_v1_0_4_counter__parameterized0_550 |         12 |         12 |       0 |    0 |     6 |      0 |      0 |          0 |
|                 gen_normal_area.inst_fifo_node_payld                                                  |                 design_1_axi_ctrl_smc_0_sc_node_v1_0_17_fifo__parameterized3__xdcDup__4 |         67 |         39 |      28 |    0 |    63 |      0 |      0 |          0 |
|                   gen_xpm_memory_fifo.inst_fifo                                                       |       design_1_axi_ctrl_smc_0_sc_util_v1_0_4_xpm_memory_fifo__parameterized3__xdcDup__4 |         67 |         39 |      28 |    0 |    63 |      0 |      0 |          0 |
|                     (gen_xpm_memory_fifo.inst_fifo)                                                   |       design_1_axi_ctrl_smc_0_sc_util_v1_0_4_xpm_memory_fifo__parameterized3__xdcDup__4 |          5 |          5 |       0 |    0 |     4 |      0 |      0 |          0 |
|                     gen_mem_rep[0].inst_rd_addrb                                                      |                                      design_1_axi_ctrl_smc_0_sc_util_v1_0_4_counter_545 |          6 |          6 |       0 |    0 |     6 |      0 |      0 |          0 |
|                     gen_mem_rep[0].inst_wr_addra                                                      |                                      design_1_axi_ctrl_smc_0_sc_util_v1_0_4_counter_546 |          5 |          5 |       0 |    0 |     6 |      0 |      0 |          0 |
|                     gen_mem_rep[0].inst_xpm_memory                                                    |                            design_1_axi_ctrl_smc_0_xpm_memory_sdpram__parameterized3__8 |         28 |          0 |      28 |    0 |    41 |      0 |      0 |          0 |
|                       xpm_memory_base_inst                                                            |                              design_1_axi_ctrl_smc_0_xpm_memory_base__parameterized3__8 |         28 |          0 |      28 |    0 |    41 |      0 |      0 |          0 |
|                     gen_wr.inst_wr_addra_p1                                                           |                      design_1_axi_ctrl_smc_0_sc_util_v1_0_4_counter__parameterized0_547 |         23 |         23 |       0 |    0 |     6 |      0 |      0 |          0 |
|                 gen_normal_area.inst_fifo_send                                                        |                  design_1_axi_ctrl_smc_0_sc_node_v1_0_17_reg_slice3__parameterized0_544 |          5 |          5 |       0 |    0 |     4 |      0 |      0 |          0 |
|               inst_si_handler                                                                         |                  design_1_axi_ctrl_smc_0_sc_node_v1_0_17_si_handler__parameterized2_543 |          1 |          1 |       0 |    0 |     1 |      0 |      0 |          0 |
|               s_sc_xpm_cdc_async_rst_inst                                                             |                                           design_1_axi_ctrl_smc_0_xpm_cdc_async_rst__68 |          1 |          1 |       0 |    0 |     3 |      0 |      0 |          0 |
|           m03_w_node                                                                                  |                                                 design_1_axi_ctrl_smc_0_bd_01d9_m03wn_0 |         95 |         67 |      28 |    0 |    87 |      0 |      0 |          0 |
|             inst                                                                                      |                  design_1_axi_ctrl_smc_0_sc_node_v1_0_17_top__parameterized3__xdcDup__4 |         95 |         67 |      28 |    0 |    87 |      0 |      0 |          0 |
|               (inst)                                                                                  |                  design_1_axi_ctrl_smc_0_sc_node_v1_0_17_top__parameterized3__xdcDup__4 |          3 |          3 |       0 |    0 |     1 |      0 |      0 |          0 |
|               inst_mi_handler                                                                         |           design_1_axi_ctrl_smc_0_sc_node_v1_0_17_mi_handler__parameterized3__xdcDup__4 |         90 |         62 |      28 |    0 |    82 |      0 |      0 |          0 |
|                 (inst_mi_handler)                                                                     |           design_1_axi_ctrl_smc_0_sc_node_v1_0_17_mi_handler__parameterized3__xdcDup__4 |          0 |          0 |       0 |    0 |     2 |      0 |      0 |          0 |
|                 gen_normal_area.gen_node_prog_full.inst_node_prog_full                                |                                design_1_axi_ctrl_smc_0_sc_node_v1_0_17_fifo__xdcDup__12 |         36 |         36 |       0 |    0 |    21 |      0 |      0 |          0 |
|                   gen_xpm_memory_fifo.inst_fifo                                                       |                      design_1_axi_ctrl_smc_0_sc_util_v1_0_4_xpm_memory_fifo__xdcDup__12 |         36 |         36 |       0 |    0 |    21 |      0 |      0 |          0 |
|                     (gen_xpm_memory_fifo.inst_fifo)                                                   |                      design_1_axi_ctrl_smc_0_sc_util_v1_0_4_xpm_memory_fifo__xdcDup__12 |          5 |          5 |       0 |    0 |     3 |      0 |      0 |          0 |
|                     gen_mem_rep[0].inst_rd_addrb                                                      |                                      design_1_axi_ctrl_smc_0_sc_util_v1_0_4_counter_540 |          6 |          6 |       0 |    0 |     6 |      0 |      0 |          0 |
|                     gen_mem_rep[0].inst_wr_addra                                                      |                                      design_1_axi_ctrl_smc_0_sc_util_v1_0_4_counter_541 |          5 |          5 |       0 |    0 |     6 |      0 |      0 |          0 |
|                     gen_wr.inst_wr_addra_p1                                                           |                      design_1_axi_ctrl_smc_0_sc_util_v1_0_4_counter__parameterized0_542 |         20 |         20 |       0 |    0 |     6 |      0 |      0 |          0 |
|                 gen_normal_area.inst_fifo_node_payld                                                  |                 design_1_axi_ctrl_smc_0_sc_node_v1_0_17_fifo__parameterized4__xdcDup__4 |         55 |         27 |      28 |    0 |    58 |      0 |      0 |          0 |
|                   gen_xpm_memory_fifo.inst_fifo                                                       |       design_1_axi_ctrl_smc_0_sc_util_v1_0_4_xpm_memory_fifo__parameterized4__xdcDup__4 |         55 |         27 |      28 |    0 |    58 |      0 |      0 |          0 |
|                     (gen_xpm_memory_fifo.inst_fifo)                                                   |       design_1_axi_ctrl_smc_0_sc_util_v1_0_4_xpm_memory_fifo__parameterized4__xdcDup__4 |          4 |          4 |       0 |    0 |     3 |      0 |      0 |          0 |
|                     gen_mem_rep[0].inst_rd_addrb                                                      |                                      design_1_axi_ctrl_smc_0_sc_util_v1_0_4_counter_537 |          6 |          6 |       0 |    0 |     6 |      0 |      0 |          0 |
|                     gen_mem_rep[0].inst_wr_addra                                                      |                                      design_1_axi_ctrl_smc_0_sc_util_v1_0_4_counter_538 |          4 |          4 |       0 |    0 |     6 |      0 |      0 |          0 |
|                     gen_mem_rep[0].inst_xpm_memory                                                    |                            design_1_axi_ctrl_smc_0_xpm_memory_sdpram__parameterized4__8 |         28 |          0 |      28 |    0 |    37 |      0 |      0 |          0 |
|                       xpm_memory_base_inst                                                            |                              design_1_axi_ctrl_smc_0_xpm_memory_base__parameterized4__8 |         28 |          0 |      28 |    0 |    37 |      0 |      0 |          0 |
|                     gen_wr.inst_wr_addra_p1                                                           |                      design_1_axi_ctrl_smc_0_sc_util_v1_0_4_counter__parameterized0_539 |         13 |         13 |       0 |    0 |     6 |      0 |      0 |          0 |
|                 inst_ingress                                                                          |                     design_1_axi_ctrl_smc_0_sc_node_v1_0_17_ingress__parameterized3_535 |          0 |          0 |       0 |    0 |     1 |      0 |      0 |          0 |
|                   inst_pipeline_valid                                                                 |                     design_1_axi_ctrl_smc_0_sc_util_v1_0_4_pipeline__parameterized2_536 |          0 |          0 |       0 |    0 |     1 |      0 |      0 |          0 |
|               inst_si_handler                                                                         |                  design_1_axi_ctrl_smc_0_sc_node_v1_0_17_si_handler__parameterized3_534 |          1 |          1 |       0 |    0 |     1 |      0 |      0 |          0 |
|               s_sc_xpm_cdc_async_rst_inst                                                             |                                           design_1_axi_ctrl_smc_0_xpm_cdc_async_rst__66 |          1 |          1 |       0 |    0 |     3 |      0 |      0 |          0 |
|         m03_sc2axi                                                                                    |                                                design_1_axi_ctrl_smc_0_bd_01d9_m03s2a_0 |          0 |          0 |       0 |    0 |     0 |      0 |      0 |          0 |
|           inst                                                                                        |                           design_1_axi_ctrl_smc_0_sc_sc2axi_v1_0_10_top__parameterized1 |          0 |          0 |       0 |    0 |     0 |      0 |      0 |          0 |
|         m04_exit_pipeline                                                                             |                                    design_1_axi_ctrl_smc_0_m04_exit_pipeline_imp_1ANYFG |        223 |        220 |       0 |    3 |   345 |      0 |      0 |          0 |
|           m04_exit                                                                                    |                                                  design_1_axi_ctrl_smc_0_bd_01d9_m04e_0 |        223 |        220 |       0 |    3 |   345 |      0 |      0 |          0 |
|             inst                                                                                      |                             design_1_axi_ctrl_smc_0_sc_exit_v1_0_16_top__parameterized2 |        223 |        220 |       0 |    3 |   345 |      0 |      0 |          0 |
|               (inst)                                                                                  |                             design_1_axi_ctrl_smc_0_sc_exit_v1_0_16_top__parameterized2 |          1 |          1 |       0 |    0 |     2 |      0 |      0 |          0 |
|               ar_reg                                                                                  |                                design_1_axi_ctrl_smc_0_sc_util_v1_0_4_axi_reg_stall_524 |          8 |          8 |       0 |    0 |    16 |      0 |      0 |          0 |
|               aw_reg                                                                                  |                                design_1_axi_ctrl_smc_0_sc_util_v1_0_4_axi_reg_stall_525 |          8 |          8 |       0 |    0 |    16 |      0 |      0 |          0 |
|               b_reg                                                                                   |                                design_1_axi_ctrl_smc_0_sc_util_v1_0_4_axi_reg_stall_526 |          8 |          8 |       0 |    0 |     8 |      0 |      0 |          0 |
|               exit_inst                                                                               |                            design_1_axi_ctrl_smc_0_sc_exit_v1_0_16_exit__parameterized2 |         29 |         26 |       0 |    3 |    19 |      0 |      0 |          0 |
|                 gen_r_cmd_fifo.r_cmd_fifo                                                             |                            design_1_axi_ctrl_smc_0_sc_util_v1_0_4_axic_reg_srl_fifo_529 |         11 |         11 |       0 |    0 |     8 |      0 |      0 |          0 |
|                 gen_w_cmd_fifo.w_cmd_fifo                                                             |            design_1_axi_ctrl_smc_0_sc_util_v1_0_4_axic_reg_srl_fifo__parameterized0_530 |         18 |         15 |       0 |    3 |    11 |      0 |      0 |          0 |
|                   (gen_w_cmd_fifo.w_cmd_fifo)                                                         |            design_1_axi_ctrl_smc_0_sc_util_v1_0_4_axic_reg_srl_fifo__parameterized0_530 |         15 |         15 |       0 |    0 |    11 |      0 |      0 |          0 |
|                   gen_srls[1].srl_nx1                                                                 |                                      design_1_axi_ctrl_smc_0_sc_util_v1_0_4_srl_rtl_531 |          2 |          1 |       0 |    1 |     0 |      0 |      0 |          0 |
|                   gen_srls[2].srl_nx1                                                                 |                                      design_1_axi_ctrl_smc_0_sc_util_v1_0_4_srl_rtl_532 |          1 |          0 |       0 |    1 |     0 |      0 |      0 |          0 |
|                   gen_srls[3].srl_nx1                                                                 |                                      design_1_axi_ctrl_smc_0_sc_util_v1_0_4_srl_rtl_533 |          1 |          0 |       0 |    1 |     0 |      0 |      0 |          0 |
|               r_reg                                                                                   |                                design_1_axi_ctrl_smc_0_sc_util_v1_0_4_axi_reg_stall_527 |         38 |         38 |       0 |    0 |    72 |      0 |      0 |          0 |
|               splitter_inst                                                                           |                        design_1_axi_ctrl_smc_0_sc_exit_v1_0_16_splitter__parameterized2 |        111 |        111 |       0 |    0 |   141 |      0 |      0 |          0 |
|                 gen_axi4lite.axilite_conv                                                             |                                    design_1_axi_ctrl_smc_0_sc_exit_v1_0_16_axilite_conv |        111 |        111 |       0 |    0 |   141 |      0 |      0 |          0 |
|               w_reg                                                                                   |                                design_1_axi_ctrl_smc_0_sc_util_v1_0_4_axi_reg_stall_528 |         21 |         21 |       0 |    0 |    68 |      0 |      0 |          0 |
|               xpm_cdc_async_rst_inst                                                                  |                                           design_1_axi_ctrl_smc_0_xpm_cdc_async_rst__31 |          1 |          1 |       0 |    0 |     3 |      0 |      0 |          0 |
|         m04_nodes                                                                                     |                                            design_1_axi_ctrl_smc_0_m04_nodes_imp_4VKBAZ |        441 |        347 |      94 |    0 |   369 |      0 |      0 |          0 |
|           m04_ar_node                                                                                 |                                                design_1_axi_ctrl_smc_0_bd_01d9_m04arn_0 |         87 |         67 |      20 |    0 |    70 |      0 |      0 |          0 |
|             inst                                                                                      |                                  design_1_axi_ctrl_smc_0_sc_node_v1_0_17_top__xdcDup__5 |         87 |         67 |      20 |    0 |    70 |      0 |      0 |          0 |
|               (inst)                                                                                  |                                  design_1_axi_ctrl_smc_0_sc_node_v1_0_17_top__xdcDup__5 |          3 |          3 |       0 |    0 |     1 |      0 |      0 |          0 |
|               inst_mi_handler                                                                         |                           design_1_axi_ctrl_smc_0_sc_node_v1_0_17_mi_handler__xdcDup__5 |         82 |         62 |      20 |    0 |    65 |      0 |      0 |          0 |
|                 (inst_mi_handler)                                                                     |                           design_1_axi_ctrl_smc_0_sc_node_v1_0_17_mi_handler__xdcDup__5 |          0 |          0 |       0 |    0 |     2 |      0 |      0 |          0 |
|                 gen_normal_area.gen_node_prog_full.inst_node_prog_full                                |                                design_1_axi_ctrl_smc_0_sc_node_v1_0_17_fifo__xdcDup__13 |         36 |         36 |       0 |    0 |    21 |      0 |      0 |          0 |
|                   gen_xpm_memory_fifo.inst_fifo                                                       |                      design_1_axi_ctrl_smc_0_sc_util_v1_0_4_xpm_memory_fifo__xdcDup__13 |         36 |         36 |       0 |    0 |    21 |      0 |      0 |          0 |
|                     (gen_xpm_memory_fifo.inst_fifo)                                                   |                      design_1_axi_ctrl_smc_0_sc_util_v1_0_4_xpm_memory_fifo__xdcDup__13 |          5 |          5 |       0 |    0 |     3 |      0 |      0 |          0 |
|                     gen_mem_rep[0].inst_rd_addrb                                                      |                                      design_1_axi_ctrl_smc_0_sc_util_v1_0_4_counter_521 |          6 |          6 |       0 |    0 |     6 |      0 |      0 |          0 |
|                     gen_mem_rep[0].inst_wr_addra                                                      |                                      design_1_axi_ctrl_smc_0_sc_util_v1_0_4_counter_522 |          5 |          5 |       0 |    0 |     6 |      0 |      0 |          0 |
|                     gen_wr.inst_wr_addra_p1                                                           |                      design_1_axi_ctrl_smc_0_sc_util_v1_0_4_counter__parameterized0_523 |         20 |         20 |       0 |    0 |     6 |      0 |      0 |          0 |
|                 gen_normal_area.inst_fifo_node_payld                                                  |                 design_1_axi_ctrl_smc_0_sc_node_v1_0_17_fifo__parameterized0__xdcDup__9 |         47 |         27 |      20 |    0 |    41 |      0 |      0 |          0 |
|                   gen_xpm_memory_fifo.inst_fifo                                                       |       design_1_axi_ctrl_smc_0_sc_util_v1_0_4_xpm_memory_fifo__parameterized0__xdcDup__9 |         47 |         27 |      20 |    0 |    41 |      0 |      0 |          0 |
|                     (gen_xpm_memory_fifo.inst_fifo)                                                   |       design_1_axi_ctrl_smc_0_sc_util_v1_0_4_xpm_memory_fifo__parameterized0__xdcDup__9 |          4 |          4 |       0 |    0 |     3 |      0 |      0 |          0 |
|                     gen_mem_rep[0].inst_rd_addrb                                                      |                                      design_1_axi_ctrl_smc_0_sc_util_v1_0_4_counter_518 |          6 |          6 |       0 |    0 |     6 |      0 |      0 |          0 |
|                     gen_mem_rep[0].inst_wr_addra                                                      |                                      design_1_axi_ctrl_smc_0_sc_util_v1_0_4_counter_519 |          4 |          4 |       0 |    0 |     6 |      0 |      0 |          0 |
|                     gen_mem_rep[0].inst_xpm_memory                                                    |                           design_1_axi_ctrl_smc_0_xpm_memory_sdpram__parameterized0__15 |         20 |          0 |      20 |    0 |    20 |      0 |      0 |          0 |
|                       xpm_memory_base_inst                                                            |                             design_1_axi_ctrl_smc_0_xpm_memory_base__parameterized0__15 |         20 |          0 |      20 |    0 |    20 |      0 |      0 |          0 |
|                     gen_wr.inst_wr_addra_p1                                                           |                      design_1_axi_ctrl_smc_0_sc_util_v1_0_4_counter__parameterized0_520 |         13 |         13 |       0 |    0 |     6 |      0 |      0 |          0 |
|                 inst_ingress                                                                          |                                     design_1_axi_ctrl_smc_0_sc_node_v1_0_17_ingress_516 |          0 |          0 |       0 |    0 |     1 |      0 |      0 |          0 |
|                   inst_pipeline_valid                                                                 |                     design_1_axi_ctrl_smc_0_sc_util_v1_0_4_pipeline__parameterized2_517 |          0 |          0 |       0 |    0 |     1 |      0 |      0 |          0 |
|               inst_si_handler                                                                         |                                  design_1_axi_ctrl_smc_0_sc_node_v1_0_17_si_handler_515 |          1 |          1 |       0 |    0 |     1 |      0 |      0 |          0 |
|               s_sc_xpm_cdc_async_rst_inst                                                             |                                           design_1_axi_ctrl_smc_0_xpm_cdc_async_rst__64 |          1 |          1 |       0 |    0 |     3 |      0 |      0 |          0 |
|           m04_aw_node                                                                                 |                                                design_1_axi_ctrl_smc_0_bd_01d9_m04awn_0 |         79 |         67 |      12 |    0 |    59 |      0 |      0 |          0 |
|             inst                                                                                      |                  design_1_axi_ctrl_smc_0_sc_node_v1_0_17_top__parameterized0__xdcDup__5 |         79 |         67 |      12 |    0 |    59 |      0 |      0 |          0 |
|               (inst)                                                                                  |                  design_1_axi_ctrl_smc_0_sc_node_v1_0_17_top__parameterized0__xdcDup__5 |          3 |          3 |       0 |    0 |     1 |      0 |      0 |          0 |
|               inst_mi_handler                                                                         |           design_1_axi_ctrl_smc_0_sc_node_v1_0_17_mi_handler__parameterized0__xdcDup__5 |         74 |         62 |      12 |    0 |    54 |      0 |      0 |          0 |
|                 (inst_mi_handler)                                                                     |           design_1_axi_ctrl_smc_0_sc_node_v1_0_17_mi_handler__parameterized0__xdcDup__5 |          0 |          0 |       0 |    0 |     2 |      0 |      0 |          0 |
|                 gen_normal_area.gen_node_prog_full.inst_node_prog_full                                |                                design_1_axi_ctrl_smc_0_sc_node_v1_0_17_fifo__xdcDup__14 |         36 |         36 |       0 |    0 |    21 |      0 |      0 |          0 |
|                   gen_xpm_memory_fifo.inst_fifo                                                       |                      design_1_axi_ctrl_smc_0_sc_util_v1_0_4_xpm_memory_fifo__xdcDup__14 |         36 |         36 |       0 |    0 |    21 |      0 |      0 |          0 |
|                     (gen_xpm_memory_fifo.inst_fifo)                                                   |                      design_1_axi_ctrl_smc_0_sc_util_v1_0_4_xpm_memory_fifo__xdcDup__14 |          5 |          5 |       0 |    0 |     3 |      0 |      0 |          0 |
|                     gen_mem_rep[0].inst_rd_addrb                                                      |                                      design_1_axi_ctrl_smc_0_sc_util_v1_0_4_counter_512 |          6 |          6 |       0 |    0 |     6 |      0 |      0 |          0 |
|                     gen_mem_rep[0].inst_wr_addra                                                      |                                      design_1_axi_ctrl_smc_0_sc_util_v1_0_4_counter_513 |          5 |          5 |       0 |    0 |     6 |      0 |      0 |          0 |
|                     gen_wr.inst_wr_addra_p1                                                           |                      design_1_axi_ctrl_smc_0_sc_util_v1_0_4_counter__parameterized0_514 |         20 |         20 |       0 |    0 |     6 |      0 |      0 |          0 |
|                 gen_normal_area.inst_fifo_node_payld                                                  |                design_1_axi_ctrl_smc_0_sc_node_v1_0_17_fifo__parameterized0__xdcDup__10 |         39 |         27 |      12 |    0 |    30 |      0 |      0 |          0 |
|                   gen_xpm_memory_fifo.inst_fifo                                                       |      design_1_axi_ctrl_smc_0_sc_util_v1_0_4_xpm_memory_fifo__parameterized0__xdcDup__10 |         39 |         27 |      12 |    0 |    30 |      0 |      0 |          0 |
|                     (gen_xpm_memory_fifo.inst_fifo)                                                   |      design_1_axi_ctrl_smc_0_sc_util_v1_0_4_xpm_memory_fifo__parameterized0__xdcDup__10 |          4 |          4 |       0 |    0 |     3 |      0 |      0 |          0 |
|                     gen_mem_rep[0].inst_rd_addrb                                                      |                                      design_1_axi_ctrl_smc_0_sc_util_v1_0_4_counter_509 |          6 |          6 |       0 |    0 |     6 |      0 |      0 |          0 |
|                     gen_mem_rep[0].inst_wr_addra                                                      |                                      design_1_axi_ctrl_smc_0_sc_util_v1_0_4_counter_510 |          4 |          4 |       0 |    0 |     6 |      0 |      0 |          0 |
|                     gen_mem_rep[0].inst_xpm_memory                                                    |                           design_1_axi_ctrl_smc_0_xpm_memory_sdpram__parameterized0__14 |         12 |          0 |      12 |    0 |     9 |      0 |      0 |          0 |
|                       xpm_memory_base_inst                                                            |                             design_1_axi_ctrl_smc_0_xpm_memory_base__parameterized0__14 |         12 |          0 |      12 |    0 |     9 |      0 |      0 |          0 |
|                     gen_wr.inst_wr_addra_p1                                                           |                      design_1_axi_ctrl_smc_0_sc_util_v1_0_4_counter__parameterized0_511 |         13 |         13 |       0 |    0 |     6 |      0 |      0 |          0 |
|                 inst_ingress                                                                          |                     design_1_axi_ctrl_smc_0_sc_node_v1_0_17_ingress__parameterized0_507 |          0 |          0 |       0 |    0 |     1 |      0 |      0 |          0 |
|                   inst_pipeline_valid                                                                 |                     design_1_axi_ctrl_smc_0_sc_util_v1_0_4_pipeline__parameterized2_508 |          0 |          0 |       0 |    0 |     1 |      0 |      0 |          0 |
|               inst_si_handler                                                                         |                  design_1_axi_ctrl_smc_0_sc_node_v1_0_17_si_handler__parameterized0_506 |          1 |          1 |       0 |    0 |     1 |      0 |      0 |          0 |
|               s_sc_xpm_cdc_async_rst_inst                                                             |                                           design_1_axi_ctrl_smc_0_xpm_cdc_async_rst__62 |          1 |          1 |       0 |    0 |     3 |      0 |      0 |          0 |
|           m04_b_node                                                                                  |                                                 design_1_axi_ctrl_smc_0_bd_01d9_m04bn_0 |         80 |         74 |       6 |    0 |    59 |      0 |      0 |          0 |
|             inst                                                                                      |                  design_1_axi_ctrl_smc_0_sc_node_v1_0_17_top__parameterized1__xdcDup__5 |         80 |         74 |       6 |    0 |    59 |      0 |      0 |          0 |
|               (inst)                                                                                  |                  design_1_axi_ctrl_smc_0_sc_node_v1_0_17_top__parameterized1__xdcDup__5 |          3 |          3 |       0 |    0 |     1 |      0 |      0 |          0 |
|               inst_mi_handler                                                                         |           design_1_axi_ctrl_smc_0_sc_node_v1_0_17_mi_handler__parameterized1__xdcDup__5 |         76 |         70 |       6 |    0 |    54 |      0 |      0 |          0 |
|                 (inst_mi_handler)                                                                     |           design_1_axi_ctrl_smc_0_sc_node_v1_0_17_mi_handler__parameterized1__xdcDup__5 |          0 |          0 |       0 |    0 |     2 |      0 |      0 |          0 |
|                 gen_normal_area.gen_fifo_req.inst_fifo_req                                            |                 design_1_axi_ctrl_smc_0_sc_node_v1_0_17_fifo__parameterized1__xdcDup__9 |         26 |         26 |       0 |    0 |    20 |      0 |      0 |          0 |
|                   gen_xpm_memory_fifo.inst_fifo                                                       |       design_1_axi_ctrl_smc_0_sc_util_v1_0_4_xpm_memory_fifo__parameterized1__xdcDup__9 |         26 |         26 |       0 |    0 |    20 |      0 |      0 |          0 |
|                     (gen_xpm_memory_fifo.inst_fifo)                                                   |       design_1_axi_ctrl_smc_0_sc_util_v1_0_4_xpm_memory_fifo__parameterized1__xdcDup__9 |          4 |          4 |       0 |    0 |     2 |      0 |      0 |          0 |
|                     gen_mem_rep[0].inst_rd_addrb                                                      |                                      design_1_axi_ctrl_smc_0_sc_util_v1_0_4_counter_503 |          6 |          6 |       0 |    0 |     6 |      0 |      0 |          0 |
|                     gen_mem_rep[0].inst_wr_addra                                                      |                                      design_1_axi_ctrl_smc_0_sc_util_v1_0_4_counter_504 |          5 |          5 |       0 |    0 |     6 |      0 |      0 |          0 |
|                     gen_wr.inst_wr_addra_p1                                                           |                      design_1_axi_ctrl_smc_0_sc_util_v1_0_4_counter__parameterized0_505 |         12 |         12 |       0 |    0 |     6 |      0 |      0 |          0 |
|                 gen_normal_area.inst_fifo_node_payld                                                  |                 design_1_axi_ctrl_smc_0_sc_node_v1_0_17_fifo__parameterized2__xdcDup__5 |         45 |         39 |       6 |    0 |    28 |      0 |      0 |          0 |
|                   gen_xpm_memory_fifo.inst_fifo                                                       |       design_1_axi_ctrl_smc_0_sc_util_v1_0_4_xpm_memory_fifo__parameterized2__xdcDup__5 |         45 |         39 |       6 |    0 |    28 |      0 |      0 |          0 |
|                     (gen_xpm_memory_fifo.inst_fifo)                                                   |       design_1_axi_ctrl_smc_0_sc_util_v1_0_4_xpm_memory_fifo__parameterized2__xdcDup__5 |          5 |          5 |       0 |    0 |     4 |      0 |      0 |          0 |
|                     gen_mem_rep[0].inst_rd_addrb                                                      |                                      design_1_axi_ctrl_smc_0_sc_util_v1_0_4_counter_500 |          6 |          6 |       0 |    0 |     6 |      0 |      0 |          0 |
|                     gen_mem_rep[0].inst_wr_addra                                                      |                                      design_1_axi_ctrl_smc_0_sc_util_v1_0_4_counter_501 |          5 |          5 |       0 |    0 |     6 |      0 |      0 |          0 |
|                     gen_mem_rep[0].inst_xpm_memory                                                    |                            design_1_axi_ctrl_smc_0_xpm_memory_sdpram__parameterized2__7 |          6 |          0 |       6 |    0 |     6 |      0 |      0 |          0 |
|                       xpm_memory_base_inst                                                            |                              design_1_axi_ctrl_smc_0_xpm_memory_base__parameterized2__7 |          6 |          0 |       6 |    0 |     6 |      0 |      0 |          0 |
|                     gen_wr.inst_wr_addra_p1                                                           |                      design_1_axi_ctrl_smc_0_sc_util_v1_0_4_counter__parameterized0_502 |         23 |         23 |       0 |    0 |     6 |      0 |      0 |          0 |
|                 gen_normal_area.inst_fifo_send                                                        |                  design_1_axi_ctrl_smc_0_sc_node_v1_0_17_reg_slice3__parameterized0_499 |          5 |          5 |       0 |    0 |     4 |      0 |      0 |          0 |
|               inst_si_handler                                                                         |                  design_1_axi_ctrl_smc_0_sc_node_v1_0_17_si_handler__parameterized1_498 |          1 |          1 |       0 |    0 |     1 |      0 |      0 |          0 |
|               s_sc_xpm_cdc_async_rst_inst                                                             |                                           design_1_axi_ctrl_smc_0_xpm_cdc_async_rst__60 |          1 |          1 |       0 |    0 |     3 |      0 |      0 |          0 |
|           m04_r_node                                                                                  |                                                 design_1_axi_ctrl_smc_0_bd_01d9_m04rn_0 |        102 |         74 |      28 |    0 |    94 |      0 |      0 |          0 |
|             inst                                                                                      |                  design_1_axi_ctrl_smc_0_sc_node_v1_0_17_top__parameterized2__xdcDup__5 |        102 |         74 |      28 |    0 |    94 |      0 |      0 |          0 |
|               (inst)                                                                                  |                  design_1_axi_ctrl_smc_0_sc_node_v1_0_17_top__parameterized2__xdcDup__5 |          3 |          3 |       0 |    0 |     1 |      0 |      0 |          0 |
|               inst_mi_handler                                                                         |           design_1_axi_ctrl_smc_0_sc_node_v1_0_17_mi_handler__parameterized2__xdcDup__5 |         98 |         70 |      28 |    0 |    89 |      0 |      0 |          0 |
|                 (inst_mi_handler)                                                                     |           design_1_axi_ctrl_smc_0_sc_node_v1_0_17_mi_handler__parameterized2__xdcDup__5 |          0 |          0 |       0 |    0 |     2 |      0 |      0 |          0 |
|                 gen_normal_area.gen_fifo_req.inst_fifo_req                                            |                design_1_axi_ctrl_smc_0_sc_node_v1_0_17_fifo__parameterized1__xdcDup__10 |         26 |         26 |       0 |    0 |    20 |      0 |      0 |          0 |
|                   gen_xpm_memory_fifo.inst_fifo                                                       |      design_1_axi_ctrl_smc_0_sc_util_v1_0_4_xpm_memory_fifo__parameterized1__xdcDup__10 |         26 |         26 |       0 |    0 |    20 |      0 |      0 |          0 |
|                     (gen_xpm_memory_fifo.inst_fifo)                                                   |      design_1_axi_ctrl_smc_0_sc_util_v1_0_4_xpm_memory_fifo__parameterized1__xdcDup__10 |          4 |          4 |       0 |    0 |     2 |      0 |      0 |          0 |
|                     gen_mem_rep[0].inst_rd_addrb                                                      |                                      design_1_axi_ctrl_smc_0_sc_util_v1_0_4_counter_495 |          6 |          6 |       0 |    0 |     6 |      0 |      0 |          0 |
|                     gen_mem_rep[0].inst_wr_addra                                                      |                                      design_1_axi_ctrl_smc_0_sc_util_v1_0_4_counter_496 |          5 |          5 |       0 |    0 |     6 |      0 |      0 |          0 |
|                     gen_wr.inst_wr_addra_p1                                                           |                      design_1_axi_ctrl_smc_0_sc_util_v1_0_4_counter__parameterized0_497 |         12 |         12 |       0 |    0 |     6 |      0 |      0 |          0 |
|                 gen_normal_area.inst_fifo_node_payld                                                  |                 design_1_axi_ctrl_smc_0_sc_node_v1_0_17_fifo__parameterized3__xdcDup__5 |         67 |         39 |      28 |    0 |    63 |      0 |      0 |          0 |
|                   gen_xpm_memory_fifo.inst_fifo                                                       |       design_1_axi_ctrl_smc_0_sc_util_v1_0_4_xpm_memory_fifo__parameterized3__xdcDup__5 |         67 |         39 |      28 |    0 |    63 |      0 |      0 |          0 |
|                     (gen_xpm_memory_fifo.inst_fifo)                                                   |       design_1_axi_ctrl_smc_0_sc_util_v1_0_4_xpm_memory_fifo__parameterized3__xdcDup__5 |          5 |          5 |       0 |    0 |     4 |      0 |      0 |          0 |
|                     gen_mem_rep[0].inst_rd_addrb                                                      |                                      design_1_axi_ctrl_smc_0_sc_util_v1_0_4_counter_492 |          6 |          6 |       0 |    0 |     6 |      0 |      0 |          0 |
|                     gen_mem_rep[0].inst_wr_addra                                                      |                                      design_1_axi_ctrl_smc_0_sc_util_v1_0_4_counter_493 |          5 |          5 |       0 |    0 |     6 |      0 |      0 |          0 |
|                     gen_mem_rep[0].inst_xpm_memory                                                    |                            design_1_axi_ctrl_smc_0_xpm_memory_sdpram__parameterized3__7 |         28 |          0 |      28 |    0 |    41 |      0 |      0 |          0 |
|                       xpm_memory_base_inst                                                            |                              design_1_axi_ctrl_smc_0_xpm_memory_base__parameterized3__7 |         28 |          0 |      28 |    0 |    41 |      0 |      0 |          0 |
|                     gen_wr.inst_wr_addra_p1                                                           |                      design_1_axi_ctrl_smc_0_sc_util_v1_0_4_counter__parameterized0_494 |         23 |         23 |       0 |    0 |     6 |      0 |      0 |          0 |
|                 gen_normal_area.inst_fifo_send                                                        |                  design_1_axi_ctrl_smc_0_sc_node_v1_0_17_reg_slice3__parameterized0_491 |          5 |          5 |       0 |    0 |     4 |      0 |      0 |          0 |
|               inst_si_handler                                                                         |                  design_1_axi_ctrl_smc_0_sc_node_v1_0_17_si_handler__parameterized2_490 |          1 |          1 |       0 |    0 |     1 |      0 |      0 |          0 |
|               s_sc_xpm_cdc_async_rst_inst                                                             |                                           design_1_axi_ctrl_smc_0_xpm_cdc_async_rst__58 |          1 |          1 |       0 |    0 |     3 |      0 |      0 |          0 |
|           m04_w_node                                                                                  |                                                 design_1_axi_ctrl_smc_0_bd_01d9_m04wn_0 |         95 |         67 |      28 |    0 |    87 |      0 |      0 |          0 |
|             inst                                                                                      |                  design_1_axi_ctrl_smc_0_sc_node_v1_0_17_top__parameterized3__xdcDup__5 |         95 |         67 |      28 |    0 |    87 |      0 |      0 |          0 |
|               (inst)                                                                                  |                  design_1_axi_ctrl_smc_0_sc_node_v1_0_17_top__parameterized3__xdcDup__5 |          3 |          3 |       0 |    0 |     1 |      0 |      0 |          0 |
|               inst_mi_handler                                                                         |           design_1_axi_ctrl_smc_0_sc_node_v1_0_17_mi_handler__parameterized3__xdcDup__5 |         90 |         62 |      28 |    0 |    82 |      0 |      0 |          0 |
|                 (inst_mi_handler)                                                                     |           design_1_axi_ctrl_smc_0_sc_node_v1_0_17_mi_handler__parameterized3__xdcDup__5 |          0 |          0 |       0 |    0 |     2 |      0 |      0 |          0 |
|                 gen_normal_area.gen_node_prog_full.inst_node_prog_full                                |                                design_1_axi_ctrl_smc_0_sc_node_v1_0_17_fifo__xdcDup__15 |         36 |         36 |       0 |    0 |    21 |      0 |      0 |          0 |
|                   gen_xpm_memory_fifo.inst_fifo                                                       |                      design_1_axi_ctrl_smc_0_sc_util_v1_0_4_xpm_memory_fifo__xdcDup__15 |         36 |         36 |       0 |    0 |    21 |      0 |      0 |          0 |
|                     (gen_xpm_memory_fifo.inst_fifo)                                                   |                      design_1_axi_ctrl_smc_0_sc_util_v1_0_4_xpm_memory_fifo__xdcDup__15 |          5 |          5 |       0 |    0 |     3 |      0 |      0 |          0 |
|                     gen_mem_rep[0].inst_rd_addrb                                                      |                                      design_1_axi_ctrl_smc_0_sc_util_v1_0_4_counter_487 |          6 |          6 |       0 |    0 |     6 |      0 |      0 |          0 |
|                     gen_mem_rep[0].inst_wr_addra                                                      |                                      design_1_axi_ctrl_smc_0_sc_util_v1_0_4_counter_488 |          5 |          5 |       0 |    0 |     6 |      0 |      0 |          0 |
|                     gen_wr.inst_wr_addra_p1                                                           |                      design_1_axi_ctrl_smc_0_sc_util_v1_0_4_counter__parameterized0_489 |         20 |         20 |       0 |    0 |     6 |      0 |      0 |          0 |
|                 gen_normal_area.inst_fifo_node_payld                                                  |                 design_1_axi_ctrl_smc_0_sc_node_v1_0_17_fifo__parameterized4__xdcDup__5 |         55 |         27 |      28 |    0 |    58 |      0 |      0 |          0 |
|                   gen_xpm_memory_fifo.inst_fifo                                                       |       design_1_axi_ctrl_smc_0_sc_util_v1_0_4_xpm_memory_fifo__parameterized4__xdcDup__5 |         55 |         27 |      28 |    0 |    58 |      0 |      0 |          0 |
|                     (gen_xpm_memory_fifo.inst_fifo)                                                   |       design_1_axi_ctrl_smc_0_sc_util_v1_0_4_xpm_memory_fifo__parameterized4__xdcDup__5 |          4 |          4 |       0 |    0 |     3 |      0 |      0 |          0 |
|                     gen_mem_rep[0].inst_rd_addrb                                                      |                                      design_1_axi_ctrl_smc_0_sc_util_v1_0_4_counter_484 |          6 |          6 |       0 |    0 |     6 |      0 |      0 |          0 |
|                     gen_mem_rep[0].inst_wr_addra                                                      |                                      design_1_axi_ctrl_smc_0_sc_util_v1_0_4_counter_485 |          4 |          4 |       0 |    0 |     6 |      0 |      0 |          0 |
|                     gen_mem_rep[0].inst_xpm_memory                                                    |                            design_1_axi_ctrl_smc_0_xpm_memory_sdpram__parameterized4__7 |         28 |          0 |      28 |    0 |    37 |      0 |      0 |          0 |
|                       xpm_memory_base_inst                                                            |                              design_1_axi_ctrl_smc_0_xpm_memory_base__parameterized4__7 |         28 |          0 |      28 |    0 |    37 |      0 |      0 |          0 |
|                     gen_wr.inst_wr_addra_p1                                                           |                      design_1_axi_ctrl_smc_0_sc_util_v1_0_4_counter__parameterized0_486 |         13 |         13 |       0 |    0 |     6 |      0 |      0 |          0 |
|                 inst_ingress                                                                          |                     design_1_axi_ctrl_smc_0_sc_node_v1_0_17_ingress__parameterized3_482 |          0 |          0 |       0 |    0 |     1 |      0 |      0 |          0 |
|                   inst_pipeline_valid                                                                 |                     design_1_axi_ctrl_smc_0_sc_util_v1_0_4_pipeline__parameterized2_483 |          0 |          0 |       0 |    0 |     1 |      0 |      0 |          0 |
|               inst_si_handler                                                                         |                  design_1_axi_ctrl_smc_0_sc_node_v1_0_17_si_handler__parameterized3_481 |          1 |          1 |       0 |    0 |     1 |      0 |      0 |          0 |
|               s_sc_xpm_cdc_async_rst_inst                                                             |                                           design_1_axi_ctrl_smc_0_xpm_cdc_async_rst__56 |          1 |          1 |       0 |    0 |     3 |      0 |      0 |          0 |
|         m04_sc2axi                                                                                    |                                                design_1_axi_ctrl_smc_0_bd_01d9_m04s2a_0 |          0 |          0 |       0 |    0 |     0 |      0 |      0 |          0 |
|           inst                                                                                        |                           design_1_axi_ctrl_smc_0_sc_sc2axi_v1_0_10_top__parameterized2 |          0 |          0 |       0 |    0 |     0 |      0 |      0 |          0 |
|         m05_exit_pipeline                                                                             |                                    design_1_axi_ctrl_smc_0_m05_exit_pipeline_imp_5EX4UK |        159 |        150 |       0 |    9 |   314 |      0 |      0 |          0 |
|           m05_exit                                                                                    |                                                  design_1_axi_ctrl_smc_0_bd_01d9_m05e_0 |        159 |        150 |       0 |    9 |   314 |      0 |      0 |          0 |
|             inst                                                                                      |                             design_1_axi_ctrl_smc_0_sc_exit_v1_0_16_top__parameterized3 |        159 |        150 |       0 |    9 |   314 |      0 |      0 |          0 |
|               (inst)                                                                                  |                             design_1_axi_ctrl_smc_0_sc_exit_v1_0_16_top__parameterized3 |          1 |          1 |       0 |    0 |     2 |      0 |      0 |          0 |
|               ar_reg                                                                                  |                                design_1_axi_ctrl_smc_0_sc_util_v1_0_4_axi_reg_stall_467 |         28 |         28 |       0 |    0 |    62 |      0 |      0 |          0 |
|               aw_reg                                                                                  |                                design_1_axi_ctrl_smc_0_sc_util_v1_0_4_axi_reg_stall_468 |         27 |         27 |       0 |    0 |    62 |      0 |      0 |          0 |
|               b_reg                                                                                   |                                design_1_axi_ctrl_smc_0_sc_util_v1_0_4_axi_reg_stall_469 |          9 |          9 |       0 |    0 |     8 |      0 |      0 |          0 |
|               exit_inst                                                                               |                            design_1_axi_ctrl_smc_0_sc_exit_v1_0_16_exit__parameterized3 |         46 |         37 |       0 |    9 |    25 |      0 |      0 |          0 |
|                 gen_r_cmd_fifo.r_cmd_fifo                                                             |                                design_1_axi_ctrl_smc_0_sc_util_v1_0_4_axic_reg_srl_fifo |         28 |         22 |       0 |    6 |    14 |      0 |      0 |          0 |
|                   (gen_r_cmd_fifo.r_cmd_fifo)                                                         |                                design_1_axi_ctrl_smc_0_sc_util_v1_0_4_axic_reg_srl_fifo |         15 |         15 |       0 |    0 |    14 |      0 |      0 |          0 |
|                   gen_srls[12].srl_nx1                                                                |                                      design_1_axi_ctrl_smc_0_sc_util_v1_0_4_srl_rtl_475 |          2 |          1 |       0 |    1 |     0 |      0 |      0 |          0 |
|                   gen_srls[13].srl_nx1                                                                |                                      design_1_axi_ctrl_smc_0_sc_util_v1_0_4_srl_rtl_476 |          2 |          1 |       0 |    1 |     0 |      0 |      0 |          0 |
|                   gen_srls[14].srl_nx1                                                                |                                      design_1_axi_ctrl_smc_0_sc_util_v1_0_4_srl_rtl_477 |          2 |          1 |       0 |    1 |     0 |      0 |      0 |          0 |
|                   gen_srls[15].srl_nx1                                                                |                                      design_1_axi_ctrl_smc_0_sc_util_v1_0_4_srl_rtl_478 |          2 |          1 |       0 |    1 |     0 |      0 |      0 |          0 |
|                   gen_srls[16].srl_nx1                                                                |                                      design_1_axi_ctrl_smc_0_sc_util_v1_0_4_srl_rtl_479 |          2 |          1 |       0 |    1 |     0 |      0 |      0 |          0 |
|                   gen_srls[17].srl_nx1                                                                |                                      design_1_axi_ctrl_smc_0_sc_util_v1_0_4_srl_rtl_480 |          3 |          2 |       0 |    1 |     0 |      0 |      0 |          0 |
|                 gen_w_cmd_fifo.w_cmd_fifo                                                             |                design_1_axi_ctrl_smc_0_sc_util_v1_0_4_axic_reg_srl_fifo__parameterized0 |         18 |         15 |       0 |    3 |    11 |      0 |      0 |          0 |
|                   (gen_w_cmd_fifo.w_cmd_fifo)                                                         |                design_1_axi_ctrl_smc_0_sc_util_v1_0_4_axic_reg_srl_fifo__parameterized0 |         15 |         15 |       0 |    0 |    11 |      0 |      0 |          0 |
|                   gen_srls[1].srl_nx1                                                                 |                                      design_1_axi_ctrl_smc_0_sc_util_v1_0_4_srl_rtl_472 |          1 |          0 |       0 |    1 |     0 |      0 |      0 |          0 |
|                   gen_srls[2].srl_nx1                                                                 |                                      design_1_axi_ctrl_smc_0_sc_util_v1_0_4_srl_rtl_473 |          1 |          0 |       0 |    1 |     0 |      0 |      0 |          0 |
|                   gen_srls[3].srl_nx1                                                                 |                                      design_1_axi_ctrl_smc_0_sc_util_v1_0_4_srl_rtl_474 |          2 |          1 |       0 |    1 |     0 |      0 |      0 |          0 |
|               r_reg                                                                                   |                                design_1_axi_ctrl_smc_0_sc_util_v1_0_4_axi_reg_stall_470 |         24 |         24 |       0 |    0 |    74 |      0 |      0 |          0 |
|               w_reg                                                                                   |                                design_1_axi_ctrl_smc_0_sc_util_v1_0_4_axi_reg_stall_471 |         24 |         24 |       0 |    0 |    78 |      0 |      0 |          0 |
|               xpm_cdc_async_rst_inst                                                                  |                                           design_1_axi_ctrl_smc_0_xpm_cdc_async_rst__32 |          1 |          1 |       0 |    0 |     3 |      0 |      0 |          0 |
|         m05_nodes                                                                                     |                                           design_1_axi_ctrl_smc_0_m05_nodes_imp_130ITZH |        482 |        348 |     134 |    0 |   425 |      0 |      0 |          0 |
|           m05_ar_node                                                                                 |                                                design_1_axi_ctrl_smc_0_bd_01d9_m05arn_0 |        103 |         67 |      36 |    0 |    94 |      0 |      0 |          0 |
|             inst                                                                                      |                                             design_1_axi_ctrl_smc_0_sc_node_v1_0_17_top |        103 |         67 |      36 |    0 |    94 |      0 |      0 |          0 |
|               (inst)                                                                                  |                                             design_1_axi_ctrl_smc_0_sc_node_v1_0_17_top |          3 |          3 |       0 |    0 |     1 |      0 |      0 |          0 |
|               inst_mi_handler                                                                         |                                      design_1_axi_ctrl_smc_0_sc_node_v1_0_17_mi_handler |         98 |         62 |      36 |    0 |    89 |      0 |      0 |          0 |
|                 (inst_mi_handler)                                                                     |                                      design_1_axi_ctrl_smc_0_sc_node_v1_0_17_mi_handler |          0 |          0 |       0 |    0 |     2 |      0 |      0 |          0 |
|                 gen_normal_area.gen_node_prog_full.inst_node_prog_full                                |                                design_1_axi_ctrl_smc_0_sc_node_v1_0_17_fifo__xdcDup__16 |         36 |         36 |       0 |    0 |    21 |      0 |      0 |          0 |
|                   gen_xpm_memory_fifo.inst_fifo                                                       |                      design_1_axi_ctrl_smc_0_sc_util_v1_0_4_xpm_memory_fifo__xdcDup__16 |         36 |         36 |       0 |    0 |    21 |      0 |      0 |          0 |
|                     (gen_xpm_memory_fifo.inst_fifo)                                                   |                      design_1_axi_ctrl_smc_0_sc_util_v1_0_4_xpm_memory_fifo__xdcDup__16 |          5 |          5 |       0 |    0 |     3 |      0 |      0 |          0 |
|                     gen_mem_rep[0].inst_rd_addrb                                                      |                                      design_1_axi_ctrl_smc_0_sc_util_v1_0_4_counter_464 |          6 |          6 |       0 |    0 |     6 |      0 |      0 |          0 |
|                     gen_mem_rep[0].inst_wr_addra                                                      |                                      design_1_axi_ctrl_smc_0_sc_util_v1_0_4_counter_465 |          5 |          5 |       0 |    0 |     6 |      0 |      0 |          0 |
|                     gen_wr.inst_wr_addra_p1                                                           |                      design_1_axi_ctrl_smc_0_sc_util_v1_0_4_counter__parameterized0_466 |         20 |         20 |       0 |    0 |     6 |      0 |      0 |          0 |
|                 gen_normal_area.inst_fifo_node_payld                                                  |                design_1_axi_ctrl_smc_0_sc_node_v1_0_17_fifo__parameterized0__xdcDup__11 |         63 |         27 |      36 |    0 |    65 |      0 |      0 |          0 |
|                   gen_xpm_memory_fifo.inst_fifo                                                       |      design_1_axi_ctrl_smc_0_sc_util_v1_0_4_xpm_memory_fifo__parameterized0__xdcDup__11 |         63 |         27 |      36 |    0 |    65 |      0 |      0 |          0 |
|                     (gen_xpm_memory_fifo.inst_fifo)                                                   |      design_1_axi_ctrl_smc_0_sc_util_v1_0_4_xpm_memory_fifo__parameterized0__xdcDup__11 |          4 |          4 |       0 |    0 |     3 |      0 |      0 |          0 |
|                     gen_mem_rep[0].inst_rd_addrb                                                      |                                      design_1_axi_ctrl_smc_0_sc_util_v1_0_4_counter_461 |          6 |          6 |       0 |    0 |     6 |      0 |      0 |          0 |
|                     gen_mem_rep[0].inst_wr_addra                                                      |                                      design_1_axi_ctrl_smc_0_sc_util_v1_0_4_counter_462 |          4 |          4 |       0 |    0 |     6 |      0 |      0 |          0 |
|                     gen_mem_rep[0].inst_xpm_memory                                                    |                           design_1_axi_ctrl_smc_0_xpm_memory_sdpram__parameterized0__13 |         36 |          0 |      36 |    0 |    44 |      0 |      0 |          0 |
|                       xpm_memory_base_inst                                                            |                             design_1_axi_ctrl_smc_0_xpm_memory_base__parameterized0__13 |         36 |          0 |      36 |    0 |    44 |      0 |      0 |          0 |
|                     gen_wr.inst_wr_addra_p1                                                           |                      design_1_axi_ctrl_smc_0_sc_util_v1_0_4_counter__parameterized0_463 |         13 |         13 |       0 |    0 |     6 |      0 |      0 |          0 |
|                 inst_ingress                                                                          |                                         design_1_axi_ctrl_smc_0_sc_node_v1_0_17_ingress |          0 |          0 |       0 |    0 |     1 |      0 |      0 |          0 |
|                   inst_pipeline_valid                                                                 |                     design_1_axi_ctrl_smc_0_sc_util_v1_0_4_pipeline__parameterized2_460 |          0 |          0 |       0 |    0 |     1 |      0 |      0 |          0 |
|               inst_si_handler                                                                         |                                  design_1_axi_ctrl_smc_0_sc_node_v1_0_17_si_handler_459 |          1 |          1 |       0 |    0 |     1 |      0 |      0 |          0 |
|               s_sc_xpm_cdc_async_rst_inst                                                             |                                           design_1_axi_ctrl_smc_0_xpm_cdc_async_rst__54 |          1 |          1 |       0 |    0 |     3 |      0 |      0 |          0 |
|           m05_aw_node                                                                                 |                                                design_1_axi_ctrl_smc_0_bd_01d9_m05awn_0 |        103 |         67 |      36 |    0 |    91 |      0 |      0 |          0 |
|             inst                                                                                      |                             design_1_axi_ctrl_smc_0_sc_node_v1_0_17_top__parameterized0 |        103 |         67 |      36 |    0 |    91 |      0 |      0 |          0 |
|               (inst)                                                                                  |                             design_1_axi_ctrl_smc_0_sc_node_v1_0_17_top__parameterized0 |          3 |          3 |       0 |    0 |     1 |      0 |      0 |          0 |
|               inst_mi_handler                                                                         |                      design_1_axi_ctrl_smc_0_sc_node_v1_0_17_mi_handler__parameterized0 |         98 |         62 |      36 |    0 |    86 |      0 |      0 |          0 |
|                 (inst_mi_handler)                                                                     |                      design_1_axi_ctrl_smc_0_sc_node_v1_0_17_mi_handler__parameterized0 |          0 |          0 |       0 |    0 |     2 |      0 |      0 |          0 |
|                 gen_normal_area.gen_node_prog_full.inst_node_prog_full                                |                                design_1_axi_ctrl_smc_0_sc_node_v1_0_17_fifo__xdcDup__17 |         36 |         36 |       0 |    0 |    21 |      0 |      0 |          0 |
|                   gen_xpm_memory_fifo.inst_fifo                                                       |                      design_1_axi_ctrl_smc_0_sc_util_v1_0_4_xpm_memory_fifo__xdcDup__17 |         36 |         36 |       0 |    0 |    21 |      0 |      0 |          0 |
|                     (gen_xpm_memory_fifo.inst_fifo)                                                   |                      design_1_axi_ctrl_smc_0_sc_util_v1_0_4_xpm_memory_fifo__xdcDup__17 |          5 |          5 |       0 |    0 |     3 |      0 |      0 |          0 |
|                     gen_mem_rep[0].inst_rd_addrb                                                      |                                      design_1_axi_ctrl_smc_0_sc_util_v1_0_4_counter_456 |          6 |          6 |       0 |    0 |     6 |      0 |      0 |          0 |
|                     gen_mem_rep[0].inst_wr_addra                                                      |                                      design_1_axi_ctrl_smc_0_sc_util_v1_0_4_counter_457 |          5 |          5 |       0 |    0 |     6 |      0 |      0 |          0 |
|                     gen_wr.inst_wr_addra_p1                                                           |                      design_1_axi_ctrl_smc_0_sc_util_v1_0_4_counter__parameterized0_458 |         20 |         20 |       0 |    0 |     6 |      0 |      0 |          0 |
|                 gen_normal_area.inst_fifo_node_payld                                                  |                            design_1_axi_ctrl_smc_0_sc_node_v1_0_17_fifo__parameterized0 |         63 |         27 |      36 |    0 |    62 |      0 |      0 |          0 |
|                   gen_xpm_memory_fifo.inst_fifo                                                       |                  design_1_axi_ctrl_smc_0_sc_util_v1_0_4_xpm_memory_fifo__parameterized0 |         63 |         27 |      36 |    0 |    62 |      0 |      0 |          0 |
|                     (gen_xpm_memory_fifo.inst_fifo)                                                   |                  design_1_axi_ctrl_smc_0_sc_util_v1_0_4_xpm_memory_fifo__parameterized0 |          4 |          4 |       0 |    0 |     3 |      0 |      0 |          0 |
|                     gen_mem_rep[0].inst_rd_addrb                                                      |                                      design_1_axi_ctrl_smc_0_sc_util_v1_0_4_counter_453 |          6 |          6 |       0 |    0 |     6 |      0 |      0 |          0 |
|                     gen_mem_rep[0].inst_wr_addra                                                      |                                      design_1_axi_ctrl_smc_0_sc_util_v1_0_4_counter_454 |          4 |          4 |       0 |    0 |     6 |      0 |      0 |          0 |
|                     gen_mem_rep[0].inst_xpm_memory                                                    |                           design_1_axi_ctrl_smc_0_xpm_memory_sdpram__parameterized0__12 |         36 |          0 |      36 |    0 |    41 |      0 |      0 |          0 |
|                       xpm_memory_base_inst                                                            |                             design_1_axi_ctrl_smc_0_xpm_memory_base__parameterized0__12 |         36 |          0 |      36 |    0 |    41 |      0 |      0 |          0 |
|                     gen_wr.inst_wr_addra_p1                                                           |                      design_1_axi_ctrl_smc_0_sc_util_v1_0_4_counter__parameterized0_455 |         13 |         13 |       0 |    0 |     6 |      0 |      0 |          0 |
|                 inst_ingress                                                                          |                         design_1_axi_ctrl_smc_0_sc_node_v1_0_17_ingress__parameterized0 |          0 |          0 |       0 |    0 |     1 |      0 |      0 |          0 |
|                   inst_pipeline_valid                                                                 |                     design_1_axi_ctrl_smc_0_sc_util_v1_0_4_pipeline__parameterized2_452 |          0 |          0 |       0 |    0 |     1 |      0 |      0 |          0 |
|               inst_si_handler                                                                         |                  design_1_axi_ctrl_smc_0_sc_node_v1_0_17_si_handler__parameterized0_451 |          1 |          1 |       0 |    0 |     1 |      0 |      0 |          0 |
|               s_sc_xpm_cdc_async_rst_inst                                                             |                                           design_1_axi_ctrl_smc_0_xpm_cdc_async_rst__52 |          1 |          1 |       0 |    0 |     3 |      0 |      0 |          0 |
|           m05_b_node                                                                                  |                                                 design_1_axi_ctrl_smc_0_bd_01d9_m05bn_0 |         80 |         74 |       6 |    0 |    59 |      0 |      0 |          0 |
|             inst                                                                                      |                             design_1_axi_ctrl_smc_0_sc_node_v1_0_17_top__parameterized1 |         80 |         74 |       6 |    0 |    59 |      0 |      0 |          0 |
|               (inst)                                                                                  |                             design_1_axi_ctrl_smc_0_sc_node_v1_0_17_top__parameterized1 |          3 |          3 |       0 |    0 |     1 |      0 |      0 |          0 |
|               inst_mi_handler                                                                         |                      design_1_axi_ctrl_smc_0_sc_node_v1_0_17_mi_handler__parameterized1 |         76 |         70 |       6 |    0 |    54 |      0 |      0 |          0 |
|                 (inst_mi_handler)                                                                     |                      design_1_axi_ctrl_smc_0_sc_node_v1_0_17_mi_handler__parameterized1 |          0 |          0 |       0 |    0 |     2 |      0 |      0 |          0 |
|                 gen_normal_area.gen_fifo_req.inst_fifo_req                                            |                design_1_axi_ctrl_smc_0_sc_node_v1_0_17_fifo__parameterized1__xdcDup__11 |         26 |         26 |       0 |    0 |    20 |      0 |      0 |          0 |
|                   gen_xpm_memory_fifo.inst_fifo                                                       |      design_1_axi_ctrl_smc_0_sc_util_v1_0_4_xpm_memory_fifo__parameterized1__xdcDup__11 |         26 |         26 |       0 |    0 |    20 |      0 |      0 |          0 |
|                     (gen_xpm_memory_fifo.inst_fifo)                                                   |      design_1_axi_ctrl_smc_0_sc_util_v1_0_4_xpm_memory_fifo__parameterized1__xdcDup__11 |          4 |          4 |       0 |    0 |     2 |      0 |      0 |          0 |
|                     gen_mem_rep[0].inst_rd_addrb                                                      |                                      design_1_axi_ctrl_smc_0_sc_util_v1_0_4_counter_448 |          6 |          6 |       0 |    0 |     6 |      0 |      0 |          0 |
|                     gen_mem_rep[0].inst_wr_addra                                                      |                                      design_1_axi_ctrl_smc_0_sc_util_v1_0_4_counter_449 |          5 |          5 |       0 |    0 |     6 |      0 |      0 |          0 |
|                     gen_wr.inst_wr_addra_p1                                                           |                      design_1_axi_ctrl_smc_0_sc_util_v1_0_4_counter__parameterized0_450 |         12 |         12 |       0 |    0 |     6 |      0 |      0 |          0 |
|                 gen_normal_area.inst_fifo_node_payld                                                  |                            design_1_axi_ctrl_smc_0_sc_node_v1_0_17_fifo__parameterized2 |         45 |         39 |       6 |    0 |    28 |      0 |      0 |          0 |
|                   gen_xpm_memory_fifo.inst_fifo                                                       |                  design_1_axi_ctrl_smc_0_sc_util_v1_0_4_xpm_memory_fifo__parameterized2 |         45 |         39 |       6 |    0 |    28 |      0 |      0 |          0 |
|                     (gen_xpm_memory_fifo.inst_fifo)                                                   |                  design_1_axi_ctrl_smc_0_sc_util_v1_0_4_xpm_memory_fifo__parameterized2 |          5 |          5 |       0 |    0 |     4 |      0 |      0 |          0 |
|                     gen_mem_rep[0].inst_rd_addrb                                                      |                                      design_1_axi_ctrl_smc_0_sc_util_v1_0_4_counter_445 |          6 |          6 |       0 |    0 |     6 |      0 |      0 |          0 |
|                     gen_mem_rep[0].inst_wr_addra                                                      |                                      design_1_axi_ctrl_smc_0_sc_util_v1_0_4_counter_446 |          5 |          5 |       0 |    0 |     6 |      0 |      0 |          0 |
|                     gen_mem_rep[0].inst_xpm_memory                                                    |                            design_1_axi_ctrl_smc_0_xpm_memory_sdpram__parameterized2__6 |          6 |          0 |       6 |    0 |     6 |      0 |      0 |          0 |
|                       xpm_memory_base_inst                                                            |                              design_1_axi_ctrl_smc_0_xpm_memory_base__parameterized2__6 |          6 |          0 |       6 |    0 |     6 |      0 |      0 |          0 |
|                     gen_wr.inst_wr_addra_p1                                                           |                      design_1_axi_ctrl_smc_0_sc_util_v1_0_4_counter__parameterized0_447 |         23 |         23 |       0 |    0 |     6 |      0 |      0 |          0 |
|                 gen_normal_area.inst_fifo_send                                                        |                  design_1_axi_ctrl_smc_0_sc_node_v1_0_17_reg_slice3__parameterized0_444 |          5 |          5 |       0 |    0 |     4 |      0 |      0 |          0 |
|               inst_si_handler                                                                         |                      design_1_axi_ctrl_smc_0_sc_node_v1_0_17_si_handler__parameterized1 |          1 |          1 |       0 |    0 |     1 |      0 |      0 |          0 |
|               s_sc_xpm_cdc_async_rst_inst                                                             |                                           design_1_axi_ctrl_smc_0_xpm_cdc_async_rst__50 |          1 |          1 |       0 |    0 |     3 |      0 |      0 |          0 |
|           m05_r_node                                                                                  |                                                 design_1_axi_ctrl_smc_0_bd_01d9_m05rn_0 |        102 |         74 |      28 |    0 |    94 |      0 |      0 |          0 |
|             inst                                                                                      |                             design_1_axi_ctrl_smc_0_sc_node_v1_0_17_top__parameterized2 |        102 |         74 |      28 |    0 |    94 |      0 |      0 |          0 |
|               (inst)                                                                                  |                             design_1_axi_ctrl_smc_0_sc_node_v1_0_17_top__parameterized2 |          3 |          3 |       0 |    0 |     1 |      0 |      0 |          0 |
|               inst_mi_handler                                                                         |                      design_1_axi_ctrl_smc_0_sc_node_v1_0_17_mi_handler__parameterized2 |         98 |         70 |      28 |    0 |    89 |      0 |      0 |          0 |
|                 (inst_mi_handler)                                                                     |                      design_1_axi_ctrl_smc_0_sc_node_v1_0_17_mi_handler__parameterized2 |          0 |          0 |       0 |    0 |     2 |      0 |      0 |          0 |
|                 gen_normal_area.gen_fifo_req.inst_fifo_req                                            |                            design_1_axi_ctrl_smc_0_sc_node_v1_0_17_fifo__parameterized1 |         26 |         26 |       0 |    0 |    20 |      0 |      0 |          0 |
|                   gen_xpm_memory_fifo.inst_fifo                                                       |                  design_1_axi_ctrl_smc_0_sc_util_v1_0_4_xpm_memory_fifo__parameterized1 |         26 |         26 |       0 |    0 |    20 |      0 |      0 |          0 |
|                     (gen_xpm_memory_fifo.inst_fifo)                                                   |                  design_1_axi_ctrl_smc_0_sc_util_v1_0_4_xpm_memory_fifo__parameterized1 |          4 |          4 |       0 |    0 |     2 |      0 |      0 |          0 |
|                     gen_mem_rep[0].inst_rd_addrb                                                      |                                      design_1_axi_ctrl_smc_0_sc_util_v1_0_4_counter_441 |          6 |          6 |       0 |    0 |     6 |      0 |      0 |          0 |
|                     gen_mem_rep[0].inst_wr_addra                                                      |                                      design_1_axi_ctrl_smc_0_sc_util_v1_0_4_counter_442 |          5 |          5 |       0 |    0 |     6 |      0 |      0 |          0 |
|                     gen_wr.inst_wr_addra_p1                                                           |                      design_1_axi_ctrl_smc_0_sc_util_v1_0_4_counter__parameterized0_443 |         12 |         12 |       0 |    0 |     6 |      0 |      0 |          0 |
|                 gen_normal_area.inst_fifo_node_payld                                                  |                            design_1_axi_ctrl_smc_0_sc_node_v1_0_17_fifo__parameterized3 |         67 |         39 |      28 |    0 |    63 |      0 |      0 |          0 |
|                   gen_xpm_memory_fifo.inst_fifo                                                       |                  design_1_axi_ctrl_smc_0_sc_util_v1_0_4_xpm_memory_fifo__parameterized3 |         67 |         39 |      28 |    0 |    63 |      0 |      0 |          0 |
|                     (gen_xpm_memory_fifo.inst_fifo)                                                   |                  design_1_axi_ctrl_smc_0_sc_util_v1_0_4_xpm_memory_fifo__parameterized3 |          5 |          5 |       0 |    0 |     4 |      0 |      0 |          0 |
|                     gen_mem_rep[0].inst_rd_addrb                                                      |                                      design_1_axi_ctrl_smc_0_sc_util_v1_0_4_counter_438 |          6 |          6 |       0 |    0 |     6 |      0 |      0 |          0 |
|                     gen_mem_rep[0].inst_wr_addra                                                      |                                      design_1_axi_ctrl_smc_0_sc_util_v1_0_4_counter_439 |          5 |          5 |       0 |    0 |     6 |      0 |      0 |          0 |
|                     gen_mem_rep[0].inst_xpm_memory                                                    |                            design_1_axi_ctrl_smc_0_xpm_memory_sdpram__parameterized3__6 |         28 |          0 |      28 |    0 |    41 |      0 |      0 |          0 |
|                       xpm_memory_base_inst                                                            |                              design_1_axi_ctrl_smc_0_xpm_memory_base__parameterized3__6 |         28 |          0 |      28 |    0 |    41 |      0 |      0 |          0 |
|                     gen_wr.inst_wr_addra_p1                                                           |                      design_1_axi_ctrl_smc_0_sc_util_v1_0_4_counter__parameterized0_440 |         23 |         23 |       0 |    0 |     6 |      0 |      0 |          0 |
|                 gen_normal_area.inst_fifo_send                                                        |                      design_1_axi_ctrl_smc_0_sc_node_v1_0_17_reg_slice3__parameterized0 |          5 |          5 |       0 |    0 |     4 |      0 |      0 |          0 |
|               inst_si_handler                                                                         |                      design_1_axi_ctrl_smc_0_sc_node_v1_0_17_si_handler__parameterized2 |          1 |          1 |       0 |    0 |     1 |      0 |      0 |          0 |
|               s_sc_xpm_cdc_async_rst_inst                                                             |                                           design_1_axi_ctrl_smc_0_xpm_cdc_async_rst__48 |          1 |          1 |       0 |    0 |     3 |      0 |      0 |          0 |
|           m05_w_node                                                                                  |                                                 design_1_axi_ctrl_smc_0_bd_01d9_m05wn_0 |         95 |         67 |      28 |    0 |    87 |      0 |      0 |          0 |
|             inst                                                                                      |                             design_1_axi_ctrl_smc_0_sc_node_v1_0_17_top__parameterized3 |         95 |         67 |      28 |    0 |    87 |      0 |      0 |          0 |
|               (inst)                                                                                  |                             design_1_axi_ctrl_smc_0_sc_node_v1_0_17_top__parameterized3 |          3 |          3 |       0 |    0 |     1 |      0 |      0 |          0 |
|               inst_mi_handler                                                                         |                      design_1_axi_ctrl_smc_0_sc_node_v1_0_17_mi_handler__parameterized3 |         90 |         62 |      28 |    0 |    82 |      0 |      0 |          0 |
|                 (inst_mi_handler)                                                                     |                      design_1_axi_ctrl_smc_0_sc_node_v1_0_17_mi_handler__parameterized3 |          0 |          0 |       0 |    0 |     2 |      0 |      0 |          0 |
|                 gen_normal_area.gen_node_prog_full.inst_node_prog_full                                |                                design_1_axi_ctrl_smc_0_sc_node_v1_0_17_fifo__xdcDup__18 |         36 |         36 |       0 |    0 |    21 |      0 |      0 |          0 |
|                   gen_xpm_memory_fifo.inst_fifo                                                       |                      design_1_axi_ctrl_smc_0_sc_util_v1_0_4_xpm_memory_fifo__xdcDup__18 |         36 |         36 |       0 |    0 |    21 |      0 |      0 |          0 |
|                     (gen_xpm_memory_fifo.inst_fifo)                                                   |                      design_1_axi_ctrl_smc_0_sc_util_v1_0_4_xpm_memory_fifo__xdcDup__18 |          5 |          5 |       0 |    0 |     3 |      0 |      0 |          0 |
|                     gen_mem_rep[0].inst_rd_addrb                                                      |                                      design_1_axi_ctrl_smc_0_sc_util_v1_0_4_counter_435 |          6 |          6 |       0 |    0 |     6 |      0 |      0 |          0 |
|                     gen_mem_rep[0].inst_wr_addra                                                      |                                      design_1_axi_ctrl_smc_0_sc_util_v1_0_4_counter_436 |          5 |          5 |       0 |    0 |     6 |      0 |      0 |          0 |
|                     gen_wr.inst_wr_addra_p1                                                           |                      design_1_axi_ctrl_smc_0_sc_util_v1_0_4_counter__parameterized0_437 |         20 |         20 |       0 |    0 |     6 |      0 |      0 |          0 |
|                 gen_normal_area.inst_fifo_node_payld                                                  |                            design_1_axi_ctrl_smc_0_sc_node_v1_0_17_fifo__parameterized4 |         55 |         27 |      28 |    0 |    58 |      0 |      0 |          0 |
|                   gen_xpm_memory_fifo.inst_fifo                                                       |                  design_1_axi_ctrl_smc_0_sc_util_v1_0_4_xpm_memory_fifo__parameterized4 |         55 |         27 |      28 |    0 |    58 |      0 |      0 |          0 |
|                     (gen_xpm_memory_fifo.inst_fifo)                                                   |                  design_1_axi_ctrl_smc_0_sc_util_v1_0_4_xpm_memory_fifo__parameterized4 |          4 |          4 |       0 |    0 |     3 |      0 |      0 |          0 |
|                     gen_mem_rep[0].inst_rd_addrb                                                      |                                      design_1_axi_ctrl_smc_0_sc_util_v1_0_4_counter_432 |          6 |          6 |       0 |    0 |     6 |      0 |      0 |          0 |
|                     gen_mem_rep[0].inst_wr_addra                                                      |                                      design_1_axi_ctrl_smc_0_sc_util_v1_0_4_counter_433 |          4 |          4 |       0 |    0 |     6 |      0 |      0 |          0 |
|                     gen_mem_rep[0].inst_xpm_memory                                                    |                            design_1_axi_ctrl_smc_0_xpm_memory_sdpram__parameterized4__6 |         28 |          0 |      28 |    0 |    37 |      0 |      0 |          0 |
|                       xpm_memory_base_inst                                                            |                              design_1_axi_ctrl_smc_0_xpm_memory_base__parameterized4__6 |         28 |          0 |      28 |    0 |    37 |      0 |      0 |          0 |
|                     gen_wr.inst_wr_addra_p1                                                           |                      design_1_axi_ctrl_smc_0_sc_util_v1_0_4_counter__parameterized0_434 |         13 |         13 |       0 |    0 |     6 |      0 |      0 |          0 |
|                 inst_ingress                                                                          |                         design_1_axi_ctrl_smc_0_sc_node_v1_0_17_ingress__parameterized3 |          0 |          0 |       0 |    0 |     1 |      0 |      0 |          0 |
|                   inst_pipeline_valid                                                                 |                     design_1_axi_ctrl_smc_0_sc_util_v1_0_4_pipeline__parameterized2_431 |          0 |          0 |       0 |    0 |     1 |      0 |      0 |          0 |
|               inst_si_handler                                                                         |                  design_1_axi_ctrl_smc_0_sc_node_v1_0_17_si_handler__parameterized3_430 |          1 |          1 |       0 |    0 |     1 |      0 |      0 |          0 |
|               s_sc_xpm_cdc_async_rst_inst                                                             |                                           design_1_axi_ctrl_smc_0_xpm_cdc_async_rst__46 |          1 |          1 |       0 |    0 |     3 |      0 |      0 |          0 |
|         m05_sc2axi                                                                                    |                                                design_1_axi_ctrl_smc_0_bd_01d9_m05s2a_0 |          0 |          0 |       0 |    0 |     0 |      0 |      0 |          0 |
|           inst                                                                                        |                           design_1_axi_ctrl_smc_0_sc_sc2axi_v1_0_10_top__parameterized3 |          0 |          0 |       0 |    0 |     0 |      0 |      0 |          0 |
|         s00_axi2sc                                                                                    |                                                design_1_axi_ctrl_smc_0_bd_01d9_s00a2s_0 |          0 |          0 |       0 |    0 |     0 |      0 |      0 |          0 |
|           inst                                                                                        |                                           design_1_axi_ctrl_smc_0_sc_axi2sc_v1_0_10_top |          0 |          0 |       0 |    0 |     0 |      0 |      0 |          0 |
|         s00_entry_pipeline                                                                            |                                  design_1_axi_ctrl_smc_0_s00_entry_pipeline_imp_1OSX0Y7 |       2325 |       2009 |       0 |  316 |  2496 |      0 |      0 |          0 |
|           s00_mmu                                                                                     |                                                design_1_axi_ctrl_smc_0_bd_01d9_s00mmu_0 |        423 |        417 |       0 |    6 |   728 |      0 |      0 |          0 |
|             inst                                                                                      |                                              design_1_axi_ctrl_smc_0_sc_mmu_v1_0_14_top |        423 |        417 |       0 |    6 |   728 |      0 |      0 |          0 |
|               (inst)                                                                                  |                                              design_1_axi_ctrl_smc_0_sc_mmu_v1_0_14_top |          7 |          7 |       0 |    0 |    28 |      0 |      0 |          0 |
|               ar_reg_stall                                                                            |                                design_1_axi_ctrl_smc_0_sc_util_v1_0_4_axi_reg_stall_417 |         41 |         41 |       0 |    0 |   102 |      0 |      0 |          0 |
|               ar_sreg                                                                                 |                                design_1_axi_ctrl_smc_0_sc_util_v1_0_4_axi_reg_stall_418 |         62 |         62 |       0 |    0 |   114 |      0 |      0 |          0 |
|               aw_reg_stall                                                                            |                                design_1_axi_ctrl_smc_0_sc_util_v1_0_4_axi_reg_stall_419 |         39 |         39 |       0 |    0 |   102 |      0 |      0 |          0 |
|               aw_sreg                                                                                 |                                design_1_axi_ctrl_smc_0_sc_util_v1_0_4_axi_reg_stall_420 |         72 |         72 |       0 |    0 |   114 |      0 |      0 |          0 |
|               b_sreg                                                                                  |                                design_1_axi_ctrl_smc_0_sc_util_v1_0_4_axi_reg_stall_421 |         22 |         22 |       0 |    0 |    32 |      0 |      0 |          0 |
|               gen_endpoint.decerr_slave_inst                                                          |                                     design_1_axi_ctrl_smc_0_sc_mmu_v1_0_14_decerr_slave |         54 |         54 |       0 |    0 |    41 |      0 |      0 |          0 |
|               gen_wroute_fifo.wroute_fifo                                                             |                design_1_axi_ctrl_smc_0_sc_util_v1_0_4_axic_reg_srl_fifo__parameterized1 |         23 |         17 |       0 |    6 |    14 |      0 |      0 |          0 |
|                 (gen_wroute_fifo.wroute_fifo)                                                         |                design_1_axi_ctrl_smc_0_sc_util_v1_0_4_axic_reg_srl_fifo__parameterized1 |         10 |         10 |       0 |    0 |    14 |      0 |      0 |          0 |
|                 gen_srls[0].srl_nx1                                                                   |                                      design_1_axi_ctrl_smc_0_sc_util_v1_0_4_srl_rtl_424 |          2 |          1 |       0 |    1 |     0 |      0 |      0 |          0 |
|                 gen_srls[1].srl_nx1                                                                   |                                      design_1_axi_ctrl_smc_0_sc_util_v1_0_4_srl_rtl_425 |          2 |          1 |       0 |    1 |     0 |      0 |      0 |          0 |
|                 gen_srls[2].srl_nx1                                                                   |                                      design_1_axi_ctrl_smc_0_sc_util_v1_0_4_srl_rtl_426 |          2 |          1 |       0 |    1 |     0 |      0 |      0 |          0 |
|                 gen_srls[3].srl_nx1                                                                   |                                      design_1_axi_ctrl_smc_0_sc_util_v1_0_4_srl_rtl_427 |          2 |          1 |       0 |    1 |     0 |      0 |      0 |          0 |
|                 gen_srls[4].srl_nx1                                                                   |                                      design_1_axi_ctrl_smc_0_sc_util_v1_0_4_srl_rtl_428 |          2 |          1 |       0 |    1 |     0 |      0 |      0 |          0 |
|                 gen_srls[5].srl_nx1                                                                   |                                      design_1_axi_ctrl_smc_0_sc_util_v1_0_4_srl_rtl_429 |          3 |          2 |       0 |    1 |     0 |      0 |      0 |          0 |
|               gen_wroute_fifo.wroute_split                                                            |                                     design_1_axi_ctrl_smc_0_sc_util_v1_0_4_axi_splitter |          4 |          4 |       0 |    0 |     2 |      0 |      0 |          0 |
|               r_sreg                                                                                  |                                design_1_axi_ctrl_smc_0_sc_util_v1_0_4_axi_reg_stall_422 |         71 |         71 |       0 |    0 |    98 |      0 |      0 |          0 |
|               w_sreg                                                                                  |                                design_1_axi_ctrl_smc_0_sc_util_v1_0_4_axi_reg_stall_423 |         29 |         29 |       0 |    0 |    78 |      0 |      0 |          0 |
|               xpm_cdc_async_rst_inst                                                                  |                                           design_1_axi_ctrl_smc_0_xpm_cdc_async_rst__33 |          1 |          1 |       0 |    0 |     3 |      0 |      0 |          0 |
|           s00_si_converter                                                                            |                                                design_1_axi_ctrl_smc_0_bd_01d9_s00sic_0 |       1440 |       1138 |       0 |  302 |  1146 |      0 |      0 |          0 |
|             inst                                                                                      |                                     design_1_axi_ctrl_smc_0_sc_si_converter_v1_0_14_top |       1440 |       1138 |       0 |  302 |  1146 |      0 |      0 |          0 |
|               (inst)                                                                                  |                                     design_1_axi_ctrl_smc_0_sc_si_converter_v1_0_14_top |          1 |          1 |       0 |    0 |     1 |      0 |      0 |          0 |
|               converter.wrap_narrow_inst                                                              |                             design_1_axi_ctrl_smc_0_sc_si_converter_v1_0_14_wrap_narrow |       1405 |       1107 |       0 |  298 |  1129 |      0 |      0 |          0 |
|                 (converter.wrap_narrow_inst)                                                          |                             design_1_axi_ctrl_smc_0_sc_si_converter_v1_0_14_wrap_narrow |         60 |         60 |       0 |    0 |   389 |      0 |      0 |          0 |
|                 ar_reg_slice                                                                          |                                 design_1_axi_ctrl_smc_0_sc_util_v1_0_4_axi_reg_stall_60 |         63 |         63 |       0 |    0 |    96 |      0 |      0 |          0 |
|                 aw_reg_slice                                                                          |                                 design_1_axi_ctrl_smc_0_sc_util_v1_0_4_axi_reg_stall_61 |         56 |         56 |       0 |    0 |    98 |      0 |      0 |          0 |
|                 gen_thread_arb.r_thread_arb                                                           |                              design_1_axi_ctrl_smc_0_sc_si_converter_v1_0_14_arb_alg_rr |        171 |        171 |       0 |    0 |     8 |      0 |      0 |          0 |
|                 gen_thread_loop[0].r_cmd_fifo                                                         |                design_1_axi_ctrl_smc_0_sc_util_v1_0_4_axic_reg_srl_fifo__parameterized3 |         67 |         53 |       0 |   14 |    22 |      0 |      0 |          0 |
|                   (gen_thread_loop[0].r_cmd_fifo)                                                     |                design_1_axi_ctrl_smc_0_sc_util_v1_0_4_axic_reg_srl_fifo__parameterized3 |         38 |         38 |       0 |    0 |    22 |      0 |      0 |          0 |
|                   gen_srls[0].srl_nx1                                                                 |                                      design_1_axi_ctrl_smc_0_sc_util_v1_0_4_srl_rtl_396 |          2 |          1 |       0 |    1 |     0 |      0 |      0 |          0 |
|                   gen_srls[10].srl_nx1                                                                |                                      design_1_axi_ctrl_smc_0_sc_util_v1_0_4_srl_rtl_397 |          2 |          1 |       0 |    1 |     0 |      0 |      0 |          0 |
|                   gen_srls[11].srl_nx1                                                                |                                      design_1_axi_ctrl_smc_0_sc_util_v1_0_4_srl_rtl_398 |          2 |          1 |       0 |    1 |     0 |      0 |      0 |          0 |
|                   gen_srls[16].srl_nx1                                                                |                                      design_1_axi_ctrl_smc_0_sc_util_v1_0_4_srl_rtl_403 |          2 |          1 |       0 |    1 |     0 |      0 |      0 |          0 |
|                   gen_srls[17].srl_nx1                                                                |                                      design_1_axi_ctrl_smc_0_sc_util_v1_0_4_srl_rtl_404 |          2 |          1 |       0 |    1 |     0 |      0 |      0 |          0 |
|                   gen_srls[18].srl_nx1                                                                |                                      design_1_axi_ctrl_smc_0_sc_util_v1_0_4_srl_rtl_405 |          3 |          2 |       0 |    1 |     0 |      0 |      0 |          0 |
|                   gen_srls[19].srl_nx1                                                                |                                      design_1_axi_ctrl_smc_0_sc_util_v1_0_4_srl_rtl_406 |          2 |          1 |       0 |    1 |     0 |      0 |      0 |          0 |
|                   gen_srls[1].srl_nx1                                                                 |                                      design_1_axi_ctrl_smc_0_sc_util_v1_0_4_srl_rtl_407 |          2 |          1 |       0 |    1 |     0 |      0 |      0 |          0 |
|                   gen_srls[20].srl_nx1                                                                |                                      design_1_axi_ctrl_smc_0_sc_util_v1_0_4_srl_rtl_408 |          3 |          2 |       0 |    1 |     0 |      0 |      0 |          0 |
|                   gen_srls[2].srl_nx1                                                                 |                                      design_1_axi_ctrl_smc_0_sc_util_v1_0_4_srl_rtl_409 |          2 |          1 |       0 |    1 |     0 |      0 |      0 |          0 |
|                   gen_srls[3].srl_nx1                                                                 |                                      design_1_axi_ctrl_smc_0_sc_util_v1_0_4_srl_rtl_410 |          2 |          1 |       0 |    1 |     0 |      0 |      0 |          0 |
|                   gen_srls[4].srl_nx1                                                                 |                                      design_1_axi_ctrl_smc_0_sc_util_v1_0_4_srl_rtl_411 |          2 |          1 |       0 |    1 |     0 |      0 |      0 |          0 |
|                   gen_srls[8].srl_nx1                                                                 |                                      design_1_axi_ctrl_smc_0_sc_util_v1_0_4_srl_rtl_415 |          2 |          1 |       0 |    1 |     0 |      0 |      0 |          0 |
|                   gen_srls[9].srl_nx1                                                                 |                                      design_1_axi_ctrl_smc_0_sc_util_v1_0_4_srl_rtl_416 |          2 |          1 |       0 |    1 |     0 |      0 |      0 |          0 |
|                 gen_thread_loop[0].r_payld_fifo                                                       |                             design_1_axi_ctrl_smc_0_sc_si_converter_v1_0_14_offset_fifo |        127 |         82 |       0 |   45 |    85 |      0 |      0 |          0 |
|                   (gen_thread_loop[0].r_payld_fifo)                                                   |                             design_1_axi_ctrl_smc_0_sc_si_converter_v1_0_14_offset_fifo |         32 |         32 |       0 |    0 |    68 |      0 |      0 |          0 |
|                   cmd_fifo                                                                            |            design_1_axi_ctrl_smc_0_sc_util_v1_0_4_axic_reg_srl_fifo__parameterized4_347 |         55 |         46 |       0 |    9 |    17 |      0 |      0 |          0 |
|                     (cmd_fifo)                                                                        |            design_1_axi_ctrl_smc_0_sc_util_v1_0_4_axic_reg_srl_fifo__parameterized4_347 |         37 |         37 |       0 |    0 |    17 |      0 |      0 |          0 |
|                     gen_srls[0].srl_nx1                                                               |                                      design_1_axi_ctrl_smc_0_sc_util_v1_0_4_srl_rtl_384 |          2 |          1 |       0 |    1 |     0 |      0 |      0 |          0 |
|                     gen_srls[10].srl_nx1                                                              |                                      design_1_axi_ctrl_smc_0_sc_util_v1_0_4_srl_rtl_385 |          2 |          1 |       0 |    1 |     0 |      0 |      0 |          0 |
|                     gen_srls[11].srl_nx1                                                              |                                      design_1_axi_ctrl_smc_0_sc_util_v1_0_4_srl_rtl_386 |          3 |          2 |       0 |    1 |     0 |      0 |      0 |          0 |
|                     gen_srls[1].srl_nx1                                                               |                                      design_1_axi_ctrl_smc_0_sc_util_v1_0_4_srl_rtl_387 |          2 |          1 |       0 |    1 |     0 |      0 |      0 |          0 |
|                     gen_srls[2].srl_nx1                                                               |                                      design_1_axi_ctrl_smc_0_sc_util_v1_0_4_srl_rtl_388 |          2 |          1 |       0 |    1 |     0 |      0 |      0 |          0 |
|                     gen_srls[3].srl_nx1                                                               |                                      design_1_axi_ctrl_smc_0_sc_util_v1_0_4_srl_rtl_389 |          2 |          1 |       0 |    1 |     0 |      0 |      0 |          0 |
|                     gen_srls[4].srl_nx1                                                               |                                      design_1_axi_ctrl_smc_0_sc_util_v1_0_4_srl_rtl_390 |          2 |          1 |       0 |    1 |     0 |      0 |      0 |          0 |
|                     gen_srls[8].srl_nx1                                                               |                                      design_1_axi_ctrl_smc_0_sc_util_v1_0_4_srl_rtl_394 |          2 |          1 |       0 |    1 |     0 |      0 |      0 |          0 |
|                     gen_srls[9].srl_nx1                                                               |                                      design_1_axi_ctrl_smc_0_sc_util_v1_0_4_srl_rtl_395 |          2 |          1 |       0 |    1 |     0 |      0 |      0 |          0 |
|                   gen_srls[10].srl_nx1                                                                |                      design_1_axi_ctrl_smc_0_sc_util_v1_0_4_srl_rtl__parameterized0_348 |          1 |          0 |       0 |    1 |     0 |      0 |      0 |          0 |
|                   gen_srls[11].srl_nx1                                                                |                      design_1_axi_ctrl_smc_0_sc_util_v1_0_4_srl_rtl__parameterized0_349 |          1 |          0 |       0 |    1 |     0 |      0 |      0 |          0 |
|                   gen_srls[12].srl_nx1                                                                |                      design_1_axi_ctrl_smc_0_sc_util_v1_0_4_srl_rtl__parameterized0_350 |          1 |          0 |       0 |    1 |     0 |      0 |      0 |          0 |
|                   gen_srls[13].srl_nx1                                                                |                      design_1_axi_ctrl_smc_0_sc_util_v1_0_4_srl_rtl__parameterized0_351 |          1 |          0 |       0 |    1 |     0 |      0 |      0 |          0 |
|                   gen_srls[14].srl_nx1                                                                |                      design_1_axi_ctrl_smc_0_sc_util_v1_0_4_srl_rtl__parameterized0_352 |          1 |          0 |       0 |    1 |     0 |      0 |      0 |          0 |
|                   gen_srls[15].srl_nx1                                                                |                      design_1_axi_ctrl_smc_0_sc_util_v1_0_4_srl_rtl__parameterized0_353 |          1 |          0 |       0 |    1 |     0 |      0 |      0 |          0 |
|                   gen_srls[16].srl_nx1                                                                |                      design_1_axi_ctrl_smc_0_sc_util_v1_0_4_srl_rtl__parameterized0_354 |          1 |          0 |       0 |    1 |     0 |      0 |      0 |          0 |
|                   gen_srls[17].srl_nx1                                                                |                      design_1_axi_ctrl_smc_0_sc_util_v1_0_4_srl_rtl__parameterized0_355 |          1 |          0 |       0 |    1 |     0 |      0 |      0 |          0 |
|                   gen_srls[18].srl_nx1                                                                |                      design_1_axi_ctrl_smc_0_sc_util_v1_0_4_srl_rtl__parameterized0_356 |          1 |          0 |       0 |    1 |     0 |      0 |      0 |          0 |
|                   gen_srls[19].srl_nx1                                                                |                      design_1_axi_ctrl_smc_0_sc_util_v1_0_4_srl_rtl__parameterized0_357 |          1 |          0 |       0 |    1 |     0 |      0 |      0 |          0 |
|                   gen_srls[20].srl_nx1                                                                |                      design_1_axi_ctrl_smc_0_sc_util_v1_0_4_srl_rtl__parameterized0_358 |          1 |          0 |       0 |    1 |     0 |      0 |      0 |          0 |
|                   gen_srls[21].srl_nx1                                                                |                      design_1_axi_ctrl_smc_0_sc_util_v1_0_4_srl_rtl__parameterized0_359 |          1 |          0 |       0 |    1 |     0 |      0 |      0 |          0 |
|                   gen_srls[22].srl_nx1                                                                |                      design_1_axi_ctrl_smc_0_sc_util_v1_0_4_srl_rtl__parameterized0_360 |          1 |          0 |       0 |    1 |     0 |      0 |      0 |          0 |
|                   gen_srls[23].srl_nx1                                                                |                      design_1_axi_ctrl_smc_0_sc_util_v1_0_4_srl_rtl__parameterized0_361 |          1 |          0 |       0 |    1 |     0 |      0 |      0 |          0 |
|                   gen_srls[24].srl_nx1                                                                |                      design_1_axi_ctrl_smc_0_sc_util_v1_0_4_srl_rtl__parameterized0_362 |          1 |          0 |       0 |    1 |     0 |      0 |      0 |          0 |
|                   gen_srls[25].srl_nx1                                                                |                      design_1_axi_ctrl_smc_0_sc_util_v1_0_4_srl_rtl__parameterized0_363 |          1 |          0 |       0 |    1 |     0 |      0 |      0 |          0 |
|                   gen_srls[26].srl_nx1                                                                |                      design_1_axi_ctrl_smc_0_sc_util_v1_0_4_srl_rtl__parameterized0_364 |          1 |          0 |       0 |    1 |     0 |      0 |      0 |          0 |
|                   gen_srls[27].srl_nx1                                                                |                      design_1_axi_ctrl_smc_0_sc_util_v1_0_4_srl_rtl__parameterized0_365 |          1 |          0 |       0 |    1 |     0 |      0 |      0 |          0 |
|                   gen_srls[28].srl_nx1                                                                |                      design_1_axi_ctrl_smc_0_sc_util_v1_0_4_srl_rtl__parameterized0_366 |          1 |          0 |       0 |    1 |     0 |      0 |      0 |          0 |
|                   gen_srls[29].srl_nx1                                                                |                      design_1_axi_ctrl_smc_0_sc_util_v1_0_4_srl_rtl__parameterized0_367 |          1 |          0 |       0 |    1 |     0 |      0 |      0 |          0 |
|                   gen_srls[30].srl_nx1                                                                |                      design_1_axi_ctrl_smc_0_sc_util_v1_0_4_srl_rtl__parameterized0_368 |          1 |          0 |       0 |    1 |     0 |      0 |      0 |          0 |
|                   gen_srls[31].srl_nx1                                                                |                      design_1_axi_ctrl_smc_0_sc_util_v1_0_4_srl_rtl__parameterized0_369 |          1 |          0 |       0 |    1 |     0 |      0 |      0 |          0 |
|                   gen_srls[32].srl_nx1                                                                |                      design_1_axi_ctrl_smc_0_sc_util_v1_0_4_srl_rtl__parameterized0_370 |          1 |          0 |       0 |    1 |     0 |      0 |      0 |          0 |
|                   gen_srls[33].srl_nx1                                                                |                      design_1_axi_ctrl_smc_0_sc_util_v1_0_4_srl_rtl__parameterized0_371 |          1 |          0 |       0 |    1 |     0 |      0 |      0 |          0 |
|                   gen_srls[34].srl_nx1                                                                |                      design_1_axi_ctrl_smc_0_sc_util_v1_0_4_srl_rtl__parameterized0_372 |          1 |          0 |       0 |    1 |     0 |      0 |      0 |          0 |
|                   gen_srls[35].srl_nx1                                                                |                      design_1_axi_ctrl_smc_0_sc_util_v1_0_4_srl_rtl__parameterized0_373 |          1 |          0 |       0 |    1 |     0 |      0 |      0 |          0 |
|                   gen_srls[37].srl_nx1                                                                |                      design_1_axi_ctrl_smc_0_sc_util_v1_0_4_srl_rtl__parameterized0_374 |          1 |          0 |       0 |    1 |     0 |      0 |      0 |          0 |
|                   gen_srls[38].srl_nx1                                                                |                      design_1_axi_ctrl_smc_0_sc_util_v1_0_4_srl_rtl__parameterized0_375 |          1 |          0 |       0 |    1 |     0 |      0 |      0 |          0 |
|                   gen_srls[39].srl_nx1                                                                |                      design_1_axi_ctrl_smc_0_sc_util_v1_0_4_srl_rtl__parameterized0_376 |          1 |          0 |       0 |    1 |     0 |      0 |      0 |          0 |
|                   gen_srls[40].srl_nx1                                                                |                      design_1_axi_ctrl_smc_0_sc_util_v1_0_4_srl_rtl__parameterized0_377 |          6 |          5 |       0 |    1 |     0 |      0 |      0 |          0 |
|                   gen_srls[4].srl_nx1                                                                 |                      design_1_axi_ctrl_smc_0_sc_util_v1_0_4_srl_rtl__parameterized0_378 |          1 |          0 |       0 |    1 |     0 |      0 |      0 |          0 |
|                   gen_srls[5].srl_nx1                                                                 |                      design_1_axi_ctrl_smc_0_sc_util_v1_0_4_srl_rtl__parameterized0_379 |          1 |          0 |       0 |    1 |     0 |      0 |      0 |          0 |
|                   gen_srls[6].srl_nx1                                                                 |                      design_1_axi_ctrl_smc_0_sc_util_v1_0_4_srl_rtl__parameterized0_380 |          1 |          0 |       0 |    1 |     0 |      0 |      0 |          0 |
|                   gen_srls[7].srl_nx1                                                                 |                      design_1_axi_ctrl_smc_0_sc_util_v1_0_4_srl_rtl__parameterized0_381 |          1 |          0 |       0 |    1 |     0 |      0 |      0 |          0 |
|                   gen_srls[8].srl_nx1                                                                 |                      design_1_axi_ctrl_smc_0_sc_util_v1_0_4_srl_rtl__parameterized0_382 |          1 |          0 |       0 |    1 |     0 |      0 |      0 |          0 |
|                   gen_srls[9].srl_nx1                                                                 |                      design_1_axi_ctrl_smc_0_sc_util_v1_0_4_srl_rtl__parameterized0_383 |          1 |          0 |       0 |    1 |     0 |      0 |      0 |          0 |
|                 gen_thread_loop[1].r_cmd_fifo                                                         |             design_1_axi_ctrl_smc_0_sc_util_v1_0_4_axic_reg_srl_fifo__parameterized3_62 |         66 |         52 |       0 |   14 |    22 |      0 |      0 |          0 |
|                   (gen_thread_loop[1].r_cmd_fifo)                                                     |             design_1_axi_ctrl_smc_0_sc_util_v1_0_4_axic_reg_srl_fifo__parameterized3_62 |         37 |         37 |       0 |    0 |    22 |      0 |      0 |          0 |
|                   gen_srls[0].srl_nx1                                                                 |                                      design_1_axi_ctrl_smc_0_sc_util_v1_0_4_srl_rtl_326 |          2 |          1 |       0 |    1 |     0 |      0 |      0 |          0 |
|                   gen_srls[10].srl_nx1                                                                |                                      design_1_axi_ctrl_smc_0_sc_util_v1_0_4_srl_rtl_327 |          2 |          1 |       0 |    1 |     0 |      0 |      0 |          0 |
|                   gen_srls[11].srl_nx1                                                                |                                      design_1_axi_ctrl_smc_0_sc_util_v1_0_4_srl_rtl_328 |          2 |          1 |       0 |    1 |     0 |      0 |      0 |          0 |
|                   gen_srls[16].srl_nx1                                                                |                                      design_1_axi_ctrl_smc_0_sc_util_v1_0_4_srl_rtl_333 |          2 |          1 |       0 |    1 |     0 |      0 |      0 |          0 |
|                   gen_srls[17].srl_nx1                                                                |                                      design_1_axi_ctrl_smc_0_sc_util_v1_0_4_srl_rtl_334 |          2 |          1 |       0 |    1 |     0 |      0 |      0 |          0 |
|                   gen_srls[18].srl_nx1                                                                |                                      design_1_axi_ctrl_smc_0_sc_util_v1_0_4_srl_rtl_335 |          2 |          1 |       0 |    1 |     0 |      0 |      0 |          0 |
|                   gen_srls[19].srl_nx1                                                                |                                      design_1_axi_ctrl_smc_0_sc_util_v1_0_4_srl_rtl_336 |          2 |          1 |       0 |    1 |     0 |      0 |      0 |          0 |
|                   gen_srls[1].srl_nx1                                                                 |                                      design_1_axi_ctrl_smc_0_sc_util_v1_0_4_srl_rtl_337 |          2 |          1 |       0 |    1 |     0 |      0 |      0 |          0 |
|                   gen_srls[20].srl_nx1                                                                |                                      design_1_axi_ctrl_smc_0_sc_util_v1_0_4_srl_rtl_338 |          3 |          2 |       0 |    1 |     0 |      0 |      0 |          0 |
|                   gen_srls[2].srl_nx1                                                                 |                                      design_1_axi_ctrl_smc_0_sc_util_v1_0_4_srl_rtl_339 |          2 |          1 |       0 |    1 |     0 |      0 |      0 |          0 |
|                   gen_srls[3].srl_nx1                                                                 |                                      design_1_axi_ctrl_smc_0_sc_util_v1_0_4_srl_rtl_340 |          2 |          1 |       0 |    1 |     0 |      0 |      0 |          0 |
|                   gen_srls[4].srl_nx1                                                                 |                                      design_1_axi_ctrl_smc_0_sc_util_v1_0_4_srl_rtl_341 |          2 |          1 |       0 |    1 |     0 |      0 |      0 |          0 |
|                   gen_srls[8].srl_nx1                                                                 |                                      design_1_axi_ctrl_smc_0_sc_util_v1_0_4_srl_rtl_345 |          2 |          1 |       0 |    1 |     0 |      0 |      0 |          0 |
|                   gen_srls[9].srl_nx1                                                                 |                                      design_1_axi_ctrl_smc_0_sc_util_v1_0_4_srl_rtl_346 |          2 |          1 |       0 |    1 |     0 |      0 |      0 |          0 |
|                 gen_thread_loop[1].r_payld_fifo                                                       |                          design_1_axi_ctrl_smc_0_sc_si_converter_v1_0_14_offset_fifo_63 |        125 |         80 |       0 |   45 |    85 |      0 |      0 |          0 |
|                   (gen_thread_loop[1].r_payld_fifo)                                                   |                          design_1_axi_ctrl_smc_0_sc_si_converter_v1_0_14_offset_fifo_63 |         31 |         31 |       0 |    0 |    68 |      0 |      0 |          0 |
|                   cmd_fifo                                                                            |            design_1_axi_ctrl_smc_0_sc_util_v1_0_4_axic_reg_srl_fifo__parameterized4_277 |         55 |         46 |       0 |    9 |    17 |      0 |      0 |          0 |
|                     (cmd_fifo)                                                                        |            design_1_axi_ctrl_smc_0_sc_util_v1_0_4_axic_reg_srl_fifo__parameterized4_277 |         37 |         37 |       0 |    0 |    17 |      0 |      0 |          0 |
|                     gen_srls[0].srl_nx1                                                               |                                      design_1_axi_ctrl_smc_0_sc_util_v1_0_4_srl_rtl_314 |          2 |          1 |       0 |    1 |     0 |      0 |      0 |          0 |
|                     gen_srls[10].srl_nx1                                                              |                                      design_1_axi_ctrl_smc_0_sc_util_v1_0_4_srl_rtl_315 |          2 |          1 |       0 |    1 |     0 |      0 |      0 |          0 |
|                     gen_srls[11].srl_nx1                                                              |                                      design_1_axi_ctrl_smc_0_sc_util_v1_0_4_srl_rtl_316 |          3 |          2 |       0 |    1 |     0 |      0 |      0 |          0 |
|                     gen_srls[1].srl_nx1                                                               |                                      design_1_axi_ctrl_smc_0_sc_util_v1_0_4_srl_rtl_317 |          2 |          1 |       0 |    1 |     0 |      0 |      0 |          0 |
|                     gen_srls[2].srl_nx1                                                               |                                      design_1_axi_ctrl_smc_0_sc_util_v1_0_4_srl_rtl_318 |          2 |          1 |       0 |    1 |     0 |      0 |      0 |          0 |
|                     gen_srls[3].srl_nx1                                                               |                                      design_1_axi_ctrl_smc_0_sc_util_v1_0_4_srl_rtl_319 |          2 |          1 |       0 |    1 |     0 |      0 |      0 |          0 |
|                     gen_srls[4].srl_nx1                                                               |                                      design_1_axi_ctrl_smc_0_sc_util_v1_0_4_srl_rtl_320 |          2 |          1 |       0 |    1 |     0 |      0 |      0 |          0 |
|                     gen_srls[8].srl_nx1                                                               |                                      design_1_axi_ctrl_smc_0_sc_util_v1_0_4_srl_rtl_324 |          2 |          1 |       0 |    1 |     0 |      0 |      0 |          0 |
|                     gen_srls[9].srl_nx1                                                               |                                      design_1_axi_ctrl_smc_0_sc_util_v1_0_4_srl_rtl_325 |          2 |          1 |       0 |    1 |     0 |      0 |      0 |          0 |
|                   gen_srls[10].srl_nx1                                                                |                      design_1_axi_ctrl_smc_0_sc_util_v1_0_4_srl_rtl__parameterized0_278 |          1 |          0 |       0 |    1 |     0 |      0 |      0 |          0 |
|                   gen_srls[11].srl_nx1                                                                |                      design_1_axi_ctrl_smc_0_sc_util_v1_0_4_srl_rtl__parameterized0_279 |          1 |          0 |       0 |    1 |     0 |      0 |      0 |          0 |
|                   gen_srls[12].srl_nx1                                                                |                      design_1_axi_ctrl_smc_0_sc_util_v1_0_4_srl_rtl__parameterized0_280 |          1 |          0 |       0 |    1 |     0 |      0 |      0 |          0 |
|                   gen_srls[13].srl_nx1                                                                |                      design_1_axi_ctrl_smc_0_sc_util_v1_0_4_srl_rtl__parameterized0_281 |          1 |          0 |       0 |    1 |     0 |      0 |      0 |          0 |
|                   gen_srls[14].srl_nx1                                                                |                      design_1_axi_ctrl_smc_0_sc_util_v1_0_4_srl_rtl__parameterized0_282 |          1 |          0 |       0 |    1 |     0 |      0 |      0 |          0 |
|                   gen_srls[15].srl_nx1                                                                |                      design_1_axi_ctrl_smc_0_sc_util_v1_0_4_srl_rtl__parameterized0_283 |          1 |          0 |       0 |    1 |     0 |      0 |      0 |          0 |
|                   gen_srls[16].srl_nx1                                                                |                      design_1_axi_ctrl_smc_0_sc_util_v1_0_4_srl_rtl__parameterized0_284 |          1 |          0 |       0 |    1 |     0 |      0 |      0 |          0 |
|                   gen_srls[17].srl_nx1                                                                |                      design_1_axi_ctrl_smc_0_sc_util_v1_0_4_srl_rtl__parameterized0_285 |          1 |          0 |       0 |    1 |     0 |      0 |      0 |          0 |
|                   gen_srls[18].srl_nx1                                                                |                      design_1_axi_ctrl_smc_0_sc_util_v1_0_4_srl_rtl__parameterized0_286 |          1 |          0 |       0 |    1 |     0 |      0 |      0 |          0 |
|                   gen_srls[19].srl_nx1                                                                |                      design_1_axi_ctrl_smc_0_sc_util_v1_0_4_srl_rtl__parameterized0_287 |          1 |          0 |       0 |    1 |     0 |      0 |      0 |          0 |
|                   gen_srls[20].srl_nx1                                                                |                      design_1_axi_ctrl_smc_0_sc_util_v1_0_4_srl_rtl__parameterized0_288 |          1 |          0 |       0 |    1 |     0 |      0 |      0 |          0 |
|                   gen_srls[21].srl_nx1                                                                |                      design_1_axi_ctrl_smc_0_sc_util_v1_0_4_srl_rtl__parameterized0_289 |          1 |          0 |       0 |    1 |     0 |      0 |      0 |          0 |
|                   gen_srls[22].srl_nx1                                                                |                      design_1_axi_ctrl_smc_0_sc_util_v1_0_4_srl_rtl__parameterized0_290 |          1 |          0 |       0 |    1 |     0 |      0 |      0 |          0 |
|                   gen_srls[23].srl_nx1                                                                |                      design_1_axi_ctrl_smc_0_sc_util_v1_0_4_srl_rtl__parameterized0_291 |          1 |          0 |       0 |    1 |     0 |      0 |      0 |          0 |
|                   gen_srls[24].srl_nx1                                                                |                      design_1_axi_ctrl_smc_0_sc_util_v1_0_4_srl_rtl__parameterized0_292 |          1 |          0 |       0 |    1 |     0 |      0 |      0 |          0 |
|                   gen_srls[25].srl_nx1                                                                |                      design_1_axi_ctrl_smc_0_sc_util_v1_0_4_srl_rtl__parameterized0_293 |          1 |          0 |       0 |    1 |     0 |      0 |      0 |          0 |
|                   gen_srls[26].srl_nx1                                                                |                      design_1_axi_ctrl_smc_0_sc_util_v1_0_4_srl_rtl__parameterized0_294 |          1 |          0 |       0 |    1 |     0 |      0 |      0 |          0 |
|                   gen_srls[27].srl_nx1                                                                |                      design_1_axi_ctrl_smc_0_sc_util_v1_0_4_srl_rtl__parameterized0_295 |          1 |          0 |       0 |    1 |     0 |      0 |      0 |          0 |
|                   gen_srls[28].srl_nx1                                                                |                      design_1_axi_ctrl_smc_0_sc_util_v1_0_4_srl_rtl__parameterized0_296 |          1 |          0 |       0 |    1 |     0 |      0 |      0 |          0 |
|                   gen_srls[29].srl_nx1                                                                |                      design_1_axi_ctrl_smc_0_sc_util_v1_0_4_srl_rtl__parameterized0_297 |          1 |          0 |       0 |    1 |     0 |      0 |      0 |          0 |
|                   gen_srls[30].srl_nx1                                                                |                      design_1_axi_ctrl_smc_0_sc_util_v1_0_4_srl_rtl__parameterized0_298 |          1 |          0 |       0 |    1 |     0 |      0 |      0 |          0 |
|                   gen_srls[31].srl_nx1                                                                |                      design_1_axi_ctrl_smc_0_sc_util_v1_0_4_srl_rtl__parameterized0_299 |          1 |          0 |       0 |    1 |     0 |      0 |      0 |          0 |
|                   gen_srls[32].srl_nx1                                                                |                      design_1_axi_ctrl_smc_0_sc_util_v1_0_4_srl_rtl__parameterized0_300 |          1 |          0 |       0 |    1 |     0 |      0 |      0 |          0 |
|                   gen_srls[33].srl_nx1                                                                |                      design_1_axi_ctrl_smc_0_sc_util_v1_0_4_srl_rtl__parameterized0_301 |          1 |          0 |       0 |    1 |     0 |      0 |      0 |          0 |
|                   gen_srls[34].srl_nx1                                                                |                      design_1_axi_ctrl_smc_0_sc_util_v1_0_4_srl_rtl__parameterized0_302 |          1 |          0 |       0 |    1 |     0 |      0 |      0 |          0 |
|                   gen_srls[35].srl_nx1                                                                |                      design_1_axi_ctrl_smc_0_sc_util_v1_0_4_srl_rtl__parameterized0_303 |          1 |          0 |       0 |    1 |     0 |      0 |      0 |          0 |
|                   gen_srls[37].srl_nx1                                                                |                      design_1_axi_ctrl_smc_0_sc_util_v1_0_4_srl_rtl__parameterized0_304 |          1 |          0 |       0 |    1 |     0 |      0 |      0 |          0 |
|                   gen_srls[38].srl_nx1                                                                |                      design_1_axi_ctrl_smc_0_sc_util_v1_0_4_srl_rtl__parameterized0_305 |          1 |          0 |       0 |    1 |     0 |      0 |      0 |          0 |
|                   gen_srls[39].srl_nx1                                                                |                      design_1_axi_ctrl_smc_0_sc_util_v1_0_4_srl_rtl__parameterized0_306 |          1 |          0 |       0 |    1 |     0 |      0 |      0 |          0 |
|                   gen_srls[40].srl_nx1                                                                |                      design_1_axi_ctrl_smc_0_sc_util_v1_0_4_srl_rtl__parameterized0_307 |          6 |          5 |       0 |    1 |     0 |      0 |      0 |          0 |
|                   gen_srls[4].srl_nx1                                                                 |                      design_1_axi_ctrl_smc_0_sc_util_v1_0_4_srl_rtl__parameterized0_308 |          1 |          0 |       0 |    1 |     0 |      0 |      0 |          0 |
|                   gen_srls[5].srl_nx1                                                                 |                      design_1_axi_ctrl_smc_0_sc_util_v1_0_4_srl_rtl__parameterized0_309 |          1 |          0 |       0 |    1 |     0 |      0 |      0 |          0 |
|                   gen_srls[6].srl_nx1                                                                 |                      design_1_axi_ctrl_smc_0_sc_util_v1_0_4_srl_rtl__parameterized0_310 |          1 |          0 |       0 |    1 |     0 |      0 |      0 |          0 |
|                   gen_srls[7].srl_nx1                                                                 |                      design_1_axi_ctrl_smc_0_sc_util_v1_0_4_srl_rtl__parameterized0_311 |          1 |          0 |       0 |    1 |     0 |      0 |      0 |          0 |
|                   gen_srls[8].srl_nx1                                                                 |                      design_1_axi_ctrl_smc_0_sc_util_v1_0_4_srl_rtl__parameterized0_312 |          1 |          0 |       0 |    1 |     0 |      0 |      0 |          0 |
|                   gen_srls[9].srl_nx1                                                                 |                      design_1_axi_ctrl_smc_0_sc_util_v1_0_4_srl_rtl__parameterized0_313 |          1 |          0 |       0 |    1 |     0 |      0 |      0 |          0 |
|                 gen_thread_loop[2].r_cmd_fifo                                                         |             design_1_axi_ctrl_smc_0_sc_util_v1_0_4_axic_reg_srl_fifo__parameterized3_64 |         66 |         52 |       0 |   14 |    22 |      0 |      0 |          0 |
|                   (gen_thread_loop[2].r_cmd_fifo)                                                     |             design_1_axi_ctrl_smc_0_sc_util_v1_0_4_axic_reg_srl_fifo__parameterized3_64 |         37 |         37 |       0 |    0 |    22 |      0 |      0 |          0 |
|                   gen_srls[0].srl_nx1                                                                 |                                      design_1_axi_ctrl_smc_0_sc_util_v1_0_4_srl_rtl_256 |          2 |          1 |       0 |    1 |     0 |      0 |      0 |          0 |
|                   gen_srls[10].srl_nx1                                                                |                                      design_1_axi_ctrl_smc_0_sc_util_v1_0_4_srl_rtl_257 |          2 |          1 |       0 |    1 |     0 |      0 |      0 |          0 |
|                   gen_srls[11].srl_nx1                                                                |                                      design_1_axi_ctrl_smc_0_sc_util_v1_0_4_srl_rtl_258 |          2 |          1 |       0 |    1 |     0 |      0 |      0 |          0 |
|                   gen_srls[16].srl_nx1                                                                |                                      design_1_axi_ctrl_smc_0_sc_util_v1_0_4_srl_rtl_263 |          2 |          1 |       0 |    1 |     0 |      0 |      0 |          0 |
|                   gen_srls[17].srl_nx1                                                                |                                      design_1_axi_ctrl_smc_0_sc_util_v1_0_4_srl_rtl_264 |          2 |          1 |       0 |    1 |     0 |      0 |      0 |          0 |
|                   gen_srls[18].srl_nx1                                                                |                                      design_1_axi_ctrl_smc_0_sc_util_v1_0_4_srl_rtl_265 |          2 |          1 |       0 |    1 |     0 |      0 |      0 |          0 |
|                   gen_srls[19].srl_nx1                                                                |                                      design_1_axi_ctrl_smc_0_sc_util_v1_0_4_srl_rtl_266 |          2 |          1 |       0 |    1 |     0 |      0 |      0 |          0 |
|                   gen_srls[1].srl_nx1                                                                 |                                      design_1_axi_ctrl_smc_0_sc_util_v1_0_4_srl_rtl_267 |          2 |          1 |       0 |    1 |     0 |      0 |      0 |          0 |
|                   gen_srls[20].srl_nx1                                                                |                                      design_1_axi_ctrl_smc_0_sc_util_v1_0_4_srl_rtl_268 |          3 |          2 |       0 |    1 |     0 |      0 |      0 |          0 |
|                   gen_srls[2].srl_nx1                                                                 |                                      design_1_axi_ctrl_smc_0_sc_util_v1_0_4_srl_rtl_269 |          2 |          1 |       0 |    1 |     0 |      0 |      0 |          0 |
|                   gen_srls[3].srl_nx1                                                                 |                                      design_1_axi_ctrl_smc_0_sc_util_v1_0_4_srl_rtl_270 |          2 |          1 |       0 |    1 |     0 |      0 |      0 |          0 |
|                   gen_srls[4].srl_nx1                                                                 |                                      design_1_axi_ctrl_smc_0_sc_util_v1_0_4_srl_rtl_271 |          2 |          1 |       0 |    1 |     0 |      0 |      0 |          0 |
|                   gen_srls[8].srl_nx1                                                                 |                                      design_1_axi_ctrl_smc_0_sc_util_v1_0_4_srl_rtl_275 |          2 |          1 |       0 |    1 |     0 |      0 |      0 |          0 |
|                   gen_srls[9].srl_nx1                                                                 |                                      design_1_axi_ctrl_smc_0_sc_util_v1_0_4_srl_rtl_276 |          2 |          1 |       0 |    1 |     0 |      0 |      0 |          0 |
|                 gen_thread_loop[2].r_payld_fifo                                                       |                          design_1_axi_ctrl_smc_0_sc_si_converter_v1_0_14_offset_fifo_65 |        164 |        119 |       0 |   45 |    85 |      0 |      0 |          0 |
|                   (gen_thread_loop[2].r_payld_fifo)                                                   |                          design_1_axi_ctrl_smc_0_sc_si_converter_v1_0_14_offset_fifo_65 |         70 |         70 |       0 |    0 |    68 |      0 |      0 |          0 |
|                   cmd_fifo                                                                            |            design_1_axi_ctrl_smc_0_sc_util_v1_0_4_axic_reg_srl_fifo__parameterized4_207 |         55 |         46 |       0 |    9 |    17 |      0 |      0 |          0 |
|                     (cmd_fifo)                                                                        |            design_1_axi_ctrl_smc_0_sc_util_v1_0_4_axic_reg_srl_fifo__parameterized4_207 |         37 |         37 |       0 |    0 |    17 |      0 |      0 |          0 |
|                     gen_srls[0].srl_nx1                                                               |                                      design_1_axi_ctrl_smc_0_sc_util_v1_0_4_srl_rtl_244 |          2 |          1 |       0 |    1 |     0 |      0 |      0 |          0 |
|                     gen_srls[10].srl_nx1                                                              |                                      design_1_axi_ctrl_smc_0_sc_util_v1_0_4_srl_rtl_245 |          2 |          1 |       0 |    1 |     0 |      0 |      0 |          0 |
|                     gen_srls[11].srl_nx1                                                              |                                      design_1_axi_ctrl_smc_0_sc_util_v1_0_4_srl_rtl_246 |          3 |          2 |       0 |    1 |     0 |      0 |      0 |          0 |
|                     gen_srls[1].srl_nx1                                                               |                                      design_1_axi_ctrl_smc_0_sc_util_v1_0_4_srl_rtl_247 |          2 |          1 |       0 |    1 |     0 |      0 |      0 |          0 |
|                     gen_srls[2].srl_nx1                                                               |                                      design_1_axi_ctrl_smc_0_sc_util_v1_0_4_srl_rtl_248 |          2 |          1 |       0 |    1 |     0 |      0 |      0 |          0 |
|                     gen_srls[3].srl_nx1                                                               |                                      design_1_axi_ctrl_smc_0_sc_util_v1_0_4_srl_rtl_249 |          2 |          1 |       0 |    1 |     0 |      0 |      0 |          0 |
|                     gen_srls[4].srl_nx1                                                               |                                      design_1_axi_ctrl_smc_0_sc_util_v1_0_4_srl_rtl_250 |          2 |          1 |       0 |    1 |     0 |      0 |      0 |          0 |
|                     gen_srls[8].srl_nx1                                                               |                                      design_1_axi_ctrl_smc_0_sc_util_v1_0_4_srl_rtl_254 |          2 |          1 |       0 |    1 |     0 |      0 |      0 |          0 |
|                     gen_srls[9].srl_nx1                                                               |                                      design_1_axi_ctrl_smc_0_sc_util_v1_0_4_srl_rtl_255 |          2 |          1 |       0 |    1 |     0 |      0 |      0 |          0 |
|                   gen_srls[10].srl_nx1                                                                |                      design_1_axi_ctrl_smc_0_sc_util_v1_0_4_srl_rtl__parameterized0_208 |          1 |          0 |       0 |    1 |     0 |      0 |      0 |          0 |
|                   gen_srls[11].srl_nx1                                                                |                      design_1_axi_ctrl_smc_0_sc_util_v1_0_4_srl_rtl__parameterized0_209 |          1 |          0 |       0 |    1 |     0 |      0 |      0 |          0 |
|                   gen_srls[12].srl_nx1                                                                |                      design_1_axi_ctrl_smc_0_sc_util_v1_0_4_srl_rtl__parameterized0_210 |          1 |          0 |       0 |    1 |     0 |      0 |      0 |          0 |
|                   gen_srls[13].srl_nx1                                                                |                      design_1_axi_ctrl_smc_0_sc_util_v1_0_4_srl_rtl__parameterized0_211 |          1 |          0 |       0 |    1 |     0 |      0 |      0 |          0 |
|                   gen_srls[14].srl_nx1                                                                |                      design_1_axi_ctrl_smc_0_sc_util_v1_0_4_srl_rtl__parameterized0_212 |          1 |          0 |       0 |    1 |     0 |      0 |      0 |          0 |
|                   gen_srls[15].srl_nx1                                                                |                      design_1_axi_ctrl_smc_0_sc_util_v1_0_4_srl_rtl__parameterized0_213 |          1 |          0 |       0 |    1 |     0 |      0 |      0 |          0 |
|                   gen_srls[16].srl_nx1                                                                |                      design_1_axi_ctrl_smc_0_sc_util_v1_0_4_srl_rtl__parameterized0_214 |          1 |          0 |       0 |    1 |     0 |      0 |      0 |          0 |
|                   gen_srls[17].srl_nx1                                                                |                      design_1_axi_ctrl_smc_0_sc_util_v1_0_4_srl_rtl__parameterized0_215 |          1 |          0 |       0 |    1 |     0 |      0 |      0 |          0 |
|                   gen_srls[18].srl_nx1                                                                |                      design_1_axi_ctrl_smc_0_sc_util_v1_0_4_srl_rtl__parameterized0_216 |          1 |          0 |       0 |    1 |     0 |      0 |      0 |          0 |
|                   gen_srls[19].srl_nx1                                                                |                      design_1_axi_ctrl_smc_0_sc_util_v1_0_4_srl_rtl__parameterized0_217 |          1 |          0 |       0 |    1 |     0 |      0 |      0 |          0 |
|                   gen_srls[20].srl_nx1                                                                |                      design_1_axi_ctrl_smc_0_sc_util_v1_0_4_srl_rtl__parameterized0_218 |          1 |          0 |       0 |    1 |     0 |      0 |      0 |          0 |
|                   gen_srls[21].srl_nx1                                                                |                      design_1_axi_ctrl_smc_0_sc_util_v1_0_4_srl_rtl__parameterized0_219 |          1 |          0 |       0 |    1 |     0 |      0 |      0 |          0 |
|                   gen_srls[22].srl_nx1                                                                |                      design_1_axi_ctrl_smc_0_sc_util_v1_0_4_srl_rtl__parameterized0_220 |          1 |          0 |       0 |    1 |     0 |      0 |      0 |          0 |
|                   gen_srls[23].srl_nx1                                                                |                      design_1_axi_ctrl_smc_0_sc_util_v1_0_4_srl_rtl__parameterized0_221 |          1 |          0 |       0 |    1 |     0 |      0 |      0 |          0 |
|                   gen_srls[24].srl_nx1                                                                |                      design_1_axi_ctrl_smc_0_sc_util_v1_0_4_srl_rtl__parameterized0_222 |          1 |          0 |       0 |    1 |     0 |      0 |      0 |          0 |
|                   gen_srls[25].srl_nx1                                                                |                      design_1_axi_ctrl_smc_0_sc_util_v1_0_4_srl_rtl__parameterized0_223 |          1 |          0 |       0 |    1 |     0 |      0 |      0 |          0 |
|                   gen_srls[26].srl_nx1                                                                |                      design_1_axi_ctrl_smc_0_sc_util_v1_0_4_srl_rtl__parameterized0_224 |          1 |          0 |       0 |    1 |     0 |      0 |      0 |          0 |
|                   gen_srls[27].srl_nx1                                                                |                      design_1_axi_ctrl_smc_0_sc_util_v1_0_4_srl_rtl__parameterized0_225 |          1 |          0 |       0 |    1 |     0 |      0 |      0 |          0 |
|                   gen_srls[28].srl_nx1                                                                |                      design_1_axi_ctrl_smc_0_sc_util_v1_0_4_srl_rtl__parameterized0_226 |          1 |          0 |       0 |    1 |     0 |      0 |      0 |          0 |
|                   gen_srls[29].srl_nx1                                                                |                      design_1_axi_ctrl_smc_0_sc_util_v1_0_4_srl_rtl__parameterized0_227 |          1 |          0 |       0 |    1 |     0 |      0 |      0 |          0 |
|                   gen_srls[30].srl_nx1                                                                |                      design_1_axi_ctrl_smc_0_sc_util_v1_0_4_srl_rtl__parameterized0_228 |          1 |          0 |       0 |    1 |     0 |      0 |      0 |          0 |
|                   gen_srls[31].srl_nx1                                                                |                      design_1_axi_ctrl_smc_0_sc_util_v1_0_4_srl_rtl__parameterized0_229 |          1 |          0 |       0 |    1 |     0 |      0 |      0 |          0 |
|                   gen_srls[32].srl_nx1                                                                |                      design_1_axi_ctrl_smc_0_sc_util_v1_0_4_srl_rtl__parameterized0_230 |          1 |          0 |       0 |    1 |     0 |      0 |      0 |          0 |
|                   gen_srls[33].srl_nx1                                                                |                      design_1_axi_ctrl_smc_0_sc_util_v1_0_4_srl_rtl__parameterized0_231 |          1 |          0 |       0 |    1 |     0 |      0 |      0 |          0 |
|                   gen_srls[34].srl_nx1                                                                |                      design_1_axi_ctrl_smc_0_sc_util_v1_0_4_srl_rtl__parameterized0_232 |          1 |          0 |       0 |    1 |     0 |      0 |      0 |          0 |
|                   gen_srls[35].srl_nx1                                                                |                      design_1_axi_ctrl_smc_0_sc_util_v1_0_4_srl_rtl__parameterized0_233 |          1 |          0 |       0 |    1 |     0 |      0 |      0 |          0 |
|                   gen_srls[37].srl_nx1                                                                |                      design_1_axi_ctrl_smc_0_sc_util_v1_0_4_srl_rtl__parameterized0_234 |          1 |          0 |       0 |    1 |     0 |      0 |      0 |          0 |
|                   gen_srls[38].srl_nx1                                                                |                      design_1_axi_ctrl_smc_0_sc_util_v1_0_4_srl_rtl__parameterized0_235 |          1 |          0 |       0 |    1 |     0 |      0 |      0 |          0 |
|                   gen_srls[39].srl_nx1                                                                |                      design_1_axi_ctrl_smc_0_sc_util_v1_0_4_srl_rtl__parameterized0_236 |          1 |          0 |       0 |    1 |     0 |      0 |      0 |          0 |
|                   gen_srls[40].srl_nx1                                                                |                      design_1_axi_ctrl_smc_0_sc_util_v1_0_4_srl_rtl__parameterized0_237 |          6 |          5 |       0 |    1 |     0 |      0 |      0 |          0 |
|                   gen_srls[4].srl_nx1                                                                 |                      design_1_axi_ctrl_smc_0_sc_util_v1_0_4_srl_rtl__parameterized0_238 |          1 |          0 |       0 |    1 |     0 |      0 |      0 |          0 |
|                   gen_srls[5].srl_nx1                                                                 |                      design_1_axi_ctrl_smc_0_sc_util_v1_0_4_srl_rtl__parameterized0_239 |          1 |          0 |       0 |    1 |     0 |      0 |      0 |          0 |
|                   gen_srls[6].srl_nx1                                                                 |                      design_1_axi_ctrl_smc_0_sc_util_v1_0_4_srl_rtl__parameterized0_240 |          1 |          0 |       0 |    1 |     0 |      0 |      0 |          0 |
|                   gen_srls[7].srl_nx1                                                                 |                      design_1_axi_ctrl_smc_0_sc_util_v1_0_4_srl_rtl__parameterized0_241 |          1 |          0 |       0 |    1 |     0 |      0 |      0 |          0 |
|                   gen_srls[8].srl_nx1                                                                 |                      design_1_axi_ctrl_smc_0_sc_util_v1_0_4_srl_rtl__parameterized0_242 |          1 |          0 |       0 |    1 |     0 |      0 |      0 |          0 |
|                   gen_srls[9].srl_nx1                                                                 |                      design_1_axi_ctrl_smc_0_sc_util_v1_0_4_srl_rtl__parameterized0_243 |          1 |          0 |       0 |    1 |     0 |      0 |      0 |          0 |
|                 gen_thread_loop[3].r_cmd_fifo                                                         |             design_1_axi_ctrl_smc_0_sc_util_v1_0_4_axic_reg_srl_fifo__parameterized3_66 |         68 |         54 |       0 |   14 |    22 |      0 |      0 |          0 |
|                   (gen_thread_loop[3].r_cmd_fifo)                                                     |             design_1_axi_ctrl_smc_0_sc_util_v1_0_4_axic_reg_srl_fifo__parameterized3_66 |         38 |         38 |       0 |    0 |    22 |      0 |      0 |          0 |
|                   gen_srls[0].srl_nx1                                                                 |                                      design_1_axi_ctrl_smc_0_sc_util_v1_0_4_srl_rtl_186 |          2 |          1 |       0 |    1 |     0 |      0 |      0 |          0 |
|                   gen_srls[10].srl_nx1                                                                |                                      design_1_axi_ctrl_smc_0_sc_util_v1_0_4_srl_rtl_187 |          2 |          1 |       0 |    1 |     0 |      0 |      0 |          0 |
|                   gen_srls[11].srl_nx1                                                                |                                      design_1_axi_ctrl_smc_0_sc_util_v1_0_4_srl_rtl_188 |          2 |          1 |       0 |    1 |     0 |      0 |      0 |          0 |
|                   gen_srls[16].srl_nx1                                                                |                                      design_1_axi_ctrl_smc_0_sc_util_v1_0_4_srl_rtl_193 |          2 |          1 |       0 |    1 |     0 |      0 |      0 |          0 |
|                   gen_srls[17].srl_nx1                                                                |                                      design_1_axi_ctrl_smc_0_sc_util_v1_0_4_srl_rtl_194 |          2 |          1 |       0 |    1 |     0 |      0 |      0 |          0 |
|                   gen_srls[18].srl_nx1                                                                |                                      design_1_axi_ctrl_smc_0_sc_util_v1_0_4_srl_rtl_195 |          2 |          1 |       0 |    1 |     0 |      0 |      0 |          0 |
|                   gen_srls[19].srl_nx1                                                                |                                      design_1_axi_ctrl_smc_0_sc_util_v1_0_4_srl_rtl_196 |          3 |          2 |       0 |    1 |     0 |      0 |      0 |          0 |
|                   gen_srls[1].srl_nx1                                                                 |                                      design_1_axi_ctrl_smc_0_sc_util_v1_0_4_srl_rtl_197 |          2 |          1 |       0 |    1 |     0 |      0 |      0 |          0 |
|                   gen_srls[20].srl_nx1                                                                |                                      design_1_axi_ctrl_smc_0_sc_util_v1_0_4_srl_rtl_198 |          4 |          3 |       0 |    1 |     0 |      0 |      0 |          0 |
|                   gen_srls[2].srl_nx1                                                                 |                                      design_1_axi_ctrl_smc_0_sc_util_v1_0_4_srl_rtl_199 |          2 |          1 |       0 |    1 |     0 |      0 |      0 |          0 |
|                   gen_srls[3].srl_nx1                                                                 |                                      design_1_axi_ctrl_smc_0_sc_util_v1_0_4_srl_rtl_200 |          2 |          1 |       0 |    1 |     0 |      0 |      0 |          0 |
|                   gen_srls[4].srl_nx1                                                                 |                                      design_1_axi_ctrl_smc_0_sc_util_v1_0_4_srl_rtl_201 |          2 |          1 |       0 |    1 |     0 |      0 |      0 |          0 |
|                   gen_srls[8].srl_nx1                                                                 |                                      design_1_axi_ctrl_smc_0_sc_util_v1_0_4_srl_rtl_205 |          2 |          1 |       0 |    1 |     0 |      0 |      0 |          0 |
|                   gen_srls[9].srl_nx1                                                                 |                                      design_1_axi_ctrl_smc_0_sc_util_v1_0_4_srl_rtl_206 |          2 |          1 |       0 |    1 |     0 |      0 |      0 |          0 |
|                 gen_thread_loop[3].r_payld_fifo                                                       |                          design_1_axi_ctrl_smc_0_sc_si_converter_v1_0_14_offset_fifo_67 |        139 |         94 |       0 |   45 |    85 |      0 |      0 |          0 |
|                   (gen_thread_loop[3].r_payld_fifo)                                                   |                          design_1_axi_ctrl_smc_0_sc_si_converter_v1_0_14_offset_fifo_67 |         31 |         31 |       0 |    0 |    68 |      0 |      0 |          0 |
|                   cmd_fifo                                                                            |            design_1_axi_ctrl_smc_0_sc_util_v1_0_4_axic_reg_srl_fifo__parameterized4_137 |         67 |         58 |       0 |    9 |    17 |      0 |      0 |          0 |
|                     (cmd_fifo)                                                                        |            design_1_axi_ctrl_smc_0_sc_util_v1_0_4_axic_reg_srl_fifo__parameterized4_137 |         37 |         37 |       0 |    0 |    17 |      0 |      0 |          0 |
|                     gen_srls[0].srl_nx1                                                               |                                      design_1_axi_ctrl_smc_0_sc_util_v1_0_4_srl_rtl_174 |          5 |          4 |       0 |    1 |     0 |      0 |      0 |          0 |
|                     gen_srls[10].srl_nx1                                                              |                                      design_1_axi_ctrl_smc_0_sc_util_v1_0_4_srl_rtl_175 |          3 |          2 |       0 |    1 |     0 |      0 |      0 |          0 |
|                     gen_srls[11].srl_nx1                                                              |                                      design_1_axi_ctrl_smc_0_sc_util_v1_0_4_srl_rtl_176 |          4 |          3 |       0 |    1 |     0 |      0 |      0 |          0 |
|                     gen_srls[1].srl_nx1                                                               |                                      design_1_axi_ctrl_smc_0_sc_util_v1_0_4_srl_rtl_177 |          3 |          2 |       0 |    1 |     0 |      0 |      0 |          0 |
|                     gen_srls[2].srl_nx1                                                               |                                      design_1_axi_ctrl_smc_0_sc_util_v1_0_4_srl_rtl_178 |          5 |          4 |       0 |    1 |     0 |      0 |      0 |          0 |
|                     gen_srls[3].srl_nx1                                                               |                                      design_1_axi_ctrl_smc_0_sc_util_v1_0_4_srl_rtl_179 |          4 |          3 |       0 |    1 |     0 |      0 |      0 |          0 |
|                     gen_srls[4].srl_nx1                                                               |                                      design_1_axi_ctrl_smc_0_sc_util_v1_0_4_srl_rtl_180 |          3 |          2 |       0 |    1 |     0 |      0 |      0 |          0 |
|                     gen_srls[8].srl_nx1                                                               |                                      design_1_axi_ctrl_smc_0_sc_util_v1_0_4_srl_rtl_184 |          3 |          2 |       0 |    1 |     0 |      0 |      0 |          0 |
|                     gen_srls[9].srl_nx1                                                               |                                      design_1_axi_ctrl_smc_0_sc_util_v1_0_4_srl_rtl_185 |          3 |          2 |       0 |    1 |     0 |      0 |      0 |          0 |
|                   gen_srls[10].srl_nx1                                                                |                      design_1_axi_ctrl_smc_0_sc_util_v1_0_4_srl_rtl__parameterized0_138 |          1 |          0 |       0 |    1 |     0 |      0 |      0 |          0 |
|                   gen_srls[11].srl_nx1                                                                |                      design_1_axi_ctrl_smc_0_sc_util_v1_0_4_srl_rtl__parameterized0_139 |          1 |          0 |       0 |    1 |     0 |      0 |      0 |          0 |
|                   gen_srls[12].srl_nx1                                                                |                      design_1_axi_ctrl_smc_0_sc_util_v1_0_4_srl_rtl__parameterized0_140 |          1 |          0 |       0 |    1 |     0 |      0 |      0 |          0 |
|                   gen_srls[13].srl_nx1                                                                |                      design_1_axi_ctrl_smc_0_sc_util_v1_0_4_srl_rtl__parameterized0_141 |          1 |          0 |       0 |    1 |     0 |      0 |      0 |          0 |
|                   gen_srls[14].srl_nx1                                                                |                      design_1_axi_ctrl_smc_0_sc_util_v1_0_4_srl_rtl__parameterized0_142 |          1 |          0 |       0 |    1 |     0 |      0 |      0 |          0 |
|                   gen_srls[15].srl_nx1                                                                |                      design_1_axi_ctrl_smc_0_sc_util_v1_0_4_srl_rtl__parameterized0_143 |          1 |          0 |       0 |    1 |     0 |      0 |      0 |          0 |
|                   gen_srls[16].srl_nx1                                                                |                      design_1_axi_ctrl_smc_0_sc_util_v1_0_4_srl_rtl__parameterized0_144 |          1 |          0 |       0 |    1 |     0 |      0 |      0 |          0 |
|                   gen_srls[17].srl_nx1                                                                |                      design_1_axi_ctrl_smc_0_sc_util_v1_0_4_srl_rtl__parameterized0_145 |          1 |          0 |       0 |    1 |     0 |      0 |      0 |          0 |
|                   gen_srls[18].srl_nx1                                                                |                      design_1_axi_ctrl_smc_0_sc_util_v1_0_4_srl_rtl__parameterized0_146 |          1 |          0 |       0 |    1 |     0 |      0 |      0 |          0 |
|                   gen_srls[19].srl_nx1                                                                |                      design_1_axi_ctrl_smc_0_sc_util_v1_0_4_srl_rtl__parameterized0_147 |          1 |          0 |       0 |    1 |     0 |      0 |      0 |          0 |
|                   gen_srls[20].srl_nx1                                                                |                      design_1_axi_ctrl_smc_0_sc_util_v1_0_4_srl_rtl__parameterized0_148 |          1 |          0 |       0 |    1 |     0 |      0 |      0 |          0 |
|                   gen_srls[21].srl_nx1                                                                |                      design_1_axi_ctrl_smc_0_sc_util_v1_0_4_srl_rtl__parameterized0_149 |          1 |          0 |       0 |    1 |     0 |      0 |      0 |          0 |
|                   gen_srls[22].srl_nx1                                                                |                      design_1_axi_ctrl_smc_0_sc_util_v1_0_4_srl_rtl__parameterized0_150 |          1 |          0 |       0 |    1 |     0 |      0 |      0 |          0 |
|                   gen_srls[23].srl_nx1                                                                |                      design_1_axi_ctrl_smc_0_sc_util_v1_0_4_srl_rtl__parameterized0_151 |          1 |          0 |       0 |    1 |     0 |      0 |      0 |          0 |
|                   gen_srls[24].srl_nx1                                                                |                      design_1_axi_ctrl_smc_0_sc_util_v1_0_4_srl_rtl__parameterized0_152 |          1 |          0 |       0 |    1 |     0 |      0 |      0 |          0 |
|                   gen_srls[25].srl_nx1                                                                |                      design_1_axi_ctrl_smc_0_sc_util_v1_0_4_srl_rtl__parameterized0_153 |          1 |          0 |       0 |    1 |     0 |      0 |      0 |          0 |
|                   gen_srls[26].srl_nx1                                                                |                      design_1_axi_ctrl_smc_0_sc_util_v1_0_4_srl_rtl__parameterized0_154 |          1 |          0 |       0 |    1 |     0 |      0 |      0 |          0 |
|                   gen_srls[27].srl_nx1                                                                |                      design_1_axi_ctrl_smc_0_sc_util_v1_0_4_srl_rtl__parameterized0_155 |          1 |          0 |       0 |    1 |     0 |      0 |      0 |          0 |
|                   gen_srls[28].srl_nx1                                                                |                      design_1_axi_ctrl_smc_0_sc_util_v1_0_4_srl_rtl__parameterized0_156 |          1 |          0 |       0 |    1 |     0 |      0 |      0 |          0 |
|                   gen_srls[29].srl_nx1                                                                |                      design_1_axi_ctrl_smc_0_sc_util_v1_0_4_srl_rtl__parameterized0_157 |          1 |          0 |       0 |    1 |     0 |      0 |      0 |          0 |
|                   gen_srls[30].srl_nx1                                                                |                      design_1_axi_ctrl_smc_0_sc_util_v1_0_4_srl_rtl__parameterized0_158 |          1 |          0 |       0 |    1 |     0 |      0 |      0 |          0 |
|                   gen_srls[31].srl_nx1                                                                |                      design_1_axi_ctrl_smc_0_sc_util_v1_0_4_srl_rtl__parameterized0_159 |          1 |          0 |       0 |    1 |     0 |      0 |      0 |          0 |
|                   gen_srls[32].srl_nx1                                                                |                      design_1_axi_ctrl_smc_0_sc_util_v1_0_4_srl_rtl__parameterized0_160 |          1 |          0 |       0 |    1 |     0 |      0 |      0 |          0 |
|                   gen_srls[33].srl_nx1                                                                |                      design_1_axi_ctrl_smc_0_sc_util_v1_0_4_srl_rtl__parameterized0_161 |          1 |          0 |       0 |    1 |     0 |      0 |      0 |          0 |
|                   gen_srls[34].srl_nx1                                                                |                      design_1_axi_ctrl_smc_0_sc_util_v1_0_4_srl_rtl__parameterized0_162 |          1 |          0 |       0 |    1 |     0 |      0 |      0 |          0 |
|                   gen_srls[35].srl_nx1                                                                |                      design_1_axi_ctrl_smc_0_sc_util_v1_0_4_srl_rtl__parameterized0_163 |          1 |          0 |       0 |    1 |     0 |      0 |      0 |          0 |
|                   gen_srls[37].srl_nx1                                                                |                      design_1_axi_ctrl_smc_0_sc_util_v1_0_4_srl_rtl__parameterized0_164 |          1 |          0 |       0 |    1 |     0 |      0 |      0 |          0 |
|                   gen_srls[38].srl_nx1                                                                |                      design_1_axi_ctrl_smc_0_sc_util_v1_0_4_srl_rtl__parameterized0_165 |          1 |          0 |       0 |    1 |     0 |      0 |      0 |          0 |
|                   gen_srls[39].srl_nx1                                                                |                      design_1_axi_ctrl_smc_0_sc_util_v1_0_4_srl_rtl__parameterized0_166 |          1 |          0 |       0 |    1 |     0 |      0 |      0 |          0 |
|                   gen_srls[40].srl_nx1                                                                |                      design_1_axi_ctrl_smc_0_sc_util_v1_0_4_srl_rtl__parameterized0_167 |          6 |          5 |       0 |    1 |     0 |      0 |      0 |          0 |
|                   gen_srls[4].srl_nx1                                                                 |                      design_1_axi_ctrl_smc_0_sc_util_v1_0_4_srl_rtl__parameterized0_168 |          1 |          0 |       0 |    1 |     0 |      0 |      0 |          0 |
|                   gen_srls[5].srl_nx1                                                                 |                      design_1_axi_ctrl_smc_0_sc_util_v1_0_4_srl_rtl__parameterized0_169 |          1 |          0 |       0 |    1 |     0 |      0 |      0 |          0 |
|                   gen_srls[6].srl_nx1                                                                 |                      design_1_axi_ctrl_smc_0_sc_util_v1_0_4_srl_rtl__parameterized0_170 |          1 |          0 |       0 |    1 |     0 |      0 |      0 |          0 |
|                   gen_srls[7].srl_nx1                                                                 |                      design_1_axi_ctrl_smc_0_sc_util_v1_0_4_srl_rtl__parameterized0_171 |          1 |          0 |       0 |    1 |     0 |      0 |      0 |          0 |
|                   gen_srls[8].srl_nx1                                                                 |                      design_1_axi_ctrl_smc_0_sc_util_v1_0_4_srl_rtl__parameterized0_172 |          1 |          0 |       0 |    1 |     0 |      0 |      0 |          0 |
|                   gen_srls[9].srl_nx1                                                                 |                      design_1_axi_ctrl_smc_0_sc_util_v1_0_4_srl_rtl__parameterized0_173 |          1 |          0 |       0 |    1 |     0 |      0 |      0 |          0 |
|                 w_cmd_fifo                                                                            |                design_1_axi_ctrl_smc_0_sc_util_v1_0_4_axic_reg_srl_fifo__parameterized5 |         82 |         71 |       0 |   11 |    19 |      0 |      0 |          0 |
|                   (w_cmd_fifo)                                                                        |                design_1_axi_ctrl_smc_0_sc_util_v1_0_4_axic_reg_srl_fifo__parameterized5 |         57 |         57 |       0 |    0 |    19 |      0 |      0 |          0 |
|                   gen_srls[0].srl_nx1                                                                 |                                      design_1_axi_ctrl_smc_0_sc_util_v1_0_4_srl_rtl_121 |          2 |          1 |       0 |    1 |     0 |      0 |      0 |          0 |
|                   gen_srls[10].srl_nx1                                                                |                                      design_1_axi_ctrl_smc_0_sc_util_v1_0_4_srl_rtl_122 |          2 |          1 |       0 |    1 |     0 |      0 |      0 |          0 |
|                   gen_srls[12].srl_nx1                                                                |                                      design_1_axi_ctrl_smc_0_sc_util_v1_0_4_srl_rtl_124 |          3 |          2 |       0 |    1 |     0 |      0 |      0 |          0 |
|                   gen_srls[13].srl_nx1                                                                |                                      design_1_axi_ctrl_smc_0_sc_util_v1_0_4_srl_rtl_125 |          3 |          2 |       0 |    1 |     0 |      0 |      0 |          0 |
|                   gen_srls[14].srl_nx1                                                                |                                      design_1_axi_ctrl_smc_0_sc_util_v1_0_4_srl_rtl_126 |          3 |          2 |       0 |    1 |     0 |      0 |      0 |          0 |
|                   gen_srls[15].srl_nx1                                                                |                                      design_1_axi_ctrl_smc_0_sc_util_v1_0_4_srl_rtl_127 |          4 |          3 |       0 |    1 |     0 |      0 |      0 |          0 |
|                   gen_srls[1].srl_nx1                                                                 |                                      design_1_axi_ctrl_smc_0_sc_util_v1_0_4_srl_rtl_128 |          2 |          1 |       0 |    1 |     0 |      0 |      0 |          0 |
|                   gen_srls[2].srl_nx1                                                                 |                                      design_1_axi_ctrl_smc_0_sc_util_v1_0_4_srl_rtl_129 |          2 |          1 |       0 |    1 |     0 |      0 |      0 |          0 |
|                   gen_srls[3].srl_nx1                                                                 |                                      design_1_axi_ctrl_smc_0_sc_util_v1_0_4_srl_rtl_130 |          2 |          1 |       0 |    1 |     0 |      0 |      0 |          0 |
|                   gen_srls[4].srl_nx1                                                                 |                                      design_1_axi_ctrl_smc_0_sc_util_v1_0_4_srl_rtl_131 |          2 |          1 |       0 |    1 |     0 |      0 |      0 |          0 |
|                   gen_srls[9].srl_nx1                                                                 |                                      design_1_axi_ctrl_smc_0_sc_util_v1_0_4_srl_rtl_136 |          2 |          1 |       0 |    1 |     0 |      0 |      0 |          0 |
|                 w_payld_fifo                                                                          |             design_1_axi_ctrl_smc_0_sc_si_converter_v1_0_14_offset_fifo__parameterized0 |        169 |        118 |       0 |   51 |    91 |      0 |      0 |          0 |
|                   (w_payld_fifo)                                                                      |             design_1_axi_ctrl_smc_0_sc_si_converter_v1_0_14_offset_fifo__parameterized0 |         37 |         37 |       0 |    0 |    74 |      0 |      0 |          0 |
|                   cmd_fifo                                                                            |                design_1_axi_ctrl_smc_0_sc_util_v1_0_4_axic_reg_srl_fifo__parameterized4 |         86 |         77 |       0 |    9 |    17 |      0 |      0 |          0 |
|                     (cmd_fifo)                                                                        |                design_1_axi_ctrl_smc_0_sc_util_v1_0_4_axic_reg_srl_fifo__parameterized4 |         39 |         39 |       0 |    0 |    17 |      0 |      0 |          0 |
|                     gen_srls[0].srl_nx1                                                               |                                      design_1_axi_ctrl_smc_0_sc_util_v1_0_4_srl_rtl_109 |          5 |          4 |       0 |    1 |     0 |      0 |      0 |          0 |
|                     gen_srls[10].srl_nx1                                                              |                                      design_1_axi_ctrl_smc_0_sc_util_v1_0_4_srl_rtl_110 |          9 |          8 |       0 |    1 |     0 |      0 |      0 |          0 |
|                     gen_srls[11].srl_nx1                                                              |                                      design_1_axi_ctrl_smc_0_sc_util_v1_0_4_srl_rtl_111 |         13 |         12 |       0 |    1 |     0 |      0 |      0 |          0 |
|                     gen_srls[1].srl_nx1                                                               |                                      design_1_axi_ctrl_smc_0_sc_util_v1_0_4_srl_rtl_112 |          3 |          2 |       0 |    1 |     0 |      0 |      0 |          0 |
|                     gen_srls[2].srl_nx1                                                               |                                      design_1_axi_ctrl_smc_0_sc_util_v1_0_4_srl_rtl_113 |          6 |          5 |       0 |    1 |     0 |      0 |      0 |          0 |
|                     gen_srls[3].srl_nx1                                                               |                                      design_1_axi_ctrl_smc_0_sc_util_v1_0_4_srl_rtl_114 |          4 |          3 |       0 |    1 |     0 |      0 |      0 |          0 |
|                     gen_srls[4].srl_nx1                                                               |                                      design_1_axi_ctrl_smc_0_sc_util_v1_0_4_srl_rtl_115 |          3 |          2 |       0 |    1 |     0 |      0 |      0 |          0 |
|                     gen_srls[8].srl_nx1                                                               |                                      design_1_axi_ctrl_smc_0_sc_util_v1_0_4_srl_rtl_119 |          3 |          2 |       0 |    1 |     0 |      0 |      0 |          0 |
|                     gen_srls[9].srl_nx1                                                               |                                      design_1_axi_ctrl_smc_0_sc_util_v1_0_4_srl_rtl_120 |          4 |          3 |       0 |    1 |     0 |      0 |      0 |          0 |
|                   gen_srls[0].srl_nx1                                                                 |                          design_1_axi_ctrl_smc_0_sc_util_v1_0_4_srl_rtl__parameterized0 |          1 |          0 |       0 |    1 |     0 |      0 |      0 |          0 |
|                   gen_srls[100].srl_nx1                                                               |                       design_1_axi_ctrl_smc_0_sc_util_v1_0_4_srl_rtl__parameterized0_68 |          1 |          0 |       0 |    1 |     0 |      0 |      0 |          0 |
|                   gen_srls[101].srl_nx1                                                               |                       design_1_axi_ctrl_smc_0_sc_util_v1_0_4_srl_rtl__parameterized0_69 |          1 |          0 |       0 |    1 |     0 |      0 |      0 |          0 |
|                   gen_srls[102].srl_nx1                                                               |                       design_1_axi_ctrl_smc_0_sc_util_v1_0_4_srl_rtl__parameterized0_70 |          1 |          0 |       0 |    1 |     0 |      0 |      0 |          0 |
|                   gen_srls[103].srl_nx1                                                               |                       design_1_axi_ctrl_smc_0_sc_util_v1_0_4_srl_rtl__parameterized0_71 |          6 |          5 |       0 |    1 |     0 |      0 |      0 |          0 |
|                   gen_srls[1].srl_nx1                                                                 |                       design_1_axi_ctrl_smc_0_sc_util_v1_0_4_srl_rtl__parameterized0_72 |          1 |          0 |       0 |    1 |     0 |      0 |      0 |          0 |
|                   gen_srls[2].srl_nx1                                                                 |                       design_1_axi_ctrl_smc_0_sc_util_v1_0_4_srl_rtl__parameterized0_73 |          1 |          0 |       0 |    1 |     0 |      0 |      0 |          0 |
|                   gen_srls[3].srl_nx1                                                                 |                       design_1_axi_ctrl_smc_0_sc_util_v1_0_4_srl_rtl__parameterized0_74 |          1 |          0 |       0 |    1 |     0 |      0 |      0 |          0 |
|                   gen_srls[4].srl_nx1                                                                 |                       design_1_axi_ctrl_smc_0_sc_util_v1_0_4_srl_rtl__parameterized0_75 |          1 |          0 |       0 |    1 |     0 |      0 |      0 |          0 |
|                   gen_srls[5].srl_nx1                                                                 |                       design_1_axi_ctrl_smc_0_sc_util_v1_0_4_srl_rtl__parameterized0_76 |          1 |          0 |       0 |    1 |     0 |      0 |      0 |          0 |
|                   gen_srls[68].srl_nx1                                                                |                       design_1_axi_ctrl_smc_0_sc_util_v1_0_4_srl_rtl__parameterized0_77 |          1 |          0 |       0 |    1 |     0 |      0 |      0 |          0 |
|                   gen_srls[69].srl_nx1                                                                |                       design_1_axi_ctrl_smc_0_sc_util_v1_0_4_srl_rtl__parameterized0_78 |          1 |          0 |       0 |    1 |     0 |      0 |      0 |          0 |
|                   gen_srls[70].srl_nx1                                                                |                       design_1_axi_ctrl_smc_0_sc_util_v1_0_4_srl_rtl__parameterized0_79 |          1 |          0 |       0 |    1 |     0 |      0 |      0 |          0 |
|                   gen_srls[71].srl_nx1                                                                |                       design_1_axi_ctrl_smc_0_sc_util_v1_0_4_srl_rtl__parameterized0_80 |          1 |          0 |       0 |    1 |     0 |      0 |      0 |          0 |
|                   gen_srls[72].srl_nx1                                                                |                       design_1_axi_ctrl_smc_0_sc_util_v1_0_4_srl_rtl__parameterized0_81 |          1 |          0 |       0 |    1 |     0 |      0 |      0 |          0 |
|                   gen_srls[73].srl_nx1                                                                |                       design_1_axi_ctrl_smc_0_sc_util_v1_0_4_srl_rtl__parameterized0_82 |          1 |          0 |       0 |    1 |     0 |      0 |      0 |          0 |
|                   gen_srls[74].srl_nx1                                                                |                       design_1_axi_ctrl_smc_0_sc_util_v1_0_4_srl_rtl__parameterized0_83 |          1 |          0 |       0 |    1 |     0 |      0 |      0 |          0 |
|                   gen_srls[75].srl_nx1                                                                |                       design_1_axi_ctrl_smc_0_sc_util_v1_0_4_srl_rtl__parameterized0_84 |          1 |          0 |       0 |    1 |     0 |      0 |      0 |          0 |
|                   gen_srls[76].srl_nx1                                                                |                       design_1_axi_ctrl_smc_0_sc_util_v1_0_4_srl_rtl__parameterized0_85 |          1 |          0 |       0 |    1 |     0 |      0 |      0 |          0 |
|                   gen_srls[77].srl_nx1                                                                |                       design_1_axi_ctrl_smc_0_sc_util_v1_0_4_srl_rtl__parameterized0_86 |          1 |          0 |       0 |    1 |     0 |      0 |      0 |          0 |
|                   gen_srls[78].srl_nx1                                                                |                       design_1_axi_ctrl_smc_0_sc_util_v1_0_4_srl_rtl__parameterized0_87 |          1 |          0 |       0 |    1 |     0 |      0 |      0 |          0 |
|                   gen_srls[79].srl_nx1                                                                |                       design_1_axi_ctrl_smc_0_sc_util_v1_0_4_srl_rtl__parameterized0_88 |          1 |          0 |       0 |    1 |     0 |      0 |      0 |          0 |
|                   gen_srls[80].srl_nx1                                                                |                       design_1_axi_ctrl_smc_0_sc_util_v1_0_4_srl_rtl__parameterized0_89 |          1 |          0 |       0 |    1 |     0 |      0 |      0 |          0 |
|                   gen_srls[81].srl_nx1                                                                |                       design_1_axi_ctrl_smc_0_sc_util_v1_0_4_srl_rtl__parameterized0_90 |          1 |          0 |       0 |    1 |     0 |      0 |      0 |          0 |
|                   gen_srls[82].srl_nx1                                                                |                       design_1_axi_ctrl_smc_0_sc_util_v1_0_4_srl_rtl__parameterized0_91 |          1 |          0 |       0 |    1 |     0 |      0 |      0 |          0 |
|                   gen_srls[83].srl_nx1                                                                |                       design_1_axi_ctrl_smc_0_sc_util_v1_0_4_srl_rtl__parameterized0_92 |          1 |          0 |       0 |    1 |     0 |      0 |      0 |          0 |
|                   gen_srls[84].srl_nx1                                                                |                       design_1_axi_ctrl_smc_0_sc_util_v1_0_4_srl_rtl__parameterized0_93 |          1 |          0 |       0 |    1 |     0 |      0 |      0 |          0 |
|                   gen_srls[85].srl_nx1                                                                |                       design_1_axi_ctrl_smc_0_sc_util_v1_0_4_srl_rtl__parameterized0_94 |          1 |          0 |       0 |    1 |     0 |      0 |      0 |          0 |
|                   gen_srls[86].srl_nx1                                                                |                       design_1_axi_ctrl_smc_0_sc_util_v1_0_4_srl_rtl__parameterized0_95 |          1 |          0 |       0 |    1 |     0 |      0 |      0 |          0 |
|                   gen_srls[87].srl_nx1                                                                |                       design_1_axi_ctrl_smc_0_sc_util_v1_0_4_srl_rtl__parameterized0_96 |          1 |          0 |       0 |    1 |     0 |      0 |      0 |          0 |
|                   gen_srls[88].srl_nx1                                                                |                       design_1_axi_ctrl_smc_0_sc_util_v1_0_4_srl_rtl__parameterized0_97 |          1 |          0 |       0 |    1 |     0 |      0 |      0 |          0 |
|                   gen_srls[89].srl_nx1                                                                |                       design_1_axi_ctrl_smc_0_sc_util_v1_0_4_srl_rtl__parameterized0_98 |          1 |          0 |       0 |    1 |     0 |      0 |      0 |          0 |
|                   gen_srls[90].srl_nx1                                                                |                       design_1_axi_ctrl_smc_0_sc_util_v1_0_4_srl_rtl__parameterized0_99 |          1 |          0 |       0 |    1 |     0 |      0 |      0 |          0 |
|                   gen_srls[91].srl_nx1                                                                |                      design_1_axi_ctrl_smc_0_sc_util_v1_0_4_srl_rtl__parameterized0_100 |          1 |          0 |       0 |    1 |     0 |      0 |      0 |          0 |
|                   gen_srls[92].srl_nx1                                                                |                      design_1_axi_ctrl_smc_0_sc_util_v1_0_4_srl_rtl__parameterized0_101 |          1 |          0 |       0 |    1 |     0 |      0 |      0 |          0 |
|                   gen_srls[93].srl_nx1                                                                |                      design_1_axi_ctrl_smc_0_sc_util_v1_0_4_srl_rtl__parameterized0_102 |          1 |          0 |       0 |    1 |     0 |      0 |      0 |          0 |
|                   gen_srls[94].srl_nx1                                                                |                      design_1_axi_ctrl_smc_0_sc_util_v1_0_4_srl_rtl__parameterized0_103 |          1 |          0 |       0 |    1 |     0 |      0 |      0 |          0 |
|                   gen_srls[95].srl_nx1                                                                |                      design_1_axi_ctrl_smc_0_sc_util_v1_0_4_srl_rtl__parameterized0_104 |          1 |          0 |       0 |    1 |     0 |      0 |      0 |          0 |
|                   gen_srls[96].srl_nx1                                                                |                      design_1_axi_ctrl_smc_0_sc_util_v1_0_4_srl_rtl__parameterized0_105 |          1 |          0 |       0 |    1 |     0 |      0 |      0 |          0 |
|                   gen_srls[97].srl_nx1                                                                |                      design_1_axi_ctrl_smc_0_sc_util_v1_0_4_srl_rtl__parameterized0_106 |          1 |          0 |       0 |    1 |     0 |      0 |      0 |          0 |
|                   gen_srls[98].srl_nx1                                                                |                      design_1_axi_ctrl_smc_0_sc_util_v1_0_4_srl_rtl__parameterized0_107 |          1 |          0 |       0 |    1 |     0 |      0 |      0 |          0 |
|                   gen_srls[99].srl_nx1                                                                |                      design_1_axi_ctrl_smc_0_sc_util_v1_0_4_srl_rtl__parameterized0_108 |          1 |          0 |       0 |    1 |     0 |      0 |      0 |          0 |
|               gen_normal.splitter_inst                                                                |                                design_1_axi_ctrl_smc_0_sc_si_converter_v1_0_14_splitter |         33 |         29 |       0 |    4 |    13 |      0 |      0 |          0 |
|                 (gen_normal.splitter_inst)                                                            |                                design_1_axi_ctrl_smc_0_sc_si_converter_v1_0_14_splitter |          6 |          6 |       0 |    0 |     1 |      0 |      0 |          0 |
|                 gen_no_wsplitter.gen_endpoint_woffset.gen_wbypass_offset_fifo.wbypass_offset_fifo     |                design_1_axi_ctrl_smc_0_sc_util_v1_0_4_axic_reg_srl_fifo__parameterized2 |         27 |         23 |       0 |    4 |    12 |      0 |      0 |          0 |
|                   (gen_no_wsplitter.gen_endpoint_woffset.gen_wbypass_offset_fifo.wbypass_offset_fifo) |                design_1_axi_ctrl_smc_0_sc_util_v1_0_4_axic_reg_srl_fifo__parameterized2 |         18 |         18 |       0 |    0 |    12 |      0 |      0 |          0 |
|                   gen_srls[0].srl_nx1                                                                 |                                          design_1_axi_ctrl_smc_0_sc_util_v1_0_4_srl_rtl |          2 |          1 |       0 |    1 |     0 |      0 |      0 |          0 |
|                   gen_srls[5].srl_nx1                                                                 |                                       design_1_axi_ctrl_smc_0_sc_util_v1_0_4_srl_rtl_57 |          2 |          1 |       0 |    1 |     0 |      0 |      0 |          0 |
|                   gen_srls[6].srl_nx1                                                                 |                                       design_1_axi_ctrl_smc_0_sc_util_v1_0_4_srl_rtl_58 |          2 |          1 |       0 |    1 |     0 |      0 |      0 |          0 |
|                   gen_srls[7].srl_nx1                                                                 |                                       design_1_axi_ctrl_smc_0_sc_util_v1_0_4_srl_rtl_59 |          3 |          2 |       0 |    1 |     0 |      0 |      0 |          0 |
|               xpm_cdc_async_rst_inst                                                                  |                                           design_1_axi_ctrl_smc_0_xpm_cdc_async_rst__34 |          1 |          1 |       0 |    0 |     3 |      0 |      0 |          0 |
|           s00_transaction_regulator                                                                   |                                                 design_1_axi_ctrl_smc_0_bd_01d9_s00tr_0 |        465 |        457 |       0 |    8 |   622 |      0 |      0 |          0 |
|             inst                                                                                      |                            design_1_axi_ctrl_smc_0_sc_transaction_regulator_v1_0_11_top |        465 |        457 |       0 |    8 |   622 |      0 |      0 |          0 |
|               (inst)                                                                                  |                            design_1_axi_ctrl_smc_0_sc_transaction_regulator_v1_0_11_top |          1 |          1 |       0 |    0 |     1 |      0 |      0 |          0 |
|               gen_endpoint.gen_r_multithread.r_multithread                                            |                    design_1_axi_ctrl_smc_0_sc_transaction_regulator_v1_0_11_multithread |        233 |        229 |       0 |    4 |   309 |      0 |      0 |          0 |
|                 (gen_endpoint.gen_r_multithread.r_multithread)                                        |                    design_1_axi_ctrl_smc_0_sc_transaction_regulator_v1_0_11_multithread |         84 |         84 |       0 |    0 |   183 |      0 |      0 |          0 |
|                 aid_encode                                                                            |              design_1_axi_ctrl_smc_0_sc_util_v1_0_4_onehot_to_binary__parameterized0_50 |          1 |          1 |       0 |    0 |     0 |      0 |      0 |          0 |
|                 allocate_queue                                                                        |             design_1_axi_ctrl_smc_0_sc_util_v1_0_4_axic_reg_srl_fifo__parameterized6_51 |         23 |         19 |       0 |    4 |    10 |      0 |      0 |          0 |
|                   (allocate_queue)                                                                    |             design_1_axi_ctrl_smc_0_sc_util_v1_0_4_axic_reg_srl_fifo__parameterized6_51 |         10 |         10 |       0 |    0 |    10 |      0 |      0 |          0 |
|                   gen_srls[0].srl_nx1                                                                 |                       design_1_axi_ctrl_smc_0_sc_util_v1_0_4_srl_rtl__parameterized1_53 |          3 |          2 |       0 |    1 |     0 |      0 |      0 |          0 |
|                   gen_srls[1].srl_nx1                                                                 |                       design_1_axi_ctrl_smc_0_sc_util_v1_0_4_srl_rtl__parameterized1_54 |          3 |          2 |       0 |    1 |     0 |      0 |      0 |          0 |
|                   gen_srls[2].srl_nx1                                                                 |                       design_1_axi_ctrl_smc_0_sc_util_v1_0_4_srl_rtl__parameterized1_55 |          3 |          2 |       0 |    1 |     0 |      0 |      0 |          0 |
|                   gen_srls[3].srl_nx1                                                                 |                       design_1_axi_ctrl_smc_0_sc_util_v1_0_4_srl_rtl__parameterized1_56 |          5 |          4 |       0 |    1 |     0 |      0 |      0 |          0 |
|                 cmd_reg                                                                               |                                 design_1_axi_ctrl_smc_0_sc_util_v1_0_4_axi_reg_stall_52 |        127 |        127 |       0 |    0 |   116 |      0 |      0 |          0 |
|               gen_endpoint.gen_w_multithread.w_multithread                                            |                 design_1_axi_ctrl_smc_0_sc_transaction_regulator_v1_0_11_multithread_46 |        230 |        226 |       0 |    4 |   309 |      0 |      0 |          0 |
|                 (gen_endpoint.gen_w_multithread.w_multithread)                                        |                 design_1_axi_ctrl_smc_0_sc_transaction_regulator_v1_0_11_multithread_46 |         82 |         82 |       0 |    0 |   183 |      0 |      0 |          0 |
|                 aid_encode                                                                            |                 design_1_axi_ctrl_smc_0_sc_util_v1_0_4_onehot_to_binary__parameterized0 |          1 |          1 |       0 |    0 |     0 |      0 |      0 |          0 |
|                 allocate_queue                                                                        |                design_1_axi_ctrl_smc_0_sc_util_v1_0_4_axic_reg_srl_fifo__parameterized6 |         23 |         19 |       0 |    4 |    10 |      0 |      0 |          0 |
|                   (allocate_queue)                                                                    |                design_1_axi_ctrl_smc_0_sc_util_v1_0_4_axic_reg_srl_fifo__parameterized6 |         10 |         10 |       0 |    0 |    10 |      0 |      0 |          0 |
|                   gen_srls[0].srl_nx1                                                                 |                          design_1_axi_ctrl_smc_0_sc_util_v1_0_4_srl_rtl__parameterized1 |          3 |          2 |       0 |    1 |     0 |      0 |      0 |          0 |
|                   gen_srls[1].srl_nx1                                                                 |                       design_1_axi_ctrl_smc_0_sc_util_v1_0_4_srl_rtl__parameterized1_47 |          3 |          2 |       0 |    1 |     0 |      0 |      0 |          0 |
|                   gen_srls[2].srl_nx1                                                                 |                       design_1_axi_ctrl_smc_0_sc_util_v1_0_4_srl_rtl__parameterized1_48 |          3 |          2 |       0 |    1 |     0 |      0 |      0 |          0 |
|                   gen_srls[3].srl_nx1                                                                 |                       design_1_axi_ctrl_smc_0_sc_util_v1_0_4_srl_rtl__parameterized1_49 |          5 |          4 |       0 |    1 |     0 |      0 |      0 |          0 |
|                 cmd_reg                                                                               |                                    design_1_axi_ctrl_smc_0_sc_util_v1_0_4_axi_reg_stall |        126 |        126 |       0 |    0 |   116 |      0 |      0 |          0 |
|               xpm_cdc_async_rst_inst                                                                  |                                           design_1_axi_ctrl_smc_0_xpm_cdc_async_rst__35 |          1 |          1 |       0 |    0 |     3 |      0 |      0 |          0 |
|         s00_nodes                                                                                     |                                           design_1_axi_ctrl_smc_0_s00_nodes_imp_1LBPQMT |        611 |        451 |     160 |    0 |   583 |      0 |      0 |          0 |
|           s00_ar_node                                                                                 |                                                  design_1_axi_ctrl_smc_0_bd_01d9_sarn_0 |        126 |         82 |      44 |    0 |   130 |      0 |      0 |          0 |
|             inst                                                                                      |                             design_1_axi_ctrl_smc_0_sc_node_v1_0_17_top__parameterized4 |        126 |         82 |      44 |    0 |   130 |      0 |      0 |          0 |
|               (inst)                                                                                  |                             design_1_axi_ctrl_smc_0_sc_node_v1_0_17_top__parameterized4 |          3 |          3 |       0 |    0 |     1 |      0 |      0 |          0 |
|               inst_mi_handler                                                                         |                      design_1_axi_ctrl_smc_0_sc_node_v1_0_17_mi_handler__parameterized4 |        122 |         78 |      44 |    0 |   125 |      0 |      0 |          0 |
|                 (inst_mi_handler)                                                                     |                      design_1_axi_ctrl_smc_0_sc_node_v1_0_17_mi_handler__parameterized4 |          0 |          0 |       0 |    0 |     2 |      0 |      0 |          0 |
|                 gen_normal_area.gen_fifo_req.inst_fifo_req                                            |                 design_1_axi_ctrl_smc_0_sc_node_v1_0_17_fifo__parameterized5__xdcDup__1 |         36 |         28 |       8 |    0 |    27 |      0 |      0 |          0 |
|                   gen_xpm_memory_fifo.inst_fifo                                                       |       design_1_axi_ctrl_smc_0_sc_util_v1_0_4_xpm_memory_fifo__parameterized5__xdcDup__1 |         36 |         28 |       8 |    0 |    27 |      0 |      0 |          0 |
|                     (gen_xpm_memory_fifo.inst_fifo)                                                   |       design_1_axi_ctrl_smc_0_sc_util_v1_0_4_xpm_memory_fifo__parameterized5__xdcDup__1 |          4 |          4 |       0 |    0 |     3 |      0 |      0 |          0 |
|                     gen_mem_rep[0].inst_rd_addrb                                                      |                                       design_1_axi_ctrl_smc_0_sc_util_v1_0_4_counter_43 |          6 |          6 |       0 |    0 |     6 |      0 |      0 |          0 |
|                     gen_mem_rep[0].inst_wr_addra                                                      |                                       design_1_axi_ctrl_smc_0_sc_util_v1_0_4_counter_44 |          5 |          5 |       0 |    0 |     6 |      0 |      0 |          0 |
|                     gen_mem_rep[0].inst_xpm_memory                                                    |                               design_1_axi_ctrl_smc_0_xpm_memory_sdpram__parameterized5 |          8 |          0 |       8 |    0 |     6 |      0 |      0 |          0 |
|                       xpm_memory_base_inst                                                            |                                 design_1_axi_ctrl_smc_0_xpm_memory_base__parameterized5 |          8 |          0 |       8 |    0 |     6 |      0 |      0 |          0 |
|                     gen_wr.inst_wr_addra_p1                                                           |                       design_1_axi_ctrl_smc_0_sc_util_v1_0_4_counter__parameterized0_45 |         14 |         14 |       0 |    0 |     6 |      0 |      0 |          0 |
|                 gen_normal_area.inst_fifo_node_payld                                                  |                 design_1_axi_ctrl_smc_0_sc_node_v1_0_17_fifo__parameterized6__xdcDup__1 |         73 |         37 |      36 |    0 |    73 |      0 |      0 |          0 |
|                   gen_xpm_memory_fifo.inst_fifo                                                       |       design_1_axi_ctrl_smc_0_sc_util_v1_0_4_xpm_memory_fifo__parameterized6__xdcDup__1 |         73 |         37 |      36 |    0 |    73 |      0 |      0 |          0 |
|                     (gen_xpm_memory_fifo.inst_fifo)                                                   |       design_1_axi_ctrl_smc_0_sc_util_v1_0_4_xpm_memory_fifo__parameterized6__xdcDup__1 |          4 |          4 |       0 |    0 |     4 |      0 |      0 |          0 |
|                     gen_mem_rep[0].inst_rd_addrb                                                      |                                       design_1_axi_ctrl_smc_0_sc_util_v1_0_4_counter_40 |          4 |          4 |       0 |    0 |     6 |      0 |      0 |          0 |
|                     gen_mem_rep[0].inst_wr_addra                                                      |                                       design_1_axi_ctrl_smc_0_sc_util_v1_0_4_counter_41 |          5 |          5 |       0 |    0 |     6 |      0 |      0 |          0 |
|                     gen_mem_rep[0].inst_xpm_memory                                                    |                               design_1_axi_ctrl_smc_0_xpm_memory_sdpram__parameterized6 |         36 |          0 |      36 |    0 |    51 |      0 |      0 |          0 |
|                       xpm_memory_base_inst                                                            |                                 design_1_axi_ctrl_smc_0_xpm_memory_base__parameterized6 |         36 |          0 |      36 |    0 |    51 |      0 |      0 |          0 |
|                     gen_wr.inst_wr_addra_p1                                                           |                       design_1_axi_ctrl_smc_0_sc_util_v1_0_4_counter__parameterized0_42 |         25 |         25 |       0 |    0 |     6 |      0 |      0 |          0 |
|                 gen_normal_area.inst_fifo_send                                                        |                   design_1_axi_ctrl_smc_0_sc_node_v1_0_17_reg_slice3__parameterized1_39 |         13 |         13 |       0 |    0 |    23 |      0 |      0 |          0 |
|               inst_si_handler                                                                         |                                      design_1_axi_ctrl_smc_0_sc_node_v1_0_17_si_handler |          1 |          1 |       0 |    0 |     1 |      0 |      0 |          0 |
|               s_sc_xpm_cdc_async_rst_inst                                                             |                                           design_1_axi_ctrl_smc_0_xpm_cdc_async_rst__44 |          1 |          1 |       0 |    0 |     3 |      0 |      0 |          0 |
|           s00_aw_node                                                                                 |                                                  design_1_axi_ctrl_smc_0_bd_01d9_sawn_0 |        126 |         82 |      44 |    0 |   130 |      0 |      0 |          0 |
|             inst                                                                                      |                             design_1_axi_ctrl_smc_0_sc_node_v1_0_17_top__parameterized5 |        126 |         82 |      44 |    0 |   130 |      0 |      0 |          0 |
|               (inst)                                                                                  |                             design_1_axi_ctrl_smc_0_sc_node_v1_0_17_top__parameterized5 |          3 |          3 |       0 |    0 |     1 |      0 |      0 |          0 |
|               inst_mi_handler                                                                         |                      design_1_axi_ctrl_smc_0_sc_node_v1_0_17_mi_handler__parameterized5 |        122 |         78 |      44 |    0 |   125 |      0 |      0 |          0 |
|                 (inst_mi_handler)                                                                     |                      design_1_axi_ctrl_smc_0_sc_node_v1_0_17_mi_handler__parameterized5 |          0 |          0 |       0 |    0 |     2 |      0 |      0 |          0 |
|                 gen_normal_area.gen_fifo_req.inst_fifo_req                                            |                 design_1_axi_ctrl_smc_0_sc_node_v1_0_17_fifo__parameterized5__xdcDup__2 |         36 |         28 |       8 |    0 |    27 |      0 |      0 |          0 |
|                   gen_xpm_memory_fifo.inst_fifo                                                       |       design_1_axi_ctrl_smc_0_sc_util_v1_0_4_xpm_memory_fifo__parameterized5__xdcDup__2 |         36 |         28 |       8 |    0 |    27 |      0 |      0 |          0 |
|                     (gen_xpm_memory_fifo.inst_fifo)                                                   |       design_1_axi_ctrl_smc_0_sc_util_v1_0_4_xpm_memory_fifo__parameterized5__xdcDup__2 |          4 |          4 |       0 |    0 |     3 |      0 |      0 |          0 |
|                     gen_mem_rep[0].inst_rd_addrb                                                      |                                       design_1_axi_ctrl_smc_0_sc_util_v1_0_4_counter_36 |          6 |          6 |       0 |    0 |     6 |      0 |      0 |          0 |
|                     gen_mem_rep[0].inst_wr_addra                                                      |                                       design_1_axi_ctrl_smc_0_sc_util_v1_0_4_counter_37 |          5 |          5 |       0 |    0 |     6 |      0 |      0 |          0 |
|                     gen_mem_rep[0].inst_xpm_memory                                                    |                            design_1_axi_ctrl_smc_0_xpm_memory_sdpram__parameterized5__4 |          8 |          0 |       8 |    0 |     6 |      0 |      0 |          0 |
|                       xpm_memory_base_inst                                                            |                              design_1_axi_ctrl_smc_0_xpm_memory_base__parameterized5__4 |          8 |          0 |       8 |    0 |     6 |      0 |      0 |          0 |
|                     gen_wr.inst_wr_addra_p1                                                           |                       design_1_axi_ctrl_smc_0_sc_util_v1_0_4_counter__parameterized0_38 |         14 |         14 |       0 |    0 |     6 |      0 |      0 |          0 |
|                 gen_normal_area.inst_fifo_node_payld                                                  |                            design_1_axi_ctrl_smc_0_sc_node_v1_0_17_fifo__parameterized6 |         73 |         37 |      36 |    0 |    73 |      0 |      0 |          0 |
|                   gen_xpm_memory_fifo.inst_fifo                                                       |                  design_1_axi_ctrl_smc_0_sc_util_v1_0_4_xpm_memory_fifo__parameterized6 |         73 |         37 |      36 |    0 |    73 |      0 |      0 |          0 |
|                     (gen_xpm_memory_fifo.inst_fifo)                                                   |                  design_1_axi_ctrl_smc_0_sc_util_v1_0_4_xpm_memory_fifo__parameterized6 |          4 |          4 |       0 |    0 |     4 |      0 |      0 |          0 |
|                     gen_mem_rep[0].inst_rd_addrb                                                      |                                       design_1_axi_ctrl_smc_0_sc_util_v1_0_4_counter_33 |          4 |          4 |       0 |    0 |     6 |      0 |      0 |          0 |
|                     gen_mem_rep[0].inst_wr_addra                                                      |                                       design_1_axi_ctrl_smc_0_sc_util_v1_0_4_counter_34 |          5 |          5 |       0 |    0 |     6 |      0 |      0 |          0 |
|                     gen_mem_rep[0].inst_xpm_memory                                                    |                            design_1_axi_ctrl_smc_0_xpm_memory_sdpram__parameterized6__2 |         36 |          0 |      36 |    0 |    51 |      0 |      0 |          0 |
|                       xpm_memory_base_inst                                                            |                              design_1_axi_ctrl_smc_0_xpm_memory_base__parameterized6__2 |         36 |          0 |      36 |    0 |    51 |      0 |      0 |          0 |
|                     gen_wr.inst_wr_addra_p1                                                           |                       design_1_axi_ctrl_smc_0_sc_util_v1_0_4_counter__parameterized0_35 |         25 |         25 |       0 |    0 |     6 |      0 |      0 |          0 |
|                 gen_normal_area.inst_fifo_send                                                        |                   design_1_axi_ctrl_smc_0_sc_node_v1_0_17_reg_slice3__parameterized1_32 |         13 |         13 |       0 |    0 |    23 |      0 |      0 |          0 |
|               inst_si_handler                                                                         |                      design_1_axi_ctrl_smc_0_sc_node_v1_0_17_si_handler__parameterized0 |          1 |          1 |       0 |    0 |     1 |      0 |      0 |          0 |
|               s_sc_xpm_cdc_async_rst_inst                                                             |                                           design_1_axi_ctrl_smc_0_xpm_cdc_async_rst__42 |          1 |          1 |       0 |    0 |     3 |      0 |      0 |          0 |
|           s00_b_node                                                                                  |                                                   design_1_axi_ctrl_smc_0_bd_01d9_sbn_0 |        111 |        103 |       8 |    0 |    89 |      0 |      0 |          0 |
|             inst                                                                                      |                             design_1_axi_ctrl_smc_0_sc_node_v1_0_17_top__parameterized6 |        111 |        103 |       8 |    0 |    89 |      0 |      0 |          0 |
|               (inst)                                                                                  |                             design_1_axi_ctrl_smc_0_sc_node_v1_0_17_top__parameterized6 |          3 |          3 |       0 |    0 |     1 |      0 |      0 |          0 |
|               inst_mi_handler                                                                         |                      design_1_axi_ctrl_smc_0_sc_node_v1_0_17_mi_handler__parameterized6 |         72 |         64 |       8 |    0 |    54 |      0 |      0 |          0 |
|                 (inst_mi_handler)                                                                     |                      design_1_axi_ctrl_smc_0_sc_node_v1_0_17_mi_handler__parameterized6 |          0 |          0 |       0 |    0 |     2 |      0 |      0 |          0 |
|                 gen_normal_area.gen_node_prog_full.inst_node_prog_full                                |                                design_1_axi_ctrl_smc_0_sc_node_v1_0_17_fifo__xdcDup__19 |         36 |         36 |       0 |    0 |    21 |      0 |      0 |          0 |
|                   gen_xpm_memory_fifo.inst_fifo                                                       |                      design_1_axi_ctrl_smc_0_sc_util_v1_0_4_xpm_memory_fifo__xdcDup__19 |         36 |         36 |       0 |    0 |    21 |      0 |      0 |          0 |
|                     (gen_xpm_memory_fifo.inst_fifo)                                                   |                      design_1_axi_ctrl_smc_0_sc_util_v1_0_4_xpm_memory_fifo__xdcDup__19 |          6 |          6 |       0 |    0 |     3 |      0 |      0 |          0 |
|                     gen_mem_rep[0].inst_rd_addrb                                                      |                                       design_1_axi_ctrl_smc_0_sc_util_v1_0_4_counter_29 |          6 |          6 |       0 |    0 |     6 |      0 |      0 |          0 |
|                     gen_mem_rep[0].inst_wr_addra                                                      |                                       design_1_axi_ctrl_smc_0_sc_util_v1_0_4_counter_30 |          4 |          4 |       0 |    0 |     6 |      0 |      0 |          0 |
|                     gen_wr.inst_wr_addra_p1                                                           |                       design_1_axi_ctrl_smc_0_sc_util_v1_0_4_counter__parameterized0_31 |         20 |         20 |       0 |    0 |     6 |      0 |      0 |          0 |
|                 gen_normal_area.inst_fifo_node_payld                                                  |                            design_1_axi_ctrl_smc_0_sc_node_v1_0_17_fifo__parameterized7 |         35 |         27 |       8 |    0 |    25 |      0 |      0 |          0 |
|                   gen_xpm_memory_fifo.inst_fifo                                                       |                  design_1_axi_ctrl_smc_0_sc_util_v1_0_4_xpm_memory_fifo__parameterized7 |         35 |         27 |       8 |    0 |    25 |      0 |      0 |          0 |
|                     (gen_xpm_memory_fifo.inst_fifo)                                                   |                  design_1_axi_ctrl_smc_0_sc_util_v1_0_4_xpm_memory_fifo__parameterized7 |          4 |          4 |       0 |    0 |     3 |      0 |      0 |          0 |
|                     gen_mem_rep[0].inst_rd_addrb                                                      |                                       design_1_axi_ctrl_smc_0_sc_util_v1_0_4_counter_26 |          6 |          6 |       0 |    0 |     6 |      0 |      0 |          0 |
|                     gen_mem_rep[0].inst_wr_addra                                                      |                                       design_1_axi_ctrl_smc_0_sc_util_v1_0_4_counter_27 |          4 |          4 |       0 |    0 |     6 |      0 |      0 |          0 |
|                     gen_mem_rep[0].inst_xpm_memory                                                    |                               design_1_axi_ctrl_smc_0_xpm_memory_sdpram__parameterized7 |          8 |          0 |       8 |    0 |     4 |      0 |      0 |          0 |
|                       xpm_memory_base_inst                                                            |                                 design_1_axi_ctrl_smc_0_xpm_memory_base__parameterized7 |          8 |          0 |       8 |    0 |     4 |      0 |      0 |          0 |
|                     gen_wr.inst_wr_addra_p1                                                           |                       design_1_axi_ctrl_smc_0_sc_util_v1_0_4_counter__parameterized0_28 |         13 |         13 |       0 |    0 |     6 |      0 |      0 |          0 |
|                 inst_ingress                                                                          |                         design_1_axi_ctrl_smc_0_sc_node_v1_0_17_ingress__parameterized6 |          2 |          2 |       0 |    0 |     6 |      0 |      0 |          0 |
|                   inst_oh_to_bin_source                                                               |                 design_1_axi_ctrl_smc_0_sc_util_v1_0_4_onehot_to_binary__parameterized1 |          2 |          2 |       0 |    0 |     0 |      0 |      0 |          0 |
|                   inst_pipeline_recv                                                                  |                         design_1_axi_ctrl_smc_0_sc_util_v1_0_4_pipeline__parameterized7 |          0 |          0 |       0 |    0 |     5 |      0 |      0 |          0 |
|                   inst_pipeline_valid                                                                 |                      design_1_axi_ctrl_smc_0_sc_util_v1_0_4_pipeline__parameterized2_25 |          0 |          0 |       0 |    0 |     1 |      0 |      0 |          0 |
|               inst_si_handler                                                                         |                      design_1_axi_ctrl_smc_0_sc_node_v1_0_17_si_handler__parameterized4 |         35 |         35 |       0 |    0 |    31 |      0 |      0 |          0 |
|                 (inst_si_handler)                                                                     |                      design_1_axi_ctrl_smc_0_sc_node_v1_0_17_si_handler__parameterized4 |          0 |          0 |       0 |    0 |     1 |      0 |      0 |          0 |
|                 gen_si_handler.gen_arbiter_rr_normal_area.inst_arbiter                                |                                   design_1_axi_ctrl_smc_0_sc_node_v1_0_17_arb_alg_rr_18 |         20 |         20 |       0 |    0 |    12 |      0 |      0 |          0 |
|                 gen_si_handler.gen_request_counters.gen_req_counter[0].inst_req_counter               |                       design_1_axi_ctrl_smc_0_sc_util_v1_0_4_counter__parameterized2_19 |          2 |          2 |       0 |    0 |     3 |      0 |      0 |          0 |
|                 gen_si_handler.gen_request_counters.gen_req_counter[1].inst_req_counter               |                       design_1_axi_ctrl_smc_0_sc_util_v1_0_4_counter__parameterized2_20 |          4 |          4 |       0 |    0 |     3 |      0 |      0 |          0 |
|                 gen_si_handler.gen_request_counters.gen_req_counter[2].inst_req_counter               |                       design_1_axi_ctrl_smc_0_sc_util_v1_0_4_counter__parameterized2_21 |          2 |          2 |       0 |    0 |     3 |      0 |      0 |          0 |
|                 gen_si_handler.gen_request_counters.gen_req_counter[3].inst_req_counter               |                       design_1_axi_ctrl_smc_0_sc_util_v1_0_4_counter__parameterized2_22 |          2 |          2 |       0 |    0 |     3 |      0 |      0 |          0 |
|                 gen_si_handler.gen_request_counters.gen_req_counter[4].inst_req_counter               |                       design_1_axi_ctrl_smc_0_sc_util_v1_0_4_counter__parameterized2_23 |          2 |          2 |       0 |    0 |     3 |      0 |      0 |          0 |
|                 gen_si_handler.gen_request_counters.gen_req_counter[5].inst_req_counter               |                       design_1_axi_ctrl_smc_0_sc_util_v1_0_4_counter__parameterized2_24 |          4 |          4 |       0 |    0 |     3 |      0 |      0 |          0 |
|               s_sc_xpm_cdc_async_rst_inst                                                             |                                           design_1_axi_ctrl_smc_0_xpm_cdc_async_rst__40 |          1 |          1 |       0 |    0 |     3 |      0 |      0 |          0 |
|           s00_r_node                                                                                  |                                                   design_1_axi_ctrl_smc_0_bd_01d9_srn_0 |        129 |        101 |      28 |    0 |   116 |      0 |      0 |          0 |
|             inst                                                                                      |                             design_1_axi_ctrl_smc_0_sc_node_v1_0_17_top__parameterized7 |        129 |        101 |      28 |    0 |   116 |      0 |      0 |          0 |
|               (inst)                                                                                  |                             design_1_axi_ctrl_smc_0_sc_node_v1_0_17_top__parameterized7 |          3 |          3 |       0 |    0 |     1 |      0 |      0 |          0 |
|               inst_mi_handler                                                                         |                      design_1_axi_ctrl_smc_0_sc_node_v1_0_17_mi_handler__parameterized7 |         90 |         62 |      28 |    0 |    81 |      0 |      0 |          0 |
|                 (inst_mi_handler)                                                                     |                      design_1_axi_ctrl_smc_0_sc_node_v1_0_17_mi_handler__parameterized7 |          0 |          0 |       0 |    0 |     2 |      0 |      0 |          0 |
|                 gen_normal_area.gen_node_prog_full.inst_node_prog_full                                |                                            design_1_axi_ctrl_smc_0_sc_node_v1_0_17_fifo |         36 |         36 |       0 |    0 |    21 |      0 |      0 |          0 |
|                   gen_xpm_memory_fifo.inst_fifo                                                       |                                  design_1_axi_ctrl_smc_0_sc_util_v1_0_4_xpm_memory_fifo |         36 |         36 |       0 |    0 |    21 |      0 |      0 |          0 |
|                     (gen_xpm_memory_fifo.inst_fifo)                                                   |                                  design_1_axi_ctrl_smc_0_sc_util_v1_0_4_xpm_memory_fifo |          6 |          6 |       0 |    0 |     3 |      0 |      0 |          0 |
|                     gen_mem_rep[0].inst_rd_addrb                                                      |                                       design_1_axi_ctrl_smc_0_sc_util_v1_0_4_counter_15 |          6 |          6 |       0 |    0 |     6 |      0 |      0 |          0 |
|                     gen_mem_rep[0].inst_wr_addra                                                      |                                       design_1_axi_ctrl_smc_0_sc_util_v1_0_4_counter_16 |          4 |          4 |       0 |    0 |     6 |      0 |      0 |          0 |
|                     gen_wr.inst_wr_addra_p1                                                           |                       design_1_axi_ctrl_smc_0_sc_util_v1_0_4_counter__parameterized0_17 |         20 |         20 |       0 |    0 |     6 |      0 |      0 |          0 |
|                 gen_normal_area.inst_fifo_node_payld                                                  |                            design_1_axi_ctrl_smc_0_sc_node_v1_0_17_fifo__parameterized8 |         55 |         27 |      28 |    0 |    57 |      0 |      0 |          0 |
|                   gen_xpm_memory_fifo.inst_fifo                                                       |                  design_1_axi_ctrl_smc_0_sc_util_v1_0_4_xpm_memory_fifo__parameterized8 |         55 |         27 |      28 |    0 |    57 |      0 |      0 |          0 |
|                     (gen_xpm_memory_fifo.inst_fifo)                                                   |                  design_1_axi_ctrl_smc_0_sc_util_v1_0_4_xpm_memory_fifo__parameterized8 |          4 |          4 |       0 |    0 |     3 |      0 |      0 |          0 |
|                     gen_mem_rep[0].inst_rd_addrb                                                      |                                       design_1_axi_ctrl_smc_0_sc_util_v1_0_4_counter_12 |          6 |          6 |       0 |    0 |     6 |      0 |      0 |          0 |
|                     gen_mem_rep[0].inst_wr_addra                                                      |                                       design_1_axi_ctrl_smc_0_sc_util_v1_0_4_counter_13 |          4 |          4 |       0 |    0 |     6 |      0 |      0 |          0 |
|                     gen_mem_rep[0].inst_xpm_memory                                                    |                               design_1_axi_ctrl_smc_0_xpm_memory_sdpram__parameterized8 |         28 |          0 |      28 |    0 |    36 |      0 |      0 |          0 |
|                       xpm_memory_base_inst                                                            |                                 design_1_axi_ctrl_smc_0_xpm_memory_base__parameterized8 |         28 |          0 |      28 |    0 |    36 |      0 |      0 |          0 |
|                     gen_wr.inst_wr_addra_p1                                                           |                       design_1_axi_ctrl_smc_0_sc_util_v1_0_4_counter__parameterized0_14 |         13 |         13 |       0 |    0 |     6 |      0 |      0 |          0 |
|                 inst_ingress                                                                          |                         design_1_axi_ctrl_smc_0_sc_node_v1_0_17_ingress__parameterized7 |          0 |          0 |       0 |    0 |     1 |      0 |      0 |          0 |
|                   inst_pipeline_valid                                                                 |                         design_1_axi_ctrl_smc_0_sc_util_v1_0_4_pipeline__parameterized2 |          0 |          0 |       0 |    0 |     1 |      0 |      0 |          0 |
|               inst_si_handler                                                                         |                      design_1_axi_ctrl_smc_0_sc_node_v1_0_17_si_handler__parameterized5 |         35 |         35 |       0 |    0 |    31 |      0 |      0 |          0 |
|                 (inst_si_handler)                                                                     |                      design_1_axi_ctrl_smc_0_sc_node_v1_0_17_si_handler__parameterized5 |          0 |          0 |       0 |    0 |     1 |      0 |      0 |          0 |
|                 gen_si_handler.gen_arbiter_rr_normal_area.inst_arbiter                                |                                      design_1_axi_ctrl_smc_0_sc_node_v1_0_17_arb_alg_rr |         20 |         20 |       0 |    0 |    12 |      0 |      0 |          0 |
|                 gen_si_handler.gen_request_counters.gen_req_counter[0].inst_req_counter               |                          design_1_axi_ctrl_smc_0_sc_util_v1_0_4_counter__parameterized2 |          2 |          2 |       0 |    0 |     3 |      0 |      0 |          0 |
|                 gen_si_handler.gen_request_counters.gen_req_counter[1].inst_req_counter               |                        design_1_axi_ctrl_smc_0_sc_util_v1_0_4_counter__parameterized2_7 |          4 |          4 |       0 |    0 |     3 |      0 |      0 |          0 |
|                 gen_si_handler.gen_request_counters.gen_req_counter[2].inst_req_counter               |                        design_1_axi_ctrl_smc_0_sc_util_v1_0_4_counter__parameterized2_8 |          2 |          2 |       0 |    0 |     3 |      0 |      0 |          0 |
|                 gen_si_handler.gen_request_counters.gen_req_counter[3].inst_req_counter               |                        design_1_axi_ctrl_smc_0_sc_util_v1_0_4_counter__parameterized2_9 |          2 |          2 |       0 |    0 |     3 |      0 |      0 |          0 |
|                 gen_si_handler.gen_request_counters.gen_req_counter[4].inst_req_counter               |                       design_1_axi_ctrl_smc_0_sc_util_v1_0_4_counter__parameterized2_10 |          2 |          2 |       0 |    0 |     3 |      0 |      0 |          0 |
|                 gen_si_handler.gen_request_counters.gen_req_counter[5].inst_req_counter               |                       design_1_axi_ctrl_smc_0_sc_util_v1_0_4_counter__parameterized2_11 |          4 |          4 |       0 |    0 |     3 |      0 |      0 |          0 |
|               s_sc_xpm_cdc_async_rst_inst                                                             |                                           design_1_axi_ctrl_smc_0_xpm_cdc_async_rst__38 |          1 |          1 |       0 |    0 |     3 |      0 |      0 |          0 |
|           s00_w_node                                                                                  |                                                   design_1_axi_ctrl_smc_0_bd_01d9_swn_0 |        119 |         83 |      36 |    0 |   118 |      0 |      0 |          0 |
|             inst                                                                                      |                             design_1_axi_ctrl_smc_0_sc_node_v1_0_17_top__parameterized8 |        119 |         83 |      36 |    0 |   118 |      0 |      0 |          0 |
|               (inst)                                                                                  |                             design_1_axi_ctrl_smc_0_sc_node_v1_0_17_top__parameterized8 |          3 |          3 |       0 |    0 |     1 |      0 |      0 |          0 |
|               inst_mi_handler                                                                         |                      design_1_axi_ctrl_smc_0_sc_node_v1_0_17_mi_handler__parameterized8 |        115 |         79 |      36 |    0 |   113 |      0 |      0 |          0 |
|                 (inst_mi_handler)                                                                     |                      design_1_axi_ctrl_smc_0_sc_node_v1_0_17_mi_handler__parameterized8 |          0 |          0 |       0 |    0 |     2 |      0 |      0 |          0 |
|                 gen_normal_area.gen_fifo_req.inst_fifo_req                                            |                            design_1_axi_ctrl_smc_0_sc_node_v1_0_17_fifo__parameterized5 |         37 |         29 |       8 |    0 |    27 |      0 |      0 |          0 |
|                   gen_xpm_memory_fifo.inst_fifo                                                       |                  design_1_axi_ctrl_smc_0_sc_util_v1_0_4_xpm_memory_fifo__parameterized5 |         37 |         29 |       8 |    0 |    27 |      0 |      0 |          0 |
|                     (gen_xpm_memory_fifo.inst_fifo)                                                   |                  design_1_axi_ctrl_smc_0_sc_util_v1_0_4_xpm_memory_fifo__parameterized5 |          5 |          5 |       0 |    0 |     3 |      0 |      0 |          0 |
|                     gen_mem_rep[0].inst_rd_addrb                                                      |                                        design_1_axi_ctrl_smc_0_sc_util_v1_0_4_counter_4 |          6 |          6 |       0 |    0 |     6 |      0 |      0 |          0 |
|                     gen_mem_rep[0].inst_wr_addra                                                      |                                        design_1_axi_ctrl_smc_0_sc_util_v1_0_4_counter_5 |          5 |          5 |       0 |    0 |     6 |      0 |      0 |          0 |
|                     gen_mem_rep[0].inst_xpm_memory                                                    |                            design_1_axi_ctrl_smc_0_xpm_memory_sdpram__parameterized5__3 |          8 |          0 |       8 |    0 |     6 |      0 |      0 |          0 |
|                       xpm_memory_base_inst                                                            |                              design_1_axi_ctrl_smc_0_xpm_memory_base__parameterized5__3 |          8 |          0 |       8 |    0 |     6 |      0 |      0 |          0 |
|                     gen_wr.inst_wr_addra_p1                                                           |                        design_1_axi_ctrl_smc_0_sc_util_v1_0_4_counter__parameterized0_6 |         14 |         14 |       0 |    0 |     6 |      0 |      0 |          0 |
|                 gen_normal_area.inst_fifo_node_payld                                                  |                            design_1_axi_ctrl_smc_0_sc_node_v1_0_17_fifo__parameterized9 |         65 |         37 |      28 |    0 |    61 |      0 |      0 |          0 |
|                   gen_xpm_memory_fifo.inst_fifo                                                       |                  design_1_axi_ctrl_smc_0_sc_util_v1_0_4_xpm_memory_fifo__parameterized9 |         65 |         37 |      28 |    0 |    61 |      0 |      0 |          0 |
|                     (gen_xpm_memory_fifo.inst_fifo)                                                   |                  design_1_axi_ctrl_smc_0_sc_util_v1_0_4_xpm_memory_fifo__parameterized9 |          4 |          4 |       0 |    0 |     4 |      0 |      0 |          0 |
|                     gen_mem_rep[0].inst_rd_addrb                                                      |                                          design_1_axi_ctrl_smc_0_sc_util_v1_0_4_counter |          4 |          4 |       0 |    0 |     6 |      0 |      0 |          0 |
|                     gen_mem_rep[0].inst_wr_addra                                                      |                                        design_1_axi_ctrl_smc_0_sc_util_v1_0_4_counter_3 |          5 |          5 |       0 |    0 |     6 |      0 |      0 |          0 |
|                     gen_mem_rep[0].inst_xpm_memory                                                    |                               design_1_axi_ctrl_smc_0_xpm_memory_sdpram__parameterized9 |         28 |          0 |      28 |    0 |    39 |      0 |      0 |          0 |
|                       xpm_memory_base_inst                                                            |                                 design_1_axi_ctrl_smc_0_xpm_memory_base__parameterized9 |         28 |          0 |      28 |    0 |    39 |      0 |      0 |          0 |
|                     gen_wr.inst_wr_addra_p1                                                           |                          design_1_axi_ctrl_smc_0_sc_util_v1_0_4_counter__parameterized0 |         25 |         25 |       0 |    0 |     6 |      0 |      0 |          0 |
|                 gen_normal_area.inst_fifo_send                                                        |                      design_1_axi_ctrl_smc_0_sc_node_v1_0_17_reg_slice3__parameterized1 |         13 |         13 |       0 |    0 |    23 |      0 |      0 |          0 |
|               inst_si_handler                                                                         |                      design_1_axi_ctrl_smc_0_sc_node_v1_0_17_si_handler__parameterized3 |          1 |          1 |       0 |    0 |     1 |      0 |      0 |          0 |
|               s_sc_xpm_cdc_async_rst_inst                                                             |                                           design_1_axi_ctrl_smc_0_xpm_cdc_async_rst__36 |          1 |          1 |       0 |    0 |     3 |      0 |      0 |          0 |
|         switchboards                                                                                  |                                        design_1_axi_ctrl_smc_0_switchboards_imp_19WEJNL |        190 |        190 |       0 |    0 |   188 |      0 |      0 |          0 |
|           ar_switchboard                                                                              |                                                  design_1_axi_ctrl_smc_0_bd_01d9_arsw_0 |          0 |          0 |       0 |    0 |    51 |      0 |      0 |          0 |
|             inst                                                                                      |                                       design_1_axi_ctrl_smc_0_sc_switchboard_v1_0_8_top |          0 |          0 |       0 |    0 |    51 |      0 |      0 |          0 |
|               gen_mi[0].inst_opipe_payld                                                              |                       design_1_axi_ctrl_smc_0_sc_util_v1_0_4_pipeline__parameterized8_1 |          0 |          0 |       0 |    0 |    45 |      0 |      0 |          0 |
|               gen_mi[4].inst_opipe_payld                                                              |                       design_1_axi_ctrl_smc_0_sc_util_v1_0_4_pipeline__parameterized8_2 |          0 |          0 |       0 |    0 |     6 |      0 |      0 |          0 |
|           aw_switchboard                                                                              |                                                  design_1_axi_ctrl_smc_0_bd_01d9_awsw_0 |          0 |          0 |       0 |    0 |    51 |      0 |      0 |          0 |
|             inst                                                                                      |                                    design_1_axi_ctrl_smc_0_sc_switchboard_v1_0_8_top__1 |          0 |          0 |       0 |    0 |    51 |      0 |      0 |          0 |
|               gen_mi[0].inst_opipe_payld                                                              |                         design_1_axi_ctrl_smc_0_sc_util_v1_0_4_pipeline__parameterized8 |          0 |          0 |       0 |    0 |    45 |      0 |      0 |          0 |
|               gen_mi[4].inst_opipe_payld                                                              |                       design_1_axi_ctrl_smc_0_sc_util_v1_0_4_pipeline__parameterized8_0 |          0 |          0 |       0 |    0 |     6 |      0 |      0 |          0 |
|           b_switchboard                                                                               |                                                   design_1_axi_ctrl_smc_0_bd_01d9_bsw_0 |         25 |         25 |       0 |    0 |     6 |      0 |      0 |          0 |
|             inst                                                                                      |                       design_1_axi_ctrl_smc_0_sc_switchboard_v1_0_8_top__parameterized0 |         25 |         25 |       0 |    0 |     6 |      0 |      0 |          0 |
|               gen_mi[0].inst_opipe_payld                                                              |                        design_1_axi_ctrl_smc_0_sc_util_v1_0_4_pipeline__parameterized10 |         25 |         25 |       0 |    0 |     6 |      0 |      0 |          0 |
|           r_switchboard                                                                               |                                                   design_1_axi_ctrl_smc_0_bd_01d9_rsw_0 |        165 |        165 |       0 |    0 |    41 |      0 |      0 |          0 |
|             inst                                                                                      |                       design_1_axi_ctrl_smc_0_sc_switchboard_v1_0_8_top__parameterized1 |        165 |        165 |       0 |    0 |    41 |      0 |      0 |          0 |
|               gen_mi[0].inst_opipe_payld                                                              |                        design_1_axi_ctrl_smc_0_sc_util_v1_0_4_pipeline__parameterized11 |        165 |        165 |       0 |    0 |    41 |      0 |      0 |          0 |
|           w_switchboard                                                                               |                                                   design_1_axi_ctrl_smc_0_bd_01d9_wsw_0 |          0 |          0 |       0 |    0 |    39 |      0 |      0 |          0 |
|             inst                                                                                      |                       design_1_axi_ctrl_smc_0_sc_switchboard_v1_0_8_top__parameterized2 |          0 |          0 |       0 |    0 |    39 |      0 |      0 |          0 |
|               gen_mi[0].inst_opipe_payld                                                              |                        design_1_axi_ctrl_smc_0_sc_util_v1_0_4_pipeline__parameterized12 |          0 |          0 |       0 |    0 |    39 |      0 |      0 |          0 |
|     axi_dma_0                                                                                         |                                                                    design_1_axi_dma_0_0 |       1410 |       1313 |       8 |   89 |  2081 |      2 |      0 |          0 |
|       (axi_dma_0)                                                                                     |                                                                    design_1_axi_dma_0_0 |          0 |          0 |       0 |    0 |     0 |      0 |      0 |          0 |
|       U0                                                                                              |                                                            design_1_axi_dma_0_0_axi_dma |       1410 |       1313 |       8 |   89 |  2081 |      2 |      0 |          0 |
|         INCLUDE_MM2S_SOF_EOF_GENERATOR.I_MM2S_DMA_MNGR                                                |                                                  design_1_axi_dma_0_0_axi_dma_mm2s_mngr |         16 |         16 |       0 |    0 |    64 |      0 |      0 |          0 |
|           (INCLUDE_MM2S_SOF_EOF_GENERATOR.I_MM2S_DMA_MNGR)                                            |                                                  design_1_axi_dma_0_0_axi_dma_mm2s_mngr |          0 |          0 |       0 |    0 |     1 |      0 |      0 |          0 |
|           GEN_MM2S_DMA_CONTROL.GEN_SIMPLE_DMA_MODE.I_MM2S_SMPL_SM                                     |                                                design_1_axi_dma_0_0_axi_dma_smple_sm_33 |         10 |         10 |       0 |    0 |    53 |      0 |      0 |          0 |
|           GEN_MM2S_DMA_CONTROL.I_MM2S_CMDSTS                                                          |                                             design_1_axi_dma_0_0_axi_dma_mm2s_cmdsts_if |          4 |          4 |       0 |    0 |     7 |      0 |      0 |          0 |
|           GEN_MM2S_DMA_CONTROL.I_MM2S_STS_MNGR                                                        |                                              design_1_axi_dma_0_0_axi_dma_mm2s_sts_mngr |          2 |          2 |       0 |    0 |     3 |      0 |      0 |          0 |
|         INCLUDE_S2MM_SOF_EOF_GENERATOR.I_S2MM_DMA_MNGR                                                |                                                  design_1_axi_dma_0_0_axi_dma_s2mm_mngr |         24 |         24 |       0 |    0 |    80 |      0 |      0 |          0 |
|           (INCLUDE_S2MM_SOF_EOF_GENERATOR.I_S2MM_DMA_MNGR)                                            |                                                  design_1_axi_dma_0_0_axi_dma_s2mm_mngr |          0 |          0 |       0 |    0 |     1 |      0 |      0 |          0 |
|           GEN_S2MM_DMA_CONTROL.GEN_SIMPLE_DMA_MODE.I_S2MM_SMPL_SM                                     |                                                   design_1_axi_dma_0_0_axi_dma_smple_sm |         10 |         10 |       0 |    0 |    53 |      0 |      0 |          0 |
|           GEN_S2MM_DMA_CONTROL.I_S2MM_CMDSTS                                                          |                                             design_1_axi_dma_0_0_axi_dma_s2mm_cmdsts_if |         12 |         12 |       0 |    0 |    23 |      0 |      0 |          0 |
|           GEN_S2MM_DMA_CONTROL.I_S2MM_STS_MNGR                                                        |                                              design_1_axi_dma_0_0_axi_dma_s2mm_sts_mngr |          2 |          2 |       0 |    0 |     3 |      0 |      0 |          0 |
|         I_AXI_DMA_REG_MODULE                                                                          |                                                 design_1_axi_dma_0_0_axi_dma_reg_module |        127 |        127 |       0 |    0 |   243 |      0 |      0 |          0 |
|           GEN_AXI_LITE_IF.AXI_LITE_IF_I                                                               |                                                    design_1_axi_dma_0_0_axi_dma_lite_if |         98 |         98 |       0 |    0 |    85 |      0 |      0 |          0 |
|           GEN_MM2S_REGISTERS.I_MM2S_DMA_REGISTER                                                      |                                                   design_1_axi_dma_0_0_axi_dma_register |         19 |         19 |       0 |    0 |    79 |      0 |      0 |          0 |
|           GEN_S2MM_REGISTERS.I_S2MM_DMA_REGISTER                                                      |                                              design_1_axi_dma_0_0_axi_dma_register_s2mm |         10 |         10 |       0 |    0 |    79 |      0 |      0 |          0 |
|         I_PRMRY_DATAMOVER                                                                             |                                                      design_1_axi_dma_0_0_axi_datamover |       1228 |       1131 |       8 |   89 |  1656 |      2 |      0 |          0 |
|           GEN_MM2S_FULL.I_MM2S_FULL_WRAPPER                                                           |                                       design_1_axi_dma_0_0_axi_datamover_mm2s_full_wrap |        458 |        423 |       0 |   35 |   577 |      1 |      0 |          0 |
|             ENABLE_AXIS_SKID.I_MM2S_SKID_BUF                                                          |                                          design_1_axi_dma_0_0_axi_datamover_skid_buf_16 |         46 |         46 |       0 |    0 |    81 |      0 |      0 |          0 |
|             GEN_INCLUDE_MM2S_DRE.I_DRE_16_to_64                                                       |                                             design_1_axi_dma_0_0_axi_datamover_mm2s_dre |         80 |         80 |       0 |    0 |   113 |      0 |      0 |          0 |
|             GEN_INCLUDE_MM2S_SF.I_RD_SF                                                               |                                                design_1_axi_dma_0_0_axi_datamover_rd_sf |         82 |         79 |       0 |    3 |    63 |      1 |      0 |          0 |
|               (GEN_INCLUDE_MM2S_SF.I_RD_SF)                                                           |                                                design_1_axi_dma_0_0_axi_datamover_rd_sf |          9 |          9 |       0 |    0 |    10 |      0 |      0 |          0 |
|               INCLUDE_DRE_CNTL.I_DRE_CNTL_FIFO                                                        |                                 design_1_axi_dma_0_0_axi_datamover_fifo__parameterized3 |         10 |          7 |       0 |    3 |     6 |      0 |      0 |          0 |
|                 (INCLUDE_DRE_CNTL.I_DRE_CNTL_FIFO)                                                    |                                 design_1_axi_dma_0_0_axi_datamover_fifo__parameterized3 |          1 |          1 |       0 |    0 |     2 |      0 |      0 |          0 |
|                 USE_SRL_FIFO.I_SYNC_FIFO                                                              |                                         design_1_axi_dma_0_0_srl_fifo_f__parameterized1 |          9 |          6 |       0 |    3 |     4 |      0 |      0 |          0 |
|                   I_SRL_FIFO_RBU_F                                                                    |                                     design_1_axi_dma_0_0_srl_fifo_rbu_f__parameterized1 |          9 |          6 |       0 |    3 |     4 |      0 |      0 |          0 |
|                     (I_SRL_FIFO_RBU_F)                                                                |                                     design_1_axi_dma_0_0_srl_fifo_rbu_f__parameterized1 |          0 |          0 |       0 |    0 |     1 |      0 |      0 |          0 |
|                     CNTR_INCR_DECR_ADDN_F_I                                                           |                                           design_1_axi_dma_0_0_cntr_incr_decr_addn_f_32 |          4 |          4 |       0 |    0 |     3 |      0 |      0 |          0 |
|                     DYNSHREG_F_I                                                                      |                                         design_1_axi_dma_0_0_dynshreg_f__parameterized1 |          5 |          2 |       0 |    3 |     0 |      0 |      0 |          0 |
|               I_DATA_FIFO                                                                             |                                         design_1_axi_dma_0_0_axi_datamover_sfifo_autord |         63 |         63 |       0 |    0 |    47 |      1 |      0 |          0 |
|                 BLK_MEM.I_SYNC_FIFOGEN_FIFO                                                           |                                                       design_1_axi_dma_0_0_sync_fifo_fg |         63 |         63 |       0 |    0 |    47 |      1 |      0 |          0 |
|                   (BLK_MEM.I_SYNC_FIFOGEN_FIFO)                                                       |                                                       design_1_axi_dma_0_0_sync_fifo_fg |          7 |          7 |       0 |    0 |     0 |      0 |      0 |          0 |
|                   xpm_fifo_instance.xpm_fifo_sync_inst                                                |                                                      design_1_axi_dma_0_0_xpm_fifo_sync |         56 |         56 |       0 |    0 |    47 |      1 |      0 |          0 |
|                     xpm_fifo_base_inst                                                                |                                                      design_1_axi_dma_0_0_xpm_fifo_base |         56 |         56 |       0 |    0 |    47 |      1 |      0 |          0 |
|                       (xpm_fifo_base_inst)                                                            |                                                      design_1_axi_dma_0_0_xpm_fifo_base |          3 |          3 |       0 |    0 |     9 |      0 |      0 |          0 |
|                       gen_fwft.rdpp1_inst                                                             |                                design_1_axi_dma_0_0_xpm_counter_updn__parameterized1_25 |          5 |          5 |       0 |    0 |     2 |      0 |      0 |          0 |
|                       gen_sdpram.xpm_memory_base_inst                                                 |                                                    design_1_axi_dma_0_0_xpm_memory_base |          0 |          0 |       0 |    0 |     0 |      1 |      0 |          0 |
|                       rdp_inst                                                                        |                                design_1_axi_dma_0_0_xpm_counter_updn__parameterized2_26 |         22 |         22 |       0 |    0 |     8 |      0 |      0 |          0 |
|                       rdpp1_inst                                                                      |                                design_1_axi_dma_0_0_xpm_counter_updn__parameterized3_27 |          7 |          7 |       0 |    0 |     7 |      0 |      0 |          0 |
|                       rst_d1_inst                                                                     |                                                design_1_axi_dma_0_0_xpm_fifo_reg_bit_28 |          1 |          1 |       0 |    0 |     1 |      0 |      0 |          0 |
|                       wrp_inst                                                                        |                                design_1_axi_dma_0_0_xpm_counter_updn__parameterized2_29 |         17 |         17 |       0 |    0 |     8 |      0 |      0 |          0 |
|                       wrpp1_inst                                                                      |                                design_1_axi_dma_0_0_xpm_counter_updn__parameterized3_30 |          6 |          6 |       0 |    0 |     7 |      0 |      0 |          0 |
|                       xpm_fifo_rst_inst                                                               |                                                    design_1_axi_dma_0_0_xpm_fifo_rst_31 |          2 |          2 |       0 |    0 |     5 |      0 |      0 |          0 |
|             I_ADDR_CNTL                                                                               |                                            design_1_axi_dma_0_0_axi_datamover_addr_cntl |         32 |         12 |       0 |   20 |    51 |      0 |      0 |          0 |
|               (I_ADDR_CNTL)                                                                           |                                            design_1_axi_dma_0_0_axi_datamover_addr_cntl |          3 |          3 |       0 |    0 |    44 |      0 |      0 |          0 |
|               GEN_ADDR_FIFO.I_ADDR_QUAL_FIFO                                                          |                              design_1_axi_dma_0_0_axi_datamover_fifo__parameterized1_20 |         29 |          9 |       0 |   20 |     7 |      0 |      0 |          0 |
|                 (GEN_ADDR_FIFO.I_ADDR_QUAL_FIFO)                                                      |                              design_1_axi_dma_0_0_axi_datamover_fifo__parameterized1_20 |          3 |          3 |       0 |    0 |     3 |      0 |      0 |          0 |
|                 USE_SRL_FIFO.I_SYNC_FIFO                                                              |                                                      design_1_axi_dma_0_0_srl_fifo_f_21 |         26 |          6 |       0 |   20 |     4 |      0 |      0 |          0 |
|                   I_SRL_FIFO_RBU_F                                                                    |                                                  design_1_axi_dma_0_0_srl_fifo_rbu_f_22 |         26 |          6 |       0 |   20 |     4 |      0 |      0 |          0 |
|                     (I_SRL_FIFO_RBU_F)                                                                |                                                  design_1_axi_dma_0_0_srl_fifo_rbu_f_22 |          1 |          1 |       0 |    0 |     1 |      0 |      0 |          0 |
|                     CNTR_INCR_DECR_ADDN_F_I                                                           |                                           design_1_axi_dma_0_0_cntr_incr_decr_addn_f_23 |          4 |          4 |       0 |    0 |     3 |      0 |      0 |          0 |
|                     DYNSHREG_F_I                                                                      |                                                      design_1_axi_dma_0_0_dynshreg_f_24 |         22 |          2 |       0 |   20 |     0 |      0 |      0 |          0 |
|             I_CMD_STATUS                                                                              |                                           design_1_axi_dma_0_0_axi_datamover_cmd_status |         11 |         11 |       0 |    0 |    59 |      0 |      0 |          0 |
|               GEN_INCLUDE_STATUS_FIFO.I_STS_FIFO                                                      |                                 design_1_axi_dma_0_0_axi_datamover_fifo__parameterized0 |          7 |          7 |       0 |    0 |     6 |      0 |      0 |          0 |
|               I_CMD_FIFO                                                                              |                                              design_1_axi_dma_0_0_axi_datamover_fifo_19 |          4 |          4 |       0 |    0 |    53 |      0 |      0 |          0 |
|             I_MSTR_PCC                                                                                |                                                  design_1_axi_dma_0_0_axi_datamover_pcc |        146 |        146 |       0 |    0 |   157 |      0 |      0 |          0 |
|               (I_MSTR_PCC)                                                                            |                                                  design_1_axi_dma_0_0_axi_datamover_pcc |        145 |        145 |       0 |    0 |   157 |      0 |      0 |          0 |
|               I_STRT_STRB_GEN                                                                         |                                            design_1_axi_dma_0_0_axi_datamover_strb_gen2 |          1 |          1 |       0 |    0 |     0 |      0 |      0 |          0 |
|             I_RD_DATA_CNTL                                                                            |                                          design_1_axi_dma_0_0_axi_datamover_rddata_cntl |         58 |         46 |       0 |   12 |    43 |      0 |      0 |          0 |
|               (I_RD_DATA_CNTL)                                                                        |                                          design_1_axi_dma_0_0_axi_datamover_rddata_cntl |         25 |         25 |       0 |    0 |    37 |      0 |      0 |          0 |
|               GEN_DATA_CNTL_FIFO.I_DATA_CNTL_FIFO                                                     |                                 design_1_axi_dma_0_0_axi_datamover_fifo__parameterized2 |         33 |         21 |       0 |   12 |     6 |      0 |      0 |          0 |
|                 (GEN_DATA_CNTL_FIFO.I_DATA_CNTL_FIFO)                                                 |                                 design_1_axi_dma_0_0_axi_datamover_fifo__parameterized2 |          1 |          1 |       0 |    0 |     2 |      0 |      0 |          0 |
|                 USE_SRL_FIFO.I_SYNC_FIFO                                                              |                                         design_1_axi_dma_0_0_srl_fifo_f__parameterized0 |         32 |         20 |       0 |   12 |     4 |      0 |      0 |          0 |
|                   I_SRL_FIFO_RBU_F                                                                    |                                     design_1_axi_dma_0_0_srl_fifo_rbu_f__parameterized0 |         32 |         20 |       0 |   12 |     4 |      0 |      0 |          0 |
|                     (I_SRL_FIFO_RBU_F)                                                                |                                     design_1_axi_dma_0_0_srl_fifo_rbu_f__parameterized0 |          1 |          1 |       0 |    0 |     1 |      0 |      0 |          0 |
|                     CNTR_INCR_DECR_ADDN_F_I                                                           |                                           design_1_axi_dma_0_0_cntr_incr_decr_addn_f_18 |         13 |         13 |       0 |    0 |     3 |      0 |      0 |          0 |
|                     DYNSHREG_F_I                                                                      |                                         design_1_axi_dma_0_0_dynshreg_f__parameterized0 |         19 |          7 |       0 |   12 |     0 |      0 |      0 |          0 |
|             I_RD_STATUS_CNTLR                                                                         |                                       design_1_axi_dma_0_0_axi_datamover_rd_status_cntl |          2 |          2 |       0 |    0 |     5 |      0 |      0 |          0 |
|             I_RESET                                                                                   |                                             design_1_axi_dma_0_0_axi_datamover_reset_17 |          4 |          4 |       0 |    0 |     5 |      0 |      0 |          0 |
|           GEN_S2MM_FULL.I_S2MM_FULL_WRAPPER                                                           |                                       design_1_axi_dma_0_0_axi_datamover_s2mm_full_wrap |        770 |        708 |       8 |   54 |  1079 |      1 |      0 |          0 |
|             ENABLE_AXIS_SKID.I_S2MM_STRM_SKID_BUF                                                     |                                             design_1_axi_dma_0_0_axi_datamover_skid_buf |         48 |         48 |       0 |    0 |    80 |      0 |      0 |          0 |
|             GEN_ENABLE_INDET_BTT_SF.I_INDET_BTT                                                       |                                            design_1_axi_dma_0_0_axi_datamover_indet_btt |        164 |        156 |       8 |    0 |   193 |      1 |      0 |          0 |
|               (GEN_ENABLE_INDET_BTT_SF.I_INDET_BTT)                                                   |                                            design_1_axi_dma_0_0_axi_datamover_indet_btt |          2 |          2 |       0 |    0 |    14 |      0 |      0 |          0 |
|               ENABLE_AXIS_SKID.I_INDET_BTT_SKID_BUF                                                   |                             design_1_axi_dma_0_0_axi_datamover_skid_buf__parameterized0 |         46 |         46 |       0 |    0 |    86 |      0 |      0 |          0 |
|               I_DATA_FIFO                                                                             |                         design_1_axi_dma_0_0_axi_datamover_sfifo_autord__parameterized1 |         46 |         46 |       0 |    0 |    39 |      1 |      0 |          0 |
|                 BLK_MEM.I_SYNC_FIFOGEN_FIFO                                                           |                                       design_1_axi_dma_0_0_sync_fifo_fg__parameterized1 |         46 |         46 |       0 |    0 |    39 |      1 |      0 |          0 |
|                   (BLK_MEM.I_SYNC_FIFOGEN_FIFO)                                                       |                                       design_1_axi_dma_0_0_sync_fifo_fg__parameterized1 |          5 |          5 |       0 |    0 |     0 |      0 |      0 |          0 |
|                   xpm_fifo_instance.xpm_fifo_sync_inst                                                |                                      design_1_axi_dma_0_0_xpm_fifo_sync__parameterized3 |         41 |         41 |       0 |    0 |    39 |      1 |      0 |          0 |
|                     xpm_fifo_base_inst                                                                |                                      design_1_axi_dma_0_0_xpm_fifo_base__parameterized1 |         41 |         41 |       0 |    0 |    39 |      1 |      0 |          0 |
|                       (xpm_fifo_base_inst)                                                            |                                      design_1_axi_dma_0_0_xpm_fifo_base__parameterized1 |          3 |          3 |       0 |    0 |     5 |      0 |      0 |          0 |
|                       gen_sdpram.xpm_memory_base_inst                                                 |                                    design_1_axi_dma_0_0_xpm_memory_base__parameterized1 |          0 |          0 |       0 |    0 |     0 |      1 |      0 |          0 |
|                       rdp_inst                                                                        |                                   design_1_axi_dma_0_0_xpm_counter_updn__parameterized2 |         14 |         14 |       0 |    0 |     7 |      0 |      0 |          0 |
|                       rdpp1_inst                                                                      |                                   design_1_axi_dma_0_0_xpm_counter_updn__parameterized3 |          7 |          7 |       0 |    0 |     7 |      0 |      0 |          0 |
|                       rst_d1_inst                                                                     |                                                design_1_axi_dma_0_0_xpm_fifo_reg_bit_12 |          1 |          1 |       0 |    0 |     1 |      0 |      0 |          0 |
|                       wrp_inst                                                                        |                                design_1_axi_dma_0_0_xpm_counter_updn__parameterized2_13 |         10 |         10 |       0 |    0 |     7 |      0 |      0 |          0 |
|                       wrpp1_inst                                                                      |                                design_1_axi_dma_0_0_xpm_counter_updn__parameterized3_14 |          6 |          6 |       0 |    0 |     7 |      0 |      0 |          0 |
|                       xpm_fifo_rst_inst                                                               |                                                    design_1_axi_dma_0_0_xpm_fifo_rst_15 |          2 |          2 |       0 |    0 |     5 |      0 |      0 |          0 |
|               I_XD_FIFO                                                                               |                         design_1_axi_dma_0_0_axi_datamover_sfifo_autord__parameterized0 |         70 |         62 |       8 |    0 |    54 |      0 |      0 |          0 |
|                 NON_BLK_MEM.I_SYNC_FIFOGEN_FIFO                                                       |                                       design_1_axi_dma_0_0_sync_fifo_fg__parameterized0 |         70 |         62 |       8 |    0 |    54 |      0 |      0 |          0 |
|                   (NON_BLK_MEM.I_SYNC_FIFOGEN_FIFO)                                                   |                                       design_1_axi_dma_0_0_sync_fifo_fg__parameterized0 |         26 |         26 |       0 |    0 |     0 |      0 |      0 |          0 |
|                   xpm_fifo_instance.xpm_fifo_sync_inst                                                |                                      design_1_axi_dma_0_0_xpm_fifo_sync__parameterized1 |         44 |         36 |       8 |    0 |    54 |      0 |      0 |          0 |
|                     xpm_fifo_base_inst                                                                |                                      design_1_axi_dma_0_0_xpm_fifo_base__parameterized0 |         44 |         36 |       8 |    0 |    54 |      0 |      0 |          0 |
|                       (xpm_fifo_base_inst)                                                            |                                      design_1_axi_dma_0_0_xpm_fifo_base__parameterized0 |          3 |          3 |       0 |    0 |    10 |      0 |      0 |          0 |
|                       gen_fwft.rdpp1_inst                                                             |                                   design_1_axi_dma_0_0_xpm_counter_updn__parameterized1 |          4 |          4 |       0 |    0 |     2 |      0 |      0 |          0 |
|                       gen_sdpram.xpm_memory_base_inst                                                 |                                    design_1_axi_dma_0_0_xpm_memory_base__parameterized0 |          8 |          0 |       8 |    0 |    18 |      0 |      0 |          0 |
|                       rdp_inst                                                                        |                                   design_1_axi_dma_0_0_xpm_counter_updn__parameterized6 |         11 |         11 |       0 |    0 |     5 |      0 |      0 |          0 |
|                       rdpp1_inst                                                                      |                                   design_1_axi_dma_0_0_xpm_counter_updn__parameterized7 |          3 |          3 |       0 |    0 |     4 |      0 |      0 |          0 |
|                       rst_d1_inst                                                                     |                                                   design_1_axi_dma_0_0_xpm_fifo_reg_bit |          1 |          1 |       0 |    0 |     1 |      0 |      0 |          0 |
|                       wrp_inst                                                                        |                                design_1_axi_dma_0_0_xpm_counter_updn__parameterized6_10 |         10 |         10 |       0 |    0 |     5 |      0 |      0 |          0 |
|                       wrpp1_inst                                                                      |                                design_1_axi_dma_0_0_xpm_counter_updn__parameterized7_11 |          3 |          3 |       0 |    0 |     4 |      0 |      0 |          0 |
|                       xpm_fifo_rst_inst                                                               |                                                       design_1_axi_dma_0_0_xpm_fifo_rst |          2 |          2 |       0 |    0 |     5 |      0 |      0 |          0 |
|             GEN_INCLUDE_IBTTCC.I_S2MM_MSTR_IBTTCC                                                     |                                               design_1_axi_dma_0_0_axi_datamover_ibttcc |        122 |        122 |       0 |    0 |   218 |      0 |      0 |          0 |
|             GEN_INCLUDE_REALIGNER.I_S2MM_REALIGNER                                                    |                                         design_1_axi_dma_0_0_axi_datamover_s2mm_realign |        248 |        232 |       0 |   16 |   279 |      0 |      0 |          0 |
|               (GEN_INCLUDE_REALIGNER.I_S2MM_REALIGNER)                                                |                                         design_1_axi_dma_0_0_axi_datamover_s2mm_realign |          0 |          0 |       0 |    0 |     8 |      0 |      0 |          0 |
|               GEN_INCLUDE_DRE.I_S2MM_DRE_BLOCK                                                        |                                             design_1_axi_dma_0_0_axi_datamover_s2mm_dre |         77 |         77 |       0 |    0 |   113 |      0 |      0 |          0 |
|               GEN_INCLUDE_SCATTER.I_S2MM_SCATTER                                                      |                                         design_1_axi_dma_0_0_axi_datamover_s2mm_scatter |        149 |        144 |       0 |    5 |   152 |      0 |      0 |          0 |
|                 (GEN_INCLUDE_SCATTER.I_S2MM_SCATTER)                                                  |                                         design_1_axi_dma_0_0_axi_datamover_s2mm_scatter |         44 |         44 |       0 |    0 |    47 |      0 |      0 |          0 |
|                 I_MSSAI_SKID_BUF                                                                      |                                       design_1_axi_dma_0_0_axi_datamover_mssai_skid_buf |         55 |         55 |       0 |    0 |    83 |      0 |      0 |          0 |
|                 I_TSTRB_FIFO                                                                          |                                 design_1_axi_dma_0_0_axi_datamover_fifo__parameterized8 |         33 |         28 |       0 |    5 |    10 |      0 |      0 |          0 |
|                   (I_TSTRB_FIFO)                                                                      |                                 design_1_axi_dma_0_0_axi_datamover_fifo__parameterized8 |          2 |          2 |       0 |    0 |     4 |      0 |      0 |          0 |
|                   USE_SRL_FIFO.I_SYNC_FIFO                                                            |                                         design_1_axi_dma_0_0_srl_fifo_f__parameterized5 |         31 |         26 |       0 |    5 |     6 |      0 |      0 |          0 |
|                     I_SRL_FIFO_RBU_F                                                                  |                                     design_1_axi_dma_0_0_srl_fifo_rbu_f__parameterized5 |         31 |         26 |       0 |    5 |     6 |      0 |      0 |          0 |
|                       (I_SRL_FIFO_RBU_F)                                                              |                                     design_1_axi_dma_0_0_srl_fifo_rbu_f__parameterized5 |          0 |          0 |       0 |    0 |     1 |      0 |      0 |          0 |
|                       CNTR_INCR_DECR_ADDN_F_I                                                         |                              design_1_axi_dma_0_0_cntr_incr_decr_addn_f__parameterized1 |         19 |         19 |       0 |    0 |     5 |      0 |      0 |          0 |
|                       DYNSHREG_F_I                                                                    |                                         design_1_axi_dma_0_0_dynshreg_f__parameterized5 |         12 |          7 |       0 |    5 |     0 |      0 |      0 |          0 |
|                 SLICE_INSERTION                                                                       |                                                design_1_axi_dma_0_0_axi_datamover_slice |         18 |         18 |       0 |    0 |    12 |      0 |      0 |          0 |
|               I_DRE_CNTL_FIFO                                                                         |                               design_1_axi_dma_0_0_axi_datamover_fifo__parameterized7_5 |         23 |         12 |       0 |   11 |     6 |      0 |      0 |          0 |
|                 (I_DRE_CNTL_FIFO)                                                                     |                               design_1_axi_dma_0_0_axi_datamover_fifo__parameterized7_5 |          1 |          1 |       0 |    0 |     2 |      0 |      0 |          0 |
|                 USE_SRL_FIFO.I_SYNC_FIFO                                                              |                                       design_1_axi_dma_0_0_srl_fifo_f__parameterized4_6 |         22 |         11 |       0 |   11 |     4 |      0 |      0 |          0 |
|                   I_SRL_FIFO_RBU_F                                                                    |                                   design_1_axi_dma_0_0_srl_fifo_rbu_f__parameterized4_7 |         22 |         11 |       0 |   11 |     4 |      0 |      0 |          0 |
|                     (I_SRL_FIFO_RBU_F)                                                                |                                   design_1_axi_dma_0_0_srl_fifo_rbu_f__parameterized4_7 |          0 |          0 |       0 |    0 |     1 |      0 |      0 |          0 |
|                     CNTR_INCR_DECR_ADDN_F_I                                                           |                                            design_1_axi_dma_0_0_cntr_incr_decr_addn_f_8 |          9 |          9 |       0 |    0 |     3 |      0 |      0 |          0 |
|                     DYNSHREG_F_I                                                                      |                                       design_1_axi_dma_0_0_dynshreg_f__parameterized4_9 |         13 |          2 |       0 |   11 |     0 |      0 |      0 |          0 |
|             I_ADDR_CNTL                                                                               |                            design_1_axi_dma_0_0_axi_datamover_addr_cntl__parameterized0 |         30 |         10 |       0 |   20 |    51 |      0 |      0 |          0 |
|               (I_ADDR_CNTL)                                                                           |                            design_1_axi_dma_0_0_axi_datamover_addr_cntl__parameterized0 |          1 |          1 |       0 |    0 |    44 |      0 |      0 |          0 |
|               GEN_ADDR_FIFO.I_ADDR_QUAL_FIFO                                                          |                                 design_1_axi_dma_0_0_axi_datamover_fifo__parameterized1 |         29 |          9 |       0 |   20 |     7 |      0 |      0 |          0 |
|                 (GEN_ADDR_FIFO.I_ADDR_QUAL_FIFO)                                                      |                                 design_1_axi_dma_0_0_axi_datamover_fifo__parameterized1 |          2 |          2 |       0 |    0 |     3 |      0 |      0 |          0 |
|                 USE_SRL_FIFO.I_SYNC_FIFO                                                              |                                                         design_1_axi_dma_0_0_srl_fifo_f |         27 |          7 |       0 |   20 |     4 |      0 |      0 |          0 |
|                   I_SRL_FIFO_RBU_F                                                                    |                                                     design_1_axi_dma_0_0_srl_fifo_rbu_f |         27 |          7 |       0 |   20 |     4 |      0 |      0 |          0 |
|                     (I_SRL_FIFO_RBU_F)                                                                |                                                     design_1_axi_dma_0_0_srl_fifo_rbu_f |          0 |          0 |       0 |    0 |     1 |      0 |      0 |          0 |
|                     CNTR_INCR_DECR_ADDN_F_I                                                           |                                            design_1_axi_dma_0_0_cntr_incr_decr_addn_f_4 |          5 |          5 |       0 |    0 |     3 |      0 |      0 |          0 |
|                     DYNSHREG_F_I                                                                      |                                                         design_1_axi_dma_0_0_dynshreg_f |         22 |          2 |       0 |   20 |     0 |      0 |      0 |          0 |
|             I_CMD_STATUS                                                                              |                           design_1_axi_dma_0_0_axi_datamover_cmd_status__parameterized0 |         18 |         18 |       0 |    0 |    75 |      0 |      0 |          0 |
|               GEN_INCLUDE_STATUS_FIFO.I_STS_FIFO                                                      |                                 design_1_axi_dma_0_0_axi_datamover_fifo__parameterized4 |         13 |         13 |       0 |    0 |    22 |      0 |      0 |          0 |
|               I_CMD_FIFO                                                                              |                                                 design_1_axi_dma_0_0_axi_datamover_fifo |          5 |          5 |       0 |    0 |    53 |      0 |      0 |          0 |
|             I_RESET                                                                                   |                                                design_1_axi_dma_0_0_axi_datamover_reset |          5 |          5 |       0 |    0 |     5 |      0 |      0 |          0 |
|             I_S2MM_MMAP_SKID_BUF                                                                      |                                          design_1_axi_dma_0_0_axi_datamover_skid2mm_buf |         35 |         35 |       0 |    0 |    79 |      0 |      0 |          0 |
|             I_WR_DATA_CNTL                                                                            |                                          design_1_axi_dma_0_0_axi_datamover_wrdata_cntl |         70 |         63 |       0 |    7 |    50 |      0 |      0 |          0 |
|               (I_WR_DATA_CNTL)                                                                        |                                          design_1_axi_dma_0_0_axi_datamover_wrdata_cntl |         38 |         38 |       0 |    0 |    44 |      0 |      0 |          0 |
|               GEN_DATA_CNTL_FIFO.I_DATA_CNTL_FIFO                                                     |                                 design_1_axi_dma_0_0_axi_datamover_fifo__parameterized7 |         32 |         25 |       0 |    7 |     6 |      0 |      0 |          0 |
|                 (GEN_DATA_CNTL_FIFO.I_DATA_CNTL_FIFO)                                                 |                                 design_1_axi_dma_0_0_axi_datamover_fifo__parameterized7 |          1 |          1 |       0 |    0 |     2 |      0 |      0 |          0 |
|                 USE_SRL_FIFO.I_SYNC_FIFO                                                              |                                         design_1_axi_dma_0_0_srl_fifo_f__parameterized4 |         31 |         24 |       0 |    7 |     4 |      0 |      0 |          0 |
|                   I_SRL_FIFO_RBU_F                                                                    |                                     design_1_axi_dma_0_0_srl_fifo_rbu_f__parameterized4 |         31 |         24 |       0 |    7 |     4 |      0 |      0 |          0 |
|                     (I_SRL_FIFO_RBU_F)                                                                |                                     design_1_axi_dma_0_0_srl_fifo_rbu_f__parameterized4 |          0 |          0 |       0 |    0 |     1 |      0 |      0 |          0 |
|                     CNTR_INCR_DECR_ADDN_F_I                                                           |                                              design_1_axi_dma_0_0_cntr_incr_decr_addn_f |         12 |         12 |       0 |    0 |     3 |      0 |      0 |          0 |
|                     DYNSHREG_F_I                                                                      |                                         design_1_axi_dma_0_0_dynshreg_f__parameterized4 |         19 |         12 |       0 |    7 |     0 |      0 |      0 |          0 |
|             I_WR_STATUS_CNTLR                                                                         |                                       design_1_axi_dma_0_0_axi_datamover_wr_status_cntl |         48 |         37 |       0 |   11 |    49 |      0 |      0 |          0 |
|               (I_WR_STATUS_CNTLR)                                                                     |                                       design_1_axi_dma_0_0_axi_datamover_wr_status_cntl |          6 |          6 |       0 |    0 |    34 |      0 |      0 |          0 |
|               GEN_ENABLE_INDET_BTT.I_SF_DATA_CNTL_STATUS_FIFO                                         |                                 design_1_axi_dma_0_0_axi_datamover_fifo__parameterized6 |         24 |         15 |       0 |    9 |     7 |      0 |      0 |          0 |
|                 (GEN_ENABLE_INDET_BTT.I_SF_DATA_CNTL_STATUS_FIFO)                                     |                                 design_1_axi_dma_0_0_axi_datamover_fifo__parameterized6 |          1 |          1 |       0 |    0 |     2 |      0 |      0 |          0 |
|                 USE_SRL_FIFO.I_SYNC_FIFO                                                              |                                         design_1_axi_dma_0_0_srl_fifo_f__parameterized3 |         23 |         14 |       0 |    9 |     5 |      0 |      0 |          0 |
|                   I_SRL_FIFO_RBU_F                                                                    |                                     design_1_axi_dma_0_0_srl_fifo_rbu_f__parameterized3 |         23 |         14 |       0 |    9 |     5 |      0 |      0 |          0 |
|                     (I_SRL_FIFO_RBU_F)                                                                |                                     design_1_axi_dma_0_0_srl_fifo_rbu_f__parameterized3 |          0 |          0 |       0 |    0 |     1 |      0 |      0 |          0 |
|                     CNTR_INCR_DECR_ADDN_F_I                                                           |                            design_1_axi_dma_0_0_cntr_incr_decr_addn_f__parameterized0_3 |         11 |         11 |       0 |    0 |     4 |      0 |      0 |          0 |
|                     DYNSHREG_F_I                                                                      |                                         design_1_axi_dma_0_0_dynshreg_f__parameterized3 |         12 |          3 |       0 |    9 |     0 |      0 |      0 |          0 |
|               I_WRESP_STATUS_FIFO                                                                     |                                 design_1_axi_dma_0_0_axi_datamover_fifo__parameterized5 |         18 |         16 |       0 |    2 |     8 |      0 |      0 |          0 |
|                 (I_WRESP_STATUS_FIFO)                                                                 |                                 design_1_axi_dma_0_0_axi_datamover_fifo__parameterized5 |          4 |          4 |       0 |    0 |     3 |      0 |      0 |          0 |
|                 USE_SRL_FIFO.I_SYNC_FIFO                                                              |                                         design_1_axi_dma_0_0_srl_fifo_f__parameterized2 |         14 |         12 |       0 |    2 |     5 |      0 |      0 |          0 |
|                   I_SRL_FIFO_RBU_F                                                                    |                                     design_1_axi_dma_0_0_srl_fifo_rbu_f__parameterized2 |         14 |         12 |       0 |    2 |     5 |      0 |      0 |          0 |
|                     (I_SRL_FIFO_RBU_F)                                                                |                                     design_1_axi_dma_0_0_srl_fifo_rbu_f__parameterized2 |          5 |          5 |       0 |    0 |     1 |      0 |      0 |          0 |
|                     CNTR_INCR_DECR_ADDN_F_I                                                           |                              design_1_axi_dma_0_0_cntr_incr_decr_addn_f__parameterized0 |          6 |          6 |       0 |    0 |     4 |      0 |      0 |          0 |
|                     DYNSHREG_F_I                                                                      |                                         design_1_axi_dma_0_0_dynshreg_f__parameterized2 |          4 |          2 |       0 |    2 |     0 |      0 |      0 |          0 |
|         I_RST_MODULE                                                                                  |                                                 design_1_axi_dma_0_0_axi_dma_rst_module |         18 |         18 |       0 |    0 |    38 |      0 |      0 |          0 |
|           (I_RST_MODULE)                                                                              |                                                 design_1_axi_dma_0_0_axi_dma_rst_module |          1 |          1 |       0 |    0 |     2 |      0 |      0 |          0 |
|           GEN_RESET_FOR_MM2S.RESET_I                                                                  |                                                      design_1_axi_dma_0_0_axi_dma_reset |          8 |          8 |       0 |    0 |    15 |      0 |      0 |          0 |
|           GEN_RESET_FOR_S2MM.RESET_I                                                                  |                                                    design_1_axi_dma_0_0_axi_dma_reset_1 |         10 |         10 |       0 |    0 |    13 |      0 |      0 |          0 |
|           REG_HRD_RST                                                                                 |                                                           design_1_axi_dma_0_0_cdc_sync |          0 |          0 |       0 |    0 |     4 |      0 |      0 |          0 |
|           REG_HRD_RST_OUT                                                                             |                                                         design_1_axi_dma_0_0_cdc_sync_2 |          0 |          0 |       0 |    0 |     4 |      0 |      0 |          0 |
|     axi_dma_ctrl_clkconv                                                                              |                                                         design_1_axi_dma_ctrl_clkconv_0 |         49 |         49 |       0 |    0 |   259 |      0 |      0 |          0 |
|       inst                                                                                            |         design_1_axi_dma_ctrl_clkconv_0_axi_clock_converter_v2_1_33_axi_clock_converter |         49 |         49 |       0 |    0 |   259 |      0 |      0 |          0 |
|         gen_clock_conv.gen_async_lite_conv.clock_conv_lite_fwd_ar                                     |       design_1_axi_dma_ctrl_clkconv_0_axi_clock_converter_v2_1_33_lite_async__xdcDup__1 |          9 |          9 |       0 |    0 |    37 |      0 |      0 |          0 |
|           (gen_clock_conv.gen_async_lite_conv.clock_conv_lite_fwd_ar)                                 |       design_1_axi_dma_ctrl_clkconv_0_axi_clock_converter_v2_1_33_lite_async__xdcDup__1 |          7 |          7 |       0 |    0 |     9 |      0 |      0 |          0 |
|           handshake                                                                                   |                            design_1_axi_dma_ctrl_clkconv_0_xpm_cdc_handshake__xdcDup__1 |          2 |          2 |       0 |    0 |    28 |      0 |      0 |          0 |
|             (handshake)                                                                               |                            design_1_axi_dma_ctrl_clkconv_0_xpm_cdc_handshake__xdcDup__1 |          2 |          2 |       0 |    0 |    22 |      0 |      0 |          0 |
|             xpm_cdc_single_dest2src_inst                                                              |                                      design_1_axi_dma_ctrl_clkconv_0_xpm_cdc_single__13 |          0 |          0 |       0 |    0 |     3 |      0 |      0 |          0 |
|             xpm_cdc_single_src2dest_inst                                                              |                                      design_1_axi_dma_ctrl_clkconv_0_xpm_cdc_single__12 |          0 |          0 |       0 |    0 |     3 |      0 |      0 |          0 |
|         gen_clock_conv.gen_async_lite_conv.clock_conv_lite_fwd_aw                                     |                  design_1_axi_dma_ctrl_clkconv_0_axi_clock_converter_v2_1_33_lite_async |         13 |         13 |       0 |    0 |    35 |      0 |      0 |          0 |
|           (gen_clock_conv.gen_async_lite_conv.clock_conv_lite_fwd_aw)                                 |                  design_1_axi_dma_ctrl_clkconv_0_axi_clock_converter_v2_1_33_lite_async |         11 |         11 |       0 |    0 |    17 |      0 |      0 |          0 |
|           handshake                                                                                   |                                       design_1_axi_dma_ctrl_clkconv_0_xpm_cdc_handshake |          2 |          2 |       0 |    0 |    18 |      0 |      0 |          0 |
|             (handshake)                                                                               |                                       design_1_axi_dma_ctrl_clkconv_0_xpm_cdc_handshake |          2 |          2 |       0 |    0 |    12 |      0 |      0 |          0 |
|             xpm_cdc_single_dest2src_inst                                                              |                                      design_1_axi_dma_ctrl_clkconv_0_xpm_cdc_single__11 |          0 |          0 |       0 |    0 |     3 |      0 |      0 |          0 |
|             xpm_cdc_single_src2dest_inst                                                              |                                      design_1_axi_dma_ctrl_clkconv_0_xpm_cdc_single__10 |          0 |          0 |       0 |    0 |     3 |      0 |      0 |          0 |
|         gen_clock_conv.gen_async_lite_conv.clock_conv_lite_fwd_w                                      |  design_1_axi_dma_ctrl_clkconv_0_axi_clock_converter_v2_1_33_lite_async__parameterized0 |          9 |          9 |       0 |    0 |    81 |      0 |      0 |          0 |
|           (gen_clock_conv.gen_async_lite_conv.clock_conv_lite_fwd_w)                                  |  design_1_axi_dma_ctrl_clkconv_0_axi_clock_converter_v2_1_33_lite_async__parameterized0 |          7 |          7 |       0 |    0 |     9 |      0 |      0 |          0 |
|           handshake                                                                                   |                       design_1_axi_dma_ctrl_clkconv_0_xpm_cdc_handshake__parameterized0 |          2 |          2 |       0 |    0 |    72 |      0 |      0 |          0 |
|             (handshake)                                                                               |                       design_1_axi_dma_ctrl_clkconv_0_xpm_cdc_handshake__parameterized0 |          2 |          2 |       0 |    0 |    66 |      0 |      0 |          0 |
|             xpm_cdc_single_dest2src_inst                                                              |                                      design_1_axi_dma_ctrl_clkconv_0_xpm_cdc_single__15 |          0 |          0 |       0 |    0 |     3 |      0 |      0 |          0 |
|             xpm_cdc_single_src2dest_inst                                                              |                                      design_1_axi_dma_ctrl_clkconv_0_xpm_cdc_single__14 |          0 |          0 |       0 |    0 |     3 |      0 |      0 |          0 |
|         gen_clock_conv.gen_async_lite_conv.clock_conv_lite_resp_b                                     |  design_1_axi_dma_ctrl_clkconv_0_axi_clock_converter_v2_1_33_lite_async__parameterized1 |          9 |          9 |       0 |    0 |    21 |      0 |      0 |          0 |
|           (gen_clock_conv.gen_async_lite_conv.clock_conv_lite_resp_b)                                 |  design_1_axi_dma_ctrl_clkconv_0_axi_clock_converter_v2_1_33_lite_async__parameterized1 |          7 |          7 |       0 |    0 |     9 |      0 |      0 |          0 |
|           handshake                                                                                   |                       design_1_axi_dma_ctrl_clkconv_0_xpm_cdc_handshake__parameterized1 |          2 |          2 |       0 |    0 |    12 |      0 |      0 |          0 |
|             (handshake)                                                                               |                       design_1_axi_dma_ctrl_clkconv_0_xpm_cdc_handshake__parameterized1 |          2 |          2 |       0 |    0 |     6 |      0 |      0 |          0 |
|             xpm_cdc_single_dest2src_inst                                                              |                                      design_1_axi_dma_ctrl_clkconv_0_xpm_cdc_single__17 |          0 |          0 |       0 |    0 |     3 |      0 |      0 |          0 |
|             xpm_cdc_single_src2dest_inst                                                              |                                      design_1_axi_dma_ctrl_clkconv_0_xpm_cdc_single__16 |          0 |          0 |       0 |    0 |     3 |      0 |      0 |          0 |
|         gen_clock_conv.gen_async_lite_conv.clock_conv_lite_resp_r                                     |  design_1_axi_dma_ctrl_clkconv_0_axi_clock_converter_v2_1_33_lite_async__parameterized2 |          9 |          9 |       0 |    0 |    85 |      0 |      0 |          0 |
|           (gen_clock_conv.gen_async_lite_conv.clock_conv_lite_resp_r)                                 |  design_1_axi_dma_ctrl_clkconv_0_axi_clock_converter_v2_1_33_lite_async__parameterized2 |          7 |          7 |       0 |    0 |     9 |      0 |      0 |          0 |
|           handshake                                                                                   |                       design_1_axi_dma_ctrl_clkconv_0_xpm_cdc_handshake__parameterized2 |          2 |          2 |       0 |    0 |    76 |      0 |      0 |          0 |
|             (handshake)                                                                               |                       design_1_axi_dma_ctrl_clkconv_0_xpm_cdc_handshake__parameterized2 |          2 |          2 |       0 |    0 |    70 |      0 |      0 |          0 |
|             xpm_cdc_single_dest2src_inst                                                              |                                          design_1_axi_dma_ctrl_clkconv_0_xpm_cdc_single |          0 |          0 |       0 |    0 |     3 |      0 |      0 |          0 |
|             xpm_cdc_single_src2dest_inst                                                              |                                      design_1_axi_dma_ctrl_clkconv_0_xpm_cdc_single__18 |          0 |          0 |       0 |    0 |     3 |      0 |      0 |          0 |
|     axi_dynclk_0                                                                                      |                                                                 design_1_axi_dynclk_0_0 |        238 |        238 |       0 |    0 |   354 |      0 |      0 |          0 |
|       U0                                                                                              |                                                      design_1_axi_dynclk_0_0_axi_dynclk |        238 |        238 |       0 |    0 |   354 |      0 |      0 |          0 |
|         (U0)                                                                                          |                                                      design_1_axi_dynclk_0_0_axi_dynclk |          1 |          1 |       0 |    0 |     8 |      0 |      0 |          0 |
|         Inst_mmcme2_drp                                                                               |                                                      design_1_axi_dynclk_0_0_mmcme2_drp |         49 |         49 |       0 |    0 |    75 |      0 |      0 |          0 |
|         SyncAsyncLocked                                                                               |                                                       design_1_axi_dynclk_0_0_SyncAsync |          1 |          1 |       0 |    0 |     2 |      0 |      0 |          0 |
|         axi_dynclk_S00_AXI_inst                                                                       |                                              design_1_axi_dynclk_0_0_axi_dynclk_S00_AXI |        187 |        187 |       0 |    0 |   269 |      0 |      0 |          0 |
|     axi_gemv_ctrl_clkconv                                                                             |                                                        design_1_axi_gemv_ctrl_clkconv_0 |         49 |         49 |       0 |    0 |   253 |      0 |      0 |          0 |
|       inst                                                                                            |        design_1_axi_gemv_ctrl_clkconv_0_axi_clock_converter_v2_1_33_axi_clock_converter |         49 |         49 |       0 |    0 |   253 |      0 |      0 |          0 |
|         gen_clock_conv.gen_async_lite_conv.clock_conv_lite_fwd_ar                                     |      design_1_axi_gemv_ctrl_clkconv_0_axi_clock_converter_v2_1_33_lite_async__xdcDup__1 |          9 |          9 |       0 |    0 |    29 |      0 |      0 |          0 |
|           (gen_clock_conv.gen_async_lite_conv.clock_conv_lite_fwd_ar)                                 |      design_1_axi_gemv_ctrl_clkconv_0_axi_clock_converter_v2_1_33_lite_async__xdcDup__1 |          7 |          7 |       0 |    0 |     9 |      0 |      0 |          0 |
|           handshake                                                                                   |                           design_1_axi_gemv_ctrl_clkconv_0_xpm_cdc_handshake__xdcDup__1 |          2 |          2 |       0 |    0 |    20 |      0 |      0 |          0 |
|             (handshake)                                                                               |                           design_1_axi_gemv_ctrl_clkconv_0_xpm_cdc_handshake__xdcDup__1 |          2 |          2 |       0 |    0 |    14 |      0 |      0 |          0 |
|             xpm_cdc_single_dest2src_inst                                                              |                                     design_1_axi_gemv_ctrl_clkconv_0_xpm_cdc_single__13 |          0 |          0 |       0 |    0 |     3 |      0 |      0 |          0 |
|             xpm_cdc_single_src2dest_inst                                                              |                                     design_1_axi_gemv_ctrl_clkconv_0_xpm_cdc_single__12 |          0 |          0 |       0 |    0 |     3 |      0 |      0 |          0 |
|         gen_clock_conv.gen_async_lite_conv.clock_conv_lite_fwd_aw                                     |                 design_1_axi_gemv_ctrl_clkconv_0_axi_clock_converter_v2_1_33_lite_async |         13 |         13 |       0 |    0 |    37 |      0 |      0 |          0 |
|           (gen_clock_conv.gen_async_lite_conv.clock_conv_lite_fwd_aw)                                 |                 design_1_axi_gemv_ctrl_clkconv_0_axi_clock_converter_v2_1_33_lite_async |         11 |         11 |       0 |    0 |    17 |      0 |      0 |          0 |
|           handshake                                                                                   |                                      design_1_axi_gemv_ctrl_clkconv_0_xpm_cdc_handshake |          2 |          2 |       0 |    0 |    20 |      0 |      0 |          0 |
|             (handshake)                                                                               |                                      design_1_axi_gemv_ctrl_clkconv_0_xpm_cdc_handshake |          2 |          2 |       0 |    0 |    14 |      0 |      0 |          0 |
|             xpm_cdc_single_dest2src_inst                                                              |                                     design_1_axi_gemv_ctrl_clkconv_0_xpm_cdc_single__11 |          0 |          0 |       0 |    0 |     3 |      0 |      0 |          0 |
|             xpm_cdc_single_src2dest_inst                                                              |                                     design_1_axi_gemv_ctrl_clkconv_0_xpm_cdc_single__10 |          0 |          0 |       0 |    0 |     3 |      0 |      0 |          0 |
|         gen_clock_conv.gen_async_lite_conv.clock_conv_lite_fwd_w                                      | design_1_axi_gemv_ctrl_clkconv_0_axi_clock_converter_v2_1_33_lite_async__parameterized0 |          9 |          9 |       0 |    0 |    81 |      0 |      0 |          0 |
|           (gen_clock_conv.gen_async_lite_conv.clock_conv_lite_fwd_w)                                  | design_1_axi_gemv_ctrl_clkconv_0_axi_clock_converter_v2_1_33_lite_async__parameterized0 |          7 |          7 |       0 |    0 |     9 |      0 |      0 |          0 |
|           handshake                                                                                   |                      design_1_axi_gemv_ctrl_clkconv_0_xpm_cdc_handshake__parameterized0 |          2 |          2 |       0 |    0 |    72 |      0 |      0 |          0 |
|             (handshake)                                                                               |                      design_1_axi_gemv_ctrl_clkconv_0_xpm_cdc_handshake__parameterized0 |          2 |          2 |       0 |    0 |    66 |      0 |      0 |          0 |
|             xpm_cdc_single_dest2src_inst                                                              |                                     design_1_axi_gemv_ctrl_clkconv_0_xpm_cdc_single__15 |          0 |          0 |       0 |    0 |     3 |      0 |      0 |          0 |
|             xpm_cdc_single_src2dest_inst                                                              |                                     design_1_axi_gemv_ctrl_clkconv_0_xpm_cdc_single__14 |          0 |          0 |       0 |    0 |     3 |      0 |      0 |          0 |
|         gen_clock_conv.gen_async_lite_conv.clock_conv_lite_resp_b                                     | design_1_axi_gemv_ctrl_clkconv_0_axi_clock_converter_v2_1_33_lite_async__parameterized1 |          9 |          9 |       0 |    0 |    21 |      0 |      0 |          0 |
|           (gen_clock_conv.gen_async_lite_conv.clock_conv_lite_resp_b)                                 | design_1_axi_gemv_ctrl_clkconv_0_axi_clock_converter_v2_1_33_lite_async__parameterized1 |          7 |          7 |       0 |    0 |     9 |      0 |      0 |          0 |
|           handshake                                                                                   |                      design_1_axi_gemv_ctrl_clkconv_0_xpm_cdc_handshake__parameterized1 |          2 |          2 |       0 |    0 |    12 |      0 |      0 |          0 |
|             (handshake)                                                                               |                      design_1_axi_gemv_ctrl_clkconv_0_xpm_cdc_handshake__parameterized1 |          2 |          2 |       0 |    0 |     6 |      0 |      0 |          0 |
|             xpm_cdc_single_dest2src_inst                                                              |                                     design_1_axi_gemv_ctrl_clkconv_0_xpm_cdc_single__17 |          0 |          0 |       0 |    0 |     3 |      0 |      0 |          0 |
|             xpm_cdc_single_src2dest_inst                                                              |                                     design_1_axi_gemv_ctrl_clkconv_0_xpm_cdc_single__16 |          0 |          0 |       0 |    0 |     3 |      0 |      0 |          0 |
|         gen_clock_conv.gen_async_lite_conv.clock_conv_lite_resp_r                                     | design_1_axi_gemv_ctrl_clkconv_0_axi_clock_converter_v2_1_33_lite_async__parameterized2 |          9 |          9 |       0 |    0 |    85 |      0 |      0 |          0 |
|           (gen_clock_conv.gen_async_lite_conv.clock_conv_lite_resp_r)                                 | design_1_axi_gemv_ctrl_clkconv_0_axi_clock_converter_v2_1_33_lite_async__parameterized2 |          7 |          7 |       0 |    0 |     9 |      0 |      0 |          0 |
|           handshake                                                                                   |                      design_1_axi_gemv_ctrl_clkconv_0_xpm_cdc_handshake__parameterized2 |          2 |          2 |       0 |    0 |    76 |      0 |      0 |          0 |
|             (handshake)                                                                               |                      design_1_axi_gemv_ctrl_clkconv_0_xpm_cdc_handshake__parameterized2 |          2 |          2 |       0 |    0 |    70 |      0 |      0 |          0 |
|             xpm_cdc_single_dest2src_inst                                                              |                                         design_1_axi_gemv_ctrl_clkconv_0_xpm_cdc_single |          0 |          0 |       0 |    0 |     3 |      0 |      0 |          0 |
|             xpm_cdc_single_src2dest_inst                                                              |                                     design_1_axi_gemv_ctrl_clkconv_0_xpm_cdc_single__18 |          0 |          0 |       0 |    0 |     3 |      0 |      0 |          0 |
|     axi_gemv_hp1_smc                                                                                  |                                                             design_1_axi_gemv_hp1_smc_0 |       2211 |       1735 |     446 |   30 |  3082 |      0 |      0 |          0 |
|       (axi_gemv_hp1_smc)                                                                              |                                                             design_1_axi_gemv_hp1_smc_0 |          0 |          0 |       0 |    0 |     0 |      0 |      0 |          0 |
|       inst                                                                                            |                                                     design_1_axi_gemv_hp1_smc_0_bd_836e |       2211 |       1735 |     446 |   30 |  3082 |      0 |      0 |          0 |
|         clk_map                                                                                       |                                         design_1_axi_gemv_hp1_smc_0_clk_map_imp_1324PY7 |         13 |         12 |       0 |    1 |    22 |      0 |      0 |          0 |
|           psr_aclk                                                                                    |                                          design_1_axi_gemv_hp1_smc_0_bd_836e_psr_aclk_0 |         13 |         12 |       0 |    1 |    22 |      0 |      0 |          0 |
|             U0                                                                                        |                                              design_1_axi_gemv_hp1_smc_0_proc_sys_reset |         13 |         12 |       0 |    1 |    22 |      0 |      0 |          0 |
|               (U0)                                                                                    |                                              design_1_axi_gemv_hp1_smc_0_proc_sys_reset |          0 |          0 |       0 |    0 |     1 |      0 |      0 |          0 |
|               EXT_LPF                                                                                 |                                                         design_1_axi_gemv_hp1_smc_0_lpf |          3 |          2 |       0 |    1 |     6 |      0 |      0 |          0 |
|                 (EXT_LPF)                                                                             |                                                         design_1_axi_gemv_hp1_smc_0_lpf |          2 |          1 |       0 |    1 |     2 |      0 |      0 |          0 |
|                 ACTIVE_LOW_AUX.ACT_LO_AUX                                                             |                                                    design_1_axi_gemv_hp1_smc_0_cdc_sync |          1 |          1 |       0 |    0 |     4 |      0 |      0 |          0 |
|               SEQ                                                                                     |                                                design_1_axi_gemv_hp1_smc_0_sequence_psr |         10 |         10 |       0 |    0 |    15 |      0 |      0 |          0 |
|                 (SEQ)                                                                                 |                                                design_1_axi_gemv_hp1_smc_0_sequence_psr |          5 |          5 |       0 |    0 |     9 |      0 |      0 |          0 |
|                 SEQ_COUNTER                                                                           |                                                     design_1_axi_gemv_hp1_smc_0_upcnt_n |          5 |          5 |       0 |    0 |     6 |      0 |      0 |          0 |
|         m00_exit_pipeline                                                                             |                                design_1_axi_gemv_hp1_smc_0_m00_exit_pipeline_imp_WAURNO |        633 |        612 |       0 |   21 |   956 |      0 |      0 |          0 |
|           m00_exit                                                                                    |                                              design_1_axi_gemv_hp1_smc_0_bd_836e_m00e_0 |        633 |        612 |       0 |   21 |   956 |      0 |      0 |          0 |
|             inst                                                                                      |                                         design_1_axi_gemv_hp1_smc_0_sc_exit_v1_0_16_top |        633 |        612 |       0 |   21 |   956 |      0 |      0 |          0 |
|               (inst)                                                                                  |                                         design_1_axi_gemv_hp1_smc_0_sc_exit_v1_0_16_top |          1 |          1 |       0 |    0 |     2 |      0 |      0 |          0 |
|               ar_reg                                                                                  |                             design_1_axi_gemv_hp1_smc_0_sc_util_v1_0_4_axi_reg_stall_86 |         32 |         32 |       0 |    0 |   102 |      0 |      0 |          0 |
|               aw_reg                                                                                  |                             design_1_axi_gemv_hp1_smc_0_sc_util_v1_0_4_axi_reg_stall_87 |         32 |         32 |       0 |    0 |   102 |      0 |      0 |          0 |
|               b_reg                                                                                   |                             design_1_axi_gemv_hp1_smc_0_sc_util_v1_0_4_axi_reg_stall_88 |         10 |         10 |       0 |    0 |     8 |      0 |      0 |          0 |
|               exit_inst                                                                               |                                        design_1_axi_gemv_hp1_smc_0_sc_exit_v1_0_16_exit |         60 |         46 |       0 |   14 |    31 |      0 |      0 |          0 |
|                 (exit_inst)                                                                           |                                        design_1_axi_gemv_hp1_smc_0_sc_exit_v1_0_16_exit |          0 |          0 |       0 |    0 |     1 |      0 |      0 |          0 |
|                 gen_r_cmd_fifo.r_cmd_fifo                                                             |            design_1_axi_gemv_hp1_smc_0_sc_util_v1_0_4_axic_reg_srl_fifo__parameterized2 |         43 |         31 |       0 |   12 |    20 |      0 |      0 |          0 |
|                   (gen_r_cmd_fifo.r_cmd_fifo)                                                         |            design_1_axi_gemv_hp1_smc_0_sc_util_v1_0_4_axic_reg_srl_fifo__parameterized2 |         19 |         19 |       0 |    0 |    20 |      0 |      0 |          0 |
|                   gen_srls[10].srl_nx1                                                                |                                  design_1_axi_gemv_hp1_smc_0_sc_util_v1_0_4_srl_rtl_103 |          2 |          1 |       0 |    1 |     0 |      0 |      0 |          0 |
|                   gen_srls[15].srl_nx1                                                                |                                  design_1_axi_gemv_hp1_smc_0_sc_util_v1_0_4_srl_rtl_104 |          2 |          1 |       0 |    1 |     0 |      0 |      0 |          0 |
|                   gen_srls[16].srl_nx1                                                                |                                  design_1_axi_gemv_hp1_smc_0_sc_util_v1_0_4_srl_rtl_105 |          3 |          2 |       0 |    1 |     0 |      0 |      0 |          0 |
|                   gen_srls[1].srl_nx1                                                                 |                                  design_1_axi_gemv_hp1_smc_0_sc_util_v1_0_4_srl_rtl_106 |          2 |          1 |       0 |    1 |     0 |      0 |      0 |          0 |
|                   gen_srls[2].srl_nx1                                                                 |                                  design_1_axi_gemv_hp1_smc_0_sc_util_v1_0_4_srl_rtl_107 |          2 |          1 |       0 |    1 |     0 |      0 |      0 |          0 |
|                   gen_srls[3].srl_nx1                                                                 |                                  design_1_axi_gemv_hp1_smc_0_sc_util_v1_0_4_srl_rtl_108 |          2 |          1 |       0 |    1 |     0 |      0 |      0 |          0 |
|                   gen_srls[4].srl_nx1                                                                 |                                  design_1_axi_gemv_hp1_smc_0_sc_util_v1_0_4_srl_rtl_109 |          2 |          1 |       0 |    1 |     0 |      0 |      0 |          0 |
|                   gen_srls[5].srl_nx1                                                                 |                                  design_1_axi_gemv_hp1_smc_0_sc_util_v1_0_4_srl_rtl_110 |          2 |          1 |       0 |    1 |     0 |      0 |      0 |          0 |
|                   gen_srls[6].srl_nx1                                                                 |                                  design_1_axi_gemv_hp1_smc_0_sc_util_v1_0_4_srl_rtl_111 |          2 |          1 |       0 |    1 |     0 |      0 |      0 |          0 |
|                   gen_srls[7].srl_nx1                                                                 |                                  design_1_axi_gemv_hp1_smc_0_sc_util_v1_0_4_srl_rtl_112 |          2 |          1 |       0 |    1 |     0 |      0 |      0 |          0 |
|                   gen_srls[8].srl_nx1                                                                 |                                  design_1_axi_gemv_hp1_smc_0_sc_util_v1_0_4_srl_rtl_113 |          2 |          1 |       0 |    1 |     0 |      0 |      0 |          0 |
|                   gen_srls[9].srl_nx1                                                                 |                                  design_1_axi_gemv_hp1_smc_0_sc_util_v1_0_4_srl_rtl_114 |          2 |          1 |       0 |    1 |     0 |      0 |      0 |          0 |
|                 gen_w_cmd_fifo.w_cmd_fifo                                                             |            design_1_axi_gemv_hp1_smc_0_sc_util_v1_0_4_axic_reg_srl_fifo__parameterized3 |         17 |         15 |       0 |    2 |    10 |      0 |      0 |          0 |
|                   (gen_w_cmd_fifo.w_cmd_fifo)                                                         |            design_1_axi_gemv_hp1_smc_0_sc_util_v1_0_4_axic_reg_srl_fifo__parameterized3 |         15 |         15 |       0 |    0 |    10 |      0 |      0 |          0 |
|                   gen_srls[1].srl_nx1                                                                 |                                  design_1_axi_gemv_hp1_smc_0_sc_util_v1_0_4_srl_rtl_101 |          1 |          0 |       0 |    1 |     0 |      0 |      0 |          0 |
|                   gen_srls[2].srl_nx1                                                                 |                                  design_1_axi_gemv_hp1_smc_0_sc_util_v1_0_4_srl_rtl_102 |          2 |          1 |       0 |    1 |     0 |      0 |      0 |          0 |
|               r_reg                                                                                   |                             design_1_axi_gemv_hp1_smc_0_sc_util_v1_0_4_axi_reg_stall_89 |         40 |         40 |       0 |    0 |   138 |      0 |      0 |          0 |
|               splitter_inst                                                                           |                                    design_1_axi_gemv_hp1_smc_0_sc_exit_v1_0_16_splitter |        417 |        410 |       0 |    7 |   420 |      0 |      0 |          0 |
|                 (splitter_inst)                                                                       |                                    design_1_axi_gemv_hp1_smc_0_sc_exit_v1_0_16_splitter |          0 |          0 |       0 |    0 |     1 |      0 |      0 |          0 |
|                 gen_axi3.splitter_inst                                                                |                                   design_1_axi_gemv_hp1_smc_0_sc_exit_v1_0_16_axi3_conv |        417 |        410 |       0 |    7 |   419 |      0 |      0 |          0 |
|                   (gen_axi3.splitter_inst)                                                            |                                   design_1_axi_gemv_hp1_smc_0_sc_exit_v1_0_16_axi3_conv |        100 |        100 |       0 |    0 |   134 |      0 |      0 |          0 |
|                   ar_cmd_reg                                                                          |                             design_1_axi_gemv_hp1_smc_0_sc_util_v1_0_4_axi_reg_stall_91 |        131 |        131 |       0 |    0 |   130 |      0 |      0 |          0 |
|                   aw_cmd_reg                                                                          |                             design_1_axi_gemv_hp1_smc_0_sc_util_v1_0_4_axi_reg_stall_92 |        123 |        123 |       0 |    0 |   124 |      0 |      0 |          0 |
|                   gen_rsplitter.gen_rthread_loop[0].r_split_fifo                                      |                            design_1_axi_gemv_hp1_smc_0_sc_util_v1_0_4_axic_reg_srl_fifo |         12 |         11 |       0 |    1 |     9 |      0 |      0 |          0 |
|                     (gen_rsplitter.gen_rthread_loop[0].r_split_fifo)                                  |                            design_1_axi_gemv_hp1_smc_0_sc_util_v1_0_4_axic_reg_srl_fifo |         11 |         11 |       0 |    0 |     9 |      0 |      0 |          0 |
|                     gen_srls[0].srl_nx1                                                               |                                  design_1_axi_gemv_hp1_smc_0_sc_util_v1_0_4_srl_rtl_100 |          2 |          1 |       0 |    1 |     0 |      0 |      0 |          0 |
|                   gen_wsplitter.gen_wthread_loop[0].b_split_fifo                                      |                         design_1_axi_gemv_hp1_smc_0_sc_util_v1_0_4_axic_reg_srl_fifo_93 |         17 |         16 |       0 |    1 |     9 |      0 |      0 |          0 |
|                     (gen_wsplitter.gen_wthread_loop[0].b_split_fifo)                                  |                         design_1_axi_gemv_hp1_smc_0_sc_util_v1_0_4_axic_reg_srl_fifo_93 |         14 |         14 |       0 |    0 |     9 |      0 |      0 |          0 |
|                     gen_srls[0].srl_nx1                                                               |                                   design_1_axi_gemv_hp1_smc_0_sc_util_v1_0_4_srl_rtl_99 |          3 |          2 |       0 |    1 |     0 |      0 |      0 |          0 |
|                   gen_wsplitter.w_split_fifo                                                          |            design_1_axi_gemv_hp1_smc_0_sc_util_v1_0_4_axic_reg_srl_fifo__parameterized0 |         35 |         30 |       0 |    5 |    13 |      0 |      0 |          0 |
|                     (gen_wsplitter.w_split_fifo)                                                      |            design_1_axi_gemv_hp1_smc_0_sc_util_v1_0_4_axic_reg_srl_fifo__parameterized0 |         24 |         24 |       0 |    0 |    13 |      0 |      0 |          0 |
|                     gen_srls[0].srl_nx1                                                               |                                   design_1_axi_gemv_hp1_smc_0_sc_util_v1_0_4_srl_rtl_94 |          3 |          2 |       0 |    1 |     0 |      0 |      0 |          0 |
|                     gen_srls[1].srl_nx1                                                               |                                   design_1_axi_gemv_hp1_smc_0_sc_util_v1_0_4_srl_rtl_95 |          2 |          1 |       0 |    1 |     0 |      0 |      0 |          0 |
|                     gen_srls[2].srl_nx1                                                               |                                   design_1_axi_gemv_hp1_smc_0_sc_util_v1_0_4_srl_rtl_96 |          2 |          1 |       0 |    1 |     0 |      0 |      0 |          0 |
|                     gen_srls[3].srl_nx1                                                               |                                   design_1_axi_gemv_hp1_smc_0_sc_util_v1_0_4_srl_rtl_97 |          2 |          1 |       0 |    1 |     0 |      0 |      0 |          0 |
|                     gen_srls[4].srl_nx1                                                               |                                   design_1_axi_gemv_hp1_smc_0_sc_util_v1_0_4_srl_rtl_98 |          3 |          2 |       0 |    1 |     0 |      0 |      0 |          0 |
|               w_reg                                                                                   |                             design_1_axi_gemv_hp1_smc_0_sc_util_v1_0_4_axi_reg_stall_90 |         42 |         42 |       0 |    0 |   150 |      0 |      0 |          0 |
|               xpm_cdc_async_rst_inst                                                                  |                                        design_1_axi_gemv_hp1_smc_0_xpm_cdc_async_rst__1 |          1 |          1 |       0 |    0 |     3 |      0 |      0 |          0 |
|         m00_nodes                                                                                     |                                        design_1_axi_gemv_hp1_smc_0_m00_nodes_imp_A3BZQG |        625 |        394 |     230 |    1 |   579 |      0 |      0 |          0 |
|           m00_ar_node                                                                                 |                                            design_1_axi_gemv_hp1_smc_0_bd_836e_m00arn_0 |        128 |         72 |      56 |    0 |   123 |      0 |      0 |          0 |
|             inst                                                                                      |                                         design_1_axi_gemv_hp1_smc_0_sc_node_v1_0_17_top |        128 |         72 |      56 |    0 |   123 |      0 |      0 |          0 |
|               (inst)                                                                                  |                                         design_1_axi_gemv_hp1_smc_0_sc_node_v1_0_17_top |          3 |          3 |       0 |    0 |     1 |      0 |      0 |          0 |
|               inst_mi_handler                                                                         |                                  design_1_axi_gemv_hp1_smc_0_sc_node_v1_0_17_mi_handler |        118 |         62 |      56 |    0 |   112 |      0 |      0 |          0 |
|                 (inst_mi_handler)                                                                     |                                  design_1_axi_gemv_hp1_smc_0_sc_node_v1_0_17_mi_handler |          0 |          0 |       0 |    0 |     2 |      0 |      0 |          0 |
|                 gen_normal_area.gen_node_prog_full.inst_node_prog_full                                |                             design_1_axi_gemv_hp1_smc_0_sc_node_v1_0_17_fifo__xdcDup__1 |         36 |         36 |       0 |    0 |    21 |      0 |      0 |          0 |
|                   gen_xpm_memory_fifo.inst_fifo                                                       |                   design_1_axi_gemv_hp1_smc_0_sc_util_v1_0_4_xpm_memory_fifo__xdcDup__1 |         36 |         36 |       0 |    0 |    21 |      0 |      0 |          0 |
|                     (gen_xpm_memory_fifo.inst_fifo)                                                   |                   design_1_axi_gemv_hp1_smc_0_sc_util_v1_0_4_xpm_memory_fifo__xdcDup__1 |          5 |          5 |       0 |    0 |     3 |      0 |      0 |          0 |
|                     gen_mem_rep[0].inst_rd_addrb                                                      |                   design_1_axi_gemv_hp1_smc_0_sc_util_v1_0_4_counter__parameterized0_83 |          6 |          6 |       0 |    0 |     6 |      0 |      0 |          0 |
|                     gen_mem_rep[0].inst_wr_addra                                                      |                   design_1_axi_gemv_hp1_smc_0_sc_util_v1_0_4_counter__parameterized0_84 |          5 |          5 |       0 |    0 |     6 |      0 |      0 |          0 |
|                     gen_wr.inst_wr_addra_p1                                                           |                   design_1_axi_gemv_hp1_smc_0_sc_util_v1_0_4_counter__parameterized1_85 |         20 |         20 |       0 |    0 |     6 |      0 |      0 |          0 |
|                 gen_normal_area.inst_fifo_node_payld                                                  |             design_1_axi_gemv_hp1_smc_0_sc_node_v1_0_17_fifo__parameterized0__xdcDup__1 |         82 |         26 |      56 |    0 |    88 |      0 |      0 |          0 |
|                   gen_xpm_memory_fifo.inst_fifo                                                       |   design_1_axi_gemv_hp1_smc_0_sc_util_v1_0_4_xpm_memory_fifo__parameterized0__xdcDup__1 |         82 |         26 |      56 |    0 |    88 |      0 |      0 |          0 |
|                     (gen_xpm_memory_fifo.inst_fifo)                                                   |   design_1_axi_gemv_hp1_smc_0_sc_util_v1_0_4_xpm_memory_fifo__parameterized0__xdcDup__1 |          4 |          4 |       0 |    0 |     3 |      0 |      0 |          0 |
|                     gen_mem_rep[0].inst_rd_addrb                                                      |                   design_1_axi_gemv_hp1_smc_0_sc_util_v1_0_4_counter__parameterized0_80 |          6 |          6 |       0 |    0 |     6 |      0 |      0 |          0 |
|                     gen_mem_rep[0].inst_wr_addra                                                      |                   design_1_axi_gemv_hp1_smc_0_sc_util_v1_0_4_counter__parameterized0_81 |          4 |          4 |       0 |    0 |     6 |      0 |      0 |          0 |
|                     gen_mem_rep[0].inst_xpm_memory                                                    |                           design_1_axi_gemv_hp1_smc_0_xpm_memory_sdpram__parameterized0 |         56 |          0 |      56 |    0 |    67 |      0 |      0 |          0 |
|                       xpm_memory_base_inst                                                            |                             design_1_axi_gemv_hp1_smc_0_xpm_memory_base__parameterized0 |         56 |          0 |      56 |    0 |    67 |      0 |      0 |          0 |
|                     gen_wr.inst_wr_addra_p1                                                           |                   design_1_axi_gemv_hp1_smc_0_sc_util_v1_0_4_counter__parameterized1_82 |         13 |         13 |       0 |    0 |     6 |      0 |      0 |          0 |
|                 inst_ingress                                                                          |                                     design_1_axi_gemv_hp1_smc_0_sc_node_v1_0_17_ingress |          0 |          0 |       0 |    0 |     1 |      0 |      0 |          0 |
|                   inst_pipeline_valid                                                                 |                  design_1_axi_gemv_hp1_smc_0_sc_util_v1_0_4_pipeline__parameterized3_79 |          0 |          0 |       0 |    0 |     1 |      0 |      0 |          0 |
|               inst_si_handler                                                                         |                                  design_1_axi_gemv_hp1_smc_0_sc_node_v1_0_17_si_handler |          6 |          6 |       0 |    0 |     7 |      0 |      0 |          0 |
|                 (inst_si_handler)                                                                     |                                  design_1_axi_gemv_hp1_smc_0_sc_node_v1_0_17_si_handler |          0 |          0 |       0 |    0 |     1 |      0 |      0 |          0 |
|                 gen_si_handler.gen_arbiter_rr_normal_area.inst_arbiter                                |                               design_1_axi_gemv_hp1_smc_0_sc_node_v1_0_17_arb_alg_rr_77 |          4 |          4 |       0 |    0 |     3 |      0 |      0 |          0 |
|                 gen_si_handler.gen_request_counters.gen_req_counter[0].inst_req_counter               |                                   design_1_axi_gemv_hp1_smc_0_sc_util_v1_0_4_counter_78 |          2 |          2 |       0 |    0 |     3 |      0 |      0 |          0 |
|               s_sc_xpm_cdc_async_rst_inst                                                             |                                       design_1_axi_gemv_hp1_smc_0_xpm_cdc_async_rst__26 |          1 |          1 |       0 |    0 |     3 |      0 |      0 |          0 |
|           m00_aw_node                                                                                 |                                            design_1_axi_gemv_hp1_smc_0_bd_836e_m00awn_0 |        139 |         86 |      52 |    1 |   129 |      0 |      0 |          0 |
|             inst                                                                                      |                         design_1_axi_gemv_hp1_smc_0_sc_node_v1_0_17_top__parameterized0 |        139 |         86 |      52 |    1 |   129 |      0 |      0 |          0 |
|               (inst)                                                                                  |                         design_1_axi_gemv_hp1_smc_0_sc_node_v1_0_17_top__parameterized0 |          3 |          3 |       0 |    0 |     1 |      0 |      0 |          0 |
|               inst_mi_handler                                                                         |                  design_1_axi_gemv_hp1_smc_0_sc_node_v1_0_17_mi_handler__parameterized0 |        114 |         62 |      52 |    0 |   110 |      0 |      0 |          0 |
|                 (inst_mi_handler)                                                                     |                  design_1_axi_gemv_hp1_smc_0_sc_node_v1_0_17_mi_handler__parameterized0 |          0 |          0 |       0 |    0 |     2 |      0 |      0 |          0 |
|                 gen_normal_area.gen_node_prog_full.inst_node_prog_full                                |                             design_1_axi_gemv_hp1_smc_0_sc_node_v1_0_17_fifo__xdcDup__2 |         36 |         36 |       0 |    0 |    21 |      0 |      0 |          0 |
|                   gen_xpm_memory_fifo.inst_fifo                                                       |                   design_1_axi_gemv_hp1_smc_0_sc_util_v1_0_4_xpm_memory_fifo__xdcDup__2 |         36 |         36 |       0 |    0 |    21 |      0 |      0 |          0 |
|                     (gen_xpm_memory_fifo.inst_fifo)                                                   |                   design_1_axi_gemv_hp1_smc_0_sc_util_v1_0_4_xpm_memory_fifo__xdcDup__2 |          4 |          4 |       0 |    0 |     3 |      0 |      0 |          0 |
|                     gen_mem_rep[0].inst_rd_addrb                                                      |                   design_1_axi_gemv_hp1_smc_0_sc_util_v1_0_4_counter__parameterized0_74 |          6 |          6 |       0 |    0 |     6 |      0 |      0 |          0 |
|                     gen_mem_rep[0].inst_wr_addra                                                      |                   design_1_axi_gemv_hp1_smc_0_sc_util_v1_0_4_counter__parameterized0_75 |          5 |          5 |       0 |    0 |     6 |      0 |      0 |          0 |
|                     gen_wr.inst_wr_addra_p1                                                           |                   design_1_axi_gemv_hp1_smc_0_sc_util_v1_0_4_counter__parameterized1_76 |         21 |         21 |       0 |    0 |     6 |      0 |      0 |          0 |
|                 gen_normal_area.inst_fifo_node_payld                                                  |                        design_1_axi_gemv_hp1_smc_0_sc_node_v1_0_17_fifo__parameterized0 |         79 |         27 |      52 |    0 |    85 |      0 |      0 |          0 |
|                   gen_xpm_memory_fifo.inst_fifo                                                       |              design_1_axi_gemv_hp1_smc_0_sc_util_v1_0_4_xpm_memory_fifo__parameterized0 |         79 |         27 |      52 |    0 |    85 |      0 |      0 |          0 |
|                     (gen_xpm_memory_fifo.inst_fifo)                                                   |              design_1_axi_gemv_hp1_smc_0_sc_util_v1_0_4_xpm_memory_fifo__parameterized0 |          4 |          4 |       0 |    0 |     3 |      0 |      0 |          0 |
|                     gen_mem_rep[0].inst_rd_addrb                                                      |                   design_1_axi_gemv_hp1_smc_0_sc_util_v1_0_4_counter__parameterized0_71 |          6 |          6 |       0 |    0 |     6 |      0 |      0 |          0 |
|                     gen_mem_rep[0].inst_wr_addra                                                      |                   design_1_axi_gemv_hp1_smc_0_sc_util_v1_0_4_counter__parameterized0_72 |          4 |          4 |       0 |    0 |     6 |      0 |      0 |          0 |
|                     gen_mem_rep[0].inst_xpm_memory                                                    |                        design_1_axi_gemv_hp1_smc_0_xpm_memory_sdpram__parameterized0__2 |         52 |          0 |      52 |    0 |    64 |      0 |      0 |          0 |
|                       xpm_memory_base_inst                                                            |                          design_1_axi_gemv_hp1_smc_0_xpm_memory_base__parameterized0__2 |         52 |          0 |      52 |    0 |    64 |      0 |      0 |          0 |
|                     gen_wr.inst_wr_addra_p1                                                           |                   design_1_axi_gemv_hp1_smc_0_sc_util_v1_0_4_counter__parameterized1_73 |         13 |         13 |       0 |    0 |     6 |      0 |      0 |          0 |
|                 inst_ingress                                                                          |                     design_1_axi_gemv_hp1_smc_0_sc_node_v1_0_17_ingress__parameterized0 |          0 |          0 |       0 |    0 |     2 |      0 |      0 |          0 |
|                   inst_pipeline_recv                                                                  |                     design_1_axi_gemv_hp1_smc_0_sc_util_v1_0_4_pipeline__parameterized4 |          0 |          0 |       0 |    0 |     1 |      0 |      0 |          0 |
|                   inst_pipeline_valid                                                                 |                  design_1_axi_gemv_hp1_smc_0_sc_util_v1_0_4_pipeline__parameterized3_70 |          0 |          0 |       0 |    0 |     1 |      0 |      0 |          0 |
|               inst_si_handler                                                                         |                  design_1_axi_gemv_hp1_smc_0_sc_node_v1_0_17_si_handler__parameterized0 |         21 |         20 |       0 |    1 |    15 |      0 |      0 |          0 |
|                 (inst_si_handler)                                                                     |                  design_1_axi_gemv_hp1_smc_0_sc_node_v1_0_17_si_handler__parameterized0 |          0 |          0 |       0 |    0 |     1 |      0 |      0 |          0 |
|                 gen_m_axis_arb_fifo.inst_axis_arb_fifo                                                |            design_1_axi_gemv_hp1_smc_0_sc_util_v1_0_4_axic_reg_srl_fifo__parameterized4 |         17 |         16 |       0 |    1 |     9 |      0 |      0 |          0 |
|                   (gen_m_axis_arb_fifo.inst_axis_arb_fifo)                                            |            design_1_axi_gemv_hp1_smc_0_sc_util_v1_0_4_axic_reg_srl_fifo__parameterized4 |         15 |         15 |       0 |    0 |     9 |      0 |      0 |          0 |
|                   gen_srls[1].srl_nx1                                                                 |                                   design_1_axi_gemv_hp1_smc_0_sc_util_v1_0_4_srl_rtl_69 |          3 |          2 |       0 |    1 |     0 |      0 |      0 |          0 |
|                 gen_si_handler.gen_arbiter_rr_normal_area.inst_arbiter                                |                                  design_1_axi_gemv_hp1_smc_0_sc_node_v1_0_17_arb_alg_rr |          2 |          2 |       0 |    0 |     2 |      0 |      0 |          0 |
|                 gen_si_handler.gen_request_counters.gen_req_counter[1].inst_req_counter               |                                      design_1_axi_gemv_hp1_smc_0_sc_util_v1_0_4_counter |          2 |          2 |       0 |    0 |     3 |      0 |      0 |          0 |
|               s_sc_xpm_cdc_async_rst_inst                                                             |                                       design_1_axi_gemv_hp1_smc_0_xpm_cdc_async_rst__24 |          1 |          1 |       0 |    0 |     3 |      0 |      0 |          0 |
|           m00_b_node                                                                                  |                                             design_1_axi_gemv_hp1_smc_0_bd_836e_m00bn_0 |         88 |         78 |      10 |    0 |    65 |      0 |      0 |          0 |
|             inst                                                                                      |                         design_1_axi_gemv_hp1_smc_0_sc_node_v1_0_17_top__parameterized1 |         88 |         78 |      10 |    0 |    65 |      0 |      0 |          0 |
|               (inst)                                                                                  |                         design_1_axi_gemv_hp1_smc_0_sc_node_v1_0_17_top__parameterized1 |          3 |          3 |       0 |    0 |     1 |      0 |      0 |          0 |
|               inst_mi_handler                                                                         |                  design_1_axi_gemv_hp1_smc_0_sc_node_v1_0_17_mi_handler__parameterized1 |         84 |         74 |      10 |    0 |    60 |      0 |      0 |          0 |
|                 (inst_mi_handler)                                                                     |                  design_1_axi_gemv_hp1_smc_0_sc_node_v1_0_17_mi_handler__parameterized1 |          0 |          0 |       0 |    0 |     2 |      0 |      0 |          0 |
|                 gen_normal_area.gen_fifo_req.inst_fifo_req                                            |             design_1_axi_gemv_hp1_smc_0_sc_node_v1_0_17_fifo__parameterized1__xdcDup__1 |         32 |         28 |       4 |    0 |    22 |      0 |      0 |          0 |
|                   gen_xpm_memory_fifo.inst_fifo                                                       |   design_1_axi_gemv_hp1_smc_0_sc_util_v1_0_4_xpm_memory_fifo__parameterized1__xdcDup__1 |         32 |         28 |       4 |    0 |    22 |      0 |      0 |          0 |
|                     (gen_xpm_memory_fifo.inst_fifo)                                                   |   design_1_axi_gemv_hp1_smc_0_sc_util_v1_0_4_xpm_memory_fifo__parameterized1__xdcDup__1 |          4 |          4 |       0 |    0 |     3 |      0 |      0 |          0 |
|                     gen_mem_rep[0].inst_rd_addrb                                                      |                   design_1_axi_gemv_hp1_smc_0_sc_util_v1_0_4_counter__parameterized0_66 |          6 |          6 |       0 |    0 |     6 |      0 |      0 |          0 |
|                     gen_mem_rep[0].inst_wr_addra                                                      |                   design_1_axi_gemv_hp1_smc_0_sc_util_v1_0_4_counter__parameterized0_67 |          5 |          5 |       0 |    0 |     6 |      0 |      0 |          0 |
|                     gen_mem_rep[0].inst_xpm_memory                                                    |                           design_1_axi_gemv_hp1_smc_0_xpm_memory_sdpram__parameterized1 |          4 |          0 |       4 |    0 |     1 |      0 |      0 |          0 |
|                       xpm_memory_base_inst                                                            |                             design_1_axi_gemv_hp1_smc_0_xpm_memory_base__parameterized1 |          4 |          0 |       4 |    0 |     1 |      0 |      0 |          0 |
|                     gen_wr.inst_wr_addra_p1                                                           |                   design_1_axi_gemv_hp1_smc_0_sc_util_v1_0_4_counter__parameterized1_68 |         14 |         14 |       0 |    0 |     6 |      0 |      0 |          0 |
|                 gen_normal_area.inst_fifo_node_payld                                                  |                        design_1_axi_gemv_hp1_smc_0_sc_node_v1_0_17_fifo__parameterized2 |         45 |         39 |       6 |    0 |    28 |      0 |      0 |          0 |
|                   gen_xpm_memory_fifo.inst_fifo                                                       |              design_1_axi_gemv_hp1_smc_0_sc_util_v1_0_4_xpm_memory_fifo__parameterized2 |         45 |         39 |       6 |    0 |    28 |      0 |      0 |          0 |
|                     (gen_xpm_memory_fifo.inst_fifo)                                                   |              design_1_axi_gemv_hp1_smc_0_sc_util_v1_0_4_xpm_memory_fifo__parameterized2 |          5 |          5 |       0 |    0 |     4 |      0 |      0 |          0 |
|                     gen_mem_rep[0].inst_rd_addrb                                                      |                   design_1_axi_gemv_hp1_smc_0_sc_util_v1_0_4_counter__parameterized0_63 |          6 |          6 |       0 |    0 |     6 |      0 |      0 |          0 |
|                     gen_mem_rep[0].inst_wr_addra                                                      |                   design_1_axi_gemv_hp1_smc_0_sc_util_v1_0_4_counter__parameterized0_64 |          5 |          5 |       0 |    0 |     6 |      0 |      0 |          0 |
|                     gen_mem_rep[0].inst_xpm_memory                                                    |                           design_1_axi_gemv_hp1_smc_0_xpm_memory_sdpram__parameterized2 |          6 |          0 |       6 |    0 |     6 |      0 |      0 |          0 |
|                       xpm_memory_base_inst                                                            |                             design_1_axi_gemv_hp1_smc_0_xpm_memory_base__parameterized2 |          6 |          0 |       6 |    0 |     6 |      0 |      0 |          0 |
|                     gen_wr.inst_wr_addra_p1                                                           |                   design_1_axi_gemv_hp1_smc_0_sc_util_v1_0_4_counter__parameterized1_65 |         23 |         23 |       0 |    0 |     6 |      0 |      0 |          0 |
|                 gen_normal_area.inst_fifo_send                                                        |               design_1_axi_gemv_hp1_smc_0_sc_node_v1_0_17_reg_slice3__parameterized0_62 |          8 |          8 |       0 |    0 |     8 |      0 |      0 |          0 |
|               inst_si_handler                                                                         |               design_1_axi_gemv_hp1_smc_0_sc_node_v1_0_17_si_handler__parameterized1_61 |          1 |          1 |       0 |    0 |     1 |      0 |      0 |          0 |
|               s_sc_xpm_cdc_async_rst_inst                                                             |                                       design_1_axi_gemv_hp1_smc_0_xpm_cdc_async_rst__22 |          1 |          1 |       0 |    0 |     3 |      0 |      0 |          0 |
|           m00_r_node                                                                                  |                                             design_1_axi_gemv_hp1_smc_0_bd_836e_m00rn_0 |        138 |         80 |      58 |    0 |   128 |      0 |      0 |          0 |
|             inst                                                                                      |                         design_1_axi_gemv_hp1_smc_0_sc_node_v1_0_17_top__parameterized2 |        138 |         80 |      58 |    0 |   128 |      0 |      0 |          0 |
|               (inst)                                                                                  |                         design_1_axi_gemv_hp1_smc_0_sc_node_v1_0_17_top__parameterized2 |          3 |          3 |       0 |    0 |     1 |      0 |      0 |          0 |
|               inst_mi_handler                                                                         |                  design_1_axi_gemv_hp1_smc_0_sc_node_v1_0_17_mi_handler__parameterized2 |        133 |         75 |      58 |    0 |   123 |      0 |      0 |          0 |
|                 (inst_mi_handler)                                                                     |                  design_1_axi_gemv_hp1_smc_0_sc_node_v1_0_17_mi_handler__parameterized2 |          0 |          0 |       0 |    0 |     2 |      0 |      0 |          0 |
|                 gen_normal_area.gen_fifo_req.inst_fifo_req                                            |                        design_1_axi_gemv_hp1_smc_0_sc_node_v1_0_17_fifo__parameterized1 |         33 |         29 |       4 |    0 |    22 |      0 |      0 |          0 |
|                   gen_xpm_memory_fifo.inst_fifo                                                       |              design_1_axi_gemv_hp1_smc_0_sc_util_v1_0_4_xpm_memory_fifo__parameterized1 |         33 |         29 |       4 |    0 |    22 |      0 |      0 |          0 |
|                     (gen_xpm_memory_fifo.inst_fifo)                                                   |              design_1_axi_gemv_hp1_smc_0_sc_util_v1_0_4_xpm_memory_fifo__parameterized1 |          5 |          5 |       0 |    0 |     3 |      0 |      0 |          0 |
|                     gen_mem_rep[0].inst_rd_addrb                                                      |                   design_1_axi_gemv_hp1_smc_0_sc_util_v1_0_4_counter__parameterized0_58 |          6 |          6 |       0 |    0 |     6 |      0 |      0 |          0 |
|                     gen_mem_rep[0].inst_wr_addra                                                      |                   design_1_axi_gemv_hp1_smc_0_sc_util_v1_0_4_counter__parameterized0_59 |          5 |          5 |       0 |    0 |     6 |      0 |      0 |          0 |
|                     gen_mem_rep[0].inst_xpm_memory                                                    |                        design_1_axi_gemv_hp1_smc_0_xpm_memory_sdpram__parameterized1__2 |          4 |          0 |       4 |    0 |     1 |      0 |      0 |          0 |
|                       xpm_memory_base_inst                                                            |                          design_1_axi_gemv_hp1_smc_0_xpm_memory_base__parameterized1__2 |          4 |          0 |       4 |    0 |     1 |      0 |      0 |          0 |
|                     gen_wr.inst_wr_addra_p1                                                           |                   design_1_axi_gemv_hp1_smc_0_sc_util_v1_0_4_counter__parameterized1_60 |         14 |         14 |       0 |    0 |     6 |      0 |      0 |          0 |
|                 gen_normal_area.inst_fifo_node_payld                                                  |                        design_1_axi_gemv_hp1_smc_0_sc_node_v1_0_17_fifo__parameterized3 |         93 |         39 |      54 |    0 |    91 |      0 |      0 |          0 |
|                   gen_xpm_memory_fifo.inst_fifo                                                       |              design_1_axi_gemv_hp1_smc_0_sc_util_v1_0_4_xpm_memory_fifo__parameterized3 |         93 |         39 |      54 |    0 |    91 |      0 |      0 |          0 |
|                     (gen_xpm_memory_fifo.inst_fifo)                                                   |              design_1_axi_gemv_hp1_smc_0_sc_util_v1_0_4_xpm_memory_fifo__parameterized3 |          5 |          5 |       0 |    0 |     4 |      0 |      0 |          0 |
|                     gen_mem_rep[0].inst_rd_addrb                                                      |                   design_1_axi_gemv_hp1_smc_0_sc_util_v1_0_4_counter__parameterized0_55 |          6 |          6 |       0 |    0 |     6 |      0 |      0 |          0 |
|                     gen_mem_rep[0].inst_wr_addra                                                      |                   design_1_axi_gemv_hp1_smc_0_sc_util_v1_0_4_counter__parameterized0_56 |          5 |          5 |       0 |    0 |     6 |      0 |      0 |          0 |
|                     gen_mem_rep[0].inst_xpm_memory                                                    |                           design_1_axi_gemv_hp1_smc_0_xpm_memory_sdpram__parameterized3 |         54 |          0 |      54 |    0 |    69 |      0 |      0 |          0 |
|                       xpm_memory_base_inst                                                            |                             design_1_axi_gemv_hp1_smc_0_xpm_memory_base__parameterized3 |         54 |          0 |      54 |    0 |    69 |      0 |      0 |          0 |
|                     gen_wr.inst_wr_addra_p1                                                           |                   design_1_axi_gemv_hp1_smc_0_sc_util_v1_0_4_counter__parameterized1_57 |         23 |         23 |       0 |    0 |     6 |      0 |      0 |          0 |
|                 gen_normal_area.inst_fifo_send                                                        |                  design_1_axi_gemv_hp1_smc_0_sc_node_v1_0_17_reg_slice3__parameterized0 |          8 |          8 |       0 |    0 |     8 |      0 |      0 |          0 |
|               inst_si_handler                                                                         |               design_1_axi_gemv_hp1_smc_0_sc_node_v1_0_17_si_handler__parameterized2_54 |          1 |          1 |       0 |    0 |     1 |      0 |      0 |          0 |
|               s_sc_xpm_cdc_async_rst_inst                                                             |                                       design_1_axi_gemv_hp1_smc_0_xpm_cdc_async_rst__20 |          1 |          1 |       0 |    0 |     3 |      0 |      0 |          0 |
|           m00_w_node                                                                                  |                                             design_1_axi_gemv_hp1_smc_0_bd_836e_m00wn_0 |        133 |         79 |      54 |    0 |   134 |      0 |      0 |          0 |
|             inst                                                                                      |                         design_1_axi_gemv_hp1_smc_0_sc_node_v1_0_17_top__parameterized3 |        133 |         79 |      54 |    0 |   134 |      0 |      0 |          0 |
|               (inst)                                                                                  |                         design_1_axi_gemv_hp1_smc_0_sc_node_v1_0_17_top__parameterized3 |          3 |          3 |       0 |    0 |     1 |      0 |      0 |          0 |
|               inst_mi_handler                                                                         |                  design_1_axi_gemv_hp1_smc_0_sc_node_v1_0_17_mi_handler__parameterized3 |        112 |         60 |      52 |    0 |   117 |      0 |      0 |          0 |
|                 (inst_mi_handler)                                                                     |                  design_1_axi_gemv_hp1_smc_0_sc_node_v1_0_17_mi_handler__parameterized3 |          0 |          0 |       0 |    0 |     2 |      0 |      0 |          0 |
|                 gen_normal_area.gen_node_prog_full.inst_node_prog_full                                |                             design_1_axi_gemv_hp1_smc_0_sc_node_v1_0_17_fifo__xdcDup__3 |         35 |         35 |       0 |    0 |    21 |      0 |      0 |          0 |
|                   gen_xpm_memory_fifo.inst_fifo                                                       |                   design_1_axi_gemv_hp1_smc_0_sc_util_v1_0_4_xpm_memory_fifo__xdcDup__3 |         35 |         35 |       0 |    0 |    21 |      0 |      0 |          0 |
|                     (gen_xpm_memory_fifo.inst_fifo)                                                   |                   design_1_axi_gemv_hp1_smc_0_sc_util_v1_0_4_xpm_memory_fifo__xdcDup__3 |          6 |          6 |       0 |    0 |     3 |      0 |      0 |          0 |
|                     gen_mem_rep[0].inst_rd_addrb                                                      |                   design_1_axi_gemv_hp1_smc_0_sc_util_v1_0_4_counter__parameterized0_51 |          6 |          6 |       0 |    0 |     6 |      0 |      0 |          0 |
|                     gen_mem_rep[0].inst_wr_addra                                                      |                   design_1_axi_gemv_hp1_smc_0_sc_util_v1_0_4_counter__parameterized0_52 |          4 |          4 |       0 |    0 |     6 |      0 |      0 |          0 |
|                     gen_wr.inst_wr_addra_p1                                                           |                   design_1_axi_gemv_hp1_smc_0_sc_util_v1_0_4_counter__parameterized1_53 |         19 |         19 |       0 |    0 |     6 |      0 |      0 |          0 |
|                 gen_normal_area.inst_fifo_node_payld                                                  |                        design_1_axi_gemv_hp1_smc_0_sc_node_v1_0_17_fifo__parameterized5 |         78 |         26 |      52 |    0 |    93 |      0 |      0 |          0 |
|                   gen_xpm_memory_fifo.inst_fifo                                                       |              design_1_axi_gemv_hp1_smc_0_sc_util_v1_0_4_xpm_memory_fifo__parameterized5 |         78 |         26 |      52 |    0 |    93 |      0 |      0 |          0 |
|                     (gen_xpm_memory_fifo.inst_fifo)                                                   |              design_1_axi_gemv_hp1_smc_0_sc_util_v1_0_4_xpm_memory_fifo__parameterized5 |          4 |          4 |       0 |    0 |     3 |      0 |      0 |          0 |
|                     gen_mem_rep[0].inst_rd_addrb                                                      |                   design_1_axi_gemv_hp1_smc_0_sc_util_v1_0_4_counter__parameterized0_48 |          6 |          6 |       0 |    0 |     6 |      0 |      0 |          0 |
|                     gen_mem_rep[0].inst_wr_addra                                                      |                   design_1_axi_gemv_hp1_smc_0_sc_util_v1_0_4_counter__parameterized0_49 |          4 |          4 |       0 |    0 |     6 |      0 |      0 |          0 |
|                     gen_mem_rep[0].inst_xpm_memory                                                    |                           design_1_axi_gemv_hp1_smc_0_xpm_memory_sdpram__parameterized5 |         52 |          0 |      52 |    0 |    72 |      0 |      0 |          0 |
|                       xpm_memory_base_inst                                                            |                             design_1_axi_gemv_hp1_smc_0_xpm_memory_base__parameterized5 |         52 |          0 |      52 |    0 |    72 |      0 |      0 |          0 |
|                     gen_wr.inst_wr_addra_p1                                                           |                   design_1_axi_gemv_hp1_smc_0_sc_util_v1_0_4_counter__parameterized1_50 |         12 |         12 |       0 |    0 |     6 |      0 |      0 |          0 |
|                 inst_ingress                                                                          |                     design_1_axi_gemv_hp1_smc_0_sc_node_v1_0_17_ingress__parameterized3 |          0 |          0 |       0 |    0 |     1 |      0 |      0 |          0 |
|                   inst_pipeline_valid                                                                 |                  design_1_axi_gemv_hp1_smc_0_sc_util_v1_0_4_pipeline__parameterized3_47 |          0 |          0 |       0 |    0 |     1 |      0 |      0 |          0 |
|               inst_si_handler                                                                         |                  design_1_axi_gemv_hp1_smc_0_sc_node_v1_0_17_si_handler__parameterized3 |         17 |         15 |       2 |    0 |    13 |      0 |      0 |          0 |
|                 (inst_si_handler)                                                                     |                  design_1_axi_gemv_hp1_smc_0_sc_node_v1_0_17_si_handler__parameterized3 |          0 |          0 |       0 |    0 |     1 |      0 |      0 |          0 |
|                 gen_si_handler.gen_axis_packet_slave_normal_area.inst_allow_transfer_late             |                  design_1_axi_gemv_hp1_smc_0_sc_util_v1_0_4_pipeline__parameterized3_45 |          2 |          2 |       0 |    0 |     1 |      0 |      0 |          0 |
|                 gen_si_handler.gen_request_fifos.gen_req_fifo[1].inst_req_fifo                        |                        design_1_axi_gemv_hp1_smc_0_sc_node_v1_0_17_fifo__parameterized4 |         15 |         13 |       2 |    0 |    11 |      0 |      0 |          0 |
|                   gen_xpm_memory_fifo.inst_fifo                                                       |              design_1_axi_gemv_hp1_smc_0_sc_util_v1_0_4_xpm_memory_fifo__parameterized4 |         15 |         13 |       2 |    0 |    11 |      0 |      0 |          0 |
|                     (gen_xpm_memory_fifo.inst_fifo)                                                   |              design_1_axi_gemv_hp1_smc_0_sc_util_v1_0_4_xpm_memory_fifo__parameterized4 |          3 |          3 |       0 |    0 |     2 |      0 |      0 |          0 |
|                     gen_mem_rep[0].inst_rd_addrb                                                      |                      design_1_axi_gemv_hp1_smc_0_sc_util_v1_0_4_counter__parameterized3 |          2 |          2 |       0 |    0 |     3 |      0 |      0 |          0 |
|                     gen_mem_rep[0].inst_wr_addra                                                      |                   design_1_axi_gemv_hp1_smc_0_sc_util_v1_0_4_counter__parameterized3_46 |          2 |          2 |       0 |    0 |     3 |      0 |      0 |          0 |
|                     gen_mem_rep[0].inst_xpm_memory                                                    |                        design_1_axi_gemv_hp1_smc_0_xpm_memory_sdpram__parameterized4__2 |          2 |          0 |       2 |    0 |     0 |      0 |      0 |          0 |
|                       xpm_memory_base_inst                                                            |                          design_1_axi_gemv_hp1_smc_0_xpm_memory_base__parameterized4__2 |          2 |          0 |       2 |    0 |     0 |      0 |      0 |          0 |
|                     gen_wr.inst_wr_addra_p1                                                           |                      design_1_axi_gemv_hp1_smc_0_sc_util_v1_0_4_counter__parameterized4 |          6 |          6 |       0 |    0 |     3 |      0 |      0 |          0 |
|               s_sc_xpm_cdc_async_rst_inst                                                             |                                       design_1_axi_gemv_hp1_smc_0_xpm_cdc_async_rst__18 |          1 |          1 |       0 |    0 |     3 |      0 |      0 |          0 |
|         m00_sc2axi                                                                                    |                                            design_1_axi_gemv_hp1_smc_0_bd_836e_m00s2a_0 |          0 |          0 |       0 |    0 |     0 |      0 |      0 |          0 |
|           inst                                                                                        |                                       design_1_axi_gemv_hp1_smc_0_sc_sc2axi_v1_0_10_top |          0 |          0 |       0 |    0 |     0 |      0 |      0 |          0 |
|         s00_axi2sc                                                                                    |                                            design_1_axi_gemv_hp1_smc_0_bd_836e_s00a2s_0 |          0 |          0 |       0 |    0 |     0 |      0 |      0 |          0 |
|           inst                                                                                        |                                       design_1_axi_gemv_hp1_smc_0_sc_axi2sc_v1_0_10_top |          0 |          0 |       0 |    0 |     0 |      0 |      0 |          0 |
|         s00_entry_pipeline                                                                            |                              design_1_axi_gemv_hp1_smc_0_s00_entry_pipeline_imp_1WLU9ON |        150 |        150 |       0 |    0 |   268 |      0 |      0 |          0 |
|           s00_mmu                                                                                     |                                            design_1_axi_gemv_hp1_smc_0_bd_836e_s00mmu_0 |        140 |        140 |       0 |    0 |   264 |      0 |      0 |          0 |
|             inst                                                                                      |                                          design_1_axi_gemv_hp1_smc_0_sc_mmu_v1_0_14_top |        140 |        140 |       0 |    0 |   264 |      0 |      0 |          0 |
|               (inst)                                                                                  |                                          design_1_axi_gemv_hp1_smc_0_sc_mmu_v1_0_14_top |          3 |          3 |       0 |    0 |    10 |      0 |      0 |          0 |
|               ar_reg_stall                                                                            |                             design_1_axi_gemv_hp1_smc_0_sc_util_v1_0_4_axi_reg_stall_41 |         35 |         35 |       0 |    0 |    82 |      0 |      0 |          0 |
|               ar_sreg                                                                                 |                             design_1_axi_gemv_hp1_smc_0_sc_util_v1_0_4_axi_reg_stall_42 |         42 |         42 |       0 |    0 |    84 |      0 |      0 |          0 |
|               gen_endpoint.decerr_slave_inst                                                          |                              design_1_axi_gemv_hp1_smc_0_sc_mmu_v1_0_14_decerr_slave_43 |         19 |         19 |       0 |    0 |    11 |      0 |      0 |          0 |
|               r_sreg                                                                                  |                             design_1_axi_gemv_hp1_smc_0_sc_util_v1_0_4_axi_reg_stall_44 |         41 |         41 |       0 |    0 |    74 |      0 |      0 |          0 |
|               xpm_cdc_async_rst_inst                                                                  |                                        design_1_axi_gemv_hp1_smc_0_xpm_cdc_async_rst__2 |          1 |          1 |       0 |    0 |     3 |      0 |      0 |          0 |
|           s00_si_converter                                                                            |                                            design_1_axi_gemv_hp1_smc_0_bd_836e_s00sic_0 |         12 |         12 |       0 |    0 |     4 |      0 |      0 |          0 |
|             inst                                                                                      |                                 design_1_axi_gemv_hp1_smc_0_sc_si_converter_v1_0_14_top |         12 |         12 |       0 |    0 |     4 |      0 |      0 |          0 |
|               (inst)                                                                                  |                                 design_1_axi_gemv_hp1_smc_0_sc_si_converter_v1_0_14_top |         11 |         11 |       0 |    0 |     1 |      0 |      0 |          0 |
|               xpm_cdc_async_rst_inst                                                                  |                                        design_1_axi_gemv_hp1_smc_0_xpm_cdc_async_rst__4 |          1 |          1 |       0 |    0 |     3 |      0 |      0 |          0 |
|           s00_transaction_regulator                                                                   |                                             design_1_axi_gemv_hp1_smc_0_bd_836e_s00tr_0 |          0 |          0 |       0 |    0 |     0 |      0 |      0 |          0 |
|             inst                                                                                      |                        design_1_axi_gemv_hp1_smc_0_sc_transaction_regulator_v1_0_11_top |          0 |          0 |       0 |    0 |     0 |      0 |      0 |          0 |
|         s00_nodes                                                                                     |                                       design_1_axi_gemv_hp1_smc_0_s00_nodes_imp_1QZ7K4D |        279 |        177 |     102 |    0 |   254 |      0 |      0 |          0 |
|           s00_ar_node                                                                                 |                                              design_1_axi_gemv_hp1_smc_0_bd_836e_sarn_0 |        128 |         74 |      54 |    0 |   132 |      0 |      0 |          0 |
|             inst                                                                                      |                         design_1_axi_gemv_hp1_smc_0_sc_node_v1_0_17_top__parameterized4 |        128 |         74 |      54 |    0 |   132 |      0 |      0 |          0 |
|               (inst)                                                                                  |                         design_1_axi_gemv_hp1_smc_0_sc_node_v1_0_17_top__parameterized4 |          3 |          3 |       0 |    0 |     1 |      0 |      0 |          0 |
|               inst_mi_handler                                                                         |                  design_1_axi_gemv_hp1_smc_0_sc_node_v1_0_17_mi_handler__parameterized4 |        124 |         70 |      54 |    0 |   127 |      0 |      0 |          0 |
|                 (inst_mi_handler)                                                                     |                  design_1_axi_gemv_hp1_smc_0_sc_node_v1_0_17_mi_handler__parameterized4 |          0 |          0 |       0 |    0 |     2 |      0 |      0 |          0 |
|                 gen_normal_area.gen_fifo_req.inst_fifo_req                                            |             design_1_axi_gemv_hp1_smc_0_sc_node_v1_0_17_fifo__parameterized6__xdcDup__1 |         26 |         26 |       0 |    0 |    20 |      0 |      0 |          0 |
|                   gen_xpm_memory_fifo.inst_fifo                                                       |   design_1_axi_gemv_hp1_smc_0_sc_util_v1_0_4_xpm_memory_fifo__parameterized6__xdcDup__1 |         26 |         26 |       0 |    0 |    20 |      0 |      0 |          0 |
|                     (gen_xpm_memory_fifo.inst_fifo)                                                   |   design_1_axi_gemv_hp1_smc_0_sc_util_v1_0_4_xpm_memory_fifo__parameterized6__xdcDup__1 |          4 |          4 |       0 |    0 |     2 |      0 |      0 |          0 |
|                     gen_mem_rep[0].inst_rd_addrb                                                      |                   design_1_axi_gemv_hp1_smc_0_sc_util_v1_0_4_counter__parameterized0_38 |          6 |          6 |       0 |    0 |     6 |      0 |      0 |          0 |
|                     gen_mem_rep[0].inst_wr_addra                                                      |                   design_1_axi_gemv_hp1_smc_0_sc_util_v1_0_4_counter__parameterized0_39 |          5 |          5 |       0 |    0 |     6 |      0 |      0 |          0 |
|                     gen_wr.inst_wr_addra_p1                                                           |                   design_1_axi_gemv_hp1_smc_0_sc_util_v1_0_4_counter__parameterized1_40 |         12 |         12 |       0 |    0 |     6 |      0 |      0 |          0 |
|                 gen_normal_area.inst_fifo_node_payld                                                  |             design_1_axi_gemv_hp1_smc_0_sc_node_v1_0_17_fifo__parameterized7__xdcDup__1 |         93 |         39 |      54 |    0 |   101 |      0 |      0 |          0 |
|                   gen_xpm_memory_fifo.inst_fifo                                                       |   design_1_axi_gemv_hp1_smc_0_sc_util_v1_0_4_xpm_memory_fifo__parameterized7__xdcDup__1 |         93 |         39 |      54 |    0 |   101 |      0 |      0 |          0 |
|                     (gen_xpm_memory_fifo.inst_fifo)                                                   |   design_1_axi_gemv_hp1_smc_0_sc_util_v1_0_4_xpm_memory_fifo__parameterized7__xdcDup__1 |          5 |          5 |       0 |    0 |     4 |      0 |      0 |          0 |
|                     gen_mem_rep[0].inst_rd_addrb                                                      |                   design_1_axi_gemv_hp1_smc_0_sc_util_v1_0_4_counter__parameterized0_35 |          6 |          6 |       0 |    0 |     6 |      0 |      0 |          0 |
|                     gen_mem_rep[0].inst_wr_addra                                                      |                   design_1_axi_gemv_hp1_smc_0_sc_util_v1_0_4_counter__parameterized0_36 |          5 |          5 |       0 |    0 |     6 |      0 |      0 |          0 |
|                     gen_mem_rep[0].inst_xpm_memory                                                    |                           design_1_axi_gemv_hp1_smc_0_xpm_memory_sdpram__parameterized7 |         54 |          0 |      54 |    0 |    79 |      0 |      0 |          0 |
|                       xpm_memory_base_inst                                                            |                             design_1_axi_gemv_hp1_smc_0_xpm_memory_base__parameterized7 |         54 |          0 |      54 |    0 |    79 |      0 |      0 |          0 |
|                     gen_wr.inst_wr_addra_p1                                                           |                   design_1_axi_gemv_hp1_smc_0_sc_util_v1_0_4_counter__parameterized1_37 |         23 |         23 |       0 |    0 |     6 |      0 |      0 |          0 |
|                 gen_normal_area.inst_fifo_send                                                        |               design_1_axi_gemv_hp1_smc_0_sc_node_v1_0_17_reg_slice3__parameterized1_34 |          5 |          5 |       0 |    0 |     4 |      0 |      0 |          0 |
|               inst_si_handler                                                                         |                  design_1_axi_gemv_hp1_smc_0_sc_node_v1_0_17_si_handler__parameterized4 |          1 |          1 |       0 |    0 |     1 |      0 |      0 |          0 |
|               s_sc_xpm_cdc_async_rst_inst                                                             |                                       design_1_axi_gemv_hp1_smc_0_xpm_cdc_async_rst__16 |          1 |          1 |       0 |    0 |     3 |      0 |      0 |          0 |
|           s00_r_node                                                                                  |                                               design_1_axi_gemv_hp1_smc_0_bd_836e_srn_0 |        151 |        103 |      48 |    0 |   122 |      0 |      0 |          0 |
|             inst                                                                                      |                         design_1_axi_gemv_hp1_smc_0_sc_node_v1_0_17_top__parameterized5 |        151 |        103 |      48 |    0 |   122 |      0 |      0 |          0 |
|               (inst)                                                                                  |                         design_1_axi_gemv_hp1_smc_0_sc_node_v1_0_17_top__parameterized5 |          3 |          3 |       0 |    0 |     1 |      0 |      0 |          0 |
|               inst_mi_handler                                                                         |                  design_1_axi_gemv_hp1_smc_0_sc_node_v1_0_17_mi_handler__parameterized5 |        146 |         98 |      48 |    0 |   117 |      0 |      0 |          0 |
|                 (inst_mi_handler)                                                                     |                  design_1_axi_gemv_hp1_smc_0_sc_node_v1_0_17_mi_handler__parameterized5 |          0 |          0 |       0 |    0 |     2 |      0 |      0 |          0 |
|                 gen_normal_area.gen_downsizer.inst_downsizer                                          |                                   design_1_axi_gemv_hp1_smc_0_sc_node_v1_0_17_downsizer |          2 |          2 |       0 |    0 |     3 |      0 |      0 |          0 |
|                 gen_normal_area.gen_node_prog_full.inst_node_prog_full                                |                             design_1_axi_gemv_hp1_smc_0_sc_node_v1_0_17_fifo__xdcDup__4 |         34 |         34 |       0 |    0 |    21 |      0 |      0 |          0 |
|                   gen_xpm_memory_fifo.inst_fifo                                                       |                   design_1_axi_gemv_hp1_smc_0_sc_util_v1_0_4_xpm_memory_fifo__xdcDup__4 |         34 |         34 |       0 |    0 |    21 |      0 |      0 |          0 |
|                     (gen_xpm_memory_fifo.inst_fifo)                                                   |                   design_1_axi_gemv_hp1_smc_0_sc_util_v1_0_4_xpm_memory_fifo__xdcDup__4 |          5 |          5 |       0 |    0 |     3 |      0 |      0 |          0 |
|                     gen_mem_rep[0].inst_rd_addrb                                                      |                   design_1_axi_gemv_hp1_smc_0_sc_util_v1_0_4_counter__parameterized0_31 |          4 |          4 |       0 |    0 |     6 |      0 |      0 |          0 |
|                     gen_mem_rep[0].inst_wr_addra                                                      |                   design_1_axi_gemv_hp1_smc_0_sc_util_v1_0_4_counter__parameterized0_32 |          5 |          5 |       0 |    0 |     6 |      0 |      0 |          0 |
|                     gen_wr.inst_wr_addra_p1                                                           |                   design_1_axi_gemv_hp1_smc_0_sc_util_v1_0_4_counter__parameterized1_33 |         20 |         20 |       0 |    0 |     6 |      0 |      0 |          0 |
|                 gen_normal_area.inst_fifo_node_payld                                                  |                        design_1_axi_gemv_hp1_smc_0_sc_node_v1_0_17_fifo__parameterized8 |        110 |         62 |      48 |    0 |    90 |      0 |      0 |          0 |
|                   gen_xpm_memory_fifo.inst_fifo                                                       |              design_1_axi_gemv_hp1_smc_0_sc_util_v1_0_4_xpm_memory_fifo__parameterized8 |        110 |         62 |      48 |    0 |    90 |      0 |      0 |          0 |
|                     (gen_xpm_memory_fifo.inst_fifo)                                                   |              design_1_axi_gemv_hp1_smc_0_sc_util_v1_0_4_xpm_memory_fifo__parameterized8 |         38 |         38 |       0 |    0 |     3 |      0 |      0 |          0 |
|                     gen_mem_rep[0].inst_rd_addrb                                                      |                   design_1_axi_gemv_hp1_smc_0_sc_util_v1_0_4_counter__parameterized0_28 |          6 |          6 |       0 |    0 |     6 |      0 |      0 |          0 |
|                     gen_mem_rep[0].inst_wr_addra                                                      |                   design_1_axi_gemv_hp1_smc_0_sc_util_v1_0_4_counter__parameterized0_29 |          4 |          4 |       0 |    0 |     6 |      0 |      0 |          0 |
|                     gen_mem_rep[0].inst_xpm_memory                                                    |                           design_1_axi_gemv_hp1_smc_0_xpm_memory_sdpram__parameterized8 |         48 |          0 |      48 |    0 |    69 |      0 |      0 |          0 |
|                       xpm_memory_base_inst                                                            |                             design_1_axi_gemv_hp1_smc_0_xpm_memory_base__parameterized8 |         48 |          0 |      48 |    0 |    69 |      0 |      0 |          0 |
|                     gen_wr.inst_wr_addra_p1                                                           |                   design_1_axi_gemv_hp1_smc_0_sc_util_v1_0_4_counter__parameterized1_30 |         14 |         14 |       0 |    0 |     6 |      0 |      0 |          0 |
|                 inst_ingress                                                                          |                     design_1_axi_gemv_hp1_smc_0_sc_node_v1_0_17_ingress__parameterized5 |          0 |          0 |       0 |    0 |     1 |      0 |      0 |          0 |
|                   inst_pipeline_valid                                                                 |                  design_1_axi_gemv_hp1_smc_0_sc_util_v1_0_4_pipeline__parameterized3_27 |          0 |          0 |       0 |    0 |     1 |      0 |      0 |          0 |
|               inst_si_handler                                                                         |                  design_1_axi_gemv_hp1_smc_0_sc_node_v1_0_17_si_handler__parameterized2 |          1 |          1 |       0 |    0 |     1 |      0 |      0 |          0 |
|               s_sc_xpm_cdc_async_rst_inst                                                             |                                       design_1_axi_gemv_hp1_smc_0_xpm_cdc_async_rst__14 |          1 |          1 |       0 |    0 |     3 |      0 |      0 |          0 |
|         s01_axi2sc                                                                                    |                                            design_1_axi_gemv_hp1_smc_0_bd_836e_s01a2s_0 |          0 |          0 |       0 |    0 |     0 |      0 |      0 |          0 |
|           inst                                                                                        |                                    design_1_axi_gemv_hp1_smc_0_sc_axi2sc_v1_0_10_top__1 |          0 |          0 |       0 |    0 |     0 |      0 |      0 |          0 |
|         s01_entry_pipeline                                                                            |                               design_1_axi_gemv_hp1_smc_0_s01_entry_pipeline_imp_U0OLLF |        183 |        176 |       0 |    7 |   304 |      0 |      0 |          0 |
|           s01_mmu                                                                                     |                                            design_1_axi_gemv_hp1_smc_0_bd_836e_s01mmu_0 |        132 |        132 |       0 |    0 |   284 |      0 |      0 |          0 |
|             inst                                                                                      |                          design_1_axi_gemv_hp1_smc_0_sc_mmu_v1_0_14_top__parameterized0 |        132 |        132 |       0 |    0 |   284 |      0 |      0 |          0 |
|               (inst)                                                                                  |                          design_1_axi_gemv_hp1_smc_0_sc_mmu_v1_0_14_top__parameterized0 |          5 |          5 |       0 |    0 |    19 |      0 |      0 |          0 |
|               aw_reg_stall                                                                            |                                design_1_axi_gemv_hp1_smc_0_sc_util_v1_0_4_axi_reg_stall |         39 |         39 |       0 |    0 |    84 |      0 |      0 |          0 |
|               aw_sreg                                                                                 |                             design_1_axi_gemv_hp1_smc_0_sc_util_v1_0_4_axi_reg_stall_24 |         41 |         41 |       0 |    0 |    86 |      0 |      0 |          0 |
|               b_sreg                                                                                  |                             design_1_axi_gemv_hp1_smc_0_sc_util_v1_0_4_axi_reg_stall_25 |          9 |          9 |       0 |    0 |     8 |      0 |      0 |          0 |
|               gen_endpoint.decerr_slave_inst                                                          |                                 design_1_axi_gemv_hp1_smc_0_sc_mmu_v1_0_14_decerr_slave |          9 |          9 |       0 |    0 |     6 |      0 |      0 |          0 |
|               w_sreg                                                                                  |                             design_1_axi_gemv_hp1_smc_0_sc_util_v1_0_4_axi_reg_stall_26 |         28 |         28 |       0 |    0 |    78 |      0 |      0 |          0 |
|               xpm_cdc_async_rst_inst                                                                  |                                        design_1_axi_gemv_hp1_smc_0_xpm_cdc_async_rst__5 |          1 |          1 |       0 |    0 |     3 |      0 |      0 |          0 |
|           s01_si_converter                                                                            |                                            design_1_axi_gemv_hp1_smc_0_bd_836e_s01sic_0 |         51 |         44 |       0 |    7 |    20 |      0 |      0 |          0 |
|             inst                                                                                      |                 design_1_axi_gemv_hp1_smc_0_sc_si_converter_v1_0_14_top__parameterized0 |         51 |         44 |       0 |    7 |    20 |      0 |      0 |          0 |
|               (inst)                                                                                  |                 design_1_axi_gemv_hp1_smc_0_sc_si_converter_v1_0_14_top__parameterized0 |          5 |          5 |       0 |    0 |     1 |      0 |      0 |          0 |
|               gen_normal.splitter_inst                                                                |                            design_1_axi_gemv_hp1_smc_0_sc_si_converter_v1_0_14_splitter |         45 |         38 |       0 |    7 |    16 |      0 |      0 |          0 |
|                 (gen_normal.splitter_inst)                                                            |                            design_1_axi_gemv_hp1_smc_0_sc_si_converter_v1_0_14_splitter |          0 |          0 |       0 |    0 |     1 |      0 |      0 |          0 |
|                 gen_no_wsplitter.gen_endpoint_woffset.gen_wbypass_offset_fifo.wbypass_offset_fifo     |            design_1_axi_gemv_hp1_smc_0_sc_util_v1_0_4_axic_reg_srl_fifo__parameterized5 |         45 |         38 |       0 |    7 |    15 |      0 |      0 |          0 |
|                   (gen_no_wsplitter.gen_endpoint_woffset.gen_wbypass_offset_fifo.wbypass_offset_fifo) |            design_1_axi_gemv_hp1_smc_0_sc_util_v1_0_4_axic_reg_srl_fifo__parameterized5 |         24 |         24 |       0 |    0 |    15 |      0 |      0 |          0 |
|                   gen_srls[0].srl_nx1                                                                 |                                      design_1_axi_gemv_hp1_smc_0_sc_util_v1_0_4_srl_rtl |          2 |          1 |       0 |    1 |     0 |      0 |      0 |          0 |
|                   gen_srls[2].srl_nx1                                                                 |                                   design_1_axi_gemv_hp1_smc_0_sc_util_v1_0_4_srl_rtl_18 |          2 |          1 |       0 |    1 |     0 |      0 |      0 |          0 |
|                   gen_srls[4].srl_nx1                                                                 |                                   design_1_axi_gemv_hp1_smc_0_sc_util_v1_0_4_srl_rtl_19 |          2 |          1 |       0 |    1 |     0 |      0 |      0 |          0 |
|                   gen_srls[5].srl_nx1                                                                 |                                   design_1_axi_gemv_hp1_smc_0_sc_util_v1_0_4_srl_rtl_20 |          2 |          1 |       0 |    1 |     0 |      0 |      0 |          0 |
|                   gen_srls[6].srl_nx1                                                                 |                                   design_1_axi_gemv_hp1_smc_0_sc_util_v1_0_4_srl_rtl_21 |          9 |          8 |       0 |    1 |     0 |      0 |      0 |          0 |
|                   gen_srls[7].srl_nx1                                                                 |                                   design_1_axi_gemv_hp1_smc_0_sc_util_v1_0_4_srl_rtl_22 |          2 |          1 |       0 |    1 |     0 |      0 |      0 |          0 |
|                   gen_srls[9].srl_nx1                                                                 |                                   design_1_axi_gemv_hp1_smc_0_sc_util_v1_0_4_srl_rtl_23 |          3 |          2 |       0 |    1 |     0 |      0 |      0 |          0 |
|               xpm_cdc_async_rst_inst                                                                  |                                        design_1_axi_gemv_hp1_smc_0_xpm_cdc_async_rst__7 |          1 |          1 |       0 |    0 |     3 |      0 |      0 |          0 |
|           s01_transaction_regulator                                                                   |                                             design_1_axi_gemv_hp1_smc_0_bd_836e_s01tr_0 |          0 |          0 |       0 |    0 |     0 |      0 |      0 |          0 |
|             inst                                                                                      |        design_1_axi_gemv_hp1_smc_0_sc_transaction_regulator_v1_0_11_top__parameterized0 |          0 |          0 |       0 |    0 |     0 |      0 |      0 |          0 |
|         s01_nodes                                                                                     |                                        design_1_axi_gemv_hp1_smc_0_s01_nodes_imp_ZI5YWB |        333 |        219 |     114 |    0 |   396 |      0 |      0 |          0 |
|           s01_aw_node                                                                                 |                                              design_1_axi_gemv_hp1_smc_0_bd_836e_sawn_0 |        124 |         74 |      50 |    0 |   126 |      0 |      0 |          0 |
|             inst                                                                                      |                         design_1_axi_gemv_hp1_smc_0_sc_node_v1_0_17_top__parameterized6 |        124 |         74 |      50 |    0 |   126 |      0 |      0 |          0 |
|               (inst)                                                                                  |                         design_1_axi_gemv_hp1_smc_0_sc_node_v1_0_17_top__parameterized6 |          3 |          3 |       0 |    0 |     1 |      0 |      0 |          0 |
|               inst_mi_handler                                                                         |                  design_1_axi_gemv_hp1_smc_0_sc_node_v1_0_17_mi_handler__parameterized6 |        120 |         70 |      50 |    0 |   121 |      0 |      0 |          0 |
|                 (inst_mi_handler)                                                                     |                  design_1_axi_gemv_hp1_smc_0_sc_node_v1_0_17_mi_handler__parameterized6 |          0 |          0 |       0 |    0 |     2 |      0 |      0 |          0 |
|                 gen_normal_area.gen_fifo_req.inst_fifo_req                                            |                        design_1_axi_gemv_hp1_smc_0_sc_node_v1_0_17_fifo__parameterized6 |         26 |         26 |       0 |    0 |    20 |      0 |      0 |          0 |
|                   gen_xpm_memory_fifo.inst_fifo                                                       |              design_1_axi_gemv_hp1_smc_0_sc_util_v1_0_4_xpm_memory_fifo__parameterized6 |         26 |         26 |       0 |    0 |    20 |      0 |      0 |          0 |
|                     (gen_xpm_memory_fifo.inst_fifo)                                                   |              design_1_axi_gemv_hp1_smc_0_sc_util_v1_0_4_xpm_memory_fifo__parameterized6 |          4 |          4 |       0 |    0 |     2 |      0 |      0 |          0 |
|                     gen_mem_rep[0].inst_rd_addrb                                                      |                   design_1_axi_gemv_hp1_smc_0_sc_util_v1_0_4_counter__parameterized0_15 |          6 |          6 |       0 |    0 |     6 |      0 |      0 |          0 |
|                     gen_mem_rep[0].inst_wr_addra                                                      |                   design_1_axi_gemv_hp1_smc_0_sc_util_v1_0_4_counter__parameterized0_16 |          5 |          5 |       0 |    0 |     6 |      0 |      0 |          0 |
|                     gen_wr.inst_wr_addra_p1                                                           |                   design_1_axi_gemv_hp1_smc_0_sc_util_v1_0_4_counter__parameterized1_17 |         12 |         12 |       0 |    0 |     6 |      0 |      0 |          0 |
|                 gen_normal_area.inst_fifo_node_payld                                                  |                        design_1_axi_gemv_hp1_smc_0_sc_node_v1_0_17_fifo__parameterized7 |         89 |         39 |      50 |    0 |    95 |      0 |      0 |          0 |
|                   gen_xpm_memory_fifo.inst_fifo                                                       |              design_1_axi_gemv_hp1_smc_0_sc_util_v1_0_4_xpm_memory_fifo__parameterized7 |         89 |         39 |      50 |    0 |    95 |      0 |      0 |          0 |
|                     (gen_xpm_memory_fifo.inst_fifo)                                                   |              design_1_axi_gemv_hp1_smc_0_sc_util_v1_0_4_xpm_memory_fifo__parameterized7 |          5 |          5 |       0 |    0 |     4 |      0 |      0 |          0 |
|                     gen_mem_rep[0].inst_rd_addrb                                                      |                   design_1_axi_gemv_hp1_smc_0_sc_util_v1_0_4_counter__parameterized0_12 |          6 |          6 |       0 |    0 |     6 |      0 |      0 |          0 |
|                     gen_mem_rep[0].inst_wr_addra                                                      |                   design_1_axi_gemv_hp1_smc_0_sc_util_v1_0_4_counter__parameterized0_13 |          5 |          5 |       0 |    0 |     6 |      0 |      0 |          0 |
|                     gen_mem_rep[0].inst_xpm_memory                                                    |                        design_1_axi_gemv_hp1_smc_0_xpm_memory_sdpram__parameterized7__2 |         50 |          0 |      50 |    0 |    73 |      0 |      0 |          0 |
|                       xpm_memory_base_inst                                                            |                          design_1_axi_gemv_hp1_smc_0_xpm_memory_base__parameterized7__2 |         50 |          0 |      50 |    0 |    73 |      0 |      0 |          0 |
|                     gen_wr.inst_wr_addra_p1                                                           |                   design_1_axi_gemv_hp1_smc_0_sc_util_v1_0_4_counter__parameterized1_14 |         23 |         23 |       0 |    0 |     6 |      0 |      0 |          0 |
|                 gen_normal_area.inst_fifo_send                                                        |               design_1_axi_gemv_hp1_smc_0_sc_node_v1_0_17_reg_slice3__parameterized1_11 |          5 |          5 |       0 |    0 |     4 |      0 |      0 |          0 |
|               inst_si_handler                                                                         |                  design_1_axi_gemv_hp1_smc_0_sc_node_v1_0_17_si_handler__parameterized5 |          1 |          1 |       0 |    0 |     1 |      0 |      0 |          0 |
|               s_sc_xpm_cdc_async_rst_inst                                                             |                                       design_1_axi_gemv_hp1_smc_0_xpm_cdc_async_rst__12 |          1 |          1 |       0 |    0 |     3 |      0 |      0 |          0 |
|           s01_b_node                                                                                  |                                               design_1_axi_gemv_hp1_smc_0_bd_836e_sbn_0 |         75 |         67 |       8 |    0 |    52 |      0 |      0 |          0 |
|             inst                                                                                      |                         design_1_axi_gemv_hp1_smc_0_sc_node_v1_0_17_top__parameterized7 |         75 |         67 |       8 |    0 |    52 |      0 |      0 |          0 |
|               (inst)                                                                                  |                         design_1_axi_gemv_hp1_smc_0_sc_node_v1_0_17_top__parameterized7 |          3 |          3 |       0 |    0 |     1 |      0 |      0 |          0 |
|               inst_mi_handler                                                                         |                  design_1_axi_gemv_hp1_smc_0_sc_node_v1_0_17_mi_handler__parameterized7 |         70 |         62 |       8 |    0 |    47 |      0 |      0 |          0 |
|                 (inst_mi_handler)                                                                     |                  design_1_axi_gemv_hp1_smc_0_sc_node_v1_0_17_mi_handler__parameterized7 |          0 |          0 |       0 |    0 |     2 |      0 |      0 |          0 |
|                 gen_normal_area.gen_node_prog_full.inst_node_prog_full                                |                                        design_1_axi_gemv_hp1_smc_0_sc_node_v1_0_17_fifo |         36 |         36 |       0 |    0 |    21 |      0 |      0 |          0 |
|                   gen_xpm_memory_fifo.inst_fifo                                                       |                              design_1_axi_gemv_hp1_smc_0_sc_util_v1_0_4_xpm_memory_fifo |         36 |         36 |       0 |    0 |    21 |      0 |      0 |          0 |
|                     (gen_xpm_memory_fifo.inst_fifo)                                                   |                              design_1_axi_gemv_hp1_smc_0_sc_util_v1_0_4_xpm_memory_fifo |          5 |          5 |       0 |    0 |     3 |      0 |      0 |          0 |
|                     gen_mem_rep[0].inst_rd_addrb                                                      |                    design_1_axi_gemv_hp1_smc_0_sc_util_v1_0_4_counter__parameterized0_8 |          6 |          6 |       0 |    0 |     6 |      0 |      0 |          0 |
|                     gen_mem_rep[0].inst_wr_addra                                                      |                    design_1_axi_gemv_hp1_smc_0_sc_util_v1_0_4_counter__parameterized0_9 |          5 |          5 |       0 |    0 |     6 |      0 |      0 |          0 |
|                     gen_wr.inst_wr_addra_p1                                                           |                   design_1_axi_gemv_hp1_smc_0_sc_util_v1_0_4_counter__parameterized1_10 |         20 |         20 |       0 |    0 |     6 |      0 |      0 |          0 |
|                 gen_normal_area.inst_fifo_node_payld                                                  |                        design_1_axi_gemv_hp1_smc_0_sc_node_v1_0_17_fifo__parameterized9 |         35 |         27 |       8 |    0 |    23 |      0 |      0 |          0 |
|                   gen_xpm_memory_fifo.inst_fifo                                                       |              design_1_axi_gemv_hp1_smc_0_sc_util_v1_0_4_xpm_memory_fifo__parameterized9 |         35 |         27 |       8 |    0 |    23 |      0 |      0 |          0 |
|                     (gen_xpm_memory_fifo.inst_fifo)                                                   |              design_1_axi_gemv_hp1_smc_0_sc_util_v1_0_4_xpm_memory_fifo__parameterized9 |          4 |          4 |       0 |    0 |     3 |      0 |      0 |          0 |
|                     gen_mem_rep[0].inst_rd_addrb                                                      |                    design_1_axi_gemv_hp1_smc_0_sc_util_v1_0_4_counter__parameterized0_5 |          6 |          6 |       0 |    0 |     6 |      0 |      0 |          0 |
|                     gen_mem_rep[0].inst_wr_addra                                                      |                    design_1_axi_gemv_hp1_smc_0_sc_util_v1_0_4_counter__parameterized0_6 |          4 |          4 |       0 |    0 |     6 |      0 |      0 |          0 |
|                     gen_mem_rep[0].inst_xpm_memory                                                    |                           design_1_axi_gemv_hp1_smc_0_xpm_memory_sdpram__parameterized9 |          8 |          0 |       8 |    0 |     2 |      0 |      0 |          0 |
|                       xpm_memory_base_inst                                                            |                             design_1_axi_gemv_hp1_smc_0_xpm_memory_base__parameterized9 |          8 |          0 |       8 |    0 |     2 |      0 |      0 |          0 |
|                     gen_wr.inst_wr_addra_p1                                                           |                    design_1_axi_gemv_hp1_smc_0_sc_util_v1_0_4_counter__parameterized1_7 |         13 |         13 |       0 |    0 |     6 |      0 |      0 |          0 |
|                 inst_ingress                                                                          |                     design_1_axi_gemv_hp1_smc_0_sc_node_v1_0_17_ingress__parameterized7 |          0 |          0 |       0 |    0 |     1 |      0 |      0 |          0 |
|                   inst_pipeline_valid                                                                 |                     design_1_axi_gemv_hp1_smc_0_sc_util_v1_0_4_pipeline__parameterized3 |          0 |          0 |       0 |    0 |     1 |      0 |      0 |          0 |
|               inst_si_handler                                                                         |                  design_1_axi_gemv_hp1_smc_0_sc_node_v1_0_17_si_handler__parameterized1 |          1 |          1 |       0 |    0 |     1 |      0 |      0 |          0 |
|               s_sc_xpm_cdc_async_rst_inst                                                             |                                       design_1_axi_gemv_hp1_smc_0_xpm_cdc_async_rst__10 |          1 |          1 |       0 |    0 |     3 |      0 |      0 |          0 |
|           s01_w_node                                                                                  |                                               design_1_axi_gemv_hp1_smc_0_bd_836e_swn_0 |        134 |         78 |      56 |    0 |   218 |      0 |      0 |          0 |
|             inst                                                                                      |                         design_1_axi_gemv_hp1_smc_0_sc_node_v1_0_17_top__parameterized8 |        134 |         78 |      56 |    0 |   218 |      0 |      0 |          0 |
|               (inst)                                                                                  |                         design_1_axi_gemv_hp1_smc_0_sc_node_v1_0_17_top__parameterized8 |          3 |          3 |       0 |    0 |     1 |      0 |      0 |          0 |
|               inst_mi_handler                                                                         |                  design_1_axi_gemv_hp1_smc_0_sc_node_v1_0_17_mi_handler__parameterized8 |        130 |         74 |      56 |    0 |   213 |      0 |      0 |          0 |
|                 (inst_mi_handler)                                                                     |                  design_1_axi_gemv_hp1_smc_0_sc_node_v1_0_17_mi_handler__parameterized8 |          0 |          0 |       0 |    0 |     2 |      0 |      0 |          0 |
|                 gen_normal_area.gen_fi_regulator.inst_fi_regulator                                    |                                design_1_axi_gemv_hp1_smc_0_sc_node_v1_0_17_fi_regulator |          1 |          1 |       0 |    0 |     2 |      0 |      0 |          0 |
|                 gen_normal_area.gen_fifo_req.inst_fifo_req                                            |                       design_1_axi_gemv_hp1_smc_0_sc_node_v1_0_17_fifo__parameterized10 |         30 |         26 |       4 |    0 |    22 |      0 |      0 |          0 |
|                   gen_xpm_memory_fifo.inst_fifo                                                       |             design_1_axi_gemv_hp1_smc_0_sc_util_v1_0_4_xpm_memory_fifo__parameterized10 |         30 |         26 |       4 |    0 |    22 |      0 |      0 |          0 |
|                     (gen_xpm_memory_fifo.inst_fifo)                                                   |             design_1_axi_gemv_hp1_smc_0_sc_util_v1_0_4_xpm_memory_fifo__parameterized10 |          4 |          4 |       0 |    0 |     3 |      0 |      0 |          0 |
|                     gen_mem_rep[0].inst_rd_addrb                                                      |                    design_1_axi_gemv_hp1_smc_0_sc_util_v1_0_4_counter__parameterized0_2 |          6 |          6 |       0 |    0 |     6 |      0 |      0 |          0 |
|                     gen_mem_rep[0].inst_wr_addra                                                      |                    design_1_axi_gemv_hp1_smc_0_sc_util_v1_0_4_counter__parameterized0_3 |          4 |          4 |       0 |    0 |     6 |      0 |      0 |          0 |
|                     gen_mem_rep[0].inst_xpm_memory                                                    |                        design_1_axi_gemv_hp1_smc_0_xpm_memory_sdpram__parameterized6__2 |          4 |          0 |       4 |    0 |     1 |      0 |      0 |          0 |
|                       xpm_memory_base_inst                                                            |                          design_1_axi_gemv_hp1_smc_0_xpm_memory_base__parameterized6__2 |          4 |          0 |       4 |    0 |     1 |      0 |      0 |          0 |
|                     gen_wr.inst_wr_addra_p1                                                           |                    design_1_axi_gemv_hp1_smc_0_sc_util_v1_0_4_counter__parameterized1_4 |         12 |         12 |       0 |    0 |     6 |      0 |      0 |          0 |
|                 gen_normal_area.gen_upsizer.inst_upsizer                                              |                                     design_1_axi_gemv_hp1_smc_0_sc_node_v1_0_17_upsizer |         12 |         12 |       0 |    0 |    85 |      0 |      0 |          0 |
|                   (gen_normal_area.gen_upsizer.inst_upsizer)                                          |                                     design_1_axi_gemv_hp1_smc_0_sc_node_v1_0_17_upsizer |         11 |         11 |       0 |    0 |    81 |      0 |      0 |          0 |
|                   inst_upsizer_target_pipeline                                                        |                     design_1_axi_gemv_hp1_smc_0_sc_util_v1_0_4_pipeline__parameterized9 |          1 |          1 |       0 |    0 |     4 |      0 |      0 |          0 |
|                 gen_normal_area.inst_fifo_node_payld                                                  |                       design_1_axi_gemv_hp1_smc_0_sc_node_v1_0_17_fifo__parameterized11 |         83 |         31 |      52 |    0 |    98 |      0 |      0 |          0 |
|                   gen_xpm_memory_fifo.inst_fifo                                                       |             design_1_axi_gemv_hp1_smc_0_sc_util_v1_0_4_xpm_memory_fifo__parameterized11 |         83 |         31 |      52 |    0 |    98 |      0 |      0 |          0 |
|                     (gen_xpm_memory_fifo.inst_fifo)                                                   |             design_1_axi_gemv_hp1_smc_0_sc_util_v1_0_4_xpm_memory_fifo__parameterized11 |          4 |          4 |       0 |    0 |     4 |      0 |      0 |          0 |
|                     gen_mem_rep[0].inst_rd_addrb                                                      |                      design_1_axi_gemv_hp1_smc_0_sc_util_v1_0_4_counter__parameterized0 |          6 |          6 |       0 |    0 |     6 |      0 |      0 |          0 |
|                     gen_mem_rep[0].inst_wr_addra                                                      |                    design_1_axi_gemv_hp1_smc_0_sc_util_v1_0_4_counter__parameterized0_1 |          4 |          4 |       0 |    0 |     6 |      0 |      0 |          0 |
|                     gen_mem_rep[0].inst_xpm_memory                                                    |                          design_1_axi_gemv_hp1_smc_0_xpm_memory_sdpram__parameterized10 |         52 |          0 |      52 |    0 |    76 |      0 |      0 |          0 |
|                       xpm_memory_base_inst                                                            |                            design_1_axi_gemv_hp1_smc_0_xpm_memory_base__parameterized10 |         52 |          0 |      52 |    0 |    76 |      0 |      0 |          0 |
|                     gen_wr.inst_wr_addra_p1                                                           |                      design_1_axi_gemv_hp1_smc_0_sc_util_v1_0_4_counter__parameterized1 |         17 |         17 |       0 |    0 |     6 |      0 |      0 |          0 |
|                 gen_normal_area.inst_fifo_send                                                        |                  design_1_axi_gemv_hp1_smc_0_sc_node_v1_0_17_reg_slice3__parameterized1 |          5 |          5 |       0 |    0 |     4 |      0 |      0 |          0 |
|               inst_si_handler                                                                         |                  design_1_axi_gemv_hp1_smc_0_sc_node_v1_0_17_si_handler__parameterized6 |          0 |          0 |       0 |    0 |     1 |      0 |      0 |          0 |
|               s_sc_xpm_cdc_async_rst_inst                                                             |                                        design_1_axi_gemv_hp1_smc_0_xpm_cdc_async_rst__8 |          1 |          1 |       0 |    0 |     3 |      0 |      0 |          0 |
|         switchboards                                                                                  |                                    design_1_axi_gemv_hp1_smc_0_switchboards_imp_120ZFK9 |          1 |          1 |       0 |    0 |   303 |      0 |      0 |          0 |
|           ar_switchboard                                                                              |                                              design_1_axi_gemv_hp1_smc_0_bd_836e_arsw_0 |          0 |          0 |       0 |    0 |    79 |      0 |      0 |          0 |
|             inst                                                                                      |                                   design_1_axi_gemv_hp1_smc_0_sc_switchboard_v1_0_8_top |          0 |          0 |       0 |    0 |    79 |      0 |      0 |          0 |
|               gen_mi[0].inst_opipe_payld                                                              |                  design_1_axi_gemv_hp1_smc_0_sc_util_v1_0_4_pipeline__parameterized10_0 |          0 |          0 |       0 |    0 |    79 |      0 |      0 |          0 |
|           aw_switchboard                                                                              |                                              design_1_axi_gemv_hp1_smc_0_bd_836e_awsw_0 |          1 |          1 |       0 |    0 |    73 |      0 |      0 |          0 |
|             inst                                                                                      |                                design_1_axi_gemv_hp1_smc_0_sc_switchboard_v1_0_8_top__1 |          1 |          1 |       0 |    0 |    73 |      0 |      0 |          0 |
|               gen_mi[0].inst_opipe_payld                                                              |                    design_1_axi_gemv_hp1_smc_0_sc_util_v1_0_4_pipeline__parameterized10 |          1 |          1 |       0 |    0 |    73 |      0 |      0 |          0 |
|           b_switchboard                                                                               |                                               design_1_axi_gemv_hp1_smc_0_bd_836e_bsw_0 |          0 |          0 |       0 |    0 |     6 |      0 |      0 |          0 |
|             inst                                                                                      |                   design_1_axi_gemv_hp1_smc_0_sc_switchboard_v1_0_8_top__parameterized0 |          0 |          0 |       0 |    0 |     6 |      0 |      0 |          0 |
|               gen_mi[1].inst_opipe_payld                                                              |                    design_1_axi_gemv_hp1_smc_0_sc_util_v1_0_4_pipeline__parameterized11 |          0 |          0 |       0 |    0 |     6 |      0 |      0 |          0 |
|           r_switchboard                                                                               |                                               design_1_axi_gemv_hp1_smc_0_bd_836e_rsw_0 |          0 |          0 |       0 |    0 |    69 |      0 |      0 |          0 |
|             inst                                                                                      |                   design_1_axi_gemv_hp1_smc_0_sc_switchboard_v1_0_8_top__parameterized1 |          0 |          0 |       0 |    0 |    69 |      0 |      0 |          0 |
|               gen_mi[0].inst_opipe_payld                                                              |                    design_1_axi_gemv_hp1_smc_0_sc_util_v1_0_4_pipeline__parameterized12 |          0 |          0 |       0 |    0 |    69 |      0 |      0 |          0 |
|           w_switchboard                                                                               |                                               design_1_axi_gemv_hp1_smc_0_bd_836e_wsw_0 |          0 |          0 |       0 |    0 |    76 |      0 |      0 |          0 |
|             inst                                                                                      |                   design_1_axi_gemv_hp1_smc_0_sc_switchboard_v1_0_8_top__parameterized2 |          0 |          0 |       0 |    0 |    76 |      0 |      0 |          0 |
|               gen_mi[0].inst_opipe_payld                                                              |                    design_1_axi_gemv_hp1_smc_0_sc_util_v1_0_4_pipeline__parameterized13 |          0 |          0 |       0 |    0 |    76 |      0 |      0 |          0 |
|     axi_input_bram_ctrl                                                                               |                                                          design_1_axi_input_bram_ctrl_0 |        189 |        189 |       0 |    0 |   206 |      0 |      0 |          0 |
|       (axi_input_bram_ctrl)                                                                           |                                                          design_1_axi_input_bram_ctrl_0 |          0 |          0 |       0 |    0 |     0 |      0 |      0 |          0 |
|       U0                                                                                              |                                            design_1_axi_input_bram_ctrl_0_axi_bram_ctrl |        189 |        189 |       0 |    0 |   206 |      0 |      0 |          0 |
|         gext_inst.abcv4_0_ext_inst                                                                    |                                        design_1_axi_input_bram_ctrl_0_axi_bram_ctrl_top |        189 |        189 |       0 |    0 |   206 |      0 |      0 |          0 |
|           GEN_AXI4.I_FULL_AXI                                                                         |                                                 design_1_axi_input_bram_ctrl_0_full_axi |        189 |        189 |       0 |    0 |   206 |      0 |      0 |          0 |
|             (GEN_AXI4.I_FULL_AXI)                                                                     |                                                 design_1_axi_input_bram_ctrl_0_full_axi |          5 |          5 |       0 |    0 |    14 |      0 |      0 |          0 |
|             GEN_ARB.I_SNG_PORT                                                                        |                                             design_1_axi_input_bram_ctrl_0_sng_port_arb |         16 |         16 |       0 |    0 |     7 |      0 |      0 |          0 |
|             I_RD_CHNL                                                                                 |                                                  design_1_axi_input_bram_ctrl_0_rd_chnl |        131 |        131 |       0 |    0 |   118 |      0 |      0 |          0 |
|               (I_RD_CHNL)                                                                             |                                                  design_1_axi_input_bram_ctrl_0_rd_chnl |         95 |         95 |       0 |    0 |   102 |      0 |      0 |          0 |
|               GEN_NO_RD_CMD_OPT.I_WRAP_BRST                                                           |                                              design_1_axi_input_bram_ctrl_0_wrap_brst_0 |         36 |         36 |       0 |    0 |    16 |      0 |      0 |          0 |
|             I_WR_CHNL                                                                                 |                                                  design_1_axi_input_bram_ctrl_0_wr_chnl |         40 |         40 |       0 |    0 |    67 |      0 |      0 |          0 |
|               (I_WR_CHNL)                                                                             |                                                  design_1_axi_input_bram_ctrl_0_wr_chnl |         20 |         20 |       0 |    0 |    51 |      0 |      0 |          0 |
|               I_WRAP_BRST                                                                             |                                                design_1_axi_input_bram_ctrl_0_wrap_brst |         20 |         20 |       0 |    0 |    16 |      0 |      0 |          0 |
|     axi_vdma_1                                                                                        |                                                                   design_1_axi_vdma_1_0 |       1109 |       1037 |       0 |   72 |  1722 |      3 |      2 |          0 |
|       (axi_vdma_1)                                                                                    |                                                                   design_1_axi_vdma_1_0 |          0 |          0 |       0 |    0 |     0 |      0 |      0 |          0 |
|       U0                                                                                              |                                                          design_1_axi_vdma_1_0_axi_vdma |       1109 |       1037 |       0 |   72 |  1722 |      3 |      2 |          0 |
|         AXI_LITE_REG_INTERFACE_I                                                                      |                                                   design_1_axi_vdma_1_0_axi_vdma_reg_if |        115 |        113 |       0 |    2 |   236 |      0 |      0 |          0 |
|           (AXI_LITE_REG_INTERFACE_I)                                                                  |                                                   design_1_axi_vdma_1_0_axi_vdma_reg_if |          0 |          0 |       0 |    0 |    10 |      0 |      0 |          0 |
|           GEN_AXI_LITE_IF.AXI_LITE_IF_I                                                               |                                                  design_1_axi_vdma_1_0_axi_vdma_lite_if |        115 |        113 |       0 |    2 |   222 |      0 |      0 |          0 |
|             (GEN_AXI_LITE_IF.AXI_LITE_IF_I)                                                           |                                                  design_1_axi_vdma_1_0_axi_vdma_lite_if |        101 |         99 |       0 |    2 |   210 |      0 |      0 |          0 |
|             GEN_LITE_IS_ASYNC.GEN_MM2S_ONLY_ASYNC_LITE_ACCESS.LITE_WVALID_MM2S_CDC_I                  |                                          design_1_axi_vdma_1_0_cdc_sync__parameterized1 |         14 |         14 |       0 |    0 |    12 |      0 |      0 |          0 |
|           GEN_MM2S_LITE_CROSSINGS.GEN_MM2S_CROSSINGS_ASYNC.MM2S_INTRPT_CROSSING_I                     |                                          design_1_axi_vdma_1_0_cdc_sync__parameterized2 |          0 |          0 |       0 |    0 |     4 |      0 |      0 |          0 |
|         GEN_SPRT_FOR_MM2S.ADDR32.I_MM2S_DMA_MNGR                                                      |                                                     design_1_axi_vdma_1_0_axi_vdma_mngr |        124 |        124 |       0 |    0 |   263 |      0 |      0 |          0 |
|           (GEN_SPRT_FOR_MM2S.ADDR32.I_MM2S_DMA_MNGR)                                                  |                                                     design_1_axi_vdma_1_0_axi_vdma_mngr |          2 |          2 |       0 |    0 |    10 |      0 |      0 |          0 |
|           I_CMDSTS                                                                                    |                                                design_1_axi_vdma_1_0_axi_vdma_cmdsts_if |          4 |          4 |       0 |    0 |    55 |      0 |      0 |          0 |
|           I_SM                                                                                        |                                                       design_1_axi_vdma_1_0_axi_vdma_sm |         90 |         90 |       0 |    0 |   114 |      0 |      0 |          0 |
|           I_STS_MNGR                                                                                  |                                                 design_1_axi_vdma_1_0_axi_vdma_sts_mngr |          1 |          1 |       0 |    0 |     4 |      0 |      0 |          0 |
|           VIDEO_GENLOCK_I                                                                             |                                             design_1_axi_vdma_1_0_axi_vdma_genlock_mngr |          1 |          1 |       0 |    0 |     1 |      0 |      0 |          0 |
|           VIDEO_REG_I                                                                                 |                                            design_1_axi_vdma_1_0_axi_vdma_vidreg_module |         27 |         27 |       0 |    0 |    79 |      0 |      0 |          0 |
|             (VIDEO_REG_I)                                                                             |                                            design_1_axi_vdma_1_0_axi_vdma_vidreg_module |          2 |          2 |       0 |    0 |     2 |      0 |      0 |          0 |
|             GEN_REGISTER_DIRECT.GEN_REGDIRECT_DRES.VIDREGISTER_I                                      |                                                design_1_axi_vdma_1_0_axi_vdma_vregister |         25 |         25 |       0 |    0 |    77 |      0 |      0 |          0 |
|         GEN_SPRT_FOR_MM2S.GEN_AXIS_MM2S_DWIDTH_CONV.AXIS_MM2S_DWIDTH_CONVERTER_I                      |                               design_1_axi_vdma_1_0_axi_vdma_mm2s_axis_dwidth_converter |        132 |        132 |       0 |    0 |   312 |      0 |      0 |          0 |
|           (GEN_SPRT_FOR_MM2S.GEN_AXIS_MM2S_DWIDTH_CONV.AXIS_MM2S_DWIDTH_CONVERTER_I)                  |                               design_1_axi_vdma_1_0_axi_vdma_mm2s_axis_dwidth_converter |         31 |         31 |       0 |    0 |    17 |      0 |      0 |          0 |
|           GEN_DWIDTH_NO_SOF.MM2S_AXIS_DWIDTH_CONVERTER_I                                              | design_1_axi_vdma_1_0_axi_vdma_v6_3_22_axis_dwidth_converter_v1_0_axis_dwidth_converter |        101 |        101 |       0 |    0 |   295 |      0 |      0 |          0 |
|             (GEN_DWIDTH_NO_SOF.MM2S_AXIS_DWIDTH_CONVERTER_I)                                          | design_1_axi_vdma_1_0_axi_vdma_v6_3_22_axis_dwidth_converter_v1_0_axis_dwidth_converter |          0 |          0 |       0 |    0 |     1 |      0 |      0 |          0 |
|             gen_downsizer_conversion.axisc_downsizer_0                                                |       design_1_axi_vdma_1_0_axi_vdma_v6_3_22_axis_dwidth_converter_v1_0_axisc_downsizer |         84 |         84 |       0 |    0 |   139 |      0 |      0 |          0 |
|             gen_upsizer_conversion.axisc_upsizer_0                                                    |         design_1_axi_vdma_1_0_axi_vdma_v6_3_22_axis_dwidth_converter_v1_0_axisc_upsizer |         17 |         17 |       0 |    0 |   155 |      0 |      0 |          0 |
|         GEN_SPRT_FOR_MM2S.MM2S_FSYNC_I                                                                |                                                design_1_axi_vdma_1_0_axi_vdma_fsync_gen |          2 |          2 |       0 |    0 |     5 |      0 |      0 |          0 |
|         GEN_SPRT_FOR_MM2S.MM2S_LINEBUFFER_I                                                           |                                             design_1_axi_vdma_1_0_axi_vdma_mm2s_linebuf |         96 |         96 |       0 |    0 |   154 |      2 |      1 |          0 |
|           (GEN_SPRT_FOR_MM2S.MM2S_LINEBUFFER_I)                                                       |                                             design_1_axi_vdma_1_0_axi_vdma_mm2s_linebuf |         31 |         31 |       0 |    0 |    18 |      0 |      0 |          0 |
|           GEN_LINEBUF_NO_SOF.GEN_LINEBUFFER.GEN_SYNC_FIFO.I_LINEBUFFER_FIFO                           |                                                    design_1_axi_vdma_1_0_axi_vdma_sfifo |         24 |         24 |       0 |    0 |    55 |      2 |      1 |          0 |
|             (GEN_LINEBUF_NO_SOF.GEN_LINEBUFFER.GEN_SYNC_FIFO.I_LINEBUFFER_FIFO)                       |                                                    design_1_axi_vdma_1_0_axi_vdma_sfifo |          1 |          1 |       0 |    0 |     0 |      0 |      0 |          0 |
|             xpm_fifo_sync_inst                                                                        |                                                     design_1_axi_vdma_1_0_xpm_fifo_sync |         23 |         23 |       0 |    0 |    55 |      2 |      1 |          0 |
|               xpm_fifo_base_inst                                                                      |                                                     design_1_axi_vdma_1_0_xpm_fifo_base |         23 |         23 |       0 |    0 |    55 |      2 |      1 |          0 |
|                 (xpm_fifo_base_inst)                                                                  |                                                     design_1_axi_vdma_1_0_xpm_fifo_base |          3 |          3 |       0 |    0 |     5 |      0 |      0 |          0 |
|                 gen_sdpram.xpm_memory_base_inst                                                       |                                                   design_1_axi_vdma_1_0_xpm_memory_base |          0 |          0 |       0 |    0 |     0 |      2 |      1 |          0 |
|                 rdp_inst                                                                              |                                  design_1_axi_vdma_1_0_xpm_counter_updn__parameterized0 |         11 |         11 |       0 |    0 |    11 |      0 |      0 |          0 |
|                 rdpp1_inst                                                                            |                                  design_1_axi_vdma_1_0_xpm_counter_updn__parameterized1 |          1 |          1 |       0 |    0 |    11 |      0 |      0 |          0 |
|                 rst_d1_inst                                                                           |                                               design_1_axi_vdma_1_0_xpm_fifo_reg_bit_14 |          2 |          2 |       0 |    0 |     1 |      0 |      0 |          0 |
|                 wrp_inst                                                                              |                               design_1_axi_vdma_1_0_xpm_counter_updn__parameterized0_15 |          5 |          5 |       0 |    0 |    11 |      0 |      0 |          0 |
|                 wrpp1_inst                                                                            |                               design_1_axi_vdma_1_0_xpm_counter_updn__parameterized1_16 |          0 |          0 |       0 |    0 |    11 |      0 |      0 |          0 |
|                 xpm_fifo_rst_inst                                                                     |                                                   design_1_axi_vdma_1_0_xpm_fifo_rst_17 |          2 |          2 |       0 |    0 |     5 |      0 |      0 |          0 |
|           GEN_LINEBUF_NO_SOF.GEN_LINEBUFFER.I_MSTR_SKID                                               |                                                 design_1_axi_vdma_1_0_axi_vdma_skid_buf |         41 |         41 |       0 |    0 |    81 |      0 |      0 |          0 |
|         GEN_SPRT_FOR_MM2S.MM2S_REGISTER_MODULE_I                                                      |                                               design_1_axi_vdma_1_0_axi_vdma_reg_module |         45 |         45 |       0 |    0 |   132 |      0 |      0 |          0 |
|           (GEN_SPRT_FOR_MM2S.MM2S_REGISTER_MODULE_I)                                                  |                                               design_1_axi_vdma_1_0_axi_vdma_reg_module |          0 |          0 |       0 |    0 |     5 |      0 |      0 |          0 |
|           GEN_REG_DIRECT_MODE.REGDIRECT_I                                                             |                                                design_1_axi_vdma_1_0_axi_vdma_regdirect |         14 |         14 |       0 |    0 |    80 |      0 |      0 |          0 |
|           I_DMA_REGISTER                                                                              |                                                 design_1_axi_vdma_1_0_axi_vdma_register |         31 |         31 |       0 |    0 |    47 |      0 |      0 |          0 |
|           LITE_READ_MUX_I                                                                             |                                                  design_1_axi_vdma_1_0_axi_vdma_reg_mux |          0 |          0 |       0 |    0 |     0 |      0 |      0 |          0 |
|         GEN_SPRT_FOR_MM2S.MM2S_SOF_I                                                                  |                                                  design_1_axi_vdma_1_0_axi_vdma_sof_gen |          3 |          3 |       0 |    0 |     3 |      0 |      0 |          0 |
|         I_AXI_DMA_INTRPT                                                                              |                                                   design_1_axi_vdma_1_0_axi_vdma_intrpt |         31 |         31 |       0 |    0 |    27 |      0 |      0 |          0 |
|         I_PRMRY_DATAMOVER                                                                             |                                                     design_1_axi_vdma_1_0_axi_datamover |        520 |        450 |       0 |   70 |   487 |      1 |      1 |          0 |
|           GEN_MM2S_FULL.I_MM2S_FULL_WRAPPER                                                           |                                      design_1_axi_vdma_1_0_axi_datamover_mm2s_full_wrap |        520 |        450 |       0 |   70 |   487 |      1 |      1 |          0 |
|             GEN_INCLUDE_MM2S_DRE.I_DRE_16_to_64                                                       |                                            design_1_axi_vdma_1_0_axi_datamover_mm2s_dre |         76 |         76 |       0 |    0 |   113 |      0 |      0 |          0 |
|             GEN_INCLUDE_MM2S_SF.I_RD_SF                                                               |                                               design_1_axi_vdma_1_0_axi_datamover_rd_sf |        116 |        112 |       0 |    4 |    68 |      1 |      1 |          0 |
|               (GEN_INCLUDE_MM2S_SF.I_RD_SF)                                                           |                                               design_1_axi_vdma_1_0_axi_datamover_rd_sf |          5 |          5 |       0 |    0 |    11 |      0 |      0 |          0 |
|               INCLUDE_DRE_CNTL.I_DRE_CNTL_FIFO                                                        |                                design_1_axi_vdma_1_0_axi_datamover_fifo__parameterized3 |         14 |         10 |       0 |    4 |     6 |      0 |      0 |          0 |
|                 (INCLUDE_DRE_CNTL.I_DRE_CNTL_FIFO)                                                    |                                design_1_axi_vdma_1_0_axi_datamover_fifo__parameterized3 |          1 |          1 |       0 |    0 |     2 |      0 |      0 |          0 |
|                 USE_SRL_FIFO.I_SYNC_FIFO                                                              |                                        design_1_axi_vdma_1_0_srl_fifo_f__parameterized3 |         13 |          9 |       0 |    4 |     4 |      0 |      0 |          0 |
|                   I_SRL_FIFO_RBU_F                                                                    |                                    design_1_axi_vdma_1_0_srl_fifo_rbu_f__parameterized3 |         13 |          9 |       0 |    4 |     4 |      0 |      0 |          0 |
|                     (I_SRL_FIFO_RBU_F)                                                                |                                    design_1_axi_vdma_1_0_srl_fifo_rbu_f__parameterized3 |          0 |          0 |       0 |    0 |     1 |      0 |      0 |          0 |
|                     CNTR_INCR_DECR_ADDN_F_I                                                           |                                          design_1_axi_vdma_1_0_cntr_incr_decr_addn_f_13 |          5 |          5 |       0 |    0 |     3 |      0 |      0 |          0 |
|                     DYNSHREG_F_I                                                                      |                                        design_1_axi_vdma_1_0_dynshreg_f__parameterized3 |          8 |          4 |       0 |    4 |     0 |      0 |      0 |          0 |
|               I_DATA_FIFO                                                                             |                                        design_1_axi_vdma_1_0_axi_datamover_sfifo_autord |         97 |         97 |       0 |    0 |    51 |      1 |      1 |          0 |
|                 BLK_MEM.I_SYNC_FIFOGEN_FIFO                                                           |                                                      design_1_axi_vdma_1_0_sync_fifo_fg |         97 |         97 |       0 |    0 |    51 |      1 |      1 |          0 |
|                   (BLK_MEM.I_SYNC_FIFOGEN_FIFO)                                                       |                                                      design_1_axi_vdma_1_0_sync_fifo_fg |         36 |         36 |       0 |    0 |     0 |      0 |      0 |          0 |
|                   xpm_fifo_instance.xpm_fifo_sync_inst                                                |                                     design_1_axi_vdma_1_0_xpm_fifo_sync__parameterized1 |         61 |         61 |       0 |    0 |    51 |      1 |      1 |          0 |
|                     xpm_fifo_base_inst                                                                |                                     design_1_axi_vdma_1_0_xpm_fifo_base__parameterized0 |         61 |         61 |       0 |    0 |    51 |      1 |      1 |          0 |
|                       (xpm_fifo_base_inst)                                                            |                                     design_1_axi_vdma_1_0_xpm_fifo_base__parameterized0 |          3 |          3 |       0 |    0 |     9 |      0 |      0 |          0 |
|                       gen_fwft.rdpp1_inst                                                             |                                                  design_1_axi_vdma_1_0_xpm_counter_updn |          5 |          5 |       0 |    0 |     2 |      0 |      0 |          0 |
|                       gen_sdpram.xpm_memory_base_inst                                                 |                                   design_1_axi_vdma_1_0_xpm_memory_base__parameterized0 |          0 |          0 |       0 |    0 |     0 |      1 |      1 |          0 |
|                       rdp_inst                                                                        |                                  design_1_axi_vdma_1_0_xpm_counter_updn__parameterized5 |         23 |         23 |       0 |    0 |     9 |      0 |      0 |          0 |
|                       rdpp1_inst                                                                      |                                  design_1_axi_vdma_1_0_xpm_counter_updn__parameterized6 |          9 |          9 |       0 |    0 |     8 |      0 |      0 |          0 |
|                       rst_d1_inst                                                                     |                                                  design_1_axi_vdma_1_0_xpm_fifo_reg_bit |          1 |          1 |       0 |    0 |     1 |      0 |      0 |          0 |
|                       wrp_inst                                                                        |                               design_1_axi_vdma_1_0_xpm_counter_updn__parameterized5_11 |         18 |         18 |       0 |    0 |     9 |      0 |      0 |          0 |
|                       wrpp1_inst                                                                      |                               design_1_axi_vdma_1_0_xpm_counter_updn__parameterized6_12 |          8 |          8 |       0 |    0 |     8 |      0 |      0 |          0 |
|                       xpm_fifo_rst_inst                                                               |                                                      design_1_axi_vdma_1_0_xpm_fifo_rst |          2 |          2 |       0 |    0 |     5 |      0 |      0 |          0 |
|             I_ADDR_CNTL                                                                               |                                           design_1_axi_vdma_1_0_axi_datamover_addr_cntl |         34 |         11 |       0 |   23 |    52 |      0 |      0 |          0 |
|               (I_ADDR_CNTL)                                                                           |                                           design_1_axi_vdma_1_0_axi_datamover_addr_cntl |          2 |          2 |       0 |    0 |    45 |      0 |      0 |          0 |
|               GEN_ADDR_FIFO.I_ADDR_QUAL_FIFO                                                          |                                design_1_axi_vdma_1_0_axi_datamover_fifo__parameterized1 |         32 |          9 |       0 |   23 |     7 |      0 |      0 |          0 |
|                 (GEN_ADDR_FIFO.I_ADDR_QUAL_FIFO)                                                      |                                design_1_axi_vdma_1_0_axi_datamover_fifo__parameterized1 |          3 |          3 |       0 |    0 |     3 |      0 |      0 |          0 |
|                 USE_SRL_FIFO.I_SYNC_FIFO                                                              |                                        design_1_axi_vdma_1_0_srl_fifo_f__parameterized1 |         29 |          6 |       0 |   23 |     4 |      0 |      0 |          0 |
|                   I_SRL_FIFO_RBU_F                                                                    |                                    design_1_axi_vdma_1_0_srl_fifo_rbu_f__parameterized1 |         29 |          6 |       0 |   23 |     4 |      0 |      0 |          0 |
|                     (I_SRL_FIFO_RBU_F)                                                                |                                    design_1_axi_vdma_1_0_srl_fifo_rbu_f__parameterized1 |          0 |          0 |       0 |    0 |     1 |      0 |      0 |          0 |
|                     CNTR_INCR_DECR_ADDN_F_I                                                           |                                          design_1_axi_vdma_1_0_cntr_incr_decr_addn_f_10 |          4 |          4 |       0 |    0 |     3 |      0 |      0 |          0 |
|                     DYNSHREG_F_I                                                                      |                                        design_1_axi_vdma_1_0_dynshreg_f__parameterized1 |         25 |          2 |       0 |   23 |     0 |      0 |      0 |          0 |
|             I_CMD_STATUS                                                                              |                                          design_1_axi_vdma_1_0_axi_datamover_cmd_status |         43 |         13 |       0 |   30 |    14 |      0 |      0 |          0 |
|               GEN_INCLUDE_STATUS_FIFO.I_STS_FIFO                                                      |                                design_1_axi_vdma_1_0_axi_datamover_fifo__parameterized0 |         10 |          7 |       0 |    3 |     6 |      0 |      0 |          0 |
|                 (GEN_INCLUDE_STATUS_FIFO.I_STS_FIFO)                                                  |                                design_1_axi_vdma_1_0_axi_datamover_fifo__parameterized0 |          1 |          1 |       0 |    0 |     2 |      0 |      0 |          0 |
|                 USE_SRL_FIFO.I_SYNC_FIFO                                                              |                                        design_1_axi_vdma_1_0_srl_fifo_f__parameterized0 |          9 |          6 |       0 |    3 |     4 |      0 |      0 |          0 |
|                   I_SRL_FIFO_RBU_F                                                                    |                                    design_1_axi_vdma_1_0_srl_fifo_rbu_f__parameterized0 |          9 |          6 |       0 |    3 |     4 |      0 |      0 |          0 |
|                     (I_SRL_FIFO_RBU_F)                                                                |                                    design_1_axi_vdma_1_0_srl_fifo_rbu_f__parameterized0 |          1 |          1 |       0 |    0 |     1 |      0 |      0 |          0 |
|                     CNTR_INCR_DECR_ADDN_F_I                                                           |                                           design_1_axi_vdma_1_0_cntr_incr_decr_addn_f_9 |          3 |          3 |       0 |    0 |     3 |      0 |      0 |          0 |
|                     DYNSHREG_F_I                                                                      |                                        design_1_axi_vdma_1_0_dynshreg_f__parameterized0 |          6 |          3 |       0 |    3 |     0 |      0 |      0 |          0 |
|               I_CMD_FIFO                                                                              |                                                design_1_axi_vdma_1_0_axi_datamover_fifo |         33 |          6 |       0 |   27 |     8 |      0 |      0 |          0 |
|                 (I_CMD_FIFO)                                                                          |                                                design_1_axi_vdma_1_0_axi_datamover_fifo |          2 |          2 |       0 |    0 |     4 |      0 |      0 |          0 |
|                 USE_SRL_FIFO.I_SYNC_FIFO                                                              |                                                        design_1_axi_vdma_1_0_srl_fifo_f |         31 |          4 |       0 |   27 |     4 |      0 |      0 |          0 |
|                   I_SRL_FIFO_RBU_F                                                                    |                                                    design_1_axi_vdma_1_0_srl_fifo_rbu_f |         31 |          4 |       0 |   27 |     4 |      0 |      0 |          0 |
|                     (I_SRL_FIFO_RBU_F)                                                                |                                                    design_1_axi_vdma_1_0_srl_fifo_rbu_f |          1 |          1 |       0 |    0 |     1 |      0 |      0 |          0 |
|                     CNTR_INCR_DECR_ADDN_F_I                                                           |                                           design_1_axi_vdma_1_0_cntr_incr_decr_addn_f_8 |          3 |          3 |       0 |    0 |     3 |      0 |      0 |          0 |
|                     DYNSHREG_F_I                                                                      |                                                        design_1_axi_vdma_1_0_dynshreg_f |         28 |          1 |       0 |   27 |     0 |      0 |      0 |          0 |
|             I_MSTR_PCC                                                                                |                                                 design_1_axi_vdma_1_0_axi_datamover_pcc |        184 |        184 |       0 |    0 |   179 |      0 |      0 |          0 |
|             I_RD_DATA_CNTL                                                                            |                                         design_1_axi_vdma_1_0_axi_datamover_rddata_cntl |         63 |         50 |       0 |   13 |    51 |      0 |      0 |          0 |
|               (I_RD_DATA_CNTL)                                                                        |                                         design_1_axi_vdma_1_0_axi_datamover_rddata_cntl |         27 |         27 |       0 |    0 |    45 |      0 |      0 |          0 |
|               GEN_DATA_CNTL_FIFO.I_DATA_CNTL_FIFO                                                     |                                design_1_axi_vdma_1_0_axi_datamover_fifo__parameterized2 |         36 |         23 |       0 |   13 |     6 |      0 |      0 |          0 |
|                 (GEN_DATA_CNTL_FIFO.I_DATA_CNTL_FIFO)                                                 |                                design_1_axi_vdma_1_0_axi_datamover_fifo__parameterized2 |          1 |          1 |       0 |    0 |     2 |      0 |      0 |          0 |
|                 USE_SRL_FIFO.I_SYNC_FIFO                                                              |                                        design_1_axi_vdma_1_0_srl_fifo_f__parameterized2 |         35 |         22 |       0 |   13 |     4 |      0 |      0 |          0 |
|                   I_SRL_FIFO_RBU_F                                                                    |                                    design_1_axi_vdma_1_0_srl_fifo_rbu_f__parameterized2 |         35 |         22 |       0 |   13 |     4 |      0 |      0 |          0 |
|                     (I_SRL_FIFO_RBU_F)                                                                |                                    design_1_axi_vdma_1_0_srl_fifo_rbu_f__parameterized2 |          2 |          2 |       0 |    0 |     1 |      0 |      0 |          0 |
|                     CNTR_INCR_DECR_ADDN_F_I                                                           |                                             design_1_axi_vdma_1_0_cntr_incr_decr_addn_f |         18 |         18 |       0 |    0 |     3 |      0 |      0 |          0 |
|                     DYNSHREG_F_I                                                                      |                                        design_1_axi_vdma_1_0_dynshreg_f__parameterized2 |         15 |          2 |       0 |   13 |     0 |      0 |      0 |          0 |
|             I_RD_STATUS_CNTLR                                                                         |                                      design_1_axi_vdma_1_0_axi_datamover_rd_status_cntl |          1 |          1 |       0 |    0 |     5 |      0 |      0 |          0 |
|             I_RESET                                                                                   |                                               design_1_axi_vdma_1_0_axi_datamover_reset |          4 |          4 |       0 |    0 |     5 |      0 |      0 |          0 |
|         I_RST_MODULE                                                                                  |                                               design_1_axi_vdma_1_0_axi_vdma_rst_module |         43 |         43 |       0 |    0 |   103 |      0 |      0 |          0 |
|           (I_RST_MODULE)                                                                              |                                               design_1_axi_vdma_1_0_axi_vdma_rst_module |          2 |          2 |       0 |    0 |     1 |      0 |      0 |          0 |
|           GEN_RESET_FOR_MM2S.RESET_I                                                                  |                                                    design_1_axi_vdma_1_0_axi_vdma_reset |         41 |         41 |       0 |    0 |   102 |      0 |      0 |          0 |
|             (GEN_RESET_FOR_MM2S.RESET_I)                                                              |                                                    design_1_axi_vdma_1_0_axi_vdma_reset |         20 |         20 |       0 |    0 |    24 |      0 |      0 |          0 |
|             GEN_MIN_FOR_ASYNC.AXIS_CLR_CDC_I                                                          |                                                          design_1_axi_vdma_1_0_cdc_sync |          3 |          3 |       0 |    0 |    12 |      0 |      0 |          0 |
|             GEN_MIN_FOR_ASYNC.AXIS_IDLE_CDC_I                                                         |                                          design_1_axi_vdma_1_0_cdc_sync__parameterized0 |          0 |          0 |       0 |    0 |     5 |      0 |      0 |          0 |
|             GEN_MIN_FOR_ASYNC.AXIS_MIN_CDC_I                                                          |                                        design_1_axi_vdma_1_0_cdc_sync__parameterized0_0 |          0 |          0 |       0 |    0 |     5 |      0 |      0 |          0 |
|             GEN_MIN_FOR_ASYNC.AXIS_RESET_CDC_I                                                        |                                                        design_1_axi_vdma_1_0_cdc_sync_1 |          3 |          3 |       0 |    0 |    12 |      0 |      0 |          0 |
|             GEN_MIN_FOR_ASYNC.LITE_CLR_CDC_I                                                          |                                                        design_1_axi_vdma_1_0_cdc_sync_2 |          3 |          3 |       0 |    0 |    12 |      0 |      0 |          0 |
|             GEN_MIN_FOR_ASYNC.LITE_IDLE_CDC_I                                                         |                                        design_1_axi_vdma_1_0_cdc_sync__parameterized0_3 |          0 |          0 |       0 |    0 |     5 |      0 |      0 |          0 |
|             GEN_MIN_FOR_ASYNC.LITE_MIN_CDC_I                                                          |                                        design_1_axi_vdma_1_0_cdc_sync__parameterized0_4 |          3 |          3 |       0 |    0 |     5 |      0 |      0 |          0 |
|             GEN_MIN_FOR_ASYNC.LITE_RESET_CDC_I                                                        |                                                        design_1_axi_vdma_1_0_cdc_sync_5 |          3 |          3 |       0 |    0 |    12 |      0 |      0 |          0 |
|             GEN_RESET_FOR_ASYNC.AXIS_RESET_CDC_I                                                      |                                        design_1_axi_vdma_1_0_cdc_sync__parameterized0_6 |          0 |          0 |       0 |    0 |     5 |      0 |      0 |          0 |
|             GEN_RESET_FOR_ASYNC.HARD_RESET_CDC_I                                                      |                                        design_1_axi_vdma_1_0_cdc_sync__parameterized0_7 |          6 |          6 |       0 |    0 |     5 |      0 |      0 |          0 |
|     axi_video_hp0_smc                                                                                 |                                                            design_1_axi_video_hp0_smc_0 |        422 |        316 |     100 |    6 |   376 |      0 |      0 |          0 |
|       (axi_video_hp0_smc)                                                                             |                                                            design_1_axi_video_hp0_smc_0 |          0 |          0 |       0 |    0 |     0 |      0 |      0 |          0 |
|       inst                                                                                            |                                                    design_1_axi_video_hp0_smc_0_bd_aff9 |        422 |        316 |     100 |    6 |   376 |      0 |      0 |          0 |
|         clk_map                                                                                       |                                        design_1_axi_video_hp0_smc_0_clk_map_imp_11YN06F |         13 |         12 |       0 |    1 |    22 |      0 |      0 |          0 |
|           psr_aclk                                                                                    |                                         design_1_axi_video_hp0_smc_0_bd_aff9_psr_aclk_0 |         13 |         12 |       0 |    1 |    22 |      0 |      0 |          0 |
|             U0                                                                                        |                                             design_1_axi_video_hp0_smc_0_proc_sys_reset |         13 |         12 |       0 |    1 |    22 |      0 |      0 |          0 |
|               (U0)                                                                                    |                                             design_1_axi_video_hp0_smc_0_proc_sys_reset |          0 |          0 |       0 |    0 |     1 |      0 |      0 |          0 |
|               EXT_LPF                                                                                 |                                                        design_1_axi_video_hp0_smc_0_lpf |          3 |          2 |       0 |    1 |     6 |      0 |      0 |          0 |
|                 (EXT_LPF)                                                                             |                                                        design_1_axi_video_hp0_smc_0_lpf |          2 |          1 |       0 |    1 |     2 |      0 |      0 |          0 |
|                 ACTIVE_LOW_AUX.ACT_LO_AUX                                                             |                                                   design_1_axi_video_hp0_smc_0_cdc_sync |          1 |          1 |       0 |    0 |     4 |      0 |      0 |          0 |
|               SEQ                                                                                     |                                               design_1_axi_video_hp0_smc_0_sequence_psr |         10 |         10 |       0 |    0 |    15 |      0 |      0 |          0 |
|                 (SEQ)                                                                                 |                                               design_1_axi_video_hp0_smc_0_sequence_psr |          5 |          5 |       0 |    0 |     9 |      0 |      0 |          0 |
|                 SEQ_COUNTER                                                                           |                                                    design_1_axi_video_hp0_smc_0_upcnt_n |          5 |          5 |       0 |    0 |     6 |      0 |      0 |          0 |
|         m00_exit_pipeline                                                                             |                               design_1_axi_video_hp0_smc_0_m00_exit_pipeline_imp_V7O0VW |        202 |        197 |       0 |    5 |   149 |      0 |      0 |          0 |
|           m00_exit                                                                                    |                                             design_1_axi_video_hp0_smc_0_bd_aff9_m00e_0 |        202 |        197 |       0 |    5 |   149 |      0 |      0 |          0 |
|             inst                                                                                      |                                        design_1_axi_video_hp0_smc_0_sc_exit_v1_0_16_top |        202 |        197 |       0 |    5 |   149 |      0 |      0 |          0 |
|               (inst)                                                                                  |                                        design_1_axi_video_hp0_smc_0_sc_exit_v1_0_16_top |          1 |          1 |       0 |    0 |     2 |      0 |      0 |          0 |
|               exit_inst                                                                               |                                       design_1_axi_video_hp0_smc_0_sc_exit_v1_0_16_exit |         18 |         14 |       0 |    4 |    12 |      0 |      0 |          0 |
|                 gen_r_cmd_fifo.r_cmd_fifo                                                             |           design_1_axi_video_hp0_smc_0_sc_util_v1_0_4_axic_reg_srl_fifo__parameterized2 |         18 |         14 |       0 |    4 |    12 |      0 |      0 |          0 |
|                   (gen_r_cmd_fifo.r_cmd_fifo)                                                         |           design_1_axi_video_hp0_smc_0_sc_util_v1_0_4_axic_reg_srl_fifo__parameterized2 |         14 |         14 |       0 |    0 |    12 |      0 |      0 |          0 |
|                   gen_srls[12].srl_nx1                                                                |                                   design_1_axi_video_hp0_smc_0_sc_util_v1_0_4_srl_rtl_4 |          1 |          0 |       0 |    1 |     0 |      0 |      0 |          0 |
|                   gen_srls[13].srl_nx1                                                                |                                   design_1_axi_video_hp0_smc_0_sc_util_v1_0_4_srl_rtl_5 |          1 |          0 |       0 |    1 |     0 |      0 |      0 |          0 |
|                   gen_srls[14].srl_nx1                                                                |                                   design_1_axi_video_hp0_smc_0_sc_util_v1_0_4_srl_rtl_6 |          1 |          0 |       0 |    1 |     0 |      0 |      0 |          0 |
|                   gen_srls[15].srl_nx1                                                                |                                   design_1_axi_video_hp0_smc_0_sc_util_v1_0_4_srl_rtl_7 |          2 |          1 |       0 |    1 |     0 |      0 |      0 |          0 |
|               splitter_inst                                                                           |                                   design_1_axi_video_hp0_smc_0_sc_exit_v1_0_16_splitter |        183 |        182 |       0 |    1 |   132 |      0 |      0 |          0 |
|                 (splitter_inst)                                                                       |                                   design_1_axi_video_hp0_smc_0_sc_exit_v1_0_16_splitter |          1 |          1 |       0 |    0 |     0 |      0 |      0 |          0 |
|                 gen_axi3.splitter_inst                                                                |                                  design_1_axi_video_hp0_smc_0_sc_exit_v1_0_16_axi3_conv |        182 |        181 |       0 |    1 |   132 |      0 |      0 |          0 |
|                   (gen_axi3.splitter_inst)                                                            |                                  design_1_axi_video_hp0_smc_0_sc_exit_v1_0_16_axi3_conv |         54 |         54 |       0 |    0 |    59 |      0 |      0 |          0 |
|                   ar_cmd_reg                                                                          |                               design_1_axi_video_hp0_smc_0_sc_util_v1_0_4_axi_reg_stall |        114 |        114 |       0 |    0 |    64 |      0 |      0 |          0 |
|                   gen_rsplitter.gen_rthread_loop[0].r_split_fifo                                      |                           design_1_axi_video_hp0_smc_0_sc_util_v1_0_4_axic_reg_srl_fifo |         16 |         15 |       0 |    1 |     9 |      0 |      0 |          0 |
|                     (gen_rsplitter.gen_rthread_loop[0].r_split_fifo)                                  |                           design_1_axi_video_hp0_smc_0_sc_util_v1_0_4_axic_reg_srl_fifo |         13 |         13 |       0 |    0 |     9 |      0 |      0 |          0 |
|                     gen_srls[0].srl_nx1                                                               |                                     design_1_axi_video_hp0_smc_0_sc_util_v1_0_4_srl_rtl |          3 |          2 |       0 |    1 |     0 |      0 |      0 |          0 |
|               xpm_cdc_async_rst_inst                                                                  |                                       design_1_axi_video_hp0_smc_0_xpm_cdc_async_rst__1 |          1 |          1 |       0 |    0 |     3 |      0 |      0 |          0 |
|         m00_sc2axi                                                                                    |                                           design_1_axi_video_hp0_smc_0_bd_aff9_m00s2a_0 |          0 |          0 |       0 |    0 |     0 |      0 |      0 |          0 |
|           inst                                                                                        |                                      design_1_axi_video_hp0_smc_0_sc_sc2axi_v1_0_10_top |          0 |          0 |       0 |    0 |     0 |      0 |      0 |          0 |
|         s00_axi2sc                                                                                    |                                           design_1_axi_video_hp0_smc_0_bd_aff9_s00a2s_0 |          0 |          0 |       0 |    0 |     0 |      0 |      0 |          0 |
|           inst                                                                                        |                                      design_1_axi_video_hp0_smc_0_sc_axi2sc_v1_0_10_top |          0 |          0 |       0 |    0 |     0 |      0 |      0 |          0 |
|         s00_entry_pipeline                                                                            |                             design_1_axi_video_hp0_smc_0_s00_entry_pipeline_imp_1VIOKU7 |         21 |         21 |       0 |    0 |    14 |      0 |      0 |          0 |
|           s00_mmu                                                                                     |                                           design_1_axi_video_hp0_smc_0_bd_aff9_s00mmu_0 |         10 |         10 |       0 |    0 |    10 |      0 |      0 |          0 |
|             inst                                                                                      |                                         design_1_axi_video_hp0_smc_0_sc_mmu_v1_0_14_top |         10 |         10 |       0 |    0 |    10 |      0 |      0 |          0 |
|               (inst)                                                                                  |                                         design_1_axi_video_hp0_smc_0_sc_mmu_v1_0_14_top |          9 |          9 |       0 |    0 |     7 |      0 |      0 |          0 |
|               xpm_cdc_async_rst_inst                                                                  |                                       design_1_axi_video_hp0_smc_0_xpm_cdc_async_rst__2 |          1 |          1 |       0 |    0 |     3 |      0 |      0 |          0 |
|           s00_si_converter                                                                            |                                           design_1_axi_video_hp0_smc_0_bd_aff9_s00sic_0 |         12 |         12 |       0 |    0 |     4 |      0 |      0 |          0 |
|             inst                                                                                      |                                design_1_axi_video_hp0_smc_0_sc_si_converter_v1_0_14_top |         12 |         12 |       0 |    0 |     4 |      0 |      0 |          0 |
|               (inst)                                                                                  |                                design_1_axi_video_hp0_smc_0_sc_si_converter_v1_0_14_top |         11 |         11 |       0 |    0 |     1 |      0 |      0 |          0 |
|               xpm_cdc_async_rst_inst                                                                  |                                       design_1_axi_video_hp0_smc_0_xpm_cdc_async_rst__3 |          1 |          1 |       0 |    0 |     3 |      0 |      0 |          0 |
|           s00_transaction_regulator                                                                   |                                            design_1_axi_video_hp0_smc_0_bd_aff9_s00tr_0 |          0 |          0 |       0 |    0 |     0 |      0 |      0 |          0 |
|             inst                                                                                      |                       design_1_axi_video_hp0_smc_0_sc_transaction_regulator_v1_0_11_top |          0 |          0 |       0 |    0 |     0 |      0 |      0 |          0 |
|         s00_nodes                                                                                     |                                      design_1_axi_video_hp0_smc_0_s00_nodes_imp_1S2Q8O5 |        187 |         87 |     100 |    0 |   191 |      0 |      0 |          0 |
|           s00_ar_node                                                                                 |                                             design_1_axi_video_hp0_smc_0_bd_aff9_sarn_0 |         96 |         44 |      52 |    0 |    95 |      0 |      0 |          0 |
|             inst                                                                                      |                                        design_1_axi_video_hp0_smc_0_sc_node_v1_0_17_top |         96 |         44 |      52 |    0 |    95 |      0 |      0 |          0 |
|               (inst)                                                                                  |                                        design_1_axi_video_hp0_smc_0_sc_node_v1_0_17_top |          3 |          3 |       0 |    0 |     1 |      0 |      0 |          0 |
|               inst_mi_handler                                                                         |                                 design_1_axi_video_hp0_smc_0_sc_node_v1_0_17_mi_handler |         92 |         40 |      52 |    0 |    90 |      0 |      0 |          0 |
|                 (inst_mi_handler)                                                                     |                                 design_1_axi_video_hp0_smc_0_sc_node_v1_0_17_mi_handler |          0 |          0 |       0 |    0 |     2 |      0 |      0 |          0 |
|                 gen_normal_area.inst_fifo_node_payld                                                  |                                       design_1_axi_video_hp0_smc_0_sc_node_v1_0_17_fifo |         92 |         40 |      52 |    0 |    88 |      0 |      0 |          0 |
|                   gen_xpm_memory_fifo.inst_fifo                                                       |                             design_1_axi_video_hp0_smc_0_sc_util_v1_0_4_xpm_memory_fifo |         92 |         40 |      52 |    0 |    88 |      0 |      0 |          0 |
|                     (gen_xpm_memory_fifo.inst_fifo)                                                   |                             design_1_axi_video_hp0_smc_0_sc_util_v1_0_4_xpm_memory_fifo |          6 |          6 |       0 |    0 |     4 |      0 |      0 |          0 |
|                     gen_mem_rep[0].inst_rd_addrb                                                      |                                   design_1_axi_video_hp0_smc_0_sc_util_v1_0_4_counter_1 |          6 |          6 |       0 |    0 |     6 |      0 |      0 |          0 |
|                     gen_mem_rep[0].inst_wr_addra                                                      |                                   design_1_axi_video_hp0_smc_0_sc_util_v1_0_4_counter_2 |          5 |          5 |       0 |    0 |     6 |      0 |      0 |          0 |
|                     gen_mem_rep[0].inst_xpm_memory                                                    |                                          design_1_axi_video_hp0_smc_0_xpm_memory_sdpram |         52 |          0 |      52 |    0 |    66 |      0 |      0 |          0 |
|                       xpm_memory_base_inst                                                            |                                            design_1_axi_video_hp0_smc_0_xpm_memory_base |         52 |          0 |      52 |    0 |    66 |      0 |      0 |          0 |
|                     gen_wr.inst_wr_addra_p1                                                           |                   design_1_axi_video_hp0_smc_0_sc_util_v1_0_4_counter__parameterized0_3 |         23 |         23 |       0 |    0 |     6 |      0 |      0 |          0 |
|               inst_si_handler                                                                         |                                 design_1_axi_video_hp0_smc_0_sc_node_v1_0_17_si_handler |          1 |          1 |       0 |    0 |     1 |      0 |      0 |          0 |
|               s_sc_xpm_cdc_async_rst_inst                                                             |                                       design_1_axi_video_hp0_smc_0_xpm_cdc_async_rst__5 |          1 |          1 |       0 |    0 |     3 |      0 |      0 |          0 |
|           s00_r_node                                                                                  |                                              design_1_axi_video_hp0_smc_0_bd_aff9_srn_0 |         91 |         43 |      48 |    0 |    96 |      0 |      0 |          0 |
|             inst                                                                                      |                        design_1_axi_video_hp0_smc_0_sc_node_v1_0_17_top__parameterized0 |         91 |         43 |      48 |    0 |    96 |      0 |      0 |          0 |
|               (inst)                                                                                  |                        design_1_axi_video_hp0_smc_0_sc_node_v1_0_17_top__parameterized0 |          3 |          3 |       0 |    0 |     1 |      0 |      0 |          0 |
|               inst_mi_handler                                                                         |                 design_1_axi_video_hp0_smc_0_sc_node_v1_0_17_mi_handler__parameterized0 |         86 |         38 |      48 |    0 |    91 |      0 |      0 |          0 |
|                 (inst_mi_handler)                                                                     |                 design_1_axi_video_hp0_smc_0_sc_node_v1_0_17_mi_handler__parameterized0 |          0 |          0 |       0 |    0 |     2 |      0 |      0 |          0 |
|                 gen_normal_area.inst_fifo_node_payld                                                  |                       design_1_axi_video_hp0_smc_0_sc_node_v1_0_17_fifo__parameterized0 |         86 |         38 |      48 |    0 |    89 |      0 |      0 |          0 |
|                   gen_xpm_memory_fifo.inst_fifo                                                       |             design_1_axi_video_hp0_smc_0_sc_util_v1_0_4_xpm_memory_fifo__parameterized0 |         86 |         38 |      48 |    0 |    89 |      0 |      0 |          0 |
|                     (gen_xpm_memory_fifo.inst_fifo)                                                   |             design_1_axi_video_hp0_smc_0_sc_util_v1_0_4_xpm_memory_fifo__parameterized0 |          4 |          4 |       0 |    0 |     4 |      0 |      0 |          0 |
|                     gen_mem_rep[0].inst_rd_addrb                                                      |                                     design_1_axi_video_hp0_smc_0_sc_util_v1_0_4_counter |          6 |          6 |       0 |    0 |     6 |      0 |      0 |          0 |
|                     gen_mem_rep[0].inst_wr_addra                                                      |                                   design_1_axi_video_hp0_smc_0_sc_util_v1_0_4_counter_0 |          5 |          5 |       0 |    0 |     6 |      0 |      0 |          0 |
|                     gen_mem_rep[0].inst_xpm_memory                                                    |                          design_1_axi_video_hp0_smc_0_xpm_memory_sdpram__parameterized0 |         48 |          0 |      48 |    0 |    67 |      0 |      0 |          0 |
|                       xpm_memory_base_inst                                                            |                            design_1_axi_video_hp0_smc_0_xpm_memory_base__parameterized0 |         48 |          0 |      48 |    0 |    67 |      0 |      0 |          0 |
|                     gen_wr.inst_wr_addra_p1                                                           |                     design_1_axi_video_hp0_smc_0_sc_util_v1_0_4_counter__parameterized0 |         23 |         23 |       0 |    0 |     6 |      0 |      0 |          0 |
|               inst_si_handler                                                                         |                 design_1_axi_video_hp0_smc_0_sc_node_v1_0_17_si_handler__parameterized0 |          1 |          1 |       0 |    0 |     1 |      0 |      0 |          0 |
|               s_sc_xpm_cdc_async_rst_inst                                                             |                                       design_1_axi_video_hp0_smc_0_xpm_cdc_async_rst__7 |          1 |          1 |       0 |    0 |     3 |      0 |      0 |          0 |
|     axis_subset_converter_out                                                                         |                                                    design_1_axis_subset_converter_out_0 |          0 |          0 |       0 |    0 |     0 |      0 |      0 |          0 |
|       inst                                                                                            |           design_1_axis_subset_converter_out_0_top_design_1_axis_subset_converter_out_0 |          0 |          0 |       0 |    0 |     0 |      0 |      0 |          0 |
|     gemv_q8_0_dma_top_0                                                                               |                                                          design_1_gemv_q8_0_dma_top_0_0 |      13081 |      13081 |       0 |    0 |  3803 |      0 |      0 |         68 |
|       (gemv_q8_0_dma_top_0)                                                                           |                                                          design_1_gemv_q8_0_dma_top_0_0 |          0 |          0 |       0 |    0 |     0 |      0 |      0 |          0 |
|       inst                                                                                            |                                        design_1_gemv_q8_0_dma_top_0_0_gemv_q8_0_dma_top |      13081 |      13081 |       0 |    0 |  3803 |      0 |      0 |         68 |
|         (inst)                                                                                        |                                        design_1_gemv_q8_0_dma_top_0_0_gemv_q8_0_dma_top |          0 |          0 |       0 |    0 |     1 |      0 |      0 |          0 |
|         core                                                                                          |                                    design_1_gemv_q8_0_dma_top_0_0_gemv_q8_0_stream_core |      12922 |      12922 |       0 |    0 |  3614 |      0 |      0 |         68 |
|         ctrl                                                                                          |                                  design_1_gemv_q8_0_dma_top_0_0_gemv_q8_0_ctrl_axi_lite |        159 |        159 |       0 |    0 |   188 |      0 |      0 |          0 |
|     input_vector_bram                                                                                 |                                                            design_1_input_vector_bram_0 |          7 |          5 |       0 |    2 |    10 |     16 |      0 |          0 |
|       U0                                                                                              |                                        design_1_input_vector_bram_0_blk_mem_gen_v8_4_10 |          7 |          5 |       0 |    2 |    10 |     16 |      0 |          0 |
|         inst_blk_mem_gen                                                                              |                                  design_1_input_vector_bram_0_blk_mem_gen_v8_4_10_synth |          7 |          5 |       0 |    2 |    10 |     16 |      0 |          0 |
|           gnbram.gnative_mem_map_bmg.native_mem_map_blk_mem_gen                                       |                                            design_1_input_vector_bram_0_blk_mem_gen_top |          7 |          5 |       0 |    2 |    10 |     16 |      0 |          0 |
|             valid.cstr                                                                                |                                   design_1_input_vector_bram_0_blk_mem_gen_generic_cstr |          7 |          5 |       0 |    2 |    10 |     16 |      0 |          0 |
|               ramloop[0].ram.r                                                                        |                                     design_1_input_vector_bram_0_blk_mem_gen_prim_width |          0 |          0 |       0 |    0 |     0 |      1 |      0 |          0 |
|                 prim_noinit.ram                                                                       |                                   design_1_input_vector_bram_0_blk_mem_gen_prim_wrapper |          0 |          0 |       0 |    0 |     0 |      1 |      0 |          0 |
|               ramloop[10].ram.r                                                                       |                     design_1_input_vector_bram_0_blk_mem_gen_prim_width__parameterized9 |          0 |          0 |       0 |    0 |     0 |      1 |      0 |          0 |
|                 prim_noinit.ram                                                                       |                   design_1_input_vector_bram_0_blk_mem_gen_prim_wrapper__parameterized9 |          0 |          0 |       0 |    0 |     0 |      1 |      0 |          0 |
|               ramloop[11].ram.r                                                                       |                    design_1_input_vector_bram_0_blk_mem_gen_prim_width__parameterized10 |          0 |          0 |       0 |    0 |     0 |      1 |      0 |          0 |
|                 prim_noinit.ram                                                                       |                  design_1_input_vector_bram_0_blk_mem_gen_prim_wrapper__parameterized10 |          0 |          0 |       0 |    0 |     0 |      1 |      0 |          0 |
|               ramloop[12].ram.r                                                                       |                    design_1_input_vector_bram_0_blk_mem_gen_prim_width__parameterized11 |          0 |          0 |       0 |    0 |     0 |      1 |      0 |          0 |
|                 prim_noinit.ram                                                                       |                  design_1_input_vector_bram_0_blk_mem_gen_prim_wrapper__parameterized11 |          0 |          0 |       0 |    0 |     0 |      1 |      0 |          0 |
|               ramloop[13].ram.r                                                                       |                    design_1_input_vector_bram_0_blk_mem_gen_prim_width__parameterized12 |          0 |          0 |       0 |    0 |     0 |      1 |      0 |          0 |
|                 prim_noinit.ram                                                                       |                  design_1_input_vector_bram_0_blk_mem_gen_prim_wrapper__parameterized12 |          0 |          0 |       0 |    0 |     0 |      1 |      0 |          0 |
|               ramloop[14].ram.r                                                                       |                    design_1_input_vector_bram_0_blk_mem_gen_prim_width__parameterized13 |          0 |          0 |       0 |    0 |     0 |      1 |      0 |          0 |
|                 prim_noinit.ram                                                                       |                  design_1_input_vector_bram_0_blk_mem_gen_prim_wrapper__parameterized13 |          0 |          0 |       0 |    0 |     0 |      1 |      0 |          0 |
|               ramloop[15].ram.r                                                                       |                    design_1_input_vector_bram_0_blk_mem_gen_prim_width__parameterized14 |          7 |          5 |       0 |    2 |    10 |      1 |      0 |          0 |
|                 (ramloop[15].ram.r)                                                                   |                    design_1_input_vector_bram_0_blk_mem_gen_prim_width__parameterized14 |          4 |          2 |       0 |    2 |    10 |      0 |      0 |          0 |
|                 prim_noinit.ram                                                                       |                  design_1_input_vector_bram_0_blk_mem_gen_prim_wrapper__parameterized14 |          3 |          3 |       0 |    0 |     0 |      1 |      0 |          0 |
|               ramloop[1].ram.r                                                                        |                     design_1_input_vector_bram_0_blk_mem_gen_prim_width__parameterized0 |          0 |          0 |       0 |    0 |     0 |      1 |      0 |          0 |
|                 prim_noinit.ram                                                                       |                   design_1_input_vector_bram_0_blk_mem_gen_prim_wrapper__parameterized0 |          0 |          0 |       0 |    0 |     0 |      1 |      0 |          0 |
|               ramloop[2].ram.r                                                                        |                     design_1_input_vector_bram_0_blk_mem_gen_prim_width__parameterized1 |          0 |          0 |       0 |    0 |     0 |      1 |      0 |          0 |
|                 prim_noinit.ram                                                                       |                   design_1_input_vector_bram_0_blk_mem_gen_prim_wrapper__parameterized1 |          0 |          0 |       0 |    0 |     0 |      1 |      0 |          0 |
|               ramloop[3].ram.r                                                                        |                     design_1_input_vector_bram_0_blk_mem_gen_prim_width__parameterized2 |          0 |          0 |       0 |    0 |     0 |      1 |      0 |          0 |
|                 prim_noinit.ram                                                                       |                   design_1_input_vector_bram_0_blk_mem_gen_prim_wrapper__parameterized2 |          0 |          0 |       0 |    0 |     0 |      1 |      0 |          0 |
|               ramloop[4].ram.r                                                                        |                     design_1_input_vector_bram_0_blk_mem_gen_prim_width__parameterized3 |          0 |          0 |       0 |    0 |     0 |      1 |      0 |          0 |
|                 prim_noinit.ram                                                                       |                   design_1_input_vector_bram_0_blk_mem_gen_prim_wrapper__parameterized3 |          0 |          0 |       0 |    0 |     0 |      1 |      0 |          0 |
|               ramloop[5].ram.r                                                                        |                     design_1_input_vector_bram_0_blk_mem_gen_prim_width__parameterized4 |          0 |          0 |       0 |    0 |     0 |      1 |      0 |          0 |
|                 prim_noinit.ram                                                                       |                   design_1_input_vector_bram_0_blk_mem_gen_prim_wrapper__parameterized4 |          0 |          0 |       0 |    0 |     0 |      1 |      0 |          0 |
|               ramloop[6].ram.r                                                                        |                     design_1_input_vector_bram_0_blk_mem_gen_prim_width__parameterized5 |          0 |          0 |       0 |    0 |     0 |      1 |      0 |          0 |
|                 prim_noinit.ram                                                                       |                   design_1_input_vector_bram_0_blk_mem_gen_prim_wrapper__parameterized5 |          0 |          0 |       0 |    0 |     0 |      1 |      0 |          0 |
|               ramloop[7].ram.r                                                                        |                     design_1_input_vector_bram_0_blk_mem_gen_prim_width__parameterized6 |          0 |          0 |       0 |    0 |     0 |      1 |      0 |          0 |
|                 prim_noinit.ram                                                                       |                   design_1_input_vector_bram_0_blk_mem_gen_prim_wrapper__parameterized6 |          0 |          0 |       0 |    0 |     0 |      1 |      0 |          0 |
|               ramloop[8].ram.r                                                                        |                     design_1_input_vector_bram_0_blk_mem_gen_prim_width__parameterized7 |          0 |          0 |       0 |    0 |     0 |      1 |      0 |          0 |
|                 prim_noinit.ram                                                                       |                   design_1_input_vector_bram_0_blk_mem_gen_prim_wrapper__parameterized7 |          0 |          0 |       0 |    0 |     0 |      1 |      0 |          0 |
|               ramloop[9].ram.r                                                                        |                     design_1_input_vector_bram_0_blk_mem_gen_prim_width__parameterized8 |          0 |          0 |       0 |    0 |     0 |      1 |      0 |          0 |
|                 prim_noinit.ram                                                                       |                   design_1_input_vector_bram_0_blk_mem_gen_prim_wrapper__parameterized8 |          0 |          0 |       0 |    0 |     0 |      1 |      0 |          0 |
|     mm2s_axis_fifo                                                                                    |                                                               design_1_mm2s_axis_fifo_0 |         43 |         43 |       0 |    0 |    57 |      1 |      1 |          0 |
|       inst                                                                                            |                                    design_1_mm2s_axis_fifo_0_axis_data_fifo_v2_0_16_top |         43 |         43 |       0 |    0 |    57 |      1 |      1 |          0 |
|         gen_fifo.xpm_fifo_axis_inst                                                                   |                                                 design_1_mm2s_axis_fifo_0_xpm_fifo_axis |         43 |         43 |       0 |    0 |    57 |      1 |      1 |          0 |
|           (gen_fifo.xpm_fifo_axis_inst)                                                               |                                                 design_1_mm2s_axis_fifo_0_xpm_fifo_axis |          2 |          2 |       0 |    0 |     0 |      0 |      0 |          0 |
|           gaxis_rst_sync.xpm_cdc_sync_rst_inst                                                        |                                              design_1_mm2s_axis_fifo_0_xpm_cdc_sync_rst |          0 |          0 |       0 |    0 |     4 |      0 |      0 |          0 |
|           xpm_fifo_base_inst                                                                          |                                                 design_1_mm2s_axis_fifo_0_xpm_fifo_base |         41 |         41 |       0 |    0 |    53 |      1 |      1 |          0 |
|             (xpm_fifo_base_inst)                                                                      |                                                 design_1_mm2s_axis_fifo_0_xpm_fifo_base |          4 |          4 |       0 |    0 |     7 |      0 |      0 |          0 |
|             gen_sdpram.xpm_memory_base_inst                                                           |                                               design_1_mm2s_axis_fifo_0_xpm_memory_base |          0 |          0 |       0 |    0 |     0 |      1 |      1 |          0 |
|             rdp_inst                                                                                  |                              design_1_mm2s_axis_fifo_0_xpm_counter_updn__parameterized0 |          1 |          1 |       0 |    0 |    10 |      0 |      0 |          0 |
|             rdpp1_inst                                                                                |                              design_1_mm2s_axis_fifo_0_xpm_counter_updn__parameterized1 |         14 |         14 |       0 |    0 |    10 |      0 |      0 |          0 |
|             rst_d1_inst                                                                               |                                              design_1_mm2s_axis_fifo_0_xpm_fifo_reg_bit |          2 |          2 |       0 |    0 |     1 |      0 |      0 |          0 |
|             wrp_inst                                                                                  |                            design_1_mm2s_axis_fifo_0_xpm_counter_updn__parameterized0_0 |          6 |          6 |       0 |    0 |    10 |      0 |      0 |          0 |
|             wrpp1_inst                                                                                |                            design_1_mm2s_axis_fifo_0_xpm_counter_updn__parameterized1_1 |         12 |         12 |       0 |    0 |    10 |      0 |      0 |          0 |
|             xpm_fifo_rst_inst                                                                         |                                                  design_1_mm2s_axis_fifo_0_xpm_fifo_rst |          4 |          4 |       0 |    0 |     5 |      0 |      0 |          0 |
|     processing_system7_0                                                                              |                                                         design_1_processing_system7_0_0 |          2 |          2 |       0 |    0 |     0 |      0 |      0 |          0 |
|       (processing_system7_0)                                                                          |                                                         design_1_processing_system7_0_0 |          0 |          0 |       0 |    0 |     0 |      0 |      0 |          0 |
|       inst                                                                                            |              design_1_processing_system7_0_0_processing_system7_v5_5_processing_system7 |          2 |          2 |       0 |    0 |     0 |      0 |      0 |          0 |
|     rgb2dvi_1                                                                                         |                                                                    design_1_rgb2dvi_1_0 |        157 |        157 |       0 |    0 |   134 |      0 |      0 |          0 |
|       U0                                                                                              |                                                            design_1_rgb2dvi_1_0_rgb2dvi |        157 |        157 |       0 |    0 |   134 |      0 |      0 |          0 |
|         ClockSerializer                                                                               |                                                       design_1_rgb2dvi_1_0_OutputSERDES |          0 |          0 |       0 |    0 |     0 |      0 |      0 |          0 |
|         DataEncoders[0].DataEncoder                                                                   |                                                       design_1_rgb2dvi_1_0_TMDS_Encoder |         55 |         55 |       0 |    0 |    48 |      0 |      0 |          0 |
|         DataEncoders[0].DataSerializer                                                                |                                                     design_1_rgb2dvi_1_0_OutputSERDES_0 |          0 |          0 |       0 |    0 |     0 |      0 |      0 |          0 |
|         DataEncoders[1].DataEncoder                                                                   |                                                     design_1_rgb2dvi_1_0_TMDS_Encoder_1 |         50 |         50 |       0 |    0 |    42 |      0 |      0 |          0 |
|         DataEncoders[1].DataSerializer                                                                |                                                     design_1_rgb2dvi_1_0_OutputSERDES_2 |          0 |          0 |       0 |    0 |     0 |      0 |      0 |          0 |
|         DataEncoders[2].DataEncoder                                                                   |                                                     design_1_rgb2dvi_1_0_TMDS_Encoder_3 |         50 |         50 |       0 |    0 |    42 |      0 |      0 |          0 |
|         DataEncoders[2].DataSerializer                                                                |                                                     design_1_rgb2dvi_1_0_OutputSERDES_4 |          0 |          0 |       0 |    0 |     0 |      0 |      0 |          0 |
|         LockLostReset                                                                                 |                                                        design_1_rgb2dvi_1_0_ResetBridge |          2 |          2 |       0 |    0 |     2 |      0 |      0 |          0 |
|           (LockLostReset)                                                                             |                                                        design_1_rgb2dvi_1_0_ResetBridge |          1 |          1 |       0 |    0 |     0 |      0 |      0 |          0 |
|           SyncAsyncx                                                                                  |                                                          design_1_rgb2dvi_1_0_SyncAsync |          1 |          1 |       0 |    0 |     2 |      0 |      0 |          0 |
|     rst_ps7_0_100M                                                                                    |                                                               design_1_rst_ps7_0_100M_0 |         17 |         16 |       0 |    1 |    33 |      0 |      0 |          0 |
|       U0                                                                                              |                                                design_1_rst_ps7_0_100M_0_proc_sys_reset |         17 |         16 |       0 |    1 |    33 |      0 |      0 |          0 |
|         (U0)                                                                                          |                                                design_1_rst_ps7_0_100M_0_proc_sys_reset |          0 |          0 |       0 |    0 |     1 |      0 |      0 |          0 |
|         EXT_LPF                                                                                       |                                                           design_1_rst_ps7_0_100M_0_lpf |          5 |          4 |       0 |    1 |    17 |      0 |      0 |          0 |
|           (EXT_LPF)                                                                                   |                                                           design_1_rst_ps7_0_100M_0_lpf |          2 |          1 |       0 |    1 |     9 |      0 |      0 |          0 |
|           ACTIVE_LOW_AUX.ACT_LO_AUX                                                                   |                                                      design_1_rst_ps7_0_100M_0_cdc_sync |          1 |          1 |       0 |    0 |     4 |      0 |      0 |          0 |
|           ACTIVE_LOW_EXT.ACT_LO_EXT                                                                   |                                                    design_1_rst_ps7_0_100M_0_cdc_sync_0 |          2 |          2 |       0 |    0 |     4 |      0 |      0 |          0 |
|         SEQ                                                                                           |                                                  design_1_rst_ps7_0_100M_0_sequence_psr |         12 |         12 |       0 |    0 |    15 |      0 |      0 |          0 |
|           (SEQ)                                                                                       |                                                  design_1_rst_ps7_0_100M_0_sequence_psr |          7 |          7 |       0 |    0 |     9 |      0 |      0 |          0 |
|           SEQ_COUNTER                                                                                 |                                                       design_1_rst_ps7_0_100M_0_upcnt_n |          5 |          5 |       0 |    0 |     6 |      0 |      0 |          0 |
|     rst_ps7_0_133M                                                                                    |                                                               design_1_rst_ps7_0_133M_0 |         17 |         16 |       0 |    1 |    33 |      0 |      0 |          0 |
|       U0                                                                                              |                                                design_1_rst_ps7_0_133M_0_proc_sys_reset |         17 |         16 |       0 |    1 |    33 |      0 |      0 |          0 |
|         (U0)                                                                                          |                                                design_1_rst_ps7_0_133M_0_proc_sys_reset |          0 |          0 |       0 |    0 |     1 |      0 |      0 |          0 |
|         EXT_LPF                                                                                       |                                                           design_1_rst_ps7_0_133M_0_lpf |          5 |          4 |       0 |    1 |    17 |      0 |      0 |          0 |
|           (EXT_LPF)                                                                                   |                                                           design_1_rst_ps7_0_133M_0_lpf |          2 |          1 |       0 |    1 |     9 |      0 |      0 |          0 |
|           ACTIVE_LOW_AUX.ACT_LO_AUX                                                                   |                                                      design_1_rst_ps7_0_133M_0_cdc_sync |          1 |          1 |       0 |    0 |     4 |      0 |      0 |          0 |
|           ACTIVE_LOW_EXT.ACT_LO_EXT                                                                   |                                                    design_1_rst_ps7_0_133M_0_cdc_sync_0 |          2 |          2 |       0 |    0 |     4 |      0 |      0 |          0 |
|         SEQ                                                                                           |                                                  design_1_rst_ps7_0_133M_0_sequence_psr |         12 |         12 |       0 |    0 |    15 |      0 |      0 |          0 |
|           (SEQ)                                                                                       |                                                  design_1_rst_ps7_0_133M_0_sequence_psr |          7 |          7 |       0 |    0 |     9 |      0 |      0 |          0 |
|           SEQ_COUNTER                                                                                 |                                                       design_1_rst_ps7_0_133M_0_upcnt_n |          5 |          5 |       0 |    0 |     6 |      0 |      0 |          0 |
|     rst_ps7_0_gemv                                                                                    |                                                               design_1_rst_ps7_0_gemv_0 |         17 |         16 |       0 |    1 |    33 |      0 |      0 |          0 |
|       U0                                                                                              |                                                design_1_rst_ps7_0_gemv_0_proc_sys_reset |         17 |         16 |       0 |    1 |    33 |      0 |      0 |          0 |
|         (U0)                                                                                          |                                                design_1_rst_ps7_0_gemv_0_proc_sys_reset |          0 |          0 |       0 |    0 |     1 |      0 |      0 |          0 |
|         EXT_LPF                                                                                       |                                                           design_1_rst_ps7_0_gemv_0_lpf |          5 |          4 |       0 |    1 |    17 |      0 |      0 |          0 |
|           (EXT_LPF)                                                                                   |                                                           design_1_rst_ps7_0_gemv_0_lpf |          2 |          1 |       0 |    1 |     9 |      0 |      0 |          0 |
|           ACTIVE_LOW_AUX.ACT_LO_AUX                                                                   |                                                      design_1_rst_ps7_0_gemv_0_cdc_sync |          1 |          1 |       0 |    0 |     4 |      0 |      0 |          0 |
|           ACTIVE_LOW_EXT.ACT_LO_EXT                                                                   |                                                    design_1_rst_ps7_0_gemv_0_cdc_sync_0 |          2 |          2 |       0 |    0 |     4 |      0 |      0 |          0 |
|         SEQ                                                                                           |                                                  design_1_rst_ps7_0_gemv_0_sequence_psr |         12 |         12 |       0 |    0 |    15 |      0 |      0 |          0 |
|           (SEQ)                                                                                       |                                                  design_1_rst_ps7_0_gemv_0_sequence_psr |          7 |          7 |       0 |    0 |     9 |      0 |      0 |          0 |
|           SEQ_COUNTER                                                                                 |                                                       design_1_rst_ps7_0_gemv_0_upcnt_n |          5 |          5 |       0 |    0 |     6 |      0 |      0 |          0 |
|     s2mm_axis_fifo                                                                                    |                                                               design_1_s2mm_axis_fifo_0 |         43 |         43 |       0 |    0 |    57 |      1 |      1 |          0 |
|       inst                                                                                            |                                    design_1_s2mm_axis_fifo_0_axis_data_fifo_v2_0_16_top |         43 |         43 |       0 |    0 |    57 |      1 |      1 |          0 |
|         gen_fifo.xpm_fifo_axis_inst                                                                   |                                                 design_1_s2mm_axis_fifo_0_xpm_fifo_axis |         43 |         43 |       0 |    0 |    57 |      1 |      1 |          0 |
|           (gen_fifo.xpm_fifo_axis_inst)                                                               |                                                 design_1_s2mm_axis_fifo_0_xpm_fifo_axis |          2 |          2 |       0 |    0 |     0 |      0 |      0 |          0 |
|           gaxis_rst_sync.xpm_cdc_sync_rst_inst                                                        |                                              design_1_s2mm_axis_fifo_0_xpm_cdc_sync_rst |          0 |          0 |       0 |    0 |     4 |      0 |      0 |          0 |
|           xpm_fifo_base_inst                                                                          |                                                 design_1_s2mm_axis_fifo_0_xpm_fifo_base |         41 |         41 |       0 |    0 |    53 |      1 |      1 |          0 |
|             (xpm_fifo_base_inst)                                                                      |                                                 design_1_s2mm_axis_fifo_0_xpm_fifo_base |          4 |          4 |       0 |    0 |     7 |      0 |      0 |          0 |
|             gen_sdpram.xpm_memory_base_inst                                                           |                                               design_1_s2mm_axis_fifo_0_xpm_memory_base |          0 |          0 |       0 |    0 |     0 |      1 |      1 |          0 |
|             rdp_inst                                                                                  |                              design_1_s2mm_axis_fifo_0_xpm_counter_updn__parameterized0 |          1 |          1 |       0 |    0 |    10 |      0 |      0 |          0 |
|             rdpp1_inst                                                                                |                              design_1_s2mm_axis_fifo_0_xpm_counter_updn__parameterized1 |         14 |         14 |       0 |    0 |    10 |      0 |      0 |          0 |
|             rst_d1_inst                                                                               |                                              design_1_s2mm_axis_fifo_0_xpm_fifo_reg_bit |          2 |          2 |       0 |    0 |     1 |      0 |      0 |          0 |
|             wrp_inst                                                                                  |                            design_1_s2mm_axis_fifo_0_xpm_counter_updn__parameterized0_0 |          6 |          6 |       0 |    0 |    10 |      0 |      0 |          0 |
|             wrpp1_inst                                                                                |                            design_1_s2mm_axis_fifo_0_xpm_counter_updn__parameterized1_1 |         12 |         12 |       0 |    0 |    10 |      0 |      0 |          0 |
|             xpm_fifo_rst_inst                                                                         |                                                  design_1_s2mm_axis_fifo_0_xpm_fifo_rst |          4 |          4 |       0 |    0 |     5 |      0 |      0 |          0 |
|     v_axi4s_vid_out_0                                                                                 |                                                            design_1_v_axi4s_vid_out_0_0 |        186 |        186 |       0 |    0 |   459 |      3 |      0 |          0 |
|       inst                                                                                            |                                    design_1_v_axi4s_vid_out_0_0_v_axi4s_vid_out_v4_0_19 |        186 |        186 |       0 |    0 |   459 |      3 |      0 |          0 |
|         (inst)                                                                                        |                                    design_1_v_axi4s_vid_out_0_0_v_axi4s_vid_out_v4_0_19 |          0 |          0 |       0 |    0 |     2 |      0 |      0 |          0 |
|         CDC_SINGLE_LOCKED_INST                                                                        |              design_1_v_axi4s_vid_out_0_0_v_axi4s_vid_out_v4_0_19_cdc_single__xdcDup__1 |          0 |          0 |       0 |    0 |     4 |      0 |      0 |          0 |
|           xpm_cdc_single_inst                                                                         |                                             design_1_v_axi4s_vid_out_0_0_xpm_cdc_single |          0 |          0 |       0 |    0 |     4 |      0 |      0 |          0 |
|         COUPLER_INST                                                                                  |                            design_1_v_axi4s_vid_out_0_0_v_axi4s_vid_out_v4_0_19_coupler |        118 |        118 |       0 |    0 |   349 |      3 |      0 |          0 |
|           generate_async_fifo.FIFO_INST                                                               |                         design_1_v_axi4s_vid_out_0_0_v_axi4s_vid_out_v4_0_19_fifo_async |        118 |        118 |       0 |    0 |   349 |      3 |      0 |          0 |
|             (generate_async_fifo.FIFO_INST)                                                           |                         design_1_v_axi4s_vid_out_0_0_v_axi4s_vid_out_v4_0_19_fifo_async |          8 |          8 |       0 |    0 |     0 |      0 |      0 |          0 |
|             XPM_FIFO_ASYNC_INST                                                                       |                                             design_1_v_axi4s_vid_out_0_0_xpm_fifo_async |        110 |        110 |       0 |    0 |   349 |      3 |      0 |          0 |
|               gnuram_async_fifo.xpm_fifo_base_inst                                                    |                                              design_1_v_axi4s_vid_out_0_0_xpm_fifo_base |        110 |        110 |       0 |    0 |   349 |      3 |      0 |          0 |
|                 (gnuram_async_fifo.xpm_fifo_base_inst)                                                |                                              design_1_v_axi4s_vid_out_0_0_xpm_fifo_base |          2 |          2 |       0 |    0 |    15 |      0 |      0 |          0 |
|                 gen_cdc_pntr.rd_pntr_cdc_inst                                                         |                                               design_1_v_axi4s_vid_out_0_0_xpm_cdc_gray |         17 |         17 |       0 |    0 |    60 |      0 |      0 |          0 |
|                 gen_cdc_pntr.rpw_gray_reg                                                             |                                           design_1_v_axi4s_vid_out_0_0_xpm_fifo_reg_vec |          9 |          9 |       0 |    0 |    12 |      0 |      0 |          0 |
|                 gen_cdc_pntr.wpr_gray_reg                                                             |                                         design_1_v_axi4s_vid_out_0_0_xpm_fifo_reg_vec_0 |          9 |          9 |       0 |    0 |    12 |      0 |      0 |          0 |
|                 gen_cdc_pntr.wpr_gray_reg_dc                                                          |                         design_1_v_axi4s_vid_out_0_0_xpm_fifo_reg_vec__parameterized0_1 |         10 |         10 |       0 |    0 |    13 |      0 |      0 |          0 |
|                 gen_cdc_pntr.wr_pntr_cdc_dc_inst                                                      |                               design_1_v_axi4s_vid_out_0_0_xpm_cdc_gray__parameterized0 |         18 |         18 |       0 |    0 |    91 |      0 |      0 |          0 |
|                 gen_cdc_pntr.wr_pntr_cdc_inst                                                         |                                            design_1_v_axi4s_vid_out_0_0_xpm_cdc_gray__2 |         17 |         17 |       0 |    0 |    60 |      0 |      0 |          0 |
|                 gen_fwft.rdpp1_inst                                                                   |                                           design_1_v_axi4s_vid_out_0_0_xpm_counter_updn |          5 |          5 |       0 |    0 |     2 |      0 |      0 |          0 |
|                 gen_sdpram.xpm_memory_base_inst                                                       |                                            design_1_v_axi4s_vid_out_0_0_xpm_memory_base |          0 |          0 |       0 |    0 |     0 |      3 |      0 |          0 |
|                 rdp_inst                                                                              |                           design_1_v_axi4s_vid_out_0_0_xpm_counter_updn__parameterized0 |         13 |         13 |       0 |    0 |    13 |      0 |      0 |          0 |
|                 rdpp1_inst                                                                            |                           design_1_v_axi4s_vid_out_0_0_xpm_counter_updn__parameterized1 |          1 |          1 |       0 |    0 |    12 |      0 |      0 |          0 |
|                 rst_d1_inst                                                                           |                                           design_1_v_axi4s_vid_out_0_0_xpm_fifo_reg_bit |          3 |          3 |       0 |    0 |     1 |      0 |      0 |          0 |
|                 wrp_inst                                                                              |                         design_1_v_axi4s_vid_out_0_0_xpm_counter_updn__parameterized0_2 |          0 |          0 |       0 |    0 |    13 |      0 |      0 |          0 |
|                 wrpp1_inst                                                                            |                         design_1_v_axi4s_vid_out_0_0_xpm_counter_updn__parameterized1_3 |          0 |          0 |       0 |    0 |    12 |      0 |      0 |          0 |
|                 wrpp2_inst                                                                            |                           design_1_v_axi4s_vid_out_0_0_xpm_counter_updn__parameterized2 |          0 |          0 |       0 |    0 |    12 |      0 |      0 |          0 |
|                 xpm_fifo_rst_inst                                                                     |                                               design_1_v_axi4s_vid_out_0_0_xpm_fifo_rst |         17 |         17 |       0 |    0 |    21 |      0 |      0 |          0 |
|                   (xpm_fifo_rst_inst)                                                                 |                                               design_1_v_axi4s_vid_out_0_0_xpm_fifo_rst |         17 |         17 |       0 |    0 |    13 |      0 |      0 |          0 |
|                   gen_rst_ic.rrst_wr_inst                                                             |                                           design_1_v_axi4s_vid_out_0_0_xpm_cdc_sync_rst |          0 |          0 |       0 |    0 |     4 |      0 |      0 |          0 |
|                   gen_rst_ic.wrst_rd_inst                                                             |                                        design_1_v_axi4s_vid_out_0_0_xpm_cdc_sync_rst__2 |          0 |          0 |       0 |    0 |     4 |      0 |      0 |          0 |
|         FORMATTER_INST                                                                                |                          design_1_v_axi4s_vid_out_0_0_v_axi4s_vid_out_v4_0_19_formatter |          2 |          2 |       0 |    0 |    30 |      0 |      0 |          0 |
|         SYNC_INST                                                                                     |                               design_1_v_axi4s_vid_out_0_0_v_axi4s_vid_out_v4_0_19_sync |         66 |         66 |       0 |    0 |    74 |      0 |      0 |          0 |
|     v_tc_out                                                                                          |                                                                     design_1_v_tc_out_0 |        958 |        953 |       0 |    5 |  2597 |      0 |      0 |          0 |
|       U0                                                                                              |                                                                design_1_v_tc_out_0_v_tc |        958 |        953 |       0 |    5 |  2597 |      0 |      0 |          0 |
|         (U0)                                                                                          |                                                                design_1_v_tc_out_0_v_tc |          1 |          1 |       0 |    0 |     1 |      0 |      0 |          0 |
|         U_TC_TOP                                                                                      |                                                              design_1_v_tc_out_0_tc_top |        197 |        195 |       0 |    2 |   239 |      0 |      0 |          0 |
|           (U_TC_TOP)                                                                                  |                                                              design_1_v_tc_out_0_tc_top |          8 |          6 |       0 |    2 |    14 |      0 |      0 |          0 |
|           GEN_GENERATOR.U_TC_GEN                                                                      |                                                        design_1_v_tc_out_0_tc_generator |        189 |        189 |       0 |    0 |   225 |      0 |      0 |          0 |
|         U_VIDEO_CTRL                                                                                  |                                                          design_1_v_tc_out_0_video_ctrl |        760 |        757 |       0 |    3 |  2355 |      0 |      0 |          0 |
|           (U_VIDEO_CTRL)                                                                              |                                                          design_1_v_tc_out_0_video_ctrl |         68 |         68 |       0 |    0 |  1251 |      0 |      0 |          0 |
|           AXI4_LITE_INTERFACE.AXI_LITE_IPIF_I                                                         |                                                       design_1_v_tc_out_0_axi_lite_ipif |         34 |         34 |       0 |    0 |    66 |      0 |      0 |          0 |
|             I_SLAVE_ATTACHMENT                                                                        |                                                    design_1_v_tc_out_0_slave_attachment |         34 |         34 |       0 |    0 |    66 |      0 |      0 |          0 |
|               (I_SLAVE_ATTACHMENT)                                                                    |                                                    design_1_v_tc_out_0_slave_attachment |         27 |         27 |       0 |    0 |    64 |      0 |      0 |          0 |
|               I_DECODER                                                                               |                                                     design_1_v_tc_out_0_address_decoder |          7 |          7 |       0 |    0 |     2 |      0 |      0 |          0 |
|           AXI4_LITE_INTERFACE.CORE_MUX0                                                               |                                            design_1_v_tc_out_0_mux_tree__parameterized0 |         33 |         32 |       0 |    1 |    97 |      0 |      0 |          0 |
|           AXI4_LITE_INTERFACE.GENR_MUX0                                                               |                                                            design_1_v_tc_out_0_mux_tree |        291 |        289 |       0 |    2 |   713 |      0 |      0 |          0 |
|           AXI4_LITE_INTERFACE.SYNC2PROCCLK_I                                                          |                                   design_1_v_tc_out_0_video_clock_cross__parameterized0 |          5 |          5 |       0 |    0 |   102 |      0 |      0 |          0 |
|           AXI4_LITE_INTERFACE.SYNC2VIDCLK_I                                                           |                                                   design_1_v_tc_out_0_video_clock_cross |        330 |        330 |       0 |    0 |   126 |      0 |      0 |          0 |
|         xpm_cdc_single_inst                                                                           |                                                      design_1_v_tc_out_0_xpm_cdc_single |          0 |          0 |       0 |    0 |     2 |      0 |      0 |          0 |
|     xlconcat_0                                                                                        |                                                                   design_1_xlconcat_0_0 |          0 |          0 |       0 |    0 |     0 |      0 |      0 |          0 |
+-------------------------------------------------------------------------------------------------------+-----------------------------------------------------------------------------------------+------------+------------+---------+------+-------+--------+--------+------------+
* Note: The sum of lower-level cells may be larger than their parent cells total, due to cross-hierarchy LUT combining


