Copyright 1986-2022 Xilinx, Inc. All Rights Reserved. Copyright 2022-2025 Advanced Micro Devices, Inc. All Rights Reserved.
------------------------------------------------------------------------------------------------------------------------------------------------------
| Tool Version : Vivado v.2024.2.2 (lin64) Build 6060944 Thu Mar 06 19:10:09 MST 2025
| Date         : Mon Jun 29 11:22:55 2026
| Host         : pjs-laptop running 64-bit Ubuntu 26.04 LTS
| Command      : report_timing_summary -delay_type max -max_paths 50 -file reports/gptalk_dma_75mhz_timing_summary.rpt
| Design       : design_1_wrapper
| Device       : 7z020-clg400
| Speed File   : -1  PRODUCTION 1.12 2019-11-22
| Design State : Physopt postRoute
------------------------------------------------------------------------------------------------------------------------------------------------------

Timing Summary Report

------------------------------------------------------------------------------------------------
| Timer Settings
| --------------
------------------------------------------------------------------------------------------------

  Enable Multi Corner Analysis               :  Yes
  Enable Pessimism Removal                   :  Yes
  Pessimism Removal Resolution               :  Nearest Common Node
  Enable Input Delay Default Clock           :  No
  Enable Preset / Clear Arcs                 :  No
  Disable Flight Delays                      :  No
  Ignore I/O Paths                           :  No
  Timing Early Launch at Borrowing Latches   :  No
  Borrow Time for Max Delay Exceptions       :  Yes
  Merge Timing Exceptions                    :  Yes
  Inter-SLR Compensation                     :  Conservative

  Corner  Analyze    Analyze    
  Name    Max Paths  Min Paths  
  ------  ---------  ---------  
  Slow    Yes        Yes        
  Fast    Yes        Yes        


------------------------------------------------------------------------------------------------
| Report Methodology
| ------------------
------------------------------------------------------------------------------------------------

No report available as report_methodology has not been run prior. Run report_methodology on the current design for the summary of methodology violations.



check_timing report

Table of Contents
-----------------
1. checking no_clock (0)
2. checking constant_clock (0)
3. checking pulse_width_clock (0)
4. checking unconstrained_internal_endpoints (0)
5. checking no_input_delay (0)
6. checking no_output_delay (0)
7. checking multiple_clock (0)
8. checking generated_clocks (0)
9. checking loops (0)
10. checking partial_input_delay (0)
11. checking partial_output_delay (0)
12. checking latch_loops (0)

1. checking no_clock (0)
------------------------
 There are 0 register/latch pins with no clock.


2. checking constant_clock (0)
------------------------------
 There are 0 register/latch pins with constant_clock.


3. checking pulse_width_clock (0)
---------------------------------
 There are 0 register/latch pins which need pulse_width check


4. checking unconstrained_internal_endpoints (0)
------------------------------------------------
 There are 0 pins that are not constrained for maximum delay.

 There are 0 pins that are not constrained for maximum delay due to constant clock.


5. checking no_input_delay (0)
------------------------------
 There are 0 input ports with no input delay specified.

 There are 0 input ports with no input delay but user has a false path constraint.


6. checking no_output_delay (0)
-------------------------------
 There are 0 ports with no output delay specified.

 There are 0 ports with no output delay but user has a false path constraint

 There are 0 ports with no output delay but with a timing clock defined on it or propagating through it


7. checking multiple_clock (0)
------------------------------
 There are 0 register/latch pins with multiple clocks.


8. checking generated_clocks (0)
--------------------------------
 There are 0 generated clocks that are not connected to a clock source.


9. checking loops (0)
---------------------
 There are 0 combinational loops in the design.


10. checking partial_input_delay (0)
------------------------------------
 There are 0 input ports with partial input delay specified.


11. checking partial_output_delay (0)
-------------------------------------
 There are 0 ports with partial output delay specified.


12. checking latch_loops (0)
----------------------------
 There are 0 combinational latch loops in the design through latch input



------------------------------------------------------------------------------------------------
| Design Timing Summary
| ---------------------
------------------------------------------------------------------------------------------------

    WNS(ns)      TNS(ns)  TNS Failing Endpoints  TNS Total Endpoints     WPWS(ns)     TPWS(ns)  TPWS Failing Endpoints  TPWS Total Endpoints  
    -------      -------  ---------------------  -------------------     --------     --------  ----------------------  --------------------  
      0.000        0.000                      0                58026        5.249        0.000                       0                 18584  


All user specified timing constraints are met.


------------------------------------------------------------------------------------------------
| Clock Summary
| -------------
------------------------------------------------------------------------------------------------

Clock       Waveform(ns)       Period(ns)      Frequency(MHz)
-----       ------------       ----------      --------------
clk_fpga_0  {0.000 6.499}      12.999          76.929          


------------------------------------------------------------------------------------------------
| Intra Clock Table
| -----------------
------------------------------------------------------------------------------------------------

Clock             WNS(ns)      TNS(ns)  TNS Failing Endpoints  TNS Total Endpoints     WPWS(ns)     TPWS(ns)  TPWS Failing Endpoints  TPWS Total Endpoints  
-----             -------      -------  ---------------------  -------------------     --------     --------  ----------------------  --------------------  
clk_fpga_0          0.000        0.000                      0                58026        5.249        0.000                       0                 18584  


------------------------------------------------------------------------------------------------
| Inter Clock Table
| -----------------
------------------------------------------------------------------------------------------------

From Clock    To Clock          WNS(ns)      TNS(ns)  TNS Failing Endpoints  TNS Total Endpoints  
----------    --------          -------      -------  ---------------------  -------------------  


------------------------------------------------------------------------------------------------
| Other Path Groups Table
| -----------------------
------------------------------------------------------------------------------------------------

Path Group    From Clock    To Clock          WNS(ns)      TNS(ns)  TNS Failing Endpoints  TNS Total Endpoints  
----------    ----------    --------          -------      -------  ---------------------  -------------------  


------------------------------------------------------------------------------------------------
| Timing Details
| --------------
------------------------------------------------------------------------------------------------


---------------------------------------------------------------------------------------------------
From Clock:  clk_fpga_0
  To Clock:  clk_fpga_0

Setup :            0  Failing Endpoints,  Worst Slack        0.000ns,  Total Violation        0.000ns
Hold  :           NA  Failing Endpoints,  Worst Slack           NA  ,  Total Violation           NA
PW    :            0  Failing Endpoints,  Worst Slack        5.249ns,  Total Violation        0.000ns
---------------------------------------------------------------------------------------------------


Max Delay Paths
--------------------------------------------------------------------------------------
Slack (MET) :             0.000ns  (required time - arrival time)
  Source:                 design_1_i/gemv_q8_0_dma_top_0/inst/core/scaled_shifted[5][23]_i_5_psdsp/C
                            (rising edge-triggered cell FDRE clocked by clk_fpga_0  {rise@0.000ns fall@6.499ns period=12.999ns})
  Destination:            design_1_i/gemv_q8_0_dma_top_0/inst/core/scaled_shifted_reg[5][54]/D
                            (rising edge-triggered cell FDRE clocked by clk_fpga_0  {rise@0.000ns fall@6.499ns period=12.999ns})
  Path Group:             clk_fpga_0
  Path Type:              Setup (Max at Slow Process Corner)
  Requirement:            12.999ns  (clk_fpga_0 rise@12.999ns - clk_fpga_0 rise@0.000ns)
  Data Path Delay:        12.675ns  (logic 6.476ns (51.093%)  route 6.199ns (48.907%))
  Logic Levels:           31  (CARRY4=24 LUT2=2 LUT3=1 LUT5=1 LUT6=3)
  Clock Path Skew:        -0.201ns (DCD - SCD + CPR)
    Destination Clock Delay (DCD):    3.453ns = ( 16.452 - 12.999 ) 
    Source Clock Delay      (SCD):    3.838ns
    Clock Pessimism Removal (CPR):    0.184ns
  Clock Uncertainty:      0.198ns  ((TSJ^2 + TIJ^2)^1/2 + DJ) / 2 + PE
    Total System Jitter     (TSJ):    0.071ns
    Total Input Jitter      (TIJ):    0.390ns
    Discrete Jitter          (DJ):    0.000ns
    Phase Error              (PE):    0.000ns

    Location             Delay type                Incr(ns)  Path(ns)    Netlist Resource(s)
  -------------------------------------------------------------------    -------------------
                         (clock clk_fpga_0 rise edge)
                                                      0.000     0.000 r  
    PS7_X0Y0             PS7                          0.000     0.000 r  design_1_i/processing_system7_0/inst/PS7_i/FCLKCLK[0]
                         net (fo=1, routed)           1.193     1.193    design_1_i/processing_system7_0/inst/FCLK_CLK_unbuffered[0]
    BUFGCTRL_X0Y19       BUFG (Prop_bufg_I_O)         0.101     1.294 r  design_1_i/processing_system7_0/inst/buffer_fclk_clk_0.FCLK_CLK_0_BUFG_replica_2/O
                         net (fo=5, routed)           0.146     1.440    design_1_i/processing_system7_0/inst/FCLK_CLK0_repN_2
    BUFGCTRL_X0Y18       BUFG (Prop_bufg_I_O)         0.101     1.541 r  design_1_i/processing_system7_0/inst/buffer_fclk_clk_0.FCLK_CLK_0_BUFG_replica_1/O
                         net (fo=18, routed)          0.146     1.687    design_1_i/processing_system7_0/inst/FCLK_CLK0_repN_1
    BUFGCTRL_X0Y17       BUFG (Prop_bufg_I_O)         0.101     1.788 r  design_1_i/processing_system7_0/inst/buffer_fclk_clk_0.FCLK_CLK_0_BUFG_replica/O
                         net (fo=69, routed)          0.146     1.934    design_1_i/processing_system7_0/inst/FCLK_CLK0_repN
    BUFGCTRL_X0Y16       BUFG (Prop_bufg_I_O)         0.101     2.035 r  design_1_i/processing_system7_0/inst/buffer_fclk_clk_0.FCLK_CLK_0_BUFG/O
                         net (fo=18497, routed)       1.803     3.838    design_1_i/gemv_q8_0_dma_top_0/inst/core/S_AXI_ACLK
    SLICE_X103Y44        FDRE                                         r  design_1_i/gemv_q8_0_dma_top_0/inst/core/scaled_shifted[5][23]_i_5_psdsp/C
  -------------------------------------------------------------------    -------------------
    SLICE_X103Y44        FDRE (Prop_fdre_C_Q)         0.456     4.294 r  design_1_i/gemv_q8_0_dma_top_0/inst/core/scaled_shifted[5][23]_i_5_psdsp/Q
                         net (fo=2, routed)           0.501     4.795    design_1_i/gemv_q8_0_dma_top_0/inst/core/scaled_product_reg[5]__0_n_100
    SLICE_X102Y42        LUT2 (Prop_lut2_I0_O)        0.124     4.919 r  design_1_i/gemv_q8_0_dma_top_0/inst/core/scaled_shifted[5][23]_i_5/O
                         net (fo=1, routed)           0.000     4.919    design_1_i/gemv_q8_0_dma_top_0/inst/core/scaled_shifted[5][23]_i_5_n_0
    SLICE_X102Y42        CARRY4 (Prop_carry4_S[2]_CO[3])
                                                      0.380     5.299 r  design_1_i/gemv_q8_0_dma_top_0/inst/core/scaled_shifted_reg[5][23]_i_2/CO[3]
                         net (fo=1, routed)           0.000     5.299    design_1_i/gemv_q8_0_dma_top_0/inst/core/scaled_shifted_reg[5][23]_i_2_n_0
    SLICE_X102Y43        CARRY4 (Prop_carry4_CI_CO[3])
                                                      0.117     5.416 r  design_1_i/gemv_q8_0_dma_top_0/inst/core/scaled_shifted_reg[5][27]_i_2/CO[3]
                         net (fo=1, routed)           0.000     5.416    design_1_i/gemv_q8_0_dma_top_0/inst/core/scaled_shifted_reg[5][27]_i_2_n_0
    SLICE_X102Y44        CARRY4 (Prop_carry4_CI_CO[3])
                                                      0.117     5.533 r  design_1_i/gemv_q8_0_dma_top_0/inst/core/scaled_shifted_reg[5][31]_i_2/CO[3]
                         net (fo=1, routed)           0.000     5.533    design_1_i/gemv_q8_0_dma_top_0/inst/core/scaled_shifted_reg[5][31]_i_2_n_0
    SLICE_X102Y45        CARRY4 (Prop_carry4_CI_O[1])
                                                      0.323     5.856 r  design_1_i/gemv_q8_0_dma_top_0/inst/core/scaled_shifted_reg[5][35]_i_2/O[1]
                         net (fo=4, routed)           1.090     6.946    design_1_i/gemv_q8_0_dma_top_0/inst/core/scaled_product_reg[5]__1[33]
    SLICE_X97Y54         LUT2 (Prop_lut2_I0_O)        0.306     7.252 r  design_1_i/gemv_q8_0_dma_top_0/inst/core/scaled_shifted[5][0]_i_90/O
                         net (fo=1, routed)           0.000     7.252    design_1_i/gemv_q8_0_dma_top_0/inst/core/scaled_shifted[5][0]_i_90_n_0
    SLICE_X97Y54         CARRY4 (Prop_carry4_S[1]_CO[3])
                                                      0.550     7.802 r  design_1_i/gemv_q8_0_dma_top_0/inst/core/scaled_shifted_reg[5][0]_i_38/CO[3]
                         net (fo=1, routed)           0.000     7.802    design_1_i/gemv_q8_0_dma_top_0/inst/core/scaled_shifted_reg[5][0]_i_38_n_0
    SLICE_X97Y55         CARRY4 (Prop_carry4_CI_CO[3])
                                                      0.114     7.916 r  design_1_i/gemv_q8_0_dma_top_0/inst/core/scaled_shifted_reg[5][0]_i_31/CO[3]
                         net (fo=1, routed)           0.000     7.916    design_1_i/gemv_q8_0_dma_top_0/inst/core/scaled_shifted_reg[5][0]_i_31_n_0
    SLICE_X97Y56         CARRY4 (Prop_carry4_CI_CO[3])
                                                      0.114     8.030 r  design_1_i/gemv_q8_0_dma_top_0/inst/core/scaled_shifted_reg[5][0]_i_34/CO[3]
                         net (fo=1, routed)           0.000     8.030    design_1_i/gemv_q8_0_dma_top_0/inst/core/scaled_shifted_reg[5][0]_i_34_n_0
    SLICE_X97Y57         CARRY4 (Prop_carry4_CI_CO[3])
                                                      0.114     8.144 r  design_1_i/gemv_q8_0_dma_top_0/inst/core/scaled_shifted_reg[5][0]_i_27/CO[3]
                         net (fo=1, routed)           0.000     8.144    design_1_i/gemv_q8_0_dma_top_0/inst/core/scaled_shifted_reg[5][0]_i_27_n_0
    SLICE_X97Y58         CARRY4 (Prop_carry4_CI_CO[3])
                                                      0.114     8.258 r  design_1_i/gemv_q8_0_dma_top_0/inst/core/scaled_shifted_reg[5][0]_i_36/CO[3]
                         net (fo=1, routed)           0.000     8.258    design_1_i/gemv_q8_0_dma_top_0/inst/core/scaled_shifted_reg[5][0]_i_36_n_0
    SLICE_X97Y59         CARRY4 (Prop_carry4_CI_O[3])
                                                      0.313     8.571 f  design_1_i/gemv_q8_0_dma_top_0/inst/core/scaled_shifted_reg[5][0]_i_29/O[3]
                         net (fo=5, routed)           0.836     9.407    design_1_i/gemv_q8_0_dma_top_0/inst/core/scaled_shifted_reg[5][0]_i_29_n_4
    SLICE_X96Y51         LUT6 (Prop_lut6_I0_O)        0.306     9.713 f  design_1_i/gemv_q8_0_dma_top_0/inst/core/scaled_shifted[5][0]_i_11/O
                         net (fo=2, routed)           0.623    10.336    design_1_i/gemv_q8_0_dma_top_0/inst/core/scaled_shifted[5][0]_i_11_n_0
    SLICE_X98Y52         LUT6 (Prop_lut6_I1_O)        0.124    10.460 f  design_1_i/gemv_q8_0_dma_top_0/inst/core/scaled_shifted[5][0]_i_5/O
                         net (fo=4, routed)           0.809    11.270    design_1_i/gemv_q8_0_dma_top_0/inst/core/scaled_shifted[5][0]_i_5_n_0
    SLICE_X99Y56         LUT6 (Prop_lut6_I0_O)        0.124    11.394 r  design_1_i/gemv_q8_0_dma_top_0/inst/core/scaled_shifted[5][0]_i_3/O
                         net (fo=2, routed)           0.925    12.319    design_1_i/gemv_q8_0_dma_top_0/inst/core/scaled_shifted[5][4]_i_5_n_0
    SLICE_X100Y69        CARRY4 (Prop_carry4_CYINIT_CO[3])
                                                      0.595    12.914 r  design_1_i/gemv_q8_0_dma_top_0/inst/core/scaled_shifted_reg[5][4]_i_3/CO[3]
                         net (fo=1, routed)           0.000    12.914    design_1_i/gemv_q8_0_dma_top_0/inst/core/scaled_shifted_reg[5][4]_i_3_n_0
    SLICE_X100Y70        CARRY4 (Prop_carry4_CI_CO[3])
                                                      0.117    13.031 r  design_1_i/gemv_q8_0_dma_top_0/inst/core/scaled_shifted_reg[5][8]_i_3/CO[3]
                         net (fo=1, routed)           0.000    13.031    design_1_i/gemv_q8_0_dma_top_0/inst/core/scaled_shifted_reg[5][8]_i_3_n_0
    SLICE_X100Y71        CARRY4 (Prop_carry4_CI_CO[3])
                                                      0.117    13.148 r  design_1_i/gemv_q8_0_dma_top_0/inst/core/scaled_shifted_reg[5][12]_i_3/CO[3]
                         net (fo=1, routed)           0.000    13.148    design_1_i/gemv_q8_0_dma_top_0/inst/core/scaled_shifted_reg[5][12]_i_3_n_0
    SLICE_X100Y72        CARRY4 (Prop_carry4_CI_CO[3])
                                                      0.117    13.265 r  design_1_i/gemv_q8_0_dma_top_0/inst/core/scaled_shifted_reg[5][16]_i_3/CO[3]
                         net (fo=1, routed)           0.000    13.265    design_1_i/gemv_q8_0_dma_top_0/inst/core/scaled_shifted_reg[5][16]_i_3_n_0
    SLICE_X100Y73        CARRY4 (Prop_carry4_CI_CO[3])
                                                      0.117    13.382 r  design_1_i/gemv_q8_0_dma_top_0/inst/core/scaled_shifted_reg[5][20]_i_3/CO[3]
                         net (fo=1, routed)           0.000    13.382    design_1_i/gemv_q8_0_dma_top_0/inst/core/scaled_shifted_reg[5][20]_i_3_n_0
    SLICE_X100Y74        CARRY4 (Prop_carry4_CI_CO[3])
                                                      0.117    13.499 r  design_1_i/gemv_q8_0_dma_top_0/inst/core/scaled_shifted_reg[5][24]_i_3/CO[3]
                         net (fo=1, routed)           0.009    13.508    design_1_i/gemv_q8_0_dma_top_0/inst/core/scaled_shifted_reg[5][24]_i_3_n_0
    SLICE_X100Y75        CARRY4 (Prop_carry4_CI_CO[3])
                                                      0.117    13.625 r  design_1_i/gemv_q8_0_dma_top_0/inst/core/scaled_shifted_reg[5][28]_i_3/CO[3]
                         net (fo=1, routed)           0.000    13.625    design_1_i/gemv_q8_0_dma_top_0/inst/core/scaled_shifted_reg[5][28]_i_3_n_0
    SLICE_X100Y76        CARRY4 (Prop_carry4_CI_CO[3])
                                                      0.117    13.742 r  design_1_i/gemv_q8_0_dma_top_0/inst/core/scaled_shifted_reg[5][32]_i_3/CO[3]
                         net (fo=1, routed)           0.000    13.742    design_1_i/gemv_q8_0_dma_top_0/inst/core/scaled_shifted_reg[5][32]_i_3_n_0
    SLICE_X100Y77        CARRY4 (Prop_carry4_CI_CO[3])
                                                      0.117    13.859 r  design_1_i/gemv_q8_0_dma_top_0/inst/core/scaled_shifted_reg[5][36]_i_3/CO[3]
                         net (fo=1, routed)           0.000    13.859    design_1_i/gemv_q8_0_dma_top_0/inst/core/scaled_shifted_reg[5][36]_i_3_n_0
    SLICE_X100Y78        CARRY4 (Prop_carry4_CI_CO[3])
                                                      0.117    13.976 r  design_1_i/gemv_q8_0_dma_top_0/inst/core/scaled_shifted_reg[5][40]_i_3/CO[3]
                         net (fo=1, routed)           0.000    13.976    design_1_i/gemv_q8_0_dma_top_0/inst/core/scaled_shifted_reg[5][40]_i_3_n_0
    SLICE_X100Y79        CARRY4 (Prop_carry4_CI_CO[3])
                                                      0.117    14.093 r  design_1_i/gemv_q8_0_dma_top_0/inst/core/scaled_shifted_reg[5][44]_i_3/CO[3]
                         net (fo=1, routed)           0.000    14.093    design_1_i/gemv_q8_0_dma_top_0/inst/core/scaled_shifted_reg[5][44]_i_3_n_0
    SLICE_X100Y80        CARRY4 (Prop_carry4_CI_CO[3])
                                                      0.117    14.210 r  design_1_i/gemv_q8_0_dma_top_0/inst/core/scaled_shifted_reg[5][46]_i_3/CO[3]
                         net (fo=1, routed)           0.000    14.210    design_1_i/gemv_q8_0_dma_top_0/inst/core/scaled_shifted_reg[5][46]_i_3_n_0
    SLICE_X100Y81        CARRY4 (Prop_carry4_CI_CO[3])
                                                      0.117    14.327 r  design_1_i/gemv_q8_0_dma_top_0/inst/core/scaled_shifted_reg[5][52]_i_4/CO[3]
                         net (fo=1, routed)           0.000    14.327    design_1_i/gemv_q8_0_dma_top_0/inst/core/scaled_shifted_reg[5][52]_i_4_n_0
    SLICE_X100Y82        CARRY4 (Prop_carry4_CI_O[1])
                                                      0.323    14.650 r  design_1_i/gemv_q8_0_dma_top_0/inst/core/scaled_shifted_reg[5][60]_i_5/O[1]
                         net (fo=1, routed)           0.608    15.258    design_1_i/gemv_q8_0_dma_top_0/inst/core/scaled_shifted_reg[5][60]_i_5_n_6
    SLICE_X105Y82        LUT5 (Prop_lut5_I3_O)        0.306    15.564 r  design_1_i/gemv_q8_0_dma_top_0/inst/core/scaled_shifted[5][54]_i_2/O
                         net (fo=1, routed)           0.797    16.361    design_1_i/gemv_q8_0_dma_top_0/inst/core/scaled_shifted[5][54]_i_2_n_0
    SLICE_X105Y83        LUT3 (Prop_lut3_I2_O)        0.152    16.513 r  design_1_i/gemv_q8_0_dma_top_0/inst/core/scaled_shifted[5][54]_i_1/O
                         net (fo=1, routed)           0.000    16.513    design_1_i/gemv_q8_0_dma_top_0/inst/core/scaled_shifted[5][54]_i_1_n_0
    SLICE_X105Y83        FDRE                                         r  design_1_i/gemv_q8_0_dma_top_0/inst/core/scaled_shifted_reg[5][54]/D
  -------------------------------------------------------------------    -------------------

                         (clock clk_fpga_0 rise edge)
                                                     12.999    12.999 r  
    PS7_X0Y0             PS7                          0.000    12.999 r  design_1_i/processing_system7_0/inst/PS7_i/FCLKCLK[0]
                         net (fo=1, routed)           1.088    14.087    design_1_i/processing_system7_0/inst/FCLK_CLK_unbuffered[0]
    BUFGCTRL_X0Y19       BUFG (Prop_bufg_I_O)         0.091    14.178 r  design_1_i/processing_system7_0/inst/buffer_fclk_clk_0.FCLK_CLK_0_BUFG_replica_2/O
                         net (fo=5, routed)           0.133    14.311    design_1_i/processing_system7_0/inst/FCLK_CLK0_repN_2
    BUFGCTRL_X0Y18       BUFG (Prop_bufg_I_O)         0.091    14.402 r  design_1_i/processing_system7_0/inst/buffer_fclk_clk_0.FCLK_CLK_0_BUFG_replica_1/O
                         net (fo=18, routed)          0.133    14.535    design_1_i/processing_system7_0/inst/FCLK_CLK0_repN_1
    BUFGCTRL_X0Y17       BUFG (Prop_bufg_I_O)         0.091    14.626 r  design_1_i/processing_system7_0/inst/buffer_fclk_clk_0.FCLK_CLK_0_BUFG_replica/O
                         net (fo=69, routed)          0.133    14.759    design_1_i/processing_system7_0/inst/FCLK_CLK0_repN
    BUFGCTRL_X0Y16       BUFG (Prop_bufg_I_O)         0.091    14.850 r  design_1_i/processing_system7_0/inst/buffer_fclk_clk_0.FCLK_CLK_0_BUFG/O
                         net (fo=18497, routed)       1.602    16.452    design_1_i/gemv_q8_0_dma_top_0/inst/core/S_AXI_ACLK
    SLICE_X105Y83        FDRE                                         r  design_1_i/gemv_q8_0_dma_top_0/inst/core/scaled_shifted_reg[5][54]/C
                         clock pessimism              0.184    16.636    
                         clock uncertainty           -0.198    16.438    
    SLICE_X105Y83        FDRE (Setup_fdre_C_D)        0.075    16.513    design_1_i/gemv_q8_0_dma_top_0/inst/core/scaled_shifted_reg[5][54]
  -------------------------------------------------------------------
                         required time                         16.513    
                         arrival time                         -16.513    
  -------------------------------------------------------------------
                         slack                                  0.000    

Slack (MET) :             0.007ns  (required time - arrival time)
  Source:                 design_1_i/gemv_q8_0_dma_top_0/inst/core/scaled_shifted[1][27]_i_7_psdsp/C
                            (rising edge-triggered cell FDRE clocked by clk_fpga_0  {rise@0.000ns fall@6.499ns period=12.999ns})
  Destination:            design_1_i/gemv_q8_0_dma_top_0/inst/core/scaled_shifted_reg[1][55]/D
                            (rising edge-triggered cell FDRE clocked by clk_fpga_0  {rise@0.000ns fall@6.499ns period=12.999ns})
  Path Group:             clk_fpga_0
  Path Type:              Setup (Max at Slow Process Corner)
  Requirement:            12.999ns  (clk_fpga_0 rise@12.999ns - clk_fpga_0 rise@0.000ns)
  Data Path Delay:        12.686ns  (logic 6.604ns (52.058%)  route 6.082ns (47.942%))
  Logic Levels:           32  (CARRY4=25 LUT2=2 LUT3=1 LUT5=1 LUT6=3)
  Clock Path Skew:        -0.183ns (DCD - SCD + CPR)
    Destination Clock Delay (DCD):    3.454ns = ( 16.453 - 12.999 ) 
    Source Clock Delay      (SCD):    3.821ns
    Clock Pessimism Removal (CPR):    0.184ns
  Clock Uncertainty:      0.198ns  ((TSJ^2 + TIJ^2)^1/2 + DJ) / 2 + PE
    Total System Jitter     (TSJ):    0.071ns
    Total Input Jitter      (TIJ):    0.390ns
    Discrete Jitter          (DJ):    0.000ns
    Phase Error              (PE):    0.000ns

    Location             Delay type                Incr(ns)  Path(ns)    Netlist Resource(s)
  -------------------------------------------------------------------    -------------------
                         (clock clk_fpga_0 rise edge)
                                                      0.000     0.000 r  
    PS7_X0Y0             PS7                          0.000     0.000 r  design_1_i/processing_system7_0/inst/PS7_i/FCLKCLK[0]
                         net (fo=1, routed)           1.193     1.193    design_1_i/processing_system7_0/inst/FCLK_CLK_unbuffered[0]
    BUFGCTRL_X0Y19       BUFG (Prop_bufg_I_O)         0.101     1.294 r  design_1_i/processing_system7_0/inst/buffer_fclk_clk_0.FCLK_CLK_0_BUFG_replica_2/O
                         net (fo=5, routed)           0.146     1.440    design_1_i/processing_system7_0/inst/FCLK_CLK0_repN_2
    BUFGCTRL_X0Y18       BUFG (Prop_bufg_I_O)         0.101     1.541 r  design_1_i/processing_system7_0/inst/buffer_fclk_clk_0.FCLK_CLK_0_BUFG_replica_1/O
                         net (fo=18, routed)          0.146     1.687    design_1_i/processing_system7_0/inst/FCLK_CLK0_repN_1
    BUFGCTRL_X0Y17       BUFG (Prop_bufg_I_O)         0.101     1.788 r  design_1_i/processing_system7_0/inst/buffer_fclk_clk_0.FCLK_CLK_0_BUFG_replica/O
                         net (fo=69, routed)          0.146     1.934    design_1_i/processing_system7_0/inst/FCLK_CLK0_repN
    BUFGCTRL_X0Y16       BUFG (Prop_bufg_I_O)         0.101     2.035 r  design_1_i/processing_system7_0/inst/buffer_fclk_clk_0.FCLK_CLK_0_BUFG/O
                         net (fo=18497, routed)       1.786     3.821    design_1_i/gemv_q8_0_dma_top_0/inst/core/S_AXI_ACLK
    SLICE_X91Y28         FDRE                                         r  design_1_i/gemv_q8_0_dma_top_0/inst/core/scaled_shifted[1][27]_i_7_psdsp/C
  -------------------------------------------------------------------    -------------------
    SLICE_X91Y28         FDRE (Prop_fdre_C_Q)         0.456     4.277 r  design_1_i/gemv_q8_0_dma_top_0/inst/core/scaled_shifted[1][27]_i_7_psdsp/Q
                         net (fo=2, routed)           0.663     4.940    design_1_i/gemv_q8_0_dma_top_0/inst/core/scaled_product_reg[1]__0_n_98
    SLICE_X93Y29         LUT2 (Prop_lut2_I0_O)        0.124     5.064 r  design_1_i/gemv_q8_0_dma_top_0/inst/core/scaled_shifted[1][27]_i_7/O
                         net (fo=1, routed)           0.000     5.064    design_1_i/gemv_q8_0_dma_top_0/inst/core/scaled_shifted[1][27]_i_7_n_0
    SLICE_X93Y29         CARRY4 (Prop_carry4_S[0]_CO[3])
                                                      0.532     5.596 r  design_1_i/gemv_q8_0_dma_top_0/inst/core/scaled_shifted_reg[1][27]_i_2/CO[3]
                         net (fo=1, routed)           0.000     5.596    design_1_i/gemv_q8_0_dma_top_0/inst/core/scaled_shifted_reg[1][27]_i_2_n_0
    SLICE_X93Y30         CARRY4 (Prop_carry4_CI_CO[3])
                                                      0.114     5.710 r  design_1_i/gemv_q8_0_dma_top_0/inst/core/scaled_shifted_reg[1][31]_i_2/CO[3]
                         net (fo=1, routed)           0.000     5.710    design_1_i/gemv_q8_0_dma_top_0/inst/core/scaled_shifted_reg[1][31]_i_2_n_0
    SLICE_X93Y31         CARRY4 (Prop_carry4_CI_CO[3])
                                                      0.114     5.824 r  design_1_i/gemv_q8_0_dma_top_0/inst/core/scaled_shifted_reg[1][35]_i_2/CO[3]
                         net (fo=1, routed)           0.000     5.824    design_1_i/gemv_q8_0_dma_top_0/inst/core/scaled_shifted_reg[1][35]_i_2_n_0
    SLICE_X93Y32         CARRY4 (Prop_carry4_CI_O[1])
                                                      0.334     6.158 r  design_1_i/gemv_q8_0_dma_top_0/inst/core/scaled_shifted_reg[1][39]_i_2/O[1]
                         net (fo=4, routed)           1.334     7.492    design_1_i/gemv_q8_0_dma_top_0/inst/core/scaled_product_reg[1]__1[37]
    SLICE_X90Y58         LUT2 (Prop_lut2_I0_O)        0.303     7.795 r  design_1_i/gemv_q8_0_dma_top_0/inst/core/scaled_shifted[1][0]_i_82/O
                         net (fo=1, routed)           0.000     7.795    design_1_i/gemv_q8_0_dma_top_0/inst/core/scaled_shifted[1][0]_i_82_n_0
    SLICE_X90Y58         CARRY4 (Prop_carry4_S[1]_CO[3])
                                                      0.533     8.328 r  design_1_i/gemv_q8_0_dma_top_0/inst/core/scaled_shifted_reg[1][0]_i_31/CO[3]
                         net (fo=1, routed)           0.000     8.328    design_1_i/gemv_q8_0_dma_top_0/inst/core/scaled_shifted_reg[1][0]_i_31_n_0
    SLICE_X90Y59         CARRY4 (Prop_carry4_CI_CO[3])
                                                      0.117     8.445 r  design_1_i/gemv_q8_0_dma_top_0/inst/core/scaled_shifted_reg[1][0]_i_34/CO[3]
                         net (fo=1, routed)           0.000     8.445    design_1_i/gemv_q8_0_dma_top_0/inst/core/scaled_shifted_reg[1][0]_i_34_n_0
    SLICE_X90Y60         CARRY4 (Prop_carry4_CI_CO[3])
                                                      0.117     8.562 r  design_1_i/gemv_q8_0_dma_top_0/inst/core/scaled_shifted_reg[1][0]_i_27/CO[3]
                         net (fo=1, routed)           0.000     8.562    design_1_i/gemv_q8_0_dma_top_0/inst/core/scaled_shifted_reg[1][0]_i_27_n_0
    SLICE_X90Y61         CARRY4 (Prop_carry4_CI_CO[3])
                                                      0.117     8.679 r  design_1_i/gemv_q8_0_dma_top_0/inst/core/scaled_shifted_reg[1][0]_i_36/CO[3]
                         net (fo=1, routed)           0.000     8.679    design_1_i/gemv_q8_0_dma_top_0/inst/core/scaled_shifted_reg[1][0]_i_36_n_0
    SLICE_X90Y62         CARRY4 (Prop_carry4_CI_CO[3])
                                                      0.117     8.796 r  design_1_i/gemv_q8_0_dma_top_0/inst/core/scaled_shifted_reg[1][0]_i_29/CO[3]
                         net (fo=1, routed)           0.000     8.796    design_1_i/gemv_q8_0_dma_top_0/inst/core/scaled_shifted_reg[1][0]_i_29_n_0
    SLICE_X90Y63         CARRY4 (Prop_carry4_CI_CO[3])
                                                      0.117     8.913 r  design_1_i/gemv_q8_0_dma_top_0/inst/core/scaled_shifted_reg[1][63]_i_40/CO[3]
                         net (fo=1, routed)           0.000     8.913    design_1_i/gemv_q8_0_dma_top_0/inst/core/scaled_shifted_reg[1][63]_i_40_n_0
    SLICE_X90Y64         CARRY4 (Prop_carry4_CI_O[3])
                                                      0.315     9.228 f  design_1_i/gemv_q8_0_dma_top_0/inst/core/scaled_shifted_reg[1][63]_i_28/O[3]
                         net (fo=64, routed)          0.865    10.093    design_1_i/gemv_q8_0_dma_top_0/inst/core/scaled_shifted_reg[1][63]_i_28_n_4
    SLICE_X92Y58         LUT6 (Prop_lut6_I0_O)        0.307    10.400 f  design_1_i/gemv_q8_0_dma_top_0/inst/core/scaled_shifted[1][0]_i_10/O
                         net (fo=4, routed)           0.320    10.720    design_1_i/gemv_q8_0_dma_top_0/inst/core/scaled_shifted[1][0]_i_10_n_0
    SLICE_X92Y57         LUT6 (Prop_lut6_I0_O)        0.124    10.844 f  design_1_i/gemv_q8_0_dma_top_0/inst/core/scaled_shifted[1][0]_i_5/O
                         net (fo=4, routed)           1.053    11.897    design_1_i/gemv_q8_0_dma_top_0/inst/core/scaled_shifted[1][0]_i_5_n_0
    SLICE_X91Y68         LUT6 (Prop_lut6_I0_O)        0.124    12.021 r  design_1_i/gemv_q8_0_dma_top_0/inst/core/scaled_shifted[1][0]_i_3/O
                         net (fo=2, routed)           0.627    12.647    design_1_i/gemv_q8_0_dma_top_0/inst/core/scaled_shifted[1][4]_i_5_n_0
    SLICE_X91Y73         CARRY4 (Prop_carry4_CYINIT_CO[3])
                                                      0.580    13.227 r  design_1_i/gemv_q8_0_dma_top_0/inst/core/scaled_shifted_reg[1][4]_i_3/CO[3]
                         net (fo=1, routed)           0.000    13.227    design_1_i/gemv_q8_0_dma_top_0/inst/core/scaled_shifted_reg[1][4]_i_3_n_0
    SLICE_X91Y74         CARRY4 (Prop_carry4_CI_CO[3])
                                                      0.114    13.341 r  design_1_i/gemv_q8_0_dma_top_0/inst/core/scaled_shifted_reg[1][8]_i_3/CO[3]
                         net (fo=1, routed)           0.009    13.350    design_1_i/gemv_q8_0_dma_top_0/inst/core/scaled_shifted_reg[1][8]_i_3_n_0
    SLICE_X91Y75         CARRY4 (Prop_carry4_CI_CO[3])
                                                      0.114    13.464 r  design_1_i/gemv_q8_0_dma_top_0/inst/core/scaled_shifted_reg[1][12]_i_3/CO[3]
                         net (fo=1, routed)           0.000    13.464    design_1_i/gemv_q8_0_dma_top_0/inst/core/scaled_shifted_reg[1][12]_i_3_n_0
    SLICE_X91Y76         CARRY4 (Prop_carry4_CI_CO[3])
                                                      0.114    13.578 r  design_1_i/gemv_q8_0_dma_top_0/inst/core/scaled_shifted_reg[1][16]_i_3/CO[3]
                         net (fo=1, routed)           0.000    13.578    design_1_i/gemv_q8_0_dma_top_0/inst/core/scaled_shifted_reg[1][16]_i_3_n_0
    SLICE_X91Y77         CARRY4 (Prop_carry4_CI_CO[3])
                                                      0.114    13.692 r  design_1_i/gemv_q8_0_dma_top_0/inst/core/scaled_shifted_reg[1][20]_i_3/CO[3]
                         net (fo=1, routed)           0.000    13.692    design_1_i/gemv_q8_0_dma_top_0/inst/core/scaled_shifted_reg[1][20]_i_3_n_0
    SLICE_X91Y78         CARRY4 (Prop_carry4_CI_CO[3])
                                                      0.114    13.806 r  design_1_i/gemv_q8_0_dma_top_0/inst/core/scaled_shifted_reg[1][24]_i_3/CO[3]
                         net (fo=1, routed)           0.000    13.806    design_1_i/gemv_q8_0_dma_top_0/inst/core/scaled_shifted_reg[1][24]_i_3_n_0
    SLICE_X91Y79         CARRY4 (Prop_carry4_CI_CO[3])
                                                      0.114    13.920 r  design_1_i/gemv_q8_0_dma_top_0/inst/core/scaled_shifted_reg[1][28]_i_3/CO[3]
                         net (fo=1, routed)           0.000    13.920    design_1_i/gemv_q8_0_dma_top_0/inst/core/scaled_shifted_reg[1][28]_i_3_n_0
    SLICE_X91Y80         CARRY4 (Prop_carry4_CI_CO[3])
                                                      0.114    14.034 r  design_1_i/gemv_q8_0_dma_top_0/inst/core/scaled_shifted_reg[1][32]_i_3/CO[3]
                         net (fo=1, routed)           0.000    14.034    design_1_i/gemv_q8_0_dma_top_0/inst/core/scaled_shifted_reg[1][32]_i_3_n_0
    SLICE_X91Y81         CARRY4 (Prop_carry4_CI_CO[3])
                                                      0.114    14.148 r  design_1_i/gemv_q8_0_dma_top_0/inst/core/scaled_shifted_reg[1][36]_i_3/CO[3]
                         net (fo=1, routed)           0.000    14.148    design_1_i/gemv_q8_0_dma_top_0/inst/core/scaled_shifted_reg[1][36]_i_3_n_0
    SLICE_X91Y82         CARRY4 (Prop_carry4_CI_CO[3])
                                                      0.114    14.262 r  design_1_i/gemv_q8_0_dma_top_0/inst/core/scaled_shifted_reg[1][40]_i_3/CO[3]
                         net (fo=1, routed)           0.000    14.262    design_1_i/gemv_q8_0_dma_top_0/inst/core/scaled_shifted_reg[1][40]_i_3_n_0
    SLICE_X91Y83         CARRY4 (Prop_carry4_CI_CO[3])
                                                      0.114    14.376 r  design_1_i/gemv_q8_0_dma_top_0/inst/core/scaled_shifted_reg[1][44]_i_3/CO[3]
                         net (fo=1, routed)           0.000    14.376    design_1_i/gemv_q8_0_dma_top_0/inst/core/scaled_shifted_reg[1][44]_i_3_n_0
    SLICE_X91Y84         CARRY4 (Prop_carry4_CI_CO[3])
                                                      0.114    14.490 r  design_1_i/gemv_q8_0_dma_top_0/inst/core/scaled_shifted_reg[1][46]_i_3/CO[3]
                         net (fo=1, routed)           0.000    14.490    design_1_i/gemv_q8_0_dma_top_0/inst/core/scaled_shifted_reg[1][46]_i_3_n_0
    SLICE_X91Y85         CARRY4 (Prop_carry4_CI_CO[3])
                                                      0.114    14.604 r  design_1_i/gemv_q8_0_dma_top_0/inst/core/scaled_shifted_reg[1][52]_i_4/CO[3]
                         net (fo=1, routed)           0.000    14.604    design_1_i/gemv_q8_0_dma_top_0/inst/core/scaled_shifted_reg[1][52]_i_4_n_0
    SLICE_X91Y86         CARRY4 (Prop_carry4_CI_O[2])
                                                      0.239    14.843 r  design_1_i/gemv_q8_0_dma_top_0/inst/core/scaled_shifted_reg[1][60]_i_5/O[2]
                         net (fo=1, routed)           0.448    15.292    design_1_i/gemv_q8_0_dma_top_0/inst/core/p_1_in[55]
    SLICE_X93Y87         LUT5 (Prop_lut5_I3_O)        0.302    15.594 r  design_1_i/gemv_q8_0_dma_top_0/inst/core/scaled_shifted[1][55]_i_3/O
                         net (fo=1, routed)           0.763    16.357    design_1_i/gemv_q8_0_dma_top_0/inst/core/scaled_shifted[1][55]_i_3_n_0
    SLICE_X93Y88         LUT3 (Prop_lut3_I2_O)        0.150    16.507 r  design_1_i/gemv_q8_0_dma_top_0/inst/core/scaled_shifted[1][55]_i_1/O
                         net (fo=1, routed)           0.000    16.507    design_1_i/gemv_q8_0_dma_top_0/inst/core/scaled_shifted[1][55]_i_1_n_0
    SLICE_X93Y88         FDRE                                         r  design_1_i/gemv_q8_0_dma_top_0/inst/core/scaled_shifted_reg[1][55]/D
  -------------------------------------------------------------------    -------------------

                         (clock clk_fpga_0 rise edge)
                                                     12.999    12.999 r  
    PS7_X0Y0             PS7                          0.000    12.999 r  design_1_i/processing_system7_0/inst/PS7_i/FCLKCLK[0]
                         net (fo=1, routed)           1.088    14.087    design_1_i/processing_system7_0/inst/FCLK_CLK_unbuffered[0]
    BUFGCTRL_X0Y19       BUFG (Prop_bufg_I_O)         0.091    14.178 r  design_1_i/processing_system7_0/inst/buffer_fclk_clk_0.FCLK_CLK_0_BUFG_replica_2/O
                         net (fo=5, routed)           0.133    14.311    design_1_i/processing_system7_0/inst/FCLK_CLK0_repN_2
    BUFGCTRL_X0Y18       BUFG (Prop_bufg_I_O)         0.091    14.402 r  design_1_i/processing_system7_0/inst/buffer_fclk_clk_0.FCLK_CLK_0_BUFG_replica_1/O
                         net (fo=18, routed)          0.133    14.535    design_1_i/processing_system7_0/inst/FCLK_CLK0_repN_1
    BUFGCTRL_X0Y17       BUFG (Prop_bufg_I_O)         0.091    14.626 r  design_1_i/processing_system7_0/inst/buffer_fclk_clk_0.FCLK_CLK_0_BUFG_replica/O
                         net (fo=69, routed)          0.133    14.759    design_1_i/processing_system7_0/inst/FCLK_CLK0_repN
    BUFGCTRL_X0Y16       BUFG (Prop_bufg_I_O)         0.091    14.850 r  design_1_i/processing_system7_0/inst/buffer_fclk_clk_0.FCLK_CLK_0_BUFG/O
                         net (fo=18497, routed)       1.603    16.453    design_1_i/gemv_q8_0_dma_top_0/inst/core/S_AXI_ACLK
    SLICE_X93Y88         FDRE                                         r  design_1_i/gemv_q8_0_dma_top_0/inst/core/scaled_shifted_reg[1][55]/C
                         clock pessimism              0.184    16.637    
                         clock uncertainty           -0.198    16.439    
    SLICE_X93Y88         FDRE (Setup_fdre_C_D)        0.075    16.514    design_1_i/gemv_q8_0_dma_top_0/inst/core/scaled_shifted_reg[1][55]
  -------------------------------------------------------------------
                         required time                         16.514    
                         arrival time                         -16.507    
  -------------------------------------------------------------------
                         slack                                  0.007    

Slack (MET) :             0.010ns  (required time - arrival time)
  Source:                 design_1_i/gemv_q8_0_dma_top_0/inst/core/scaled_shifted[6][27]_i_6_psdsp/C
                            (rising edge-triggered cell FDRE clocked by clk_fpga_0  {rise@0.000ns fall@6.499ns period=12.999ns})
  Destination:            design_1_i/gemv_q8_0_dma_top_0/inst/core/scaled_shifted_reg[6][58]/D
                            (rising edge-triggered cell FDRE clocked by clk_fpga_0  {rise@0.000ns fall@6.499ns period=12.999ns})
  Path Group:             clk_fpga_0
  Path Type:              Setup (Max at Slow Process Corner)
  Requirement:            12.999ns  (clk_fpga_0 rise@12.999ns - clk_fpga_0 rise@0.000ns)
  Data Path Delay:        12.805ns  (logic 6.919ns (54.032%)  route 5.886ns (45.968%))
  Logic Levels:           34  (CARRY4=26 LUT2=2 LUT3=1 LUT5=3 LUT6=2)
  Clock Path Skew:        -0.103ns (DCD - SCD + CPR)
    Destination Clock Delay (DCD):    3.385ns = ( 16.384 - 12.999 ) 
    Source Clock Delay      (SCD):    3.686ns
    Clock Pessimism Removal (CPR):    0.198ns
  Clock Uncertainty:      0.198ns  ((TSJ^2 + TIJ^2)^1/2 + DJ) / 2 + PE
    Total System Jitter     (TSJ):    0.071ns
    Total Input Jitter      (TIJ):    0.390ns
    Discrete Jitter          (DJ):    0.000ns
    Phase Error              (PE):    0.000ns

    Location             Delay type                Incr(ns)  Path(ns)    Netlist Resource(s)
  -------------------------------------------------------------------    -------------------
                         (clock clk_fpga_0 rise edge)
                                                      0.000     0.000 r  
    PS7_X0Y0             PS7                          0.000     0.000 r  design_1_i/processing_system7_0/inst/PS7_i/FCLKCLK[0]
                         net (fo=1, routed)           1.193     1.193    design_1_i/processing_system7_0/inst/FCLK_CLK_unbuffered[0]
    BUFGCTRL_X0Y19       BUFG (Prop_bufg_I_O)         0.101     1.294 r  design_1_i/processing_system7_0/inst/buffer_fclk_clk_0.FCLK_CLK_0_BUFG_replica_2/O
                         net (fo=5, routed)           0.146     1.440    design_1_i/processing_system7_0/inst/FCLK_CLK0_repN_2
    BUFGCTRL_X0Y18       BUFG (Prop_bufg_I_O)         0.101     1.541 r  design_1_i/processing_system7_0/inst/buffer_fclk_clk_0.FCLK_CLK_0_BUFG_replica_1/O
                         net (fo=18, routed)          0.146     1.687    design_1_i/processing_system7_0/inst/FCLK_CLK0_repN_1
    BUFGCTRL_X0Y17       BUFG (Prop_bufg_I_O)         0.101     1.788 r  design_1_i/processing_system7_0/inst/buffer_fclk_clk_0.FCLK_CLK_0_BUFG_replica/O
                         net (fo=69, routed)          0.146     1.934    design_1_i/processing_system7_0/inst/FCLK_CLK0_repN
    BUFGCTRL_X0Y16       BUFG (Prop_bufg_I_O)         0.101     2.035 r  design_1_i/processing_system7_0/inst/buffer_fclk_clk_0.FCLK_CLK_0_BUFG/O
                         net (fo=18497, routed)       1.651     3.686    design_1_i/gemv_q8_0_dma_top_0/inst/core/S_AXI_ACLK
    SLICE_X41Y55         FDRE                                         r  design_1_i/gemv_q8_0_dma_top_0/inst/core/scaled_shifted[6][27]_i_6_psdsp/C
  -------------------------------------------------------------------    -------------------
    SLICE_X41Y55         FDRE (Prop_fdre_C_Q)         0.456     4.142 r  design_1_i/gemv_q8_0_dma_top_0/inst/core/scaled_shifted[6][27]_i_6_psdsp/Q
                         net (fo=2, routed)           0.929     5.071    design_1_i/gemv_q8_0_dma_top_0/inst/core/scaled_product_reg[6]__0_n_97
    SLICE_X40Y55         LUT2 (Prop_lut2_I0_O)        0.124     5.195 r  design_1_i/gemv_q8_0_dma_top_0/inst/core/scaled_shifted[6][27]_i_6/O
                         net (fo=1, routed)           0.000     5.195    design_1_i/gemv_q8_0_dma_top_0/inst/core/scaled_shifted[6][27]_i_6_n_0
    SLICE_X40Y55         CARRY4 (Prop_carry4_S[1]_CO[3])
                                                      0.550     5.745 r  design_1_i/gemv_q8_0_dma_top_0/inst/core/scaled_shifted_reg[6][27]_i_2/CO[3]
                         net (fo=1, routed)           0.000     5.745    design_1_i/gemv_q8_0_dma_top_0/inst/core/scaled_shifted_reg[6][27]_i_2_n_0
    SLICE_X40Y56         CARRY4 (Prop_carry4_CI_CO[3])
                                                      0.114     5.859 r  design_1_i/gemv_q8_0_dma_top_0/inst/core/scaled_shifted_reg[6][31]_i_2/CO[3]
                         net (fo=1, routed)           0.000     5.859    design_1_i/gemv_q8_0_dma_top_0/inst/core/scaled_shifted_reg[6][31]_i_2_n_0
    SLICE_X40Y57         CARRY4 (Prop_carry4_CI_CO[3])
                                                      0.114     5.973 r  design_1_i/gemv_q8_0_dma_top_0/inst/core/scaled_shifted_reg[6][35]_i_2/CO[3]
                         net (fo=1, routed)           0.000     5.973    design_1_i/gemv_q8_0_dma_top_0/inst/core/scaled_shifted_reg[6][35]_i_2_n_0
    SLICE_X40Y58         CARRY4 (Prop_carry4_CI_CO[3])
                                                      0.114     6.087 r  design_1_i/gemv_q8_0_dma_top_0/inst/core/scaled_shifted_reg[6][39]_i_2/CO[3]
                         net (fo=1, routed)           0.000     6.087    design_1_i/gemv_q8_0_dma_top_0/inst/core/scaled_shifted_reg[6][39]_i_2_n_0
    SLICE_X40Y59         CARRY4 (Prop_carry4_CI_CO[3])
                                                      0.114     6.201 r  design_1_i/gemv_q8_0_dma_top_0/inst/core/scaled_shifted_reg[6][43]_i_2/CO[3]
                         net (fo=1, routed)           0.000     6.201    design_1_i/gemv_q8_0_dma_top_0/inst/core/scaled_shifted_reg[6][43]_i_2_n_0
    SLICE_X40Y60         CARRY4 (Prop_carry4_CI_O[1])
                                                      0.334     6.535 r  design_1_i/gemv_q8_0_dma_top_0/inst/core/scaled_shifted_reg[6][47]_i_2/O[1]
                         net (fo=4, routed)           1.196     7.731    design_1_i/gemv_q8_0_dma_top_0/inst/core/scaled_product_reg[6]__1[45]
    SLICE_X53Y72         LUT2 (Prop_lut2_I0_O)        0.303     8.034 r  design_1_i/gemv_q8_0_dma_top_0/inst/core/scaled_shifted[6][0]_i_46/O
                         net (fo=1, routed)           0.000     8.034    design_1_i/gemv_q8_0_dma_top_0/inst/core/scaled_shifted[6][0]_i_46_n_0
    SLICE_X53Y72         CARRY4 (Prop_carry4_S[1]_CO[3])
                                                      0.550     8.584 r  design_1_i/gemv_q8_0_dma_top_0/inst/core/scaled_shifted_reg[6][0]_i_27/CO[3]
                         net (fo=1, routed)           0.000     8.584    design_1_i/gemv_q8_0_dma_top_0/inst/core/scaled_shifted_reg[6][0]_i_27_n_0
    SLICE_X53Y73         CARRY4 (Prop_carry4_CI_CO[3])
                                                      0.114     8.698 r  design_1_i/gemv_q8_0_dma_top_0/inst/core/scaled_shifted_reg[6][0]_i_36/CO[3]
                         net (fo=1, routed)           0.000     8.698    design_1_i/gemv_q8_0_dma_top_0/inst/core/scaled_shifted_reg[6][0]_i_36_n_0
    SLICE_X53Y74         CARRY4 (Prop_carry4_CI_CO[3])
                                                      0.114     8.812 r  design_1_i/gemv_q8_0_dma_top_0/inst/core/scaled_shifted_reg[6][0]_i_29/CO[3]
                         net (fo=1, routed)           0.009     8.821    design_1_i/gemv_q8_0_dma_top_0/inst/core/scaled_shifted_reg[6][0]_i_29_n_0
    SLICE_X53Y75         CARRY4 (Prop_carry4_CI_CO[3])
                                                      0.114     8.935 r  design_1_i/gemv_q8_0_dma_top_0/inst/core/scaled_shifted_reg[6][63]_i_31/CO[3]
                         net (fo=1, routed)           0.000     8.935    design_1_i/gemv_q8_0_dma_top_0/inst/core/scaled_shifted_reg[6][63]_i_31_n_0
    SLICE_X53Y76         CARRY4 (Prop_carry4_CI_O[3])
                                                      0.313     9.248 f  design_1_i/gemv_q8_0_dma_top_0/inst/core/scaled_shifted_reg[6][63]_i_23/O[3]
                         net (fo=64, routed)          0.912    10.161    design_1_i/gemv_q8_0_dma_top_0/inst/core/scaled_shifted_reg[6][63]_i_23_n_4
    SLICE_X54Y68         LUT6 (Prop_lut6_I0_O)        0.306    10.467 f  design_1_i/gemv_q8_0_dma_top_0/inst/core/scaled_shifted[6][0]_i_10/O
                         net (fo=4, routed)           0.486    10.953    design_1_i/gemv_q8_0_dma_top_0/inst/core/scaled_shifted[6][0]_i_10_n_0
    SLICE_X54Y66         LUT6 (Prop_lut6_I0_O)        0.124    11.077 f  design_1_i/gemv_q8_0_dma_top_0/inst/core/scaled_shifted[6][0]_i_5/O
                         net (fo=4, routed)           0.667    11.743    design_1_i/gemv_q8_0_dma_top_0/inst/core/scaled_shifted[6][0]_i_5_n_0
    SLICE_X55Y67         LUT5 (Prop_lut5_I0_O)        0.124    11.867 f  design_1_i/gemv_q8_0_dma_top_0/inst/core/scaled_shifted[6][4]_i_12/O
                         net (fo=1, routed)           0.611    12.478    design_1_i/gemv_q8_0_dma_top_0/inst/core/scaled_shifted[6][4]_i_12_n_0
    SLICE_X54Y74         LUT5 (Prop_lut5_I0_O)        0.124    12.602 r  design_1_i/gemv_q8_0_dma_top_0/inst/core/scaled_shifted[6][4]_i_9/O
                         net (fo=1, routed)           0.000    12.602    design_1_i/gemv_q8_0_dma_top_0/inst/core/scaled_shifted[6][4]_i_9_n_0
    SLICE_X54Y74         CARRY4 (Prop_carry4_S[0]_CO[3])
                                                      0.513    13.115 r  design_1_i/gemv_q8_0_dma_top_0/inst/core/scaled_shifted_reg[6][4]_i_3/CO[3]
                         net (fo=1, routed)           0.009    13.124    design_1_i/gemv_q8_0_dma_top_0/inst/core/scaled_shifted_reg[6][4]_i_3_n_0
    SLICE_X54Y75         CARRY4 (Prop_carry4_CI_CO[3])
                                                      0.117    13.241 r  design_1_i/gemv_q8_0_dma_top_0/inst/core/scaled_shifted_reg[6][8]_i_3/CO[3]
                         net (fo=1, routed)           0.000    13.241    design_1_i/gemv_q8_0_dma_top_0/inst/core/scaled_shifted_reg[6][8]_i_3_n_0
    SLICE_X54Y76         CARRY4 (Prop_carry4_CI_CO[3])
                                                      0.117    13.358 r  design_1_i/gemv_q8_0_dma_top_0/inst/core/scaled_shifted_reg[6][12]_i_3/CO[3]
                         net (fo=1, routed)           0.000    13.358    design_1_i/gemv_q8_0_dma_top_0/inst/core/scaled_shifted_reg[6][12]_i_3_n_0
    SLICE_X54Y77         CARRY4 (Prop_carry4_CI_CO[3])
                                                      0.117    13.475 r  design_1_i/gemv_q8_0_dma_top_0/inst/core/scaled_shifted_reg[6][16]_i_3/CO[3]
                         net (fo=1, routed)           0.000    13.475    design_1_i/gemv_q8_0_dma_top_0/inst/core/scaled_shifted_reg[6][16]_i_3_n_0
    SLICE_X54Y78         CARRY4 (Prop_carry4_CI_CO[3])
                                                      0.117    13.592 r  design_1_i/gemv_q8_0_dma_top_0/inst/core/scaled_shifted_reg[6][20]_i_3/CO[3]
                         net (fo=1, routed)           0.000    13.592    design_1_i/gemv_q8_0_dma_top_0/inst/core/scaled_shifted_reg[6][20]_i_3_n_0
    SLICE_X54Y79         CARRY4 (Prop_carry4_CI_CO[3])
                                                      0.117    13.709 r  design_1_i/gemv_q8_0_dma_top_0/inst/core/scaled_shifted_reg[6][24]_i_3/CO[3]
                         net (fo=1, routed)           0.000    13.709    design_1_i/gemv_q8_0_dma_top_0/inst/core/scaled_shifted_reg[6][24]_i_3_n_0
    SLICE_X54Y80         CARRY4 (Prop_carry4_CI_CO[3])
                                                      0.117    13.826 r  design_1_i/gemv_q8_0_dma_top_0/inst/core/scaled_shifted_reg[6][28]_i_3/CO[3]
                         net (fo=1, routed)           0.000    13.826    design_1_i/gemv_q8_0_dma_top_0/inst/core/scaled_shifted_reg[6][28]_i_3_n_0
    SLICE_X54Y81         CARRY4 (Prop_carry4_CI_CO[3])
                                                      0.117    13.943 r  design_1_i/gemv_q8_0_dma_top_0/inst/core/scaled_shifted_reg[6][32]_i_3/CO[3]
                         net (fo=1, routed)           0.000    13.943    design_1_i/gemv_q8_0_dma_top_0/inst/core/scaled_shifted_reg[6][32]_i_3_n_0
    SLICE_X54Y82         CARRY4 (Prop_carry4_CI_CO[3])
                                                      0.117    14.060 r  design_1_i/gemv_q8_0_dma_top_0/inst/core/scaled_shifted_reg[6][36]_i_3/CO[3]
                         net (fo=1, routed)           0.000    14.060    design_1_i/gemv_q8_0_dma_top_0/inst/core/scaled_shifted_reg[6][36]_i_3_n_0
    SLICE_X54Y83         CARRY4 (Prop_carry4_CI_CO[3])
                                                      0.117    14.177 r  design_1_i/gemv_q8_0_dma_top_0/inst/core/scaled_shifted_reg[6][40]_i_3/CO[3]
                         net (fo=1, routed)           0.000    14.177    design_1_i/gemv_q8_0_dma_top_0/inst/core/scaled_shifted_reg[6][40]_i_3_n_0
    SLICE_X54Y84         CARRY4 (Prop_carry4_CI_CO[3])
                                                      0.117    14.294 r  design_1_i/gemv_q8_0_dma_top_0/inst/core/scaled_shifted_reg[6][44]_i_3/CO[3]
                         net (fo=1, routed)           0.000    14.294    design_1_i/gemv_q8_0_dma_top_0/inst/core/scaled_shifted_reg[6][44]_i_3_n_0
    SLICE_X54Y85         CARRY4 (Prop_carry4_CI_CO[3])
                                                      0.117    14.411 r  design_1_i/gemv_q8_0_dma_top_0/inst/core/scaled_shifted_reg[6][46]_i_3/CO[3]
                         net (fo=1, routed)           0.000    14.411    design_1_i/gemv_q8_0_dma_top_0/inst/core/scaled_shifted_reg[6][46]_i_3_n_0
    SLICE_X54Y86         CARRY4 (Prop_carry4_CI_CO[3])
                                                      0.117    14.528 r  design_1_i/gemv_q8_0_dma_top_0/inst/core/scaled_shifted_reg[6][52]_i_4/CO[3]
                         net (fo=1, routed)           0.000    14.528    design_1_i/gemv_q8_0_dma_top_0/inst/core/scaled_shifted_reg[6][52]_i_4_n_0
    SLICE_X54Y87         CARRY4 (Prop_carry4_CI_CO[3])
                                                      0.117    14.645 r  design_1_i/gemv_q8_0_dma_top_0/inst/core/scaled_shifted_reg[6][60]_i_5/CO[3]
                         net (fo=1, routed)           0.000    14.645    design_1_i/gemv_q8_0_dma_top_0/inst/core/scaled_shifted_reg[6][60]_i_5_n_0
    SLICE_X54Y88         CARRY4 (Prop_carry4_CI_O[1])
                                                      0.323    14.968 r  design_1_i/gemv_q8_0_dma_top_0/inst/core/scaled_shifted_reg[6][60]_i_3/O[1]
                         net (fo=1, routed)           0.408    15.376    design_1_i/gemv_q8_0_dma_top_0/inst/core/scaled_shifted_reg[6][60]_i_3_n_6
    SLICE_X55Y89         LUT5 (Prop_lut5_I3_O)        0.306    15.682 r  design_1_i/gemv_q8_0_dma_top_0/inst/core/scaled_shifted[6][58]_i_2/O
                         net (fo=1, routed)           0.659    16.341    design_1_i/gemv_q8_0_dma_top_0/inst/core/scaled_shifted[6][58]_i_2_n_0
    SLICE_X54Y90         LUT3 (Prop_lut3_I2_O)        0.150    16.491 r  design_1_i/gemv_q8_0_dma_top_0/inst/core/scaled_shifted[6][58]_i_1/O
                         net (fo=1, routed)           0.000    16.491    design_1_i/gemv_q8_0_dma_top_0/inst/core/scaled_shifted[6][58]_i_1_n_0
    SLICE_X54Y90         FDRE                                         r  design_1_i/gemv_q8_0_dma_top_0/inst/core/scaled_shifted_reg[6][58]/D
  -------------------------------------------------------------------    -------------------

                         (clock clk_fpga_0 rise edge)
                                                     12.999    12.999 r  
    PS7_X0Y0             PS7                          0.000    12.999 r  design_1_i/processing_system7_0/inst/PS7_i/FCLKCLK[0]
                         net (fo=1, routed)           1.088    14.087    design_1_i/processing_system7_0/inst/FCLK_CLK_unbuffered[0]
    BUFGCTRL_X0Y19       BUFG (Prop_bufg_I_O)         0.091    14.178 r  design_1_i/processing_system7_0/inst/buffer_fclk_clk_0.FCLK_CLK_0_BUFG_replica_2/O
                         net (fo=5, routed)           0.133    14.311    design_1_i/processing_system7_0/inst/FCLK_CLK0_repN_2
    BUFGCTRL_X0Y18       BUFG (Prop_bufg_I_O)         0.091    14.402 r  design_1_i/processing_system7_0/inst/buffer_fclk_clk_0.FCLK_CLK_0_BUFG_replica_1/O
                         net (fo=18, routed)          0.133    14.535    design_1_i/processing_system7_0/inst/FCLK_CLK0_repN_1
    BUFGCTRL_X0Y17       BUFG (Prop_bufg_I_O)         0.091    14.626 r  design_1_i/processing_system7_0/inst/buffer_fclk_clk_0.FCLK_CLK_0_BUFG_replica/O
                         net (fo=69, routed)          0.133    14.759    design_1_i/processing_system7_0/inst/FCLK_CLK0_repN
    BUFGCTRL_X0Y16       BUFG (Prop_bufg_I_O)         0.091    14.850 r  design_1_i/processing_system7_0/inst/buffer_fclk_clk_0.FCLK_CLK_0_BUFG/O
                         net (fo=18497, routed)       1.534    16.384    design_1_i/gemv_q8_0_dma_top_0/inst/core/S_AXI_ACLK
    SLICE_X54Y90         FDRE                                         r  design_1_i/gemv_q8_0_dma_top_0/inst/core/scaled_shifted_reg[6][58]/C
                         clock pessimism              0.198    16.582    
                         clock uncertainty           -0.198    16.384    
    SLICE_X54Y90         FDRE (Setup_fdre_C_D)        0.118    16.502    design_1_i/gemv_q8_0_dma_top_0/inst/core/scaled_shifted_reg[6][58]
  -------------------------------------------------------------------
                         required time                         16.502    
                         arrival time                         -16.491    
  -------------------------------------------------------------------
                         slack                                  0.010    

Slack (MET) :             0.014ns  (required time - arrival time)
  Source:                 design_1_i/gemv_q8_0_dma_top_0/inst/core/scaled_shifted[14][27]_i_6_psdsp/C
                            (rising edge-triggered cell FDRE clocked by clk_fpga_0  {rise@0.000ns fall@6.499ns period=12.999ns})
  Destination:            design_1_i/gemv_q8_0_dma_top_0/inst/core/scaled_shifted_reg[14][56]/D
                            (rising edge-triggered cell FDRE clocked by clk_fpga_0  {rise@0.000ns fall@6.499ns period=12.999ns})
  Path Group:             clk_fpga_0
  Path Type:              Setup (Max at Slow Process Corner)
  Requirement:            12.999ns  (clk_fpga_0 rise@12.999ns - clk_fpga_0 rise@0.000ns)
  Data Path Delay:        12.668ns  (logic 6.560ns (51.786%)  route 6.108ns (48.214%))
  Logic Levels:           31  (CARRY4=24 LUT2=2 LUT3=1 LUT5=1 LUT6=3)
  Clock Path Skew:        -0.194ns (DCD - SCD + CPR)
    Destination Clock Delay (DCD):    3.327ns = ( 16.326 - 12.999 ) 
    Source Clock Delay      (SCD):    3.705ns
    Clock Pessimism Removal (CPR):    0.184ns
  Clock Uncertainty:      0.198ns  ((TSJ^2 + TIJ^2)^1/2 + DJ) / 2 + PE
    Total System Jitter     (TSJ):    0.071ns
    Total Input Jitter      (TIJ):    0.390ns
    Discrete Jitter          (DJ):    0.000ns
    Phase Error              (PE):    0.000ns

    Location             Delay type                Incr(ns)  Path(ns)    Netlist Resource(s)
  -------------------------------------------------------------------    -------------------
                         (clock clk_fpga_0 rise edge)
                                                      0.000     0.000 r  
    PS7_X0Y0             PS7                          0.000     0.000 r  design_1_i/processing_system7_0/inst/PS7_i/FCLKCLK[0]
                         net (fo=1, routed)           1.193     1.193    design_1_i/processing_system7_0/inst/FCLK_CLK_unbuffered[0]
    BUFGCTRL_X0Y19       BUFG (Prop_bufg_I_O)         0.101     1.294 r  design_1_i/processing_system7_0/inst/buffer_fclk_clk_0.FCLK_CLK_0_BUFG_replica_2/O
                         net (fo=5, routed)           0.146     1.440    design_1_i/processing_system7_0/inst/FCLK_CLK0_repN_2
    BUFGCTRL_X0Y18       BUFG (Prop_bufg_I_O)         0.101     1.541 r  design_1_i/processing_system7_0/inst/buffer_fclk_clk_0.FCLK_CLK_0_BUFG_replica_1/O
                         net (fo=18, routed)          0.146     1.687    design_1_i/processing_system7_0/inst/FCLK_CLK0_repN_1
    BUFGCTRL_X0Y17       BUFG (Prop_bufg_I_O)         0.101     1.788 r  design_1_i/processing_system7_0/inst/buffer_fclk_clk_0.FCLK_CLK_0_BUFG_replica/O
                         net (fo=69, routed)          0.146     1.934    design_1_i/processing_system7_0/inst/FCLK_CLK0_repN
    BUFGCTRL_X0Y16       BUFG (Prop_bufg_I_O)         0.101     2.035 r  design_1_i/processing_system7_0/inst/buffer_fclk_clk_0.FCLK_CLK_0_BUFG/O
                         net (fo=18497, routed)       1.670     3.705    design_1_i/gemv_q8_0_dma_top_0/inst/core/S_AXI_ACLK
    SLICE_X36Y49         FDRE                                         r  design_1_i/gemv_q8_0_dma_top_0/inst/core/scaled_shifted[14][27]_i_6_psdsp/C
  -------------------------------------------------------------------    -------------------
    SLICE_X36Y49         FDRE (Prop_fdre_C_Q)         0.518     4.223 r  design_1_i/gemv_q8_0_dma_top_0/inst/core/scaled_shifted[14][27]_i_6_psdsp/Q
                         net (fo=2, routed)           0.811     5.034    design_1_i/gemv_q8_0_dma_top_0/inst/core/scaled_product_reg[14]__0_n_97
    SLICE_X36Y47         LUT2 (Prop_lut2_I0_O)        0.124     5.158 r  design_1_i/gemv_q8_0_dma_top_0/inst/core/scaled_shifted[14][27]_i_6/O
                         net (fo=1, routed)           0.000     5.158    design_1_i/gemv_q8_0_dma_top_0/inst/core/scaled_shifted[14][27]_i_6_n_0
    SLICE_X36Y47         CARRY4 (Prop_carry4_S[1]_CO[3])
                                                      0.533     5.691 r  design_1_i/gemv_q8_0_dma_top_0/inst/core/scaled_shifted_reg[14][27]_i_2/CO[3]
                         net (fo=1, routed)           0.000     5.691    design_1_i/gemv_q8_0_dma_top_0/inst/core/scaled_shifted_reg[14][27]_i_2_n_0
    SLICE_X36Y48         CARRY4 (Prop_carry4_CI_CO[3])
                                                      0.117     5.808 r  design_1_i/gemv_q8_0_dma_top_0/inst/core/scaled_shifted_reg[14][31]_i_2/CO[3]
                         net (fo=1, routed)           0.000     5.808    design_1_i/gemv_q8_0_dma_top_0/inst/core/scaled_shifted_reg[14][31]_i_2_n_0
    SLICE_X36Y49         CARRY4 (Prop_carry4_CI_CO[3])
                                                      0.117     5.925 r  design_1_i/gemv_q8_0_dma_top_0/inst/core/scaled_shifted_reg[14][35]_i_2/CO[3]
                         net (fo=1, routed)           0.001     5.926    design_1_i/gemv_q8_0_dma_top_0/inst/core/scaled_shifted_reg[14][35]_i_2_n_0
    SLICE_X36Y50         CARRY4 (Prop_carry4_CI_CO[3])
                                                      0.117     6.043 r  design_1_i/gemv_q8_0_dma_top_0/inst/core/scaled_shifted_reg[14][39]_i_2/CO[3]
                         net (fo=1, routed)           0.000     6.043    design_1_i/gemv_q8_0_dma_top_0/inst/core/scaled_shifted_reg[14][39]_i_2_n_0
    SLICE_X36Y51         CARRY4 (Prop_carry4_CI_CO[3])
                                                      0.117     6.160 r  design_1_i/gemv_q8_0_dma_top_0/inst/core/scaled_shifted_reg[14][43]_i_2/CO[3]
                         net (fo=1, routed)           0.000     6.160    design_1_i/gemv_q8_0_dma_top_0/inst/core/scaled_shifted_reg[14][43]_i_2_n_0
    SLICE_X36Y52         CARRY4 (Prop_carry4_CI_CO[3])
                                                      0.117     6.277 r  design_1_i/gemv_q8_0_dma_top_0/inst/core/scaled_shifted_reg[14][47]_i_2/CO[3]
                         net (fo=1, routed)           0.000     6.277    design_1_i/gemv_q8_0_dma_top_0/inst/core/scaled_shifted_reg[14][47]_i_2_n_0
    SLICE_X36Y53         CARRY4 (Prop_carry4_CI_O[0])
                                                      0.219     6.496 r  design_1_i/gemv_q8_0_dma_top_0/inst/core/scaled_shifted_reg[14][51]_i_2/O[0]
                         net (fo=4, routed)           1.395     7.890    design_1_i/gemv_q8_0_dma_top_0/inst/core/scaled_product_reg[14]__1[48]
    SLICE_X43Y70         LUT2 (Prop_lut2_I0_O)        0.295     8.185 r  design_1_i/gemv_q8_0_dma_top_0/inst/core/scaled_shifted[14][0]_i_83/O
                         net (fo=1, routed)           0.000     8.185    design_1_i/gemv_q8_0_dma_top_0/inst/core/scaled_shifted[14][0]_i_83_n_0
    SLICE_X43Y70         CARRY4 (Prop_carry4_S[0]_CO[3])
                                                      0.532     8.717 r  design_1_i/gemv_q8_0_dma_top_0/inst/core/scaled_shifted_reg[14][0]_i_36/CO[3]
                         net (fo=1, routed)           0.000     8.717    design_1_i/gemv_q8_0_dma_top_0/inst/core/scaled_shifted_reg[14][0]_i_36_n_0
    SLICE_X43Y71         CARRY4 (Prop_carry4_CI_CO[3])
                                                      0.114     8.831 r  design_1_i/gemv_q8_0_dma_top_0/inst/core/scaled_shifted_reg[14][0]_i_29/CO[3]
                         net (fo=1, routed)           0.000     8.831    design_1_i/gemv_q8_0_dma_top_0/inst/core/scaled_shifted_reg[14][0]_i_29_n_0
    SLICE_X43Y72         CARRY4 (Prop_carry4_CI_O[3])
                                                      0.313     9.144 f  design_1_i/gemv_q8_0_dma_top_0/inst/core/scaled_shifted_reg[14][63]_i_31/O[3]
                         net (fo=6, routed)           0.636     9.781    design_1_i/gemv_q8_0_dma_top_0/inst/core/p_2_out__2[59]
    SLICE_X46Y69         LUT6 (Prop_lut6_I0_O)        0.306    10.087 f  design_1_i/gemv_q8_0_dma_top_0/inst/core/scaled_shifted[14][0]_i_12/O
                         net (fo=3, routed)           0.688    10.774    design_1_i/gemv_q8_0_dma_top_0/inst/core/scaled_shifted[14][0]_i_12_n_0
    SLICE_X46Y67         LUT6 (Prop_lut6_I3_O)        0.124    10.898 f  design_1_i/gemv_q8_0_dma_top_0/inst/core/scaled_shifted[14][0]_i_5/O
                         net (fo=4, routed)           0.771    11.669    design_1_i/gemv_q8_0_dma_top_0/inst/core/scaled_shifted[14][0]_i_5_n_0
    SLICE_X42Y68         LUT6 (Prop_lut6_I0_O)        0.124    11.793 r  design_1_i/gemv_q8_0_dma_top_0/inst/core/scaled_shifted[14][0]_i_3/O
                         net (fo=2, routed)           0.522    12.315    design_1_i/gemv_q8_0_dma_top_0/inst/core/scaled_shifted[14][4]_i_5_n_0
    SLICE_X42Y70         CARRY4 (Prop_carry4_CYINIT_CO[3])
                                                      0.595    12.910 r  design_1_i/gemv_q8_0_dma_top_0/inst/core/scaled_shifted_reg[14][4]_i_3/CO[3]
                         net (fo=1, routed)           0.000    12.910    design_1_i/gemv_q8_0_dma_top_0/inst/core/scaled_shifted_reg[14][4]_i_3_n_0
    SLICE_X42Y71         CARRY4 (Prop_carry4_CI_CO[3])
                                                      0.117    13.027 r  design_1_i/gemv_q8_0_dma_top_0/inst/core/scaled_shifted_reg[14][8]_i_3/CO[3]
                         net (fo=1, routed)           0.000    13.027    design_1_i/gemv_q8_0_dma_top_0/inst/core/scaled_shifted_reg[14][8]_i_3_n_0
    SLICE_X42Y72         CARRY4 (Prop_carry4_CI_CO[3])
                                                      0.117    13.144 r  design_1_i/gemv_q8_0_dma_top_0/inst/core/scaled_shifted_reg[14][12]_i_3/CO[3]
                         net (fo=1, routed)           0.000    13.144    design_1_i/gemv_q8_0_dma_top_0/inst/core/scaled_shifted_reg[14][12]_i_3_n_0
    SLICE_X42Y73         CARRY4 (Prop_carry4_CI_CO[3])
                                                      0.117    13.261 r  design_1_i/gemv_q8_0_dma_top_0/inst/core/scaled_shifted_reg[14][16]_i_3/CO[3]
                         net (fo=1, routed)           0.000    13.261    design_1_i/gemv_q8_0_dma_top_0/inst/core/scaled_shifted_reg[14][16]_i_3_n_0
    SLICE_X42Y74         CARRY4 (Prop_carry4_CI_CO[3])
                                                      0.117    13.378 r  design_1_i/gemv_q8_0_dma_top_0/inst/core/scaled_shifted_reg[14][20]_i_3/CO[3]
                         net (fo=1, routed)           0.009    13.387    design_1_i/gemv_q8_0_dma_top_0/inst/core/scaled_shifted_reg[14][20]_i_3_n_0
    SLICE_X42Y75         CARRY4 (Prop_carry4_CI_CO[3])
                                                      0.117    13.504 r  design_1_i/gemv_q8_0_dma_top_0/inst/core/scaled_shifted_reg[14][24]_i_3/CO[3]
                         net (fo=1, routed)           0.000    13.504    design_1_i/gemv_q8_0_dma_top_0/inst/core/scaled_shifted_reg[14][24]_i_3_n_0
    SLICE_X42Y76         CARRY4 (Prop_carry4_CI_CO[3])
                                                      0.117    13.621 r  design_1_i/gemv_q8_0_dma_top_0/inst/core/scaled_shifted_reg[14][28]_i_3/CO[3]
                         net (fo=1, routed)           0.000    13.621    design_1_i/gemv_q8_0_dma_top_0/inst/core/scaled_shifted_reg[14][28]_i_3_n_0
    SLICE_X42Y77         CARRY4 (Prop_carry4_CI_CO[3])
                                                      0.117    13.738 r  design_1_i/gemv_q8_0_dma_top_0/inst/core/scaled_shifted_reg[14][32]_i_3/CO[3]
                         net (fo=1, routed)           0.000    13.738    design_1_i/gemv_q8_0_dma_top_0/inst/core/scaled_shifted_reg[14][32]_i_3_n_0
    SLICE_X42Y78         CARRY4 (Prop_carry4_CI_CO[3])
                                                      0.117    13.855 r  design_1_i/gemv_q8_0_dma_top_0/inst/core/scaled_shifted_reg[14][36]_i_3/CO[3]
                         net (fo=1, routed)           0.000    13.855    design_1_i/gemv_q8_0_dma_top_0/inst/core/scaled_shifted_reg[14][36]_i_3_n_0
    SLICE_X42Y79         CARRY4 (Prop_carry4_CI_CO[3])
                                                      0.117    13.972 r  design_1_i/gemv_q8_0_dma_top_0/inst/core/scaled_shifted_reg[14][40]_i_3/CO[3]
                         net (fo=1, routed)           0.000    13.972    design_1_i/gemv_q8_0_dma_top_0/inst/core/scaled_shifted_reg[14][40]_i_3_n_0
    SLICE_X42Y80         CARRY4 (Prop_carry4_CI_CO[3])
                                                      0.117    14.089 r  design_1_i/gemv_q8_0_dma_top_0/inst/core/scaled_shifted_reg[14][44]_i_3/CO[3]
                         net (fo=1, routed)           0.000    14.089    design_1_i/gemv_q8_0_dma_top_0/inst/core/scaled_shifted_reg[14][44]_i_3_n_0
    SLICE_X42Y81         CARRY4 (Prop_carry4_CI_CO[3])
                                                      0.117    14.206 r  design_1_i/gemv_q8_0_dma_top_0/inst/core/scaled_shifted_reg[14][46]_i_3/CO[3]
                         net (fo=1, routed)           0.000    14.206    design_1_i/gemv_q8_0_dma_top_0/inst/core/scaled_shifted_reg[14][46]_i_3_n_0
    SLICE_X42Y82         CARRY4 (Prop_carry4_CI_CO[3])
                                                      0.117    14.323 r  design_1_i/gemv_q8_0_dma_top_0/inst/core/scaled_shifted_reg[14][52]_i_4/CO[3]
                         net (fo=1, routed)           0.000    14.323    design_1_i/gemv_q8_0_dma_top_0/inst/core/scaled_shifted_reg[14][52]_i_4_n_0
    SLICE_X42Y83         CARRY4 (Prop_carry4_CI_O[3])
                                                      0.315    14.638 r  design_1_i/gemv_q8_0_dma_top_0/inst/core/scaled_shifted_reg[14][60]_i_5/O[3]
                         net (fo=1, routed)           0.619    15.258    design_1_i/gemv_q8_0_dma_top_0/inst/core/scaled_shifted_reg[14][60]_i_5_n_4
    SLICE_X41Y88         LUT5 (Prop_lut5_I3_O)        0.307    15.565 r  design_1_i/gemv_q8_0_dma_top_0/inst/core/scaled_shifted[14][56]_i_2/O
                         net (fo=1, routed)           0.656    16.221    design_1_i/gemv_q8_0_dma_top_0/inst/core/scaled_shifted[14][56]_i_2_n_0
    SLICE_X40Y88         LUT3 (Prop_lut3_I2_O)        0.152    16.373 r  design_1_i/gemv_q8_0_dma_top_0/inst/core/scaled_shifted[14][56]_i_1/O
                         net (fo=1, routed)           0.000    16.373    design_1_i/gemv_q8_0_dma_top_0/inst/core/scaled_shifted[14][56]_i_1_n_0
    SLICE_X40Y88         FDRE                                         r  design_1_i/gemv_q8_0_dma_top_0/inst/core/scaled_shifted_reg[14][56]/D
  -------------------------------------------------------------------    -------------------

                         (clock clk_fpga_0 rise edge)
                                                     12.999    12.999 r  
    PS7_X0Y0             PS7                          0.000    12.999 r  design_1_i/processing_system7_0/inst/PS7_i/FCLKCLK[0]
                         net (fo=1, routed)           1.088    14.087    design_1_i/processing_system7_0/inst/FCLK_CLK_unbuffered[0]
    BUFGCTRL_X0Y19       BUFG (Prop_bufg_I_O)         0.091    14.178 r  design_1_i/processing_system7_0/inst/buffer_fclk_clk_0.FCLK_CLK_0_BUFG_replica_2/O
                         net (fo=5, routed)           0.133    14.311    design_1_i/processing_system7_0/inst/FCLK_CLK0_repN_2
    BUFGCTRL_X0Y18       BUFG (Prop_bufg_I_O)         0.091    14.402 r  design_1_i/processing_system7_0/inst/buffer_fclk_clk_0.FCLK_CLK_0_BUFG_replica_1/O
                         net (fo=18, routed)          0.133    14.535    design_1_i/processing_system7_0/inst/FCLK_CLK0_repN_1
    BUFGCTRL_X0Y17       BUFG (Prop_bufg_I_O)         0.091    14.626 r  design_1_i/processing_system7_0/inst/buffer_fclk_clk_0.FCLK_CLK_0_BUFG_replica/O
                         net (fo=69, routed)          0.133    14.759    design_1_i/processing_system7_0/inst/FCLK_CLK0_repN
    BUFGCTRL_X0Y16       BUFG (Prop_bufg_I_O)         0.091    14.850 r  design_1_i/processing_system7_0/inst/buffer_fclk_clk_0.FCLK_CLK_0_BUFG/O
                         net (fo=18497, routed)       1.476    16.326    design_1_i/gemv_q8_0_dma_top_0/inst/core/S_AXI_ACLK
    SLICE_X40Y88         FDRE                                         r  design_1_i/gemv_q8_0_dma_top_0/inst/core/scaled_shifted_reg[14][56]/C
                         clock pessimism              0.184    16.510    
                         clock uncertainty           -0.198    16.312    
    SLICE_X40Y88         FDRE (Setup_fdre_C_D)        0.075    16.387    design_1_i/gemv_q8_0_dma_top_0/inst/core/scaled_shifted_reg[14][56]
  -------------------------------------------------------------------
                         required time                         16.387    
                         arrival time                         -16.373    
  -------------------------------------------------------------------
                         slack                                  0.014    

Slack (MET) :             0.026ns  (required time - arrival time)
  Source:                 <hidden>
                            (rising edge-triggered cell RAMB36E1 clocked by clk_fpga_0  {rise@0.000ns fall@6.499ns period=12.999ns})
  Destination:            design_1_i/gemv_q8_0_dma_top_0/inst/core/block_acc[4][28]_i_1_psdsp_7/D
                            (rising edge-triggered cell FDRE clocked by clk_fpga_0  {rise@0.000ns fall@6.499ns period=12.999ns})
  Path Group:             clk_fpga_0
  Path Type:              Setup (Max at Slow Process Corner)
  Requirement:            12.999ns  (clk_fpga_0 rise@12.999ns - clk_fpga_0 rise@0.000ns)
  Data Path Delay:        12.480ns  (logic 6.543ns (52.426%)  route 5.937ns (47.574%))
  Logic Levels:           3  (DSP48E1=1 LUT2=1 LUT3=1)
  Clock Path Skew:        -0.239ns (DCD - SCD + CPR)
    Destination Clock Delay (DCD):    3.455ns = ( 16.454 - 12.999 ) 
    Source Clock Delay      (SCD):    3.877ns
    Clock Pessimism Removal (CPR):    0.184ns
  Clock Uncertainty:      0.198ns  ((TSJ^2 + TIJ^2)^1/2 + DJ) / 2 + PE
    Total System Jitter     (TSJ):    0.071ns
    Total Input Jitter      (TIJ):    0.390ns
    Discrete Jitter          (DJ):    0.000ns
    Phase Error              (PE):    0.000ns

    Location             Delay type                Incr(ns)  Path(ns)    Netlist Resource(s)
  -------------------------------------------------------------------    -------------------
                         (clock clk_fpga_0 rise edge)
                                                      0.000     0.000 r  
    PS7_X0Y0             PS7                          0.000     0.000 r  design_1_i/processing_system7_0/inst/PS7_i/FCLKCLK[0]
                         net (fo=1, routed)           1.193     1.193    design_1_i/processing_system7_0/inst/FCLK_CLK_unbuffered[0]
    BUFGCTRL_X0Y19       BUFG (Prop_bufg_I_O)         0.101     1.294 r  design_1_i/processing_system7_0/inst/buffer_fclk_clk_0.FCLK_CLK_0_BUFG_replica_2/O
                         net (fo=5, routed)           0.146     1.440    design_1_i/processing_system7_0/inst/FCLK_CLK0_repN_2
    BUFGCTRL_X0Y18       BUFG (Prop_bufg_I_O)         0.101     1.541 r  design_1_i/processing_system7_0/inst/buffer_fclk_clk_0.FCLK_CLK_0_BUFG_replica_1/O
                         net (fo=18, routed)          0.146     1.687    design_1_i/processing_system7_0/inst/FCLK_CLK0_repN_1
    BUFGCTRL_X0Y17       BUFG (Prop_bufg_I_O)         0.101     1.788 r  design_1_i/processing_system7_0/inst/buffer_fclk_clk_0.FCLK_CLK_0_BUFG_replica/O
                         net (fo=69, routed)          0.146     1.934    design_1_i/processing_system7_0/inst/FCLK_CLK0_repN
    BUFGCTRL_X0Y16       BUFG (Prop_bufg_I_O)         0.101     2.035 r  design_1_i/processing_system7_0/inst/buffer_fclk_clk_0.FCLK_CLK_0_BUFG/O
                         net (fo=18497, routed)       1.842     3.877    <hidden>
    RAMB36_X4Y9          RAMB36E1                                     r  <hidden>
  -------------------------------------------------------------------    -------------------
    RAMB36_X4Y9          RAMB36E1 (Prop_ramb36e1_CLKBWRCLK_DOBDO[1])
                                                      2.454     6.331 r  <hidden>
                         net (fo=1, routed)           1.705     8.036    design_1_i/gemv_q8_0_dma_top_0/inst/core/INPUT_BRAM_DOUT[15]
    SLICE_X39Y43         LUT3 (Prop_lut3_I2_O)        0.124     8.160 r  design_1_i/gemv_q8_0_dma_top_0/inst/core/p_0_out_i_1/O
                         net (fo=60, routed)          0.930     9.090    design_1_i/gemv_q8_0_dma_top_0/inst/core/core_input_rd_data[15]
    DSP48_X2Y19          DSP48E1 (Prop_dsp48e1_A[16]_P[28])
                                                      3.841    12.931 r  design_1_i/gemv_q8_0_dma_top_0/inst/core/p_0_out__2/P[28]
                         net (fo=13, routed)          0.894    13.826    design_1_i/gemv_q8_0_dma_top_0/inst/core/p_0_out__2_n_77
    SLICE_X37Y44         LUT2 (Prop_lut2_I0_O)        0.124    13.950 r  design_1_i/gemv_q8_0_dma_top_0/inst/core/block_acc[4][28]_i_1/O
                         net (fo=12, routed)          2.408    16.358    design_1_i/gemv_q8_0_dma_top_0/inst/core/block_acc[4][28]_i_1_n_0
    SLICE_X90Y58         FDRE                                         r  design_1_i/gemv_q8_0_dma_top_0/inst/core/block_acc[4][28]_i_1_psdsp_7/D
  -------------------------------------------------------------------    -------------------

                         (clock clk_fpga_0 rise edge)
                                                     12.999    12.999 r  
    PS7_X0Y0             PS7                          0.000    12.999 r  design_1_i/processing_system7_0/inst/PS7_i/FCLKCLK[0]
                         net (fo=1, routed)           1.088    14.087    design_1_i/processing_system7_0/inst/FCLK_CLK_unbuffered[0]
    BUFGCTRL_X0Y19       BUFG (Prop_bufg_I_O)         0.091    14.178 r  design_1_i/processing_system7_0/inst/buffer_fclk_clk_0.FCLK_CLK_0_BUFG_replica_2/O
                         net (fo=5, routed)           0.133    14.311    design_1_i/processing_system7_0/inst/FCLK_CLK0_repN_2
    BUFGCTRL_X0Y18       BUFG (Prop_bufg_I_O)         0.091    14.402 r  design_1_i/processing_system7_0/inst/buffer_fclk_clk_0.FCLK_CLK_0_BUFG_replica_1/O
                         net (fo=18, routed)          0.133    14.535    design_1_i/processing_system7_0/inst/FCLK_CLK0_repN_1
    BUFGCTRL_X0Y17       BUFG (Prop_bufg_I_O)         0.091    14.626 r  design_1_i/processing_system7_0/inst/buffer_fclk_clk_0.FCLK_CLK_0_BUFG_replica/O
                         net (fo=69, routed)          0.133    14.759    design_1_i/processing_system7_0/inst/FCLK_CLK0_repN
    BUFGCTRL_X0Y16       BUFG (Prop_bufg_I_O)         0.091    14.850 r  design_1_i/processing_system7_0/inst/buffer_fclk_clk_0.FCLK_CLK_0_BUFG/O
                         net (fo=18497, routed)       1.604    16.454    design_1_i/gemv_q8_0_dma_top_0/inst/core/S_AXI_ACLK
    SLICE_X90Y58         FDRE                                         r  design_1_i/gemv_q8_0_dma_top_0/inst/core/block_acc[4][28]_i_1_psdsp_7/C
                         clock pessimism              0.184    16.638    
                         clock uncertainty           -0.198    16.440    
    SLICE_X90Y58         FDRE (Setup_fdre_C_D)       -0.056    16.384    design_1_i/gemv_q8_0_dma_top_0/inst/core/block_acc[4][28]_i_1_psdsp_7
  -------------------------------------------------------------------
                         required time                         16.384    
                         arrival time                         -16.358    
  -------------------------------------------------------------------
                         slack                                  0.026    

Slack (MET) :             0.030ns  (required time - arrival time)
  Source:                 design_1_i/gemv_q8_0_dma_top_0/inst/core/scaled_shifted[15][19]_i_6_psdsp/C
                            (rising edge-triggered cell FDRE clocked by clk_fpga_0  {rise@0.000ns fall@6.499ns period=12.999ns})
  Destination:            design_1_i/gemv_q8_0_dma_top_0/inst/core/scaled_shifted_reg[15][62]/D
                            (rising edge-triggered cell FDRE clocked by clk_fpga_0  {rise@0.000ns fall@6.499ns period=12.999ns})
  Path Group:             clk_fpga_0
  Path Type:              Setup (Max at Slow Process Corner)
  Requirement:            12.999ns  (clk_fpga_0 rise@12.999ns - clk_fpga_0 rise@0.000ns)
  Data Path Delay:        12.883ns  (logic 6.813ns (52.884%)  route 6.070ns (47.116%))
  Logic Levels:           35  (CARRY4=29 LUT2=1 LUT3=1 LUT6=4)
  Clock Path Skew:        0.037ns (DCD - SCD + CPR)
    Destination Clock Delay (DCD):    3.320ns = ( 16.319 - 12.999 ) 
    Source Clock Delay      (SCD):    3.444ns
    Clock Pessimism Removal (CPR):    0.161ns
  Clock Uncertainty:      0.198ns  ((TSJ^2 + TIJ^2)^1/2 + DJ) / 2 + PE
    Total System Jitter     (TSJ):    0.071ns
    Total Input Jitter      (TIJ):    0.390ns
    Discrete Jitter          (DJ):    0.000ns
    Phase Error              (PE):    0.000ns

    Location             Delay type                Incr(ns)  Path(ns)    Netlist Resource(s)
  -------------------------------------------------------------------    -------------------
                         (clock clk_fpga_0 rise edge)
                                                      0.000     0.000 r  
    PS7_X0Y0             PS7                          0.000     0.000 r  design_1_i/processing_system7_0/inst/PS7_i/FCLKCLK[0]
                         net (fo=1, routed)           1.193     1.193    design_1_i/processing_system7_0/inst/FCLK_CLK_unbuffered[0]
    BUFGCTRL_X0Y19       BUFG (Prop_bufg_I_O)         0.101     1.294 r  design_1_i/processing_system7_0/inst/buffer_fclk_clk_0.FCLK_CLK_0_BUFG_replica_2/O
                         net (fo=5, routed)           0.146     1.440    design_1_i/processing_system7_0/inst/FCLK_CLK0_repN_2
    BUFGCTRL_X0Y18       BUFG (Prop_bufg_I_O)         0.101     1.541 r  design_1_i/processing_system7_0/inst/buffer_fclk_clk_0.FCLK_CLK_0_BUFG_replica_1/O
                         net (fo=18, routed)          0.146     1.687    design_1_i/processing_system7_0/inst/FCLK_CLK0_repN_1
    BUFGCTRL_X0Y17       BUFG (Prop_bufg_I_O)         0.101     1.788 r  design_1_i/processing_system7_0/inst/buffer_fclk_clk_0.FCLK_CLK_0_BUFG_replica/O
                         net (fo=69, routed)          1.656     3.444    design_1_i/gemv_q8_0_dma_top_0/inst/core/FCLK_CLK0_repN_alias
    SLICE_X36Y29         FDRE                                         r  design_1_i/gemv_q8_0_dma_top_0/inst/core/scaled_shifted[15][19]_i_6_psdsp/C
  -------------------------------------------------------------------    -------------------
    SLICE_X36Y29         FDRE (Prop_fdre_C_Q)         0.518     3.962 r  design_1_i/gemv_q8_0_dma_top_0/inst/core/scaled_shifted[15][19]_i_6_psdsp/Q
                         net (fo=2, routed)           0.624     4.586    design_1_i/gemv_q8_0_dma_top_0/inst/core/scaled_product_reg[15]__0_n_105
    SLICE_X37Y29         CARRY4 (Prop_carry4_DI[1]_CO[3])
                                                      0.507     5.093 r  design_1_i/gemv_q8_0_dma_top_0/inst/core/scaled_shifted_reg[15][19]_i_2/CO[3]
                         net (fo=1, routed)           0.000     5.093    design_1_i/gemv_q8_0_dma_top_0/inst/core/scaled_shifted_reg[15][19]_i_2_n_0
    SLICE_X37Y30         CARRY4 (Prop_carry4_CI_CO[3])
                                                      0.114     5.207 r  design_1_i/gemv_q8_0_dma_top_0/inst/core/scaled_shifted_reg[15][23]_i_2/CO[3]
                         net (fo=1, routed)           0.000     5.207    design_1_i/gemv_q8_0_dma_top_0/inst/core/scaled_shifted_reg[15][23]_i_2_n_0
    SLICE_X37Y31         CARRY4 (Prop_carry4_CI_CO[3])
                                                      0.114     5.321 r  design_1_i/gemv_q8_0_dma_top_0/inst/core/scaled_shifted_reg[15][27]_i_2/CO[3]
                         net (fo=1, routed)           0.000     5.321    design_1_i/gemv_q8_0_dma_top_0/inst/core/scaled_shifted_reg[15][27]_i_2_n_0
    SLICE_X37Y32         CARRY4 (Prop_carry4_CI_CO[3])
                                                      0.114     5.435 r  design_1_i/gemv_q8_0_dma_top_0/inst/core/scaled_shifted_reg[15][31]_i_2/CO[3]
                         net (fo=1, routed)           0.000     5.435    design_1_i/gemv_q8_0_dma_top_0/inst/core/scaled_shifted_reg[15][31]_i_2_n_0
    SLICE_X37Y33         CARRY4 (Prop_carry4_CI_CO[3])
                                                      0.114     5.549 r  design_1_i/gemv_q8_0_dma_top_0/inst/core/scaled_shifted_reg[15][35]_i_2/CO[3]
                         net (fo=1, routed)           0.000     5.549    design_1_i/gemv_q8_0_dma_top_0/inst/core/scaled_shifted_reg[15][35]_i_2_n_0
    SLICE_X37Y34         CARRY4 (Prop_carry4_CI_CO[3])
                                                      0.114     5.663 r  design_1_i/gemv_q8_0_dma_top_0/inst/core/scaled_shifted_reg[15][39]_i_2/CO[3]
                         net (fo=1, routed)           0.000     5.663    design_1_i/gemv_q8_0_dma_top_0/inst/core/scaled_shifted_reg[15][39]_i_2_n_0
    SLICE_X37Y35         CARRY4 (Prop_carry4_CI_CO[3])
                                                      0.114     5.777 r  design_1_i/gemv_q8_0_dma_top_0/inst/core/scaled_shifted_reg[15][43]_i_2/CO[3]
                         net (fo=1, routed)           0.000     5.777    design_1_i/gemv_q8_0_dma_top_0/inst/core/scaled_shifted_reg[15][43]_i_2_n_0
    SLICE_X37Y36         CARRY4 (Prop_carry4_CI_CO[3])
                                                      0.114     5.891 r  design_1_i/gemv_q8_0_dma_top_0/inst/core/scaled_shifted_reg[15][47]_i_2/CO[3]
                         net (fo=1, routed)           0.000     5.891    design_1_i/gemv_q8_0_dma_top_0/inst/core/scaled_shifted_reg[15][47]_i_2_n_0
    SLICE_X37Y37         CARRY4 (Prop_carry4_CI_CO[3])
                                                      0.114     6.005 r  design_1_i/gemv_q8_0_dma_top_0/inst/core/scaled_shifted_reg[15][51]_i_2/CO[3]
                         net (fo=1, routed)           0.000     6.005    design_1_i/gemv_q8_0_dma_top_0/inst/core/scaled_shifted_reg[15][51]_i_2_n_0
    SLICE_X37Y38         CARRY4 (Prop_carry4_CI_O[0])
                                                      0.222     6.227 r  design_1_i/gemv_q8_0_dma_top_0/inst/core/scaled_shifted_reg[15][55]_i_2/O[0]
                         net (fo=4, routed)           1.586     7.813    design_1_i/gemv_q8_0_dma_top_0/inst/core/scaled_product_reg[15]__1[52]
    SLICE_X46Y63         LUT2 (Prop_lut2_I0_O)        0.299     8.112 r  design_1_i/gemv_q8_0_dma_top_0/inst/core/scaled_shifted[15][0]_i_55/O
                         net (fo=1, routed)           0.000     8.112    design_1_i/gemv_q8_0_dma_top_0/inst/core/scaled_shifted[15][0]_i_55_n_0
    SLICE_X46Y63         CARRY4 (Prop_carry4_S[0]_CO[3])
                                                      0.513     8.625 r  design_1_i/gemv_q8_0_dma_top_0/inst/core/scaled_shifted_reg[15][0]_i_29/CO[3]
                         net (fo=1, routed)           0.000     8.625    design_1_i/gemv_q8_0_dma_top_0/inst/core/scaled_shifted_reg[15][0]_i_29_n_0
    SLICE_X46Y64         CARRY4 (Prop_carry4_CI_CO[3])
                                                      0.117     8.742 r  design_1_i/gemv_q8_0_dma_top_0/inst/core/scaled_shifted_reg[15][63]_i_31/CO[3]
                         net (fo=1, routed)           0.000     8.742    design_1_i/gemv_q8_0_dma_top_0/inst/core/scaled_shifted_reg[15][63]_i_31_n_0
    SLICE_X46Y65         CARRY4 (Prop_carry4_CI_O[0])
                                                      0.219     8.961 f  design_1_i/gemv_q8_0_dma_top_0/inst/core/scaled_shifted_reg[15][63]_i_23/O[0]
                         net (fo=6, routed)           0.698     9.659    design_1_i/gemv_q8_0_dma_top_0/inst/core/scaled_shifted_reg[15][63]_i_23_n_7
    SLICE_X45Y58         LUT6 (Prop_lut6_I0_O)        0.295     9.954 f  design_1_i/gemv_q8_0_dma_top_0/inst/core/scaled_shifted[15][0]_i_22/O
                         net (fo=4, routed)           0.486    10.440    design_1_i/gemv_q8_0_dma_top_0/inst/core/scaled_shifted[15][0]_i_22_n_0
    SLICE_X48Y56         LUT6 (Prop_lut6_I0_O)        0.124    10.564 f  design_1_i/gemv_q8_0_dma_top_0/inst/core/scaled_shifted[15][0]_i_8/O
                         net (fo=1, routed)           1.047    11.611    design_1_i/gemv_q8_0_dma_top_0/inst/core/scaled_shifted[15][0]_i_8_n_0
    SLICE_X42Y63         LUT6 (Prop_lut6_I5_O)        0.124    11.735 r  design_1_i/gemv_q8_0_dma_top_0/inst/core/scaled_shifted[15][0]_i_3/O
                         net (fo=2, routed)           0.644    12.379    design_1_i/gemv_q8_0_dma_top_0/inst/core/scaled_shifted[15][4]_i_5_n_0
    SLICE_X39Y66         CARRY4 (Prop_carry4_CYINIT_CO[3])
                                                      0.580    12.959 r  design_1_i/gemv_q8_0_dma_top_0/inst/core/scaled_shifted_reg[15][4]_i_3/CO[3]
                         net (fo=1, routed)           0.000    12.959    design_1_i/gemv_q8_0_dma_top_0/inst/core/scaled_shifted_reg[15][4]_i_3_n_0
    SLICE_X39Y67         CARRY4 (Prop_carry4_CI_CO[3])
                                                      0.114    13.073 r  design_1_i/gemv_q8_0_dma_top_0/inst/core/scaled_shifted_reg[15][8]_i_3/CO[3]
                         net (fo=1, routed)           0.000    13.073    design_1_i/gemv_q8_0_dma_top_0/inst/core/scaled_shifted_reg[15][8]_i_3_n_0
    SLICE_X39Y68         CARRY4 (Prop_carry4_CI_CO[3])
                                                      0.114    13.187 r  design_1_i/gemv_q8_0_dma_top_0/inst/core/scaled_shifted_reg[15][12]_i_3/CO[3]
                         net (fo=1, routed)           0.000    13.187    design_1_i/gemv_q8_0_dma_top_0/inst/core/scaled_shifted_reg[15][12]_i_3_n_0
    SLICE_X39Y69         CARRY4 (Prop_carry4_CI_CO[3])
                                                      0.114    13.301 r  design_1_i/gemv_q8_0_dma_top_0/inst/core/scaled_shifted_reg[15][16]_i_3/CO[3]
                         net (fo=1, routed)           0.000    13.301    design_1_i/gemv_q8_0_dma_top_0/inst/core/scaled_shifted_reg[15][16]_i_3_n_0
    SLICE_X39Y70         CARRY4 (Prop_carry4_CI_CO[3])
                                                      0.114    13.415 r  design_1_i/gemv_q8_0_dma_top_0/inst/core/scaled_shifted_reg[15][20]_i_3/CO[3]
                         net (fo=1, routed)           0.000    13.415    design_1_i/gemv_q8_0_dma_top_0/inst/core/scaled_shifted_reg[15][20]_i_3_n_0
    SLICE_X39Y71         CARRY4 (Prop_carry4_CI_CO[3])
                                                      0.114    13.529 r  design_1_i/gemv_q8_0_dma_top_0/inst/core/scaled_shifted_reg[15][24]_i_3/CO[3]
                         net (fo=1, routed)           0.000    13.529    design_1_i/gemv_q8_0_dma_top_0/inst/core/scaled_shifted_reg[15][24]_i_3_n_0
    SLICE_X39Y72         CARRY4 (Prop_carry4_CI_CO[3])
                                                      0.114    13.643 r  design_1_i/gemv_q8_0_dma_top_0/inst/core/scaled_shifted_reg[15][28]_i_3/CO[3]
                         net (fo=1, routed)           0.000    13.643    design_1_i/gemv_q8_0_dma_top_0/inst/core/scaled_shifted_reg[15][28]_i_3_n_0
    SLICE_X39Y73         CARRY4 (Prop_carry4_CI_CO[3])
                                                      0.114    13.757 r  design_1_i/gemv_q8_0_dma_top_0/inst/core/scaled_shifted_reg[15][32]_i_3/CO[3]
                         net (fo=1, routed)           0.000    13.757    design_1_i/gemv_q8_0_dma_top_0/inst/core/scaled_shifted_reg[15][32]_i_3_n_0
    SLICE_X39Y74         CARRY4 (Prop_carry4_CI_CO[3])
                                                      0.114    13.871 r  design_1_i/gemv_q8_0_dma_top_0/inst/core/scaled_shifted_reg[15][36]_i_3/CO[3]
                         net (fo=1, routed)           0.009    13.880    design_1_i/gemv_q8_0_dma_top_0/inst/core/scaled_shifted_reg[15][36]_i_3_n_0
    SLICE_X39Y75         CARRY4 (Prop_carry4_CI_CO[3])
                                                      0.114    13.994 r  design_1_i/gemv_q8_0_dma_top_0/inst/core/scaled_shifted_reg[15][40]_i_3/CO[3]
                         net (fo=1, routed)           0.000    13.994    design_1_i/gemv_q8_0_dma_top_0/inst/core/scaled_shifted_reg[15][40]_i_3_n_0
    SLICE_X39Y76         CARRY4 (Prop_carry4_CI_CO[3])
                                                      0.114    14.108 r  design_1_i/gemv_q8_0_dma_top_0/inst/core/scaled_shifted_reg[15][44]_i_3/CO[3]
                         net (fo=1, routed)           0.000    14.108    design_1_i/gemv_q8_0_dma_top_0/inst/core/scaled_shifted_reg[15][44]_i_3_n_0
    SLICE_X39Y77         CARRY4 (Prop_carry4_CI_CO[3])
                                                      0.114    14.222 r  design_1_i/gemv_q8_0_dma_top_0/inst/core/scaled_shifted_reg[15][46]_i_3/CO[3]
                         net (fo=1, routed)           0.000    14.222    design_1_i/gemv_q8_0_dma_top_0/inst/core/scaled_shifted_reg[15][46]_i_3_n_0
    SLICE_X39Y78         CARRY4 (Prop_carry4_CI_CO[3])
                                                      0.114    14.336 r  design_1_i/gemv_q8_0_dma_top_0/inst/core/scaled_shifted_reg[15][52]_i_4/CO[3]
                         net (fo=1, routed)           0.000    14.336    design_1_i/gemv_q8_0_dma_top_0/inst/core/scaled_shifted_reg[15][52]_i_4_n_0
    SLICE_X39Y79         CARRY4 (Prop_carry4_CI_CO[3])
                                                      0.114    14.450 r  design_1_i/gemv_q8_0_dma_top_0/inst/core/scaled_shifted_reg[15][60]_i_5/CO[3]
                         net (fo=1, routed)           0.000    14.450    design_1_i/gemv_q8_0_dma_top_0/inst/core/scaled_shifted_reg[15][60]_i_5_n_0
    SLICE_X39Y80         CARRY4 (Prop_carry4_CI_CO[3])
                                                      0.114    14.564 r  design_1_i/gemv_q8_0_dma_top_0/inst/core/scaled_shifted_reg[15][60]_i_3/CO[3]
                         net (fo=1, routed)           0.000    14.564    design_1_i/gemv_q8_0_dma_top_0/inst/core/scaled_shifted_reg[15][60]_i_3_n_0
    SLICE_X39Y81         CARRY4 (Prop_carry4_CI_O[1])
                                                      0.334    14.898 r  design_1_i/gemv_q8_0_dma_top_0/inst/core/scaled_shifted_reg[15][63]_i_4/O[1]
                         net (fo=1, routed)           0.411    15.309    design_1_i/gemv_q8_0_dma_top_0/inst/core/p_1_in__2[62]
    SLICE_X43Y81         LUT6 (Prop_lut6_I4_O)        0.303    15.612 r  design_1_i/gemv_q8_0_dma_top_0/inst/core/scaled_shifted[15][62]_i_2/O
                         net (fo=1, routed)           0.564    16.177    design_1_i/gemv_q8_0_dma_top_0/inst/core/data1__1[62]
    SLICE_X41Y81         LUT3 (Prop_lut3_I2_O)        0.150    16.327 r  design_1_i/gemv_q8_0_dma_top_0/inst/core/scaled_shifted[15][62]_i_1/O
                         net (fo=1, routed)           0.000    16.327    design_1_i/gemv_q8_0_dma_top_0/inst/core/round_shift_i64__2[62]
    SLICE_X41Y81         FDRE                                         r  design_1_i/gemv_q8_0_dma_top_0/inst/core/scaled_shifted_reg[15][62]/D
  -------------------------------------------------------------------    -------------------

                         (clock clk_fpga_0 rise edge)
                                                     12.999    12.999 r  
    PS7_X0Y0             PS7                          0.000    12.999 r  design_1_i/processing_system7_0/inst/PS7_i/FCLKCLK[0]
                         net (fo=1, routed)           1.088    14.087    design_1_i/processing_system7_0/inst/FCLK_CLK_unbuffered[0]
    BUFGCTRL_X0Y19       BUFG (Prop_bufg_I_O)         0.091    14.178 r  design_1_i/processing_system7_0/inst/buffer_fclk_clk_0.FCLK_CLK_0_BUFG_replica_2/O
                         net (fo=5, routed)           0.133    14.311    design_1_i/processing_system7_0/inst/FCLK_CLK0_repN_2
    BUFGCTRL_X0Y18       BUFG (Prop_bufg_I_O)         0.091    14.402 r  design_1_i/processing_system7_0/inst/buffer_fclk_clk_0.FCLK_CLK_0_BUFG_replica_1/O
                         net (fo=18, routed)          0.133    14.535    design_1_i/processing_system7_0/inst/FCLK_CLK0_repN_1
    BUFGCTRL_X0Y17       BUFG (Prop_bufg_I_O)         0.091    14.626 r  design_1_i/processing_system7_0/inst/buffer_fclk_clk_0.FCLK_CLK_0_BUFG_replica/O
                         net (fo=69, routed)          0.133    14.759    design_1_i/processing_system7_0/inst/FCLK_CLK0_repN
    BUFGCTRL_X0Y16       BUFG (Prop_bufg_I_O)         0.091    14.850 r  design_1_i/processing_system7_0/inst/buffer_fclk_clk_0.FCLK_CLK_0_BUFG/O
                         net (fo=18497, routed)       1.469    16.319    design_1_i/gemv_q8_0_dma_top_0/inst/core/S_AXI_ACLK
    SLICE_X41Y81         FDRE                                         r  design_1_i/gemv_q8_0_dma_top_0/inst/core/scaled_shifted_reg[15][62]/C
                         clock pessimism              0.161    16.480    
                         clock uncertainty           -0.198    16.282    
    SLICE_X41Y81         FDRE (Setup_fdre_C_D)        0.075    16.357    design_1_i/gemv_q8_0_dma_top_0/inst/core/scaled_shifted_reg[15][62]
  -------------------------------------------------------------------
                         required time                         16.357    
                         arrival time                         -16.327    
  -------------------------------------------------------------------
                         slack                                  0.030    

Slack (MET) :             0.035ns  (required time - arrival time)
  Source:                 <hidden>
                            (rising edge-triggered cell RAMB36E1 clocked by clk_fpga_0  {rise@0.000ns fall@6.499ns period=12.999ns})
  Destination:            design_1_i/gemv_q8_0_dma_top_0/inst/core/block_acc[4][5]_i_1_psdsp_4/D
                            (rising edge-triggered cell FDRE clocked by clk_fpga_0  {rise@0.000ns fall@6.499ns period=12.999ns})
  Path Group:             clk_fpga_0
  Path Type:              Setup (Max at Slow Process Corner)
  Requirement:            12.999ns  (clk_fpga_0 rise@12.999ns - clk_fpga_0 rise@0.000ns)
  Data Path Delay:        12.364ns  (logic 6.543ns (52.919%)  route 5.821ns (47.081%))
  Logic Levels:           3  (DSP48E1=1 LUT2=1 LUT3=1)
  Clock Path Skew:        -0.297ns (DCD - SCD + CPR)
    Destination Clock Delay (DCD):    3.397ns = ( 16.396 - 12.999 ) 
    Source Clock Delay      (SCD):    3.877ns
    Clock Pessimism Removal (CPR):    0.184ns
  Clock Uncertainty:      0.198ns  ((TSJ^2 + TIJ^2)^1/2 + DJ) / 2 + PE
    Total System Jitter     (TSJ):    0.071ns
    Total Input Jitter      (TIJ):    0.390ns
    Discrete Jitter          (DJ):    0.000ns
    Phase Error              (PE):    0.000ns

    Location             Delay type                Incr(ns)  Path(ns)    Netlist Resource(s)
  -------------------------------------------------------------------    -------------------
                         (clock clk_fpga_0 rise edge)
                                                      0.000     0.000 r  
    PS7_X0Y0             PS7                          0.000     0.000 r  design_1_i/processing_system7_0/inst/PS7_i/FCLKCLK[0]
                         net (fo=1, routed)           1.193     1.193    design_1_i/processing_system7_0/inst/FCLK_CLK_unbuffered[0]
    BUFGCTRL_X0Y19       BUFG (Prop_bufg_I_O)         0.101     1.294 r  design_1_i/processing_system7_0/inst/buffer_fclk_clk_0.FCLK_CLK_0_BUFG_replica_2/O
                         net (fo=5, routed)           0.146     1.440    design_1_i/processing_system7_0/inst/FCLK_CLK0_repN_2
    BUFGCTRL_X0Y18       BUFG (Prop_bufg_I_O)         0.101     1.541 r  design_1_i/processing_system7_0/inst/buffer_fclk_clk_0.FCLK_CLK_0_BUFG_replica_1/O
                         net (fo=18, routed)          0.146     1.687    design_1_i/processing_system7_0/inst/FCLK_CLK0_repN_1
    BUFGCTRL_X0Y17       BUFG (Prop_bufg_I_O)         0.101     1.788 r  design_1_i/processing_system7_0/inst/buffer_fclk_clk_0.FCLK_CLK_0_BUFG_replica/O
                         net (fo=69, routed)          0.146     1.934    design_1_i/processing_system7_0/inst/FCLK_CLK0_repN
    BUFGCTRL_X0Y16       BUFG (Prop_bufg_I_O)         0.101     2.035 r  design_1_i/processing_system7_0/inst/buffer_fclk_clk_0.FCLK_CLK_0_BUFG/O
                         net (fo=18497, routed)       1.842     3.877    <hidden>
    RAMB36_X4Y9          RAMB36E1                                     r  <hidden>
  -------------------------------------------------------------------    -------------------
    RAMB36_X4Y9          RAMB36E1 (Prop_ramb36e1_CLKBWRCLK_DOBDO[1])
                                                      2.454     6.331 r  <hidden>
                         net (fo=1, routed)           1.705     8.036    design_1_i/gemv_q8_0_dma_top_0/inst/core/INPUT_BRAM_DOUT[15]
    SLICE_X39Y43         LUT3 (Prop_lut3_I2_O)        0.124     8.160 r  design_1_i/gemv_q8_0_dma_top_0/inst/core/p_0_out_i_1/O
                         net (fo=60, routed)          0.930     9.090    design_1_i/gemv_q8_0_dma_top_0/inst/core/core_input_rd_data[15]
    DSP48_X2Y19          DSP48E1 (Prop_dsp48e1_A[16]_P[5])
                                                      3.841    12.931 r  design_1_i/gemv_q8_0_dma_top_0/inst/core/p_0_out__2/P[5]
                         net (fo=13, routed)          1.765    14.697    design_1_i/gemv_q8_0_dma_top_0/inst/core/p_0_out__2_n_100
    SLICE_X64Y46         LUT2 (Prop_lut2_I0_O)        0.124    14.821 r  design_1_i/gemv_q8_0_dma_top_0/inst/core/block_acc[4][5]_i_1/O
                         net (fo=12, routed)          1.421    16.242    design_1_i/gemv_q8_0_dma_top_0/inst/core/block_acc[4][5]_i_1_n_0
    SLICE_X84Y54         FDRE                                         r  design_1_i/gemv_q8_0_dma_top_0/inst/core/block_acc[4][5]_i_1_psdsp_4/D
  -------------------------------------------------------------------    -------------------

                         (clock clk_fpga_0 rise edge)
                                                     12.999    12.999 r  
    PS7_X0Y0             PS7                          0.000    12.999 r  design_1_i/processing_system7_0/inst/PS7_i/FCLKCLK[0]
                         net (fo=1, routed)           1.088    14.087    design_1_i/processing_system7_0/inst/FCLK_CLK_unbuffered[0]
    BUFGCTRL_X0Y19       BUFG (Prop_bufg_I_O)         0.091    14.178 r  design_1_i/processing_system7_0/inst/buffer_fclk_clk_0.FCLK_CLK_0_BUFG_replica_2/O
                         net (fo=5, routed)           0.133    14.311    design_1_i/processing_system7_0/inst/FCLK_CLK0_repN_2
    BUFGCTRL_X0Y18       BUFG (Prop_bufg_I_O)         0.091    14.402 r  design_1_i/processing_system7_0/inst/buffer_fclk_clk_0.FCLK_CLK_0_BUFG_replica_1/O
                         net (fo=18, routed)          0.133    14.535    design_1_i/processing_system7_0/inst/FCLK_CLK0_repN_1
    BUFGCTRL_X0Y17       BUFG (Prop_bufg_I_O)         0.091    14.626 r  design_1_i/processing_system7_0/inst/buffer_fclk_clk_0.FCLK_CLK_0_BUFG_replica/O
                         net (fo=69, routed)          0.133    14.759    design_1_i/processing_system7_0/inst/FCLK_CLK0_repN
    BUFGCTRL_X0Y16       BUFG (Prop_bufg_I_O)         0.091    14.850 r  design_1_i/processing_system7_0/inst/buffer_fclk_clk_0.FCLK_CLK_0_BUFG/O
                         net (fo=18497, routed)       1.546    16.396    design_1_i/gemv_q8_0_dma_top_0/inst/core/S_AXI_ACLK
    SLICE_X84Y54         FDRE                                         r  design_1_i/gemv_q8_0_dma_top_0/inst/core/block_acc[4][5]_i_1_psdsp_4/C
                         clock pessimism              0.184    16.580    
                         clock uncertainty           -0.198    16.382    
    SLICE_X84Y54         FDRE (Setup_fdre_C_D)       -0.105    16.277    design_1_i/gemv_q8_0_dma_top_0/inst/core/block_acc[4][5]_i_1_psdsp_4
  -------------------------------------------------------------------
                         required time                         16.277    
                         arrival time                         -16.242    
  -------------------------------------------------------------------
                         slack                                  0.035    

Slack (MET) :             0.035ns  (required time - arrival time)
  Source:                 design_1_i/gemv_q8_0_dma_top_0/inst/core/scaled_shifted[7][27]_i_4_psdsp/C
                            (rising edge-triggered cell FDRE clocked by clk_fpga_0  {rise@0.000ns fall@6.499ns period=12.999ns})
  Destination:            design_1_i/gemv_q8_0_dma_top_0/inst/core/scaled_shifted_reg[7][58]/D
                            (rising edge-triggered cell FDRE clocked by clk_fpga_0  {rise@0.000ns fall@6.499ns period=12.999ns})
  Path Group:             clk_fpga_0
  Path Type:              Setup (Max at Slow Process Corner)
  Requirement:            12.999ns  (clk_fpga_0 rise@12.999ns - clk_fpga_0 rise@0.000ns)
  Data Path Delay:        12.651ns  (logic 6.633ns (52.430%)  route 6.018ns (47.570%))
  Logic Levels:           32  (CARRY4=25 LUT2=1 LUT3=1 LUT5=2 LUT6=3)
  Clock Path Skew:        -0.189ns (DCD - SCD + CPR)
    Destination Clock Delay (DCD):    3.392ns = ( 16.391 - 12.999 ) 
    Source Clock Delay      (SCD):    3.765ns
    Clock Pessimism Removal (CPR):    0.184ns
  Clock Uncertainty:      0.198ns  ((TSJ^2 + TIJ^2)^1/2 + DJ) / 2 + PE
    Total System Jitter     (TSJ):    0.071ns
    Total Input Jitter      (TIJ):    0.390ns
    Discrete Jitter          (DJ):    0.000ns
    Phase Error              (PE):    0.000ns

    Location             Delay type                Incr(ns)  Path(ns)    Netlist Resource(s)
  -------------------------------------------------------------------    -------------------
                         (clock clk_fpga_0 rise edge)
                                                      0.000     0.000 r  
    PS7_X0Y0             PS7                          0.000     0.000 r  design_1_i/processing_system7_0/inst/PS7_i/FCLKCLK[0]
                         net (fo=1, routed)           1.193     1.193    design_1_i/processing_system7_0/inst/FCLK_CLK_unbuffered[0]
    BUFGCTRL_X0Y19       BUFG (Prop_bufg_I_O)         0.101     1.294 r  design_1_i/processing_system7_0/inst/buffer_fclk_clk_0.FCLK_CLK_0_BUFG_replica_2/O
                         net (fo=5, routed)           0.146     1.440    design_1_i/processing_system7_0/inst/FCLK_CLK0_repN_2
    BUFGCTRL_X0Y18       BUFG (Prop_bufg_I_O)         0.101     1.541 r  design_1_i/processing_system7_0/inst/buffer_fclk_clk_0.FCLK_CLK_0_BUFG_replica_1/O
                         net (fo=18, routed)          0.146     1.687    design_1_i/processing_system7_0/inst/FCLK_CLK0_repN_1
    BUFGCTRL_X0Y17       BUFG (Prop_bufg_I_O)         0.101     1.788 r  design_1_i/processing_system7_0/inst/buffer_fclk_clk_0.FCLK_CLK_0_BUFG_replica/O
                         net (fo=69, routed)          0.146     1.934    design_1_i/processing_system7_0/inst/FCLK_CLK0_repN
    BUFGCTRL_X0Y16       BUFG (Prop_bufg_I_O)         0.101     2.035 r  design_1_i/processing_system7_0/inst/buffer_fclk_clk_0.FCLK_CLK_0_BUFG/O
                         net (fo=18497, routed)       1.730     3.765    design_1_i/gemv_q8_0_dma_top_0/inst/core/S_AXI_ACLK
    SLICE_X59Y48         FDRE                                         r  design_1_i/gemv_q8_0_dma_top_0/inst/core/scaled_shifted[7][27]_i_4_psdsp/C
  -------------------------------------------------------------------    -------------------
    SLICE_X59Y48         FDRE (Prop_fdre_C_Q)         0.419     4.184 r  design_1_i/gemv_q8_0_dma_top_0/inst/core/scaled_shifted[7][27]_i_4_psdsp/Q
                         net (fo=2, routed)           0.719     4.903    design_1_i/gemv_q8_0_dma_top_0/inst/core/scaled_product_reg[7]__0_n_95
    SLICE_X58Y48         LUT2 (Prop_lut2_I0_O)        0.299     5.202 r  design_1_i/gemv_q8_0_dma_top_0/inst/core/scaled_shifted[7][27]_i_4/O
                         net (fo=1, routed)           0.000     5.202    design_1_i/gemv_q8_0_dma_top_0/inst/core/scaled_shifted[7][27]_i_4_n_0
    SLICE_X58Y48         CARRY4 (Prop_carry4_S[3]_CO[3])
                                                      0.376     5.578 r  design_1_i/gemv_q8_0_dma_top_0/inst/core/scaled_shifted_reg[7][27]_i_2/CO[3]
                         net (fo=1, routed)           0.000     5.578    design_1_i/gemv_q8_0_dma_top_0/inst/core/scaled_shifted_reg[7][27]_i_2_n_0
    SLICE_X58Y49         CARRY4 (Prop_carry4_CI_CO[3])
                                                      0.117     5.695 r  design_1_i/gemv_q8_0_dma_top_0/inst/core/scaled_shifted_reg[7][31]_i_2/CO[3]
                         net (fo=1, routed)           0.001     5.695    design_1_i/gemv_q8_0_dma_top_0/inst/core/scaled_shifted_reg[7][31]_i_2_n_0
    SLICE_X58Y50         CARRY4 (Prop_carry4_CI_CO[3])
                                                      0.117     5.812 r  design_1_i/gemv_q8_0_dma_top_0/inst/core/scaled_shifted_reg[7][35]_i_2/CO[3]
                         net (fo=1, routed)           0.000     5.812    design_1_i/gemv_q8_0_dma_top_0/inst/core/scaled_shifted_reg[7][35]_i_2_n_0
    SLICE_X58Y51         CARRY4 (Prop_carry4_CI_CO[3])
                                                      0.117     5.929 r  design_1_i/gemv_q8_0_dma_top_0/inst/core/scaled_shifted_reg[7][39]_i_2/CO[3]
                         net (fo=1, routed)           0.000     5.929    design_1_i/gemv_q8_0_dma_top_0/inst/core/scaled_shifted_reg[7][39]_i_2_n_0
    SLICE_X58Y52         CARRY4 (Prop_carry4_CI_CO[3])
                                                      0.117     6.046 r  design_1_i/gemv_q8_0_dma_top_0/inst/core/scaled_shifted_reg[7][43]_i_2/CO[3]
                         net (fo=1, routed)           0.000     6.046    design_1_i/gemv_q8_0_dma_top_0/inst/core/scaled_shifted_reg[7][43]_i_2_n_0
    SLICE_X58Y53         CARRY4 (Prop_carry4_CI_CO[3])
                                                      0.117     6.163 r  design_1_i/gemv_q8_0_dma_top_0/inst/core/scaled_shifted_reg[7][47]_i_2/CO[3]
                         net (fo=1, routed)           0.000     6.163    design_1_i/gemv_q8_0_dma_top_0/inst/core/scaled_shifted_reg[7][47]_i_2_n_0
    SLICE_X58Y54         CARRY4 (Prop_carry4_CI_CO[3])
                                                      0.117     6.280 r  design_1_i/gemv_q8_0_dma_top_0/inst/core/scaled_shifted_reg[7][51]_i_2/CO[3]
                         net (fo=1, routed)           0.000     6.280    design_1_i/gemv_q8_0_dma_top_0/inst/core/scaled_shifted_reg[7][51]_i_2_n_0
    SLICE_X58Y55         CARRY4 (Prop_carry4_CI_CO[3])
                                                      0.117     6.397 r  design_1_i/gemv_q8_0_dma_top_0/inst/core/scaled_shifted_reg[7][55]_i_2/CO[3]
                         net (fo=1, routed)           0.000     6.397    design_1_i/gemv_q8_0_dma_top_0/inst/core/scaled_shifted_reg[7][55]_i_2_n_0
    SLICE_X58Y56         CARRY4 (Prop_carry4_CI_O[1])
                                                      0.323     6.720 r  design_1_i/gemv_q8_0_dma_top_0/inst/core/scaled_shifted_reg[7][59]_i_2/O[1]
                         net (fo=5, routed)           1.255     7.976    design_1_i/gemv_q8_0_dma_top_0/inst/core/scaled_product_reg[7]__1[57]
    SLICE_X61Y70         LUT5 (Prop_lut5_I0_O)        0.306     8.282 r  design_1_i/gemv_q8_0_dma_top_0/inst/core/scaled_shifted[7][63]_i_49/O
                         net (fo=1, routed)           0.000     8.282    design_1_i/gemv_q8_0_dma_top_0/inst/core/scaled_shifted[7][63]_i_49_n_0
    SLICE_X61Y70         CARRY4 (Prop_carry4_S[1]_O[3])
                                                      0.640     8.922 f  design_1_i/gemv_q8_0_dma_top_0/inst/core/scaled_shifted_reg[7][63]_i_31/O[3]
                         net (fo=6, routed)           0.639     9.561    design_1_i/gemv_q8_0_dma_top_0/inst/core/scaled_shifted_reg[7][63]_i_31_n_4
    SLICE_X64Y66         LUT6 (Prop_lut6_I0_O)        0.306     9.867 f  design_1_i/gemv_q8_0_dma_top_0/inst/core/scaled_shifted[7][0]_i_12/O
                         net (fo=3, routed)           0.992    10.859    design_1_i/gemv_q8_0_dma_top_0/inst/core/scaled_shifted[7][0]_i_12_n_0
    SLICE_X67Y72         LUT6 (Prop_lut6_I3_O)        0.124    10.983 f  design_1_i/gemv_q8_0_dma_top_0/inst/core/scaled_shifted[7][0]_i_5/O
                         net (fo=4, routed)           0.674    11.657    design_1_i/gemv_q8_0_dma_top_0/inst/core/scaled_shifted[7][0]_i_5_n_0
    SLICE_X67Y74         LUT6 (Prop_lut6_I0_O)        0.124    11.781 r  design_1_i/gemv_q8_0_dma_top_0/inst/core/scaled_shifted[7][0]_i_3/O
                         net (fo=2, routed)           0.665    12.446    design_1_i/gemv_q8_0_dma_top_0/inst/core/scaled_shifted[7][4]_i_5_n_0
    SLICE_X66Y78         CARRY4 (Prop_carry4_CYINIT_CO[3])
                                                      0.595    13.041 r  design_1_i/gemv_q8_0_dma_top_0/inst/core/scaled_shifted_reg[7][4]_i_3/CO[3]
                         net (fo=1, routed)           0.000    13.041    design_1_i/gemv_q8_0_dma_top_0/inst/core/scaled_shifted_reg[7][4]_i_3_n_0
    SLICE_X66Y79         CARRY4 (Prop_carry4_CI_CO[3])
                                                      0.117    13.158 r  design_1_i/gemv_q8_0_dma_top_0/inst/core/scaled_shifted_reg[7][8]_i_3/CO[3]
                         net (fo=1, routed)           0.000    13.158    design_1_i/gemv_q8_0_dma_top_0/inst/core/scaled_shifted_reg[7][8]_i_3_n_0
    SLICE_X66Y80         CARRY4 (Prop_carry4_CI_CO[3])
                                                      0.117    13.275 r  design_1_i/gemv_q8_0_dma_top_0/inst/core/scaled_shifted_reg[7][12]_i_3/CO[3]
                         net (fo=1, routed)           0.000    13.275    design_1_i/gemv_q8_0_dma_top_0/inst/core/scaled_shifted_reg[7][12]_i_3_n_0
    SLICE_X66Y81         CARRY4 (Prop_carry4_CI_CO[3])
                                                      0.117    13.392 r  design_1_i/gemv_q8_0_dma_top_0/inst/core/scaled_shifted_reg[7][16]_i_3/CO[3]
                         net (fo=1, routed)           0.000    13.392    design_1_i/gemv_q8_0_dma_top_0/inst/core/scaled_shifted_reg[7][16]_i_3_n_0
    SLICE_X66Y82         CARRY4 (Prop_carry4_CI_CO[3])
                                                      0.117    13.509 r  design_1_i/gemv_q8_0_dma_top_0/inst/core/scaled_shifted_reg[7][20]_i_3/CO[3]
                         net (fo=1, routed)           0.000    13.509    design_1_i/gemv_q8_0_dma_top_0/inst/core/scaled_shifted_reg[7][20]_i_3_n_0
    SLICE_X66Y83         CARRY4 (Prop_carry4_CI_CO[3])
                                                      0.117    13.626 r  design_1_i/gemv_q8_0_dma_top_0/inst/core/scaled_shifted_reg[7][24]_i_3/CO[3]
                         net (fo=1, routed)           0.000    13.626    design_1_i/gemv_q8_0_dma_top_0/inst/core/scaled_shifted_reg[7][24]_i_3_n_0
    SLICE_X66Y84         CARRY4 (Prop_carry4_CI_CO[3])
                                                      0.117    13.743 r  design_1_i/gemv_q8_0_dma_top_0/inst/core/scaled_shifted_reg[7][28]_i_3/CO[3]
                         net (fo=1, routed)           0.000    13.743    design_1_i/gemv_q8_0_dma_top_0/inst/core/scaled_shifted_reg[7][28]_i_3_n_0
    SLICE_X66Y85         CARRY4 (Prop_carry4_CI_CO[3])
                                                      0.117    13.860 r  design_1_i/gemv_q8_0_dma_top_0/inst/core/scaled_shifted_reg[7][32]_i_3/CO[3]
                         net (fo=1, routed)           0.000    13.860    design_1_i/gemv_q8_0_dma_top_0/inst/core/scaled_shifted_reg[7][32]_i_3_n_0
    SLICE_X66Y86         CARRY4 (Prop_carry4_CI_CO[3])
                                                      0.117    13.977 r  design_1_i/gemv_q8_0_dma_top_0/inst/core/scaled_shifted_reg[7][36]_i_3/CO[3]
                         net (fo=1, routed)           0.000    13.977    design_1_i/gemv_q8_0_dma_top_0/inst/core/scaled_shifted_reg[7][36]_i_3_n_0
    SLICE_X66Y87         CARRY4 (Prop_carry4_CI_CO[3])
                                                      0.117    14.094 r  design_1_i/gemv_q8_0_dma_top_0/inst/core/scaled_shifted_reg[7][40]_i_3/CO[3]
                         net (fo=1, routed)           0.000    14.094    design_1_i/gemv_q8_0_dma_top_0/inst/core/scaled_shifted_reg[7][40]_i_3_n_0
    SLICE_X66Y88         CARRY4 (Prop_carry4_CI_CO[3])
                                                      0.117    14.211 r  design_1_i/gemv_q8_0_dma_top_0/inst/core/scaled_shifted_reg[7][44]_i_3/CO[3]
                         net (fo=1, routed)           0.000    14.211    design_1_i/gemv_q8_0_dma_top_0/inst/core/scaled_shifted_reg[7][44]_i_3_n_0
    SLICE_X66Y89         CARRY4 (Prop_carry4_CI_CO[3])
                                                      0.117    14.328 r  design_1_i/gemv_q8_0_dma_top_0/inst/core/scaled_shifted_reg[7][46]_i_3/CO[3]
                         net (fo=1, routed)           0.000    14.328    design_1_i/gemv_q8_0_dma_top_0/inst/core/scaled_shifted_reg[7][46]_i_3_n_0
    SLICE_X66Y90         CARRY4 (Prop_carry4_CI_CO[3])
                                                      0.117    14.445 r  design_1_i/gemv_q8_0_dma_top_0/inst/core/scaled_shifted_reg[7][52]_i_4/CO[3]
                         net (fo=1, routed)           0.000    14.445    design_1_i/gemv_q8_0_dma_top_0/inst/core/scaled_shifted_reg[7][52]_i_4_n_0
    SLICE_X66Y91         CARRY4 (Prop_carry4_CI_CO[3])
                                                      0.117    14.562 r  design_1_i/gemv_q8_0_dma_top_0/inst/core/scaled_shifted_reg[7][60]_i_5/CO[3]
                         net (fo=1, routed)           0.000    14.562    design_1_i/gemv_q8_0_dma_top_0/inst/core/scaled_shifted_reg[7][60]_i_5_n_0
    SLICE_X66Y92         CARRY4 (Prop_carry4_CI_O[1])
                                                      0.323    14.885 r  design_1_i/gemv_q8_0_dma_top_0/inst/core/scaled_shifted_reg[7][60]_i_3/O[1]
                         net (fo=1, routed)           0.418    15.303    design_1_i/gemv_q8_0_dma_top_0/inst/core/scaled_shifted_reg[7][60]_i_3_n_6
    SLICE_X64Y93         LUT5 (Prop_lut5_I3_O)        0.306    15.609 r  design_1_i/gemv_q8_0_dma_top_0/inst/core/scaled_shifted[7][58]_i_2/O
                         net (fo=1, routed)           0.655    16.264    design_1_i/gemv_q8_0_dma_top_0/inst/core/scaled_shifted[7][58]_i_2_n_0
    SLICE_X65Y93         LUT3 (Prop_lut3_I2_O)        0.152    16.416 r  design_1_i/gemv_q8_0_dma_top_0/inst/core/scaled_shifted[7][58]_i_1/O
                         net (fo=1, routed)           0.000    16.416    design_1_i/gemv_q8_0_dma_top_0/inst/core/round_shift_i64__1[58]
    SLICE_X65Y93         FDRE                                         r  design_1_i/gemv_q8_0_dma_top_0/inst/core/scaled_shifted_reg[7][58]/D
  -------------------------------------------------------------------    -------------------

                         (clock clk_fpga_0 rise edge)
                                                     12.999    12.999 r  
    PS7_X0Y0             PS7                          0.000    12.999 r  design_1_i/processing_system7_0/inst/PS7_i/FCLKCLK[0]
                         net (fo=1, routed)           1.088    14.087    design_1_i/processing_system7_0/inst/FCLK_CLK_unbuffered[0]
    BUFGCTRL_X0Y19       BUFG (Prop_bufg_I_O)         0.091    14.178 r  design_1_i/processing_system7_0/inst/buffer_fclk_clk_0.FCLK_CLK_0_BUFG_replica_2/O
                         net (fo=5, routed)           0.133    14.311    design_1_i/processing_system7_0/inst/FCLK_CLK0_repN_2
    BUFGCTRL_X0Y18       BUFG (Prop_bufg_I_O)         0.091    14.402 r  design_1_i/processing_system7_0/inst/buffer_fclk_clk_0.FCLK_CLK_0_BUFG_replica_1/O
                         net (fo=18, routed)          0.133    14.535    design_1_i/processing_system7_0/inst/FCLK_CLK0_repN_1
    BUFGCTRL_X0Y17       BUFG (Prop_bufg_I_O)         0.091    14.626 r  design_1_i/processing_system7_0/inst/buffer_fclk_clk_0.FCLK_CLK_0_BUFG_replica/O
                         net (fo=69, routed)          0.133    14.759    design_1_i/processing_system7_0/inst/FCLK_CLK0_repN
    BUFGCTRL_X0Y16       BUFG (Prop_bufg_I_O)         0.091    14.850 r  design_1_i/processing_system7_0/inst/buffer_fclk_clk_0.FCLK_CLK_0_BUFG/O
                         net (fo=18497, routed)       1.541    16.391    design_1_i/gemv_q8_0_dma_top_0/inst/core/S_AXI_ACLK
    SLICE_X65Y93         FDRE                                         r  design_1_i/gemv_q8_0_dma_top_0/inst/core/scaled_shifted_reg[7][58]/C
                         clock pessimism              0.184    16.575    
                         clock uncertainty           -0.198    16.377    
    SLICE_X65Y93         FDRE (Setup_fdre_C_D)        0.075    16.452    design_1_i/gemv_q8_0_dma_top_0/inst/core/scaled_shifted_reg[7][58]
  -------------------------------------------------------------------
                         required time                         16.452    
                         arrival time                         -16.416    
  -------------------------------------------------------------------
                         slack                                  0.035    

Slack (MET) :             0.035ns  (required time - arrival time)
  Source:                 <hidden>
                            (rising edge-triggered cell RAMB36E1 clocked by clk_fpga_0  {rise@0.000ns fall@6.499ns period=12.999ns})
  Destination:            design_1_i/gemv_q8_0_dma_top_0/inst/core/block_acc[4][5]_i_1_psdsp_3/D
                            (rising edge-triggered cell FDRE clocked by clk_fpga_0  {rise@0.000ns fall@6.499ns period=12.999ns})
  Path Group:             clk_fpga_0
  Path Type:              Setup (Max at Slow Process Corner)
  Requirement:            12.999ns  (clk_fpga_0 rise@12.999ns - clk_fpga_0 rise@0.000ns)
  Data Path Delay:        12.363ns  (logic 6.543ns (52.926%)  route 5.820ns (47.074%))
  Logic Levels:           3  (DSP48E1=1 LUT2=1 LUT3=1)
  Clock Path Skew:        -0.298ns (DCD - SCD + CPR)
    Destination Clock Delay (DCD):    3.396ns = ( 16.395 - 12.999 ) 
    Source Clock Delay      (SCD):    3.877ns
    Clock Pessimism Removal (CPR):    0.184ns
  Clock Uncertainty:      0.198ns  ((TSJ^2 + TIJ^2)^1/2 + DJ) / 2 + PE
    Total System Jitter     (TSJ):    0.071ns
    Total Input Jitter      (TIJ):    0.390ns
    Discrete Jitter          (DJ):    0.000ns
    Phase Error              (PE):    0.000ns

    Location             Delay type                Incr(ns)  Path(ns)    Netlist Resource(s)
  -------------------------------------------------------------------    -------------------
                         (clock clk_fpga_0 rise edge)
                                                      0.000     0.000 r  
    PS7_X0Y0             PS7                          0.000     0.000 r  design_1_i/processing_system7_0/inst/PS7_i/FCLKCLK[0]
                         net (fo=1, routed)           1.193     1.193    design_1_i/processing_system7_0/inst/FCLK_CLK_unbuffered[0]
    BUFGCTRL_X0Y19       BUFG (Prop_bufg_I_O)         0.101     1.294 r  design_1_i/processing_system7_0/inst/buffer_fclk_clk_0.FCLK_CLK_0_BUFG_replica_2/O
                         net (fo=5, routed)           0.146     1.440    design_1_i/processing_system7_0/inst/FCLK_CLK0_repN_2
    BUFGCTRL_X0Y18       BUFG (Prop_bufg_I_O)         0.101     1.541 r  design_1_i/processing_system7_0/inst/buffer_fclk_clk_0.FCLK_CLK_0_BUFG_replica_1/O
                         net (fo=18, routed)          0.146     1.687    design_1_i/processing_system7_0/inst/FCLK_CLK0_repN_1
    BUFGCTRL_X0Y17       BUFG (Prop_bufg_I_O)         0.101     1.788 r  design_1_i/processing_system7_0/inst/buffer_fclk_clk_0.FCLK_CLK_0_BUFG_replica/O
                         net (fo=69, routed)          0.146     1.934    design_1_i/processing_system7_0/inst/FCLK_CLK0_repN
    BUFGCTRL_X0Y16       BUFG (Prop_bufg_I_O)         0.101     2.035 r  design_1_i/processing_system7_0/inst/buffer_fclk_clk_0.FCLK_CLK_0_BUFG/O
                         net (fo=18497, routed)       1.842     3.877    <hidden>
    RAMB36_X4Y9          RAMB36E1                                     r  <hidden>
  -------------------------------------------------------------------    -------------------
    RAMB36_X4Y9          RAMB36E1 (Prop_ramb36e1_CLKBWRCLK_DOBDO[1])
                                                      2.454     6.331 r  <hidden>
                         net (fo=1, routed)           1.705     8.036    design_1_i/gemv_q8_0_dma_top_0/inst/core/INPUT_BRAM_DOUT[15]
    SLICE_X39Y43         LUT3 (Prop_lut3_I2_O)        0.124     8.160 r  design_1_i/gemv_q8_0_dma_top_0/inst/core/p_0_out_i_1/O
                         net (fo=60, routed)          0.930     9.090    design_1_i/gemv_q8_0_dma_top_0/inst/core/core_input_rd_data[15]
    DSP48_X2Y19          DSP48E1 (Prop_dsp48e1_A[16]_P[5])
                                                      3.841    12.931 r  design_1_i/gemv_q8_0_dma_top_0/inst/core/p_0_out__2/P[5]
                         net (fo=13, routed)          1.765    14.697    design_1_i/gemv_q8_0_dma_top_0/inst/core/p_0_out__2_n_100
    SLICE_X64Y46         LUT2 (Prop_lut2_I0_O)        0.124    14.821 r  design_1_i/gemv_q8_0_dma_top_0/inst/core/block_acc[4][5]_i_1/O
                         net (fo=12, routed)          1.419    16.240    design_1_i/gemv_q8_0_dma_top_0/inst/core/block_acc[4][5]_i_1_n_0
    SLICE_X84Y57         FDRE                                         r  design_1_i/gemv_q8_0_dma_top_0/inst/core/block_acc[4][5]_i_1_psdsp_3/D
  -------------------------------------------------------------------    -------------------

                         (clock clk_fpga_0 rise edge)
                                                     12.999    12.999 r  
    PS7_X0Y0             PS7                          0.000    12.999 r  design_1_i/processing_system7_0/inst/PS7_i/FCLKCLK[0]
                         net (fo=1, routed)           1.088    14.087    design_1_i/processing_system7_0/inst/FCLK_CLK_unbuffered[0]
    BUFGCTRL_X0Y19       BUFG (Prop_bufg_I_O)         0.091    14.178 r  design_1_i/processing_system7_0/inst/buffer_fclk_clk_0.FCLK_CLK_0_BUFG_replica_2/O
                         net (fo=5, routed)           0.133    14.311    design_1_i/processing_system7_0/inst/FCLK_CLK0_repN_2
    BUFGCTRL_X0Y18       BUFG (Prop_bufg_I_O)         0.091    14.402 r  design_1_i/processing_system7_0/inst/buffer_fclk_clk_0.FCLK_CLK_0_BUFG_replica_1/O
                         net (fo=18, routed)          0.133    14.535    design_1_i/processing_system7_0/inst/FCLK_CLK0_repN_1
    BUFGCTRL_X0Y17       BUFG (Prop_bufg_I_O)         0.091    14.626 r  design_1_i/processing_system7_0/inst/buffer_fclk_clk_0.FCLK_CLK_0_BUFG_replica/O
                         net (fo=69, routed)          0.133    14.759    design_1_i/processing_system7_0/inst/FCLK_CLK0_repN
    BUFGCTRL_X0Y16       BUFG (Prop_bufg_I_O)         0.091    14.850 r  design_1_i/processing_system7_0/inst/buffer_fclk_clk_0.FCLK_CLK_0_BUFG/O
                         net (fo=18497, routed)       1.545    16.395    design_1_i/gemv_q8_0_dma_top_0/inst/core/S_AXI_ACLK
    SLICE_X84Y57         FDRE                                         r  design_1_i/gemv_q8_0_dma_top_0/inst/core/block_acc[4][5]_i_1_psdsp_3/C
                         clock pessimism              0.184    16.579    
                         clock uncertainty           -0.198    16.381    
    SLICE_X84Y57         FDRE (Setup_fdre_C_D)       -0.105    16.276    design_1_i/gemv_q8_0_dma_top_0/inst/core/block_acc[4][5]_i_1_psdsp_3
  -------------------------------------------------------------------
                         required time                         16.276    
                         arrival time                         -16.240    
  -------------------------------------------------------------------
                         slack                                  0.035    

Slack (MET) :             0.037ns  (required time - arrival time)
  Source:                 design_1_i/gemv_q8_0_dma_top_0/inst/core/scaled_shifted[15][19]_i_6_psdsp/C
                            (rising edge-triggered cell FDRE clocked by clk_fpga_0  {rise@0.000ns fall@6.499ns period=12.999ns})
  Destination:            design_1_i/gemv_q8_0_dma_top_0/inst/core/scaled_shifted_reg[15][56]/D
                            (rising edge-triggered cell FDRE clocked by clk_fpga_0  {rise@0.000ns fall@6.499ns period=12.999ns})
  Path Group:             clk_fpga_0
  Path Type:              Setup (Max at Slow Process Corner)
  Requirement:            12.999ns  (clk_fpga_0 rise@12.999ns - clk_fpga_0 rise@0.000ns)
  Data Path Delay:        12.882ns  (logic 6.541ns (50.775%)  route 6.341ns (49.225%))
  Logic Levels:           33  (CARRY4=27 LUT2=1 LUT3=1 LUT5=1 LUT6=3)
  Clock Path Skew:        0.042ns (DCD - SCD + CPR)
    Destination Clock Delay (DCD):    3.325ns = ( 16.324 - 12.999 ) 
    Source Clock Delay      (SCD):    3.444ns
    Clock Pessimism Removal (CPR):    0.161ns
  Clock Uncertainty:      0.198ns  ((TSJ^2 + TIJ^2)^1/2 + DJ) / 2 + PE
    Total System Jitter     (TSJ):    0.071ns
    Total Input Jitter      (TIJ):    0.390ns
    Discrete Jitter          (DJ):    0.000ns
    Phase Error              (PE):    0.000ns

    Location             Delay type                Incr(ns)  Path(ns)    Netlist Resource(s)
  -------------------------------------------------------------------    -------------------
                         (clock clk_fpga_0 rise edge)
                                                      0.000     0.000 r  
    PS7_X0Y0             PS7                          0.000     0.000 r  design_1_i/processing_system7_0/inst/PS7_i/FCLKCLK[0]
                         net (fo=1, routed)           1.193     1.193    design_1_i/processing_system7_0/inst/FCLK_CLK_unbuffered[0]
    BUFGCTRL_X0Y19       BUFG (Prop_bufg_I_O)         0.101     1.294 r  design_1_i/processing_system7_0/inst/buffer_fclk_clk_0.FCLK_CLK_0_BUFG_replica_2/O
                         net (fo=5, routed)           0.146     1.440    design_1_i/processing_system7_0/inst/FCLK_CLK0_repN_2
    BUFGCTRL_X0Y18       BUFG (Prop_bufg_I_O)         0.101     1.541 r  design_1_i/processing_system7_0/inst/buffer_fclk_clk_0.FCLK_CLK_0_BUFG_replica_1/O
                         net (fo=18, routed)          0.146     1.687    design_1_i/processing_system7_0/inst/FCLK_CLK0_repN_1
    BUFGCTRL_X0Y17       BUFG (Prop_bufg_I_O)         0.101     1.788 r  design_1_i/processing_system7_0/inst/buffer_fclk_clk_0.FCLK_CLK_0_BUFG_replica/O
                         net (fo=69, routed)          1.656     3.444    design_1_i/gemv_q8_0_dma_top_0/inst/core/FCLK_CLK0_repN_alias
    SLICE_X36Y29         FDRE                                         r  design_1_i/gemv_q8_0_dma_top_0/inst/core/scaled_shifted[15][19]_i_6_psdsp/C
  -------------------------------------------------------------------    -------------------
    SLICE_X36Y29         FDRE (Prop_fdre_C_Q)         0.518     3.962 r  design_1_i/gemv_q8_0_dma_top_0/inst/core/scaled_shifted[15][19]_i_6_psdsp/Q
                         net (fo=2, routed)           0.624     4.586    design_1_i/gemv_q8_0_dma_top_0/inst/core/scaled_product_reg[15]__0_n_105
    SLICE_X37Y29         CARRY4 (Prop_carry4_DI[1]_CO[3])
                                                      0.507     5.093 r  design_1_i/gemv_q8_0_dma_top_0/inst/core/scaled_shifted_reg[15][19]_i_2/CO[3]
                         net (fo=1, routed)           0.000     5.093    design_1_i/gemv_q8_0_dma_top_0/inst/core/scaled_shifted_reg[15][19]_i_2_n_0
    SLICE_X37Y30         CARRY4 (Prop_carry4_CI_CO[3])
                                                      0.114     5.207 r  design_1_i/gemv_q8_0_dma_top_0/inst/core/scaled_shifted_reg[15][23]_i_2/CO[3]
                         net (fo=1, routed)           0.000     5.207    design_1_i/gemv_q8_0_dma_top_0/inst/core/scaled_shifted_reg[15][23]_i_2_n_0
    SLICE_X37Y31         CARRY4 (Prop_carry4_CI_CO[3])
                                                      0.114     5.321 r  design_1_i/gemv_q8_0_dma_top_0/inst/core/scaled_shifted_reg[15][27]_i_2/CO[3]
                         net (fo=1, routed)           0.000     5.321    design_1_i/gemv_q8_0_dma_top_0/inst/core/scaled_shifted_reg[15][27]_i_2_n_0
    SLICE_X37Y32         CARRY4 (Prop_carry4_CI_CO[3])
                                                      0.114     5.435 r  design_1_i/gemv_q8_0_dma_top_0/inst/core/scaled_shifted_reg[15][31]_i_2/CO[3]
                         net (fo=1, routed)           0.000     5.435    design_1_i/gemv_q8_0_dma_top_0/inst/core/scaled_shifted_reg[15][31]_i_2_n_0
    SLICE_X37Y33         CARRY4 (Prop_carry4_CI_CO[3])
                                                      0.114     5.549 r  design_1_i/gemv_q8_0_dma_top_0/inst/core/scaled_shifted_reg[15][35]_i_2/CO[3]
                         net (fo=1, routed)           0.000     5.549    design_1_i/gemv_q8_0_dma_top_0/inst/core/scaled_shifted_reg[15][35]_i_2_n_0
    SLICE_X37Y34         CARRY4 (Prop_carry4_CI_CO[3])
                                                      0.114     5.663 r  design_1_i/gemv_q8_0_dma_top_0/inst/core/scaled_shifted_reg[15][39]_i_2/CO[3]
                         net (fo=1, routed)           0.000     5.663    design_1_i/gemv_q8_0_dma_top_0/inst/core/scaled_shifted_reg[15][39]_i_2_n_0
    SLICE_X37Y35         CARRY4 (Prop_carry4_CI_CO[3])
                                                      0.114     5.777 r  design_1_i/gemv_q8_0_dma_top_0/inst/core/scaled_shifted_reg[15][43]_i_2/CO[3]
                         net (fo=1, routed)           0.000     5.777    design_1_i/gemv_q8_0_dma_top_0/inst/core/scaled_shifted_reg[15][43]_i_2_n_0
    SLICE_X37Y36         CARRY4 (Prop_carry4_CI_CO[3])
                                                      0.114     5.891 r  design_1_i/gemv_q8_0_dma_top_0/inst/core/scaled_shifted_reg[15][47]_i_2/CO[3]
                         net (fo=1, routed)           0.000     5.891    design_1_i/gemv_q8_0_dma_top_0/inst/core/scaled_shifted_reg[15][47]_i_2_n_0
    SLICE_X37Y37         CARRY4 (Prop_carry4_CI_CO[3])
                                                      0.114     6.005 r  design_1_i/gemv_q8_0_dma_top_0/inst/core/scaled_shifted_reg[15][51]_i_2/CO[3]
                         net (fo=1, routed)           0.000     6.005    design_1_i/gemv_q8_0_dma_top_0/inst/core/scaled_shifted_reg[15][51]_i_2_n_0
    SLICE_X37Y38         CARRY4 (Prop_carry4_CI_O[0])
                                                      0.222     6.227 r  design_1_i/gemv_q8_0_dma_top_0/inst/core/scaled_shifted_reg[15][55]_i_2/O[0]
                         net (fo=4, routed)           1.586     7.813    design_1_i/gemv_q8_0_dma_top_0/inst/core/scaled_product_reg[15]__1[52]
    SLICE_X46Y63         LUT2 (Prop_lut2_I0_O)        0.299     8.112 r  design_1_i/gemv_q8_0_dma_top_0/inst/core/scaled_shifted[15][0]_i_55/O
                         net (fo=1, routed)           0.000     8.112    design_1_i/gemv_q8_0_dma_top_0/inst/core/scaled_shifted[15][0]_i_55_n_0
    SLICE_X46Y63         CARRY4 (Prop_carry4_S[0]_CO[3])
                                                      0.513     8.625 r  design_1_i/gemv_q8_0_dma_top_0/inst/core/scaled_shifted_reg[15][0]_i_29/CO[3]
                         net (fo=1, routed)           0.000     8.625    design_1_i/gemv_q8_0_dma_top_0/inst/core/scaled_shifted_reg[15][0]_i_29_n_0
    SLICE_X46Y64         CARRY4 (Prop_carry4_CI_CO[3])
                                                      0.117     8.742 r  design_1_i/gemv_q8_0_dma_top_0/inst/core/scaled_shifted_reg[15][63]_i_31/CO[3]
                         net (fo=1, routed)           0.000     8.742    design_1_i/gemv_q8_0_dma_top_0/inst/core/scaled_shifted_reg[15][63]_i_31_n_0
    SLICE_X46Y65         CARRY4 (Prop_carry4_CI_O[0])
                                                      0.219     8.961 f  design_1_i/gemv_q8_0_dma_top_0/inst/core/scaled_shifted_reg[15][63]_i_23/O[0]
                         net (fo=6, routed)           0.698     9.659    design_1_i/gemv_q8_0_dma_top_0/inst/core/scaled_shifted_reg[15][63]_i_23_n_7
    SLICE_X45Y58         LUT6 (Prop_lut6_I0_O)        0.295     9.954 f  design_1_i/gemv_q8_0_dma_top_0/inst/core/scaled_shifted[15][0]_i_22/O
                         net (fo=4, routed)           0.486    10.440    design_1_i/gemv_q8_0_dma_top_0/inst/core/scaled_shifted[15][0]_i_22_n_0
    SLICE_X48Y56         LUT6 (Prop_lut6_I0_O)        0.124    10.564 f  design_1_i/gemv_q8_0_dma_top_0/inst/core/scaled_shifted[15][0]_i_8/O
                         net (fo=1, routed)           1.047    11.611    design_1_i/gemv_q8_0_dma_top_0/inst/core/scaled_shifted[15][0]_i_8_n_0
    SLICE_X42Y63         LUT6 (Prop_lut6_I5_O)        0.124    11.735 r  design_1_i/gemv_q8_0_dma_top_0/inst/core/scaled_shifted[15][0]_i_3/O
                         net (fo=2, routed)           0.644    12.379    design_1_i/gemv_q8_0_dma_top_0/inst/core/scaled_shifted[15][4]_i_5_n_0
    SLICE_X39Y66         CARRY4 (Prop_carry4_CYINIT_CO[3])
                                                      0.580    12.959 r  design_1_i/gemv_q8_0_dma_top_0/inst/core/scaled_shifted_reg[15][4]_i_3/CO[3]
                         net (fo=1, routed)           0.000    12.959    design_1_i/gemv_q8_0_dma_top_0/inst/core/scaled_shifted_reg[15][4]_i_3_n_0
    SLICE_X39Y67         CARRY4 (Prop_carry4_CI_CO[3])
                                                      0.114    13.073 r  design_1_i/gemv_q8_0_dma_top_0/inst/core/scaled_shifted_reg[15][8]_i_3/CO[3]
                         net (fo=1, routed)           0.000    13.073    design_1_i/gemv_q8_0_dma_top_0/inst/core/scaled_shifted_reg[15][8]_i_3_n_0
    SLICE_X39Y68         CARRY4 (Prop_carry4_CI_CO[3])
                                                      0.114    13.187 r  design_1_i/gemv_q8_0_dma_top_0/inst/core/scaled_shifted_reg[15][12]_i_3/CO[3]
                         net (fo=1, routed)           0.000    13.187    design_1_i/gemv_q8_0_dma_top_0/inst/core/scaled_shifted_reg[15][12]_i_3_n_0
    SLICE_X39Y69         CARRY4 (Prop_carry4_CI_CO[3])
                                                      0.114    13.301 r  design_1_i/gemv_q8_0_dma_top_0/inst/core/scaled_shifted_reg[15][16]_i_3/CO[3]
                         net (fo=1, routed)           0.000    13.301    design_1_i/gemv_q8_0_dma_top_0/inst/core/scaled_shifted_reg[15][16]_i_3_n_0
    SLICE_X39Y70         CARRY4 (Prop_carry4_CI_CO[3])
                                                      0.114    13.415 r  design_1_i/gemv_q8_0_dma_top_0/inst/core/scaled_shifted_reg[15][20]_i_3/CO[3]
                         net (fo=1, routed)           0.000    13.415    design_1_i/gemv_q8_0_dma_top_0/inst/core/scaled_shifted_reg[15][20]_i_3_n_0
    SLICE_X39Y71         CARRY4 (Prop_carry4_CI_CO[3])
                                                      0.114    13.529 r  design_1_i/gemv_q8_0_dma_top_0/inst/core/scaled_shifted_reg[15][24]_i_3/CO[3]
                         net (fo=1, routed)           0.000    13.529    design_1_i/gemv_q8_0_dma_top_0/inst/core/scaled_shifted_reg[15][24]_i_3_n_0
    SLICE_X39Y72         CARRY4 (Prop_carry4_CI_CO[3])
                                                      0.114    13.643 r  design_1_i/gemv_q8_0_dma_top_0/inst/core/scaled_shifted_reg[15][28]_i_3/CO[3]
                         net (fo=1, routed)           0.000    13.643    design_1_i/gemv_q8_0_dma_top_0/inst/core/scaled_shifted_reg[15][28]_i_3_n_0
    SLICE_X39Y73         CARRY4 (Prop_carry4_CI_CO[3])
                                                      0.114    13.757 r  design_1_i/gemv_q8_0_dma_top_0/inst/core/scaled_shifted_reg[15][32]_i_3/CO[3]
                         net (fo=1, routed)           0.000    13.757    design_1_i/gemv_q8_0_dma_top_0/inst/core/scaled_shifted_reg[15][32]_i_3_n_0
    SLICE_X39Y74         CARRY4 (Prop_carry4_CI_CO[3])
                                                      0.114    13.871 r  design_1_i/gemv_q8_0_dma_top_0/inst/core/scaled_shifted_reg[15][36]_i_3/CO[3]
                         net (fo=1, routed)           0.009    13.880    design_1_i/gemv_q8_0_dma_top_0/inst/core/scaled_shifted_reg[15][36]_i_3_n_0
    SLICE_X39Y75         CARRY4 (Prop_carry4_CI_CO[3])
                                                      0.114    13.994 r  design_1_i/gemv_q8_0_dma_top_0/inst/core/scaled_shifted_reg[15][40]_i_3/CO[3]
                         net (fo=1, routed)           0.000    13.994    design_1_i/gemv_q8_0_dma_top_0/inst/core/scaled_shifted_reg[15][40]_i_3_n_0
    SLICE_X39Y76         CARRY4 (Prop_carry4_CI_CO[3])
                                                      0.114    14.108 r  design_1_i/gemv_q8_0_dma_top_0/inst/core/scaled_shifted_reg[15][44]_i_3/CO[3]
                         net (fo=1, routed)           0.000    14.108    design_1_i/gemv_q8_0_dma_top_0/inst/core/scaled_shifted_reg[15][44]_i_3_n_0
    SLICE_X39Y77         CARRY4 (Prop_carry4_CI_CO[3])
                                                      0.114    14.222 r  design_1_i/gemv_q8_0_dma_top_0/inst/core/scaled_shifted_reg[15][46]_i_3/CO[3]
                         net (fo=1, routed)           0.000    14.222    design_1_i/gemv_q8_0_dma_top_0/inst/core/scaled_shifted_reg[15][46]_i_3_n_0
    SLICE_X39Y78         CARRY4 (Prop_carry4_CI_CO[3])
                                                      0.114    14.336 r  design_1_i/gemv_q8_0_dma_top_0/inst/core/scaled_shifted_reg[15][52]_i_4/CO[3]
                         net (fo=1, routed)           0.000    14.336    design_1_i/gemv_q8_0_dma_top_0/inst/core/scaled_shifted_reg[15][52]_i_4_n_0
    SLICE_X39Y79         CARRY4 (Prop_carry4_CI_O[3])
                                                      0.313    14.649 r  design_1_i/gemv_q8_0_dma_top_0/inst/core/scaled_shifted_reg[15][60]_i_5/O[3]
                         net (fo=1, routed)           0.584    15.233    design_1_i/gemv_q8_0_dma_top_0/inst/core/p_1_in__2[56]
    SLICE_X39Y85         LUT5 (Prop_lut5_I3_O)        0.306    15.539 r  design_1_i/gemv_q8_0_dma_top_0/inst/core/scaled_shifted[15][56]_i_2/O
                         net (fo=1, routed)           0.663    16.202    design_1_i/gemv_q8_0_dma_top_0/inst/core/data1__1[56]
    SLICE_X38Y85         LUT3 (Prop_lut3_I2_O)        0.124    16.326 r  design_1_i/gemv_q8_0_dma_top_0/inst/core/scaled_shifted[15][56]_i_1/O
                         net (fo=1, routed)           0.000    16.326    design_1_i/gemv_q8_0_dma_top_0/inst/core/round_shift_i64__2[56]
    SLICE_X38Y85         FDRE                                         r  design_1_i/gemv_q8_0_dma_top_0/inst/core/scaled_shifted_reg[15][56]/D
  -------------------------------------------------------------------    -------------------

                         (clock clk_fpga_0 rise edge)
                                                     12.999    12.999 r  
    PS7_X0Y0             PS7                          0.000    12.999 r  design_1_i/processing_system7_0/inst/PS7_i/FCLKCLK[0]
                         net (fo=1, routed)           1.088    14.087    design_1_i/processing_system7_0/inst/FCLK_CLK_unbuffered[0]
    BUFGCTRL_X0Y19       BUFG (Prop_bufg_I_O)         0.091    14.178 r  design_1_i/processing_system7_0/inst/buffer_fclk_clk_0.FCLK_CLK_0_BUFG_replica_2/O
                         net (fo=5, routed)           0.133    14.311    design_1_i/processing_system7_0/inst/FCLK_CLK0_repN_2
    BUFGCTRL_X0Y18       BUFG (Prop_bufg_I_O)         0.091    14.402 r  design_1_i/processing_system7_0/inst/buffer_fclk_clk_0.FCLK_CLK_0_BUFG_replica_1/O
                         net (fo=18, routed)          0.133    14.535    design_1_i/processing_system7_0/inst/FCLK_CLK0_repN_1
    BUFGCTRL_X0Y17       BUFG (Prop_bufg_I_O)         0.091    14.626 r  design_1_i/processing_system7_0/inst/buffer_fclk_clk_0.FCLK_CLK_0_BUFG_replica/O
                         net (fo=69, routed)          0.133    14.759    design_1_i/processing_system7_0/inst/FCLK_CLK0_repN
    BUFGCTRL_X0Y16       BUFG (Prop_bufg_I_O)         0.091    14.850 r  design_1_i/processing_system7_0/inst/buffer_fclk_clk_0.FCLK_CLK_0_BUFG/O
                         net (fo=18497, routed)       1.474    16.324    design_1_i/gemv_q8_0_dma_top_0/inst/core/S_AXI_ACLK
    SLICE_X38Y85         FDRE                                         r  design_1_i/gemv_q8_0_dma_top_0/inst/core/scaled_shifted_reg[15][56]/C
                         clock pessimism              0.161    16.485    
                         clock uncertainty           -0.198    16.287    
    SLICE_X38Y85         FDRE (Setup_fdre_C_D)        0.077    16.364    design_1_i/gemv_q8_0_dma_top_0/inst/core/scaled_shifted_reg[15][56]
  -------------------------------------------------------------------
                         required time                         16.364    
                         arrival time                         -16.326    
  -------------------------------------------------------------------
                         slack                                  0.037    

Slack (MET) :             0.045ns  (required time - arrival time)
  Source:                 <hidden>
                            (rising edge-triggered cell RAMB36E1 clocked by clk_fpga_0  {rise@0.000ns fall@6.499ns period=12.999ns})
  Destination:            design_1_i/gemv_q8_0_dma_top_0/inst/core/block_acc[4][23]_i_1_psdsp_5/D
                            (rising edge-triggered cell FDRE clocked by clk_fpga_0  {rise@0.000ns fall@6.499ns period=12.999ns})
  Path Group:             clk_fpga_0
  Path Type:              Setup (Max at Slow Process Corner)
  Requirement:            12.999ns  (clk_fpga_0 rise@12.999ns - clk_fpga_0 rise@0.000ns)
  Data Path Delay:        12.438ns  (logic 6.543ns (52.607%)  route 5.895ns (47.393%))
  Logic Levels:           3  (DSP48E1=1 LUT2=1 LUT3=1)
  Clock Path Skew:        -0.237ns (DCD - SCD + CPR)
    Destination Clock Delay (DCD):    3.457ns = ( 16.456 - 12.999 ) 
    Source Clock Delay      (SCD):    3.877ns
    Clock Pessimism Removal (CPR):    0.184ns
  Clock Uncertainty:      0.198ns  ((TSJ^2 + TIJ^2)^1/2 + DJ) / 2 + PE
    Total System Jitter     (TSJ):    0.071ns
    Total Input Jitter      (TIJ):    0.390ns
    Discrete Jitter          (DJ):    0.000ns
    Phase Error              (PE):    0.000ns

    Location             Delay type                Incr(ns)  Path(ns)    Netlist Resource(s)
  -------------------------------------------------------------------    -------------------
                         (clock clk_fpga_0 rise edge)
                                                      0.000     0.000 r  
    PS7_X0Y0             PS7                          0.000     0.000 r  design_1_i/processing_system7_0/inst/PS7_i/FCLKCLK[0]
                         net (fo=1, routed)           1.193     1.193    design_1_i/processing_system7_0/inst/FCLK_CLK_unbuffered[0]
    BUFGCTRL_X0Y19       BUFG (Prop_bufg_I_O)         0.101     1.294 r  design_1_i/processing_system7_0/inst/buffer_fclk_clk_0.FCLK_CLK_0_BUFG_replica_2/O
                         net (fo=5, routed)           0.146     1.440    design_1_i/processing_system7_0/inst/FCLK_CLK0_repN_2
    BUFGCTRL_X0Y18       BUFG (Prop_bufg_I_O)         0.101     1.541 r  design_1_i/processing_system7_0/inst/buffer_fclk_clk_0.FCLK_CLK_0_BUFG_replica_1/O
                         net (fo=18, routed)          0.146     1.687    design_1_i/processing_system7_0/inst/FCLK_CLK0_repN_1
    BUFGCTRL_X0Y17       BUFG (Prop_bufg_I_O)         0.101     1.788 r  design_1_i/processing_system7_0/inst/buffer_fclk_clk_0.FCLK_CLK_0_BUFG_replica/O
                         net (fo=69, routed)          0.146     1.934    design_1_i/processing_system7_0/inst/FCLK_CLK0_repN
    BUFGCTRL_X0Y16       BUFG (Prop_bufg_I_O)         0.101     2.035 r  design_1_i/processing_system7_0/inst/buffer_fclk_clk_0.FCLK_CLK_0_BUFG/O
                         net (fo=18497, routed)       1.842     3.877    <hidden>
    RAMB36_X4Y9          RAMB36E1                                     r  <hidden>
  -------------------------------------------------------------------    -------------------
    RAMB36_X4Y9          RAMB36E1 (Prop_ramb36e1_CLKBWRCLK_DOBDO[1])
                                                      2.454     6.331 r  <hidden>
                         net (fo=1, routed)           1.705     8.036    design_1_i/gemv_q8_0_dma_top_0/inst/core/INPUT_BRAM_DOUT[15]
    SLICE_X39Y43         LUT3 (Prop_lut3_I2_O)        0.124     8.160 r  design_1_i/gemv_q8_0_dma_top_0/inst/core/p_0_out_i_1/O
                         net (fo=60, routed)          0.930     9.090    design_1_i/gemv_q8_0_dma_top_0/inst/core/core_input_rd_data[15]
    DSP48_X2Y19          DSP48E1 (Prop_dsp48e1_A[16]_P[23])
                                                      3.841    12.931 r  design_1_i/gemv_q8_0_dma_top_0/inst/core/p_0_out__2/P[23]
                         net (fo=13, routed)          1.605    14.536    design_1_i/gemv_q8_0_dma_top_0/inst/core/p_0_out__2_n_82
    SLICE_X68Y45         LUT2 (Prop_lut2_I0_O)        0.124    14.660 r  design_1_i/gemv_q8_0_dma_top_0/inst/core/block_acc[4][23]_i_1/O
                         net (fo=12, routed)          1.655    16.315    design_1_i/gemv_q8_0_dma_top_0/inst/core/block_acc[4][23]_i_1_n_0
    SLICE_X93Y56         FDRE                                         r  design_1_i/gemv_q8_0_dma_top_0/inst/core/block_acc[4][23]_i_1_psdsp_5/D
  -------------------------------------------------------------------    -------------------

                         (clock clk_fpga_0 rise edge)
                                                     12.999    12.999 r  
    PS7_X0Y0             PS7                          0.000    12.999 r  design_1_i/processing_system7_0/inst/PS7_i/FCLKCLK[0]
                         net (fo=1, routed)           1.088    14.087    design_1_i/processing_system7_0/inst/FCLK_CLK_unbuffered[0]
    BUFGCTRL_X0Y19       BUFG (Prop_bufg_I_O)         0.091    14.178 r  design_1_i/processing_system7_0/inst/buffer_fclk_clk_0.FCLK_CLK_0_BUFG_replica_2/O
                         net (fo=5, routed)           0.133    14.311    design_1_i/processing_system7_0/inst/FCLK_CLK0_repN_2
    BUFGCTRL_X0Y18       BUFG (Prop_bufg_I_O)         0.091    14.402 r  design_1_i/processing_system7_0/inst/buffer_fclk_clk_0.FCLK_CLK_0_BUFG_replica_1/O
                         net (fo=18, routed)          0.133    14.535    design_1_i/processing_system7_0/inst/FCLK_CLK0_repN_1
    BUFGCTRL_X0Y17       BUFG (Prop_bufg_I_O)         0.091    14.626 r  design_1_i/processing_system7_0/inst/buffer_fclk_clk_0.FCLK_CLK_0_BUFG_replica/O
                         net (fo=69, routed)          0.133    14.759    design_1_i/processing_system7_0/inst/FCLK_CLK0_repN
    BUFGCTRL_X0Y16       BUFG (Prop_bufg_I_O)         0.091    14.850 r  design_1_i/processing_system7_0/inst/buffer_fclk_clk_0.FCLK_CLK_0_BUFG/O
                         net (fo=18497, routed)       1.606    16.456    design_1_i/gemv_q8_0_dma_top_0/inst/core/S_AXI_ACLK
    SLICE_X93Y56         FDRE                                         r  design_1_i/gemv_q8_0_dma_top_0/inst/core/block_acc[4][23]_i_1_psdsp_5/C
                         clock pessimism              0.184    16.640    
                         clock uncertainty           -0.198    16.442    
    SLICE_X93Y56         FDRE (Setup_fdre_C_D)       -0.081    16.361    design_1_i/gemv_q8_0_dma_top_0/inst/core/block_acc[4][23]_i_1_psdsp_5
  -------------------------------------------------------------------
                         required time                         16.361    
                         arrival time                         -16.315    
  -------------------------------------------------------------------
                         slack                                  0.045    

Slack (MET) :             0.050ns  (required time - arrival time)
  Source:                 design_1_i/gemv_q8_0_dma_top_0/inst/core/scaled_shifted[6][27]_i_6_psdsp/C
                            (rising edge-triggered cell FDRE clocked by clk_fpga_0  {rise@0.000ns fall@6.499ns period=12.999ns})
  Destination:            design_1_i/gemv_q8_0_dma_top_0/inst/core/scaled_shifted_reg[6][53]/D
                            (rising edge-triggered cell FDRE clocked by clk_fpga_0  {rise@0.000ns fall@6.499ns period=12.999ns})
  Path Group:             clk_fpga_0
  Path Type:              Setup (Max at Slow Process Corner)
  Requirement:            12.999ns  (clk_fpga_0 rise@12.999ns - clk_fpga_0 rise@0.000ns)
  Data Path Delay:        12.680ns  (logic 6.661ns (52.532%)  route 6.019ns (47.468%))
  Logic Levels:           33  (CARRY4=25 LUT2=2 LUT3=1 LUT5=3 LUT6=2)
  Clock Path Skew:        -0.103ns (DCD - SCD + CPR)
    Destination Clock Delay (DCD):    3.385ns = ( 16.384 - 12.999 ) 
    Source Clock Delay      (SCD):    3.686ns
    Clock Pessimism Removal (CPR):    0.198ns
  Clock Uncertainty:      0.198ns  ((TSJ^2 + TIJ^2)^1/2 + DJ) / 2 + PE
    Total System Jitter     (TSJ):    0.071ns
    Total Input Jitter      (TIJ):    0.390ns
    Discrete Jitter          (DJ):    0.000ns
    Phase Error              (PE):    0.000ns

    Location             Delay type                Incr(ns)  Path(ns)    Netlist Resource(s)
  -------------------------------------------------------------------    -------------------
                         (clock clk_fpga_0 rise edge)
                                                      0.000     0.000 r  
    PS7_X0Y0             PS7                          0.000     0.000 r  design_1_i/processing_system7_0/inst/PS7_i/FCLKCLK[0]
                         net (fo=1, routed)           1.193     1.193    design_1_i/processing_system7_0/inst/FCLK_CLK_unbuffered[0]
    BUFGCTRL_X0Y19       BUFG (Prop_bufg_I_O)         0.101     1.294 r  design_1_i/processing_system7_0/inst/buffer_fclk_clk_0.FCLK_CLK_0_BUFG_replica_2/O
                         net (fo=5, routed)           0.146     1.440    design_1_i/processing_system7_0/inst/FCLK_CLK0_repN_2
    BUFGCTRL_X0Y18       BUFG (Prop_bufg_I_O)         0.101     1.541 r  design_1_i/processing_system7_0/inst/buffer_fclk_clk_0.FCLK_CLK_0_BUFG_replica_1/O
                         net (fo=18, routed)          0.146     1.687    design_1_i/processing_system7_0/inst/FCLK_CLK0_repN_1
    BUFGCTRL_X0Y17       BUFG (Prop_bufg_I_O)         0.101     1.788 r  design_1_i/processing_system7_0/inst/buffer_fclk_clk_0.FCLK_CLK_0_BUFG_replica/O
                         net (fo=69, routed)          0.146     1.934    design_1_i/processing_system7_0/inst/FCLK_CLK0_repN
    BUFGCTRL_X0Y16       BUFG (Prop_bufg_I_O)         0.101     2.035 r  design_1_i/processing_system7_0/inst/buffer_fclk_clk_0.FCLK_CLK_0_BUFG/O
                         net (fo=18497, routed)       1.651     3.686    design_1_i/gemv_q8_0_dma_top_0/inst/core/S_AXI_ACLK
    SLICE_X41Y55         FDRE                                         r  design_1_i/gemv_q8_0_dma_top_0/inst/core/scaled_shifted[6][27]_i_6_psdsp/C
  -------------------------------------------------------------------    -------------------
    SLICE_X41Y55         FDRE (Prop_fdre_C_Q)         0.456     4.142 r  design_1_i/gemv_q8_0_dma_top_0/inst/core/scaled_shifted[6][27]_i_6_psdsp/Q
                         net (fo=2, routed)           0.929     5.071    design_1_i/gemv_q8_0_dma_top_0/inst/core/scaled_product_reg[6]__0_n_97
    SLICE_X40Y55         LUT2 (Prop_lut2_I0_O)        0.124     5.195 r  design_1_i/gemv_q8_0_dma_top_0/inst/core/scaled_shifted[6][27]_i_6/O
                         net (fo=1, routed)           0.000     5.195    design_1_i/gemv_q8_0_dma_top_0/inst/core/scaled_shifted[6][27]_i_6_n_0
    SLICE_X40Y55         CARRY4 (Prop_carry4_S[1]_CO[3])
                                                      0.550     5.745 r  design_1_i/gemv_q8_0_dma_top_0/inst/core/scaled_shifted_reg[6][27]_i_2/CO[3]
                         net (fo=1, routed)           0.000     5.745    design_1_i/gemv_q8_0_dma_top_0/inst/core/scaled_shifted_reg[6][27]_i_2_n_0
    SLICE_X40Y56         CARRY4 (Prop_carry4_CI_CO[3])
                                                      0.114     5.859 r  design_1_i/gemv_q8_0_dma_top_0/inst/core/scaled_shifted_reg[6][31]_i_2/CO[3]
                         net (fo=1, routed)           0.000     5.859    design_1_i/gemv_q8_0_dma_top_0/inst/core/scaled_shifted_reg[6][31]_i_2_n_0
    SLICE_X40Y57         CARRY4 (Prop_carry4_CI_CO[3])
                                                      0.114     5.973 r  design_1_i/gemv_q8_0_dma_top_0/inst/core/scaled_shifted_reg[6][35]_i_2/CO[3]
                         net (fo=1, routed)           0.000     5.973    design_1_i/gemv_q8_0_dma_top_0/inst/core/scaled_shifted_reg[6][35]_i_2_n_0
    SLICE_X40Y58         CARRY4 (Prop_carry4_CI_CO[3])
                                                      0.114     6.087 r  design_1_i/gemv_q8_0_dma_top_0/inst/core/scaled_shifted_reg[6][39]_i_2/CO[3]
                         net (fo=1, routed)           0.000     6.087    design_1_i/gemv_q8_0_dma_top_0/inst/core/scaled_shifted_reg[6][39]_i_2_n_0
    SLICE_X40Y59         CARRY4 (Prop_carry4_CI_CO[3])
                                                      0.114     6.201 r  design_1_i/gemv_q8_0_dma_top_0/inst/core/scaled_shifted_reg[6][43]_i_2/CO[3]
                         net (fo=1, routed)           0.000     6.201    design_1_i/gemv_q8_0_dma_top_0/inst/core/scaled_shifted_reg[6][43]_i_2_n_0
    SLICE_X40Y60         CARRY4 (Prop_carry4_CI_O[1])
                                                      0.334     6.535 r  design_1_i/gemv_q8_0_dma_top_0/inst/core/scaled_shifted_reg[6][47]_i_2/O[1]
                         net (fo=4, routed)           1.196     7.731    design_1_i/gemv_q8_0_dma_top_0/inst/core/scaled_product_reg[6]__1[45]
    SLICE_X53Y72         LUT2 (Prop_lut2_I0_O)        0.303     8.034 r  design_1_i/gemv_q8_0_dma_top_0/inst/core/scaled_shifted[6][0]_i_46/O
                         net (fo=1, routed)           0.000     8.034    design_1_i/gemv_q8_0_dma_top_0/inst/core/scaled_shifted[6][0]_i_46_n_0
    SLICE_X53Y72         CARRY4 (Prop_carry4_S[1]_CO[3])
                                                      0.550     8.584 r  design_1_i/gemv_q8_0_dma_top_0/inst/core/scaled_shifted_reg[6][0]_i_27/CO[3]
                         net (fo=1, routed)           0.000     8.584    design_1_i/gemv_q8_0_dma_top_0/inst/core/scaled_shifted_reg[6][0]_i_27_n_0
    SLICE_X53Y73         CARRY4 (Prop_carry4_CI_CO[3])
                                                      0.114     8.698 r  design_1_i/gemv_q8_0_dma_top_0/inst/core/scaled_shifted_reg[6][0]_i_36/CO[3]
                         net (fo=1, routed)           0.000     8.698    design_1_i/gemv_q8_0_dma_top_0/inst/core/scaled_shifted_reg[6][0]_i_36_n_0
    SLICE_X53Y74         CARRY4 (Prop_carry4_CI_CO[3])
                                                      0.114     8.812 r  design_1_i/gemv_q8_0_dma_top_0/inst/core/scaled_shifted_reg[6][0]_i_29/CO[3]
                         net (fo=1, routed)           0.009     8.821    design_1_i/gemv_q8_0_dma_top_0/inst/core/scaled_shifted_reg[6][0]_i_29_n_0
    SLICE_X53Y75         CARRY4 (Prop_carry4_CI_CO[3])
                                                      0.114     8.935 r  design_1_i/gemv_q8_0_dma_top_0/inst/core/scaled_shifted_reg[6][63]_i_31/CO[3]
                         net (fo=1, routed)           0.000     8.935    design_1_i/gemv_q8_0_dma_top_0/inst/core/scaled_shifted_reg[6][63]_i_31_n_0
    SLICE_X53Y76         CARRY4 (Prop_carry4_CI_O[3])
                                                      0.313     9.248 f  design_1_i/gemv_q8_0_dma_top_0/inst/core/scaled_shifted_reg[6][63]_i_23/O[3]
                         net (fo=64, routed)          0.912    10.161    design_1_i/gemv_q8_0_dma_top_0/inst/core/scaled_shifted_reg[6][63]_i_23_n_4
    SLICE_X54Y68         LUT6 (Prop_lut6_I0_O)        0.306    10.467 f  design_1_i/gemv_q8_0_dma_top_0/inst/core/scaled_shifted[6][0]_i_10/O
                         net (fo=4, routed)           0.486    10.953    design_1_i/gemv_q8_0_dma_top_0/inst/core/scaled_shifted[6][0]_i_10_n_0
    SLICE_X54Y66         LUT6 (Prop_lut6_I0_O)        0.124    11.077 f  design_1_i/gemv_q8_0_dma_top_0/inst/core/scaled_shifted[6][0]_i_5/O
                         net (fo=4, routed)           0.667    11.743    design_1_i/gemv_q8_0_dma_top_0/inst/core/scaled_shifted[6][0]_i_5_n_0
    SLICE_X55Y67         LUT5 (Prop_lut5_I0_O)        0.124    11.867 f  design_1_i/gemv_q8_0_dma_top_0/inst/core/scaled_shifted[6][4]_i_12/O
                         net (fo=1, routed)           0.611    12.478    design_1_i/gemv_q8_0_dma_top_0/inst/core/scaled_shifted[6][4]_i_12_n_0
    SLICE_X54Y74         LUT5 (Prop_lut5_I0_O)        0.124    12.602 r  design_1_i/gemv_q8_0_dma_top_0/inst/core/scaled_shifted[6][4]_i_9/O
                         net (fo=1, routed)           0.000    12.602    design_1_i/gemv_q8_0_dma_top_0/inst/core/scaled_shifted[6][4]_i_9_n_0
    SLICE_X54Y74         CARRY4 (Prop_carry4_S[0]_CO[3])
                                                      0.513    13.115 r  design_1_i/gemv_q8_0_dma_top_0/inst/core/scaled_shifted_reg[6][4]_i_3/CO[3]
                         net (fo=1, routed)           0.009    13.124    design_1_i/gemv_q8_0_dma_top_0/inst/core/scaled_shifted_reg[6][4]_i_3_n_0
    SLICE_X54Y75         CARRY4 (Prop_carry4_CI_CO[3])
                                                      0.117    13.241 r  design_1_i/gemv_q8_0_dma_top_0/inst/core/scaled_shifted_reg[6][8]_i_3/CO[3]
                         net (fo=1, routed)           0.000    13.241    design_1_i/gemv_q8_0_dma_top_0/inst/core/scaled_shifted_reg[6][8]_i_3_n_0
    SLICE_X54Y76         CARRY4 (Prop_carry4_CI_CO[3])
                                                      0.117    13.358 r  design_1_i/gemv_q8_0_dma_top_0/inst/core/scaled_shifted_reg[6][12]_i_3/CO[3]
                         net (fo=1, routed)           0.000    13.358    design_1_i/gemv_q8_0_dma_top_0/inst/core/scaled_shifted_reg[6][12]_i_3_n_0
    SLICE_X54Y77         CARRY4 (Prop_carry4_CI_CO[3])
                                                      0.117    13.475 r  design_1_i/gemv_q8_0_dma_top_0/inst/core/scaled_shifted_reg[6][16]_i_3/CO[3]
                         net (fo=1, routed)           0.000    13.475    design_1_i/gemv_q8_0_dma_top_0/inst/core/scaled_shifted_reg[6][16]_i_3_n_0
    SLICE_X54Y78         CARRY4 (Prop_carry4_CI_CO[3])
                                                      0.117    13.592 r  design_1_i/gemv_q8_0_dma_top_0/inst/core/scaled_shifted_reg[6][20]_i_3/CO[3]
                         net (fo=1, routed)           0.000    13.592    design_1_i/gemv_q8_0_dma_top_0/inst/core/scaled_shifted_reg[6][20]_i_3_n_0
    SLICE_X54Y79         CARRY4 (Prop_carry4_CI_CO[3])
                                                      0.117    13.709 r  design_1_i/gemv_q8_0_dma_top_0/inst/core/scaled_shifted_reg[6][24]_i_3/CO[3]
                         net (fo=1, routed)           0.000    13.709    design_1_i/gemv_q8_0_dma_top_0/inst/core/scaled_shifted_reg[6][24]_i_3_n_0
    SLICE_X54Y80         CARRY4 (Prop_carry4_CI_CO[3])
                                                      0.117    13.826 r  design_1_i/gemv_q8_0_dma_top_0/inst/core/scaled_shifted_reg[6][28]_i_3/CO[3]
                         net (fo=1, routed)           0.000    13.826    design_1_i/gemv_q8_0_dma_top_0/inst/core/scaled_shifted_reg[6][28]_i_3_n_0
    SLICE_X54Y81         CARRY4 (Prop_carry4_CI_CO[3])
                                                      0.117    13.943 r  design_1_i/gemv_q8_0_dma_top_0/inst/core/scaled_shifted_reg[6][32]_i_3/CO[3]
                         net (fo=1, routed)           0.000    13.943    design_1_i/gemv_q8_0_dma_top_0/inst/core/scaled_shifted_reg[6][32]_i_3_n_0
    SLICE_X54Y82         CARRY4 (Prop_carry4_CI_CO[3])
                                                      0.117    14.060 r  design_1_i/gemv_q8_0_dma_top_0/inst/core/scaled_shifted_reg[6][36]_i_3/CO[3]
                         net (fo=1, routed)           0.000    14.060    design_1_i/gemv_q8_0_dma_top_0/inst/core/scaled_shifted_reg[6][36]_i_3_n_0
    SLICE_X54Y83         CARRY4 (Prop_carry4_CI_CO[3])
                                                      0.117    14.177 r  design_1_i/gemv_q8_0_dma_top_0/inst/core/scaled_shifted_reg[6][40]_i_3/CO[3]
                         net (fo=1, routed)           0.000    14.177    design_1_i/gemv_q8_0_dma_top_0/inst/core/scaled_shifted_reg[6][40]_i_3_n_0
    SLICE_X54Y84         CARRY4 (Prop_carry4_CI_CO[3])
                                                      0.117    14.294 r  design_1_i/gemv_q8_0_dma_top_0/inst/core/scaled_shifted_reg[6][44]_i_3/CO[3]
                         net (fo=1, routed)           0.000    14.294    design_1_i/gemv_q8_0_dma_top_0/inst/core/scaled_shifted_reg[6][44]_i_3_n_0
    SLICE_X54Y85         CARRY4 (Prop_carry4_CI_CO[3])
                                                      0.117    14.411 r  design_1_i/gemv_q8_0_dma_top_0/inst/core/scaled_shifted_reg[6][46]_i_3/CO[3]
                         net (fo=1, routed)           0.000    14.411    design_1_i/gemv_q8_0_dma_top_0/inst/core/scaled_shifted_reg[6][46]_i_3_n_0
    SLICE_X54Y86         CARRY4 (Prop_carry4_CI_CO[3])
                                                      0.117    14.528 r  design_1_i/gemv_q8_0_dma_top_0/inst/core/scaled_shifted_reg[6][52]_i_4/CO[3]
                         net (fo=1, routed)           0.000    14.528    design_1_i/gemv_q8_0_dma_top_0/inst/core/scaled_shifted_reg[6][52]_i_4_n_0
    SLICE_X54Y87         CARRY4 (Prop_carry4_CI_O[0])
                                                      0.219    14.747 r  design_1_i/gemv_q8_0_dma_top_0/inst/core/scaled_shifted_reg[6][60]_i_5/O[0]
                         net (fo=1, routed)           0.321    15.068    design_1_i/gemv_q8_0_dma_top_0/inst/core/scaled_shifted_reg[6][60]_i_5_n_7
    SLICE_X57Y88         LUT5 (Prop_lut5_I3_O)        0.295    15.363 r  design_1_i/gemv_q8_0_dma_top_0/inst/core/scaled_shifted[6][53]_i_2/O
                         net (fo=1, routed)           0.879    16.242    design_1_i/gemv_q8_0_dma_top_0/inst/core/scaled_shifted[6][53]_i_2_n_0
    SLICE_X55Y90         LUT3 (Prop_lut3_I2_O)        0.124    16.366 r  design_1_i/gemv_q8_0_dma_top_0/inst/core/scaled_shifted[6][53]_i_1/O
                         net (fo=1, routed)           0.000    16.366    design_1_i/gemv_q8_0_dma_top_0/inst/core/scaled_shifted[6][53]_i_1_n_0
    SLICE_X55Y90         FDRE                                         r  design_1_i/gemv_q8_0_dma_top_0/inst/core/scaled_shifted_reg[6][53]/D
  -------------------------------------------------------------------    -------------------

                         (clock clk_fpga_0 rise edge)
                                                     12.999    12.999 r  
    PS7_X0Y0             PS7                          0.000    12.999 r  design_1_i/processing_system7_0/inst/PS7_i/FCLKCLK[0]
                         net (fo=1, routed)           1.088    14.087    design_1_i/processing_system7_0/inst/FCLK_CLK_unbuffered[0]
    BUFGCTRL_X0Y19       BUFG (Prop_bufg_I_O)         0.091    14.178 r  design_1_i/processing_system7_0/inst/buffer_fclk_clk_0.FCLK_CLK_0_BUFG_replica_2/O
                         net (fo=5, routed)           0.133    14.311    design_1_i/processing_system7_0/inst/FCLK_CLK0_repN_2
    BUFGCTRL_X0Y18       BUFG (Prop_bufg_I_O)         0.091    14.402 r  design_1_i/processing_system7_0/inst/buffer_fclk_clk_0.FCLK_CLK_0_BUFG_replica_1/O
                         net (fo=18, routed)          0.133    14.535    design_1_i/processing_system7_0/inst/FCLK_CLK0_repN_1
    BUFGCTRL_X0Y17       BUFG (Prop_bufg_I_O)         0.091    14.626 r  design_1_i/processing_system7_0/inst/buffer_fclk_clk_0.FCLK_CLK_0_BUFG_replica/O
                         net (fo=69, routed)          0.133    14.759    design_1_i/processing_system7_0/inst/FCLK_CLK0_repN
    BUFGCTRL_X0Y16       BUFG (Prop_bufg_I_O)         0.091    14.850 r  design_1_i/processing_system7_0/inst/buffer_fclk_clk_0.FCLK_CLK_0_BUFG/O
                         net (fo=18497, routed)       1.534    16.384    design_1_i/gemv_q8_0_dma_top_0/inst/core/S_AXI_ACLK
    SLICE_X55Y90         FDRE                                         r  design_1_i/gemv_q8_0_dma_top_0/inst/core/scaled_shifted_reg[6][53]/C
                         clock pessimism              0.198    16.582    
                         clock uncertainty           -0.198    16.384    
    SLICE_X55Y90         FDRE (Setup_fdre_C_D)        0.032    16.416    design_1_i/gemv_q8_0_dma_top_0/inst/core/scaled_shifted_reg[6][53]
  -------------------------------------------------------------------
                         required time                         16.416    
                         arrival time                         -16.366    
  -------------------------------------------------------------------
                         slack                                  0.050    

Slack (MET) :             0.052ns  (required time - arrival time)
  Source:                 design_1_i/gemv_q8_0_dma_top_0/inst/core/scaled_shifted[10][23]_i_5_psdsp/C
                            (rising edge-triggered cell FDRE clocked by clk_fpga_0  {rise@0.000ns fall@6.499ns period=12.999ns})
  Destination:            design_1_i/gemv_q8_0_dma_top_0/inst/core/scaled_shifted_reg[10][54]/D
                            (rising edge-triggered cell FDRE clocked by clk_fpga_0  {rise@0.000ns fall@6.499ns period=12.999ns})
  Path Group:             clk_fpga_0
  Path Type:              Setup (Max at Slow Process Corner)
  Requirement:            12.999ns  (clk_fpga_0 rise@12.999ns - clk_fpga_0 rise@0.000ns)
  Data Path Delay:        12.729ns  (logic 6.549ns (51.448%)  route 6.180ns (48.552%))
  Logic Levels:           33  (CARRY4=26 LUT2=1 LUT3=1 LUT5=2 LUT6=3)
  Clock Path Skew:        -0.094ns (DCD - SCD + CPR)
    Destination Clock Delay (DCD):    3.390ns = ( 16.389 - 12.999 ) 
    Source Clock Delay      (SCD):    3.682ns
    Clock Pessimism Removal (CPR):    0.198ns
  Clock Uncertainty:      0.198ns  ((TSJ^2 + TIJ^2)^1/2 + DJ) / 2 + PE
    Total System Jitter     (TSJ):    0.071ns
    Total Input Jitter      (TIJ):    0.390ns
    Discrete Jitter          (DJ):    0.000ns
    Phase Error              (PE):    0.000ns

    Location             Delay type                Incr(ns)  Path(ns)    Netlist Resource(s)
  -------------------------------------------------------------------    -------------------
                         (clock clk_fpga_0 rise edge)
                                                      0.000     0.000 r  
    PS7_X0Y0             PS7                          0.000     0.000 r  design_1_i/processing_system7_0/inst/PS7_i/FCLKCLK[0]
                         net (fo=1, routed)           1.193     1.193    design_1_i/processing_system7_0/inst/FCLK_CLK_unbuffered[0]
    BUFGCTRL_X0Y19       BUFG (Prop_bufg_I_O)         0.101     1.294 r  design_1_i/processing_system7_0/inst/buffer_fclk_clk_0.FCLK_CLK_0_BUFG_replica_2/O
                         net (fo=5, routed)           0.146     1.440    design_1_i/processing_system7_0/inst/FCLK_CLK0_repN_2
    BUFGCTRL_X0Y18       BUFG (Prop_bufg_I_O)         0.101     1.541 r  design_1_i/processing_system7_0/inst/buffer_fclk_clk_0.FCLK_CLK_0_BUFG_replica_1/O
                         net (fo=18, routed)          0.146     1.687    design_1_i/processing_system7_0/inst/FCLK_CLK0_repN_1
    BUFGCTRL_X0Y17       BUFG (Prop_bufg_I_O)         0.101     1.788 r  design_1_i/processing_system7_0/inst/buffer_fclk_clk_0.FCLK_CLK_0_BUFG_replica/O
                         net (fo=69, routed)          0.146     1.934    design_1_i/processing_system7_0/inst/FCLK_CLK0_repN
    BUFGCTRL_X0Y16       BUFG (Prop_bufg_I_O)         0.101     2.035 r  design_1_i/processing_system7_0/inst/buffer_fclk_clk_0.FCLK_CLK_0_BUFG/O
                         net (fo=18497, routed)       1.647     3.682    design_1_i/gemv_q8_0_dma_top_0/inst/core/S_AXI_ACLK
    SLICE_X40Y62         FDRE                                         r  design_1_i/gemv_q8_0_dma_top_0/inst/core/scaled_shifted[10][23]_i_5_psdsp/C
  -------------------------------------------------------------------    -------------------
    SLICE_X40Y62         FDRE (Prop_fdre_C_Q)         0.456     4.138 r  design_1_i/gemv_q8_0_dma_top_0/inst/core/scaled_shifted[10][23]_i_5_psdsp/Q
                         net (fo=2, routed)           0.859     4.997    design_1_i/gemv_q8_0_dma_top_0/inst/core/scaled_product_reg[10]__0_n_100
    SLICE_X41Y62         LUT2 (Prop_lut2_I0_O)        0.124     5.121 r  design_1_i/gemv_q8_0_dma_top_0/inst/core/scaled_shifted[10][23]_i_5/O
                         net (fo=1, routed)           0.000     5.121    design_1_i/gemv_q8_0_dma_top_0/inst/core/scaled_shifted[10][23]_i_5_n_0
    SLICE_X41Y62         CARRY4 (Prop_carry4_S[2]_CO[3])
                                                      0.398     5.519 r  design_1_i/gemv_q8_0_dma_top_0/inst/core/scaled_shifted_reg[10][23]_i_2/CO[3]
                         net (fo=1, routed)           0.000     5.519    design_1_i/gemv_q8_0_dma_top_0/inst/core/scaled_shifted_reg[10][23]_i_2_n_0
    SLICE_X41Y63         CARRY4 (Prop_carry4_CI_CO[3])
                                                      0.114     5.633 r  design_1_i/gemv_q8_0_dma_top_0/inst/core/scaled_shifted_reg[10][27]_i_2/CO[3]
                         net (fo=1, routed)           0.000     5.633    design_1_i/gemv_q8_0_dma_top_0/inst/core/scaled_shifted_reg[10][27]_i_2_n_0
    SLICE_X41Y64         CARRY4 (Prop_carry4_CI_CO[3])
                                                      0.114     5.747 r  design_1_i/gemv_q8_0_dma_top_0/inst/core/scaled_shifted_reg[10][31]_i_2/CO[3]
                         net (fo=1, routed)           0.000     5.747    design_1_i/gemv_q8_0_dma_top_0/inst/core/scaled_shifted_reg[10][31]_i_2_n_0
    SLICE_X41Y65         CARRY4 (Prop_carry4_CI_O[0])
                                                      0.222     5.969 r  design_1_i/gemv_q8_0_dma_top_0/inst/core/scaled_shifted_reg[10][35]_i_2/O[0]
                         net (fo=5, routed)           1.147     7.116    design_1_i/gemv_q8_0_dma_top_0/inst/core/scaled_product_reg[10]__1[32]
    SLICE_X52Y71         LUT5 (Prop_lut5_I0_O)        0.299     7.415 r  design_1_i/gemv_q8_0_dma_top_0/inst/core/scaled_shifted[10][0]_i_143/O
                         net (fo=1, routed)           0.000     7.415    design_1_i/gemv_q8_0_dma_top_0/inst/core/scaled_shifted[10][0]_i_143_n_0
    SLICE_X52Y71         CARRY4 (Prop_carry4_S[0]_CO[3])
                                                      0.532     7.947 r  design_1_i/gemv_q8_0_dma_top_0/inst/core/scaled_shifted_reg[10][0]_i_38/CO[3]
                         net (fo=1, routed)           0.000     7.947    design_1_i/gemv_q8_0_dma_top_0/inst/core/scaled_shifted_reg[10][0]_i_38_n_0
    SLICE_X52Y72         CARRY4 (Prop_carry4_CI_CO[3])
                                                      0.114     8.061 r  design_1_i/gemv_q8_0_dma_top_0/inst/core/scaled_shifted_reg[10][0]_i_31/CO[3]
                         net (fo=1, routed)           0.000     8.061    design_1_i/gemv_q8_0_dma_top_0/inst/core/scaled_shifted_reg[10][0]_i_31_n_0
    SLICE_X52Y73         CARRY4 (Prop_carry4_CI_CO[3])
                                                      0.114     8.175 r  design_1_i/gemv_q8_0_dma_top_0/inst/core/scaled_shifted_reg[10][0]_i_34/CO[3]
                         net (fo=1, routed)           0.000     8.175    design_1_i/gemv_q8_0_dma_top_0/inst/core/scaled_shifted_reg[10][0]_i_34_n_0
    SLICE_X52Y74         CARRY4 (Prop_carry4_CI_CO[3])
                                                      0.114     8.289 r  design_1_i/gemv_q8_0_dma_top_0/inst/core/scaled_shifted_reg[10][0]_i_27/CO[3]
                         net (fo=1, routed)           0.009     8.298    design_1_i/gemv_q8_0_dma_top_0/inst/core/scaled_shifted_reg[10][0]_i_27_n_0
    SLICE_X52Y75         CARRY4 (Prop_carry4_CI_CO[3])
                                                      0.114     8.412 r  design_1_i/gemv_q8_0_dma_top_0/inst/core/scaled_shifted_reg[10][0]_i_36/CO[3]
                         net (fo=1, routed)           0.000     8.412    design_1_i/gemv_q8_0_dma_top_0/inst/core/scaled_shifted_reg[10][0]_i_36_n_0
    SLICE_X52Y76         CARRY4 (Prop_carry4_CI_CO[3])
                                                      0.114     8.526 r  design_1_i/gemv_q8_0_dma_top_0/inst/core/scaled_shifted_reg[10][0]_i_29/CO[3]
                         net (fo=1, routed)           0.000     8.526    design_1_i/gemv_q8_0_dma_top_0/inst/core/scaled_shifted_reg[10][0]_i_29_n_0
    SLICE_X52Y77         CARRY4 (Prop_carry4_CI_CO[3])
                                                      0.114     8.640 r  design_1_i/gemv_q8_0_dma_top_0/inst/core/scaled_shifted_reg[10][63]_i_31/CO[3]
                         net (fo=1, routed)           0.000     8.640    design_1_i/gemv_q8_0_dma_top_0/inst/core/scaled_shifted_reg[10][63]_i_31_n_0
    SLICE_X52Y78         CARRY4 (Prop_carry4_CI_O[3])
                                                      0.313     8.953 f  design_1_i/gemv_q8_0_dma_top_0/inst/core/scaled_shifted_reg[10][63]_i_23/O[3]
                         net (fo=64, routed)          1.148    10.102    design_1_i/gemv_q8_0_dma_top_0/inst/core/scaled_shifted_reg[10][63]_i_23_n_4
    SLICE_X63Y70         LUT6 (Prop_lut6_I0_O)        0.306    10.408 f  design_1_i/gemv_q8_0_dma_top_0/inst/core/scaled_shifted[10][0]_i_10/O
                         net (fo=4, routed)           0.516    10.923    design_1_i/gemv_q8_0_dma_top_0/inst/core/scaled_shifted[10][0]_i_10_n_0
    SLICE_X62Y70         LUT6 (Prop_lut6_I0_O)        0.124    11.047 f  design_1_i/gemv_q8_0_dma_top_0/inst/core/scaled_shifted[10][0]_i_5/O
                         net (fo=4, routed)           0.833    11.880    design_1_i/gemv_q8_0_dma_top_0/inst/core/scaled_shifted[10][0]_i_5_n_0
    SLICE_X62Y73         LUT6 (Prop_lut6_I0_O)        0.124    12.004 r  design_1_i/gemv_q8_0_dma_top_0/inst/core/scaled_shifted[10][0]_i_3/O
                         net (fo=2, routed)           0.350    12.354    design_1_i/gemv_q8_0_dma_top_0/inst/core/scaled_shifted[10][4]_i_5_n_0
    SLICE_X61Y74         CARRY4 (Prop_carry4_CYINIT_CO[3])
                                                      0.580    12.934 r  design_1_i/gemv_q8_0_dma_top_0/inst/core/scaled_shifted_reg[10][4]_i_3/CO[3]
                         net (fo=1, routed)           0.009    12.943    design_1_i/gemv_q8_0_dma_top_0/inst/core/scaled_shifted_reg[10][4]_i_3_n_0
    SLICE_X61Y75         CARRY4 (Prop_carry4_CI_CO[3])
                                                      0.114    13.057 r  design_1_i/gemv_q8_0_dma_top_0/inst/core/scaled_shifted_reg[10][8]_i_3/CO[3]
                         net (fo=1, routed)           0.000    13.057    design_1_i/gemv_q8_0_dma_top_0/inst/core/scaled_shifted_reg[10][8]_i_3_n_0
    SLICE_X61Y76         CARRY4 (Prop_carry4_CI_CO[3])
                                                      0.114    13.171 r  design_1_i/gemv_q8_0_dma_top_0/inst/core/scaled_shifted_reg[10][12]_i_3/CO[3]
                         net (fo=1, routed)           0.000    13.171    design_1_i/gemv_q8_0_dma_top_0/inst/core/scaled_shifted_reg[10][12]_i_3_n_0
    SLICE_X61Y77         CARRY4 (Prop_carry4_CI_CO[3])
                                                      0.114    13.285 r  design_1_i/gemv_q8_0_dma_top_0/inst/core/scaled_shifted_reg[10][16]_i_3/CO[3]
                         net (fo=1, routed)           0.000    13.285    design_1_i/gemv_q8_0_dma_top_0/inst/core/scaled_shifted_reg[10][16]_i_3_n_0
    SLICE_X61Y78         CARRY4 (Prop_carry4_CI_CO[3])
                                                      0.114    13.399 r  design_1_i/gemv_q8_0_dma_top_0/inst/core/scaled_shifted_reg[10][20]_i_3/CO[3]
                         net (fo=1, routed)           0.000    13.399    design_1_i/gemv_q8_0_dma_top_0/inst/core/scaled_shifted_reg[10][20]_i_3_n_0
    SLICE_X61Y79         CARRY4 (Prop_carry4_CI_CO[3])
                                                      0.114    13.513 r  design_1_i/gemv_q8_0_dma_top_0/inst/core/scaled_shifted_reg[10][24]_i_3/CO[3]
                         net (fo=1, routed)           0.000    13.513    design_1_i/gemv_q8_0_dma_top_0/inst/core/scaled_shifted_reg[10][24]_i_3_n_0
    SLICE_X61Y80         CARRY4 (Prop_carry4_CI_CO[3])
                                                      0.114    13.627 r  design_1_i/gemv_q8_0_dma_top_0/inst/core/scaled_shifted_reg[10][28]_i_3/CO[3]
                         net (fo=1, routed)           0.000    13.627    design_1_i/gemv_q8_0_dma_top_0/inst/core/scaled_shifted_reg[10][28]_i_3_n_0
    SLICE_X61Y81         CARRY4 (Prop_carry4_CI_CO[3])
                                                      0.114    13.741 r  design_1_i/gemv_q8_0_dma_top_0/inst/core/scaled_shifted_reg[10][32]_i_3/CO[3]
                         net (fo=1, routed)           0.000    13.741    design_1_i/gemv_q8_0_dma_top_0/inst/core/scaled_shifted_reg[10][32]_i_3_n_0
    SLICE_X61Y82         CARRY4 (Prop_carry4_CI_CO[3])
                                                      0.114    13.855 r  design_1_i/gemv_q8_0_dma_top_0/inst/core/scaled_shifted_reg[10][36]_i_3/CO[3]
                         net (fo=1, routed)           0.000    13.855    design_1_i/gemv_q8_0_dma_top_0/inst/core/scaled_shifted_reg[10][36]_i_3_n_0
    SLICE_X61Y83         CARRY4 (Prop_carry4_CI_CO[3])
                                                      0.114    13.969 r  design_1_i/gemv_q8_0_dma_top_0/inst/core/scaled_shifted_reg[10][40]_i_3/CO[3]
                         net (fo=1, routed)           0.000    13.969    design_1_i/gemv_q8_0_dma_top_0/inst/core/scaled_shifted_reg[10][40]_i_3_n_0
    SLICE_X61Y84         CARRY4 (Prop_carry4_CI_CO[3])
                                                      0.114    14.083 r  design_1_i/gemv_q8_0_dma_top_0/inst/core/scaled_shifted_reg[10][44]_i_3/CO[3]
                         net (fo=1, routed)           0.000    14.083    design_1_i/gemv_q8_0_dma_top_0/inst/core/scaled_shifted_reg[10][44]_i_3_n_0
    SLICE_X61Y85         CARRY4 (Prop_carry4_CI_CO[3])
                                                      0.114    14.197 r  design_1_i/gemv_q8_0_dma_top_0/inst/core/scaled_shifted_reg[10][46]_i_3/CO[3]
                         net (fo=1, routed)           0.000    14.197    design_1_i/gemv_q8_0_dma_top_0/inst/core/scaled_shifted_reg[10][46]_i_3_n_0
    SLICE_X61Y86         CARRY4 (Prop_carry4_CI_CO[3])
                                                      0.114    14.311 r  design_1_i/gemv_q8_0_dma_top_0/inst/core/scaled_shifted_reg[10][52]_i_4/CO[3]
                         net (fo=1, routed)           0.000    14.311    design_1_i/gemv_q8_0_dma_top_0/inst/core/scaled_shifted_reg[10][52]_i_4_n_0
    SLICE_X61Y87         CARRY4 (Prop_carry4_CI_O[1])
                                                      0.334    14.645 r  design_1_i/gemv_q8_0_dma_top_0/inst/core/scaled_shifted_reg[10][60]_i_5/O[1]
                         net (fo=1, routed)           0.645    15.291    design_1_i/gemv_q8_0_dma_top_0/inst/core/p_1_in__1[54]
    SLICE_X61Y92         LUT5 (Prop_lut5_I3_O)        0.303    15.594 r  design_1_i/gemv_q8_0_dma_top_0/inst/core/scaled_shifted[10][54]_i_2/O
                         net (fo=1, routed)           0.664    16.257    design_1_i/gemv_q8_0_dma_top_0/inst/core/scaled_shifted[10][54]_i_2_n_0
    SLICE_X60Y92         LUT3 (Prop_lut3_I2_O)        0.154    16.411 r  design_1_i/gemv_q8_0_dma_top_0/inst/core/scaled_shifted[10][54]_i_1/O
                         net (fo=1, routed)           0.000    16.411    design_1_i/gemv_q8_0_dma_top_0/inst/core/scaled_shifted[10][54]_i_1_n_0
    SLICE_X60Y92         FDRE                                         r  design_1_i/gemv_q8_0_dma_top_0/inst/core/scaled_shifted_reg[10][54]/D
  -------------------------------------------------------------------    -------------------

                         (clock clk_fpga_0 rise edge)
                                                     12.999    12.999 r  
    PS7_X0Y0             PS7                          0.000    12.999 r  design_1_i/processing_system7_0/inst/PS7_i/FCLKCLK[0]
                         net (fo=1, routed)           1.088    14.087    design_1_i/processing_system7_0/inst/FCLK_CLK_unbuffered[0]
    BUFGCTRL_X0Y19       BUFG (Prop_bufg_I_O)         0.091    14.178 r  design_1_i/processing_system7_0/inst/buffer_fclk_clk_0.FCLK_CLK_0_BUFG_replica_2/O
                         net (fo=5, routed)           0.133    14.311    design_1_i/processing_system7_0/inst/FCLK_CLK0_repN_2
    BUFGCTRL_X0Y18       BUFG (Prop_bufg_I_O)         0.091    14.402 r  design_1_i/processing_system7_0/inst/buffer_fclk_clk_0.FCLK_CLK_0_BUFG_replica_1/O
                         net (fo=18, routed)          0.133    14.535    design_1_i/processing_system7_0/inst/FCLK_CLK0_repN_1
    BUFGCTRL_X0Y17       BUFG (Prop_bufg_I_O)         0.091    14.626 r  design_1_i/processing_system7_0/inst/buffer_fclk_clk_0.FCLK_CLK_0_BUFG_replica/O
                         net (fo=69, routed)          0.133    14.759    design_1_i/processing_system7_0/inst/FCLK_CLK0_repN
    BUFGCTRL_X0Y16       BUFG (Prop_bufg_I_O)         0.091    14.850 r  design_1_i/processing_system7_0/inst/buffer_fclk_clk_0.FCLK_CLK_0_BUFG/O
                         net (fo=18497, routed)       1.539    16.389    design_1_i/gemv_q8_0_dma_top_0/inst/core/S_AXI_ACLK
    SLICE_X60Y92         FDRE                                         r  design_1_i/gemv_q8_0_dma_top_0/inst/core/scaled_shifted_reg[10][54]/C
                         clock pessimism              0.198    16.587    
                         clock uncertainty           -0.198    16.389    
    SLICE_X60Y92         FDRE (Setup_fdre_C_D)        0.075    16.464    design_1_i/gemv_q8_0_dma_top_0/inst/core/scaled_shifted_reg[10][54]
  -------------------------------------------------------------------
                         required time                         16.464    
                         arrival time                         -16.411    
  -------------------------------------------------------------------
                         slack                                  0.052    

Slack (MET) :             0.053ns  (required time - arrival time)
  Source:                 <hidden>
                            (rising edge-triggered cell RAMB36E1 clocked by clk_fpga_0  {rise@0.000ns fall@6.499ns period=12.999ns})
  Destination:            design_1_i/gemv_q8_0_dma_top_0/inst/core/block_acc[9][14]_i_1_psdsp_1/D
                            (rising edge-triggered cell FDRE clocked by clk_fpga_0  {rise@0.000ns fall@6.499ns period=12.999ns})
  Path Group:             clk_fpga_0
  Path Type:              Setup (Max at Slow Process Corner)
  Requirement:            12.999ns  (clk_fpga_0 rise@12.999ns - clk_fpga_0 rise@0.000ns)
  Data Path Delay:        12.363ns  (logic 6.543ns (52.925%)  route 5.820ns (47.075%))
  Logic Levels:           3  (DSP48E1=1 LUT3=1 LUT4=1)
  Clock Path Skew:        -0.304ns (DCD - SCD + CPR)
    Destination Clock Delay (DCD):    3.390ns = ( 16.389 - 12.999 ) 
    Source Clock Delay      (SCD):    3.877ns
    Clock Pessimism Removal (CPR):    0.184ns
  Clock Uncertainty:      0.198ns  ((TSJ^2 + TIJ^2)^1/2 + DJ) / 2 + PE
    Total System Jitter     (TSJ):    0.071ns
    Total Input Jitter      (TIJ):    0.390ns
    Discrete Jitter          (DJ):    0.000ns
    Phase Error              (PE):    0.000ns

    Location             Delay type                Incr(ns)  Path(ns)    Netlist Resource(s)
  -------------------------------------------------------------------    -------------------
                         (clock clk_fpga_0 rise edge)
                                                      0.000     0.000 r  
    PS7_X0Y0             PS7                          0.000     0.000 r  design_1_i/processing_system7_0/inst/PS7_i/FCLKCLK[0]
                         net (fo=1, routed)           1.193     1.193    design_1_i/processing_system7_0/inst/FCLK_CLK_unbuffered[0]
    BUFGCTRL_X0Y19       BUFG (Prop_bufg_I_O)         0.101     1.294 r  design_1_i/processing_system7_0/inst/buffer_fclk_clk_0.FCLK_CLK_0_BUFG_replica_2/O
                         net (fo=5, routed)           0.146     1.440    design_1_i/processing_system7_0/inst/FCLK_CLK0_repN_2
    BUFGCTRL_X0Y18       BUFG (Prop_bufg_I_O)         0.101     1.541 r  design_1_i/processing_system7_0/inst/buffer_fclk_clk_0.FCLK_CLK_0_BUFG_replica_1/O
                         net (fo=18, routed)          0.146     1.687    design_1_i/processing_system7_0/inst/FCLK_CLK0_repN_1
    BUFGCTRL_X0Y17       BUFG (Prop_bufg_I_O)         0.101     1.788 r  design_1_i/processing_system7_0/inst/buffer_fclk_clk_0.FCLK_CLK_0_BUFG_replica/O
                         net (fo=69, routed)          0.146     1.934    design_1_i/processing_system7_0/inst/FCLK_CLK0_repN
    BUFGCTRL_X0Y16       BUFG (Prop_bufg_I_O)         0.101     2.035 r  design_1_i/processing_system7_0/inst/buffer_fclk_clk_0.FCLK_CLK_0_BUFG/O
                         net (fo=18497, routed)       1.842     3.877    <hidden>
    RAMB36_X4Y9          RAMB36E1                                     r  <hidden>
  -------------------------------------------------------------------    -------------------
    RAMB36_X4Y9          RAMB36E1 (Prop_ramb36e1_CLKBWRCLK_DOBDO[0])
                                                      2.454     6.331 r  <hidden>
                         net (fo=1, routed)           1.288     7.620    design_1_i/gemv_q8_0_dma_top_0/inst/core/INPUT_BRAM_DOUT[14]
    SLICE_X61Y46         LUT3 (Prop_lut3_I2_O)        0.124     7.744 r  design_1_i/gemv_q8_0_dma_top_0/inst/core/p_0_out_i_2/O
                         net (fo=4, routed)           1.511     9.255    design_1_i/gemv_q8_0_dma_top_0/inst/core/core_input_rd_data[14]
    DSP48_X2Y13          DSP48E1 (Prop_dsp48e1_A[14]_P[14])
                                                      3.841    13.096 r  design_1_i/gemv_q8_0_dma_top_0/inst/core/p_0_out__1/P[14]
                         net (fo=4, routed)           1.499    14.595    design_1_i/gemv_q8_0_dma_top_0/inst/core/p_0_out__1_n_91
    SLICE_X55Y44         LUT4 (Prop_lut4_I3_O)        0.124    14.719 r  design_1_i/gemv_q8_0_dma_top_0/inst/core/block_acc[9][14]_i_1/O
                         net (fo=3, routed)           1.521    16.240    design_1_i/gemv_q8_0_dma_top_0/inst/core/block_acc[9][14]_i_1_n_0
    SLICE_X67Y59         FDRE                                         r  design_1_i/gemv_q8_0_dma_top_0/inst/core/block_acc[9][14]_i_1_psdsp_1/D
  -------------------------------------------------------------------    -------------------

                         (clock clk_fpga_0 rise edge)
                                                     12.999    12.999 r  
    PS7_X0Y0             PS7                          0.000    12.999 r  design_1_i/processing_system7_0/inst/PS7_i/FCLKCLK[0]
                         net (fo=1, routed)           1.088    14.087    design_1_i/processing_system7_0/inst/FCLK_CLK_unbuffered[0]
    BUFGCTRL_X0Y19       BUFG (Prop_bufg_I_O)         0.091    14.178 r  design_1_i/processing_system7_0/inst/buffer_fclk_clk_0.FCLK_CLK_0_BUFG_replica_2/O
                         net (fo=5, routed)           0.133    14.311    design_1_i/processing_system7_0/inst/FCLK_CLK0_repN_2
    BUFGCTRL_X0Y18       BUFG (Prop_bufg_I_O)         0.091    14.402 r  design_1_i/processing_system7_0/inst/buffer_fclk_clk_0.FCLK_CLK_0_BUFG_replica_1/O
                         net (fo=18, routed)          0.133    14.535    design_1_i/processing_system7_0/inst/FCLK_CLK0_repN_1
    BUFGCTRL_X0Y17       BUFG (Prop_bufg_I_O)         0.091    14.626 r  design_1_i/processing_system7_0/inst/buffer_fclk_clk_0.FCLK_CLK_0_BUFG_replica/O
                         net (fo=69, routed)          0.133    14.759    design_1_i/processing_system7_0/inst/FCLK_CLK0_repN
    BUFGCTRL_X0Y16       BUFG (Prop_bufg_I_O)         0.091    14.850 r  design_1_i/processing_system7_0/inst/buffer_fclk_clk_0.FCLK_CLK_0_BUFG/O
                         net (fo=18497, routed)       1.539    16.389    design_1_i/gemv_q8_0_dma_top_0/inst/core/S_AXI_ACLK
    SLICE_X67Y59         FDRE                                         r  design_1_i/gemv_q8_0_dma_top_0/inst/core/block_acc[9][14]_i_1_psdsp_1/C
                         clock pessimism              0.184    16.573    
                         clock uncertainty           -0.198    16.375    
    SLICE_X67Y59         FDRE (Setup_fdre_C_D)       -0.081    16.294    design_1_i/gemv_q8_0_dma_top_0/inst/core/block_acc[9][14]_i_1_psdsp_1
  -------------------------------------------------------------------
                         required time                         16.294    
                         arrival time                         -16.240    
  -------------------------------------------------------------------
                         slack                                  0.053    

Slack (MET) :             0.062ns  (required time - arrival time)
  Source:                 design_1_i/gemv_q8_0_dma_top_0/inst/core/scaled_shifted[0][19]_i_5_psdsp/C
                            (rising edge-triggered cell FDRE clocked by clk_fpga_0  {rise@0.000ns fall@6.499ns period=12.999ns})
  Destination:            design_1_i/gemv_q8_0_dma_top_0/inst/core/scaled_shifted_reg[0][54]/D
                            (rising edge-triggered cell FDRE clocked by clk_fpga_0  {rise@0.000ns fall@6.499ns period=12.999ns})
  Path Group:             clk_fpga_0
  Path Type:              Setup (Max at Slow Process Corner)
  Requirement:            12.999ns  (clk_fpga_0 rise@12.999ns - clk_fpga_0 rise@0.000ns)
  Data Path Delay:        12.705ns  (logic 6.557ns (51.611%)  route 6.148ns (48.389%))
  Logic Levels:           32  (CARRY4=25 LUT3=1 LUT5=4 LUT6=2)
  Clock Path Skew:        -0.063ns (DCD - SCD + CPR)
    Destination Clock Delay (DCD):    3.455ns = ( 16.454 - 12.999 ) 
    Source Clock Delay      (SCD):    3.816ns
    Clock Pessimism Removal (CPR):    0.298ns
  Clock Uncertainty:      0.198ns  ((TSJ^2 + TIJ^2)^1/2 + DJ) / 2 + PE
    Total System Jitter     (TSJ):    0.071ns
    Total Input Jitter      (TIJ):    0.390ns
    Discrete Jitter          (DJ):    0.000ns
    Phase Error              (PE):    0.000ns

    Location             Delay type                Incr(ns)  Path(ns)    Netlist Resource(s)
  -------------------------------------------------------------------    -------------------
                         (clock clk_fpga_0 rise edge)
                                                      0.000     0.000 r  
    PS7_X0Y0             PS7                          0.000     0.000 r  design_1_i/processing_system7_0/inst/PS7_i/FCLKCLK[0]
                         net (fo=1, routed)           1.193     1.193    design_1_i/processing_system7_0/inst/FCLK_CLK_unbuffered[0]
    BUFGCTRL_X0Y19       BUFG (Prop_bufg_I_O)         0.101     1.294 r  design_1_i/processing_system7_0/inst/buffer_fclk_clk_0.FCLK_CLK_0_BUFG_replica_2/O
                         net (fo=5, routed)           0.146     1.440    design_1_i/processing_system7_0/inst/FCLK_CLK0_repN_2
    BUFGCTRL_X0Y18       BUFG (Prop_bufg_I_O)         0.101     1.541 r  design_1_i/processing_system7_0/inst/buffer_fclk_clk_0.FCLK_CLK_0_BUFG_replica_1/O
                         net (fo=18, routed)          0.146     1.687    design_1_i/processing_system7_0/inst/FCLK_CLK0_repN_1
    BUFGCTRL_X0Y17       BUFG (Prop_bufg_I_O)         0.101     1.788 r  design_1_i/processing_system7_0/inst/buffer_fclk_clk_0.FCLK_CLK_0_BUFG_replica/O
                         net (fo=69, routed)          0.146     1.934    design_1_i/processing_system7_0/inst/FCLK_CLK0_repN
    BUFGCTRL_X0Y16       BUFG (Prop_bufg_I_O)         0.101     2.035 r  design_1_i/processing_system7_0/inst/buffer_fclk_clk_0.FCLK_CLK_0_BUFG/O
                         net (fo=18497, routed)       1.781     3.816    design_1_i/gemv_q8_0_dma_top_0/inst/core/S_AXI_ACLK
    SLICE_X90Y56         FDRE                                         r  design_1_i/gemv_q8_0_dma_top_0/inst/core/scaled_shifted[0][19]_i_5_psdsp/C
  -------------------------------------------------------------------    -------------------
    SLICE_X90Y56         FDRE (Prop_fdre_C_Q)         0.518     4.334 r  design_1_i/gemv_q8_0_dma_top_0/inst/core/scaled_shifted[0][19]_i_5_psdsp/Q
                         net (fo=2, routed)           0.775     5.109    design_1_i/gemv_q8_0_dma_top_0/inst/core/scaled_product_reg[0]__0_n_104
    SLICE_X91Y56         CARRY4 (Prop_carry4_DI[2]_CO[3])
                                                      0.398     5.507 r  design_1_i/gemv_q8_0_dma_top_0/inst/core/scaled_shifted_reg[0][19]_i_2/CO[3]
                         net (fo=1, routed)           0.000     5.507    design_1_i/gemv_q8_0_dma_top_0/inst/core/scaled_shifted_reg[0][19]_i_2_n_0
    SLICE_X91Y57         CARRY4 (Prop_carry4_CI_CO[3])
                                                      0.114     5.621 r  design_1_i/gemv_q8_0_dma_top_0/inst/core/scaled_shifted_reg[0][23]_i_2/CO[3]
                         net (fo=1, routed)           0.000     5.621    design_1_i/gemv_q8_0_dma_top_0/inst/core/scaled_shifted_reg[0][23]_i_2_n_0
    SLICE_X91Y58         CARRY4 (Prop_carry4_CI_O[1])
                                                      0.334     5.955 r  design_1_i/gemv_q8_0_dma_top_0/inst/core/scaled_shifted_reg[0][27]_i_2/O[1]
                         net (fo=5, routed)           1.022     6.977    design_1_i/gemv_q8_0_dma_top_0/inst/core/scaled_product_reg[0]__1[25]
    SLICE_X86Y67         LUT5 (Prop_lut5_I0_O)        0.303     7.280 r  design_1_i/gemv_q8_0_dma_top_0/inst/core/scaled_shifted[0][0]_i_102/O
                         net (fo=1, routed)           0.000     7.280    design_1_i/gemv_q8_0_dma_top_0/inst/core/scaled_shifted[0][0]_i_102_n_0
    SLICE_X86Y67         CARRY4 (Prop_carry4_S[1]_CO[3])
                                                      0.533     7.813 r  design_1_i/gemv_q8_0_dma_top_0/inst/core/scaled_shifted_reg[0][0]_i_33/CO[3]
                         net (fo=1, routed)           0.000     7.813    design_1_i/gemv_q8_0_dma_top_0/inst/core/scaled_shifted_reg[0][0]_i_33_n_0
    SLICE_X86Y68         CARRY4 (Prop_carry4_CI_CO[3])
                                                      0.117     7.930 r  design_1_i/gemv_q8_0_dma_top_0/inst/core/scaled_shifted_reg[0][0]_i_26/CO[3]
                         net (fo=1, routed)           0.000     7.930    design_1_i/gemv_q8_0_dma_top_0/inst/core/scaled_shifted_reg[0][0]_i_26_n_0
    SLICE_X86Y69         CARRY4 (Prop_carry4_CI_CO[3])
                                                      0.117     8.047 r  design_1_i/gemv_q8_0_dma_top_0/inst/core/scaled_shifted_reg[0][0]_i_38/CO[3]
                         net (fo=1, routed)           0.000     8.047    design_1_i/gemv_q8_0_dma_top_0/inst/core/scaled_shifted_reg[0][0]_i_38_n_0
    SLICE_X86Y70         CARRY4 (Prop_carry4_CI_CO[3])
                                                      0.117     8.164 r  design_1_i/gemv_q8_0_dma_top_0/inst/core/scaled_shifted_reg[0][0]_i_31/CO[3]
                         net (fo=1, routed)           0.000     8.164    design_1_i/gemv_q8_0_dma_top_0/inst/core/scaled_shifted_reg[0][0]_i_31_n_0
    SLICE_X86Y71         CARRY4 (Prop_carry4_CI_CO[3])
                                                      0.117     8.281 r  design_1_i/gemv_q8_0_dma_top_0/inst/core/scaled_shifted_reg[0][0]_i_34/CO[3]
                         net (fo=1, routed)           0.000     8.281    design_1_i/gemv_q8_0_dma_top_0/inst/core/scaled_shifted_reg[0][0]_i_34_n_0
    SLICE_X86Y72         CARRY4 (Prop_carry4_CI_CO[3])
                                                      0.117     8.398 r  design_1_i/gemv_q8_0_dma_top_0/inst/core/scaled_shifted_reg[0][0]_i_27/CO[3]
                         net (fo=1, routed)           0.000     8.398    design_1_i/gemv_q8_0_dma_top_0/inst/core/scaled_shifted_reg[0][0]_i_27_n_0
    SLICE_X86Y73         CARRY4 (Prop_carry4_CI_CO[3])
                                                      0.117     8.515 r  design_1_i/gemv_q8_0_dma_top_0/inst/core/scaled_shifted_reg[0][0]_i_36/CO[3]
                         net (fo=1, routed)           0.000     8.515    design_1_i/gemv_q8_0_dma_top_0/inst/core/scaled_shifted_reg[0][0]_i_36_n_0
    SLICE_X86Y74         CARRY4 (Prop_carry4_CI_O[3])
                                                      0.315     8.830 f  design_1_i/gemv_q8_0_dma_top_0/inst/core/scaled_shifted_reg[0][0]_i_29/O[3]
                         net (fo=5, routed)           0.853     9.684    design_1_i/gemv_q8_0_dma_top_0/inst/core/p_2_out__1[55]
    SLICE_X84Y69         LUT6 (Prop_lut6_I0_O)        0.307     9.991 f  design_1_i/gemv_q8_0_dma_top_0/inst/core/scaled_shifted[0][0]_i_11/O
                         net (fo=2, routed)           0.779    10.770    design_1_i/gemv_q8_0_dma_top_0/inst/core/scaled_shifted[0][0]_i_11_n_0
    SLICE_X84Y70         LUT6 (Prop_lut6_I1_O)        0.124    10.894 f  design_1_i/gemv_q8_0_dma_top_0/inst/core/scaled_shifted[0][0]_i_5/O
                         net (fo=4, routed)           0.669    11.563    design_1_i/gemv_q8_0_dma_top_0/inst/core/scaled_shifted[0][0]_i_5_n_0
    SLICE_X85Y75         LUT5 (Prop_lut5_I0_O)        0.124    11.687 f  design_1_i/gemv_q8_0_dma_top_0/inst/core/scaled_shifted[0][4]_i_12/O
                         net (fo=1, routed)           0.711    12.397    design_1_i/gemv_q8_0_dma_top_0/inst/core/scaled_shifted[0][4]_i_12_n_0
    SLICE_X88Y78         LUT5 (Prop_lut5_I0_O)        0.124    12.521 r  design_1_i/gemv_q8_0_dma_top_0/inst/core/scaled_shifted[0][4]_i_9/O
                         net (fo=1, routed)           0.000    12.521    design_1_i/gemv_q8_0_dma_top_0/inst/core/scaled_shifted[0][4]_i_9_n_0
    SLICE_X88Y78         CARRY4 (Prop_carry4_S[0]_CO[3])
                                                      0.532    13.053 r  design_1_i/gemv_q8_0_dma_top_0/inst/core/scaled_shifted_reg[0][4]_i_3/CO[3]
                         net (fo=1, routed)           0.000    13.053    design_1_i/gemv_q8_0_dma_top_0/inst/core/scaled_shifted_reg[0][4]_i_3_n_0
    SLICE_X88Y79         CARRY4 (Prop_carry4_CI_CO[3])
                                                      0.114    13.167 r  design_1_i/gemv_q8_0_dma_top_0/inst/core/scaled_shifted_reg[0][8]_i_3/CO[3]
                         net (fo=1, routed)           0.000    13.167    design_1_i/gemv_q8_0_dma_top_0/inst/core/scaled_shifted_reg[0][8]_i_3_n_0
    SLICE_X88Y80         CARRY4 (Prop_carry4_CI_CO[3])
                                                      0.114    13.281 r  design_1_i/gemv_q8_0_dma_top_0/inst/core/scaled_shifted_reg[0][12]_i_3/CO[3]
                         net (fo=1, routed)           0.000    13.281    design_1_i/gemv_q8_0_dma_top_0/inst/core/scaled_shifted_reg[0][12]_i_3_n_0
    SLICE_X88Y81         CARRY4 (Prop_carry4_CI_CO[3])
                                                      0.114    13.395 r  design_1_i/gemv_q8_0_dma_top_0/inst/core/scaled_shifted_reg[0][16]_i_3/CO[3]
                         net (fo=1, routed)           0.000    13.395    design_1_i/gemv_q8_0_dma_top_0/inst/core/scaled_shifted_reg[0][16]_i_3_n_0
    SLICE_X88Y82         CARRY4 (Prop_carry4_CI_CO[3])
                                                      0.114    13.509 r  design_1_i/gemv_q8_0_dma_top_0/inst/core/scaled_shifted_reg[0][20]_i_3/CO[3]
                         net (fo=1, routed)           0.000    13.509    design_1_i/gemv_q8_0_dma_top_0/inst/core/scaled_shifted_reg[0][20]_i_3_n_0
    SLICE_X88Y83         CARRY4 (Prop_carry4_CI_CO[3])
                                                      0.114    13.623 r  design_1_i/gemv_q8_0_dma_top_0/inst/core/scaled_shifted_reg[0][24]_i_3/CO[3]
                         net (fo=1, routed)           0.000    13.623    design_1_i/gemv_q8_0_dma_top_0/inst/core/scaled_shifted_reg[0][24]_i_3_n_0
    SLICE_X88Y84         CARRY4 (Prop_carry4_CI_CO[3])
                                                      0.114    13.737 r  design_1_i/gemv_q8_0_dma_top_0/inst/core/scaled_shifted_reg[0][28]_i_3/CO[3]
                         net (fo=1, routed)           0.000    13.737    design_1_i/gemv_q8_0_dma_top_0/inst/core/scaled_shifted_reg[0][28]_i_3_n_0
    SLICE_X88Y85         CARRY4 (Prop_carry4_CI_CO[3])
                                                      0.114    13.851 r  design_1_i/gemv_q8_0_dma_top_0/inst/core/scaled_shifted_reg[0][32]_i_3/CO[3]
                         net (fo=1, routed)           0.000    13.851    design_1_i/gemv_q8_0_dma_top_0/inst/core/scaled_shifted_reg[0][32]_i_3_n_0
    SLICE_X88Y86         CARRY4 (Prop_carry4_CI_CO[3])
                                                      0.114    13.965 r  design_1_i/gemv_q8_0_dma_top_0/inst/core/scaled_shifted_reg[0][36]_i_3/CO[3]
                         net (fo=1, routed)           0.000    13.965    design_1_i/gemv_q8_0_dma_top_0/inst/core/scaled_shifted_reg[0][36]_i_3_n_0
    SLICE_X88Y87         CARRY4 (Prop_carry4_CI_CO[3])
                                                      0.114    14.079 r  design_1_i/gemv_q8_0_dma_top_0/inst/core/scaled_shifted_reg[0][40]_i_3/CO[3]
                         net (fo=1, routed)           0.000    14.079    design_1_i/gemv_q8_0_dma_top_0/inst/core/scaled_shifted_reg[0][40]_i_3_n_0
    SLICE_X88Y88         CARRY4 (Prop_carry4_CI_CO[3])
                                                      0.114    14.193 r  design_1_i/gemv_q8_0_dma_top_0/inst/core/scaled_shifted_reg[0][44]_i_3/CO[3]
                         net (fo=1, routed)           0.000    14.193    design_1_i/gemv_q8_0_dma_top_0/inst/core/scaled_shifted_reg[0][44]_i_3_n_0
    SLICE_X88Y89         CARRY4 (Prop_carry4_CI_CO[3])
                                                      0.114    14.307 r  design_1_i/gemv_q8_0_dma_top_0/inst/core/scaled_shifted_reg[0][46]_i_3/CO[3]
                         net (fo=1, routed)           0.000    14.307    design_1_i/gemv_q8_0_dma_top_0/inst/core/scaled_shifted_reg[0][46]_i_3_n_0
    SLICE_X88Y90         CARRY4 (Prop_carry4_CI_CO[3])
                                                      0.114    14.421 r  design_1_i/gemv_q8_0_dma_top_0/inst/core/scaled_shifted_reg[0][52]_i_4/CO[3]
                         net (fo=1, routed)           0.000    14.421    design_1_i/gemv_q8_0_dma_top_0/inst/core/scaled_shifted_reg[0][52]_i_4_n_0
    SLICE_X88Y91         CARRY4 (Prop_carry4_CI_O[1])
                                                      0.334    14.755 r  design_1_i/gemv_q8_0_dma_top_0/inst/core/scaled_shifted_reg[0][60]_i_5/O[1]
                         net (fo=1, routed)           0.682    15.437    design_1_i/gemv_q8_0_dma_top_0/inst/core/scaled_shifted_reg[0][60]_i_5_n_6
    SLICE_X92Y92         LUT5 (Prop_lut5_I3_O)        0.303    15.740 r  design_1_i/gemv_q8_0_dma_top_0/inst/core/scaled_shifted[0][54]_i_2/O
                         net (fo=1, routed)           0.656    16.397    design_1_i/gemv_q8_0_dma_top_0/inst/core/data1__0[54]
    SLICE_X91Y92         LUT3 (Prop_lut3_I2_O)        0.124    16.521 r  design_1_i/gemv_q8_0_dma_top_0/inst/core/scaled_shifted[0][54]_i_1/O
                         net (fo=1, routed)           0.000    16.521    design_1_i/gemv_q8_0_dma_top_0/inst/core/round_shift_i64[54]
    SLICE_X91Y92         FDRE                                         r  design_1_i/gemv_q8_0_dma_top_0/inst/core/scaled_shifted_reg[0][54]/D
  -------------------------------------------------------------------    -------------------

                         (clock clk_fpga_0 rise edge)
                                                     12.999    12.999 r  
    PS7_X0Y0             PS7                          0.000    12.999 r  design_1_i/processing_system7_0/inst/PS7_i/FCLKCLK[0]
                         net (fo=1, routed)           1.088    14.087    design_1_i/processing_system7_0/inst/FCLK_CLK_unbuffered[0]
    BUFGCTRL_X0Y19       BUFG (Prop_bufg_I_O)         0.091    14.178 r  design_1_i/processing_system7_0/inst/buffer_fclk_clk_0.FCLK_CLK_0_BUFG_replica_2/O
                         net (fo=5, routed)           0.133    14.311    design_1_i/processing_system7_0/inst/FCLK_CLK0_repN_2
    BUFGCTRL_X0Y18       BUFG (Prop_bufg_I_O)         0.091    14.402 r  design_1_i/processing_system7_0/inst/buffer_fclk_clk_0.FCLK_CLK_0_BUFG_replica_1/O
                         net (fo=18, routed)          0.133    14.535    design_1_i/processing_system7_0/inst/FCLK_CLK0_repN_1
    BUFGCTRL_X0Y17       BUFG (Prop_bufg_I_O)         0.091    14.626 r  design_1_i/processing_system7_0/inst/buffer_fclk_clk_0.FCLK_CLK_0_BUFG_replica/O
                         net (fo=69, routed)          0.133    14.759    design_1_i/processing_system7_0/inst/FCLK_CLK0_repN
    BUFGCTRL_X0Y16       BUFG (Prop_bufg_I_O)         0.091    14.850 r  design_1_i/processing_system7_0/inst/buffer_fclk_clk_0.FCLK_CLK_0_BUFG/O
                         net (fo=18497, routed)       1.604    16.454    design_1_i/gemv_q8_0_dma_top_0/inst/core/S_AXI_ACLK
    SLICE_X91Y92         FDRE                                         r  design_1_i/gemv_q8_0_dma_top_0/inst/core/scaled_shifted_reg[0][54]/C
                         clock pessimism              0.298    16.752    
                         clock uncertainty           -0.198    16.554    
    SLICE_X91Y92         FDRE (Setup_fdre_C_D)        0.029    16.583    design_1_i/gemv_q8_0_dma_top_0/inst/core/scaled_shifted_reg[0][54]
  -------------------------------------------------------------------
                         required time                         16.583    
                         arrival time                         -16.521    
  -------------------------------------------------------------------
                         slack                                  0.062    

Slack (MET) :             0.064ns  (required time - arrival time)
  Source:                 <hidden>
                            (rising edge-triggered cell RAMB36E1 clocked by clk_fpga_0  {rise@0.000ns fall@6.499ns period=12.999ns})
  Destination:            design_1_i/gemv_q8_0_dma_top_0/inst/core/block_acc[4][30]_i_1_psdsp_3/D
                            (rising edge-triggered cell FDRE clocked by clk_fpga_0  {rise@0.000ns fall@6.499ns period=12.999ns})
  Path Group:             clk_fpga_0
  Path Type:              Setup (Max at Slow Process Corner)
  Requirement:            12.999ns  (clk_fpga_0 rise@12.999ns - clk_fpga_0 rise@0.000ns)
  Data Path Delay:        12.430ns  (logic 6.543ns (52.638%)  route 5.887ns (47.362%))
  Logic Levels:           3  (DSP48E1=1 LUT2=1 LUT3=1)
  Clock Path Skew:        -0.240ns (DCD - SCD + CPR)
    Destination Clock Delay (DCD):    3.454ns = ( 16.453 - 12.999 ) 
    Source Clock Delay      (SCD):    3.877ns
    Clock Pessimism Removal (CPR):    0.184ns
  Clock Uncertainty:      0.198ns  ((TSJ^2 + TIJ^2)^1/2 + DJ) / 2 + PE
    Total System Jitter     (TSJ):    0.071ns
    Total Input Jitter      (TIJ):    0.390ns
    Discrete Jitter          (DJ):    0.000ns
    Phase Error              (PE):    0.000ns

    Location             Delay type                Incr(ns)  Path(ns)    Netlist Resource(s)
  -------------------------------------------------------------------    -------------------
                         (clock clk_fpga_0 rise edge)
                                                      0.000     0.000 r  
    PS7_X0Y0             PS7                          0.000     0.000 r  design_1_i/processing_system7_0/inst/PS7_i/FCLKCLK[0]
                         net (fo=1, routed)           1.193     1.193    design_1_i/processing_system7_0/inst/FCLK_CLK_unbuffered[0]
    BUFGCTRL_X0Y19       BUFG (Prop_bufg_I_O)         0.101     1.294 r  design_1_i/processing_system7_0/inst/buffer_fclk_clk_0.FCLK_CLK_0_BUFG_replica_2/O
                         net (fo=5, routed)           0.146     1.440    design_1_i/processing_system7_0/inst/FCLK_CLK0_repN_2
    BUFGCTRL_X0Y18       BUFG (Prop_bufg_I_O)         0.101     1.541 r  design_1_i/processing_system7_0/inst/buffer_fclk_clk_0.FCLK_CLK_0_BUFG_replica_1/O
                         net (fo=18, routed)          0.146     1.687    design_1_i/processing_system7_0/inst/FCLK_CLK0_repN_1
    BUFGCTRL_X0Y17       BUFG (Prop_bufg_I_O)         0.101     1.788 r  design_1_i/processing_system7_0/inst/buffer_fclk_clk_0.FCLK_CLK_0_BUFG_replica/O
                         net (fo=69, routed)          0.146     1.934    design_1_i/processing_system7_0/inst/FCLK_CLK0_repN
    BUFGCTRL_X0Y16       BUFG (Prop_bufg_I_O)         0.101     2.035 r  design_1_i/processing_system7_0/inst/buffer_fclk_clk_0.FCLK_CLK_0_BUFG/O
                         net (fo=18497, routed)       1.842     3.877    <hidden>
    RAMB36_X4Y9          RAMB36E1                                     r  <hidden>
  -------------------------------------------------------------------    -------------------
    RAMB36_X4Y9          RAMB36E1 (Prop_ramb36e1_CLKBWRCLK_DOBDO[1])
                                                      2.454     6.331 r  <hidden>
                         net (fo=1, routed)           1.705     8.036    design_1_i/gemv_q8_0_dma_top_0/inst/core/INPUT_BRAM_DOUT[15]
    SLICE_X39Y43         LUT3 (Prop_lut3_I2_O)        0.124     8.160 r  design_1_i/gemv_q8_0_dma_top_0/inst/core/p_0_out_i_1/O
                         net (fo=60, routed)          0.930     9.090    design_1_i/gemv_q8_0_dma_top_0/inst/core/core_input_rd_data[15]
    DSP48_X2Y19          DSP48E1 (Prop_dsp48e1_A[16]_P[30])
                                                      3.841    12.931 r  design_1_i/gemv_q8_0_dma_top_0/inst/core/p_0_out__2/P[30]
                         net (fo=13, routed)          0.993    13.924    design_1_i/gemv_q8_0_dma_top_0/inst/core/p_0_out__2_n_75
    SLICE_X37Y42         LUT2 (Prop_lut2_I0_O)        0.124    14.048 r  design_1_i/gemv_q8_0_dma_top_0/inst/core/block_acc[4][30]_i_1/O
                         net (fo=12, routed)          2.259    16.308    design_1_i/gemv_q8_0_dma_top_0/inst/core/block_acc[4][30]_i_1_n_0
    SLICE_X93Y61         FDRE                                         r  design_1_i/gemv_q8_0_dma_top_0/inst/core/block_acc[4][30]_i_1_psdsp_3/D
  -------------------------------------------------------------------    -------------------

                         (clock clk_fpga_0 rise edge)
                                                     12.999    12.999 r  
    PS7_X0Y0             PS7                          0.000    12.999 r  design_1_i/processing_system7_0/inst/PS7_i/FCLKCLK[0]
                         net (fo=1, routed)           1.088    14.087    design_1_i/processing_system7_0/inst/FCLK_CLK_unbuffered[0]
    BUFGCTRL_X0Y19       BUFG (Prop_bufg_I_O)         0.091    14.178 r  design_1_i/processing_system7_0/inst/buffer_fclk_clk_0.FCLK_CLK_0_BUFG_replica_2/O
                         net (fo=5, routed)           0.133    14.311    design_1_i/processing_system7_0/inst/FCLK_CLK0_repN_2
    BUFGCTRL_X0Y18       BUFG (Prop_bufg_I_O)         0.091    14.402 r  design_1_i/processing_system7_0/inst/buffer_fclk_clk_0.FCLK_CLK_0_BUFG_replica_1/O
                         net (fo=18, routed)          0.133    14.535    design_1_i/processing_system7_0/inst/FCLK_CLK0_repN_1
    BUFGCTRL_X0Y17       BUFG (Prop_bufg_I_O)         0.091    14.626 r  design_1_i/processing_system7_0/inst/buffer_fclk_clk_0.FCLK_CLK_0_BUFG_replica/O
                         net (fo=69, routed)          0.133    14.759    design_1_i/processing_system7_0/inst/FCLK_CLK0_repN
    BUFGCTRL_X0Y16       BUFG (Prop_bufg_I_O)         0.091    14.850 r  design_1_i/processing_system7_0/inst/buffer_fclk_clk_0.FCLK_CLK_0_BUFG/O
                         net (fo=18497, routed)       1.603    16.453    design_1_i/gemv_q8_0_dma_top_0/inst/core/S_AXI_ACLK
    SLICE_X93Y61         FDRE                                         r  design_1_i/gemv_q8_0_dma_top_0/inst/core/block_acc[4][30]_i_1_psdsp_3/C
                         clock pessimism              0.184    16.637    
                         clock uncertainty           -0.198    16.439    
    SLICE_X93Y61         FDRE (Setup_fdre_C_D)       -0.067    16.372    design_1_i/gemv_q8_0_dma_top_0/inst/core/block_acc[4][30]_i_1_psdsp_3
  -------------------------------------------------------------------
                         required time                         16.372    
                         arrival time                         -16.308    
  -------------------------------------------------------------------
                         slack                                  0.064    

Slack (MET) :             0.067ns  (required time - arrival time)
  Source:                 <hidden>
                            (rising edge-triggered cell RAMB36E1 clocked by clk_fpga_0  {rise@0.000ns fall@6.499ns period=12.999ns})
  Destination:            design_1_i/gemv_q8_0_dma_top_0/inst/core/block_acc[4][22]_i_1_psdsp/D
                            (rising edge-triggered cell FDRE clocked by clk_fpga_0  {rise@0.000ns fall@6.499ns period=12.999ns})
  Path Group:             clk_fpga_0
  Path Type:              Setup (Max at Slow Process Corner)
  Requirement:            12.999ns  (clk_fpga_0 rise@12.999ns - clk_fpga_0 rise@0.000ns)
  Data Path Delay:        12.350ns  (logic 6.543ns (52.980%)  route 5.807ns (47.020%))
  Logic Levels:           3  (DSP48E1=1 LUT2=1 LUT3=1)
  Clock Path Skew:        -0.303ns (DCD - SCD + CPR)
    Destination Clock Delay (DCD):    3.391ns = ( 16.390 - 12.999 ) 
    Source Clock Delay      (SCD):    3.877ns
    Clock Pessimism Removal (CPR):    0.184ns
  Clock Uncertainty:      0.198ns  ((TSJ^2 + TIJ^2)^1/2 + DJ) / 2 + PE
    Total System Jitter     (TSJ):    0.071ns
    Total Input Jitter      (TIJ):    0.390ns
    Discrete Jitter          (DJ):    0.000ns
    Phase Error              (PE):    0.000ns

    Location             Delay type                Incr(ns)  Path(ns)    Netlist Resource(s)
  -------------------------------------------------------------------    -------------------
                         (clock clk_fpga_0 rise edge)
                                                      0.000     0.000 r  
    PS7_X0Y0             PS7                          0.000     0.000 r  design_1_i/processing_system7_0/inst/PS7_i/FCLKCLK[0]
                         net (fo=1, routed)           1.193     1.193    design_1_i/processing_system7_0/inst/FCLK_CLK_unbuffered[0]
    BUFGCTRL_X0Y19       BUFG (Prop_bufg_I_O)         0.101     1.294 r  design_1_i/processing_system7_0/inst/buffer_fclk_clk_0.FCLK_CLK_0_BUFG_replica_2/O
                         net (fo=5, routed)           0.146     1.440    design_1_i/processing_system7_0/inst/FCLK_CLK0_repN_2
    BUFGCTRL_X0Y18       BUFG (Prop_bufg_I_O)         0.101     1.541 r  design_1_i/processing_system7_0/inst/buffer_fclk_clk_0.FCLK_CLK_0_BUFG_replica_1/O
                         net (fo=18, routed)          0.146     1.687    design_1_i/processing_system7_0/inst/FCLK_CLK0_repN_1
    BUFGCTRL_X0Y17       BUFG (Prop_bufg_I_O)         0.101     1.788 r  design_1_i/processing_system7_0/inst/buffer_fclk_clk_0.FCLK_CLK_0_BUFG_replica/O
                         net (fo=69, routed)          0.146     1.934    design_1_i/processing_system7_0/inst/FCLK_CLK0_repN
    BUFGCTRL_X0Y16       BUFG (Prop_bufg_I_O)         0.101     2.035 r  design_1_i/processing_system7_0/inst/buffer_fclk_clk_0.FCLK_CLK_0_BUFG/O
                         net (fo=18497, routed)       1.842     3.877    <hidden>
    RAMB36_X4Y9          RAMB36E1                                     r  <hidden>
  -------------------------------------------------------------------    -------------------
    RAMB36_X4Y9          RAMB36E1 (Prop_ramb36e1_CLKBWRCLK_DOBDO[1])
                                                      2.454     6.331 r  <hidden>
                         net (fo=1, routed)           1.705     8.036    design_1_i/gemv_q8_0_dma_top_0/inst/core/INPUT_BRAM_DOUT[15]
    SLICE_X39Y43         LUT3 (Prop_lut3_I2_O)        0.124     8.160 r  design_1_i/gemv_q8_0_dma_top_0/inst/core/p_0_out_i_1/O
                         net (fo=60, routed)          0.930     9.090    design_1_i/gemv_q8_0_dma_top_0/inst/core/core_input_rd_data[15]
    DSP48_X2Y19          DSP48E1 (Prop_dsp48e1_A[16]_P[22])
                                                      3.841    12.931 r  design_1_i/gemv_q8_0_dma_top_0/inst/core/p_0_out__2/P[22]
                         net (fo=13, routed)          1.647    14.578    design_1_i/gemv_q8_0_dma_top_0/inst/core/p_0_out__2_n_83
    SLICE_X68Y46         LUT2 (Prop_lut2_I0_O)        0.124    14.702 r  design_1_i/gemv_q8_0_dma_top_0/inst/core/block_acc[4][22]_i_1/O
                         net (fo=12, routed)          1.525    16.227    design_1_i/gemv_q8_0_dma_top_0/inst/core/block_acc[4][22]_i_1_n_0
    SLICE_X89Y65         FDRE                                         r  design_1_i/gemv_q8_0_dma_top_0/inst/core/block_acc[4][22]_i_1_psdsp/D
  -------------------------------------------------------------------    -------------------

                         (clock clk_fpga_0 rise edge)
                                                     12.999    12.999 r  
    PS7_X0Y0             PS7                          0.000    12.999 r  design_1_i/processing_system7_0/inst/PS7_i/FCLKCLK[0]
                         net (fo=1, routed)           1.088    14.087    design_1_i/processing_system7_0/inst/FCLK_CLK_unbuffered[0]
    BUFGCTRL_X0Y19       BUFG (Prop_bufg_I_O)         0.091    14.178 r  design_1_i/processing_system7_0/inst/buffer_fclk_clk_0.FCLK_CLK_0_BUFG_replica_2/O
                         net (fo=5, routed)           0.133    14.311    design_1_i/processing_system7_0/inst/FCLK_CLK0_repN_2
    BUFGCTRL_X0Y18       BUFG (Prop_bufg_I_O)         0.091    14.402 r  design_1_i/processing_system7_0/inst/buffer_fclk_clk_0.FCLK_CLK_0_BUFG_replica_1/O
                         net (fo=18, routed)          0.133    14.535    design_1_i/processing_system7_0/inst/FCLK_CLK0_repN_1
    BUFGCTRL_X0Y17       BUFG (Prop_bufg_I_O)         0.091    14.626 r  design_1_i/processing_system7_0/inst/buffer_fclk_clk_0.FCLK_CLK_0_BUFG_replica/O
                         net (fo=69, routed)          0.133    14.759    design_1_i/processing_system7_0/inst/FCLK_CLK0_repN
    BUFGCTRL_X0Y16       BUFG (Prop_bufg_I_O)         0.091    14.850 r  design_1_i/processing_system7_0/inst/buffer_fclk_clk_0.FCLK_CLK_0_BUFG/O
                         net (fo=18497, routed)       1.540    16.390    design_1_i/gemv_q8_0_dma_top_0/inst/core/S_AXI_ACLK
    SLICE_X89Y65         FDRE                                         r  design_1_i/gemv_q8_0_dma_top_0/inst/core/block_acc[4][22]_i_1_psdsp/C
                         clock pessimism              0.184    16.574    
                         clock uncertainty           -0.198    16.376    
    SLICE_X89Y65         FDRE (Setup_fdre_C_D)       -0.081    16.295    design_1_i/gemv_q8_0_dma_top_0/inst/core/block_acc[4][22]_i_1_psdsp
  -------------------------------------------------------------------
                         required time                         16.295    
                         arrival time                         -16.227    
  -------------------------------------------------------------------
                         slack                                  0.067    

Slack (MET) :             0.069ns  (required time - arrival time)
  Source:                 design_1_i/gemv_q8_0_dma_top_0/inst/core/scaled_shifted[13][23]_i_4_psdsp/C
                            (rising edge-triggered cell FDRE clocked by clk_fpga_0  {rise@0.000ns fall@6.499ns period=12.999ns})
  Destination:            design_1_i/gemv_q8_0_dma_top_0/inst/core/scaled_shifted_reg[13][53]/D
                            (rising edge-triggered cell FDRE clocked by clk_fpga_0  {rise@0.000ns fall@6.499ns period=12.999ns})
  Path Group:             clk_fpga_0
  Path Type:              Setup (Max at Slow Process Corner)
  Requirement:            12.999ns  (clk_fpga_0 rise@12.999ns - clk_fpga_0 rise@0.000ns)
  Data Path Delay:        12.495ns  (logic 6.532ns (52.279%)  route 5.963ns (47.721%))
  Logic Levels:           32  (CARRY4=25 LUT2=2 LUT3=1 LUT5=1 LUT6=3)
  Clock Path Skew:        -0.268ns (DCD - SCD + CPR)
    Destination Clock Delay (DCD):    3.380ns = ( 16.379 - 12.999 ) 
    Source Clock Delay      (SCD):    3.832ns
    Clock Pessimism Removal (CPR):    0.184ns
  Clock Uncertainty:      0.198ns  ((TSJ^2 + TIJ^2)^1/2 + DJ) / 2 + PE
    Total System Jitter     (TSJ):    0.071ns
    Total Input Jitter      (TIJ):    0.390ns
    Discrete Jitter          (DJ):    0.000ns
    Phase Error              (PE):    0.000ns

    Location             Delay type                Incr(ns)  Path(ns)    Netlist Resource(s)
  -------------------------------------------------------------------    -------------------
                         (clock clk_fpga_0 rise edge)
                                                      0.000     0.000 r  
    PS7_X0Y0             PS7                          0.000     0.000 r  design_1_i/processing_system7_0/inst/PS7_i/FCLKCLK[0]
                         net (fo=1, routed)           1.193     1.193    design_1_i/processing_system7_0/inst/FCLK_CLK_unbuffered[0]
    BUFGCTRL_X0Y19       BUFG (Prop_bufg_I_O)         0.101     1.294 r  design_1_i/processing_system7_0/inst/buffer_fclk_clk_0.FCLK_CLK_0_BUFG_replica_2/O
                         net (fo=5, routed)           0.146     1.440    design_1_i/processing_system7_0/inst/FCLK_CLK0_repN_2
    BUFGCTRL_X0Y18       BUFG (Prop_bufg_I_O)         0.101     1.541 r  design_1_i/processing_system7_0/inst/buffer_fclk_clk_0.FCLK_CLK_0_BUFG_replica_1/O
                         net (fo=18, routed)          0.146     1.687    design_1_i/processing_system7_0/inst/FCLK_CLK0_repN_1
    BUFGCTRL_X0Y17       BUFG (Prop_bufg_I_O)         0.101     1.788 r  design_1_i/processing_system7_0/inst/buffer_fclk_clk_0.FCLK_CLK_0_BUFG_replica/O
                         net (fo=69, routed)          0.146     1.934    design_1_i/processing_system7_0/inst/FCLK_CLK0_repN
    BUFGCTRL_X0Y16       BUFG (Prop_bufg_I_O)         0.101     2.035 r  design_1_i/processing_system7_0/inst/buffer_fclk_clk_0.FCLK_CLK_0_BUFG/O
                         net (fo=18497, routed)       1.797     3.832    design_1_i/gemv_q8_0_dma_top_0/inst/core/S_AXI_ACLK
    SLICE_X90Y38         FDRE                                         r  design_1_i/gemv_q8_0_dma_top_0/inst/core/scaled_shifted[13][23]_i_4_psdsp/C
  -------------------------------------------------------------------    -------------------
    SLICE_X90Y38         FDRE (Prop_fdre_C_Q)         0.518     4.350 r  design_1_i/gemv_q8_0_dma_top_0/inst/core/scaled_shifted[13][23]_i_4_psdsp/Q
                         net (fo=2, routed)           0.779     5.129    design_1_i/gemv_q8_0_dma_top_0/inst/core/scaled_product_reg[13]__0_n_99
    SLICE_X89Y38         LUT2 (Prop_lut2_I0_O)        0.124     5.253 r  design_1_i/gemv_q8_0_dma_top_0/inst/core/scaled_shifted[13][23]_i_4/O
                         net (fo=1, routed)           0.000     5.253    design_1_i/gemv_q8_0_dma_top_0/inst/core/scaled_shifted[13][23]_i_4_n_0
    SLICE_X89Y38         CARRY4 (Prop_carry4_S[3]_CO[3])
                                                      0.401     5.654 r  design_1_i/gemv_q8_0_dma_top_0/inst/core/scaled_shifted_reg[13][23]_i_2/CO[3]
                         net (fo=1, routed)           0.000     5.654    design_1_i/gemv_q8_0_dma_top_0/inst/core/scaled_shifted_reg[13][23]_i_2_n_0
    SLICE_X89Y39         CARRY4 (Prop_carry4_CI_CO[3])
                                                      0.114     5.768 r  design_1_i/gemv_q8_0_dma_top_0/inst/core/scaled_shifted_reg[13][27]_i_2/CO[3]
                         net (fo=1, routed)           0.000     5.768    design_1_i/gemv_q8_0_dma_top_0/inst/core/scaled_shifted_reg[13][27]_i_2_n_0
    SLICE_X89Y40         CARRY4 (Prop_carry4_CI_CO[3])
                                                      0.114     5.882 r  design_1_i/gemv_q8_0_dma_top_0/inst/core/scaled_shifted_reg[13][31]_i_2/CO[3]
                         net (fo=1, routed)           0.000     5.882    design_1_i/gemv_q8_0_dma_top_0/inst/core/scaled_shifted_reg[13][31]_i_2_n_0
    SLICE_X89Y41         CARRY4 (Prop_carry4_CI_CO[3])
                                                      0.114     5.996 r  design_1_i/gemv_q8_0_dma_top_0/inst/core/scaled_shifted_reg[13][35]_i_2/CO[3]
                         net (fo=1, routed)           0.000     5.996    design_1_i/gemv_q8_0_dma_top_0/inst/core/scaled_shifted_reg[13][35]_i_2_n_0
    SLICE_X89Y42         CARRY4 (Prop_carry4_CI_CO[3])
                                                      0.114     6.110 r  design_1_i/gemv_q8_0_dma_top_0/inst/core/scaled_shifted_reg[13][39]_i_2/CO[3]
                         net (fo=1, routed)           0.000     6.110    design_1_i/gemv_q8_0_dma_top_0/inst/core/scaled_shifted_reg[13][39]_i_2_n_0
    SLICE_X89Y43         CARRY4 (Prop_carry4_CI_CO[3])
                                                      0.114     6.224 r  design_1_i/gemv_q8_0_dma_top_0/inst/core/scaled_shifted_reg[13][43]_i_2/CO[3]
                         net (fo=1, routed)           0.000     6.224    design_1_i/gemv_q8_0_dma_top_0/inst/core/scaled_shifted_reg[13][43]_i_2_n_0
    SLICE_X89Y44         CARRY4 (Prop_carry4_CI_CO[3])
                                                      0.114     6.338 r  design_1_i/gemv_q8_0_dma_top_0/inst/core/scaled_shifted_reg[13][47]_i_2/CO[3]
                         net (fo=1, routed)           0.000     6.338    design_1_i/gemv_q8_0_dma_top_0/inst/core/scaled_shifted_reg[13][47]_i_2_n_0
    SLICE_X89Y45         CARRY4 (Prop_carry4_CI_CO[3])
                                                      0.114     6.452 r  design_1_i/gemv_q8_0_dma_top_0/inst/core/scaled_shifted_reg[13][51]_i_2/CO[3]
                         net (fo=1, routed)           0.000     6.452    design_1_i/gemv_q8_0_dma_top_0/inst/core/scaled_shifted_reg[13][51]_i_2_n_0
    SLICE_X89Y46         CARRY4 (Prop_carry4_CI_O[1])
                                                      0.334     6.786 r  design_1_i/gemv_q8_0_dma_top_0/inst/core/scaled_shifted_reg[13][55]_i_2/O[1]
                         net (fo=4, routed)           1.249     8.034    design_1_i/gemv_q8_0_dma_top_0/inst/core/scaled_product_reg[13]__1[53]
    SLICE_X84Y62         LUT2 (Prop_lut2_I0_O)        0.303     8.337 r  design_1_i/gemv_q8_0_dma_top_0/inst/core/scaled_shifted[13][0]_i_54/O
                         net (fo=1, routed)           0.000     8.337    design_1_i/gemv_q8_0_dma_top_0/inst/core/scaled_shifted[13][0]_i_54_n_0
    SLICE_X84Y62         CARRY4 (Prop_carry4_S[1]_CO[3])
                                                      0.550     8.887 r  design_1_i/gemv_q8_0_dma_top_0/inst/core/scaled_shifted_reg[13][0]_i_29/CO[3]
                         net (fo=1, routed)           0.000     8.887    design_1_i/gemv_q8_0_dma_top_0/inst/core/scaled_shifted_reg[13][0]_i_29_n_0
    SLICE_X84Y63         CARRY4 (Prop_carry4_CI_O[3])
                                                      0.313     9.200 f  design_1_i/gemv_q8_0_dma_top_0/inst/core/scaled_shifted_reg[13][63]_i_31/O[3]
                         net (fo=6, routed)           0.700     9.900    design_1_i/gemv_q8_0_dma_top_0/inst/core/scaled_shifted_reg[13][63]_i_31_n_4
    SLICE_X83Y57         LUT6 (Prop_lut6_I0_O)        0.306    10.206 f  design_1_i/gemv_q8_0_dma_top_0/inst/core/scaled_shifted[13][0]_i_12/O
                         net (fo=3, routed)           0.682    10.888    design_1_i/gemv_q8_0_dma_top_0/inst/core/scaled_shifted[13][0]_i_12_n_0
    SLICE_X82Y55         LUT6 (Prop_lut6_I3_O)        0.124    11.012 f  design_1_i/gemv_q8_0_dma_top_0/inst/core/scaled_shifted[13][0]_i_5/O
                         net (fo=4, routed)           0.823    11.835    design_1_i/gemv_q8_0_dma_top_0/inst/core/scaled_shifted[13][0]_i_5_n_0
    SLICE_X85Y55         LUT6 (Prop_lut6_I0_O)        0.124    11.959 r  design_1_i/gemv_q8_0_dma_top_0/inst/core/scaled_shifted[13][0]_i_3/O
                         net (fo=2, routed)           0.491    12.450    design_1_i/gemv_q8_0_dma_top_0/inst/core/scaled_shifted[13][4]_i_5_n_0
    SLICE_X82Y58         CARRY4 (Prop_carry4_CYINIT_CO[3])
                                                      0.595    13.045 r  design_1_i/gemv_q8_0_dma_top_0/inst/core/scaled_shifted_reg[13][4]_i_3/CO[3]
                         net (fo=1, routed)           0.000    13.045    design_1_i/gemv_q8_0_dma_top_0/inst/core/scaled_shifted_reg[13][4]_i_3_n_0
    SLICE_X82Y59         CARRY4 (Prop_carry4_CI_CO[3])
                                                      0.117    13.162 r  design_1_i/gemv_q8_0_dma_top_0/inst/core/scaled_shifted_reg[13][8]_i_3/CO[3]
                         net (fo=1, routed)           0.000    13.162    design_1_i/gemv_q8_0_dma_top_0/inst/core/scaled_shifted_reg[13][8]_i_3_n_0
    SLICE_X82Y60         CARRY4 (Prop_carry4_CI_CO[3])
                                                      0.117    13.279 r  design_1_i/gemv_q8_0_dma_top_0/inst/core/scaled_shifted_reg[13][12]_i_3/CO[3]
                         net (fo=1, routed)           0.000    13.279    design_1_i/gemv_q8_0_dma_top_0/inst/core/scaled_shifted_reg[13][12]_i_3_n_0
    SLICE_X82Y61         CARRY4 (Prop_carry4_CI_CO[3])
                                                      0.117    13.396 r  design_1_i/gemv_q8_0_dma_top_0/inst/core/scaled_shifted_reg[13][16]_i_3/CO[3]
                         net (fo=1, routed)           0.000    13.396    design_1_i/gemv_q8_0_dma_top_0/inst/core/scaled_shifted_reg[13][16]_i_3_n_0
    SLICE_X82Y62         CARRY4 (Prop_carry4_CI_CO[3])
                                                      0.117    13.513 r  design_1_i/gemv_q8_0_dma_top_0/inst/core/scaled_shifted_reg[13][20]_i_3/CO[3]
                         net (fo=1, routed)           0.000    13.513    design_1_i/gemv_q8_0_dma_top_0/inst/core/scaled_shifted_reg[13][20]_i_3_n_0
    SLICE_X82Y63         CARRY4 (Prop_carry4_CI_CO[3])
                                                      0.117    13.630 r  design_1_i/gemv_q8_0_dma_top_0/inst/core/scaled_shifted_reg[13][24]_i_3/CO[3]
                         net (fo=1, routed)           0.000    13.630    design_1_i/gemv_q8_0_dma_top_0/inst/core/scaled_shifted_reg[13][24]_i_3_n_0
    SLICE_X82Y64         CARRY4 (Prop_carry4_CI_CO[3])
                                                      0.117    13.747 r  design_1_i/gemv_q8_0_dma_top_0/inst/core/scaled_shifted_reg[13][28]_i_3/CO[3]
                         net (fo=1, routed)           0.000    13.747    design_1_i/gemv_q8_0_dma_top_0/inst/core/scaled_shifted_reg[13][28]_i_3_n_0
    SLICE_X82Y65         CARRY4 (Prop_carry4_CI_CO[3])
                                                      0.117    13.864 r  design_1_i/gemv_q8_0_dma_top_0/inst/core/scaled_shifted_reg[13][32]_i_3/CO[3]
                         net (fo=1, routed)           0.000    13.864    design_1_i/gemv_q8_0_dma_top_0/inst/core/scaled_shifted_reg[13][32]_i_3_n_0
    SLICE_X82Y66         CARRY4 (Prop_carry4_CI_CO[3])
                                                      0.117    13.981 r  design_1_i/gemv_q8_0_dma_top_0/inst/core/scaled_shifted_reg[13][36]_i_3/CO[3]
                         net (fo=1, routed)           0.000    13.981    design_1_i/gemv_q8_0_dma_top_0/inst/core/scaled_shifted_reg[13][36]_i_3_n_0
    SLICE_X82Y67         CARRY4 (Prop_carry4_CI_CO[3])
                                                      0.117    14.098 r  design_1_i/gemv_q8_0_dma_top_0/inst/core/scaled_shifted_reg[13][40]_i_3/CO[3]
                         net (fo=1, routed)           0.000    14.098    design_1_i/gemv_q8_0_dma_top_0/inst/core/scaled_shifted_reg[13][40]_i_3_n_0
    SLICE_X82Y68         CARRY4 (Prop_carry4_CI_CO[3])
                                                      0.117    14.215 r  design_1_i/gemv_q8_0_dma_top_0/inst/core/scaled_shifted_reg[13][44]_i_3/CO[3]
                         net (fo=1, routed)           0.000    14.215    design_1_i/gemv_q8_0_dma_top_0/inst/core/scaled_shifted_reg[13][44]_i_3_n_0
    SLICE_X82Y69         CARRY4 (Prop_carry4_CI_CO[3])
                                                      0.117    14.332 r  design_1_i/gemv_q8_0_dma_top_0/inst/core/scaled_shifted_reg[13][46]_i_3/CO[3]
                         net (fo=1, routed)           0.000    14.332    design_1_i/gemv_q8_0_dma_top_0/inst/core/scaled_shifted_reg[13][46]_i_3_n_0
    SLICE_X82Y70         CARRY4 (Prop_carry4_CI_CO[3])
                                                      0.117    14.449 r  design_1_i/gemv_q8_0_dma_top_0/inst/core/scaled_shifted_reg[13][52]_i_4/CO[3]
                         net (fo=1, routed)           0.000    14.449    design_1_i/gemv_q8_0_dma_top_0/inst/core/scaled_shifted_reg[13][52]_i_4_n_0
    SLICE_X82Y71         CARRY4 (Prop_carry4_CI_O[0])
                                                      0.219    14.668 r  design_1_i/gemv_q8_0_dma_top_0/inst/core/scaled_shifted_reg[13][60]_i_5/O[0]
                         net (fo=1, routed)           0.598    15.267    design_1_i/gemv_q8_0_dma_top_0/inst/core/scaled_shifted_reg[13][60]_i_5_n_7
    SLICE_X83Y73         LUT5 (Prop_lut5_I3_O)        0.295    15.562 r  design_1_i/gemv_q8_0_dma_top_0/inst/core/scaled_shifted[13][53]_i_2/O
                         net (fo=1, routed)           0.641    16.203    design_1_i/gemv_q8_0_dma_top_0/inst/core/scaled_shifted[13][53]_i_2_n_0
    SLICE_X83Y74         LUT3 (Prop_lut3_I2_O)        0.124    16.327 r  design_1_i/gemv_q8_0_dma_top_0/inst/core/scaled_shifted[13][53]_i_1/O
                         net (fo=1, routed)           0.000    16.327    design_1_i/gemv_q8_0_dma_top_0/inst/core/scaled_shifted[13][53]_i_1_n_0
    SLICE_X83Y74         FDRE                                         r  design_1_i/gemv_q8_0_dma_top_0/inst/core/scaled_shifted_reg[13][53]/D
  -------------------------------------------------------------------    -------------------

                         (clock clk_fpga_0 rise edge)
                                                     12.999    12.999 r  
    PS7_X0Y0             PS7                          0.000    12.999 r  design_1_i/processing_system7_0/inst/PS7_i/FCLKCLK[0]
                         net (fo=1, routed)           1.088    14.087    design_1_i/processing_system7_0/inst/FCLK_CLK_unbuffered[0]
    BUFGCTRL_X0Y19       BUFG (Prop_bufg_I_O)         0.091    14.178 r  design_1_i/processing_system7_0/inst/buffer_fclk_clk_0.FCLK_CLK_0_BUFG_replica_2/O
                         net (fo=5, routed)           0.133    14.311    design_1_i/processing_system7_0/inst/FCLK_CLK0_repN_2
    BUFGCTRL_X0Y18       BUFG (Prop_bufg_I_O)         0.091    14.402 r  design_1_i/processing_system7_0/inst/buffer_fclk_clk_0.FCLK_CLK_0_BUFG_replica_1/O
                         net (fo=18, routed)          0.133    14.535    design_1_i/processing_system7_0/inst/FCLK_CLK0_repN_1
    BUFGCTRL_X0Y17       BUFG (Prop_bufg_I_O)         0.091    14.626 r  design_1_i/processing_system7_0/inst/buffer_fclk_clk_0.FCLK_CLK_0_BUFG_replica/O
                         net (fo=69, routed)          0.133    14.759    design_1_i/processing_system7_0/inst/FCLK_CLK0_repN
    BUFGCTRL_X0Y16       BUFG (Prop_bufg_I_O)         0.091    14.850 r  design_1_i/processing_system7_0/inst/buffer_fclk_clk_0.FCLK_CLK_0_BUFG/O
                         net (fo=18497, routed)       1.529    16.379    design_1_i/gemv_q8_0_dma_top_0/inst/core/S_AXI_ACLK
    SLICE_X83Y74         FDRE                                         r  design_1_i/gemv_q8_0_dma_top_0/inst/core/scaled_shifted_reg[13][53]/C
                         clock pessimism              0.184    16.563    
                         clock uncertainty           -0.198    16.365    
    SLICE_X83Y74         FDRE (Setup_fdre_C_D)        0.031    16.396    design_1_i/gemv_q8_0_dma_top_0/inst/core/scaled_shifted_reg[13][53]
  -------------------------------------------------------------------
                         required time                         16.396    
                         arrival time                         -16.327    
  -------------------------------------------------------------------
                         slack                                  0.069    

Slack (MET) :             0.069ns  (required time - arrival time)
  Source:                 <hidden>
                            (rising edge-triggered cell RAMB36E1 clocked by clk_fpga_0  {rise@0.000ns fall@6.499ns period=12.999ns})
  Destination:            design_1_i/gemv_q8_0_dma_top_0/inst/core/block_acc[4][16]_i_1_psdsp_3/D
                            (rising edge-triggered cell FDRE clocked by clk_fpga_0  {rise@0.000ns fall@6.499ns period=12.999ns})
  Path Group:             clk_fpga_0
  Path Type:              Setup (Max at Slow Process Corner)
  Requirement:            12.999ns  (clk_fpga_0 rise@12.999ns - clk_fpga_0 rise@0.000ns)
  Data Path Delay:        12.447ns  (logic 6.543ns (52.568%)  route 5.904ns (47.432%))
  Logic Levels:           3  (DSP48E1=1 LUT2=1 LUT3=1)
  Clock Path Skew:        -0.240ns (DCD - SCD + CPR)
    Destination Clock Delay (DCD):    3.454ns = ( 16.453 - 12.999 ) 
    Source Clock Delay      (SCD):    3.877ns
    Clock Pessimism Removal (CPR):    0.184ns
  Clock Uncertainty:      0.198ns  ((TSJ^2 + TIJ^2)^1/2 + DJ) / 2 + PE
    Total System Jitter     (TSJ):    0.071ns
    Total Input Jitter      (TIJ):    0.390ns
    Discrete Jitter          (DJ):    0.000ns
    Phase Error              (PE):    0.000ns

    Location             Delay type                Incr(ns)  Path(ns)    Netlist Resource(s)
  -------------------------------------------------------------------    -------------------
                         (clock clk_fpga_0 rise edge)
                                                      0.000     0.000 r  
    PS7_X0Y0             PS7                          0.000     0.000 r  design_1_i/processing_system7_0/inst/PS7_i/FCLKCLK[0]
                         net (fo=1, routed)           1.193     1.193    design_1_i/processing_system7_0/inst/FCLK_CLK_unbuffered[0]
    BUFGCTRL_X0Y19       BUFG (Prop_bufg_I_O)         0.101     1.294 r  design_1_i/processing_system7_0/inst/buffer_fclk_clk_0.FCLK_CLK_0_BUFG_replica_2/O
                         net (fo=5, routed)           0.146     1.440    design_1_i/processing_system7_0/inst/FCLK_CLK0_repN_2
    BUFGCTRL_X0Y18       BUFG (Prop_bufg_I_O)         0.101     1.541 r  design_1_i/processing_system7_0/inst/buffer_fclk_clk_0.FCLK_CLK_0_BUFG_replica_1/O
                         net (fo=18, routed)          0.146     1.687    design_1_i/processing_system7_0/inst/FCLK_CLK0_repN_1
    BUFGCTRL_X0Y17       BUFG (Prop_bufg_I_O)         0.101     1.788 r  design_1_i/processing_system7_0/inst/buffer_fclk_clk_0.FCLK_CLK_0_BUFG_replica/O
                         net (fo=69, routed)          0.146     1.934    design_1_i/processing_system7_0/inst/FCLK_CLK0_repN
    BUFGCTRL_X0Y16       BUFG (Prop_bufg_I_O)         0.101     2.035 r  design_1_i/processing_system7_0/inst/buffer_fclk_clk_0.FCLK_CLK_0_BUFG/O
                         net (fo=18497, routed)       1.842     3.877    <hidden>
    RAMB36_X4Y9          RAMB36E1                                     r  <hidden>
  -------------------------------------------------------------------    -------------------
    RAMB36_X4Y9          RAMB36E1 (Prop_ramb36e1_CLKBWRCLK_DOBDO[1])
                                                      2.454     6.331 r  <hidden>
                         net (fo=1, routed)           1.705     8.036    design_1_i/gemv_q8_0_dma_top_0/inst/core/INPUT_BRAM_DOUT[15]
    SLICE_X39Y43         LUT3 (Prop_lut3_I2_O)        0.124     8.160 r  design_1_i/gemv_q8_0_dma_top_0/inst/core/p_0_out_i_1/O
                         net (fo=60, routed)          0.930     9.090    design_1_i/gemv_q8_0_dma_top_0/inst/core/core_input_rd_data[15]
    DSP48_X2Y19          DSP48E1 (Prop_dsp48e1_A[16]_P[16])
                                                      3.841    12.931 r  design_1_i/gemv_q8_0_dma_top_0/inst/core/p_0_out__2/P[16]
                         net (fo=13, routed)          0.979    13.911    design_1_i/gemv_q8_0_dma_top_0/inst/core/p_0_out__2_n_89
    SLICE_X39Y43         LUT2 (Prop_lut2_I0_O)        0.124    14.035 r  design_1_i/gemv_q8_0_dma_top_0/inst/core/block_acc[4][16]_i_1/O
                         net (fo=12, routed)          2.289    16.324    design_1_i/gemv_q8_0_dma_top_0/inst/core/block_acc[4][16]_i_1_n_0
    SLICE_X92Y61         FDRE                                         r  design_1_i/gemv_q8_0_dma_top_0/inst/core/block_acc[4][16]_i_1_psdsp_3/D
  -------------------------------------------------------------------    -------------------

                         (clock clk_fpga_0 rise edge)
                                                     12.999    12.999 r  
    PS7_X0Y0             PS7                          0.000    12.999 r  design_1_i/processing_system7_0/inst/PS7_i/FCLKCLK[0]
                         net (fo=1, routed)           1.088    14.087    design_1_i/processing_system7_0/inst/FCLK_CLK_unbuffered[0]
    BUFGCTRL_X0Y19       BUFG (Prop_bufg_I_O)         0.091    14.178 r  design_1_i/processing_system7_0/inst/buffer_fclk_clk_0.FCLK_CLK_0_BUFG_replica_2/O
                         net (fo=5, routed)           0.133    14.311    design_1_i/processing_system7_0/inst/FCLK_CLK0_repN_2
    BUFGCTRL_X0Y18       BUFG (Prop_bufg_I_O)         0.091    14.402 r  design_1_i/processing_system7_0/inst/buffer_fclk_clk_0.FCLK_CLK_0_BUFG_replica_1/O
                         net (fo=18, routed)          0.133    14.535    design_1_i/processing_system7_0/inst/FCLK_CLK0_repN_1
    BUFGCTRL_X0Y17       BUFG (Prop_bufg_I_O)         0.091    14.626 r  design_1_i/processing_system7_0/inst/buffer_fclk_clk_0.FCLK_CLK_0_BUFG_replica/O
                         net (fo=69, routed)          0.133    14.759    design_1_i/processing_system7_0/inst/FCLK_CLK0_repN
    BUFGCTRL_X0Y16       BUFG (Prop_bufg_I_O)         0.091    14.850 r  design_1_i/processing_system7_0/inst/buffer_fclk_clk_0.FCLK_CLK_0_BUFG/O
                         net (fo=18497, routed)       1.603    16.453    design_1_i/gemv_q8_0_dma_top_0/inst/core/S_AXI_ACLK
    SLICE_X92Y61         FDRE                                         r  design_1_i/gemv_q8_0_dma_top_0/inst/core/block_acc[4][16]_i_1_psdsp_3/C
                         clock pessimism              0.184    16.637    
                         clock uncertainty           -0.198    16.439    
    SLICE_X92Y61         FDRE (Setup_fdre_C_D)       -0.045    16.394    design_1_i/gemv_q8_0_dma_top_0/inst/core/block_acc[4][16]_i_1_psdsp_3
  -------------------------------------------------------------------
                         required time                         16.394    
                         arrival time                         -16.324    
  -------------------------------------------------------------------
                         slack                                  0.069    

Slack (MET) :             0.072ns  (required time - arrival time)
  Source:                 design_1_i/gemv_q8_0_dma_top_0/inst/core/scaled_shifted[7][27]_i_4_psdsp/C
                            (rising edge-triggered cell FDRE clocked by clk_fpga_0  {rise@0.000ns fall@6.499ns period=12.999ns})
  Destination:            design_1_i/gemv_q8_0_dma_top_0/inst/core/scaled_shifted_reg[7][62]/D
                            (rising edge-triggered cell FDRE clocked by clk_fpga_0  {rise@0.000ns fall@6.499ns period=12.999ns})
  Path Group:             clk_fpga_0
  Path Type:              Setup (Max at Slow Process Corner)
  Requirement:            12.999ns  (clk_fpga_0 rise@12.999ns - clk_fpga_0 rise@0.000ns)
  Data Path Delay:        12.620ns  (logic 6.722ns (53.264%)  route 5.898ns (46.736%))
  Logic Levels:           33  (CARRY4=26 LUT2=1 LUT3=1 LUT5=1 LUT6=4)
  Clock Path Skew:        -0.189ns (DCD - SCD + CPR)
    Destination Clock Delay (DCD):    3.392ns = ( 16.391 - 12.999 ) 
    Source Clock Delay      (SCD):    3.765ns
    Clock Pessimism Removal (CPR):    0.184ns
  Clock Uncertainty:      0.198ns  ((TSJ^2 + TIJ^2)^1/2 + DJ) / 2 + PE
    Total System Jitter     (TSJ):    0.071ns
    Total Input Jitter      (TIJ):    0.390ns
    Discrete Jitter          (DJ):    0.000ns
    Phase Error              (PE):    0.000ns

    Location             Delay type                Incr(ns)  Path(ns)    Netlist Resource(s)
  -------------------------------------------------------------------    -------------------
                         (clock clk_fpga_0 rise edge)
                                                      0.000     0.000 r  
    PS7_X0Y0             PS7                          0.000     0.000 r  design_1_i/processing_system7_0/inst/PS7_i/FCLKCLK[0]
                         net (fo=1, routed)           1.193     1.193    design_1_i/processing_system7_0/inst/FCLK_CLK_unbuffered[0]
    BUFGCTRL_X0Y19       BUFG (Prop_bufg_I_O)         0.101     1.294 r  design_1_i/processing_system7_0/inst/buffer_fclk_clk_0.FCLK_CLK_0_BUFG_replica_2/O
                         net (fo=5, routed)           0.146     1.440    design_1_i/processing_system7_0/inst/FCLK_CLK0_repN_2
    BUFGCTRL_X0Y18       BUFG (Prop_bufg_I_O)         0.101     1.541 r  design_1_i/processing_system7_0/inst/buffer_fclk_clk_0.FCLK_CLK_0_BUFG_replica_1/O
                         net (fo=18, routed)          0.146     1.687    design_1_i/processing_system7_0/inst/FCLK_CLK0_repN_1
    BUFGCTRL_X0Y17       BUFG (Prop_bufg_I_O)         0.101     1.788 r  design_1_i/processing_system7_0/inst/buffer_fclk_clk_0.FCLK_CLK_0_BUFG_replica/O
                         net (fo=69, routed)          0.146     1.934    design_1_i/processing_system7_0/inst/FCLK_CLK0_repN
    BUFGCTRL_X0Y16       BUFG (Prop_bufg_I_O)         0.101     2.035 r  design_1_i/processing_system7_0/inst/buffer_fclk_clk_0.FCLK_CLK_0_BUFG/O
                         net (fo=18497, routed)       1.730     3.765    design_1_i/gemv_q8_0_dma_top_0/inst/core/S_AXI_ACLK
    SLICE_X59Y48         FDRE                                         r  design_1_i/gemv_q8_0_dma_top_0/inst/core/scaled_shifted[7][27]_i_4_psdsp/C
  -------------------------------------------------------------------    -------------------
    SLICE_X59Y48         FDRE (Prop_fdre_C_Q)         0.419     4.184 r  design_1_i/gemv_q8_0_dma_top_0/inst/core/scaled_shifted[7][27]_i_4_psdsp/Q
                         net (fo=2, routed)           0.719     4.903    design_1_i/gemv_q8_0_dma_top_0/inst/core/scaled_product_reg[7]__0_n_95
    SLICE_X58Y48         LUT2 (Prop_lut2_I0_O)        0.299     5.202 r  design_1_i/gemv_q8_0_dma_top_0/inst/core/scaled_shifted[7][27]_i_4/O
                         net (fo=1, routed)           0.000     5.202    design_1_i/gemv_q8_0_dma_top_0/inst/core/scaled_shifted[7][27]_i_4_n_0
    SLICE_X58Y48         CARRY4 (Prop_carry4_S[3]_CO[3])
                                                      0.376     5.578 r  design_1_i/gemv_q8_0_dma_top_0/inst/core/scaled_shifted_reg[7][27]_i_2/CO[3]
                         net (fo=1, routed)           0.000     5.578    design_1_i/gemv_q8_0_dma_top_0/inst/core/scaled_shifted_reg[7][27]_i_2_n_0
    SLICE_X58Y49         CARRY4 (Prop_carry4_CI_CO[3])
                                                      0.117     5.695 r  design_1_i/gemv_q8_0_dma_top_0/inst/core/scaled_shifted_reg[7][31]_i_2/CO[3]
                         net (fo=1, routed)           0.001     5.695    design_1_i/gemv_q8_0_dma_top_0/inst/core/scaled_shifted_reg[7][31]_i_2_n_0
    SLICE_X58Y50         CARRY4 (Prop_carry4_CI_CO[3])
                                                      0.117     5.812 r  design_1_i/gemv_q8_0_dma_top_0/inst/core/scaled_shifted_reg[7][35]_i_2/CO[3]
                         net (fo=1, routed)           0.000     5.812    design_1_i/gemv_q8_0_dma_top_0/inst/core/scaled_shifted_reg[7][35]_i_2_n_0
    SLICE_X58Y51         CARRY4 (Prop_carry4_CI_CO[3])
                                                      0.117     5.929 r  design_1_i/gemv_q8_0_dma_top_0/inst/core/scaled_shifted_reg[7][39]_i_2/CO[3]
                         net (fo=1, routed)           0.000     5.929    design_1_i/gemv_q8_0_dma_top_0/inst/core/scaled_shifted_reg[7][39]_i_2_n_0
    SLICE_X58Y52         CARRY4 (Prop_carry4_CI_CO[3])
                                                      0.117     6.046 r  design_1_i/gemv_q8_0_dma_top_0/inst/core/scaled_shifted_reg[7][43]_i_2/CO[3]
                         net (fo=1, routed)           0.000     6.046    design_1_i/gemv_q8_0_dma_top_0/inst/core/scaled_shifted_reg[7][43]_i_2_n_0
    SLICE_X58Y53         CARRY4 (Prop_carry4_CI_CO[3])
                                                      0.117     6.163 r  design_1_i/gemv_q8_0_dma_top_0/inst/core/scaled_shifted_reg[7][47]_i_2/CO[3]
                         net (fo=1, routed)           0.000     6.163    design_1_i/gemv_q8_0_dma_top_0/inst/core/scaled_shifted_reg[7][47]_i_2_n_0
    SLICE_X58Y54         CARRY4 (Prop_carry4_CI_CO[3])
                                                      0.117     6.280 r  design_1_i/gemv_q8_0_dma_top_0/inst/core/scaled_shifted_reg[7][51]_i_2/CO[3]
                         net (fo=1, routed)           0.000     6.280    design_1_i/gemv_q8_0_dma_top_0/inst/core/scaled_shifted_reg[7][51]_i_2_n_0
    SLICE_X58Y55         CARRY4 (Prop_carry4_CI_CO[3])
                                                      0.117     6.397 r  design_1_i/gemv_q8_0_dma_top_0/inst/core/scaled_shifted_reg[7][55]_i_2/CO[3]
                         net (fo=1, routed)           0.000     6.397    design_1_i/gemv_q8_0_dma_top_0/inst/core/scaled_shifted_reg[7][55]_i_2_n_0
    SLICE_X58Y56         CARRY4 (Prop_carry4_CI_O[1])
                                                      0.323     6.720 r  design_1_i/gemv_q8_0_dma_top_0/inst/core/scaled_shifted_reg[7][59]_i_2/O[1]
                         net (fo=5, routed)           1.255     7.976    design_1_i/gemv_q8_0_dma_top_0/inst/core/scaled_product_reg[7]__1[57]
    SLICE_X61Y70         LUT5 (Prop_lut5_I0_O)        0.306     8.282 r  design_1_i/gemv_q8_0_dma_top_0/inst/core/scaled_shifted[7][63]_i_49/O
                         net (fo=1, routed)           0.000     8.282    design_1_i/gemv_q8_0_dma_top_0/inst/core/scaled_shifted[7][63]_i_49_n_0
    SLICE_X61Y70         CARRY4 (Prop_carry4_S[1]_O[3])
                                                      0.640     8.922 f  design_1_i/gemv_q8_0_dma_top_0/inst/core/scaled_shifted_reg[7][63]_i_31/O[3]
                         net (fo=6, routed)           0.639     9.561    design_1_i/gemv_q8_0_dma_top_0/inst/core/scaled_shifted_reg[7][63]_i_31_n_4
    SLICE_X64Y66         LUT6 (Prop_lut6_I0_O)        0.306     9.867 f  design_1_i/gemv_q8_0_dma_top_0/inst/core/scaled_shifted[7][0]_i_12/O
                         net (fo=3, routed)           0.992    10.859    design_1_i/gemv_q8_0_dma_top_0/inst/core/scaled_shifted[7][0]_i_12_n_0
    SLICE_X67Y72         LUT6 (Prop_lut6_I3_O)        0.124    10.983 f  design_1_i/gemv_q8_0_dma_top_0/inst/core/scaled_shifted[7][0]_i_5/O
                         net (fo=4, routed)           0.674    11.657    design_1_i/gemv_q8_0_dma_top_0/inst/core/scaled_shifted[7][0]_i_5_n_0
    SLICE_X67Y74         LUT6 (Prop_lut6_I0_O)        0.124    11.781 r  design_1_i/gemv_q8_0_dma_top_0/inst/core/scaled_shifted[7][0]_i_3/O
                         net (fo=2, routed)           0.665    12.446    design_1_i/gemv_q8_0_dma_top_0/inst/core/scaled_shifted[7][4]_i_5_n_0
    SLICE_X66Y78         CARRY4 (Prop_carry4_CYINIT_CO[3])
                                                      0.595    13.041 r  design_1_i/gemv_q8_0_dma_top_0/inst/core/scaled_shifted_reg[7][4]_i_3/CO[3]
                         net (fo=1, routed)           0.000    13.041    design_1_i/gemv_q8_0_dma_top_0/inst/core/scaled_shifted_reg[7][4]_i_3_n_0
    SLICE_X66Y79         CARRY4 (Prop_carry4_CI_CO[3])
                                                      0.117    13.158 r  design_1_i/gemv_q8_0_dma_top_0/inst/core/scaled_shifted_reg[7][8]_i_3/CO[3]
                         net (fo=1, routed)           0.000    13.158    design_1_i/gemv_q8_0_dma_top_0/inst/core/scaled_shifted_reg[7][8]_i_3_n_0
    SLICE_X66Y80         CARRY4 (Prop_carry4_CI_CO[3])
                                                      0.117    13.275 r  design_1_i/gemv_q8_0_dma_top_0/inst/core/scaled_shifted_reg[7][12]_i_3/CO[3]
                         net (fo=1, routed)           0.000    13.275    design_1_i/gemv_q8_0_dma_top_0/inst/core/scaled_shifted_reg[7][12]_i_3_n_0
    SLICE_X66Y81         CARRY4 (Prop_carry4_CI_CO[3])
                                                      0.117    13.392 r  design_1_i/gemv_q8_0_dma_top_0/inst/core/scaled_shifted_reg[7][16]_i_3/CO[3]
                         net (fo=1, routed)           0.000    13.392    design_1_i/gemv_q8_0_dma_top_0/inst/core/scaled_shifted_reg[7][16]_i_3_n_0
    SLICE_X66Y82         CARRY4 (Prop_carry4_CI_CO[3])
                                                      0.117    13.509 r  design_1_i/gemv_q8_0_dma_top_0/inst/core/scaled_shifted_reg[7][20]_i_3/CO[3]
                         net (fo=1, routed)           0.000    13.509    design_1_i/gemv_q8_0_dma_top_0/inst/core/scaled_shifted_reg[7][20]_i_3_n_0
    SLICE_X66Y83         CARRY4 (Prop_carry4_CI_CO[3])
                                                      0.117    13.626 r  design_1_i/gemv_q8_0_dma_top_0/inst/core/scaled_shifted_reg[7][24]_i_3/CO[3]
                         net (fo=1, routed)           0.000    13.626    design_1_i/gemv_q8_0_dma_top_0/inst/core/scaled_shifted_reg[7][24]_i_3_n_0
    SLICE_X66Y84         CARRY4 (Prop_carry4_CI_CO[3])
                                                      0.117    13.743 r  design_1_i/gemv_q8_0_dma_top_0/inst/core/scaled_shifted_reg[7][28]_i_3/CO[3]
                         net (fo=1, routed)           0.000    13.743    design_1_i/gemv_q8_0_dma_top_0/inst/core/scaled_shifted_reg[7][28]_i_3_n_0
    SLICE_X66Y85         CARRY4 (Prop_carry4_CI_CO[3])
                                                      0.117    13.860 r  design_1_i/gemv_q8_0_dma_top_0/inst/core/scaled_shifted_reg[7][32]_i_3/CO[3]
                         net (fo=1, routed)           0.000    13.860    design_1_i/gemv_q8_0_dma_top_0/inst/core/scaled_shifted_reg[7][32]_i_3_n_0
    SLICE_X66Y86         CARRY4 (Prop_carry4_CI_CO[3])
                                                      0.117    13.977 r  design_1_i/gemv_q8_0_dma_top_0/inst/core/scaled_shifted_reg[7][36]_i_3/CO[3]
                         net (fo=1, routed)           0.000    13.977    design_1_i/gemv_q8_0_dma_top_0/inst/core/scaled_shifted_reg[7][36]_i_3_n_0
    SLICE_X66Y87         CARRY4 (Prop_carry4_CI_CO[3])
                                                      0.117    14.094 r  design_1_i/gemv_q8_0_dma_top_0/inst/core/scaled_shifted_reg[7][40]_i_3/CO[3]
                         net (fo=1, routed)           0.000    14.094    design_1_i/gemv_q8_0_dma_top_0/inst/core/scaled_shifted_reg[7][40]_i_3_n_0
    SLICE_X66Y88         CARRY4 (Prop_carry4_CI_CO[3])
                                                      0.117    14.211 r  design_1_i/gemv_q8_0_dma_top_0/inst/core/scaled_shifted_reg[7][44]_i_3/CO[3]
                         net (fo=1, routed)           0.000    14.211    design_1_i/gemv_q8_0_dma_top_0/inst/core/scaled_shifted_reg[7][44]_i_3_n_0
    SLICE_X66Y89         CARRY4 (Prop_carry4_CI_CO[3])
                                                      0.117    14.328 r  design_1_i/gemv_q8_0_dma_top_0/inst/core/scaled_shifted_reg[7][46]_i_3/CO[3]
                         net (fo=1, routed)           0.000    14.328    design_1_i/gemv_q8_0_dma_top_0/inst/core/scaled_shifted_reg[7][46]_i_3_n_0
    SLICE_X66Y90         CARRY4 (Prop_carry4_CI_CO[3])
                                                      0.117    14.445 r  design_1_i/gemv_q8_0_dma_top_0/inst/core/scaled_shifted_reg[7][52]_i_4/CO[3]
                         net (fo=1, routed)           0.000    14.445    design_1_i/gemv_q8_0_dma_top_0/inst/core/scaled_shifted_reg[7][52]_i_4_n_0
    SLICE_X66Y91         CARRY4 (Prop_carry4_CI_CO[3])
                                                      0.117    14.562 r  design_1_i/gemv_q8_0_dma_top_0/inst/core/scaled_shifted_reg[7][60]_i_5/CO[3]
                         net (fo=1, routed)           0.000    14.562    design_1_i/gemv_q8_0_dma_top_0/inst/core/scaled_shifted_reg[7][60]_i_5_n_0
    SLICE_X66Y92         CARRY4 (Prop_carry4_CI_CO[3])
                                                      0.117    14.679 r  design_1_i/gemv_q8_0_dma_top_0/inst/core/scaled_shifted_reg[7][60]_i_3/CO[3]
                         net (fo=1, routed)           0.000    14.679    design_1_i/gemv_q8_0_dma_top_0/inst/core/scaled_shifted_reg[7][60]_i_3_n_0
    SLICE_X66Y93         CARRY4 (Prop_carry4_CI_O[1])
                                                      0.323    15.002 r  design_1_i/gemv_q8_0_dma_top_0/inst/core/scaled_shifted_reg[7][63]_i_4/O[1]
                         net (fo=1, routed)           0.459    15.462    design_1_i/gemv_q8_0_dma_top_0/inst/core/scaled_shifted_reg[7][63]_i_4_n_6
    SLICE_X66Y96         LUT6 (Prop_lut6_I4_O)        0.306    15.768 r  design_1_i/gemv_q8_0_dma_top_0/inst/core/scaled_shifted[7][62]_i_2/O
                         net (fo=1, routed)           0.493    16.261    design_1_i/gemv_q8_0_dma_top_0/inst/core/scaled_shifted[7][62]_i_2_n_0
    SLICE_X66Y96         LUT3 (Prop_lut3_I2_O)        0.124    16.385 r  design_1_i/gemv_q8_0_dma_top_0/inst/core/scaled_shifted[7][62]_i_1/O
                         net (fo=1, routed)           0.000    16.385    design_1_i/gemv_q8_0_dma_top_0/inst/core/round_shift_i64__1[62]
    SLICE_X66Y96         FDRE                                         r  design_1_i/gemv_q8_0_dma_top_0/inst/core/scaled_shifted_reg[7][62]/D
  -------------------------------------------------------------------    -------------------

                         (clock clk_fpga_0 rise edge)
                                                     12.999    12.999 r  
    PS7_X0Y0             PS7                          0.000    12.999 r  design_1_i/processing_system7_0/inst/PS7_i/FCLKCLK[0]
                         net (fo=1, routed)           1.088    14.087    design_1_i/processing_system7_0/inst/FCLK_CLK_unbuffered[0]
    BUFGCTRL_X0Y19       BUFG (Prop_bufg_I_O)         0.091    14.178 r  design_1_i/processing_system7_0/inst/buffer_fclk_clk_0.FCLK_CLK_0_BUFG_replica_2/O
                         net (fo=5, routed)           0.133    14.311    design_1_i/processing_system7_0/inst/FCLK_CLK0_repN_2
    BUFGCTRL_X0Y18       BUFG (Prop_bufg_I_O)         0.091    14.402 r  design_1_i/processing_system7_0/inst/buffer_fclk_clk_0.FCLK_CLK_0_BUFG_replica_1/O
                         net (fo=18, routed)          0.133    14.535    design_1_i/processing_system7_0/inst/FCLK_CLK0_repN_1
    BUFGCTRL_X0Y17       BUFG (Prop_bufg_I_O)         0.091    14.626 r  design_1_i/processing_system7_0/inst/buffer_fclk_clk_0.FCLK_CLK_0_BUFG_replica/O
                         net (fo=69, routed)          0.133    14.759    design_1_i/processing_system7_0/inst/FCLK_CLK0_repN
    BUFGCTRL_X0Y16       BUFG (Prop_bufg_I_O)         0.091    14.850 r  design_1_i/processing_system7_0/inst/buffer_fclk_clk_0.FCLK_CLK_0_BUFG/O
                         net (fo=18497, routed)       1.541    16.391    design_1_i/gemv_q8_0_dma_top_0/inst/core/S_AXI_ACLK
    SLICE_X66Y96         FDRE                                         r  design_1_i/gemv_q8_0_dma_top_0/inst/core/scaled_shifted_reg[7][62]/C
                         clock pessimism              0.184    16.575    
                         clock uncertainty           -0.198    16.377    
    SLICE_X66Y96         FDRE (Setup_fdre_C_D)        0.081    16.458    design_1_i/gemv_q8_0_dma_top_0/inst/core/scaled_shifted_reg[7][62]
  -------------------------------------------------------------------
                         required time                         16.458    
                         arrival time                         -16.385    
  -------------------------------------------------------------------
                         slack                                  0.072    

Slack (MET) :             0.074ns  (required time - arrival time)
  Source:                 design_1_i/gemv_q8_0_dma_top_0/inst/core/scaled_shifted[1][27]_i_7_psdsp/C
                            (rising edge-triggered cell FDRE clocked by clk_fpga_0  {rise@0.000ns fall@6.499ns period=12.999ns})
  Destination:            design_1_i/gemv_q8_0_dma_top_0/inst/core/scaled_shifted_reg[1][57]/D
                            (rising edge-triggered cell FDRE clocked by clk_fpga_0  {rise@0.000ns fall@6.499ns period=12.999ns})
  Path Group:             clk_fpga_0
  Path Type:              Setup (Max at Slow Process Corner)
  Requirement:            12.999ns  (clk_fpga_0 rise@12.999ns - clk_fpga_0 rise@0.000ns)
  Data Path Delay:        12.661ns  (logic 6.701ns (52.924%)  route 5.960ns (47.075%))
  Logic Levels:           33  (CARRY4=26 LUT2=2 LUT3=1 LUT5=1 LUT6=3)
  Clock Path Skew:        -0.183ns (DCD - SCD + CPR)
    Destination Clock Delay (DCD):    3.454ns = ( 16.453 - 12.999 ) 
    Source Clock Delay      (SCD):    3.821ns
    Clock Pessimism Removal (CPR):    0.184ns
  Clock Uncertainty:      0.198ns  ((TSJ^2 + TIJ^2)^1/2 + DJ) / 2 + PE
    Total System Jitter     (TSJ):    0.071ns
    Total Input Jitter      (TIJ):    0.390ns
    Discrete Jitter          (DJ):    0.000ns
    Phase Error              (PE):    0.000ns

    Location             Delay type                Incr(ns)  Path(ns)    Netlist Resource(s)
  -------------------------------------------------------------------    -------------------
                         (clock clk_fpga_0 rise edge)
                                                      0.000     0.000 r  
    PS7_X0Y0             PS7                          0.000     0.000 r  design_1_i/processing_system7_0/inst/PS7_i/FCLKCLK[0]
                         net (fo=1, routed)           1.193     1.193    design_1_i/processing_system7_0/inst/FCLK_CLK_unbuffered[0]
    BUFGCTRL_X0Y19       BUFG (Prop_bufg_I_O)         0.101     1.294 r  design_1_i/processing_system7_0/inst/buffer_fclk_clk_0.FCLK_CLK_0_BUFG_replica_2/O
                         net (fo=5, routed)           0.146     1.440    design_1_i/processing_system7_0/inst/FCLK_CLK0_repN_2
    BUFGCTRL_X0Y18       BUFG (Prop_bufg_I_O)         0.101     1.541 r  design_1_i/processing_system7_0/inst/buffer_fclk_clk_0.FCLK_CLK_0_BUFG_replica_1/O
                         net (fo=18, routed)          0.146     1.687    design_1_i/processing_system7_0/inst/FCLK_CLK0_repN_1
    BUFGCTRL_X0Y17       BUFG (Prop_bufg_I_O)         0.101     1.788 r  design_1_i/processing_system7_0/inst/buffer_fclk_clk_0.FCLK_CLK_0_BUFG_replica/O
                         net (fo=69, routed)          0.146     1.934    design_1_i/processing_system7_0/inst/FCLK_CLK0_repN
    BUFGCTRL_X0Y16       BUFG (Prop_bufg_I_O)         0.101     2.035 r  design_1_i/processing_system7_0/inst/buffer_fclk_clk_0.FCLK_CLK_0_BUFG/O
                         net (fo=18497, routed)       1.786     3.821    design_1_i/gemv_q8_0_dma_top_0/inst/core/S_AXI_ACLK
    SLICE_X91Y28         FDRE                                         r  design_1_i/gemv_q8_0_dma_top_0/inst/core/scaled_shifted[1][27]_i_7_psdsp/C
  -------------------------------------------------------------------    -------------------
    SLICE_X91Y28         FDRE (Prop_fdre_C_Q)         0.456     4.277 r  design_1_i/gemv_q8_0_dma_top_0/inst/core/scaled_shifted[1][27]_i_7_psdsp/Q
                         net (fo=2, routed)           0.663     4.940    design_1_i/gemv_q8_0_dma_top_0/inst/core/scaled_product_reg[1]__0_n_98
    SLICE_X93Y29         LUT2 (Prop_lut2_I0_O)        0.124     5.064 r  design_1_i/gemv_q8_0_dma_top_0/inst/core/scaled_shifted[1][27]_i_7/O
                         net (fo=1, routed)           0.000     5.064    design_1_i/gemv_q8_0_dma_top_0/inst/core/scaled_shifted[1][27]_i_7_n_0
    SLICE_X93Y29         CARRY4 (Prop_carry4_S[0]_CO[3])
                                                      0.532     5.596 r  design_1_i/gemv_q8_0_dma_top_0/inst/core/scaled_shifted_reg[1][27]_i_2/CO[3]
                         net (fo=1, routed)           0.000     5.596    design_1_i/gemv_q8_0_dma_top_0/inst/core/scaled_shifted_reg[1][27]_i_2_n_0
    SLICE_X93Y30         CARRY4 (Prop_carry4_CI_CO[3])
                                                      0.114     5.710 r  design_1_i/gemv_q8_0_dma_top_0/inst/core/scaled_shifted_reg[1][31]_i_2/CO[3]
                         net (fo=1, routed)           0.000     5.710    design_1_i/gemv_q8_0_dma_top_0/inst/core/scaled_shifted_reg[1][31]_i_2_n_0
    SLICE_X93Y31         CARRY4 (Prop_carry4_CI_CO[3])
                                                      0.114     5.824 r  design_1_i/gemv_q8_0_dma_top_0/inst/core/scaled_shifted_reg[1][35]_i_2/CO[3]
                         net (fo=1, routed)           0.000     5.824    design_1_i/gemv_q8_0_dma_top_0/inst/core/scaled_shifted_reg[1][35]_i_2_n_0
    SLICE_X93Y32         CARRY4 (Prop_carry4_CI_O[1])
                                                      0.334     6.158 r  design_1_i/gemv_q8_0_dma_top_0/inst/core/scaled_shifted_reg[1][39]_i_2/O[1]
                         net (fo=4, routed)           1.334     7.492    design_1_i/gemv_q8_0_dma_top_0/inst/core/scaled_product_reg[1]__1[37]
    SLICE_X90Y58         LUT2 (Prop_lut2_I0_O)        0.303     7.795 r  design_1_i/gemv_q8_0_dma_top_0/inst/core/scaled_shifted[1][0]_i_82/O
                         net (fo=1, routed)           0.000     7.795    design_1_i/gemv_q8_0_dma_top_0/inst/core/scaled_shifted[1][0]_i_82_n_0
    SLICE_X90Y58         CARRY4 (Prop_carry4_S[1]_CO[3])
                                                      0.533     8.328 r  design_1_i/gemv_q8_0_dma_top_0/inst/core/scaled_shifted_reg[1][0]_i_31/CO[3]
                         net (fo=1, routed)           0.000     8.328    design_1_i/gemv_q8_0_dma_top_0/inst/core/scaled_shifted_reg[1][0]_i_31_n_0
    SLICE_X90Y59         CARRY4 (Prop_carry4_CI_CO[3])
                                                      0.117     8.445 r  design_1_i/gemv_q8_0_dma_top_0/inst/core/scaled_shifted_reg[1][0]_i_34/CO[3]
                         net (fo=1, routed)           0.000     8.445    design_1_i/gemv_q8_0_dma_top_0/inst/core/scaled_shifted_reg[1][0]_i_34_n_0
    SLICE_X90Y60         CARRY4 (Prop_carry4_CI_CO[3])
                                                      0.117     8.562 r  design_1_i/gemv_q8_0_dma_top_0/inst/core/scaled_shifted_reg[1][0]_i_27/CO[3]
                         net (fo=1, routed)           0.000     8.562    design_1_i/gemv_q8_0_dma_top_0/inst/core/scaled_shifted_reg[1][0]_i_27_n_0
    SLICE_X90Y61         CARRY4 (Prop_carry4_CI_CO[3])
                                                      0.117     8.679 r  design_1_i/gemv_q8_0_dma_top_0/inst/core/scaled_shifted_reg[1][0]_i_36/CO[3]
                         net (fo=1, routed)           0.000     8.679    design_1_i/gemv_q8_0_dma_top_0/inst/core/scaled_shifted_reg[1][0]_i_36_n_0
    SLICE_X90Y62         CARRY4 (Prop_carry4_CI_CO[3])
                                                      0.117     8.796 r  design_1_i/gemv_q8_0_dma_top_0/inst/core/scaled_shifted_reg[1][0]_i_29/CO[3]
                         net (fo=1, routed)           0.000     8.796    design_1_i/gemv_q8_0_dma_top_0/inst/core/scaled_shifted_reg[1][0]_i_29_n_0
    SLICE_X90Y63         CARRY4 (Prop_carry4_CI_CO[3])
                                                      0.117     8.913 r  design_1_i/gemv_q8_0_dma_top_0/inst/core/scaled_shifted_reg[1][63]_i_40/CO[3]
                         net (fo=1, routed)           0.000     8.913    design_1_i/gemv_q8_0_dma_top_0/inst/core/scaled_shifted_reg[1][63]_i_40_n_0
    SLICE_X90Y64         CARRY4 (Prop_carry4_CI_O[3])
                                                      0.315     9.228 f  design_1_i/gemv_q8_0_dma_top_0/inst/core/scaled_shifted_reg[1][63]_i_28/O[3]
                         net (fo=64, routed)          0.865    10.093    design_1_i/gemv_q8_0_dma_top_0/inst/core/scaled_shifted_reg[1][63]_i_28_n_4
    SLICE_X92Y58         LUT6 (Prop_lut6_I0_O)        0.307    10.400 f  design_1_i/gemv_q8_0_dma_top_0/inst/core/scaled_shifted[1][0]_i_10/O
                         net (fo=4, routed)           0.320    10.720    design_1_i/gemv_q8_0_dma_top_0/inst/core/scaled_shifted[1][0]_i_10_n_0
    SLICE_X92Y57         LUT6 (Prop_lut6_I0_O)        0.124    10.844 f  design_1_i/gemv_q8_0_dma_top_0/inst/core/scaled_shifted[1][0]_i_5/O
                         net (fo=4, routed)           1.053    11.897    design_1_i/gemv_q8_0_dma_top_0/inst/core/scaled_shifted[1][0]_i_5_n_0
    SLICE_X91Y68         LUT6 (Prop_lut6_I0_O)        0.124    12.021 r  design_1_i/gemv_q8_0_dma_top_0/inst/core/scaled_shifted[1][0]_i_3/O
                         net (fo=2, routed)           0.627    12.647    design_1_i/gemv_q8_0_dma_top_0/inst/core/scaled_shifted[1][4]_i_5_n_0
    SLICE_X91Y73         CARRY4 (Prop_carry4_CYINIT_CO[3])
                                                      0.580    13.227 r  design_1_i/gemv_q8_0_dma_top_0/inst/core/scaled_shifted_reg[1][4]_i_3/CO[3]
                         net (fo=1, routed)           0.000    13.227    design_1_i/gemv_q8_0_dma_top_0/inst/core/scaled_shifted_reg[1][4]_i_3_n_0
    SLICE_X91Y74         CARRY4 (Prop_carry4_CI_CO[3])
                                                      0.114    13.341 r  design_1_i/gemv_q8_0_dma_top_0/inst/core/scaled_shifted_reg[1][8]_i_3/CO[3]
                         net (fo=1, routed)           0.009    13.350    design_1_i/gemv_q8_0_dma_top_0/inst/core/scaled_shifted_reg[1][8]_i_3_n_0
    SLICE_X91Y75         CARRY4 (Prop_carry4_CI_CO[3])
                                                      0.114    13.464 r  design_1_i/gemv_q8_0_dma_top_0/inst/core/scaled_shifted_reg[1][12]_i_3/CO[3]
                         net (fo=1, routed)           0.000    13.464    design_1_i/gemv_q8_0_dma_top_0/inst/core/scaled_shifted_reg[1][12]_i_3_n_0
    SLICE_X91Y76         CARRY4 (Prop_carry4_CI_CO[3])
                                                      0.114    13.578 r  design_1_i/gemv_q8_0_dma_top_0/inst/core/scaled_shifted_reg[1][16]_i_3/CO[3]
                         net (fo=1, routed)           0.000    13.578    design_1_i/gemv_q8_0_dma_top_0/inst/core/scaled_shifted_reg[1][16]_i_3_n_0
    SLICE_X91Y77         CARRY4 (Prop_carry4_CI_CO[3])
                                                      0.114    13.692 r  design_1_i/gemv_q8_0_dma_top_0/inst/core/scaled_shifted_reg[1][20]_i_3/CO[3]
                         net (fo=1, routed)           0.000    13.692    design_1_i/gemv_q8_0_dma_top_0/inst/core/scaled_shifted_reg[1][20]_i_3_n_0
    SLICE_X91Y78         CARRY4 (Prop_carry4_CI_CO[3])
                                                      0.114    13.806 r  design_1_i/gemv_q8_0_dma_top_0/inst/core/scaled_shifted_reg[1][24]_i_3/CO[3]
                         net (fo=1, routed)           0.000    13.806    design_1_i/gemv_q8_0_dma_top_0/inst/core/scaled_shifted_reg[1][24]_i_3_n_0
    SLICE_X91Y79         CARRY4 (Prop_carry4_CI_CO[3])
                                                      0.114    13.920 r  design_1_i/gemv_q8_0_dma_top_0/inst/core/scaled_shifted_reg[1][28]_i_3/CO[3]
                         net (fo=1, routed)           0.000    13.920    design_1_i/gemv_q8_0_dma_top_0/inst/core/scaled_shifted_reg[1][28]_i_3_n_0
    SLICE_X91Y80         CARRY4 (Prop_carry4_CI_CO[3])
                                                      0.114    14.034 r  design_1_i/gemv_q8_0_dma_top_0/inst/core/scaled_shifted_reg[1][32]_i_3/CO[3]
                         net (fo=1, routed)           0.000    14.034    design_1_i/gemv_q8_0_dma_top_0/inst/core/scaled_shifted_reg[1][32]_i_3_n_0
    SLICE_X91Y81         CARRY4 (Prop_carry4_CI_CO[3])
                                                      0.114    14.148 r  design_1_i/gemv_q8_0_dma_top_0/inst/core/scaled_shifted_reg[1][36]_i_3/CO[3]
                         net (fo=1, routed)           0.000    14.148    design_1_i/gemv_q8_0_dma_top_0/inst/core/scaled_shifted_reg[1][36]_i_3_n_0
    SLICE_X91Y82         CARRY4 (Prop_carry4_CI_CO[3])
                                                      0.114    14.262 r  design_1_i/gemv_q8_0_dma_top_0/inst/core/scaled_shifted_reg[1][40]_i_3/CO[3]
                         net (fo=1, routed)           0.000    14.262    design_1_i/gemv_q8_0_dma_top_0/inst/core/scaled_shifted_reg[1][40]_i_3_n_0
    SLICE_X91Y83         CARRY4 (Prop_carry4_CI_CO[3])
                                                      0.114    14.376 r  design_1_i/gemv_q8_0_dma_top_0/inst/core/scaled_shifted_reg[1][44]_i_3/CO[3]
                         net (fo=1, routed)           0.000    14.376    design_1_i/gemv_q8_0_dma_top_0/inst/core/scaled_shifted_reg[1][44]_i_3_n_0
    SLICE_X91Y84         CARRY4 (Prop_carry4_CI_CO[3])
                                                      0.114    14.490 r  design_1_i/gemv_q8_0_dma_top_0/inst/core/scaled_shifted_reg[1][46]_i_3/CO[3]
                         net (fo=1, routed)           0.000    14.490    design_1_i/gemv_q8_0_dma_top_0/inst/core/scaled_shifted_reg[1][46]_i_3_n_0
    SLICE_X91Y85         CARRY4 (Prop_carry4_CI_CO[3])
                                                      0.114    14.604 r  design_1_i/gemv_q8_0_dma_top_0/inst/core/scaled_shifted_reg[1][52]_i_4/CO[3]
                         net (fo=1, routed)           0.000    14.604    design_1_i/gemv_q8_0_dma_top_0/inst/core/scaled_shifted_reg[1][52]_i_4_n_0
    SLICE_X91Y86         CARRY4 (Prop_carry4_CI_CO[3])
                                                      0.114    14.718 r  design_1_i/gemv_q8_0_dma_top_0/inst/core/scaled_shifted_reg[1][60]_i_5/CO[3]
                         net (fo=1, routed)           0.000    14.718    design_1_i/gemv_q8_0_dma_top_0/inst/core/scaled_shifted_reg[1][60]_i_5_n_0
    SLICE_X91Y87         CARRY4 (Prop_carry4_CI_O[0])
                                                      0.222    14.940 r  design_1_i/gemv_q8_0_dma_top_0/inst/core/scaled_shifted_reg[1][60]_i_3/O[0]
                         net (fo=1, routed)           0.435    15.375    design_1_i/gemv_q8_0_dma_top_0/inst/core/p_1_in[57]
    SLICE_X91Y90         LUT5 (Prop_lut5_I3_O)        0.299    15.674 r  design_1_i/gemv_q8_0_dma_top_0/inst/core/scaled_shifted[1][57]_i_2/O
                         net (fo=1, routed)           0.655    16.329    design_1_i/gemv_q8_0_dma_top_0/inst/core/scaled_shifted[1][57]_i_2_n_0
    SLICE_X90Y90         LUT3 (Prop_lut3_I2_O)        0.153    16.482 r  design_1_i/gemv_q8_0_dma_top_0/inst/core/scaled_shifted[1][57]_i_1/O
                         net (fo=1, routed)           0.000    16.482    design_1_i/gemv_q8_0_dma_top_0/inst/core/scaled_shifted[1][57]_i_1_n_0
    SLICE_X90Y90         FDRE                                         r  design_1_i/gemv_q8_0_dma_top_0/inst/core/scaled_shifted_reg[1][57]/D
  -------------------------------------------------------------------    -------------------

                         (clock clk_fpga_0 rise edge)
                                                     12.999    12.999 r  
    PS7_X0Y0             PS7                          0.000    12.999 r  design_1_i/processing_system7_0/inst/PS7_i/FCLKCLK[0]
                         net (fo=1, routed)           1.088    14.087    design_1_i/processing_system7_0/inst/FCLK_CLK_unbuffered[0]
    BUFGCTRL_X0Y19       BUFG (Prop_bufg_I_O)         0.091    14.178 r  design_1_i/processing_system7_0/inst/buffer_fclk_clk_0.FCLK_CLK_0_BUFG_replica_2/O
                         net (fo=5, routed)           0.133    14.311    design_1_i/processing_system7_0/inst/FCLK_CLK0_repN_2
    BUFGCTRL_X0Y18       BUFG (Prop_bufg_I_O)         0.091    14.402 r  design_1_i/processing_system7_0/inst/buffer_fclk_clk_0.FCLK_CLK_0_BUFG_replica_1/O
                         net (fo=18, routed)          0.133    14.535    design_1_i/processing_system7_0/inst/FCLK_CLK0_repN_1
    BUFGCTRL_X0Y17       BUFG (Prop_bufg_I_O)         0.091    14.626 r  design_1_i/processing_system7_0/inst/buffer_fclk_clk_0.FCLK_CLK_0_BUFG_replica/O
                         net (fo=69, routed)          0.133    14.759    design_1_i/processing_system7_0/inst/FCLK_CLK0_repN
    BUFGCTRL_X0Y16       BUFG (Prop_bufg_I_O)         0.091    14.850 r  design_1_i/processing_system7_0/inst/buffer_fclk_clk_0.FCLK_CLK_0_BUFG/O
                         net (fo=18497, routed)       1.603    16.453    design_1_i/gemv_q8_0_dma_top_0/inst/core/S_AXI_ACLK
    SLICE_X90Y90         FDRE                                         r  design_1_i/gemv_q8_0_dma_top_0/inst/core/scaled_shifted_reg[1][57]/C
                         clock pessimism              0.184    16.637    
                         clock uncertainty           -0.198    16.439    
    SLICE_X90Y90         FDRE (Setup_fdre_C_D)        0.118    16.557    design_1_i/gemv_q8_0_dma_top_0/inst/core/scaled_shifted_reg[1][57]
  -------------------------------------------------------------------
                         required time                         16.557    
                         arrival time                         -16.482    
  -------------------------------------------------------------------
                         slack                                  0.074    

Slack (MET) :             0.081ns  (required time - arrival time)
  Source:                 <hidden>
                            (rising edge-triggered cell RAMB36E1 clocked by clk_fpga_0  {rise@0.000ns fall@6.499ns period=12.999ns})
  Destination:            design_1_i/gemv_q8_0_dma_top_0/inst/core/block_acc[4][25]_i_1_psdsp_3/D
                            (rising edge-triggered cell FDRE clocked by clk_fpga_0  {rise@0.000ns fall@6.499ns period=12.999ns})
  Path Group:             clk_fpga_0
  Path Type:              Setup (Max at Slow Process Corner)
  Requirement:            12.999ns  (clk_fpga_0 rise@12.999ns - clk_fpga_0 rise@0.000ns)
  Data Path Delay:        12.453ns  (logic 6.543ns (52.542%)  route 5.910ns (47.458%))
  Logic Levels:           3  (DSP48E1=1 LUT2=1 LUT3=1)
  Clock Path Skew:        -0.236ns (DCD - SCD + CPR)
    Destination Clock Delay (DCD):    3.458ns = ( 16.457 - 12.999 ) 
    Source Clock Delay      (SCD):    3.877ns
    Clock Pessimism Removal (CPR):    0.184ns
  Clock Uncertainty:      0.198ns  ((TSJ^2 + TIJ^2)^1/2 + DJ) / 2 + PE
    Total System Jitter     (TSJ):    0.071ns
    Total Input Jitter      (TIJ):    0.390ns
    Discrete Jitter          (DJ):    0.000ns
    Phase Error              (PE):    0.000ns

    Location             Delay type                Incr(ns)  Path(ns)    Netlist Resource(s)
  -------------------------------------------------------------------    -------------------
                         (clock clk_fpga_0 rise edge)
                                                      0.000     0.000 r  
    PS7_X0Y0             PS7                          0.000     0.000 r  design_1_i/processing_system7_0/inst/PS7_i/FCLKCLK[0]
                         net (fo=1, routed)           1.193     1.193    design_1_i/processing_system7_0/inst/FCLK_CLK_unbuffered[0]
    BUFGCTRL_X0Y19       BUFG (Prop_bufg_I_O)         0.101     1.294 r  design_1_i/processing_system7_0/inst/buffer_fclk_clk_0.FCLK_CLK_0_BUFG_replica_2/O
                         net (fo=5, routed)           0.146     1.440    design_1_i/processing_system7_0/inst/FCLK_CLK0_repN_2
    BUFGCTRL_X0Y18       BUFG (Prop_bufg_I_O)         0.101     1.541 r  design_1_i/processing_system7_0/inst/buffer_fclk_clk_0.FCLK_CLK_0_BUFG_replica_1/O
                         net (fo=18, routed)          0.146     1.687    design_1_i/processing_system7_0/inst/FCLK_CLK0_repN_1
    BUFGCTRL_X0Y17       BUFG (Prop_bufg_I_O)         0.101     1.788 r  design_1_i/processing_system7_0/inst/buffer_fclk_clk_0.FCLK_CLK_0_BUFG_replica/O
                         net (fo=69, routed)          0.146     1.934    design_1_i/processing_system7_0/inst/FCLK_CLK0_repN
    BUFGCTRL_X0Y16       BUFG (Prop_bufg_I_O)         0.101     2.035 r  design_1_i/processing_system7_0/inst/buffer_fclk_clk_0.FCLK_CLK_0_BUFG/O
                         net (fo=18497, routed)       1.842     3.877    <hidden>
    RAMB36_X4Y9          RAMB36E1                                     r  <hidden>
  -------------------------------------------------------------------    -------------------
    RAMB36_X4Y9          RAMB36E1 (Prop_ramb36e1_CLKBWRCLK_DOBDO[1])
                                                      2.454     6.331 r  <hidden>
                         net (fo=1, routed)           1.705     8.036    design_1_i/gemv_q8_0_dma_top_0/inst/core/INPUT_BRAM_DOUT[15]
    SLICE_X39Y43         LUT3 (Prop_lut3_I2_O)        0.124     8.160 r  design_1_i/gemv_q8_0_dma_top_0/inst/core/p_0_out_i_1/O
                         net (fo=60, routed)          0.930     9.090    design_1_i/gemv_q8_0_dma_top_0/inst/core/core_input_rd_data[15]
    DSP48_X2Y19          DSP48E1 (Prop_dsp48e1_A[16]_P[25])
                                                      3.841    12.931 r  design_1_i/gemv_q8_0_dma_top_0/inst/core/p_0_out__2/P[25]
                         net (fo=13, routed)          0.941    13.872    design_1_i/gemv_q8_0_dma_top_0/inst/core/p_0_out__2_n_80
    SLICE_X39Y41         LUT2 (Prop_lut2_I0_O)        0.124    13.996 r  design_1_i/gemv_q8_0_dma_top_0/inst/core/block_acc[4][25]_i_1/O
                         net (fo=12, routed)          2.334    16.330    design_1_i/gemv_q8_0_dma_top_0/inst/core/block_acc[4][25]_i_1_n_0
    SLICE_X94Y58         FDRE                                         r  design_1_i/gemv_q8_0_dma_top_0/inst/core/block_acc[4][25]_i_1_psdsp_3/D
  -------------------------------------------------------------------    -------------------

                         (clock clk_fpga_0 rise edge)
                                                     12.999    12.999 r  
    PS7_X0Y0             PS7                          0.000    12.999 r  design_1_i/processing_system7_0/inst/PS7_i/FCLKCLK[0]
                         net (fo=1, routed)           1.088    14.087    design_1_i/processing_system7_0/inst/FCLK_CLK_unbuffered[0]
    BUFGCTRL_X0Y19       BUFG (Prop_bufg_I_O)         0.091    14.178 r  design_1_i/processing_system7_0/inst/buffer_fclk_clk_0.FCLK_CLK_0_BUFG_replica_2/O
                         net (fo=5, routed)           0.133    14.311    design_1_i/processing_system7_0/inst/FCLK_CLK0_repN_2
    BUFGCTRL_X0Y18       BUFG (Prop_bufg_I_O)         0.091    14.402 r  design_1_i/processing_system7_0/inst/buffer_fclk_clk_0.FCLK_CLK_0_BUFG_replica_1/O
                         net (fo=18, routed)          0.133    14.535    design_1_i/processing_system7_0/inst/FCLK_CLK0_repN_1
    BUFGCTRL_X0Y17       BUFG (Prop_bufg_I_O)         0.091    14.626 r  design_1_i/processing_system7_0/inst/buffer_fclk_clk_0.FCLK_CLK_0_BUFG_replica/O
                         net (fo=69, routed)          0.133    14.759    design_1_i/processing_system7_0/inst/FCLK_CLK0_repN
    BUFGCTRL_X0Y16       BUFG (Prop_bufg_I_O)         0.091    14.850 r  design_1_i/processing_system7_0/inst/buffer_fclk_clk_0.FCLK_CLK_0_BUFG/O
                         net (fo=18497, routed)       1.607    16.457    design_1_i/gemv_q8_0_dma_top_0/inst/core/S_AXI_ACLK
    SLICE_X94Y58         FDRE                                         r  design_1_i/gemv_q8_0_dma_top_0/inst/core/block_acc[4][25]_i_1_psdsp_3/C
                         clock pessimism              0.184    16.641    
                         clock uncertainty           -0.198    16.443    
    SLICE_X94Y58         FDRE (Setup_fdre_C_D)       -0.031    16.412    design_1_i/gemv_q8_0_dma_top_0/inst/core/block_acc[4][25]_i_1_psdsp_3
  -------------------------------------------------------------------
                         required time                         16.412    
                         arrival time                         -16.330    
  -------------------------------------------------------------------
                         slack                                  0.081    

Slack (MET) :             0.085ns  (required time - arrival time)
  Source:                 <hidden>
                            (rising edge-triggered cell RAMB36E1 clocked by clk_fpga_0  {rise@0.000ns fall@6.499ns period=12.999ns})
  Destination:            design_1_i/gemv_q8_0_dma_top_0/inst/core/block_acc[4][30]_i_1_psdsp_5/D
                            (rising edge-triggered cell FDRE clocked by clk_fpga_0  {rise@0.000ns fall@6.499ns period=12.999ns})
  Path Group:             clk_fpga_0
  Path Type:              Setup (Max at Slow Process Corner)
  Requirement:            12.999ns  (clk_fpga_0 rise@12.999ns - clk_fpga_0 rise@0.000ns)
  Data Path Delay:        12.408ns  (logic 6.543ns (52.732%)  route 5.865ns (47.268%))
  Logic Levels:           3  (DSP48E1=1 LUT2=1 LUT3=1)
  Clock Path Skew:        -0.241ns (DCD - SCD + CPR)
    Destination Clock Delay (DCD):    3.453ns = ( 16.452 - 12.999 ) 
    Source Clock Delay      (SCD):    3.877ns
    Clock Pessimism Removal (CPR):    0.184ns
  Clock Uncertainty:      0.198ns  ((TSJ^2 + TIJ^2)^1/2 + DJ) / 2 + PE
    Total System Jitter     (TSJ):    0.071ns
    Total Input Jitter      (TIJ):    0.390ns
    Discrete Jitter          (DJ):    0.000ns
    Phase Error              (PE):    0.000ns

    Location             Delay type                Incr(ns)  Path(ns)    Netlist Resource(s)
  -------------------------------------------------------------------    -------------------
                         (clock clk_fpga_0 rise edge)
                                                      0.000     0.000 r  
    PS7_X0Y0             PS7                          0.000     0.000 r  design_1_i/processing_system7_0/inst/PS7_i/FCLKCLK[0]
                         net (fo=1, routed)           1.193     1.193    design_1_i/processing_system7_0/inst/FCLK_CLK_unbuffered[0]
    BUFGCTRL_X0Y19       BUFG (Prop_bufg_I_O)         0.101     1.294 r  design_1_i/processing_system7_0/inst/buffer_fclk_clk_0.FCLK_CLK_0_BUFG_replica_2/O
                         net (fo=5, routed)           0.146     1.440    design_1_i/processing_system7_0/inst/FCLK_CLK0_repN_2
    BUFGCTRL_X0Y18       BUFG (Prop_bufg_I_O)         0.101     1.541 r  design_1_i/processing_system7_0/inst/buffer_fclk_clk_0.FCLK_CLK_0_BUFG_replica_1/O
                         net (fo=18, routed)          0.146     1.687    design_1_i/processing_system7_0/inst/FCLK_CLK0_repN_1
    BUFGCTRL_X0Y17       BUFG (Prop_bufg_I_O)         0.101     1.788 r  design_1_i/processing_system7_0/inst/buffer_fclk_clk_0.FCLK_CLK_0_BUFG_replica/O
                         net (fo=69, routed)          0.146     1.934    design_1_i/processing_system7_0/inst/FCLK_CLK0_repN
    BUFGCTRL_X0Y16       BUFG (Prop_bufg_I_O)         0.101     2.035 r  design_1_i/processing_system7_0/inst/buffer_fclk_clk_0.FCLK_CLK_0_BUFG/O
                         net (fo=18497, routed)       1.842     3.877    <hidden>
    RAMB36_X4Y9          RAMB36E1                                     r  <hidden>
  -------------------------------------------------------------------    -------------------
    RAMB36_X4Y9          RAMB36E1 (Prop_ramb36e1_CLKBWRCLK_DOBDO[1])
                                                      2.454     6.331 r  <hidden>
                         net (fo=1, routed)           1.705     8.036    design_1_i/gemv_q8_0_dma_top_0/inst/core/INPUT_BRAM_DOUT[15]
    SLICE_X39Y43         LUT3 (Prop_lut3_I2_O)        0.124     8.160 r  design_1_i/gemv_q8_0_dma_top_0/inst/core/p_0_out_i_1/O
                         net (fo=60, routed)          0.930     9.090    design_1_i/gemv_q8_0_dma_top_0/inst/core/core_input_rd_data[15]
    DSP48_X2Y19          DSP48E1 (Prop_dsp48e1_A[16]_P[30])
                                                      3.841    12.931 r  design_1_i/gemv_q8_0_dma_top_0/inst/core/p_0_out__2/P[30]
                         net (fo=13, routed)          0.993    13.924    design_1_i/gemv_q8_0_dma_top_0/inst/core/p_0_out__2_n_75
    SLICE_X37Y42         LUT2 (Prop_lut2_I0_O)        0.124    14.048 r  design_1_i/gemv_q8_0_dma_top_0/inst/core/block_acc[4][30]_i_1/O
                         net (fo=12, routed)          2.237    16.286    design_1_i/gemv_q8_0_dma_top_0/inst/core/block_acc[4][30]_i_1_n_0
    SLICE_X93Y62         FDRE                                         r  design_1_i/gemv_q8_0_dma_top_0/inst/core/block_acc[4][30]_i_1_psdsp_5/D
  -------------------------------------------------------------------    -------------------

                         (clock clk_fpga_0 rise edge)
                                                     12.999    12.999 r  
    PS7_X0Y0             PS7                          0.000    12.999 r  design_1_i/processing_system7_0/inst/PS7_i/FCLKCLK[0]
                         net (fo=1, routed)           1.088    14.087    design_1_i/processing_system7_0/inst/FCLK_CLK_unbuffered[0]
    BUFGCTRL_X0Y19       BUFG (Prop_bufg_I_O)         0.091    14.178 r  design_1_i/processing_system7_0/inst/buffer_fclk_clk_0.FCLK_CLK_0_BUFG_replica_2/O
                         net (fo=5, routed)           0.133    14.311    design_1_i/processing_system7_0/inst/FCLK_CLK0_repN_2
    BUFGCTRL_X0Y18       BUFG (Prop_bufg_I_O)         0.091    14.402 r  design_1_i/processing_system7_0/inst/buffer_fclk_clk_0.FCLK_CLK_0_BUFG_replica_1/O
                         net (fo=18, routed)          0.133    14.535    design_1_i/processing_system7_0/inst/FCLK_CLK0_repN_1
    BUFGCTRL_X0Y17       BUFG (Prop_bufg_I_O)         0.091    14.626 r  design_1_i/processing_system7_0/inst/buffer_fclk_clk_0.FCLK_CLK_0_BUFG_replica/O
                         net (fo=69, routed)          0.133    14.759    design_1_i/processing_system7_0/inst/FCLK_CLK0_repN
    BUFGCTRL_X0Y16       BUFG (Prop_bufg_I_O)         0.091    14.850 r  design_1_i/processing_system7_0/inst/buffer_fclk_clk_0.FCLK_CLK_0_BUFG/O
                         net (fo=18497, routed)       1.602    16.452    design_1_i/gemv_q8_0_dma_top_0/inst/core/S_AXI_ACLK
    SLICE_X93Y62         FDRE                                         r  design_1_i/gemv_q8_0_dma_top_0/inst/core/block_acc[4][30]_i_1_psdsp_5/C
                         clock pessimism              0.184    16.636    
                         clock uncertainty           -0.198    16.438    
    SLICE_X93Y62         FDRE (Setup_fdre_C_D)       -0.067    16.371    design_1_i/gemv_q8_0_dma_top_0/inst/core/block_acc[4][30]_i_1_psdsp_5
  -------------------------------------------------------------------
                         required time                         16.371    
                         arrival time                         -16.286    
  -------------------------------------------------------------------
                         slack                                  0.085    

Slack (MET) :             0.086ns  (required time - arrival time)
  Source:                 <hidden>
                            (rising edge-triggered cell RAMB36E1 clocked by clk_fpga_0  {rise@0.000ns fall@6.499ns period=12.999ns})
  Destination:            design_1_i/gemv_q8_0_dma_top_0/inst/core/block_acc[4][19]_i_1_psdsp_3/D
                            (rising edge-triggered cell FDRE clocked by clk_fpga_0  {rise@0.000ns fall@6.499ns period=12.999ns})
  Path Group:             clk_fpga_0
  Path Type:              Setup (Max at Slow Process Corner)
  Requirement:            12.999ns  (clk_fpga_0 rise@12.999ns - clk_fpga_0 rise@0.000ns)
  Data Path Delay:        12.396ns  (logic 6.543ns (52.782%)  route 5.853ns (47.218%))
  Logic Levels:           3  (DSP48E1=1 LUT2=1 LUT3=1)
  Clock Path Skew:        -0.238ns (DCD - SCD + CPR)
    Destination Clock Delay (DCD):    3.456ns = ( 16.455 - 12.999 ) 
    Source Clock Delay      (SCD):    3.877ns
    Clock Pessimism Removal (CPR):    0.184ns
  Clock Uncertainty:      0.198ns  ((TSJ^2 + TIJ^2)^1/2 + DJ) / 2 + PE
    Total System Jitter     (TSJ):    0.071ns
    Total Input Jitter      (TIJ):    0.390ns
    Discrete Jitter          (DJ):    0.000ns
    Phase Error              (PE):    0.000ns

    Location             Delay type                Incr(ns)  Path(ns)    Netlist Resource(s)
  -------------------------------------------------------------------    -------------------
                         (clock clk_fpga_0 rise edge)
                                                      0.000     0.000 r  
    PS7_X0Y0             PS7                          0.000     0.000 r  design_1_i/processing_system7_0/inst/PS7_i/FCLKCLK[0]
                         net (fo=1, routed)           1.193     1.193    design_1_i/processing_system7_0/inst/FCLK_CLK_unbuffered[0]
    BUFGCTRL_X0Y19       BUFG (Prop_bufg_I_O)         0.101     1.294 r  design_1_i/processing_system7_0/inst/buffer_fclk_clk_0.FCLK_CLK_0_BUFG_replica_2/O
                         net (fo=5, routed)           0.146     1.440    design_1_i/processing_system7_0/inst/FCLK_CLK0_repN_2
    BUFGCTRL_X0Y18       BUFG (Prop_bufg_I_O)         0.101     1.541 r  design_1_i/processing_system7_0/inst/buffer_fclk_clk_0.FCLK_CLK_0_BUFG_replica_1/O
                         net (fo=18, routed)          0.146     1.687    design_1_i/processing_system7_0/inst/FCLK_CLK0_repN_1
    BUFGCTRL_X0Y17       BUFG (Prop_bufg_I_O)         0.101     1.788 r  design_1_i/processing_system7_0/inst/buffer_fclk_clk_0.FCLK_CLK_0_BUFG_replica/O
                         net (fo=69, routed)          0.146     1.934    design_1_i/processing_system7_0/inst/FCLK_CLK0_repN
    BUFGCTRL_X0Y16       BUFG (Prop_bufg_I_O)         0.101     2.035 r  design_1_i/processing_system7_0/inst/buffer_fclk_clk_0.FCLK_CLK_0_BUFG/O
                         net (fo=18497, routed)       1.842     3.877    <hidden>
    RAMB36_X4Y9          RAMB36E1                                     r  <hidden>
  -------------------------------------------------------------------    -------------------
    RAMB36_X4Y9          RAMB36E1 (Prop_ramb36e1_CLKBWRCLK_DOBDO[1])
                                                      2.454     6.331 r  <hidden>
                         net (fo=1, routed)           1.705     8.036    design_1_i/gemv_q8_0_dma_top_0/inst/core/INPUT_BRAM_DOUT[15]
    SLICE_X39Y43         LUT3 (Prop_lut3_I2_O)        0.124     8.160 r  design_1_i/gemv_q8_0_dma_top_0/inst/core/p_0_out_i_1/O
                         net (fo=60, routed)          0.930     9.090    design_1_i/gemv_q8_0_dma_top_0/inst/core/core_input_rd_data[15]
    DSP48_X2Y19          DSP48E1 (Prop_dsp48e1_A[16]_P[19])
                                                      3.841    12.931 r  design_1_i/gemv_q8_0_dma_top_0/inst/core/p_0_out__2/P[19]
                         net (fo=13, routed)          1.489    14.420    design_1_i/gemv_q8_0_dma_top_0/inst/core/p_0_out__2_n_86
    SLICE_X68Y49         LUT2 (Prop_lut2_I0_O)        0.124    14.544 r  design_1_i/gemv_q8_0_dma_top_0/inst/core/block_acc[4][19]_i_1/O
                         net (fo=12, routed)          1.729    16.274    design_1_i/gemv_q8_0_dma_top_0/inst/core/block_acc[4][19]_i_1_n_0
    SLICE_X93Y57         FDRE                                         r  design_1_i/gemv_q8_0_dma_top_0/inst/core/block_acc[4][19]_i_1_psdsp_3/D
  -------------------------------------------------------------------    -------------------

                         (clock clk_fpga_0 rise edge)
                                                     12.999    12.999 r  
    PS7_X0Y0             PS7                          0.000    12.999 r  design_1_i/processing_system7_0/inst/PS7_i/FCLKCLK[0]
                         net (fo=1, routed)           1.088    14.087    design_1_i/processing_system7_0/inst/FCLK_CLK_unbuffered[0]
    BUFGCTRL_X0Y19       BUFG (Prop_bufg_I_O)         0.091    14.178 r  design_1_i/processing_system7_0/inst/buffer_fclk_clk_0.FCLK_CLK_0_BUFG_replica_2/O
                         net (fo=5, routed)           0.133    14.311    design_1_i/processing_system7_0/inst/FCLK_CLK0_repN_2
    BUFGCTRL_X0Y18       BUFG (Prop_bufg_I_O)         0.091    14.402 r  design_1_i/processing_system7_0/inst/buffer_fclk_clk_0.FCLK_CLK_0_BUFG_replica_1/O
                         net (fo=18, routed)          0.133    14.535    design_1_i/processing_system7_0/inst/FCLK_CLK0_repN_1
    BUFGCTRL_X0Y17       BUFG (Prop_bufg_I_O)         0.091    14.626 r  design_1_i/processing_system7_0/inst/buffer_fclk_clk_0.FCLK_CLK_0_BUFG_replica/O
                         net (fo=69, routed)          0.133    14.759    design_1_i/processing_system7_0/inst/FCLK_CLK0_repN
    BUFGCTRL_X0Y16       BUFG (Prop_bufg_I_O)         0.091    14.850 r  design_1_i/processing_system7_0/inst/buffer_fclk_clk_0.FCLK_CLK_0_BUFG/O
                         net (fo=18497, routed)       1.605    16.455    design_1_i/gemv_q8_0_dma_top_0/inst/core/S_AXI_ACLK
    SLICE_X93Y57         FDRE                                         r  design_1_i/gemv_q8_0_dma_top_0/inst/core/block_acc[4][19]_i_1_psdsp_3/C
                         clock pessimism              0.184    16.639    
                         clock uncertainty           -0.198    16.441    
    SLICE_X93Y57         FDRE (Setup_fdre_C_D)       -0.081    16.360    design_1_i/gemv_q8_0_dma_top_0/inst/core/block_acc[4][19]_i_1_psdsp_3
  -------------------------------------------------------------------
                         required time                         16.360    
                         arrival time                         -16.274    
  -------------------------------------------------------------------
                         slack                                  0.086    

Slack (MET) :             0.087ns  (required time - arrival time)
  Source:                 design_1_i/gemv_q8_0_dma_top_0/inst/core/scaled_shifted[9][27]_i_7_psdsp/C
                            (rising edge-triggered cell FDRE clocked by clk_fpga_0  {rise@0.000ns fall@6.499ns period=12.999ns})
  Destination:            design_1_i/gemv_q8_0_dma_top_0/inst/core/scaled_shifted_reg[9][57]/D
                            (rising edge-triggered cell FDRE clocked by clk_fpga_0  {rise@0.000ns fall@6.499ns period=12.999ns})
  Path Group:             clk_fpga_0
  Path Type:              Setup (Max at Slow Process Corner)
  Requirement:            12.999ns  (clk_fpga_0 rise@12.999ns - clk_fpga_0 rise@0.000ns)
  Data Path Delay:        12.531ns  (logic 6.444ns (51.422%)  route 6.087ns (48.577%))
  Logic Levels:           33  (CARRY4=25 LUT2=2 LUT3=1 LUT5=3 LUT6=2)
  Clock Path Skew:        -0.213ns (DCD - SCD + CPR)
    Destination Clock Delay (DCD):    3.375ns = ( 16.374 - 12.999 ) 
    Source Clock Delay      (SCD):    3.772ns
    Clock Pessimism Removal (CPR):    0.184ns
  Clock Uncertainty:      0.198ns  ((TSJ^2 + TIJ^2)^1/2 + DJ) / 2 + PE
    Total System Jitter     (TSJ):    0.071ns
    Total Input Jitter      (TIJ):    0.390ns
    Discrete Jitter          (DJ):    0.000ns
    Phase Error              (PE):    0.000ns

    Location             Delay type                Incr(ns)  Path(ns)    Netlist Resource(s)
  -------------------------------------------------------------------    -------------------
                         (clock clk_fpga_0 rise edge)
                                                      0.000     0.000 r  
    PS7_X0Y0             PS7                          0.000     0.000 r  design_1_i/processing_system7_0/inst/PS7_i/FCLKCLK[0]
                         net (fo=1, routed)           1.193     1.193    design_1_i/processing_system7_0/inst/FCLK_CLK_unbuffered[0]
    BUFGCTRL_X0Y19       BUFG (Prop_bufg_I_O)         0.101     1.294 r  design_1_i/processing_system7_0/inst/buffer_fclk_clk_0.FCLK_CLK_0_BUFG_replica_2/O
                         net (fo=5, routed)           0.146     1.440    design_1_i/processing_system7_0/inst/FCLK_CLK0_repN_2
    BUFGCTRL_X0Y18       BUFG (Prop_bufg_I_O)         0.101     1.541 r  design_1_i/processing_system7_0/inst/buffer_fclk_clk_0.FCLK_CLK_0_BUFG_replica_1/O
                         net (fo=18, routed)          0.146     1.687    design_1_i/processing_system7_0/inst/FCLK_CLK0_repN_1
    BUFGCTRL_X0Y17       BUFG (Prop_bufg_I_O)         0.101     1.788 r  design_1_i/processing_system7_0/inst/buffer_fclk_clk_0.FCLK_CLK_0_BUFG_replica/O
                         net (fo=69, routed)          0.146     1.934    design_1_i/processing_system7_0/inst/FCLK_CLK0_repN
    BUFGCTRL_X0Y16       BUFG (Prop_bufg_I_O)         0.101     2.035 r  design_1_i/processing_system7_0/inst/buffer_fclk_clk_0.FCLK_CLK_0_BUFG/O
                         net (fo=18497, routed)       1.737     3.772    design_1_i/gemv_q8_0_dma_top_0/inst/core/S_AXI_ACLK
    SLICE_X81Y42         FDRE                                         r  design_1_i/gemv_q8_0_dma_top_0/inst/core/scaled_shifted[9][27]_i_7_psdsp/C
  -------------------------------------------------------------------    -------------------
    SLICE_X81Y42         FDRE (Prop_fdre_C_Q)         0.456     4.228 r  design_1_i/gemv_q8_0_dma_top_0/inst/core/scaled_shifted[9][27]_i_7_psdsp/Q
                         net (fo=2, routed)           0.986     5.214    design_1_i/gemv_q8_0_dma_top_0/inst/core/scaled_product_reg[9]__0_n_98
    SLICE_X71Y40         LUT2 (Prop_lut2_I0_O)        0.124     5.338 r  design_1_i/gemv_q8_0_dma_top_0/inst/core/scaled_shifted[9][27]_i_7/O
                         net (fo=1, routed)           0.000     5.338    design_1_i/gemv_q8_0_dma_top_0/inst/core/scaled_shifted[9][27]_i_7_n_0
    SLICE_X71Y40         CARRY4 (Prop_carry4_S[0]_CO[3])
                                                      0.532     5.870 r  design_1_i/gemv_q8_0_dma_top_0/inst/core/scaled_shifted_reg[9][27]_i_2/CO[3]
                         net (fo=1, routed)           0.000     5.870    design_1_i/gemv_q8_0_dma_top_0/inst/core/scaled_shifted_reg[9][27]_i_2_n_0
    SLICE_X71Y41         CARRY4 (Prop_carry4_CI_CO[3])
                                                      0.114     5.984 r  design_1_i/gemv_q8_0_dma_top_0/inst/core/scaled_shifted_reg[9][31]_i_2/CO[3]
                         net (fo=1, routed)           0.000     5.984    design_1_i/gemv_q8_0_dma_top_0/inst/core/scaled_shifted_reg[9][31]_i_2_n_0
    SLICE_X71Y42         CARRY4 (Prop_carry4_CI_CO[3])
                                                      0.114     6.098 r  design_1_i/gemv_q8_0_dma_top_0/inst/core/scaled_shifted_reg[9][35]_i_2/CO[3]
                         net (fo=1, routed)           0.000     6.098    design_1_i/gemv_q8_0_dma_top_0/inst/core/scaled_shifted_reg[9][35]_i_2_n_0
    SLICE_X71Y43         CARRY4 (Prop_carry4_CI_CO[3])
                                                      0.114     6.212 r  design_1_i/gemv_q8_0_dma_top_0/inst/core/scaled_shifted_reg[9][39]_i_2/CO[3]
                         net (fo=1, routed)           0.000     6.212    design_1_i/gemv_q8_0_dma_top_0/inst/core/scaled_shifted_reg[9][39]_i_2_n_0
    SLICE_X71Y44         CARRY4 (Prop_carry4_CI_CO[3])
                                                      0.114     6.326 r  design_1_i/gemv_q8_0_dma_top_0/inst/core/scaled_shifted_reg[9][43]_i_2/CO[3]
                         net (fo=1, routed)           0.000     6.326    design_1_i/gemv_q8_0_dma_top_0/inst/core/scaled_shifted_reg[9][43]_i_2_n_0
    SLICE_X71Y45         CARRY4 (Prop_carry4_CI_CO[3])
                                                      0.114     6.440 r  design_1_i/gemv_q8_0_dma_top_0/inst/core/scaled_shifted_reg[9][47]_i_2/CO[3]
                         net (fo=1, routed)           0.000     6.440    design_1_i/gemv_q8_0_dma_top_0/inst/core/scaled_shifted_reg[9][47]_i_2_n_0
    SLICE_X71Y46         CARRY4 (Prop_carry4_CI_CO[3])
                                                      0.114     6.554 r  design_1_i/gemv_q8_0_dma_top_0/inst/core/scaled_shifted_reg[9][51]_i_2/CO[3]
                         net (fo=1, routed)           0.000     6.554    design_1_i/gemv_q8_0_dma_top_0/inst/core/scaled_shifted_reg[9][51]_i_2_n_0
    SLICE_X71Y47         CARRY4 (Prop_carry4_CI_O[3])
                                                      0.313     6.867 r  design_1_i/gemv_q8_0_dma_top_0/inst/core/scaled_shifted_reg[9][55]_i_2/O[3]
                         net (fo=4, routed)           1.374     8.242    design_1_i/gemv_q8_0_dma_top_0/inst/core/scaled_product_reg[9]__1[55]
    SLICE_X66Y63         LUT2 (Prop_lut2_I0_O)        0.306     8.548 r  design_1_i/gemv_q8_0_dma_top_0/inst/core/scaled_shifted[9][0]_i_52/O
                         net (fo=1, routed)           0.000     8.548    design_1_i/gemv_q8_0_dma_top_0/inst/core/scaled_shifted[9][0]_i_52_n_0
    SLICE_X66Y63         CARRY4 (Prop_carry4_S[3]_CO[3])
                                                      0.376     8.924 r  design_1_i/gemv_q8_0_dma_top_0/inst/core/scaled_shifted_reg[9][0]_i_29/CO[3]
                         net (fo=1, routed)           0.000     8.924    design_1_i/gemv_q8_0_dma_top_0/inst/core/scaled_shifted_reg[9][0]_i_29_n_0
    SLICE_X66Y64         CARRY4 (Prop_carry4_CI_O[3])
                                                      0.315     9.239 f  design_1_i/gemv_q8_0_dma_top_0/inst/core/scaled_shifted_reg[9][63]_i_31/O[3]
                         net (fo=6, routed)           0.674     9.912    design_1_i/gemv_q8_0_dma_top_0/inst/core/scaled_shifted_reg[9][63]_i_31_n_4
    SLICE_X65Y59         LUT6 (Prop_lut6_I0_O)        0.307    10.219 f  design_1_i/gemv_q8_0_dma_top_0/inst/core/scaled_shifted[9][0]_i_12/O
                         net (fo=3, routed)           0.664    10.883    design_1_i/gemv_q8_0_dma_top_0/inst/core/scaled_shifted[9][0]_i_12_n_0
    SLICE_X63Y58         LUT6 (Prop_lut6_I3_O)        0.124    11.007 f  design_1_i/gemv_q8_0_dma_top_0/inst/core/scaled_shifted[9][0]_i_5/O
                         net (fo=4, routed)           0.716    11.723    design_1_i/gemv_q8_0_dma_top_0/inst/core/scaled_shifted[9][0]_i_5_n_0
    SLICE_X60Y61         LUT5 (Prop_lut5_I0_O)        0.124    11.847 f  design_1_i/gemv_q8_0_dma_top_0/inst/core/scaled_shifted[9][4]_i_12/O
                         net (fo=1, routed)           0.572    12.420    design_1_i/gemv_q8_0_dma_top_0/inst/core/scaled_shifted[9][4]_i_12_n_0
    SLICE_X56Y63         LUT5 (Prop_lut5_I0_O)        0.124    12.544 r  design_1_i/gemv_q8_0_dma_top_0/inst/core/scaled_shifted[9][4]_i_9/O
                         net (fo=1, routed)           0.000    12.544    design_1_i/gemv_q8_0_dma_top_0/inst/core/scaled_shifted[9][4]_i_9_n_0
    SLICE_X56Y63         CARRY4 (Prop_carry4_S[0]_CO[3])
                                                      0.532    13.076 r  design_1_i/gemv_q8_0_dma_top_0/inst/core/scaled_shifted_reg[9][4]_i_3/CO[3]
                         net (fo=1, routed)           0.000    13.076    design_1_i/gemv_q8_0_dma_top_0/inst/core/scaled_shifted_reg[9][4]_i_3_n_0
    SLICE_X56Y64         CARRY4 (Prop_carry4_CI_CO[3])
                                                      0.114    13.190 r  design_1_i/gemv_q8_0_dma_top_0/inst/core/scaled_shifted_reg[9][8]_i_3/CO[3]
                         net (fo=1, routed)           0.000    13.190    design_1_i/gemv_q8_0_dma_top_0/inst/core/scaled_shifted_reg[9][8]_i_3_n_0
    SLICE_X56Y65         CARRY4 (Prop_carry4_CI_CO[3])
                                                      0.114    13.304 r  design_1_i/gemv_q8_0_dma_top_0/inst/core/scaled_shifted_reg[9][12]_i_3/CO[3]
                         net (fo=1, routed)           0.000    13.304    design_1_i/gemv_q8_0_dma_top_0/inst/core/scaled_shifted_reg[9][12]_i_3_n_0
    SLICE_X56Y66         CARRY4 (Prop_carry4_CI_CO[3])
                                                      0.114    13.418 r  design_1_i/gemv_q8_0_dma_top_0/inst/core/scaled_shifted_reg[9][16]_i_3/CO[3]
                         net (fo=1, routed)           0.000    13.418    design_1_i/gemv_q8_0_dma_top_0/inst/core/scaled_shifted_reg[9][16]_i_3_n_0
    SLICE_X56Y67         CARRY4 (Prop_carry4_CI_CO[3])
                                                      0.114    13.532 r  design_1_i/gemv_q8_0_dma_top_0/inst/core/scaled_shifted_reg[9][20]_i_3/CO[3]
                         net (fo=1, routed)           0.000    13.532    design_1_i/gemv_q8_0_dma_top_0/inst/core/scaled_shifted_reg[9][20]_i_3_n_0
    SLICE_X56Y68         CARRY4 (Prop_carry4_CI_CO[3])
                                                      0.114    13.646 r  design_1_i/gemv_q8_0_dma_top_0/inst/core/scaled_shifted_reg[9][24]_i_3/CO[3]
                         net (fo=1, routed)           0.000    13.646    design_1_i/gemv_q8_0_dma_top_0/inst/core/scaled_shifted_reg[9][24]_i_3_n_0
    SLICE_X56Y69         CARRY4 (Prop_carry4_CI_CO[3])
                                                      0.114    13.760 r  design_1_i/gemv_q8_0_dma_top_0/inst/core/scaled_shifted_reg[9][28]_i_3/CO[3]
                         net (fo=1, routed)           0.000    13.760    design_1_i/gemv_q8_0_dma_top_0/inst/core/scaled_shifted_reg[9][28]_i_3_n_0
    SLICE_X56Y70         CARRY4 (Prop_carry4_CI_CO[3])
                                                      0.114    13.874 r  design_1_i/gemv_q8_0_dma_top_0/inst/core/scaled_shifted_reg[9][32]_i_3/CO[3]
                         net (fo=1, routed)           0.000    13.874    design_1_i/gemv_q8_0_dma_top_0/inst/core/scaled_shifted_reg[9][32]_i_3_n_0
    SLICE_X56Y71         CARRY4 (Prop_carry4_CI_CO[3])
                                                      0.114    13.988 r  design_1_i/gemv_q8_0_dma_top_0/inst/core/scaled_shifted_reg[9][36]_i_3/CO[3]
                         net (fo=1, routed)           0.000    13.988    design_1_i/gemv_q8_0_dma_top_0/inst/core/scaled_shifted_reg[9][36]_i_3_n_0
    SLICE_X56Y72         CARRY4 (Prop_carry4_CI_CO[3])
                                                      0.114    14.102 r  design_1_i/gemv_q8_0_dma_top_0/inst/core/scaled_shifted_reg[9][40]_i_3/CO[3]
                         net (fo=1, routed)           0.000    14.102    design_1_i/gemv_q8_0_dma_top_0/inst/core/scaled_shifted_reg[9][40]_i_3_n_0
    SLICE_X56Y73         CARRY4 (Prop_carry4_CI_CO[3])
                                                      0.114    14.216 r  design_1_i/gemv_q8_0_dma_top_0/inst/core/scaled_shifted_reg[9][44]_i_3/CO[3]
                         net (fo=1, routed)           0.000    14.216    design_1_i/gemv_q8_0_dma_top_0/inst/core/scaled_shifted_reg[9][44]_i_3_n_0
    SLICE_X56Y74         CARRY4 (Prop_carry4_CI_CO[3])
                                                      0.114    14.330 r  design_1_i/gemv_q8_0_dma_top_0/inst/core/scaled_shifted_reg[9][46]_i_3/CO[3]
                         net (fo=1, routed)           0.009    14.339    design_1_i/gemv_q8_0_dma_top_0/inst/core/scaled_shifted_reg[9][46]_i_3_n_0
    SLICE_X56Y75         CARRY4 (Prop_carry4_CI_CO[3])
                                                      0.114    14.453 r  design_1_i/gemv_q8_0_dma_top_0/inst/core/scaled_shifted_reg[9][52]_i_4/CO[3]
                         net (fo=1, routed)           0.000    14.453    design_1_i/gemv_q8_0_dma_top_0/inst/core/scaled_shifted_reg[9][52]_i_4_n_0
    SLICE_X56Y76         CARRY4 (Prop_carry4_CI_CO[3])
                                                      0.114    14.567 r  design_1_i/gemv_q8_0_dma_top_0/inst/core/scaled_shifted_reg[9][60]_i_5/CO[3]
                         net (fo=1, routed)           0.000    14.567    design_1_i/gemv_q8_0_dma_top_0/inst/core/scaled_shifted_reg[9][60]_i_5_n_0
    SLICE_X56Y77         CARRY4 (Prop_carry4_CI_O[0])
                                                      0.222    14.789 r  design_1_i/gemv_q8_0_dma_top_0/inst/core/scaled_shifted_reg[9][60]_i_3/O[0]
                         net (fo=1, routed)           0.443    15.232    design_1_i/gemv_q8_0_dma_top_0/inst/core/scaled_shifted_reg[9][60]_i_3_n_7
    SLICE_X55Y78         LUT5 (Prop_lut5_I3_O)        0.299    15.531 r  design_1_i/gemv_q8_0_dma_top_0/inst/core/scaled_shifted[9][57]_i_2/O
                         net (fo=1, routed)           0.648    16.179    design_1_i/gemv_q8_0_dma_top_0/inst/core/scaled_shifted[9][57]_i_2_n_0
    SLICE_X55Y78         LUT3 (Prop_lut3_I2_O)        0.124    16.303 r  design_1_i/gemv_q8_0_dma_top_0/inst/core/scaled_shifted[9][57]_i_1/O
                         net (fo=1, routed)           0.000    16.303    design_1_i/gemv_q8_0_dma_top_0/inst/core/scaled_shifted[9][57]_i_1_n_0
    SLICE_X55Y78         FDRE                                         r  design_1_i/gemv_q8_0_dma_top_0/inst/core/scaled_shifted_reg[9][57]/D
  -------------------------------------------------------------------    -------------------

                         (clock clk_fpga_0 rise edge)
                                                     12.999    12.999 r  
    PS7_X0Y0             PS7                          0.000    12.999 r  design_1_i/processing_system7_0/inst/PS7_i/FCLKCLK[0]
                         net (fo=1, routed)           1.088    14.087    design_1_i/processing_system7_0/inst/FCLK_CLK_unbuffered[0]
    BUFGCTRL_X0Y19       BUFG (Prop_bufg_I_O)         0.091    14.178 r  design_1_i/processing_system7_0/inst/buffer_fclk_clk_0.FCLK_CLK_0_BUFG_replica_2/O
                         net (fo=5, routed)           0.133    14.311    design_1_i/processing_system7_0/inst/FCLK_CLK0_repN_2
    BUFGCTRL_X0Y18       BUFG (Prop_bufg_I_O)         0.091    14.402 r  design_1_i/processing_system7_0/inst/buffer_fclk_clk_0.FCLK_CLK_0_BUFG_replica_1/O
                         net (fo=18, routed)          0.133    14.535    design_1_i/processing_system7_0/inst/FCLK_CLK0_repN_1
    BUFGCTRL_X0Y17       BUFG (Prop_bufg_I_O)         0.091    14.626 r  design_1_i/processing_system7_0/inst/buffer_fclk_clk_0.FCLK_CLK_0_BUFG_replica/O
                         net (fo=69, routed)          0.133    14.759    design_1_i/processing_system7_0/inst/FCLK_CLK0_repN
    BUFGCTRL_X0Y16       BUFG (Prop_bufg_I_O)         0.091    14.850 r  design_1_i/processing_system7_0/inst/buffer_fclk_clk_0.FCLK_CLK_0_BUFG/O
                         net (fo=18497, routed)       1.524    16.374    design_1_i/gemv_q8_0_dma_top_0/inst/core/S_AXI_ACLK
    SLICE_X55Y78         FDRE                                         r  design_1_i/gemv_q8_0_dma_top_0/inst/core/scaled_shifted_reg[9][57]/C
                         clock pessimism              0.184    16.558    
                         clock uncertainty           -0.198    16.360    
    SLICE_X55Y78         FDRE (Setup_fdre_C_D)        0.031    16.391    design_1_i/gemv_q8_0_dma_top_0/inst/core/scaled_shifted_reg[9][57]
  -------------------------------------------------------------------
                         required time                         16.391    
                         arrival time                         -16.303    
  -------------------------------------------------------------------
                         slack                                  0.087    

Slack (MET) :             0.090ns  (required time - arrival time)
  Source:                 design_1_i/gemv_q8_0_dma_top_0/inst/core/scaled_product_reg[8]__0/CLK
                            (rising edge-triggered cell DSP48E1 clocked by clk_fpga_0  {rise@0.000ns fall@6.499ns period=12.999ns})
  Destination:            design_1_i/gemv_q8_0_dma_top_0/inst/core/scaled_shifted_reg[8][58]/D
                            (rising edge-triggered cell FDRE clocked by clk_fpga_0  {rise@0.000ns fall@6.499ns period=12.999ns})
  Path Group:             clk_fpga_0
  Path Type:              Setup (Max at Slow Process Corner)
  Requirement:            12.999ns  (clk_fpga_0 rise@12.999ns - clk_fpga_0 rise@0.000ns)
  Data Path Delay:        12.595ns  (logic 6.515ns (51.726%)  route 6.080ns (48.274%))
  Logic Levels:           31  (CARRY4=24 LUT2=2 LUT3=1 LUT5=1 LUT6=3)
  Clock Path Skew:        -0.148ns (DCD - SCD + CPR)
    Destination Clock Delay (DCD):    3.457ns = ( 16.456 - 12.999 ) 
    Source Clock Delay      (SCD):    3.903ns
    Clock Pessimism Removal (CPR):    0.298ns
  Clock Uncertainty:      0.198ns  ((TSJ^2 + TIJ^2)^1/2 + DJ) / 2 + PE
    Total System Jitter     (TSJ):    0.071ns
    Total Input Jitter      (TIJ):    0.390ns
    Discrete Jitter          (DJ):    0.000ns
    Phase Error              (PE):    0.000ns

    Location             Delay type                Incr(ns)  Path(ns)    Netlist Resource(s)
  -------------------------------------------------------------------    -------------------
                         (clock clk_fpga_0 rise edge)
                                                      0.000     0.000 r  
    PS7_X0Y0             PS7                          0.000     0.000 r  design_1_i/processing_system7_0/inst/PS7_i/FCLKCLK[0]
                         net (fo=1, routed)           1.193     1.193    design_1_i/processing_system7_0/inst/FCLK_CLK_unbuffered[0]
    BUFGCTRL_X0Y19       BUFG (Prop_bufg_I_O)         0.101     1.294 r  design_1_i/processing_system7_0/inst/buffer_fclk_clk_0.FCLK_CLK_0_BUFG_replica_2/O
                         net (fo=5, routed)           0.146     1.440    design_1_i/processing_system7_0/inst/FCLK_CLK0_repN_2
    BUFGCTRL_X0Y18       BUFG (Prop_bufg_I_O)         0.101     1.541 r  design_1_i/processing_system7_0/inst/buffer_fclk_clk_0.FCLK_CLK_0_BUFG_replica_1/O
                         net (fo=18, routed)          0.146     1.687    design_1_i/processing_system7_0/inst/FCLK_CLK0_repN_1
    BUFGCTRL_X0Y17       BUFG (Prop_bufg_I_O)         0.101     1.788 r  design_1_i/processing_system7_0/inst/buffer_fclk_clk_0.FCLK_CLK_0_BUFG_replica/O
                         net (fo=69, routed)          0.146     1.934    design_1_i/processing_system7_0/inst/FCLK_CLK0_repN
    BUFGCTRL_X0Y16       BUFG (Prop_bufg_I_O)         0.101     2.035 r  design_1_i/processing_system7_0/inst/buffer_fclk_clk_0.FCLK_CLK_0_BUFG/O
                         net (fo=18497, routed)       1.868     3.903    design_1_i/gemv_q8_0_dma_top_0/inst/core/S_AXI_ACLK
    DSP48_X3Y25          DSP48E1                                      r  design_1_i/gemv_q8_0_dma_top_0/inst/core/scaled_product_reg[8]__0/CLK
  -------------------------------------------------------------------    -------------------
    DSP48_X3Y25          DSP48E1 (Prop_dsp48e1_CLK_P[0])
                                                      0.434     4.337 r  design_1_i/gemv_q8_0_dma_top_0/inst/core/scaled_product_reg[8]__0/P[0]
                         net (fo=2, routed)           0.791     5.127    design_1_i/gemv_q8_0_dma_top_0/inst/core/scaled_product_reg[8]__0_n_105
    SLICE_X94Y60         LUT2 (Prop_lut2_I0_O)        0.124     5.251 r  design_1_i/gemv_q8_0_dma_top_0/inst/core/scaled_shifted[8][19]_i_6/O
                         net (fo=1, routed)           0.000     5.251    design_1_i/gemv_q8_0_dma_top_0/inst/core/scaled_shifted[8][19]_i_6_n_0
    SLICE_X94Y60         CARRY4 (Prop_carry4_S[1]_CO[3])
                                                      0.533     5.784 r  design_1_i/gemv_q8_0_dma_top_0/inst/core/scaled_shifted_reg[8][19]_i_2/CO[3]
                         net (fo=1, routed)           0.000     5.784    design_1_i/gemv_q8_0_dma_top_0/inst/core/scaled_shifted_reg[8][19]_i_2_n_0
    SLICE_X94Y61         CARRY4 (Prop_carry4_CI_CO[3])
                                                      0.117     5.901 r  design_1_i/gemv_q8_0_dma_top_0/inst/core/scaled_shifted_reg[8][23]_i_2/CO[3]
                         net (fo=1, routed)           0.000     5.901    design_1_i/gemv_q8_0_dma_top_0/inst/core/scaled_shifted_reg[8][23]_i_2_n_0
    SLICE_X94Y62         CARRY4 (Prop_carry4_CI_CO[3])
                                                      0.117     6.018 r  design_1_i/gemv_q8_0_dma_top_0/inst/core/scaled_shifted_reg[8][27]_i_2/CO[3]
                         net (fo=1, routed)           0.000     6.018    design_1_i/gemv_q8_0_dma_top_0/inst/core/scaled_shifted_reg[8][27]_i_2_n_0
    SLICE_X94Y63         CARRY4 (Prop_carry4_CI_CO[3])
                                                      0.117     6.135 r  design_1_i/gemv_q8_0_dma_top_0/inst/core/scaled_shifted_reg[8][31]_i_2/CO[3]
                         net (fo=1, routed)           0.000     6.135    design_1_i/gemv_q8_0_dma_top_0/inst/core/scaled_shifted_reg[8][31]_i_2_n_0
    SLICE_X94Y64         CARRY4 (Prop_carry4_CI_CO[3])
                                                      0.117     6.252 r  design_1_i/gemv_q8_0_dma_top_0/inst/core/scaled_shifted_reg[8][35]_i_2/CO[3]
                         net (fo=1, routed)           0.000     6.252    design_1_i/gemv_q8_0_dma_top_0/inst/core/scaled_shifted_reg[8][35]_i_2_n_0
    SLICE_X94Y65         CARRY4 (Prop_carry4_CI_CO[3])
                                                      0.117     6.369 r  design_1_i/gemv_q8_0_dma_top_0/inst/core/scaled_shifted_reg[8][39]_i_2/CO[3]
                         net (fo=1, routed)           0.000     6.369    design_1_i/gemv_q8_0_dma_top_0/inst/core/scaled_shifted_reg[8][39]_i_2_n_0
    SLICE_X94Y66         CARRY4 (Prop_carry4_CI_CO[3])
                                                      0.117     6.486 r  design_1_i/gemv_q8_0_dma_top_0/inst/core/scaled_shifted_reg[8][43]_i_2/CO[3]
                         net (fo=1, routed)           0.000     6.486    design_1_i/gemv_q8_0_dma_top_0/inst/core/scaled_shifted_reg[8][43]_i_2_n_0
    SLICE_X94Y67         CARRY4 (Prop_carry4_CI_O[1])
                                                      0.323     6.809 r  design_1_i/gemv_q8_0_dma_top_0/inst/core/scaled_shifted_reg[8][47]_i_2/O[1]
                         net (fo=4, routed)           0.989     7.798    design_1_i/gemv_q8_0_dma_top_0/inst/core/scaled_product_reg[8]__1[45]
    SLICE_X96Y72         LUT2 (Prop_lut2_I0_O)        0.306     8.104 r  design_1_i/gemv_q8_0_dma_top_0/inst/core/scaled_shifted[8][0]_i_46/O
                         net (fo=1, routed)           0.000     8.104    design_1_i/gemv_q8_0_dma_top_0/inst/core/scaled_shifted[8][0]_i_46_n_0
    SLICE_X96Y72         CARRY4 (Prop_carry4_S[1]_CO[3])
                                                      0.533     8.637 r  design_1_i/gemv_q8_0_dma_top_0/inst/core/scaled_shifted_reg[8][0]_i_27/CO[3]
                         net (fo=1, routed)           0.000     8.637    design_1_i/gemv_q8_0_dma_top_0/inst/core/scaled_shifted_reg[8][0]_i_27_n_0
    SLICE_X96Y73         CARRY4 (Prop_carry4_CI_CO[3])
                                                      0.117     8.754 r  design_1_i/gemv_q8_0_dma_top_0/inst/core/scaled_shifted_reg[8][0]_i_36/CO[3]
                         net (fo=1, routed)           0.000     8.754    design_1_i/gemv_q8_0_dma_top_0/inst/core/scaled_shifted_reg[8][0]_i_36_n_0
    SLICE_X96Y74         CARRY4 (Prop_carry4_CI_CO[3])
                                                      0.117     8.871 r  design_1_i/gemv_q8_0_dma_top_0/inst/core/scaled_shifted_reg[8][0]_i_29/CO[3]
                         net (fo=1, routed)           0.009     8.880    design_1_i/gemv_q8_0_dma_top_0/inst/core/scaled_shifted_reg[8][0]_i_29_n_0
    SLICE_X96Y75         CARRY4 (Prop_carry4_CI_CO[3])
                                                      0.117     8.997 r  design_1_i/gemv_q8_0_dma_top_0/inst/core/scaled_shifted_reg[8][63]_i_31/CO[3]
                         net (fo=1, routed)           0.000     8.997    design_1_i/gemv_q8_0_dma_top_0/inst/core/scaled_shifted_reg[8][63]_i_31_n_0
    SLICE_X96Y76         CARRY4 (Prop_carry4_CI_O[3])
                                                      0.315     9.312 f  design_1_i/gemv_q8_0_dma_top_0/inst/core/scaled_shifted_reg[8][63]_i_23/O[3]
                         net (fo=64, routed)          1.164    10.476    design_1_i/gemv_q8_0_dma_top_0/inst/core/p_2_out__0[63]
    SLICE_X101Y66        LUT6 (Prop_lut6_I0_O)        0.307    10.783 f  design_1_i/gemv_q8_0_dma_top_0/inst/core/scaled_shifted[8][20]_i_15/O
                         net (fo=4, routed)           0.893    11.677    design_1_i/gemv_q8_0_dma_top_0/inst/core/scaled_shifted[8][20]_i_15_n_0
    SLICE_X101Y68        LUT6 (Prop_lut6_I5_O)        0.124    11.801 f  design_1_i/gemv_q8_0_dma_top_0/inst/core/scaled_shifted[8][20]_i_11/O
                         net (fo=4, routed)           1.204    13.005    design_1_i/gemv_q8_0_dma_top_0/inst/core/scaled_shifted[8][20]_i_11_n_0
    SLICE_X102Y76        LUT6 (Prop_lut6_I2_O)        0.124    13.129 r  design_1_i/gemv_q8_0_dma_top_0/inst/core/scaled_shifted[8][20]_i_7/O
                         net (fo=1, routed)           0.000    13.129    design_1_i/gemv_q8_0_dma_top_0/inst/core/scaled_shifted[8][20]_i_7_n_0
    SLICE_X102Y76        CARRY4 (Prop_carry4_S[1]_CO[3])
                                                      0.533    13.662 r  design_1_i/gemv_q8_0_dma_top_0/inst/core/scaled_shifted_reg[8][20]_i_3/CO[3]
                         net (fo=1, routed)           0.000    13.662    design_1_i/gemv_q8_0_dma_top_0/inst/core/scaled_shifted_reg[8][20]_i_3_n_0
    SLICE_X102Y77        CARRY4 (Prop_carry4_CI_CO[3])
                                                      0.117    13.779 r  design_1_i/gemv_q8_0_dma_top_0/inst/core/scaled_shifted_reg[8][24]_i_3/CO[3]
                         net (fo=1, routed)           0.000    13.779    design_1_i/gemv_q8_0_dma_top_0/inst/core/scaled_shifted_reg[8][24]_i_3_n_0
    SLICE_X102Y78        CARRY4 (Prop_carry4_CI_CO[3])
                                                      0.117    13.896 r  design_1_i/gemv_q8_0_dma_top_0/inst/core/scaled_shifted_reg[8][28]_i_3/CO[3]
                         net (fo=1, routed)           0.000    13.896    design_1_i/gemv_q8_0_dma_top_0/inst/core/scaled_shifted_reg[8][28]_i_3_n_0
    SLICE_X102Y79        CARRY4 (Prop_carry4_CI_CO[3])
                                                      0.117    14.013 r  design_1_i/gemv_q8_0_dma_top_0/inst/core/scaled_shifted_reg[8][32]_i_3/CO[3]
                         net (fo=1, routed)           0.000    14.013    design_1_i/gemv_q8_0_dma_top_0/inst/core/scaled_shifted_reg[8][32]_i_3_n_0
    SLICE_X102Y80        CARRY4 (Prop_carry4_CI_CO[3])
                                                      0.117    14.130 r  design_1_i/gemv_q8_0_dma_top_0/inst/core/scaled_shifted_reg[8][36]_i_3/CO[3]
                         net (fo=1, routed)           0.000    14.130    design_1_i/gemv_q8_0_dma_top_0/inst/core/scaled_shifted_reg[8][36]_i_3_n_0
    SLICE_X102Y81        CARRY4 (Prop_carry4_CI_CO[3])
                                                      0.117    14.247 r  design_1_i/gemv_q8_0_dma_top_0/inst/core/scaled_shifted_reg[8][40]_i_3/CO[3]
                         net (fo=1, routed)           0.000    14.247    design_1_i/gemv_q8_0_dma_top_0/inst/core/scaled_shifted_reg[8][40]_i_3_n_0
    SLICE_X102Y82        CARRY4 (Prop_carry4_CI_CO[3])
                                                      0.117    14.364 r  design_1_i/gemv_q8_0_dma_top_0/inst/core/scaled_shifted_reg[8][44]_i_3/CO[3]
                         net (fo=1, routed)           0.000    14.364    design_1_i/gemv_q8_0_dma_top_0/inst/core/scaled_shifted_reg[8][44]_i_3_n_0
    SLICE_X102Y83        CARRY4 (Prop_carry4_CI_CO[3])
                                                      0.117    14.481 r  design_1_i/gemv_q8_0_dma_top_0/inst/core/scaled_shifted_reg[8][46]_i_3/CO[3]
                         net (fo=1, routed)           0.000    14.481    design_1_i/gemv_q8_0_dma_top_0/inst/core/scaled_shifted_reg[8][46]_i_3_n_0
    SLICE_X102Y84        CARRY4 (Prop_carry4_CI_CO[3])
                                                      0.117    14.598 r  design_1_i/gemv_q8_0_dma_top_0/inst/core/scaled_shifted_reg[8][52]_i_4/CO[3]
                         net (fo=1, routed)           0.000    14.598    design_1_i/gemv_q8_0_dma_top_0/inst/core/scaled_shifted_reg[8][52]_i_4_n_0
    SLICE_X102Y85        CARRY4 (Prop_carry4_CI_CO[3])
                                                      0.117    14.715 r  design_1_i/gemv_q8_0_dma_top_0/inst/core/scaled_shifted_reg[8][60]_i_5/CO[3]
                         net (fo=1, routed)           0.000    14.715    design_1_i/gemv_q8_0_dma_top_0/inst/core/scaled_shifted_reg[8][60]_i_5_n_0
    SLICE_X102Y86        CARRY4 (Prop_carry4_CI_O[1])
                                                      0.323    15.038 r  design_1_i/gemv_q8_0_dma_top_0/inst/core/scaled_shifted_reg[8][60]_i_3/O[1]
                         net (fo=1, routed)           0.430    15.469    design_1_i/gemv_q8_0_dma_top_0/inst/core/scaled_shifted_reg[8][60]_i_3_n_6
    SLICE_X105Y87        LUT5 (Prop_lut5_I3_O)        0.306    15.775 r  design_1_i/gemv_q8_0_dma_top_0/inst/core/scaled_shifted[8][58]_i_2/O
                         net (fo=1, routed)           0.599    16.374    design_1_i/gemv_q8_0_dma_top_0/inst/core/data1[58]
    SLICE_X103Y88        LUT3 (Prop_lut3_I2_O)        0.124    16.498 r  design_1_i/gemv_q8_0_dma_top_0/inst/core/scaled_shifted[8][58]_i_1/O
                         net (fo=1, routed)           0.000    16.498    design_1_i/gemv_q8_0_dma_top_0/inst/core/scaled_shifted[8][58]_i_1_n_0
    SLICE_X103Y88        FDRE                                         r  design_1_i/gemv_q8_0_dma_top_0/inst/core/scaled_shifted_reg[8][58]/D
  -------------------------------------------------------------------    -------------------

                         (clock clk_fpga_0 rise edge)
                                                     12.999    12.999 r  
    PS7_X0Y0             PS7                          0.000    12.999 r  design_1_i/processing_system7_0/inst/PS7_i/FCLKCLK[0]
                         net (fo=1, routed)           1.088    14.087    design_1_i/processing_system7_0/inst/FCLK_CLK_unbuffered[0]
    BUFGCTRL_X0Y19       BUFG (Prop_bufg_I_O)         0.091    14.178 r  design_1_i/processing_system7_0/inst/buffer_fclk_clk_0.FCLK_CLK_0_BUFG_replica_2/O
                         net (fo=5, routed)           0.133    14.311    design_1_i/processing_system7_0/inst/FCLK_CLK0_repN_2
    BUFGCTRL_X0Y18       BUFG (Prop_bufg_I_O)         0.091    14.402 r  design_1_i/processing_system7_0/inst/buffer_fclk_clk_0.FCLK_CLK_0_BUFG_replica_1/O
                         net (fo=18, routed)          0.133    14.535    design_1_i/processing_system7_0/inst/FCLK_CLK0_repN_1
    BUFGCTRL_X0Y17       BUFG (Prop_bufg_I_O)         0.091    14.626 r  design_1_i/processing_system7_0/inst/buffer_fclk_clk_0.FCLK_CLK_0_BUFG_replica/O
                         net (fo=69, routed)          0.133    14.759    design_1_i/processing_system7_0/inst/FCLK_CLK0_repN
    BUFGCTRL_X0Y16       BUFG (Prop_bufg_I_O)         0.091    14.850 r  design_1_i/processing_system7_0/inst/buffer_fclk_clk_0.FCLK_CLK_0_BUFG/O
                         net (fo=18497, routed)       1.606    16.456    design_1_i/gemv_q8_0_dma_top_0/inst/core/S_AXI_ACLK
    SLICE_X103Y88        FDRE                                         r  design_1_i/gemv_q8_0_dma_top_0/inst/core/scaled_shifted_reg[8][58]/C
                         clock pessimism              0.298    16.754    
                         clock uncertainty           -0.198    16.556    
    SLICE_X103Y88        FDRE (Setup_fdre_C_D)        0.032    16.588    design_1_i/gemv_q8_0_dma_top_0/inst/core/scaled_shifted_reg[8][58]
  -------------------------------------------------------------------
                         required time                         16.588    
                         arrival time                         -16.498    
  -------------------------------------------------------------------
                         slack                                  0.090    

Slack (MET) :             0.093ns  (required time - arrival time)
  Source:                 <hidden>
                            (rising edge-triggered cell RAMB36E1 clocked by clk_fpga_0  {rise@0.000ns fall@6.499ns period=12.999ns})
  Destination:            design_1_i/gemv_q8_0_dma_top_0/inst/core/block_acc[4][23]_i_1_psdsp/D
                            (rising edge-triggered cell FDRE clocked by clk_fpga_0  {rise@0.000ns fall@6.499ns period=12.999ns})
  Path Group:             clk_fpga_0
  Path Type:              Setup (Max at Slow Process Corner)
  Requirement:            12.999ns  (clk_fpga_0 rise@12.999ns - clk_fpga_0 rise@0.000ns)
  Data Path Delay:        12.339ns  (logic 6.543ns (53.028%)  route 5.796ns (46.972%))
  Logic Levels:           3  (DSP48E1=1 LUT2=1 LUT3=1)
  Clock Path Skew:        -0.302ns (DCD - SCD + CPR)
    Destination Clock Delay (DCD):    3.392ns = ( 16.391 - 12.999 ) 
    Source Clock Delay      (SCD):    3.877ns
    Clock Pessimism Removal (CPR):    0.184ns
  Clock Uncertainty:      0.198ns  ((TSJ^2 + TIJ^2)^1/2 + DJ) / 2 + PE
    Total System Jitter     (TSJ):    0.071ns
    Total Input Jitter      (TIJ):    0.390ns
    Discrete Jitter          (DJ):    0.000ns
    Phase Error              (PE):    0.000ns

    Location             Delay type                Incr(ns)  Path(ns)    Netlist Resource(s)
  -------------------------------------------------------------------    -------------------
                         (clock clk_fpga_0 rise edge)
                                                      0.000     0.000 r  
    PS7_X0Y0             PS7                          0.000     0.000 r  design_1_i/processing_system7_0/inst/PS7_i/FCLKCLK[0]
                         net (fo=1, routed)           1.193     1.193    design_1_i/processing_system7_0/inst/FCLK_CLK_unbuffered[0]
    BUFGCTRL_X0Y19       BUFG (Prop_bufg_I_O)         0.101     1.294 r  design_1_i/processing_system7_0/inst/buffer_fclk_clk_0.FCLK_CLK_0_BUFG_replica_2/O
                         net (fo=5, routed)           0.146     1.440    design_1_i/processing_system7_0/inst/FCLK_CLK0_repN_2
    BUFGCTRL_X0Y18       BUFG (Prop_bufg_I_O)         0.101     1.541 r  design_1_i/processing_system7_0/inst/buffer_fclk_clk_0.FCLK_CLK_0_BUFG_replica_1/O
                         net (fo=18, routed)          0.146     1.687    design_1_i/processing_system7_0/inst/FCLK_CLK0_repN_1
    BUFGCTRL_X0Y17       BUFG (Prop_bufg_I_O)         0.101     1.788 r  design_1_i/processing_system7_0/inst/buffer_fclk_clk_0.FCLK_CLK_0_BUFG_replica/O
                         net (fo=69, routed)          0.146     1.934    design_1_i/processing_system7_0/inst/FCLK_CLK0_repN
    BUFGCTRL_X0Y16       BUFG (Prop_bufg_I_O)         0.101     2.035 r  design_1_i/processing_system7_0/inst/buffer_fclk_clk_0.FCLK_CLK_0_BUFG/O
                         net (fo=18497, routed)       1.842     3.877    <hidden>
    RAMB36_X4Y9          RAMB36E1                                     r  <hidden>
  -------------------------------------------------------------------    -------------------
    RAMB36_X4Y9          RAMB36E1 (Prop_ramb36e1_CLKBWRCLK_DOBDO[1])
                                                      2.454     6.331 r  <hidden>
                         net (fo=1, routed)           1.705     8.036    design_1_i/gemv_q8_0_dma_top_0/inst/core/INPUT_BRAM_DOUT[15]
    SLICE_X39Y43         LUT3 (Prop_lut3_I2_O)        0.124     8.160 r  design_1_i/gemv_q8_0_dma_top_0/inst/core/p_0_out_i_1/O
                         net (fo=60, routed)          0.930     9.090    design_1_i/gemv_q8_0_dma_top_0/inst/core/core_input_rd_data[15]
    DSP48_X2Y19          DSP48E1 (Prop_dsp48e1_A[16]_P[23])
                                                      3.841    12.931 r  design_1_i/gemv_q8_0_dma_top_0/inst/core/p_0_out__2/P[23]
                         net (fo=13, routed)          1.605    14.536    design_1_i/gemv_q8_0_dma_top_0/inst/core/p_0_out__2_n_82
    SLICE_X68Y45         LUT2 (Prop_lut2_I0_O)        0.124    14.660 r  design_1_i/gemv_q8_0_dma_top_0/inst/core/block_acc[4][23]_i_1/O
                         net (fo=12, routed)          1.556    16.216    design_1_i/gemv_q8_0_dma_top_0/inst/core/block_acc[4][23]_i_1_n_0
    SLICE_X89Y64         FDRE                                         r  design_1_i/gemv_q8_0_dma_top_0/inst/core/block_acc[4][23]_i_1_psdsp/D
  -------------------------------------------------------------------    -------------------

                         (clock clk_fpga_0 rise edge)
                                                     12.999    12.999 r  
    PS7_X0Y0             PS7                          0.000    12.999 r  design_1_i/processing_system7_0/inst/PS7_i/FCLKCLK[0]
                         net (fo=1, routed)           1.088    14.087    design_1_i/processing_system7_0/inst/FCLK_CLK_unbuffered[0]
    BUFGCTRL_X0Y19       BUFG (Prop_bufg_I_O)         0.091    14.178 r  design_1_i/processing_system7_0/inst/buffer_fclk_clk_0.FCLK_CLK_0_BUFG_replica_2/O
                         net (fo=5, routed)           0.133    14.311    design_1_i/processing_system7_0/inst/FCLK_CLK0_repN_2
    BUFGCTRL_X0Y18       BUFG (Prop_bufg_I_O)         0.091    14.402 r  design_1_i/processing_system7_0/inst/buffer_fclk_clk_0.FCLK_CLK_0_BUFG_replica_1/O
                         net (fo=18, routed)          0.133    14.535    design_1_i/processing_system7_0/inst/FCLK_CLK0_repN_1
    BUFGCTRL_X0Y17       BUFG (Prop_bufg_I_O)         0.091    14.626 r  design_1_i/processing_system7_0/inst/buffer_fclk_clk_0.FCLK_CLK_0_BUFG_replica/O
                         net (fo=69, routed)          0.133    14.759    design_1_i/processing_system7_0/inst/FCLK_CLK0_repN
    BUFGCTRL_X0Y16       BUFG (Prop_bufg_I_O)         0.091    14.850 r  design_1_i/processing_system7_0/inst/buffer_fclk_clk_0.FCLK_CLK_0_BUFG/O
                         net (fo=18497, routed)       1.541    16.391    design_1_i/gemv_q8_0_dma_top_0/inst/core/S_AXI_ACLK
    SLICE_X89Y64         FDRE                                         r  design_1_i/gemv_q8_0_dma_top_0/inst/core/block_acc[4][23]_i_1_psdsp/C
                         clock pessimism              0.184    16.575    
                         clock uncertainty           -0.198    16.377    
    SLICE_X89Y64         FDRE (Setup_fdre_C_D)       -0.067    16.310    design_1_i/gemv_q8_0_dma_top_0/inst/core/block_acc[4][23]_i_1_psdsp
  -------------------------------------------------------------------
                         required time                         16.310    
                         arrival time                         -16.216    
  -------------------------------------------------------------------
                         slack                                  0.093    

Slack (MET) :             0.095ns  (required time - arrival time)
  Source:                 design_1_i/gemv_q8_0_dma_top_0/inst/core/scaled_shifted[11][19]_i_6_psdsp/C
                            (rising edge-triggered cell FDRE clocked by clk_fpga_0  {rise@0.000ns fall@6.499ns period=12.999ns})
  Destination:            design_1_i/gemv_q8_0_dma_top_0/inst/core/scaled_shifted_reg[11][62]/D
                            (rising edge-triggered cell FDRE clocked by clk_fpga_0  {rise@0.000ns fall@6.499ns period=12.999ns})
  Path Group:             clk_fpga_0
  Path Type:              Setup (Max at Slow Process Corner)
  Requirement:            12.999ns  (clk_fpga_0 rise@12.999ns - clk_fpga_0 rise@0.000ns)
  Data Path Delay:        12.601ns  (logic 6.327ns (50.210%)  route 6.274ns (49.790%))
  Logic Levels:           27  (CARRY4=19 LUT2=2 LUT3=2 LUT5=1 LUT6=3)
  Clock Path Skew:        -0.135ns (DCD - SCD + CPR)
    Destination Clock Delay (DCD):    3.377ns = ( 16.376 - 12.999 ) 
    Source Clock Delay      (SCD):    3.696ns
    Clock Pessimism Removal (CPR):    0.184ns
  Clock Uncertainty:      0.198ns  ((TSJ^2 + TIJ^2)^1/2 + DJ) / 2 + PE
    Total System Jitter     (TSJ):    0.071ns
    Total Input Jitter      (TIJ):    0.390ns
    Discrete Jitter          (DJ):    0.000ns
    Phase Error              (PE):    0.000ns

    Location             Delay type                Incr(ns)  Path(ns)    Netlist Resource(s)
  -------------------------------------------------------------------    -------------------
                         (clock clk_fpga_0 rise edge)
                                                      0.000     0.000 r  
    PS7_X0Y0             PS7                          0.000     0.000 r  design_1_i/processing_system7_0/inst/PS7_i/FCLKCLK[0]
                         net (fo=1, routed)           1.193     1.193    design_1_i/processing_system7_0/inst/FCLK_CLK_unbuffered[0]
    BUFGCTRL_X0Y19       BUFG (Prop_bufg_I_O)         0.101     1.294 r  design_1_i/processing_system7_0/inst/buffer_fclk_clk_0.FCLK_CLK_0_BUFG_replica_2/O
                         net (fo=5, routed)           0.146     1.440    design_1_i/processing_system7_0/inst/FCLK_CLK0_repN_2
    BUFGCTRL_X0Y18       BUFG (Prop_bufg_I_O)         0.101     1.541 r  design_1_i/processing_system7_0/inst/buffer_fclk_clk_0.FCLK_CLK_0_BUFG_replica_1/O
                         net (fo=18, routed)          0.146     1.687    design_1_i/processing_system7_0/inst/FCLK_CLK0_repN_1
    BUFGCTRL_X0Y17       BUFG (Prop_bufg_I_O)         0.101     1.788 r  design_1_i/processing_system7_0/inst/buffer_fclk_clk_0.FCLK_CLK_0_BUFG_replica/O
                         net (fo=69, routed)          0.146     1.934    design_1_i/processing_system7_0/inst/FCLK_CLK0_repN
    BUFGCTRL_X0Y16       BUFG (Prop_bufg_I_O)         0.101     2.035 r  design_1_i/processing_system7_0/inst/buffer_fclk_clk_0.FCLK_CLK_0_BUFG/O
                         net (fo=18497, routed)       1.661     3.696    design_1_i/gemv_q8_0_dma_top_0/inst/core/S_AXI_ACLK
    SLICE_X44Y34         FDRE                                         r  design_1_i/gemv_q8_0_dma_top_0/inst/core/scaled_shifted[11][19]_i_6_psdsp/C
  -------------------------------------------------------------------    -------------------
    SLICE_X44Y34         FDRE (Prop_fdre_C_Q)         0.456     4.152 r  design_1_i/gemv_q8_0_dma_top_0/inst/core/scaled_shifted[11][19]_i_6_psdsp/Q
                         net (fo=2, routed)           0.585     4.737    design_1_i/gemv_q8_0_dma_top_0/inst/core/scaled_product_reg[11]__0_n_105
    SLICE_X44Y33         LUT2 (Prop_lut2_I0_O)        0.124     4.861 r  design_1_i/gemv_q8_0_dma_top_0/inst/core/scaled_shifted[11][19]_i_6/O
                         net (fo=1, routed)           0.000     4.861    design_1_i/gemv_q8_0_dma_top_0/inst/core/scaled_shifted[11][19]_i_6_n_0
    SLICE_X44Y33         CARRY4 (Prop_carry4_S[1]_CO[3])
                                                      0.550     5.411 r  design_1_i/gemv_q8_0_dma_top_0/inst/core/scaled_shifted_reg[11][19]_i_2/CO[3]
                         net (fo=1, routed)           0.000     5.411    design_1_i/gemv_q8_0_dma_top_0/inst/core/scaled_shifted_reg[11][19]_i_2_n_0
    SLICE_X44Y34         CARRY4 (Prop_carry4_CI_CO[3])
                                                      0.114     5.525 r  design_1_i/gemv_q8_0_dma_top_0/inst/core/scaled_shifted_reg[11][23]_i_2/CO[3]
                         net (fo=1, routed)           0.000     5.525    design_1_i/gemv_q8_0_dma_top_0/inst/core/scaled_shifted_reg[11][23]_i_2_n_0
    SLICE_X44Y35         CARRY4 (Prop_carry4_CI_CO[3])
                                                      0.114     5.639 r  design_1_i/gemv_q8_0_dma_top_0/inst/core/scaled_shifted_reg[11][27]_i_2/CO[3]
                         net (fo=1, routed)           0.000     5.639    design_1_i/gemv_q8_0_dma_top_0/inst/core/scaled_shifted_reg[11][27]_i_2_n_0
    SLICE_X44Y36         CARRY4 (Prop_carry4_CI_O[1])
                                                      0.334     5.973 r  design_1_i/gemv_q8_0_dma_top_0/inst/core/scaled_shifted_reg[11][31]_i_2/O[1]
                         net (fo=4, routed)           1.277     7.250    design_1_i/gemv_q8_0_dma_top_0/inst/core/scaled_product_reg[11]__1[29]
    SLICE_X52Y54         LUT2 (Prop_lut2_I0_O)        0.303     7.553 r  design_1_i/gemv_q8_0_dma_top_0/inst/core/scaled_shifted[11][0]_i_42/O
                         net (fo=1, routed)           0.000     7.553    design_1_i/gemv_q8_0_dma_top_0/inst/core/scaled_shifted[11][0]_i_42_n_0
    SLICE_X52Y54         CARRY4 (Prop_carry4_S[1]_CO[3])
                                                      0.550     8.103 r  design_1_i/gemv_q8_0_dma_top_0/inst/core/scaled_shifted_reg[11][0]_i_26/CO[3]
                         net (fo=1, routed)           0.000     8.103    design_1_i/gemv_q8_0_dma_top_0/inst/core/scaled_shifted_reg[11][0]_i_26_n_0
    SLICE_X52Y55         CARRY4 (Prop_carry4_CI_CO[3])
                                                      0.114     8.217 r  design_1_i/gemv_q8_0_dma_top_0/inst/core/scaled_shifted_reg[11][0]_i_38/CO[3]
                         net (fo=1, routed)           0.000     8.217    design_1_i/gemv_q8_0_dma_top_0/inst/core/scaled_shifted_reg[11][0]_i_38_n_0
    SLICE_X52Y56         CARRY4 (Prop_carry4_CI_CO[3])
                                                      0.114     8.331 r  design_1_i/gemv_q8_0_dma_top_0/inst/core/scaled_shifted_reg[11][0]_i_31/CO[3]
                         net (fo=1, routed)           0.000     8.331    design_1_i/gemv_q8_0_dma_top_0/inst/core/scaled_shifted_reg[11][0]_i_31_n_0
    SLICE_X52Y57         CARRY4 (Prop_carry4_CI_CO[3])
                                                      0.114     8.445 r  design_1_i/gemv_q8_0_dma_top_0/inst/core/scaled_shifted_reg[11][0]_i_34/CO[3]
                         net (fo=1, routed)           0.000     8.445    design_1_i/gemv_q8_0_dma_top_0/inst/core/scaled_shifted_reg[11][0]_i_34_n_0
    SLICE_X52Y58         CARRY4 (Prop_carry4_CI_CO[3])
                                                      0.114     8.559 r  design_1_i/gemv_q8_0_dma_top_0/inst/core/scaled_shifted_reg[11][0]_i_27/CO[3]
                         net (fo=1, routed)           0.000     8.559    design_1_i/gemv_q8_0_dma_top_0/inst/core/scaled_shifted_reg[11][0]_i_27_n_0
    SLICE_X52Y59         CARRY4 (Prop_carry4_CI_CO[3])
                                                      0.114     8.673 r  design_1_i/gemv_q8_0_dma_top_0/inst/core/scaled_shifted_reg[11][0]_i_36/CO[3]
                         net (fo=1, routed)           0.000     8.673    design_1_i/gemv_q8_0_dma_top_0/inst/core/scaled_shifted_reg[11][0]_i_36_n_0
    SLICE_X52Y60         CARRY4 (Prop_carry4_CI_CO[3])
                                                      0.114     8.787 r  design_1_i/gemv_q8_0_dma_top_0/inst/core/scaled_shifted_reg[11][0]_i_29/CO[3]
                         net (fo=1, routed)           0.000     8.787    design_1_i/gemv_q8_0_dma_top_0/inst/core/scaled_shifted_reg[11][0]_i_29_n_0
    SLICE_X52Y61         CARRY4 (Prop_carry4_CI_CO[3])
                                                      0.114     8.901 r  design_1_i/gemv_q8_0_dma_top_0/inst/core/scaled_shifted_reg[11][63]_i_31/CO[3]
                         net (fo=1, routed)           0.000     8.901    design_1_i/gemv_q8_0_dma_top_0/inst/core/scaled_shifted_reg[11][63]_i_31_n_0
    SLICE_X52Y62         CARRY4 (Prop_carry4_CI_O[3])
                                                      0.313     9.214 f  design_1_i/gemv_q8_0_dma_top_0/inst/core/scaled_shifted_reg[11][63]_i_23/O[3]
                         net (fo=64, routed)          0.815    10.029    design_1_i/gemv_q8_0_dma_top_0/inst/core/p_2_out[63]
    SLICE_X57Y57         LUT5 (Prop_lut5_I2_O)        0.306    10.335 f  design_1_i/gemv_q8_0_dma_top_0/inst/core/scaled_shifted[11][36]_i_16/O
                         net (fo=3, routed)           0.447    10.782    design_1_i/gemv_q8_0_dma_top_0/inst/core/scaled_shifted[11][36]_i_16_n_0
    SLICE_X63Y57         LUT6 (Prop_lut6_I5_O)        0.124    10.906 f  design_1_i/gemv_q8_0_dma_top_0/inst/core/scaled_shifted[11][44]_i_16/O
                         net (fo=2, routed)           0.803    11.709    design_1_i/gemv_q8_0_dma_top_0/inst/core/scaled_shifted[11][44]_i_16_n_0
    SLICE_X62Y58         LUT3 (Prop_lut3_I2_O)        0.146    11.855 f  design_1_i/gemv_q8_0_dma_top_0/inst/core/scaled_shifted[11][44]_i_12/O
                         net (fo=4, routed)           1.312    13.167    design_1_i/gemv_q8_0_dma_top_0/inst/core/scaled_shifted[11][44]_i_12_n_0
    SLICE_X59Y73         LUT6 (Prop_lut6_I4_O)        0.328    13.495 r  design_1_i/gemv_q8_0_dma_top_0/inst/core/scaled_shifted[11][44]_i_7/O
                         net (fo=1, routed)           0.000    13.495    design_1_i/gemv_q8_0_dma_top_0/inst/core/scaled_shifted[11][44]_i_7_n_0
    SLICE_X59Y73         CARRY4 (Prop_carry4_S[1]_CO[3])
                                                      0.550    14.045 r  design_1_i/gemv_q8_0_dma_top_0/inst/core/scaled_shifted_reg[11][44]_i_3/CO[3]
                         net (fo=1, routed)           0.000    14.045    design_1_i/gemv_q8_0_dma_top_0/inst/core/scaled_shifted_reg[11][44]_i_3_n_0
    SLICE_X59Y74         CARRY4 (Prop_carry4_CI_CO[3])
                                                      0.114    14.159 r  design_1_i/gemv_q8_0_dma_top_0/inst/core/scaled_shifted_reg[11][46]_i_3/CO[3]
                         net (fo=1, routed)           0.009    14.168    design_1_i/gemv_q8_0_dma_top_0/inst/core/scaled_shifted_reg[11][46]_i_3_n_0
    SLICE_X59Y75         CARRY4 (Prop_carry4_CI_CO[3])
                                                      0.114    14.282 r  design_1_i/gemv_q8_0_dma_top_0/inst/core/scaled_shifted_reg[11][52]_i_4/CO[3]
                         net (fo=1, routed)           0.000    14.282    design_1_i/gemv_q8_0_dma_top_0/inst/core/scaled_shifted_reg[11][52]_i_4_n_0
    SLICE_X59Y76         CARRY4 (Prop_carry4_CI_CO[3])
                                                      0.114    14.396 r  design_1_i/gemv_q8_0_dma_top_0/inst/core/scaled_shifted_reg[11][60]_i_5/CO[3]
                         net (fo=1, routed)           0.000    14.396    design_1_i/gemv_q8_0_dma_top_0/inst/core/scaled_shifted_reg[11][60]_i_5_n_0
    SLICE_X59Y77         CARRY4 (Prop_carry4_CI_CO[3])
                                                      0.114    14.510 r  design_1_i/gemv_q8_0_dma_top_0/inst/core/scaled_shifted_reg[11][60]_i_3/CO[3]
                         net (fo=1, routed)           0.000    14.510    design_1_i/gemv_q8_0_dma_top_0/inst/core/scaled_shifted_reg[11][60]_i_3_n_0
    SLICE_X59Y78         CARRY4 (Prop_carry4_CI_O[1])
                                                      0.334    14.844 r  design_1_i/gemv_q8_0_dma_top_0/inst/core/scaled_shifted_reg[11][63]_i_4/O[1]
                         net (fo=1, routed)           0.594    15.438    design_1_i/gemv_q8_0_dma_top_0/inst/core/scaled_shifted_reg[11][63]_i_4_n_6
    SLICE_X63Y76         LUT6 (Prop_lut6_I4_O)        0.303    15.741 r  design_1_i/gemv_q8_0_dma_top_0/inst/core/scaled_shifted[11][62]_i_2/O
                         net (fo=1, routed)           0.432    16.173    design_1_i/gemv_q8_0_dma_top_0/inst/core/scaled_shifted[11][62]_i_2_n_0
    SLICE_X63Y77         LUT3 (Prop_lut3_I2_O)        0.124    16.297 r  design_1_i/gemv_q8_0_dma_top_0/inst/core/scaled_shifted[11][62]_i_1/O
                         net (fo=1, routed)           0.000    16.297    design_1_i/gemv_q8_0_dma_top_0/inst/core/round_shift_i64__0[62]
    SLICE_X63Y77         FDRE                                         r  design_1_i/gemv_q8_0_dma_top_0/inst/core/scaled_shifted_reg[11][62]/D
  -------------------------------------------------------------------    -------------------

                         (clock clk_fpga_0 rise edge)
                                                     12.999    12.999 r  
    PS7_X0Y0             PS7                          0.000    12.999 r  design_1_i/processing_system7_0/inst/PS7_i/FCLKCLK[0]
                         net (fo=1, routed)           1.088    14.087    design_1_i/processing_system7_0/inst/FCLK_CLK_unbuffered[0]
    BUFGCTRL_X0Y19       BUFG (Prop_bufg_I_O)         0.091    14.178 r  design_1_i/processing_system7_0/inst/buffer_fclk_clk_0.FCLK_CLK_0_BUFG_replica_2/O
                         net (fo=5, routed)           0.133    14.311    design_1_i/processing_system7_0/inst/FCLK_CLK0_repN_2
    BUFGCTRL_X0Y18       BUFG (Prop_bufg_I_O)         0.091    14.402 r  design_1_i/processing_system7_0/inst/buffer_fclk_clk_0.FCLK_CLK_0_BUFG_replica_1/O
                         net (fo=18, routed)          0.133    14.535    design_1_i/processing_system7_0/inst/FCLK_CLK0_repN_1
    BUFGCTRL_X0Y17       BUFG (Prop_bufg_I_O)         0.091    14.626 r  design_1_i/processing_system7_0/inst/buffer_fclk_clk_0.FCLK_CLK_0_BUFG_replica/O
                         net (fo=69, routed)          0.133    14.759    design_1_i/processing_system7_0/inst/FCLK_CLK0_repN
    BUFGCTRL_X0Y16       BUFG (Prop_bufg_I_O)         0.091    14.850 r  design_1_i/processing_system7_0/inst/buffer_fclk_clk_0.FCLK_CLK_0_BUFG/O
                         net (fo=18497, routed)       1.526    16.376    design_1_i/gemv_q8_0_dma_top_0/inst/core/S_AXI_ACLK
    SLICE_X63Y77         FDRE                                         r  design_1_i/gemv_q8_0_dma_top_0/inst/core/scaled_shifted_reg[11][62]/C
                         clock pessimism              0.184    16.560    
                         clock uncertainty           -0.198    16.362    
    SLICE_X63Y77         FDRE (Setup_fdre_C_D)        0.031    16.393    design_1_i/gemv_q8_0_dma_top_0/inst/core/scaled_shifted_reg[11][62]
  -------------------------------------------------------------------
                         required time                         16.393    
                         arrival time                         -16.297    
  -------------------------------------------------------------------
                         slack                                  0.095    

Slack (MET) :             0.096ns  (required time - arrival time)
  Source:                 design_1_i/gemv_q8_0_dma_top_0/inst/core/scale_shift_reg_reg[4]_rep__16_replica_2/C
                            (rising edge-triggered cell FDSE clocked by clk_fpga_0  {rise@0.000ns fall@6.499ns period=12.999ns})
  Destination:            design_1_i/gemv_q8_0_dma_top_0/inst/core/scaled_shifted_reg[2][58]/D
                            (rising edge-triggered cell FDRE clocked by clk_fpga_0  {rise@0.000ns fall@6.499ns period=12.999ns})
  Path Group:             clk_fpga_0
  Path Type:              Setup (Max at Slow Process Corner)
  Requirement:            12.999ns  (clk_fpga_0 rise@12.999ns - clk_fpga_0 rise@0.000ns)
  Data Path Delay:        12.667ns  (logic 5.407ns (42.687%)  route 7.260ns (57.313%))
  Logic Levels:           28  (CARRY4=21 LUT2=1 LUT3=1 LUT5=1 LUT6=4)
  Clock Path Skew:        -0.156ns (DCD - SCD + CPR)
    Destination Clock Delay (DCD):    3.303ns = ( 16.302 - 12.999 ) 
    Source Clock Delay      (SCD):    3.757ns
    Clock Pessimism Removal (CPR):    0.298ns
  Clock Uncertainty:      0.198ns  ((TSJ^2 + TIJ^2)^1/2 + DJ) / 2 + PE
    Total System Jitter     (TSJ):    0.071ns
    Total Input Jitter      (TIJ):    0.390ns
    Discrete Jitter          (DJ):    0.000ns
    Phase Error              (PE):    0.000ns

    Location             Delay type                Incr(ns)  Path(ns)    Netlist Resource(s)
  -------------------------------------------------------------------    -------------------
                         (clock clk_fpga_0 rise edge)
                                                      0.000     0.000 r  
    PS7_X0Y0             PS7                          0.000     0.000 r  design_1_i/processing_system7_0/inst/PS7_i/FCLKCLK[0]
                         net (fo=1, routed)           1.193     1.193    design_1_i/processing_system7_0/inst/FCLK_CLK_unbuffered[0]
    BUFGCTRL_X0Y19       BUFG (Prop_bufg_I_O)         0.101     1.294 r  design_1_i/processing_system7_0/inst/buffer_fclk_clk_0.FCLK_CLK_0_BUFG_replica_2/O
                         net (fo=5, routed)           0.146     1.440    design_1_i/processing_system7_0/inst/FCLK_CLK0_repN_2
    BUFGCTRL_X0Y18       BUFG (Prop_bufg_I_O)         0.101     1.541 r  design_1_i/processing_system7_0/inst/buffer_fclk_clk_0.FCLK_CLK_0_BUFG_replica_1/O
                         net (fo=18, routed)          0.146     1.687    design_1_i/processing_system7_0/inst/FCLK_CLK0_repN_1
    BUFGCTRL_X0Y17       BUFG (Prop_bufg_I_O)         0.101     1.788 r  design_1_i/processing_system7_0/inst/buffer_fclk_clk_0.FCLK_CLK_0_BUFG_replica/O
                         net (fo=69, routed)          0.146     1.934    design_1_i/processing_system7_0/inst/FCLK_CLK0_repN
    BUFGCTRL_X0Y16       BUFG (Prop_bufg_I_O)         0.101     2.035 r  design_1_i/processing_system7_0/inst/buffer_fclk_clk_0.FCLK_CLK_0_BUFG/O
                         net (fo=18497, routed)       1.722     3.757    design_1_i/gemv_q8_0_dma_top_0/inst/core/S_AXI_ACLK
    SLICE_X83Y52         FDSE                                         r  design_1_i/gemv_q8_0_dma_top_0/inst/core/scale_shift_reg_reg[4]_rep__16_replica_2/C
  -------------------------------------------------------------------    -------------------
    SLICE_X83Y52         FDSE (Prop_fdse_C_Q)         0.456     4.213 f  design_1_i/gemv_q8_0_dma_top_0/inst/core/scale_shift_reg_reg[4]_rep__16_replica_2/Q
                         net (fo=12, routed)          1.195     5.408    design_1_i/gemv_q8_0_dma_top_0/inst/core/scale_shift_reg_reg[4]_rep__16_n_0_repN_2
    SLICE_X81Y54         LUT6 (Prop_lut6_I0_O)        0.124     5.532 r  design_1_i/gemv_q8_0_dma_top_0/inst/core/scaled_shifted[1][0]_i_134/O
                         net (fo=39, routed)          2.003     7.535    design_1_i/gemv_q8_0_dma_top_0/inst/core/scaled_shifted[1][0]_i_134_n_0
    SLICE_X47Y59         LUT2 (Prop_lut2_I1_O)        0.124     7.659 r  design_1_i/gemv_q8_0_dma_top_0/inst/core/scaled_shifted[2][0]_i_90/O
                         net (fo=1, routed)           0.000     7.659    design_1_i/gemv_q8_0_dma_top_0/inst/core/scaled_shifted[2][0]_i_90_n_0
    SLICE_X47Y59         CARRY4 (Prop_carry4_S[1]_CO[3])
                                                      0.550     8.209 r  design_1_i/gemv_q8_0_dma_top_0/inst/core/scaled_shifted_reg[2][0]_i_38/CO[3]
                         net (fo=1, routed)           0.000     8.209    design_1_i/gemv_q8_0_dma_top_0/inst/core/scaled_shifted_reg[2][0]_i_38_n_0
    SLICE_X47Y60         CARRY4 (Prop_carry4_CI_CO[3])
                                                      0.114     8.323 r  design_1_i/gemv_q8_0_dma_top_0/inst/core/scaled_shifted_reg[2][0]_i_31/CO[3]
                         net (fo=1, routed)           0.000     8.323    design_1_i/gemv_q8_0_dma_top_0/inst/core/scaled_shifted_reg[2][0]_i_31_n_0
    SLICE_X47Y61         CARRY4 (Prop_carry4_CI_CO[3])
                                                      0.114     8.437 r  design_1_i/gemv_q8_0_dma_top_0/inst/core/scaled_shifted_reg[2][0]_i_34/CO[3]
                         net (fo=1, routed)           0.000     8.437    design_1_i/gemv_q8_0_dma_top_0/inst/core/scaled_shifted_reg[2][0]_i_34_n_0
    SLICE_X47Y62         CARRY4 (Prop_carry4_CI_CO[3])
                                                      0.114     8.551 r  design_1_i/gemv_q8_0_dma_top_0/inst/core/scaled_shifted_reg[2][0]_i_27/CO[3]
                         net (fo=1, routed)           0.000     8.551    design_1_i/gemv_q8_0_dma_top_0/inst/core/scaled_shifted_reg[2][0]_i_27_n_0
    SLICE_X47Y63         CARRY4 (Prop_carry4_CI_CO[3])
                                                      0.114     8.665 r  design_1_i/gemv_q8_0_dma_top_0/inst/core/scaled_shifted_reg[2][0]_i_36/CO[3]
                         net (fo=1, routed)           0.000     8.665    design_1_i/gemv_q8_0_dma_top_0/inst/core/scaled_shifted_reg[2][0]_i_36_n_0
    SLICE_X47Y64         CARRY4 (Prop_carry4_CI_CO[3])
                                                      0.114     8.779 r  design_1_i/gemv_q8_0_dma_top_0/inst/core/scaled_shifted_reg[2][0]_i_29/CO[3]
                         net (fo=1, routed)           0.000     8.779    design_1_i/gemv_q8_0_dma_top_0/inst/core/scaled_shifted_reg[2][0]_i_29_n_0
    SLICE_X47Y65         CARRY4 (Prop_carry4_CI_CO[3])
                                                      0.114     8.893 r  design_1_i/gemv_q8_0_dma_top_0/inst/core/scaled_shifted_reg[2][63]_i_31/CO[3]
                         net (fo=1, routed)           0.000     8.893    design_1_i/gemv_q8_0_dma_top_0/inst/core/scaled_shifted_reg[2][63]_i_31_n_0
    SLICE_X47Y66         CARRY4 (Prop_carry4_CI_O[3])
                                                      0.313     9.206 f  design_1_i/gemv_q8_0_dma_top_0/inst/core/scaled_shifted_reg[2][63]_i_23/O[3]
                         net (fo=64, routed)          1.076    10.283    design_1_i/gemv_q8_0_dma_top_0/inst/core/scaled_shifted_reg[2][63]_i_23_n_4
    SLICE_X51Y57         LUT6 (Prop_lut6_I0_O)        0.306    10.589 f  design_1_i/gemv_q8_0_dma_top_0/inst/core/scaled_shifted[2][24]_i_15/O
                         net (fo=4, routed)           0.882    11.471    design_1_i/gemv_q8_0_dma_top_0/inst/core/scaled_shifted[2][24]_i_15_n_0
    SLICE_X51Y58         LUT6 (Prop_lut6_I0_O)        0.124    11.595 f  design_1_i/gemv_q8_0_dma_top_0/inst/core/scaled_shifted[2][12]_i_11/O
                         net (fo=4, routed)           0.886    12.481    design_1_i/gemv_q8_0_dma_top_0/inst/core/scaled_shifted[2][12]_i_11_n_0
    SLICE_X50Y63         LUT6 (Prop_lut6_I2_O)        0.124    12.605 r  design_1_i/gemv_q8_0_dma_top_0/inst/core/scaled_shifted[2][12]_i_7/O
                         net (fo=1, routed)           0.000    12.605    design_1_i/gemv_q8_0_dma_top_0/inst/core/scaled_shifted[2][12]_i_7_n_0
    SLICE_X50Y63         CARRY4 (Prop_carry4_S[1]_CO[3])
                                                      0.533    13.138 r  design_1_i/gemv_q8_0_dma_top_0/inst/core/scaled_shifted_reg[2][12]_i_3/CO[3]
                         net (fo=1, routed)           0.000    13.138    design_1_i/gemv_q8_0_dma_top_0/inst/core/scaled_shifted_reg[2][12]_i_3_n_0
    SLICE_X50Y64         CARRY4 (Prop_carry4_CI_CO[3])
                                                      0.117    13.255 r  design_1_i/gemv_q8_0_dma_top_0/inst/core/scaled_shifted_reg[2][16]_i_3/CO[3]
                         net (fo=1, routed)           0.000    13.255    design_1_i/gemv_q8_0_dma_top_0/inst/core/scaled_shifted_reg[2][16]_i_3_n_0
    SLICE_X50Y65         CARRY4 (Prop_carry4_CI_CO[3])
                                                      0.117    13.372 r  design_1_i/gemv_q8_0_dma_top_0/inst/core/scaled_shifted_reg[2][20]_i_3/CO[3]
                         net (fo=1, routed)           0.000    13.372    design_1_i/gemv_q8_0_dma_top_0/inst/core/scaled_shifted_reg[2][20]_i_3_n_0
    SLICE_X50Y66         CARRY4 (Prop_carry4_CI_CO[3])
                                                      0.117    13.489 r  design_1_i/gemv_q8_0_dma_top_0/inst/core/scaled_shifted_reg[2][24]_i_3/CO[3]
                         net (fo=1, routed)           0.000    13.489    design_1_i/gemv_q8_0_dma_top_0/inst/core/scaled_shifted_reg[2][24]_i_3_n_0
    SLICE_X50Y67         CARRY4 (Prop_carry4_CI_CO[3])
                                                      0.117    13.606 r  design_1_i/gemv_q8_0_dma_top_0/inst/core/scaled_shifted_reg[2][28]_i_3/CO[3]
                         net (fo=1, routed)           0.000    13.606    design_1_i/gemv_q8_0_dma_top_0/inst/core/scaled_shifted_reg[2][28]_i_3_n_0
    SLICE_X50Y68         CARRY4 (Prop_carry4_CI_CO[3])
                                                      0.117    13.723 r  design_1_i/gemv_q8_0_dma_top_0/inst/core/scaled_shifted_reg[2][32]_i_3/CO[3]
                         net (fo=1, routed)           0.000    13.723    design_1_i/gemv_q8_0_dma_top_0/inst/core/scaled_shifted_reg[2][32]_i_3_n_0
    SLICE_X50Y69         CARRY4 (Prop_carry4_CI_CO[3])
                                                      0.117    13.840 r  design_1_i/gemv_q8_0_dma_top_0/inst/core/scaled_shifted_reg[2][36]_i_3/CO[3]
                         net (fo=1, routed)           0.000    13.840    design_1_i/gemv_q8_0_dma_top_0/inst/core/scaled_shifted_reg[2][36]_i_3_n_0
    SLICE_X50Y70         CARRY4 (Prop_carry4_CI_CO[3])
                                                      0.117    13.957 r  design_1_i/gemv_q8_0_dma_top_0/inst/core/scaled_shifted_reg[2][40]_i_3/CO[3]
                         net (fo=1, routed)           0.000    13.957    design_1_i/gemv_q8_0_dma_top_0/inst/core/scaled_shifted_reg[2][40]_i_3_n_0
    SLICE_X50Y71         CARRY4 (Prop_carry4_CI_CO[3])
                                                      0.117    14.074 r  design_1_i/gemv_q8_0_dma_top_0/inst/core/scaled_shifted_reg[2][44]_i_3/CO[3]
                         net (fo=1, routed)           0.000    14.074    design_1_i/gemv_q8_0_dma_top_0/inst/core/scaled_shifted_reg[2][44]_i_3_n_0
    SLICE_X50Y72         CARRY4 (Prop_carry4_CI_CO[3])
                                                      0.117    14.191 r  design_1_i/gemv_q8_0_dma_top_0/inst/core/scaled_shifted_reg[2][46]_i_3/CO[3]
                         net (fo=1, routed)           0.000    14.191    design_1_i/gemv_q8_0_dma_top_0/inst/core/scaled_shifted_reg[2][46]_i_3_n_0
    SLICE_X50Y73         CARRY4 (Prop_carry4_CI_CO[3])
                                                      0.117    14.308 r  design_1_i/gemv_q8_0_dma_top_0/inst/core/scaled_shifted_reg[2][52]_i_4/CO[3]
                         net (fo=1, routed)           0.000    14.308    design_1_i/gemv_q8_0_dma_top_0/inst/core/scaled_shifted_reg[2][52]_i_4_n_0
    SLICE_X50Y74         CARRY4 (Prop_carry4_CI_CO[3])
                                                      0.117    14.425 r  design_1_i/gemv_q8_0_dma_top_0/inst/core/scaled_shifted_reg[2][60]_i_5/CO[3]
                         net (fo=1, routed)           0.009    14.434    design_1_i/gemv_q8_0_dma_top_0/inst/core/scaled_shifted_reg[2][60]_i_5_n_0
    SLICE_X50Y75         CARRY4 (Prop_carry4_CI_O[1])
                                                      0.323    14.757 r  design_1_i/gemv_q8_0_dma_top_0/inst/core/scaled_shifted_reg[2][60]_i_3/O[1]
                         net (fo=1, routed)           0.557    15.314    design_1_i/gemv_q8_0_dma_top_0/inst/core/scaled_shifted_reg[2][60]_i_3_n_6
    SLICE_X53Y77         LUT5 (Prop_lut5_I3_O)        0.306    15.620 r  design_1_i/gemv_q8_0_dma_top_0/inst/core/scaled_shifted[2][58]_i_2/O
                         net (fo=1, routed)           0.650    16.271    design_1_i/gemv_q8_0_dma_top_0/inst/core/scaled_shifted[2][58]_i_2_n_0
    SLICE_X50Y77         LUT3 (Prop_lut3_I2_O)        0.153    16.424 r  design_1_i/gemv_q8_0_dma_top_0/inst/core/scaled_shifted[2][58]_i_1/O
                         net (fo=1, routed)           0.000    16.424    design_1_i/gemv_q8_0_dma_top_0/inst/core/scaled_shifted[2][58]_i_1_n_0
    SLICE_X50Y77         FDRE                                         r  design_1_i/gemv_q8_0_dma_top_0/inst/core/scaled_shifted_reg[2][58]/D
  -------------------------------------------------------------------    -------------------

                         (clock clk_fpga_0 rise edge)
                                                     12.999    12.999 r  
    PS7_X0Y0             PS7                          0.000    12.999 r  design_1_i/processing_system7_0/inst/PS7_i/FCLKCLK[0]
                         net (fo=1, routed)           1.088    14.087    design_1_i/processing_system7_0/inst/FCLK_CLK_unbuffered[0]
    BUFGCTRL_X0Y19       BUFG (Prop_bufg_I_O)         0.091    14.178 r  design_1_i/processing_system7_0/inst/buffer_fclk_clk_0.FCLK_CLK_0_BUFG_replica_2/O
                         net (fo=5, routed)           0.133    14.311    design_1_i/processing_system7_0/inst/FCLK_CLK0_repN_2
    BUFGCTRL_X0Y18       BUFG (Prop_bufg_I_O)         0.091    14.402 r  design_1_i/processing_system7_0/inst/buffer_fclk_clk_0.FCLK_CLK_0_BUFG_replica_1/O
                         net (fo=18, routed)          0.133    14.535    design_1_i/processing_system7_0/inst/FCLK_CLK0_repN_1
    BUFGCTRL_X0Y17       BUFG (Prop_bufg_I_O)         0.091    14.626 r  design_1_i/processing_system7_0/inst/buffer_fclk_clk_0.FCLK_CLK_0_BUFG_replica/O
                         net (fo=69, routed)          0.133    14.759    design_1_i/processing_system7_0/inst/FCLK_CLK0_repN
    BUFGCTRL_X0Y16       BUFG (Prop_bufg_I_O)         0.091    14.850 r  design_1_i/processing_system7_0/inst/buffer_fclk_clk_0.FCLK_CLK_0_BUFG/O
                         net (fo=18497, routed)       1.452    16.302    design_1_i/gemv_q8_0_dma_top_0/inst/core/S_AXI_ACLK
    SLICE_X50Y77         FDRE                                         r  design_1_i/gemv_q8_0_dma_top_0/inst/core/scaled_shifted_reg[2][58]/C
                         clock pessimism              0.298    16.600    
                         clock uncertainty           -0.198    16.402    
    SLICE_X50Y77         FDRE (Setup_fdre_C_D)        0.118    16.520    design_1_i/gemv_q8_0_dma_top_0/inst/core/scaled_shifted_reg[2][58]
  -------------------------------------------------------------------
                         required time                         16.520    
                         arrival time                         -16.424    
  -------------------------------------------------------------------
                         slack                                  0.096    

Slack (MET) :             0.096ns  (required time - arrival time)
  Source:                 design_1_i/gemv_q8_0_dma_top_0/inst/core/scaled_shifted[3][23]_i_6_psdsp/C
                            (rising edge-triggered cell FDRE clocked by clk_fpga_0  {rise@0.000ns fall@6.499ns period=12.999ns})
  Destination:            design_1_i/gemv_q8_0_dma_top_0/inst/core/scaled_shifted_reg[3][50]/D
                            (rising edge-triggered cell FDRE clocked by clk_fpga_0  {rise@0.000ns fall@6.499ns period=12.999ns})
  Path Group:             clk_fpga_0
  Path Type:              Setup (Max at Slow Process Corner)
  Requirement:            12.999ns  (clk_fpga_0 rise@12.999ns - clk_fpga_0 rise@0.000ns)
  Data Path Delay:        12.633ns  (logic 6.428ns (50.882%)  route 6.205ns (49.118%))
  Logic Levels:           31  (CARRY4=25 LUT2=1 LUT3=1 LUT5=1 LUT6=3)
  Clock Path Skew:        -0.189ns (DCD - SCD + CPR)
    Destination Clock Delay (DCD):    3.459ns = ( 16.458 - 12.999 ) 
    Source Clock Delay      (SCD):    3.832ns
    Clock Pessimism Removal (CPR):    0.184ns
  Clock Uncertainty:      0.198ns  ((TSJ^2 + TIJ^2)^1/2 + DJ) / 2 + PE
    Total System Jitter     (TSJ):    0.071ns
    Total Input Jitter      (TIJ):    0.390ns
    Discrete Jitter          (DJ):    0.000ns
    Phase Error              (PE):    0.000ns

    Location             Delay type                Incr(ns)  Path(ns)    Netlist Resource(s)
  -------------------------------------------------------------------    -------------------
                         (clock clk_fpga_0 rise edge)
                                                      0.000     0.000 r  
    PS7_X0Y0             PS7                          0.000     0.000 r  design_1_i/processing_system7_0/inst/PS7_i/FCLKCLK[0]
                         net (fo=1, routed)           1.193     1.193    design_1_i/processing_system7_0/inst/FCLK_CLK_unbuffered[0]
    BUFGCTRL_X0Y19       BUFG (Prop_bufg_I_O)         0.101     1.294 r  design_1_i/processing_system7_0/inst/buffer_fclk_clk_0.FCLK_CLK_0_BUFG_replica_2/O
                         net (fo=5, routed)           0.146     1.440    design_1_i/processing_system7_0/inst/FCLK_CLK0_repN_2
    BUFGCTRL_X0Y18       BUFG (Prop_bufg_I_O)         0.101     1.541 r  design_1_i/processing_system7_0/inst/buffer_fclk_clk_0.FCLK_CLK_0_BUFG_replica_1/O
                         net (fo=18, routed)          0.146     1.687    design_1_i/processing_system7_0/inst/FCLK_CLK0_repN_1
    BUFGCTRL_X0Y17       BUFG (Prop_bufg_I_O)         0.101     1.788 r  design_1_i/processing_system7_0/inst/buffer_fclk_clk_0.FCLK_CLK_0_BUFG_replica/O
                         net (fo=69, routed)          0.146     1.934    design_1_i/processing_system7_0/inst/FCLK_CLK0_repN
    BUFGCTRL_X0Y16       BUFG (Prop_bufg_I_O)         0.101     2.035 r  design_1_i/processing_system7_0/inst/buffer_fclk_clk_0.FCLK_CLK_0_BUFG/O
                         net (fo=18497, routed)       1.797     3.832    design_1_i/gemv_q8_0_dma_top_0/inst/core/S_AXI_ACLK
    SLICE_X99Y35         FDRE                                         r  design_1_i/gemv_q8_0_dma_top_0/inst/core/scaled_shifted[3][23]_i_6_psdsp/C
  -------------------------------------------------------------------    -------------------
    SLICE_X99Y35         FDRE (Prop_fdre_C_Q)         0.456     4.288 r  design_1_i/gemv_q8_0_dma_top_0/inst/core/scaled_shifted[3][23]_i_6_psdsp/Q
                         net (fo=2, routed)           0.629     4.917    design_1_i/gemv_q8_0_dma_top_0/inst/core/scaled_product_reg[3]__0_n_101
    SLICE_X98Y35         CARRY4 (Prop_carry4_DI[1]_CO[3])
                                                      0.520     5.437 r  design_1_i/gemv_q8_0_dma_top_0/inst/core/scaled_shifted_reg[3][23]_i_2/CO[3]
                         net (fo=1, routed)           0.000     5.437    design_1_i/gemv_q8_0_dma_top_0/inst/core/scaled_shifted_reg[3][23]_i_2_n_0
    SLICE_X98Y36         CARRY4 (Prop_carry4_CI_CO[3])
                                                      0.117     5.554 r  design_1_i/gemv_q8_0_dma_top_0/inst/core/scaled_shifted_reg[3][27]_i_2/CO[3]
                         net (fo=1, routed)           0.000     5.554    design_1_i/gemv_q8_0_dma_top_0/inst/core/scaled_shifted_reg[3][27]_i_2_n_0
    SLICE_X98Y37         CARRY4 (Prop_carry4_CI_O[0])
                                                      0.219     5.773 r  design_1_i/gemv_q8_0_dma_top_0/inst/core/scaled_shifted_reg[3][31]_i_2/O[0]
                         net (fo=4, routed)           1.470     7.243    design_1_i/gemv_q8_0_dma_top_0/inst/core/scaled_product_reg[3]__1[28]
    SLICE_X95Y58         LUT2 (Prop_lut2_I0_O)        0.295     7.538 r  design_1_i/gemv_q8_0_dma_top_0/inst/core/scaled_shifted[3][0]_i_43/O
                         net (fo=1, routed)           0.000     7.538    design_1_i/gemv_q8_0_dma_top_0/inst/core/scaled_shifted[3][0]_i_43_n_0
    SLICE_X95Y58         CARRY4 (Prop_carry4_S[0]_CO[3])
                                                      0.532     8.070 r  design_1_i/gemv_q8_0_dma_top_0/inst/core/scaled_shifted_reg[3][0]_i_26/CO[3]
                         net (fo=1, routed)           0.000     8.070    design_1_i/gemv_q8_0_dma_top_0/inst/core/scaled_shifted_reg[3][0]_i_26_n_0
    SLICE_X95Y59         CARRY4 (Prop_carry4_CI_CO[3])
                                                      0.114     8.184 r  design_1_i/gemv_q8_0_dma_top_0/inst/core/scaled_shifted_reg[3][0]_i_38/CO[3]
                         net (fo=1, routed)           0.000     8.184    design_1_i/gemv_q8_0_dma_top_0/inst/core/scaled_shifted_reg[3][0]_i_38_n_0
    SLICE_X95Y60         CARRY4 (Prop_carry4_CI_CO[3])
                                                      0.114     8.298 r  design_1_i/gemv_q8_0_dma_top_0/inst/core/scaled_shifted_reg[3][0]_i_31/CO[3]
                         net (fo=1, routed)           0.000     8.298    design_1_i/gemv_q8_0_dma_top_0/inst/core/scaled_shifted_reg[3][0]_i_31_n_0
    SLICE_X95Y61         CARRY4 (Prop_carry4_CI_CO[3])
                                                      0.114     8.412 r  design_1_i/gemv_q8_0_dma_top_0/inst/core/scaled_shifted_reg[3][0]_i_34/CO[3]
                         net (fo=1, routed)           0.000     8.412    design_1_i/gemv_q8_0_dma_top_0/inst/core/scaled_shifted_reg[3][0]_i_34_n_0
    SLICE_X95Y62         CARRY4 (Prop_carry4_CI_CO[3])
                                                      0.114     8.526 r  design_1_i/gemv_q8_0_dma_top_0/inst/core/scaled_shifted_reg[3][0]_i_27/CO[3]
                         net (fo=1, routed)           0.000     8.526    design_1_i/gemv_q8_0_dma_top_0/inst/core/scaled_shifted_reg[3][0]_i_27_n_0
    SLICE_X95Y63         CARRY4 (Prop_carry4_CI_CO[3])
                                                      0.114     8.640 r  design_1_i/gemv_q8_0_dma_top_0/inst/core/scaled_shifted_reg[3][0]_i_36/CO[3]
                         net (fo=1, routed)           0.000     8.640    design_1_i/gemv_q8_0_dma_top_0/inst/core/scaled_shifted_reg[3][0]_i_36_n_0
    SLICE_X95Y64         CARRY4 (Prop_carry4_CI_CO[3])
                                                      0.114     8.754 r  design_1_i/gemv_q8_0_dma_top_0/inst/core/scaled_shifted_reg[3][0]_i_29/CO[3]
                         net (fo=1, routed)           0.000     8.754    design_1_i/gemv_q8_0_dma_top_0/inst/core/scaled_shifted_reg[3][0]_i_29_n_0
    SLICE_X95Y65         CARRY4 (Prop_carry4_CI_CO[3])
                                                      0.114     8.868 r  design_1_i/gemv_q8_0_dma_top_0/inst/core/scaled_shifted_reg[3][63]_i_31/CO[3]
                         net (fo=1, routed)           0.000     8.868    design_1_i/gemv_q8_0_dma_top_0/inst/core/scaled_shifted_reg[3][63]_i_31_n_0
    SLICE_X95Y66         CARRY4 (Prop_carry4_CI_O[3])
                                                      0.313     9.181 f  design_1_i/gemv_q8_0_dma_top_0/inst/core/scaled_shifted_reg[3][63]_i_23/O[3]
                         net (fo=64, routed)          0.792     9.973    design_1_i/gemv_q8_0_dma_top_0/inst/core/scaled_shifted_reg[3][63]_i_23_n_4
    SLICE_X93Y63         LUT6 (Prop_lut6_I0_O)        0.306    10.279 f  design_1_i/gemv_q8_0_dma_top_0/inst/core/scaled_shifted[3][0]_i_10/O
                         net (fo=4, routed)           0.417    10.696    design_1_i/gemv_q8_0_dma_top_0/inst/core/scaled_shifted[3][0]_i_10_n_0
    SLICE_X93Y63         LUT6 (Prop_lut6_I0_O)        0.124    10.820 f  design_1_i/gemv_q8_0_dma_top_0/inst/core/scaled_shifted[3][0]_i_5/O
                         net (fo=4, routed)           1.285    12.105    design_1_i/gemv_q8_0_dma_top_0/inst/core/scaled_shifted[3][0]_i_5_n_0
    SLICE_X94Y75         LUT6 (Prop_lut6_I0_O)        0.124    12.229 r  design_1_i/gemv_q8_0_dma_top_0/inst/core/scaled_shifted[3][0]_i_3/O
                         net (fo=2, routed)           0.338    12.567    design_1_i/gemv_q8_0_dma_top_0/inst/core/scaled_shifted[3][4]_i_5_n_0
    SLICE_X97Y76         CARRY4 (Prop_carry4_CYINIT_CO[3])
                                                      0.580    13.147 r  design_1_i/gemv_q8_0_dma_top_0/inst/core/scaled_shifted_reg[3][4]_i_3/CO[3]
                         net (fo=1, routed)           0.000    13.147    design_1_i/gemv_q8_0_dma_top_0/inst/core/scaled_shifted_reg[3][4]_i_3_n_0
    SLICE_X97Y77         CARRY4 (Prop_carry4_CI_CO[3])
                                                      0.114    13.261 r  design_1_i/gemv_q8_0_dma_top_0/inst/core/scaled_shifted_reg[3][8]_i_3/CO[3]
                         net (fo=1, routed)           0.000    13.261    design_1_i/gemv_q8_0_dma_top_0/inst/core/scaled_shifted_reg[3][8]_i_3_n_0
    SLICE_X97Y78         CARRY4 (Prop_carry4_CI_CO[3])
                                                      0.114    13.375 r  design_1_i/gemv_q8_0_dma_top_0/inst/core/scaled_shifted_reg[3][12]_i_3/CO[3]
                         net (fo=1, routed)           0.000    13.375    design_1_i/gemv_q8_0_dma_top_0/inst/core/scaled_shifted_reg[3][12]_i_3_n_0
    SLICE_X97Y79         CARRY4 (Prop_carry4_CI_CO[3])
                                                      0.114    13.489 r  design_1_i/gemv_q8_0_dma_top_0/inst/core/scaled_shifted_reg[3][16]_i_3/CO[3]
                         net (fo=1, routed)           0.000    13.489    design_1_i/gemv_q8_0_dma_top_0/inst/core/scaled_shifted_reg[3][16]_i_3_n_0
    SLICE_X97Y80         CARRY4 (Prop_carry4_CI_CO[3])
                                                      0.114    13.603 r  design_1_i/gemv_q8_0_dma_top_0/inst/core/scaled_shifted_reg[3][20]_i_3/CO[3]
                         net (fo=1, routed)           0.000    13.603    design_1_i/gemv_q8_0_dma_top_0/inst/core/scaled_shifted_reg[3][20]_i_3_n_0
    SLICE_X97Y81         CARRY4 (Prop_carry4_CI_CO[3])
                                                      0.114    13.717 r  design_1_i/gemv_q8_0_dma_top_0/inst/core/scaled_shifted_reg[3][24]_i_3/CO[3]
                         net (fo=1, routed)           0.000    13.717    design_1_i/gemv_q8_0_dma_top_0/inst/core/scaled_shifted_reg[3][24]_i_3_n_0
    SLICE_X97Y82         CARRY4 (Prop_carry4_CI_CO[3])
                                                      0.114    13.831 r  design_1_i/gemv_q8_0_dma_top_0/inst/core/scaled_shifted_reg[3][28]_i_3/CO[3]
                         net (fo=1, routed)           0.000    13.831    design_1_i/gemv_q8_0_dma_top_0/inst/core/scaled_shifted_reg[3][28]_i_3_n_0
    SLICE_X97Y83         CARRY4 (Prop_carry4_CI_CO[3])
                                                      0.114    13.945 r  design_1_i/gemv_q8_0_dma_top_0/inst/core/scaled_shifted_reg[3][32]_i_3/CO[3]
                         net (fo=1, routed)           0.000    13.945    design_1_i/gemv_q8_0_dma_top_0/inst/core/scaled_shifted_reg[3][32]_i_3_n_0
    SLICE_X97Y84         CARRY4 (Prop_carry4_CI_CO[3])
                                                      0.114    14.059 r  design_1_i/gemv_q8_0_dma_top_0/inst/core/scaled_shifted_reg[3][36]_i_3/CO[3]
                         net (fo=1, routed)           0.000    14.059    design_1_i/gemv_q8_0_dma_top_0/inst/core/scaled_shifted_reg[3][36]_i_3_n_0
    SLICE_X97Y85         CARRY4 (Prop_carry4_CI_CO[3])
                                                      0.114    14.173 r  design_1_i/gemv_q8_0_dma_top_0/inst/core/scaled_shifted_reg[3][40]_i_3/CO[3]
                         net (fo=1, routed)           0.000    14.173    design_1_i/gemv_q8_0_dma_top_0/inst/core/scaled_shifted_reg[3][40]_i_3_n_0
    SLICE_X97Y86         CARRY4 (Prop_carry4_CI_CO[3])
                                                      0.114    14.287 r  design_1_i/gemv_q8_0_dma_top_0/inst/core/scaled_shifted_reg[3][44]_i_3/CO[3]
                         net (fo=1, routed)           0.000    14.287    design_1_i/gemv_q8_0_dma_top_0/inst/core/scaled_shifted_reg[3][44]_i_3_n_0
    SLICE_X97Y87         CARRY4 (Prop_carry4_CI_CO[3])
                                                      0.114    14.401 r  design_1_i/gemv_q8_0_dma_top_0/inst/core/scaled_shifted_reg[3][46]_i_3/CO[3]
                         net (fo=1, routed)           0.000    14.401    design_1_i/gemv_q8_0_dma_top_0/inst/core/scaled_shifted_reg[3][46]_i_3_n_0
    SLICE_X97Y88         CARRY4 (Prop_carry4_CI_O[1])
                                                      0.334    14.735 r  design_1_i/gemv_q8_0_dma_top_0/inst/core/scaled_shifted_reg[3][52]_i_4/O[1]
                         net (fo=1, routed)           0.619    15.354    design_1_i/gemv_q8_0_dma_top_0/inst/core/p_1_in__0[50]
    SLICE_X95Y95         LUT5 (Prop_lut5_I3_O)        0.303    15.657 r  design_1_i/gemv_q8_0_dma_top_0/inst/core/scaled_shifted[3][50]_i_2/O
                         net (fo=1, routed)           0.655    16.312    design_1_i/gemv_q8_0_dma_top_0/inst/core/scaled_shifted[3][50]_i_2_n_0
    SLICE_X94Y95         LUT3 (Prop_lut3_I2_O)        0.153    16.465 r  design_1_i/gemv_q8_0_dma_top_0/inst/core/scaled_shifted[3][50]_i_1/O
                         net (fo=1, routed)           0.000    16.465    design_1_i/gemv_q8_0_dma_top_0/inst/core/scaled_shifted[3][50]_i_1_n_0
    SLICE_X94Y95         FDRE                                         r  design_1_i/gemv_q8_0_dma_top_0/inst/core/scaled_shifted_reg[3][50]/D
  -------------------------------------------------------------------    -------------------

                         (clock clk_fpga_0 rise edge)
                                                     12.999    12.999 r  
    PS7_X0Y0             PS7                          0.000    12.999 r  design_1_i/processing_system7_0/inst/PS7_i/FCLKCLK[0]
                         net (fo=1, routed)           1.088    14.087    design_1_i/processing_system7_0/inst/FCLK_CLK_unbuffered[0]
    BUFGCTRL_X0Y19       BUFG (Prop_bufg_I_O)         0.091    14.178 r  design_1_i/processing_system7_0/inst/buffer_fclk_clk_0.FCLK_CLK_0_BUFG_replica_2/O
                         net (fo=5, routed)           0.133    14.311    design_1_i/processing_system7_0/inst/FCLK_CLK0_repN_2
    BUFGCTRL_X0Y18       BUFG (Prop_bufg_I_O)         0.091    14.402 r  design_1_i/processing_system7_0/inst/buffer_fclk_clk_0.FCLK_CLK_0_BUFG_replica_1/O
                         net (fo=18, routed)          0.133    14.535    design_1_i/processing_system7_0/inst/FCLK_CLK0_repN_1
    BUFGCTRL_X0Y17       BUFG (Prop_bufg_I_O)         0.091    14.626 r  design_1_i/processing_system7_0/inst/buffer_fclk_clk_0.FCLK_CLK_0_BUFG_replica/O
                         net (fo=69, routed)          0.133    14.759    design_1_i/processing_system7_0/inst/FCLK_CLK0_repN
    BUFGCTRL_X0Y16       BUFG (Prop_bufg_I_O)         0.091    14.850 r  design_1_i/processing_system7_0/inst/buffer_fclk_clk_0.FCLK_CLK_0_BUFG/O
                         net (fo=18497, routed)       1.608    16.458    design_1_i/gemv_q8_0_dma_top_0/inst/core/S_AXI_ACLK
    SLICE_X94Y95         FDRE                                         r  design_1_i/gemv_q8_0_dma_top_0/inst/core/scaled_shifted_reg[3][50]/C
                         clock pessimism              0.184    16.642    
                         clock uncertainty           -0.198    16.444    
    SLICE_X94Y95         FDRE (Setup_fdre_C_D)        0.118    16.562    design_1_i/gemv_q8_0_dma_top_0/inst/core/scaled_shifted_reg[3][50]
  -------------------------------------------------------------------
                         required time                         16.562    
                         arrival time                         -16.465    
  -------------------------------------------------------------------
                         slack                                  0.096    

Slack (MET) :             0.099ns  (required time - arrival time)
  Source:                 design_1_i/gemv_q8_0_dma_top_0/inst/core/scaled_shifted[14][27]_i_6_psdsp/C
                            (rising edge-triggered cell FDRE clocked by clk_fpga_0  {rise@0.000ns fall@6.499ns period=12.999ns})
  Destination:            design_1_i/gemv_q8_0_dma_top_0/inst/core/scaled_shifted_reg[14][50]/D
                            (rising edge-triggered cell FDRE clocked by clk_fpga_0  {rise@0.000ns fall@6.499ns period=12.999ns})
  Path Group:             clk_fpga_0
  Path Type:              Setup (Max at Slow Process Corner)
  Requirement:            12.999ns  (clk_fpga_0 rise@12.999ns - clk_fpga_0 rise@0.000ns)
  Data Path Delay:        12.581ns  (logic 6.450ns (51.268%)  route 6.131ns (48.732%))
  Logic Levels:           30  (CARRY4=23 LUT2=2 LUT3=1 LUT5=1 LUT6=3)
  Clock Path Skew:        -0.195ns (DCD - SCD + CPR)
    Destination Clock Delay (DCD):    3.326ns = ( 16.325 - 12.999 ) 
    Source Clock Delay      (SCD):    3.705ns
    Clock Pessimism Removal (CPR):    0.184ns
  Clock Uncertainty:      0.198ns  ((TSJ^2 + TIJ^2)^1/2 + DJ) / 2 + PE
    Total System Jitter     (TSJ):    0.071ns
    Total Input Jitter      (TIJ):    0.390ns
    Discrete Jitter          (DJ):    0.000ns
    Phase Error              (PE):    0.000ns

    Location             Delay type                Incr(ns)  Path(ns)    Netlist Resource(s)
  -------------------------------------------------------------------    -------------------
                         (clock clk_fpga_0 rise edge)
                                                      0.000     0.000 r  
    PS7_X0Y0             PS7                          0.000     0.000 r  design_1_i/processing_system7_0/inst/PS7_i/FCLKCLK[0]
                         net (fo=1, routed)           1.193     1.193    design_1_i/processing_system7_0/inst/FCLK_CLK_unbuffered[0]
    BUFGCTRL_X0Y19       BUFG (Prop_bufg_I_O)         0.101     1.294 r  design_1_i/processing_system7_0/inst/buffer_fclk_clk_0.FCLK_CLK_0_BUFG_replica_2/O
                         net (fo=5, routed)           0.146     1.440    design_1_i/processing_system7_0/inst/FCLK_CLK0_repN_2
    BUFGCTRL_X0Y18       BUFG (Prop_bufg_I_O)         0.101     1.541 r  design_1_i/processing_system7_0/inst/buffer_fclk_clk_0.FCLK_CLK_0_BUFG_replica_1/O
                         net (fo=18, routed)          0.146     1.687    design_1_i/processing_system7_0/inst/FCLK_CLK0_repN_1
    BUFGCTRL_X0Y17       BUFG (Prop_bufg_I_O)         0.101     1.788 r  design_1_i/processing_system7_0/inst/buffer_fclk_clk_0.FCLK_CLK_0_BUFG_replica/O
                         net (fo=69, routed)          0.146     1.934    design_1_i/processing_system7_0/inst/FCLK_CLK0_repN
    BUFGCTRL_X0Y16       BUFG (Prop_bufg_I_O)         0.101     2.035 r  design_1_i/processing_system7_0/inst/buffer_fclk_clk_0.FCLK_CLK_0_BUFG/O
                         net (fo=18497, routed)       1.670     3.705    design_1_i/gemv_q8_0_dma_top_0/inst/core/S_AXI_ACLK
    SLICE_X36Y49         FDRE                                         r  design_1_i/gemv_q8_0_dma_top_0/inst/core/scaled_shifted[14][27]_i_6_psdsp/C
  -------------------------------------------------------------------    -------------------
    SLICE_X36Y49         FDRE (Prop_fdre_C_Q)         0.518     4.223 r  design_1_i/gemv_q8_0_dma_top_0/inst/core/scaled_shifted[14][27]_i_6_psdsp/Q
                         net (fo=2, routed)           0.811     5.034    design_1_i/gemv_q8_0_dma_top_0/inst/core/scaled_product_reg[14]__0_n_97
    SLICE_X36Y47         LUT2 (Prop_lut2_I0_O)        0.124     5.158 r  design_1_i/gemv_q8_0_dma_top_0/inst/core/scaled_shifted[14][27]_i_6/O
                         net (fo=1, routed)           0.000     5.158    design_1_i/gemv_q8_0_dma_top_0/inst/core/scaled_shifted[14][27]_i_6_n_0
    SLICE_X36Y47         CARRY4 (Prop_carry4_S[1]_CO[3])
                                                      0.533     5.691 r  design_1_i/gemv_q8_0_dma_top_0/inst/core/scaled_shifted_reg[14][27]_i_2/CO[3]
                         net (fo=1, routed)           0.000     5.691    design_1_i/gemv_q8_0_dma_top_0/inst/core/scaled_shifted_reg[14][27]_i_2_n_0
    SLICE_X36Y48         CARRY4 (Prop_carry4_CI_CO[3])
                                                      0.117     5.808 r  design_1_i/gemv_q8_0_dma_top_0/inst/core/scaled_shifted_reg[14][31]_i_2/CO[3]
                         net (fo=1, routed)           0.000     5.808    design_1_i/gemv_q8_0_dma_top_0/inst/core/scaled_shifted_reg[14][31]_i_2_n_0
    SLICE_X36Y49         CARRY4 (Prop_carry4_CI_CO[3])
                                                      0.117     5.925 r  design_1_i/gemv_q8_0_dma_top_0/inst/core/scaled_shifted_reg[14][35]_i_2/CO[3]
                         net (fo=1, routed)           0.001     5.926    design_1_i/gemv_q8_0_dma_top_0/inst/core/scaled_shifted_reg[14][35]_i_2_n_0
    SLICE_X36Y50         CARRY4 (Prop_carry4_CI_CO[3])
                                                      0.117     6.043 r  design_1_i/gemv_q8_0_dma_top_0/inst/core/scaled_shifted_reg[14][39]_i_2/CO[3]
                         net (fo=1, routed)           0.000     6.043    design_1_i/gemv_q8_0_dma_top_0/inst/core/scaled_shifted_reg[14][39]_i_2_n_0
    SLICE_X36Y51         CARRY4 (Prop_carry4_CI_CO[3])
                                                      0.117     6.160 r  design_1_i/gemv_q8_0_dma_top_0/inst/core/scaled_shifted_reg[14][43]_i_2/CO[3]
                         net (fo=1, routed)           0.000     6.160    design_1_i/gemv_q8_0_dma_top_0/inst/core/scaled_shifted_reg[14][43]_i_2_n_0
    SLICE_X36Y52         CARRY4 (Prop_carry4_CI_CO[3])
                                                      0.117     6.277 r  design_1_i/gemv_q8_0_dma_top_0/inst/core/scaled_shifted_reg[14][47]_i_2/CO[3]
                         net (fo=1, routed)           0.000     6.277    design_1_i/gemv_q8_0_dma_top_0/inst/core/scaled_shifted_reg[14][47]_i_2_n_0
    SLICE_X36Y53         CARRY4 (Prop_carry4_CI_O[0])
                                                      0.219     6.496 r  design_1_i/gemv_q8_0_dma_top_0/inst/core/scaled_shifted_reg[14][51]_i_2/O[0]
                         net (fo=4, routed)           1.395     7.890    design_1_i/gemv_q8_0_dma_top_0/inst/core/scaled_product_reg[14]__1[48]
    SLICE_X43Y70         LUT2 (Prop_lut2_I0_O)        0.295     8.185 r  design_1_i/gemv_q8_0_dma_top_0/inst/core/scaled_shifted[14][0]_i_83/O
                         net (fo=1, routed)           0.000     8.185    design_1_i/gemv_q8_0_dma_top_0/inst/core/scaled_shifted[14][0]_i_83_n_0
    SLICE_X43Y70         CARRY4 (Prop_carry4_S[0]_CO[3])
                                                      0.532     8.717 r  design_1_i/gemv_q8_0_dma_top_0/inst/core/scaled_shifted_reg[14][0]_i_36/CO[3]
                         net (fo=1, routed)           0.000     8.717    design_1_i/gemv_q8_0_dma_top_0/inst/core/scaled_shifted_reg[14][0]_i_36_n_0
    SLICE_X43Y71         CARRY4 (Prop_carry4_CI_CO[3])
                                                      0.114     8.831 r  design_1_i/gemv_q8_0_dma_top_0/inst/core/scaled_shifted_reg[14][0]_i_29/CO[3]
                         net (fo=1, routed)           0.000     8.831    design_1_i/gemv_q8_0_dma_top_0/inst/core/scaled_shifted_reg[14][0]_i_29_n_0
    SLICE_X43Y72         CARRY4 (Prop_carry4_CI_O[3])
                                                      0.313     9.144 f  design_1_i/gemv_q8_0_dma_top_0/inst/core/scaled_shifted_reg[14][63]_i_31/O[3]
                         net (fo=6, routed)           0.636     9.781    design_1_i/gemv_q8_0_dma_top_0/inst/core/p_2_out__2[59]
    SLICE_X46Y69         LUT6 (Prop_lut6_I0_O)        0.306    10.087 f  design_1_i/gemv_q8_0_dma_top_0/inst/core/scaled_shifted[14][0]_i_12/O
                         net (fo=3, routed)           0.688    10.774    design_1_i/gemv_q8_0_dma_top_0/inst/core/scaled_shifted[14][0]_i_12_n_0
    SLICE_X46Y67         LUT6 (Prop_lut6_I3_O)        0.124    10.898 f  design_1_i/gemv_q8_0_dma_top_0/inst/core/scaled_shifted[14][0]_i_5/O
                         net (fo=4, routed)           0.771    11.669    design_1_i/gemv_q8_0_dma_top_0/inst/core/scaled_shifted[14][0]_i_5_n_0
    SLICE_X42Y68         LUT6 (Prop_lut6_I0_O)        0.124    11.793 r  design_1_i/gemv_q8_0_dma_top_0/inst/core/scaled_shifted[14][0]_i_3/O
                         net (fo=2, routed)           0.522    12.315    design_1_i/gemv_q8_0_dma_top_0/inst/core/scaled_shifted[14][4]_i_5_n_0
    SLICE_X42Y70         CARRY4 (Prop_carry4_CYINIT_CO[3])
                                                      0.595    12.910 r  design_1_i/gemv_q8_0_dma_top_0/inst/core/scaled_shifted_reg[14][4]_i_3/CO[3]
                         net (fo=1, routed)           0.000    12.910    design_1_i/gemv_q8_0_dma_top_0/inst/core/scaled_shifted_reg[14][4]_i_3_n_0
    SLICE_X42Y71         CARRY4 (Prop_carry4_CI_CO[3])
                                                      0.117    13.027 r  design_1_i/gemv_q8_0_dma_top_0/inst/core/scaled_shifted_reg[14][8]_i_3/CO[3]
                         net (fo=1, routed)           0.000    13.027    design_1_i/gemv_q8_0_dma_top_0/inst/core/scaled_shifted_reg[14][8]_i_3_n_0
    SLICE_X42Y72         CARRY4 (Prop_carry4_CI_CO[3])
                                                      0.117    13.144 r  design_1_i/gemv_q8_0_dma_top_0/inst/core/scaled_shifted_reg[14][12]_i_3/CO[3]
                         net (fo=1, routed)           0.000    13.144    design_1_i/gemv_q8_0_dma_top_0/inst/core/scaled_shifted_reg[14][12]_i_3_n_0
    SLICE_X42Y73         CARRY4 (Prop_carry4_CI_CO[3])
                                                      0.117    13.261 r  design_1_i/gemv_q8_0_dma_top_0/inst/core/scaled_shifted_reg[14][16]_i_3/CO[3]
                         net (fo=1, routed)           0.000    13.261    design_1_i/gemv_q8_0_dma_top_0/inst/core/scaled_shifted_reg[14][16]_i_3_n_0
    SLICE_X42Y74         CARRY4 (Prop_carry4_CI_CO[3])
                                                      0.117    13.378 r  design_1_i/gemv_q8_0_dma_top_0/inst/core/scaled_shifted_reg[14][20]_i_3/CO[3]
                         net (fo=1, routed)           0.009    13.387    design_1_i/gemv_q8_0_dma_top_0/inst/core/scaled_shifted_reg[14][20]_i_3_n_0
    SLICE_X42Y75         CARRY4 (Prop_carry4_CI_CO[3])
                                                      0.117    13.504 r  design_1_i/gemv_q8_0_dma_top_0/inst/core/scaled_shifted_reg[14][24]_i_3/CO[3]
                         net (fo=1, routed)           0.000    13.504    design_1_i/gemv_q8_0_dma_top_0/inst/core/scaled_shifted_reg[14][24]_i_3_n_0
    SLICE_X42Y76         CARRY4 (Prop_carry4_CI_CO[3])
                                                      0.117    13.621 r  design_1_i/gemv_q8_0_dma_top_0/inst/core/scaled_shifted_reg[14][28]_i_3/CO[3]
                         net (fo=1, routed)           0.000    13.621    design_1_i/gemv_q8_0_dma_top_0/inst/core/scaled_shifted_reg[14][28]_i_3_n_0
    SLICE_X42Y77         CARRY4 (Prop_carry4_CI_CO[3])
                                                      0.117    13.738 r  design_1_i/gemv_q8_0_dma_top_0/inst/core/scaled_shifted_reg[14][32]_i_3/CO[3]
                         net (fo=1, routed)           0.000    13.738    design_1_i/gemv_q8_0_dma_top_0/inst/core/scaled_shifted_reg[14][32]_i_3_n_0
    SLICE_X42Y78         CARRY4 (Prop_carry4_CI_CO[3])
                                                      0.117    13.855 r  design_1_i/gemv_q8_0_dma_top_0/inst/core/scaled_shifted_reg[14][36]_i_3/CO[3]
                         net (fo=1, routed)           0.000    13.855    design_1_i/gemv_q8_0_dma_top_0/inst/core/scaled_shifted_reg[14][36]_i_3_n_0
    SLICE_X42Y79         CARRY4 (Prop_carry4_CI_CO[3])
                                                      0.117    13.972 r  design_1_i/gemv_q8_0_dma_top_0/inst/core/scaled_shifted_reg[14][40]_i_3/CO[3]
                         net (fo=1, routed)           0.000    13.972    design_1_i/gemv_q8_0_dma_top_0/inst/core/scaled_shifted_reg[14][40]_i_3_n_0
    SLICE_X42Y80         CARRY4 (Prop_carry4_CI_CO[3])
                                                      0.117    14.089 r  design_1_i/gemv_q8_0_dma_top_0/inst/core/scaled_shifted_reg[14][44]_i_3/CO[3]
                         net (fo=1, routed)           0.000    14.089    design_1_i/gemv_q8_0_dma_top_0/inst/core/scaled_shifted_reg[14][44]_i_3_n_0
    SLICE_X42Y81         CARRY4 (Prop_carry4_CI_CO[3])
                                                      0.117    14.206 r  design_1_i/gemv_q8_0_dma_top_0/inst/core/scaled_shifted_reg[14][46]_i_3/CO[3]
                         net (fo=1, routed)           0.000    14.206    design_1_i/gemv_q8_0_dma_top_0/inst/core/scaled_shifted_reg[14][46]_i_3_n_0
    SLICE_X42Y82         CARRY4 (Prop_carry4_CI_O[1])
                                                      0.323    14.529 r  design_1_i/gemv_q8_0_dma_top_0/inst/core/scaled_shifted_reg[14][52]_i_4/O[1]
                         net (fo=1, routed)           0.643    15.172    design_1_i/gemv_q8_0_dma_top_0/inst/core/scaled_shifted_reg[14][52]_i_4_n_6
    SLICE_X40Y87         LUT5 (Prop_lut5_I3_O)        0.306    15.478 r  design_1_i/gemv_q8_0_dma_top_0/inst/core/scaled_shifted[14][50]_i_2/O
                         net (fo=1, routed)           0.656    16.134    design_1_i/gemv_q8_0_dma_top_0/inst/core/scaled_shifted[14][50]_i_2_n_0
    SLICE_X41Y87         LUT3 (Prop_lut3_I2_O)        0.152    16.286 r  design_1_i/gemv_q8_0_dma_top_0/inst/core/scaled_shifted[14][50]_i_1/O
                         net (fo=1, routed)           0.000    16.286    design_1_i/gemv_q8_0_dma_top_0/inst/core/scaled_shifted[14][50]_i_1_n_0
    SLICE_X41Y87         FDRE                                         r  design_1_i/gemv_q8_0_dma_top_0/inst/core/scaled_shifted_reg[14][50]/D
  -------------------------------------------------------------------    -------------------

                         (clock clk_fpga_0 rise edge)
                                                     12.999    12.999 r  
    PS7_X0Y0             PS7                          0.000    12.999 r  design_1_i/processing_system7_0/inst/PS7_i/FCLKCLK[0]
                         net (fo=1, routed)           1.088    14.087    design_1_i/processing_system7_0/inst/FCLK_CLK_unbuffered[0]
    BUFGCTRL_X0Y19       BUFG (Prop_bufg_I_O)         0.091    14.178 r  design_1_i/processing_system7_0/inst/buffer_fclk_clk_0.FCLK_CLK_0_BUFG_replica_2/O
                         net (fo=5, routed)           0.133    14.311    design_1_i/processing_system7_0/inst/FCLK_CLK0_repN_2
    BUFGCTRL_X0Y18       BUFG (Prop_bufg_I_O)         0.091    14.402 r  design_1_i/processing_system7_0/inst/buffer_fclk_clk_0.FCLK_CLK_0_BUFG_replica_1/O
                         net (fo=18, routed)          0.133    14.535    design_1_i/processing_system7_0/inst/FCLK_CLK0_repN_1
    BUFGCTRL_X0Y17       BUFG (Prop_bufg_I_O)         0.091    14.626 r  design_1_i/processing_system7_0/inst/buffer_fclk_clk_0.FCLK_CLK_0_BUFG_replica/O
                         net (fo=69, routed)          0.133    14.759    design_1_i/processing_system7_0/inst/FCLK_CLK0_repN
    BUFGCTRL_X0Y16       BUFG (Prop_bufg_I_O)         0.091    14.850 r  design_1_i/processing_system7_0/inst/buffer_fclk_clk_0.FCLK_CLK_0_BUFG/O
                         net (fo=18497, routed)       1.475    16.325    design_1_i/gemv_q8_0_dma_top_0/inst/core/S_AXI_ACLK
    SLICE_X41Y87         FDRE                                         r  design_1_i/gemv_q8_0_dma_top_0/inst/core/scaled_shifted_reg[14][50]/C
                         clock pessimism              0.184    16.509    
                         clock uncertainty           -0.198    16.311    
    SLICE_X41Y87         FDRE (Setup_fdre_C_D)        0.075    16.386    design_1_i/gemv_q8_0_dma_top_0/inst/core/scaled_shifted_reg[14][50]
  -------------------------------------------------------------------
                         required time                         16.386    
                         arrival time                         -16.286    
  -------------------------------------------------------------------
                         slack                                  0.099    

Slack (MET) :             0.101ns  (required time - arrival time)
  Source:                 design_1_i/gemv_q8_0_dma_top_0/inst/core/block_index_reg[6]/C
                            (rising edge-triggered cell FDRE clocked by clk_fpga_0  {rise@0.000ns fall@6.499ns period=12.999ns})
  Destination:            design_1_i/gemv_q8_0_dma_top_0/inst/core/mul_i32_i32_to_i64_return__1__2/CEB1
                            (rising edge-triggered cell DSP48E1 clocked by clk_fpga_0  {rise@0.000ns fall@6.499ns period=12.999ns})
  Path Group:             clk_fpga_0
  Path Type:              Setup (Max at Slow Process Corner)
  Requirement:            12.999ns  (clk_fpga_0 rise@12.999ns - clk_fpga_0 rise@0.000ns)
  Data Path Delay:        11.876ns  (logic 3.438ns (28.949%)  route 8.438ns (71.051%))
  Logic Levels:           13  (CARRY4=7 LUT3=2 LUT6=4)
  Clock Path Skew:        -0.310ns (DCD - SCD + CPR)
    Destination Clock Delay (DCD):    3.519ns = ( 16.518 - 12.999 ) 
    Source Clock Delay      (SCD):    4.013ns
    Clock Pessimism Removal (CPR):    0.184ns
  Clock Uncertainty:      0.198ns  ((TSJ^2 + TIJ^2)^1/2 + DJ) / 2 + PE
    Total System Jitter     (TSJ):    0.071ns
    Total Input Jitter      (TIJ):    0.390ns
    Discrete Jitter          (DJ):    0.000ns
    Phase Error              (PE):    0.000ns

    Location             Delay type                Incr(ns)  Path(ns)    Netlist Resource(s)
  -------------------------------------------------------------------    -------------------
                         (clock clk_fpga_0 rise edge)
                                                      0.000     0.000 r  
    PS7_X0Y0             PS7                          0.000     0.000 r  design_1_i/processing_system7_0/inst/PS7_i/FCLKCLK[0]
                         net (fo=1, routed)           1.193     1.193    design_1_i/processing_system7_0/inst/FCLK_CLK_unbuffered[0]
    BUFGCTRL_X0Y19       BUFG (Prop_bufg_I_O)         0.101     1.294 r  design_1_i/processing_system7_0/inst/buffer_fclk_clk_0.FCLK_CLK_0_BUFG_replica_2/O
                         net (fo=5, routed)           0.146     1.440    design_1_i/processing_system7_0/inst/FCLK_CLK0_repN_2
    BUFGCTRL_X0Y18       BUFG (Prop_bufg_I_O)         0.101     1.541 r  design_1_i/processing_system7_0/inst/buffer_fclk_clk_0.FCLK_CLK_0_BUFG_replica_1/O
                         net (fo=18, routed)          0.146     1.687    design_1_i/processing_system7_0/inst/FCLK_CLK0_repN_1
    BUFGCTRL_X0Y17       BUFG (Prop_bufg_I_O)         0.101     1.788 r  design_1_i/processing_system7_0/inst/buffer_fclk_clk_0.FCLK_CLK_0_BUFG_replica/O
                         net (fo=69, routed)          0.146     1.934    design_1_i/processing_system7_0/inst/FCLK_CLK0_repN
    BUFGCTRL_X0Y16       BUFG (Prop_bufg_I_O)         0.101     2.035 r  design_1_i/processing_system7_0/inst/buffer_fclk_clk_0.FCLK_CLK_0_BUFG/O
                         net (fo=18497, routed)       1.978     4.013    design_1_i/gemv_q8_0_dma_top_0/inst/core/S_AXI_ACLK
    SLICE_X100Y101       FDRE                                         r  design_1_i/gemv_q8_0_dma_top_0/inst/core/block_index_reg[6]/C
  -------------------------------------------------------------------    -------------------
    SLICE_X100Y101       FDRE (Prop_fdre_C_Q)         0.518     4.531 r  design_1_i/gemv_q8_0_dma_top_0/inst/core/block_index_reg[6]/Q
                         net (fo=4, routed)           0.656     5.187    design_1_i/gemv_q8_0_dma_top_0/inst/core/block_index_reg_n_0_[6]
    SLICE_X101Y101       CARRY4 (Prop_carry4_S[1]_CO[3])
                                                      0.674     5.861 r  design_1_i/gemv_q8_0_dma_top_0/inst/core/block_index_reg[8]_i_2/CO[3]
                         net (fo=1, routed)           0.000     5.861    design_1_i/gemv_q8_0_dma_top_0/inst/core/block_index_reg[8]_i_2_n_0
    SLICE_X101Y102       CARRY4 (Prop_carry4_CI_CO[3])
                                                      0.114     5.975 r  design_1_i/gemv_q8_0_dma_top_0/inst/core/block_index_reg[12]_i_2/CO[3]
                         net (fo=1, routed)           0.000     5.975    design_1_i/gemv_q8_0_dma_top_0/inst/core/block_index_reg[12]_i_2_n_0
    SLICE_X101Y103       CARRY4 (Prop_carry4_CI_CO[3])
                                                      0.114     6.089 r  design_1_i/gemv_q8_0_dma_top_0/inst/core/block_index_reg[16]_i_2/CO[3]
                         net (fo=1, routed)           0.000     6.089    design_1_i/gemv_q8_0_dma_top_0/inst/core/block_index_reg[16]_i_2_n_0
    SLICE_X101Y104       CARRY4 (Prop_carry4_CI_CO[3])
                                                      0.114     6.203 r  design_1_i/gemv_q8_0_dma_top_0/inst/core/block_index_reg[20]_i_2/CO[3]
                         net (fo=1, routed)           0.000     6.203    design_1_i/gemv_q8_0_dma_top_0/inst/core/block_index_reg[20]_i_2_n_0
    SLICE_X101Y105       CARRY4 (Prop_carry4_CI_CO[3])
                                                      0.114     6.317 r  design_1_i/gemv_q8_0_dma_top_0/inst/core/block_index_reg[24]_i_2/CO[3]
                         net (fo=1, routed)           0.000     6.317    design_1_i/gemv_q8_0_dma_top_0/inst/core/block_index_reg[24]_i_2_n_0
    SLICE_X101Y106       CARRY4 (Prop_carry4_CI_O[1])
                                                      0.334     6.651 r  design_1_i/gemv_q8_0_dma_top_0/inst/core/block_index_reg[28]_i_2/O[1]
                         net (fo=3, routed)           0.753     7.404    design_1_i/gemv_q8_0_dma_top_0/inst/core/block_index_reg[28]_i_2_n_6
    SLICE_X100Y105       LUT3 (Prop_lut3_I0_O)        0.303     7.707 r  design_1_i/gemv_q8_0_dma_top_0/inst/core/FSM_sequential_state[3]_i_16/O
                         net (fo=1, routed)           0.000     7.707    design_1_i/gemv_q8_0_dma_top_0/inst/core/FSM_sequential_state[3]_i_16_n_0
    SLICE_X100Y105       CARRY4 (Prop_carry4_S[1]_CO[3])
                                                      0.533     8.240 f  design_1_i/gemv_q8_0_dma_top_0/inst/core/FSM_sequential_state_reg[3]_i_6/CO[3]
                         net (fo=46, routed)          1.134     9.374    design_1_i/gemv_q8_0_dma_top_0/inst/core/last_block
    SLICE_X99Y104        LUT3 (Prop_lut3_I0_O)        0.124     9.498 r  design_1_i/gemv_q8_0_dma_top_0/inst/core/block_index[31]_i_6/O
                         net (fo=3, routed)           0.567    10.066    design_1_i/gemv_q8_0_dma_top_0/inst/core/block_index[31]_i_6_n_0
    SLICE_X99Y101        LUT6 (Prop_lut6_I3_O)        0.124    10.190 r  design_1_i/gemv_q8_0_dma_top_0/inst/core/block_index[31]_i_4/O
                         net (fo=1, routed)           0.151    10.341    design_1_i/gemv_q8_0_dma_top_0/inst/core/block_index[31]_i_4_n_0
    SLICE_X99Y101        LUT6 (Prop_lut6_I5_O)        0.124    10.465 r  design_1_i/gemv_q8_0_dma_top_0/inst/core/block_index[31]_i_1/O
                         net (fo=52, routed)          2.006    12.470    design_1_i/gemv_q8_0_dma_top_0/inst/core/block_index0
    SLICE_X82Y54         LUT6 (Prop_lut6_I0_O)        0.124    12.594 r  design_1_i/gemv_q8_0_dma_top_0/inst/core/mul_i32_i32_to_i64_return__11_i_1/O
                         net (fo=9, routed)           1.041    13.636    design_1_i/gemv_q8_0_dma_top_0/inst/core/mul_i32_i32_to_i64_return__11_i_1_n_0
    SLICE_X57Y52         LUT6 (Prop_lut6_I0_O)        0.124    13.760 r  design_1_i/gemv_q8_0_dma_top_0/inst/core/block_acc[13][31]_i_1/O
                         net (fo=187, routed)         2.129    15.889    design_1_i/gemv_q8_0_dma_top_0/inst/core/block_acc[13][31]_i_1_n_0
    DSP48_X0Y15          DSP48E1                                      r  design_1_i/gemv_q8_0_dma_top_0/inst/core/mul_i32_i32_to_i64_return__1__2/CEB1
  -------------------------------------------------------------------    -------------------

                         (clock clk_fpga_0 rise edge)
                                                     12.999    12.999 r  
    PS7_X0Y0             PS7                          0.000    12.999 r  design_1_i/processing_system7_0/inst/PS7_i/FCLKCLK[0]
                         net (fo=1, routed)           1.088    14.087    design_1_i/processing_system7_0/inst/FCLK_CLK_unbuffered[0]
    BUFGCTRL_X0Y19       BUFG (Prop_bufg_I_O)         0.091    14.178 r  design_1_i/processing_system7_0/inst/buffer_fclk_clk_0.FCLK_CLK_0_BUFG_replica_2/O
                         net (fo=5, routed)           0.133    14.311    design_1_i/processing_system7_0/inst/FCLK_CLK0_repN_2
    BUFGCTRL_X0Y18       BUFG (Prop_bufg_I_O)         0.091    14.402 r  design_1_i/processing_system7_0/inst/buffer_fclk_clk_0.FCLK_CLK_0_BUFG_replica_1/O
                         net (fo=18, routed)          0.133    14.535    design_1_i/processing_system7_0/inst/FCLK_CLK0_repN_1
    BUFGCTRL_X0Y17       BUFG (Prop_bufg_I_O)         0.091    14.626 r  design_1_i/processing_system7_0/inst/buffer_fclk_clk_0.FCLK_CLK_0_BUFG_replica/O
                         net (fo=69, routed)          0.133    14.759    design_1_i/processing_system7_0/inst/FCLK_CLK0_repN
    BUFGCTRL_X0Y16       BUFG (Prop_bufg_I_O)         0.091    14.850 r  design_1_i/processing_system7_0/inst/buffer_fclk_clk_0.FCLK_CLK_0_BUFG/O
                         net (fo=18497, routed)       1.668    16.518    design_1_i/gemv_q8_0_dma_top_0/inst/core/S_AXI_ACLK
    DSP48_X0Y15          DSP48E1                                      r  design_1_i/gemv_q8_0_dma_top_0/inst/core/mul_i32_i32_to_i64_return__1__2/CLK
                         clock pessimism              0.184    16.702    
                         clock uncertainty           -0.198    16.504    
    DSP48_X0Y15          DSP48E1 (Setup_dsp48e1_CLK_CEB1)
                                                     -0.514    15.990    design_1_i/gemv_q8_0_dma_top_0/inst/core/mul_i32_i32_to_i64_return__1__2
  -------------------------------------------------------------------
                         required time                         15.990    
                         arrival time                         -15.889    
  -------------------------------------------------------------------
                         slack                                  0.101    

Slack (MET) :             0.101ns  (required time - arrival time)
  Source:                 <hidden>
                            (rising edge-triggered cell RAMB36E1 clocked by clk_fpga_0  {rise@0.000ns fall@6.499ns period=12.999ns})
  Destination:            design_1_i/gemv_q8_0_dma_top_0/inst/core/block_acc[4][22]_i_1_psdsp_3/D
                            (rising edge-triggered cell FDRE clocked by clk_fpga_0  {rise@0.000ns fall@6.499ns period=12.999ns})
  Path Group:             clk_fpga_0
  Path Type:              Setup (Max at Slow Process Corner)
  Requirement:            12.999ns  (clk_fpga_0 rise@12.999ns - clk_fpga_0 rise@0.000ns)
  Data Path Delay:        12.334ns  (logic 6.543ns (53.049%)  route 5.791ns (46.951%))
  Logic Levels:           3  (DSP48E1=1 LUT2=1 LUT3=1)
  Clock Path Skew:        -0.299ns (DCD - SCD + CPR)
    Destination Clock Delay (DCD):    3.395ns = ( 16.394 - 12.999 ) 
    Source Clock Delay      (SCD):    3.877ns
    Clock Pessimism Removal (CPR):    0.184ns
  Clock Uncertainty:      0.198ns  ((TSJ^2 + TIJ^2)^1/2 + DJ) / 2 + PE
    Total System Jitter     (TSJ):    0.071ns
    Total Input Jitter      (TIJ):    0.390ns
    Discrete Jitter          (DJ):    0.000ns
    Phase Error              (PE):    0.000ns

    Location             Delay type                Incr(ns)  Path(ns)    Netlist Resource(s)
  -------------------------------------------------------------------    -------------------
                         (clock clk_fpga_0 rise edge)
                                                      0.000     0.000 r  
    PS7_X0Y0             PS7                          0.000     0.000 r  design_1_i/processing_system7_0/inst/PS7_i/FCLKCLK[0]
                         net (fo=1, routed)           1.193     1.193    design_1_i/processing_system7_0/inst/FCLK_CLK_unbuffered[0]
    BUFGCTRL_X0Y19       BUFG (Prop_bufg_I_O)         0.101     1.294 r  design_1_i/processing_system7_0/inst/buffer_fclk_clk_0.FCLK_CLK_0_BUFG_replica_2/O
                         net (fo=5, routed)           0.146     1.440    design_1_i/processing_system7_0/inst/FCLK_CLK0_repN_2
    BUFGCTRL_X0Y18       BUFG (Prop_bufg_I_O)         0.101     1.541 r  design_1_i/processing_system7_0/inst/buffer_fclk_clk_0.FCLK_CLK_0_BUFG_replica_1/O
                         net (fo=18, routed)          0.146     1.687    design_1_i/processing_system7_0/inst/FCLK_CLK0_repN_1
    BUFGCTRL_X0Y17       BUFG (Prop_bufg_I_O)         0.101     1.788 r  design_1_i/processing_system7_0/inst/buffer_fclk_clk_0.FCLK_CLK_0_BUFG_replica/O
                         net (fo=69, routed)          0.146     1.934    design_1_i/processing_system7_0/inst/FCLK_CLK0_repN
    BUFGCTRL_X0Y16       BUFG (Prop_bufg_I_O)         0.101     2.035 r  design_1_i/processing_system7_0/inst/buffer_fclk_clk_0.FCLK_CLK_0_BUFG/O
                         net (fo=18497, routed)       1.842     3.877    <hidden>
    RAMB36_X4Y9          RAMB36E1                                     r  <hidden>
  -------------------------------------------------------------------    -------------------
    RAMB36_X4Y9          RAMB36E1 (Prop_ramb36e1_CLKBWRCLK_DOBDO[1])
                                                      2.454     6.331 r  <hidden>
                         net (fo=1, routed)           1.705     8.036    design_1_i/gemv_q8_0_dma_top_0/inst/core/INPUT_BRAM_DOUT[15]
    SLICE_X39Y43         LUT3 (Prop_lut3_I2_O)        0.124     8.160 r  design_1_i/gemv_q8_0_dma_top_0/inst/core/p_0_out_i_1/O
                         net (fo=60, routed)          0.930     9.090    design_1_i/gemv_q8_0_dma_top_0/inst/core/core_input_rd_data[15]
    DSP48_X2Y19          DSP48E1 (Prop_dsp48e1_A[16]_P[22])
                                                      3.841    12.931 r  design_1_i/gemv_q8_0_dma_top_0/inst/core/p_0_out__2/P[22]
                         net (fo=13, routed)          1.647    14.578    design_1_i/gemv_q8_0_dma_top_0/inst/core/p_0_out__2_n_83
    SLICE_X68Y46         LUT2 (Prop_lut2_I0_O)        0.124    14.702 r  design_1_i/gemv_q8_0_dma_top_0/inst/core/block_acc[4][22]_i_1/O
                         net (fo=12, routed)          1.509    16.211    design_1_i/gemv_q8_0_dma_top_0/inst/core/block_acc[4][22]_i_1_n_0
    SLICE_X89Y60         FDRE                                         r  design_1_i/gemv_q8_0_dma_top_0/inst/core/block_acc[4][22]_i_1_psdsp_3/D
  -------------------------------------------------------------------    -------------------

                         (clock clk_fpga_0 rise edge)
                                                     12.999    12.999 r  
    PS7_X0Y0             PS7                          0.000    12.999 r  design_1_i/processing_system7_0/inst/PS7_i/FCLKCLK[0]
                         net (fo=1, routed)           1.088    14.087    design_1_i/processing_system7_0/inst/FCLK_CLK_unbuffered[0]
    BUFGCTRL_X0Y19       BUFG (Prop_bufg_I_O)         0.091    14.178 r  design_1_i/processing_system7_0/inst/buffer_fclk_clk_0.FCLK_CLK_0_BUFG_replica_2/O
                         net (fo=5, routed)           0.133    14.311    design_1_i/processing_system7_0/inst/FCLK_CLK0_repN_2
    BUFGCTRL_X0Y18       BUFG (Prop_bufg_I_O)         0.091    14.402 r  design_1_i/processing_system7_0/inst/buffer_fclk_clk_0.FCLK_CLK_0_BUFG_replica_1/O
                         net (fo=18, routed)          0.133    14.535    design_1_i/processing_system7_0/inst/FCLK_CLK0_repN_1
    BUFGCTRL_X0Y17       BUFG (Prop_bufg_I_O)         0.091    14.626 r  design_1_i/processing_system7_0/inst/buffer_fclk_clk_0.FCLK_CLK_0_BUFG_replica/O
                         net (fo=69, routed)          0.133    14.759    design_1_i/processing_system7_0/inst/FCLK_CLK0_repN
    BUFGCTRL_X0Y16       BUFG (Prop_bufg_I_O)         0.091    14.850 r  design_1_i/processing_system7_0/inst/buffer_fclk_clk_0.FCLK_CLK_0_BUFG/O
                         net (fo=18497, routed)       1.544    16.394    design_1_i/gemv_q8_0_dma_top_0/inst/core/S_AXI_ACLK
    SLICE_X89Y60         FDRE                                         r  design_1_i/gemv_q8_0_dma_top_0/inst/core/block_acc[4][22]_i_1_psdsp_3/C
                         clock pessimism              0.184    16.578    
                         clock uncertainty           -0.198    16.380    
    SLICE_X89Y60         FDRE (Setup_fdre_C_D)       -0.067    16.313    design_1_i/gemv_q8_0_dma_top_0/inst/core/block_acc[4][22]_i_1_psdsp_3
  -------------------------------------------------------------------
                         required time                         16.313    
                         arrival time                         -16.211    
  -------------------------------------------------------------------
                         slack                                  0.101    

Slack (MET) :             0.103ns  (required time - arrival time)
  Source:                 design_1_i/gemv_q8_0_dma_top_0/inst/core/scaled_shifted[15][19]_i_6_psdsp/C
                            (rising edge-triggered cell FDRE clocked by clk_fpga_0  {rise@0.000ns fall@6.499ns period=12.999ns})
  Destination:            design_1_i/gemv_q8_0_dma_top_0/inst/core/scaled_shifted_reg[15][52]/D
                            (rising edge-triggered cell FDRE clocked by clk_fpga_0  {rise@0.000ns fall@6.499ns period=12.999ns})
  Path Group:             clk_fpga_0
  Path Type:              Setup (Max at Slow Process Corner)
  Requirement:            12.999ns  (clk_fpga_0 rise@12.999ns - clk_fpga_0 rise@0.000ns)
  Data Path Delay:        12.770ns  (logic 6.427ns (50.327%)  route 6.343ns (49.673%))
  Logic Levels:           32  (CARRY4=26 LUT2=1 LUT3=1 LUT5=1 LUT6=3)
  Clock Path Skew:        0.041ns (DCD - SCD + CPR)
    Destination Clock Delay (DCD):    3.324ns = ( 16.323 - 12.999 ) 
    Source Clock Delay      (SCD):    3.444ns
    Clock Pessimism Removal (CPR):    0.161ns
  Clock Uncertainty:      0.198ns  ((TSJ^2 + TIJ^2)^1/2 + DJ) / 2 + PE
    Total System Jitter     (TSJ):    0.071ns
    Total Input Jitter      (TIJ):    0.390ns
    Discrete Jitter          (DJ):    0.000ns
    Phase Error              (PE):    0.000ns

    Location             Delay type                Incr(ns)  Path(ns)    Netlist Resource(s)
  -------------------------------------------------------------------    -------------------
                         (clock clk_fpga_0 rise edge)
                                                      0.000     0.000 r  
    PS7_X0Y0             PS7                          0.000     0.000 r  design_1_i/processing_system7_0/inst/PS7_i/FCLKCLK[0]
                         net (fo=1, routed)           1.193     1.193    design_1_i/processing_system7_0/inst/FCLK_CLK_unbuffered[0]
    BUFGCTRL_X0Y19       BUFG (Prop_bufg_I_O)         0.101     1.294 r  design_1_i/processing_system7_0/inst/buffer_fclk_clk_0.FCLK_CLK_0_BUFG_replica_2/O
                         net (fo=5, routed)           0.146     1.440    design_1_i/processing_system7_0/inst/FCLK_CLK0_repN_2
    BUFGCTRL_X0Y18       BUFG (Prop_bufg_I_O)         0.101     1.541 r  design_1_i/processing_system7_0/inst/buffer_fclk_clk_0.FCLK_CLK_0_BUFG_replica_1/O
                         net (fo=18, routed)          0.146     1.687    design_1_i/processing_system7_0/inst/FCLK_CLK0_repN_1
    BUFGCTRL_X0Y17       BUFG (Prop_bufg_I_O)         0.101     1.788 r  design_1_i/processing_system7_0/inst/buffer_fclk_clk_0.FCLK_CLK_0_BUFG_replica/O
                         net (fo=69, routed)          1.656     3.444    design_1_i/gemv_q8_0_dma_top_0/inst/core/FCLK_CLK0_repN_alias
    SLICE_X36Y29         FDRE                                         r  design_1_i/gemv_q8_0_dma_top_0/inst/core/scaled_shifted[15][19]_i_6_psdsp/C
  -------------------------------------------------------------------    -------------------
    SLICE_X36Y29         FDRE (Prop_fdre_C_Q)         0.518     3.962 r  design_1_i/gemv_q8_0_dma_top_0/inst/core/scaled_shifted[15][19]_i_6_psdsp/Q
                         net (fo=2, routed)           0.624     4.586    design_1_i/gemv_q8_0_dma_top_0/inst/core/scaled_product_reg[15]__0_n_105
    SLICE_X37Y29         CARRY4 (Prop_carry4_DI[1]_CO[3])
                                                      0.507     5.093 r  design_1_i/gemv_q8_0_dma_top_0/inst/core/scaled_shifted_reg[15][19]_i_2/CO[3]
                         net (fo=1, routed)           0.000     5.093    design_1_i/gemv_q8_0_dma_top_0/inst/core/scaled_shifted_reg[15][19]_i_2_n_0
    SLICE_X37Y30         CARRY4 (Prop_carry4_CI_CO[3])
                                                      0.114     5.207 r  design_1_i/gemv_q8_0_dma_top_0/inst/core/scaled_shifted_reg[15][23]_i_2/CO[3]
                         net (fo=1, routed)           0.000     5.207    design_1_i/gemv_q8_0_dma_top_0/inst/core/scaled_shifted_reg[15][23]_i_2_n_0
    SLICE_X37Y31         CARRY4 (Prop_carry4_CI_CO[3])
                                                      0.114     5.321 r  design_1_i/gemv_q8_0_dma_top_0/inst/core/scaled_shifted_reg[15][27]_i_2/CO[3]
                         net (fo=1, routed)           0.000     5.321    design_1_i/gemv_q8_0_dma_top_0/inst/core/scaled_shifted_reg[15][27]_i_2_n_0
    SLICE_X37Y32         CARRY4 (Prop_carry4_CI_CO[3])
                                                      0.114     5.435 r  design_1_i/gemv_q8_0_dma_top_0/inst/core/scaled_shifted_reg[15][31]_i_2/CO[3]
                         net (fo=1, routed)           0.000     5.435    design_1_i/gemv_q8_0_dma_top_0/inst/core/scaled_shifted_reg[15][31]_i_2_n_0
    SLICE_X37Y33         CARRY4 (Prop_carry4_CI_CO[3])
                                                      0.114     5.549 r  design_1_i/gemv_q8_0_dma_top_0/inst/core/scaled_shifted_reg[15][35]_i_2/CO[3]
                         net (fo=1, routed)           0.000     5.549    design_1_i/gemv_q8_0_dma_top_0/inst/core/scaled_shifted_reg[15][35]_i_2_n_0
    SLICE_X37Y34         CARRY4 (Prop_carry4_CI_CO[3])
                                                      0.114     5.663 r  design_1_i/gemv_q8_0_dma_top_0/inst/core/scaled_shifted_reg[15][39]_i_2/CO[3]
                         net (fo=1, routed)           0.000     5.663    design_1_i/gemv_q8_0_dma_top_0/inst/core/scaled_shifted_reg[15][39]_i_2_n_0
    SLICE_X37Y35         CARRY4 (Prop_carry4_CI_CO[3])
                                                      0.114     5.777 r  design_1_i/gemv_q8_0_dma_top_0/inst/core/scaled_shifted_reg[15][43]_i_2/CO[3]
                         net (fo=1, routed)           0.000     5.777    design_1_i/gemv_q8_0_dma_top_0/inst/core/scaled_shifted_reg[15][43]_i_2_n_0
    SLICE_X37Y36         CARRY4 (Prop_carry4_CI_CO[3])
                                                      0.114     5.891 r  design_1_i/gemv_q8_0_dma_top_0/inst/core/scaled_shifted_reg[15][47]_i_2/CO[3]
                         net (fo=1, routed)           0.000     5.891    design_1_i/gemv_q8_0_dma_top_0/inst/core/scaled_shifted_reg[15][47]_i_2_n_0
    SLICE_X37Y37         CARRY4 (Prop_carry4_CI_CO[3])
                                                      0.114     6.005 r  design_1_i/gemv_q8_0_dma_top_0/inst/core/scaled_shifted_reg[15][51]_i_2/CO[3]
                         net (fo=1, routed)           0.000     6.005    design_1_i/gemv_q8_0_dma_top_0/inst/core/scaled_shifted_reg[15][51]_i_2_n_0
    SLICE_X37Y38         CARRY4 (Prop_carry4_CI_O[0])
                                                      0.222     6.227 r  design_1_i/gemv_q8_0_dma_top_0/inst/core/scaled_shifted_reg[15][55]_i_2/O[0]
                         net (fo=4, routed)           1.586     7.813    design_1_i/gemv_q8_0_dma_top_0/inst/core/scaled_product_reg[15]__1[52]
    SLICE_X46Y63         LUT2 (Prop_lut2_I0_O)        0.299     8.112 r  design_1_i/gemv_q8_0_dma_top_0/inst/core/scaled_shifted[15][0]_i_55/O
                         net (fo=1, routed)           0.000     8.112    design_1_i/gemv_q8_0_dma_top_0/inst/core/scaled_shifted[15][0]_i_55_n_0
    SLICE_X46Y63         CARRY4 (Prop_carry4_S[0]_CO[3])
                                                      0.513     8.625 r  design_1_i/gemv_q8_0_dma_top_0/inst/core/scaled_shifted_reg[15][0]_i_29/CO[3]
                         net (fo=1, routed)           0.000     8.625    design_1_i/gemv_q8_0_dma_top_0/inst/core/scaled_shifted_reg[15][0]_i_29_n_0
    SLICE_X46Y64         CARRY4 (Prop_carry4_CI_CO[3])
                                                      0.117     8.742 r  design_1_i/gemv_q8_0_dma_top_0/inst/core/scaled_shifted_reg[15][63]_i_31/CO[3]
                         net (fo=1, routed)           0.000     8.742    design_1_i/gemv_q8_0_dma_top_0/inst/core/scaled_shifted_reg[15][63]_i_31_n_0
    SLICE_X46Y65         CARRY4 (Prop_carry4_CI_O[0])
                                                      0.219     8.961 f  design_1_i/gemv_q8_0_dma_top_0/inst/core/scaled_shifted_reg[15][63]_i_23/O[0]
                         net (fo=6, routed)           0.698     9.659    design_1_i/gemv_q8_0_dma_top_0/inst/core/scaled_shifted_reg[15][63]_i_23_n_7
    SLICE_X45Y58         LUT6 (Prop_lut6_I0_O)        0.295     9.954 f  design_1_i/gemv_q8_0_dma_top_0/inst/core/scaled_shifted[15][0]_i_22/O
                         net (fo=4, routed)           0.486    10.440    design_1_i/gemv_q8_0_dma_top_0/inst/core/scaled_shifted[15][0]_i_22_n_0
    SLICE_X48Y56         LUT6 (Prop_lut6_I0_O)        0.124    10.564 f  design_1_i/gemv_q8_0_dma_top_0/inst/core/scaled_shifted[15][0]_i_8/O
                         net (fo=1, routed)           1.047    11.611    design_1_i/gemv_q8_0_dma_top_0/inst/core/scaled_shifted[15][0]_i_8_n_0
    SLICE_X42Y63         LUT6 (Prop_lut6_I5_O)        0.124    11.735 r  design_1_i/gemv_q8_0_dma_top_0/inst/core/scaled_shifted[15][0]_i_3/O
                         net (fo=2, routed)           0.644    12.379    design_1_i/gemv_q8_0_dma_top_0/inst/core/scaled_shifted[15][4]_i_5_n_0
    SLICE_X39Y66         CARRY4 (Prop_carry4_CYINIT_CO[3])
                                                      0.580    12.959 r  design_1_i/gemv_q8_0_dma_top_0/inst/core/scaled_shifted_reg[15][4]_i_3/CO[3]
                         net (fo=1, routed)           0.000    12.959    design_1_i/gemv_q8_0_dma_top_0/inst/core/scaled_shifted_reg[15][4]_i_3_n_0
    SLICE_X39Y67         CARRY4 (Prop_carry4_CI_CO[3])
                                                      0.114    13.073 r  design_1_i/gemv_q8_0_dma_top_0/inst/core/scaled_shifted_reg[15][8]_i_3/CO[3]
                         net (fo=1, routed)           0.000    13.073    design_1_i/gemv_q8_0_dma_top_0/inst/core/scaled_shifted_reg[15][8]_i_3_n_0
    SLICE_X39Y68         CARRY4 (Prop_carry4_CI_CO[3])
                                                      0.114    13.187 r  design_1_i/gemv_q8_0_dma_top_0/inst/core/scaled_shifted_reg[15][12]_i_3/CO[3]
                         net (fo=1, routed)           0.000    13.187    design_1_i/gemv_q8_0_dma_top_0/inst/core/scaled_shifted_reg[15][12]_i_3_n_0
    SLICE_X39Y69         CARRY4 (Prop_carry4_CI_CO[3])
                                                      0.114    13.301 r  design_1_i/gemv_q8_0_dma_top_0/inst/core/scaled_shifted_reg[15][16]_i_3/CO[3]
                         net (fo=1, routed)           0.000    13.301    design_1_i/gemv_q8_0_dma_top_0/inst/core/scaled_shifted_reg[15][16]_i_3_n_0
    SLICE_X39Y70         CARRY4 (Prop_carry4_CI_CO[3])
                                                      0.114    13.415 r  design_1_i/gemv_q8_0_dma_top_0/inst/core/scaled_shifted_reg[15][20]_i_3/CO[3]
                         net (fo=1, routed)           0.000    13.415    design_1_i/gemv_q8_0_dma_top_0/inst/core/scaled_shifted_reg[15][20]_i_3_n_0
    SLICE_X39Y71         CARRY4 (Prop_carry4_CI_CO[3])
                                                      0.114    13.529 r  design_1_i/gemv_q8_0_dma_top_0/inst/core/scaled_shifted_reg[15][24]_i_3/CO[3]
                         net (fo=1, routed)           0.000    13.529    design_1_i/gemv_q8_0_dma_top_0/inst/core/scaled_shifted_reg[15][24]_i_3_n_0
    SLICE_X39Y72         CARRY4 (Prop_carry4_CI_CO[3])
                                                      0.114    13.643 r  design_1_i/gemv_q8_0_dma_top_0/inst/core/scaled_shifted_reg[15][28]_i_3/CO[3]
                         net (fo=1, routed)           0.000    13.643    design_1_i/gemv_q8_0_dma_top_0/inst/core/scaled_shifted_reg[15][28]_i_3_n_0
    SLICE_X39Y73         CARRY4 (Prop_carry4_CI_CO[3])
                                                      0.114    13.757 r  design_1_i/gemv_q8_0_dma_top_0/inst/core/scaled_shifted_reg[15][32]_i_3/CO[3]
                         net (fo=1, routed)           0.000    13.757    design_1_i/gemv_q8_0_dma_top_0/inst/core/scaled_shifted_reg[15][32]_i_3_n_0
    SLICE_X39Y74         CARRY4 (Prop_carry4_CI_CO[3])
                                                      0.114    13.871 r  design_1_i/gemv_q8_0_dma_top_0/inst/core/scaled_shifted_reg[15][36]_i_3/CO[3]
                         net (fo=1, routed)           0.009    13.880    design_1_i/gemv_q8_0_dma_top_0/inst/core/scaled_shifted_reg[15][36]_i_3_n_0
    SLICE_X39Y75         CARRY4 (Prop_carry4_CI_CO[3])
                                                      0.114    13.994 r  design_1_i/gemv_q8_0_dma_top_0/inst/core/scaled_shifted_reg[15][40]_i_3/CO[3]
                         net (fo=1, routed)           0.000    13.994    design_1_i/gemv_q8_0_dma_top_0/inst/core/scaled_shifted_reg[15][40]_i_3_n_0
    SLICE_X39Y76         CARRY4 (Prop_carry4_CI_CO[3])
                                                      0.114    14.108 r  design_1_i/gemv_q8_0_dma_top_0/inst/core/scaled_shifted_reg[15][44]_i_3/CO[3]
                         net (fo=1, routed)           0.000    14.108    design_1_i/gemv_q8_0_dma_top_0/inst/core/scaled_shifted_reg[15][44]_i_3_n_0
    SLICE_X39Y77         CARRY4 (Prop_carry4_CI_CO[3])
                                                      0.114    14.222 r  design_1_i/gemv_q8_0_dma_top_0/inst/core/scaled_shifted_reg[15][46]_i_3/CO[3]
                         net (fo=1, routed)           0.000    14.222    design_1_i/gemv_q8_0_dma_top_0/inst/core/scaled_shifted_reg[15][46]_i_3_n_0
    SLICE_X39Y78         CARRY4 (Prop_carry4_CI_O[3])
                                                      0.313    14.535 r  design_1_i/gemv_q8_0_dma_top_0/inst/core/scaled_shifted_reg[15][52]_i_4/O[3]
                         net (fo=1, routed)           0.675    15.210    design_1_i/gemv_q8_0_dma_top_0/inst/core/p_1_in__2[52]
    SLICE_X39Y83         LUT5 (Prop_lut5_I3_O)        0.306    15.516 r  design_1_i/gemv_q8_0_dma_top_0/inst/core/scaled_shifted[15][52]_i_2/O
                         net (fo=1, routed)           0.574    16.090    design_1_i/gemv_q8_0_dma_top_0/inst/core/data1__1[52]
    SLICE_X39Y84         LUT3 (Prop_lut3_I2_O)        0.124    16.214 r  design_1_i/gemv_q8_0_dma_top_0/inst/core/scaled_shifted[15][52]_i_1/O
                         net (fo=1, routed)           0.000    16.214    design_1_i/gemv_q8_0_dma_top_0/inst/core/round_shift_i64__2[52]
    SLICE_X39Y84         FDRE                                         r  design_1_i/gemv_q8_0_dma_top_0/inst/core/scaled_shifted_reg[15][52]/D
  -------------------------------------------------------------------    -------------------

                         (clock clk_fpga_0 rise edge)
                                                     12.999    12.999 r  
    PS7_X0Y0             PS7                          0.000    12.999 r  design_1_i/processing_system7_0/inst/PS7_i/FCLKCLK[0]
                         net (fo=1, routed)           1.088    14.087    design_1_i/processing_system7_0/inst/FCLK_CLK_unbuffered[0]
    BUFGCTRL_X0Y19       BUFG (Prop_bufg_I_O)         0.091    14.178 r  design_1_i/processing_system7_0/inst/buffer_fclk_clk_0.FCLK_CLK_0_BUFG_replica_2/O
                         net (fo=5, routed)           0.133    14.311    design_1_i/processing_system7_0/inst/FCLK_CLK0_repN_2
    BUFGCTRL_X0Y18       BUFG (Prop_bufg_I_O)         0.091    14.402 r  design_1_i/processing_system7_0/inst/buffer_fclk_clk_0.FCLK_CLK_0_BUFG_replica_1/O
                         net (fo=18, routed)          0.133    14.535    design_1_i/processing_system7_0/inst/FCLK_CLK0_repN_1
    BUFGCTRL_X0Y17       BUFG (Prop_bufg_I_O)         0.091    14.626 r  design_1_i/processing_system7_0/inst/buffer_fclk_clk_0.FCLK_CLK_0_BUFG_replica/O
                         net (fo=69, routed)          0.133    14.759    design_1_i/processing_system7_0/inst/FCLK_CLK0_repN
    BUFGCTRL_X0Y16       BUFG (Prop_bufg_I_O)         0.091    14.850 r  design_1_i/processing_system7_0/inst/buffer_fclk_clk_0.FCLK_CLK_0_BUFG/O
                         net (fo=18497, routed)       1.473    16.323    design_1_i/gemv_q8_0_dma_top_0/inst/core/S_AXI_ACLK
    SLICE_X39Y84         FDRE                                         r  design_1_i/gemv_q8_0_dma_top_0/inst/core/scaled_shifted_reg[15][52]/C
                         clock pessimism              0.161    16.484    
                         clock uncertainty           -0.198    16.286    
    SLICE_X39Y84         FDRE (Setup_fdre_C_D)        0.032    16.318    design_1_i/gemv_q8_0_dma_top_0/inst/core/scaled_shifted_reg[15][52]
  -------------------------------------------------------------------
                         required time                         16.318    
                         arrival time                         -16.214    
  -------------------------------------------------------------------
                         slack                                  0.103    

Slack (MET) :             0.106ns  (required time - arrival time)
  Source:                 <hidden>
                            (rising edge-triggered cell RAMB36E1 clocked by clk_fpga_0  {rise@0.000ns fall@6.499ns period=12.999ns})
  Destination:            design_1_i/gemv_q8_0_dma_top_0/inst/core/block_acc[4][19]_i_1_psdsp_5/D
                            (rising edge-triggered cell FDRE clocked by clk_fpga_0  {rise@0.000ns fall@6.499ns period=12.999ns})
  Path Group:             clk_fpga_0
  Path Type:              Setup (Max at Slow Process Corner)
  Requirement:            12.999ns  (clk_fpga_0 rise@12.999ns - clk_fpga_0 rise@0.000ns)
  Data Path Delay:        12.396ns  (logic 6.543ns (52.782%)  route 5.853ns (47.218%))
  Logic Levels:           3  (DSP48E1=1 LUT2=1 LUT3=1)
  Clock Path Skew:        -0.238ns (DCD - SCD + CPR)
    Destination Clock Delay (DCD):    3.456ns = ( 16.455 - 12.999 ) 
    Source Clock Delay      (SCD):    3.877ns
    Clock Pessimism Removal (CPR):    0.184ns
  Clock Uncertainty:      0.198ns  ((TSJ^2 + TIJ^2)^1/2 + DJ) / 2 + PE
    Total System Jitter     (TSJ):    0.071ns
    Total Input Jitter      (TIJ):    0.390ns
    Discrete Jitter          (DJ):    0.000ns
    Phase Error              (PE):    0.000ns

    Location             Delay type                Incr(ns)  Path(ns)    Netlist Resource(s)
  -------------------------------------------------------------------    -------------------
                         (clock clk_fpga_0 rise edge)
                                                      0.000     0.000 r  
    PS7_X0Y0             PS7                          0.000     0.000 r  design_1_i/processing_system7_0/inst/PS7_i/FCLKCLK[0]
                         net (fo=1, routed)           1.193     1.193    design_1_i/processing_system7_0/inst/FCLK_CLK_unbuffered[0]
    BUFGCTRL_X0Y19       BUFG (Prop_bufg_I_O)         0.101     1.294 r  design_1_i/processing_system7_0/inst/buffer_fclk_clk_0.FCLK_CLK_0_BUFG_replica_2/O
                         net (fo=5, routed)           0.146     1.440    design_1_i/processing_system7_0/inst/FCLK_CLK0_repN_2
    BUFGCTRL_X0Y18       BUFG (Prop_bufg_I_O)         0.101     1.541 r  design_1_i/processing_system7_0/inst/buffer_fclk_clk_0.FCLK_CLK_0_BUFG_replica_1/O
                         net (fo=18, routed)          0.146     1.687    design_1_i/processing_system7_0/inst/FCLK_CLK0_repN_1
    BUFGCTRL_X0Y17       BUFG (Prop_bufg_I_O)         0.101     1.788 r  design_1_i/processing_system7_0/inst/buffer_fclk_clk_0.FCLK_CLK_0_BUFG_replica/O
                         net (fo=69, routed)          0.146     1.934    design_1_i/processing_system7_0/inst/FCLK_CLK0_repN
    BUFGCTRL_X0Y16       BUFG (Prop_bufg_I_O)         0.101     2.035 r  design_1_i/processing_system7_0/inst/buffer_fclk_clk_0.FCLK_CLK_0_BUFG/O
                         net (fo=18497, routed)       1.842     3.877    <hidden>
    RAMB36_X4Y9          RAMB36E1                                     r  <hidden>
  -------------------------------------------------------------------    -------------------
    RAMB36_X4Y9          RAMB36E1 (Prop_ramb36e1_CLKBWRCLK_DOBDO[1])
                                                      2.454     6.331 r  <hidden>
                         net (fo=1, routed)           1.705     8.036    design_1_i/gemv_q8_0_dma_top_0/inst/core/INPUT_BRAM_DOUT[15]
    SLICE_X39Y43         LUT3 (Prop_lut3_I2_O)        0.124     8.160 r  design_1_i/gemv_q8_0_dma_top_0/inst/core/p_0_out_i_1/O
                         net (fo=60, routed)          0.930     9.090    design_1_i/gemv_q8_0_dma_top_0/inst/core/core_input_rd_data[15]
    DSP48_X2Y19          DSP48E1 (Prop_dsp48e1_A[16]_P[19])
                                                      3.841    12.931 r  design_1_i/gemv_q8_0_dma_top_0/inst/core/p_0_out__2/P[19]
                         net (fo=13, routed)          1.489    14.420    design_1_i/gemv_q8_0_dma_top_0/inst/core/p_0_out__2_n_86
    SLICE_X68Y49         LUT2 (Prop_lut2_I0_O)        0.124    14.544 r  design_1_i/gemv_q8_0_dma_top_0/inst/core/block_acc[4][19]_i_1/O
                         net (fo=12, routed)          1.729    16.274    design_1_i/gemv_q8_0_dma_top_0/inst/core/block_acc[4][19]_i_1_n_0
    SLICE_X93Y57         FDRE                                         r  design_1_i/gemv_q8_0_dma_top_0/inst/core/block_acc[4][19]_i_1_psdsp_5/D
  -------------------------------------------------------------------    -------------------

                         (clock clk_fpga_0 rise edge)
                                                     12.999    12.999 r  
    PS7_X0Y0             PS7                          0.000    12.999 r  design_1_i/processing_system7_0/inst/PS7_i/FCLKCLK[0]
                         net (fo=1, routed)           1.088    14.087    design_1_i/processing_system7_0/inst/FCLK_CLK_unbuffered[0]
    BUFGCTRL_X0Y19       BUFG (Prop_bufg_I_O)         0.091    14.178 r  design_1_i/processing_system7_0/inst/buffer_fclk_clk_0.FCLK_CLK_0_BUFG_replica_2/O
                         net (fo=5, routed)           0.133    14.311    design_1_i/processing_system7_0/inst/FCLK_CLK0_repN_2
    BUFGCTRL_X0Y18       BUFG (Prop_bufg_I_O)         0.091    14.402 r  design_1_i/processing_system7_0/inst/buffer_fclk_clk_0.FCLK_CLK_0_BUFG_replica_1/O
                         net (fo=18, routed)          0.133    14.535    design_1_i/processing_system7_0/inst/FCLK_CLK0_repN_1
    BUFGCTRL_X0Y17       BUFG (Prop_bufg_I_O)         0.091    14.626 r  design_1_i/processing_system7_0/inst/buffer_fclk_clk_0.FCLK_CLK_0_BUFG_replica/O
                         net (fo=69, routed)          0.133    14.759    design_1_i/processing_system7_0/inst/FCLK_CLK0_repN
    BUFGCTRL_X0Y16       BUFG (Prop_bufg_I_O)         0.091    14.850 r  design_1_i/processing_system7_0/inst/buffer_fclk_clk_0.FCLK_CLK_0_BUFG/O
                         net (fo=18497, routed)       1.605    16.455    design_1_i/gemv_q8_0_dma_top_0/inst/core/S_AXI_ACLK
    SLICE_X93Y57         FDRE                                         r  design_1_i/gemv_q8_0_dma_top_0/inst/core/block_acc[4][19]_i_1_psdsp_5/C
                         clock pessimism              0.184    16.639    
                         clock uncertainty           -0.198    16.441    
    SLICE_X93Y57         FDRE (Setup_fdre_C_D)       -0.061    16.380    design_1_i/gemv_q8_0_dma_top_0/inst/core/block_acc[4][19]_i_1_psdsp_5
  -------------------------------------------------------------------
                         required time                         16.380    
                         arrival time                         -16.274    
  -------------------------------------------------------------------
                         slack                                  0.106    

Slack (MET) :             0.111ns  (required time - arrival time)
  Source:                 design_1_i/gemv_q8_0_dma_top_0/inst/core/scaled_shifted[3][23]_i_6_psdsp/C
                            (rising edge-triggered cell FDRE clocked by clk_fpga_0  {rise@0.000ns fall@6.499ns period=12.999ns})
  Destination:            design_1_i/gemv_q8_0_dma_top_0/inst/core/scaled_shifted_reg[3][56]/D
                            (rising edge-triggered cell FDRE clocked by clk_fpga_0  {rise@0.000ns fall@6.499ns period=12.999ns})
  Path Group:             clk_fpga_0
  Path Type:              Setup (Max at Slow Process Corner)
  Requirement:            12.999ns  (clk_fpga_0 rise@12.999ns - clk_fpga_0 rise@0.000ns)
  Data Path Delay:        12.574ns  (logic 6.520ns (51.852%)  route 6.054ns (48.148%))
  Logic Levels:           32  (CARRY4=26 LUT2=1 LUT3=1 LUT5=1 LUT6=3)
  Clock Path Skew:        -0.190ns (DCD - SCD + CPR)
    Destination Clock Delay (DCD):    3.458ns = ( 16.457 - 12.999 ) 
    Source Clock Delay      (SCD):    3.832ns
    Clock Pessimism Removal (CPR):    0.184ns
  Clock Uncertainty:      0.198ns  ((TSJ^2 + TIJ^2)^1/2 + DJ) / 2 + PE
    Total System Jitter     (TSJ):    0.071ns
    Total Input Jitter      (TIJ):    0.390ns
    Discrete Jitter          (DJ):    0.000ns
    Phase Error              (PE):    0.000ns

    Location             Delay type                Incr(ns)  Path(ns)    Netlist Resource(s)
  -------------------------------------------------------------------    -------------------
                         (clock clk_fpga_0 rise edge)
                                                      0.000     0.000 r  
    PS7_X0Y0             PS7                          0.000     0.000 r  design_1_i/processing_system7_0/inst/PS7_i/FCLKCLK[0]
                         net (fo=1, routed)           1.193     1.193    design_1_i/processing_system7_0/inst/FCLK_CLK_unbuffered[0]
    BUFGCTRL_X0Y19       BUFG (Prop_bufg_I_O)         0.101     1.294 r  design_1_i/processing_system7_0/inst/buffer_fclk_clk_0.FCLK_CLK_0_BUFG_replica_2/O
                         net (fo=5, routed)           0.146     1.440    design_1_i/processing_system7_0/inst/FCLK_CLK0_repN_2
    BUFGCTRL_X0Y18       BUFG (Prop_bufg_I_O)         0.101     1.541 r  design_1_i/processing_system7_0/inst/buffer_fclk_clk_0.FCLK_CLK_0_BUFG_replica_1/O
                         net (fo=18, routed)          0.146     1.687    design_1_i/processing_system7_0/inst/FCLK_CLK0_repN_1
    BUFGCTRL_X0Y17       BUFG (Prop_bufg_I_O)         0.101     1.788 r  design_1_i/processing_system7_0/inst/buffer_fclk_clk_0.FCLK_CLK_0_BUFG_replica/O
                         net (fo=69, routed)          0.146     1.934    design_1_i/processing_system7_0/inst/FCLK_CLK0_repN
    BUFGCTRL_X0Y16       BUFG (Prop_bufg_I_O)         0.101     2.035 r  design_1_i/processing_system7_0/inst/buffer_fclk_clk_0.FCLK_CLK_0_BUFG/O
                         net (fo=18497, routed)       1.797     3.832    design_1_i/gemv_q8_0_dma_top_0/inst/core/S_AXI_ACLK
    SLICE_X99Y35         FDRE                                         r  design_1_i/gemv_q8_0_dma_top_0/inst/core/scaled_shifted[3][23]_i_6_psdsp/C
  -------------------------------------------------------------------    -------------------
    SLICE_X99Y35         FDRE (Prop_fdre_C_Q)         0.456     4.288 r  design_1_i/gemv_q8_0_dma_top_0/inst/core/scaled_shifted[3][23]_i_6_psdsp/Q
                         net (fo=2, routed)           0.629     4.917    design_1_i/gemv_q8_0_dma_top_0/inst/core/scaled_product_reg[3]__0_n_101
    SLICE_X98Y35         CARRY4 (Prop_carry4_DI[1]_CO[3])
                                                      0.520     5.437 r  design_1_i/gemv_q8_0_dma_top_0/inst/core/scaled_shifted_reg[3][23]_i_2/CO[3]
                         net (fo=1, routed)           0.000     5.437    design_1_i/gemv_q8_0_dma_top_0/inst/core/scaled_shifted_reg[3][23]_i_2_n_0
    SLICE_X98Y36         CARRY4 (Prop_carry4_CI_CO[3])
                                                      0.117     5.554 r  design_1_i/gemv_q8_0_dma_top_0/inst/core/scaled_shifted_reg[3][27]_i_2/CO[3]
                         net (fo=1, routed)           0.000     5.554    design_1_i/gemv_q8_0_dma_top_0/inst/core/scaled_shifted_reg[3][27]_i_2_n_0
    SLICE_X98Y37         CARRY4 (Prop_carry4_CI_O[0])
                                                      0.219     5.773 r  design_1_i/gemv_q8_0_dma_top_0/inst/core/scaled_shifted_reg[3][31]_i_2/O[0]
                         net (fo=4, routed)           1.470     7.243    design_1_i/gemv_q8_0_dma_top_0/inst/core/scaled_product_reg[3]__1[28]
    SLICE_X95Y58         LUT2 (Prop_lut2_I0_O)        0.295     7.538 r  design_1_i/gemv_q8_0_dma_top_0/inst/core/scaled_shifted[3][0]_i_43/O
                         net (fo=1, routed)           0.000     7.538    design_1_i/gemv_q8_0_dma_top_0/inst/core/scaled_shifted[3][0]_i_43_n_0
    SLICE_X95Y58         CARRY4 (Prop_carry4_S[0]_CO[3])
                                                      0.532     8.070 r  design_1_i/gemv_q8_0_dma_top_0/inst/core/scaled_shifted_reg[3][0]_i_26/CO[3]
                         net (fo=1, routed)           0.000     8.070    design_1_i/gemv_q8_0_dma_top_0/inst/core/scaled_shifted_reg[3][0]_i_26_n_0
    SLICE_X95Y59         CARRY4 (Prop_carry4_CI_CO[3])
                                                      0.114     8.184 r  design_1_i/gemv_q8_0_dma_top_0/inst/core/scaled_shifted_reg[3][0]_i_38/CO[3]
                         net (fo=1, routed)           0.000     8.184    design_1_i/gemv_q8_0_dma_top_0/inst/core/scaled_shifted_reg[3][0]_i_38_n_0
    SLICE_X95Y60         CARRY4 (Prop_carry4_CI_CO[3])
                                                      0.114     8.298 r  design_1_i/gemv_q8_0_dma_top_0/inst/core/scaled_shifted_reg[3][0]_i_31/CO[3]
                         net (fo=1, routed)           0.000     8.298    design_1_i/gemv_q8_0_dma_top_0/inst/core/scaled_shifted_reg[3][0]_i_31_n_0
    SLICE_X95Y61         CARRY4 (Prop_carry4_CI_CO[3])
                                                      0.114     8.412 r  design_1_i/gemv_q8_0_dma_top_0/inst/core/scaled_shifted_reg[3][0]_i_34/CO[3]
                         net (fo=1, routed)           0.000     8.412    design_1_i/gemv_q8_0_dma_top_0/inst/core/scaled_shifted_reg[3][0]_i_34_n_0
    SLICE_X95Y62         CARRY4 (Prop_carry4_CI_CO[3])
                                                      0.114     8.526 r  design_1_i/gemv_q8_0_dma_top_0/inst/core/scaled_shifted_reg[3][0]_i_27/CO[3]
                         net (fo=1, routed)           0.000     8.526    design_1_i/gemv_q8_0_dma_top_0/inst/core/scaled_shifted_reg[3][0]_i_27_n_0
    SLICE_X95Y63         CARRY4 (Prop_carry4_CI_CO[3])
                                                      0.114     8.640 r  design_1_i/gemv_q8_0_dma_top_0/inst/core/scaled_shifted_reg[3][0]_i_36/CO[3]
                         net (fo=1, routed)           0.000     8.640    design_1_i/gemv_q8_0_dma_top_0/inst/core/scaled_shifted_reg[3][0]_i_36_n_0
    SLICE_X95Y64         CARRY4 (Prop_carry4_CI_CO[3])
                                                      0.114     8.754 r  design_1_i/gemv_q8_0_dma_top_0/inst/core/scaled_shifted_reg[3][0]_i_29/CO[3]
                         net (fo=1, routed)           0.000     8.754    design_1_i/gemv_q8_0_dma_top_0/inst/core/scaled_shifted_reg[3][0]_i_29_n_0
    SLICE_X95Y65         CARRY4 (Prop_carry4_CI_CO[3])
                                                      0.114     8.868 r  design_1_i/gemv_q8_0_dma_top_0/inst/core/scaled_shifted_reg[3][63]_i_31/CO[3]
                         net (fo=1, routed)           0.000     8.868    design_1_i/gemv_q8_0_dma_top_0/inst/core/scaled_shifted_reg[3][63]_i_31_n_0
    SLICE_X95Y66         CARRY4 (Prop_carry4_CI_O[3])
                                                      0.313     9.181 f  design_1_i/gemv_q8_0_dma_top_0/inst/core/scaled_shifted_reg[3][63]_i_23/O[3]
                         net (fo=64, routed)          0.792     9.973    design_1_i/gemv_q8_0_dma_top_0/inst/core/scaled_shifted_reg[3][63]_i_23_n_4
    SLICE_X93Y63         LUT6 (Prop_lut6_I0_O)        0.306    10.279 f  design_1_i/gemv_q8_0_dma_top_0/inst/core/scaled_shifted[3][0]_i_10/O
                         net (fo=4, routed)           0.417    10.696    design_1_i/gemv_q8_0_dma_top_0/inst/core/scaled_shifted[3][0]_i_10_n_0
    SLICE_X93Y63         LUT6 (Prop_lut6_I0_O)        0.124    10.820 f  design_1_i/gemv_q8_0_dma_top_0/inst/core/scaled_shifted[3][0]_i_5/O
                         net (fo=4, routed)           1.285    12.105    design_1_i/gemv_q8_0_dma_top_0/inst/core/scaled_shifted[3][0]_i_5_n_0
    SLICE_X94Y75         LUT6 (Prop_lut6_I0_O)        0.124    12.229 r  design_1_i/gemv_q8_0_dma_top_0/inst/core/scaled_shifted[3][0]_i_3/O
                         net (fo=2, routed)           0.338    12.567    design_1_i/gemv_q8_0_dma_top_0/inst/core/scaled_shifted[3][4]_i_5_n_0
    SLICE_X97Y76         CARRY4 (Prop_carry4_CYINIT_CO[3])
                                                      0.580    13.147 r  design_1_i/gemv_q8_0_dma_top_0/inst/core/scaled_shifted_reg[3][4]_i_3/CO[3]
                         net (fo=1, routed)           0.000    13.147    design_1_i/gemv_q8_0_dma_top_0/inst/core/scaled_shifted_reg[3][4]_i_3_n_0
    SLICE_X97Y77         CARRY4 (Prop_carry4_CI_CO[3])
                                                      0.114    13.261 r  design_1_i/gemv_q8_0_dma_top_0/inst/core/scaled_shifted_reg[3][8]_i_3/CO[3]
                         net (fo=1, routed)           0.000    13.261    design_1_i/gemv_q8_0_dma_top_0/inst/core/scaled_shifted_reg[3][8]_i_3_n_0
    SLICE_X97Y78         CARRY4 (Prop_carry4_CI_CO[3])
                                                      0.114    13.375 r  design_1_i/gemv_q8_0_dma_top_0/inst/core/scaled_shifted_reg[3][12]_i_3/CO[3]
                         net (fo=1, routed)           0.000    13.375    design_1_i/gemv_q8_0_dma_top_0/inst/core/scaled_shifted_reg[3][12]_i_3_n_0
    SLICE_X97Y79         CARRY4 (Prop_carry4_CI_CO[3])
                                                      0.114    13.489 r  design_1_i/gemv_q8_0_dma_top_0/inst/core/scaled_shifted_reg[3][16]_i_3/CO[3]
                         net (fo=1, routed)           0.000    13.489    design_1_i/gemv_q8_0_dma_top_0/inst/core/scaled_shifted_reg[3][16]_i_3_n_0
    SLICE_X97Y80         CARRY4 (Prop_carry4_CI_CO[3])
                                                      0.114    13.603 r  design_1_i/gemv_q8_0_dma_top_0/inst/core/scaled_shifted_reg[3][20]_i_3/CO[3]
                         net (fo=1, routed)           0.000    13.603    design_1_i/gemv_q8_0_dma_top_0/inst/core/scaled_shifted_reg[3][20]_i_3_n_0
    SLICE_X97Y81         CARRY4 (Prop_carry4_CI_CO[3])
                                                      0.114    13.717 r  design_1_i/gemv_q8_0_dma_top_0/inst/core/scaled_shifted_reg[3][24]_i_3/CO[3]
                         net (fo=1, routed)           0.000    13.717    design_1_i/gemv_q8_0_dma_top_0/inst/core/scaled_shifted_reg[3][24]_i_3_n_0
    SLICE_X97Y82         CARRY4 (Prop_carry4_CI_CO[3])
                                                      0.114    13.831 r  design_1_i/gemv_q8_0_dma_top_0/inst/core/scaled_shifted_reg[3][28]_i_3/CO[3]
                         net (fo=1, routed)           0.000    13.831    design_1_i/gemv_q8_0_dma_top_0/inst/core/scaled_shifted_reg[3][28]_i_3_n_0
    SLICE_X97Y83         CARRY4 (Prop_carry4_CI_CO[3])
                                                      0.114    13.945 r  design_1_i/gemv_q8_0_dma_top_0/inst/core/scaled_shifted_reg[3][32]_i_3/CO[3]
                         net (fo=1, routed)           0.000    13.945    design_1_i/gemv_q8_0_dma_top_0/inst/core/scaled_shifted_reg[3][32]_i_3_n_0
    SLICE_X97Y84         CARRY4 (Prop_carry4_CI_CO[3])
                                                      0.114    14.059 r  design_1_i/gemv_q8_0_dma_top_0/inst/core/scaled_shifted_reg[3][36]_i_3/CO[3]
                         net (fo=1, routed)           0.000    14.059    design_1_i/gemv_q8_0_dma_top_0/inst/core/scaled_shifted_reg[3][36]_i_3_n_0
    SLICE_X97Y85         CARRY4 (Prop_carry4_CI_CO[3])
                                                      0.114    14.173 r  design_1_i/gemv_q8_0_dma_top_0/inst/core/scaled_shifted_reg[3][40]_i_3/CO[3]
                         net (fo=1, routed)           0.000    14.173    design_1_i/gemv_q8_0_dma_top_0/inst/core/scaled_shifted_reg[3][40]_i_3_n_0
    SLICE_X97Y86         CARRY4 (Prop_carry4_CI_CO[3])
                                                      0.114    14.287 r  design_1_i/gemv_q8_0_dma_top_0/inst/core/scaled_shifted_reg[3][44]_i_3/CO[3]
                         net (fo=1, routed)           0.000    14.287    design_1_i/gemv_q8_0_dma_top_0/inst/core/scaled_shifted_reg[3][44]_i_3_n_0
    SLICE_X97Y87         CARRY4 (Prop_carry4_CI_CO[3])
                                                      0.114    14.401 r  design_1_i/gemv_q8_0_dma_top_0/inst/core/scaled_shifted_reg[3][46]_i_3/CO[3]
                         net (fo=1, routed)           0.000    14.401    design_1_i/gemv_q8_0_dma_top_0/inst/core/scaled_shifted_reg[3][46]_i_3_n_0
    SLICE_X97Y88         CARRY4 (Prop_carry4_CI_CO[3])
                                                      0.114    14.515 r  design_1_i/gemv_q8_0_dma_top_0/inst/core/scaled_shifted_reg[3][52]_i_4/CO[3]
                         net (fo=1, routed)           0.000    14.515    design_1_i/gemv_q8_0_dma_top_0/inst/core/scaled_shifted_reg[3][52]_i_4_n_0
    SLICE_X97Y89         CARRY4 (Prop_carry4_CI_O[3])
                                                      0.313    14.828 r  design_1_i/gemv_q8_0_dma_top_0/inst/core/scaled_shifted_reg[3][60]_i_5/O[3]
                         net (fo=1, routed)           0.558    15.386    design_1_i/gemv_q8_0_dma_top_0/inst/core/p_1_in__0[56]
    SLICE_X95Y92         LUT5 (Prop_lut5_I3_O)        0.306    15.692 r  design_1_i/gemv_q8_0_dma_top_0/inst/core/scaled_shifted[3][56]_i_2/O
                         net (fo=1, routed)           0.565    16.257    design_1_i/gemv_q8_0_dma_top_0/inst/core/scaled_shifted[3][56]_i_2_n_0
    SLICE_X97Y92         LUT3 (Prop_lut3_I2_O)        0.149    16.406 r  design_1_i/gemv_q8_0_dma_top_0/inst/core/scaled_shifted[3][56]_i_1/O
                         net (fo=1, routed)           0.000    16.406    design_1_i/gemv_q8_0_dma_top_0/inst/core/scaled_shifted[3][56]_i_1_n_0
    SLICE_X97Y92         FDRE                                         r  design_1_i/gemv_q8_0_dma_top_0/inst/core/scaled_shifted_reg[3][56]/D
  -------------------------------------------------------------------    -------------------

                         (clock clk_fpga_0 rise edge)
                                                     12.999    12.999 r  
    PS7_X0Y0             PS7                          0.000    12.999 r  design_1_i/processing_system7_0/inst/PS7_i/FCLKCLK[0]
                         net (fo=1, routed)           1.088    14.087    design_1_i/processing_system7_0/inst/FCLK_CLK_unbuffered[0]
    BUFGCTRL_X0Y19       BUFG (Prop_bufg_I_O)         0.091    14.178 r  design_1_i/processing_system7_0/inst/buffer_fclk_clk_0.FCLK_CLK_0_BUFG_replica_2/O
                         net (fo=5, routed)           0.133    14.311    design_1_i/processing_system7_0/inst/FCLK_CLK0_repN_2
    BUFGCTRL_X0Y18       BUFG (Prop_bufg_I_O)         0.091    14.402 r  design_1_i/processing_system7_0/inst/buffer_fclk_clk_0.FCLK_CLK_0_BUFG_replica_1/O
                         net (fo=18, routed)          0.133    14.535    design_1_i/processing_system7_0/inst/FCLK_CLK0_repN_1
    BUFGCTRL_X0Y17       BUFG (Prop_bufg_I_O)         0.091    14.626 r  design_1_i/processing_system7_0/inst/buffer_fclk_clk_0.FCLK_CLK_0_BUFG_replica/O
                         net (fo=69, routed)          0.133    14.759    design_1_i/processing_system7_0/inst/FCLK_CLK0_repN
    BUFGCTRL_X0Y16       BUFG (Prop_bufg_I_O)         0.091    14.850 r  design_1_i/processing_system7_0/inst/buffer_fclk_clk_0.FCLK_CLK_0_BUFG/O
                         net (fo=18497, routed)       1.607    16.457    design_1_i/gemv_q8_0_dma_top_0/inst/core/S_AXI_ACLK
    SLICE_X97Y92         FDRE                                         r  design_1_i/gemv_q8_0_dma_top_0/inst/core/scaled_shifted_reg[3][56]/C
                         clock pessimism              0.184    16.641    
                         clock uncertainty           -0.198    16.443    
    SLICE_X97Y92         FDRE (Setup_fdre_C_D)        0.075    16.518    design_1_i/gemv_q8_0_dma_top_0/inst/core/scaled_shifted_reg[3][56]
  -------------------------------------------------------------------
                         required time                         16.518    
                         arrival time                         -16.406    
  -------------------------------------------------------------------
                         slack                                  0.111    

Slack (MET) :             0.115ns  (required time - arrival time)
  Source:                 design_1_i/gemv_q8_0_dma_top_0/inst/core/scaled_shifted[3][23]_i_6_psdsp/C
                            (rising edge-triggered cell FDRE clocked by clk_fpga_0  {rise@0.000ns fall@6.499ns period=12.999ns})
  Destination:            design_1_i/gemv_q8_0_dma_top_0/inst/core/scaled_shifted_reg[3][57]/D
                            (rising edge-triggered cell FDRE clocked by clk_fpga_0  {rise@0.000ns fall@6.499ns period=12.999ns})
  Path Group:             clk_fpga_0
  Path Type:              Setup (Max at Slow Process Corner)
  Requirement:            12.999ns  (clk_fpga_0 rise@12.999ns - clk_fpga_0 rise@0.000ns)
  Data Path Delay:        12.525ns  (logic 6.511ns (51.985%)  route 6.014ns (48.015%))
  Logic Levels:           33  (CARRY4=27 LUT2=1 LUT3=1 LUT5=1 LUT6=3)
  Clock Path Skew:        -0.190ns (DCD - SCD + CPR)
    Destination Clock Delay (DCD):    3.458ns = ( 16.457 - 12.999 ) 
    Source Clock Delay      (SCD):    3.832ns
    Clock Pessimism Removal (CPR):    0.184ns
  Clock Uncertainty:      0.198ns  ((TSJ^2 + TIJ^2)^1/2 + DJ) / 2 + PE
    Total System Jitter     (TSJ):    0.071ns
    Total Input Jitter      (TIJ):    0.390ns
    Discrete Jitter          (DJ):    0.000ns
    Phase Error              (PE):    0.000ns

    Location             Delay type                Incr(ns)  Path(ns)    Netlist Resource(s)
  -------------------------------------------------------------------    -------------------
                         (clock clk_fpga_0 rise edge)
                                                      0.000     0.000 r  
    PS7_X0Y0             PS7                          0.000     0.000 r  design_1_i/processing_system7_0/inst/PS7_i/FCLKCLK[0]
                         net (fo=1, routed)           1.193     1.193    design_1_i/processing_system7_0/inst/FCLK_CLK_unbuffered[0]
    BUFGCTRL_X0Y19       BUFG (Prop_bufg_I_O)         0.101     1.294 r  design_1_i/processing_system7_0/inst/buffer_fclk_clk_0.FCLK_CLK_0_BUFG_replica_2/O
                         net (fo=5, routed)           0.146     1.440    design_1_i/processing_system7_0/inst/FCLK_CLK0_repN_2
    BUFGCTRL_X0Y18       BUFG (Prop_bufg_I_O)         0.101     1.541 r  design_1_i/processing_system7_0/inst/buffer_fclk_clk_0.FCLK_CLK_0_BUFG_replica_1/O
                         net (fo=18, routed)          0.146     1.687    design_1_i/processing_system7_0/inst/FCLK_CLK0_repN_1
    BUFGCTRL_X0Y17       BUFG (Prop_bufg_I_O)         0.101     1.788 r  design_1_i/processing_system7_0/inst/buffer_fclk_clk_0.FCLK_CLK_0_BUFG_replica/O
                         net (fo=69, routed)          0.146     1.934    design_1_i/processing_system7_0/inst/FCLK_CLK0_repN
    BUFGCTRL_X0Y16       BUFG (Prop_bufg_I_O)         0.101     2.035 r  design_1_i/processing_system7_0/inst/buffer_fclk_clk_0.FCLK_CLK_0_BUFG/O
                         net (fo=18497, routed)       1.797     3.832    design_1_i/gemv_q8_0_dma_top_0/inst/core/S_AXI_ACLK
    SLICE_X99Y35         FDRE                                         r  design_1_i/gemv_q8_0_dma_top_0/inst/core/scaled_shifted[3][23]_i_6_psdsp/C
  -------------------------------------------------------------------    -------------------
    SLICE_X99Y35         FDRE (Prop_fdre_C_Q)         0.456     4.288 r  design_1_i/gemv_q8_0_dma_top_0/inst/core/scaled_shifted[3][23]_i_6_psdsp/Q
                         net (fo=2, routed)           0.629     4.917    design_1_i/gemv_q8_0_dma_top_0/inst/core/scaled_product_reg[3]__0_n_101
    SLICE_X98Y35         CARRY4 (Prop_carry4_DI[1]_CO[3])
                                                      0.520     5.437 r  design_1_i/gemv_q8_0_dma_top_0/inst/core/scaled_shifted_reg[3][23]_i_2/CO[3]
                         net (fo=1, routed)           0.000     5.437    design_1_i/gemv_q8_0_dma_top_0/inst/core/scaled_shifted_reg[3][23]_i_2_n_0
    SLICE_X98Y36         CARRY4 (Prop_carry4_CI_CO[3])
                                                      0.117     5.554 r  design_1_i/gemv_q8_0_dma_top_0/inst/core/scaled_shifted_reg[3][27]_i_2/CO[3]
                         net (fo=1, routed)           0.000     5.554    design_1_i/gemv_q8_0_dma_top_0/inst/core/scaled_shifted_reg[3][27]_i_2_n_0
    SLICE_X98Y37         CARRY4 (Prop_carry4_CI_O[0])
                                                      0.219     5.773 r  design_1_i/gemv_q8_0_dma_top_0/inst/core/scaled_shifted_reg[3][31]_i_2/O[0]
                         net (fo=4, routed)           1.470     7.243    design_1_i/gemv_q8_0_dma_top_0/inst/core/scaled_product_reg[3]__1[28]
    SLICE_X95Y58         LUT2 (Prop_lut2_I0_O)        0.295     7.538 r  design_1_i/gemv_q8_0_dma_top_0/inst/core/scaled_shifted[3][0]_i_43/O
                         net (fo=1, routed)           0.000     7.538    design_1_i/gemv_q8_0_dma_top_0/inst/core/scaled_shifted[3][0]_i_43_n_0
    SLICE_X95Y58         CARRY4 (Prop_carry4_S[0]_CO[3])
                                                      0.532     8.070 r  design_1_i/gemv_q8_0_dma_top_0/inst/core/scaled_shifted_reg[3][0]_i_26/CO[3]
                         net (fo=1, routed)           0.000     8.070    design_1_i/gemv_q8_0_dma_top_0/inst/core/scaled_shifted_reg[3][0]_i_26_n_0
    SLICE_X95Y59         CARRY4 (Prop_carry4_CI_CO[3])
                                                      0.114     8.184 r  design_1_i/gemv_q8_0_dma_top_0/inst/core/scaled_shifted_reg[3][0]_i_38/CO[3]
                         net (fo=1, routed)           0.000     8.184    design_1_i/gemv_q8_0_dma_top_0/inst/core/scaled_shifted_reg[3][0]_i_38_n_0
    SLICE_X95Y60         CARRY4 (Prop_carry4_CI_CO[3])
                                                      0.114     8.298 r  design_1_i/gemv_q8_0_dma_top_0/inst/core/scaled_shifted_reg[3][0]_i_31/CO[3]
                         net (fo=1, routed)           0.000     8.298    design_1_i/gemv_q8_0_dma_top_0/inst/core/scaled_shifted_reg[3][0]_i_31_n_0
    SLICE_X95Y61         CARRY4 (Prop_carry4_CI_CO[3])
                                                      0.114     8.412 r  design_1_i/gemv_q8_0_dma_top_0/inst/core/scaled_shifted_reg[3][0]_i_34/CO[3]
                         net (fo=1, routed)           0.000     8.412    design_1_i/gemv_q8_0_dma_top_0/inst/core/scaled_shifted_reg[3][0]_i_34_n_0
    SLICE_X95Y62         CARRY4 (Prop_carry4_CI_CO[3])
                                                      0.114     8.526 r  design_1_i/gemv_q8_0_dma_top_0/inst/core/scaled_shifted_reg[3][0]_i_27/CO[3]
                         net (fo=1, routed)           0.000     8.526    design_1_i/gemv_q8_0_dma_top_0/inst/core/scaled_shifted_reg[3][0]_i_27_n_0
    SLICE_X95Y63         CARRY4 (Prop_carry4_CI_CO[3])
                                                      0.114     8.640 r  design_1_i/gemv_q8_0_dma_top_0/inst/core/scaled_shifted_reg[3][0]_i_36/CO[3]
                         net (fo=1, routed)           0.000     8.640    design_1_i/gemv_q8_0_dma_top_0/inst/core/scaled_shifted_reg[3][0]_i_36_n_0
    SLICE_X95Y64         CARRY4 (Prop_carry4_CI_CO[3])
                                                      0.114     8.754 r  design_1_i/gemv_q8_0_dma_top_0/inst/core/scaled_shifted_reg[3][0]_i_29/CO[3]
                         net (fo=1, routed)           0.000     8.754    design_1_i/gemv_q8_0_dma_top_0/inst/core/scaled_shifted_reg[3][0]_i_29_n_0
    SLICE_X95Y65         CARRY4 (Prop_carry4_CI_CO[3])
                                                      0.114     8.868 r  design_1_i/gemv_q8_0_dma_top_0/inst/core/scaled_shifted_reg[3][63]_i_31/CO[3]
                         net (fo=1, routed)           0.000     8.868    design_1_i/gemv_q8_0_dma_top_0/inst/core/scaled_shifted_reg[3][63]_i_31_n_0
    SLICE_X95Y66         CARRY4 (Prop_carry4_CI_O[3])
                                                      0.313     9.181 f  design_1_i/gemv_q8_0_dma_top_0/inst/core/scaled_shifted_reg[3][63]_i_23/O[3]
                         net (fo=64, routed)          0.792     9.973    design_1_i/gemv_q8_0_dma_top_0/inst/core/scaled_shifted_reg[3][63]_i_23_n_4
    SLICE_X93Y63         LUT6 (Prop_lut6_I0_O)        0.306    10.279 f  design_1_i/gemv_q8_0_dma_top_0/inst/core/scaled_shifted[3][0]_i_10/O
                         net (fo=4, routed)           0.417    10.696    design_1_i/gemv_q8_0_dma_top_0/inst/core/scaled_shifted[3][0]_i_10_n_0
    SLICE_X93Y63         LUT6 (Prop_lut6_I0_O)        0.124    10.820 f  design_1_i/gemv_q8_0_dma_top_0/inst/core/scaled_shifted[3][0]_i_5/O
                         net (fo=4, routed)           1.285    12.105    design_1_i/gemv_q8_0_dma_top_0/inst/core/scaled_shifted[3][0]_i_5_n_0
    SLICE_X94Y75         LUT6 (Prop_lut6_I0_O)        0.124    12.229 r  design_1_i/gemv_q8_0_dma_top_0/inst/core/scaled_shifted[3][0]_i_3/O
                         net (fo=2, routed)           0.338    12.567    design_1_i/gemv_q8_0_dma_top_0/inst/core/scaled_shifted[3][4]_i_5_n_0
    SLICE_X97Y76         CARRY4 (Prop_carry4_CYINIT_CO[3])
                                                      0.580    13.147 r  design_1_i/gemv_q8_0_dma_top_0/inst/core/scaled_shifted_reg[3][4]_i_3/CO[3]
                         net (fo=1, routed)           0.000    13.147    design_1_i/gemv_q8_0_dma_top_0/inst/core/scaled_shifted_reg[3][4]_i_3_n_0
    SLICE_X97Y77         CARRY4 (Prop_carry4_CI_CO[3])
                                                      0.114    13.261 r  design_1_i/gemv_q8_0_dma_top_0/inst/core/scaled_shifted_reg[3][8]_i_3/CO[3]
                         net (fo=1, routed)           0.000    13.261    design_1_i/gemv_q8_0_dma_top_0/inst/core/scaled_shifted_reg[3][8]_i_3_n_0
    SLICE_X97Y78         CARRY4 (Prop_carry4_CI_CO[3])
                                                      0.114    13.375 r  design_1_i/gemv_q8_0_dma_top_0/inst/core/scaled_shifted_reg[3][12]_i_3/CO[3]
                         net (fo=1, routed)           0.000    13.375    design_1_i/gemv_q8_0_dma_top_0/inst/core/scaled_shifted_reg[3][12]_i_3_n_0
    SLICE_X97Y79         CARRY4 (Prop_carry4_CI_CO[3])
                                                      0.114    13.489 r  design_1_i/gemv_q8_0_dma_top_0/inst/core/scaled_shifted_reg[3][16]_i_3/CO[3]
                         net (fo=1, routed)           0.000    13.489    design_1_i/gemv_q8_0_dma_top_0/inst/core/scaled_shifted_reg[3][16]_i_3_n_0
    SLICE_X97Y80         CARRY4 (Prop_carry4_CI_CO[3])
                                                      0.114    13.603 r  design_1_i/gemv_q8_0_dma_top_0/inst/core/scaled_shifted_reg[3][20]_i_3/CO[3]
                         net (fo=1, routed)           0.000    13.603    design_1_i/gemv_q8_0_dma_top_0/inst/core/scaled_shifted_reg[3][20]_i_3_n_0
    SLICE_X97Y81         CARRY4 (Prop_carry4_CI_CO[3])
                                                      0.114    13.717 r  design_1_i/gemv_q8_0_dma_top_0/inst/core/scaled_shifted_reg[3][24]_i_3/CO[3]
                         net (fo=1, routed)           0.000    13.717    design_1_i/gemv_q8_0_dma_top_0/inst/core/scaled_shifted_reg[3][24]_i_3_n_0
    SLICE_X97Y82         CARRY4 (Prop_carry4_CI_CO[3])
                                                      0.114    13.831 r  design_1_i/gemv_q8_0_dma_top_0/inst/core/scaled_shifted_reg[3][28]_i_3/CO[3]
                         net (fo=1, routed)           0.000    13.831    design_1_i/gemv_q8_0_dma_top_0/inst/core/scaled_shifted_reg[3][28]_i_3_n_0
    SLICE_X97Y83         CARRY4 (Prop_carry4_CI_CO[3])
                                                      0.114    13.945 r  design_1_i/gemv_q8_0_dma_top_0/inst/core/scaled_shifted_reg[3][32]_i_3/CO[3]
                         net (fo=1, routed)           0.000    13.945    design_1_i/gemv_q8_0_dma_top_0/inst/core/scaled_shifted_reg[3][32]_i_3_n_0
    SLICE_X97Y84         CARRY4 (Prop_carry4_CI_CO[3])
                                                      0.114    14.059 r  design_1_i/gemv_q8_0_dma_top_0/inst/core/scaled_shifted_reg[3][36]_i_3/CO[3]
                         net (fo=1, routed)           0.000    14.059    design_1_i/gemv_q8_0_dma_top_0/inst/core/scaled_shifted_reg[3][36]_i_3_n_0
    SLICE_X97Y85         CARRY4 (Prop_carry4_CI_CO[3])
                                                      0.114    14.173 r  design_1_i/gemv_q8_0_dma_top_0/inst/core/scaled_shifted_reg[3][40]_i_3/CO[3]
                         net (fo=1, routed)           0.000    14.173    design_1_i/gemv_q8_0_dma_top_0/inst/core/scaled_shifted_reg[3][40]_i_3_n_0
    SLICE_X97Y86         CARRY4 (Prop_carry4_CI_CO[3])
                                                      0.114    14.287 r  design_1_i/gemv_q8_0_dma_top_0/inst/core/scaled_shifted_reg[3][44]_i_3/CO[3]
                         net (fo=1, routed)           0.000    14.287    design_1_i/gemv_q8_0_dma_top_0/inst/core/scaled_shifted_reg[3][44]_i_3_n_0
    SLICE_X97Y87         CARRY4 (Prop_carry4_CI_CO[3])
                                                      0.114    14.401 r  design_1_i/gemv_q8_0_dma_top_0/inst/core/scaled_shifted_reg[3][46]_i_3/CO[3]
                         net (fo=1, routed)           0.000    14.401    design_1_i/gemv_q8_0_dma_top_0/inst/core/scaled_shifted_reg[3][46]_i_3_n_0
    SLICE_X97Y88         CARRY4 (Prop_carry4_CI_CO[3])
                                                      0.114    14.515 r  design_1_i/gemv_q8_0_dma_top_0/inst/core/scaled_shifted_reg[3][52]_i_4/CO[3]
                         net (fo=1, routed)           0.000    14.515    design_1_i/gemv_q8_0_dma_top_0/inst/core/scaled_shifted_reg[3][52]_i_4_n_0
    SLICE_X97Y89         CARRY4 (Prop_carry4_CI_CO[3])
                                                      0.114    14.629 r  design_1_i/gemv_q8_0_dma_top_0/inst/core/scaled_shifted_reg[3][60]_i_5/CO[3]
                         net (fo=1, routed)           0.000    14.629    design_1_i/gemv_q8_0_dma_top_0/inst/core/scaled_shifted_reg[3][60]_i_5_n_0
    SLICE_X97Y90         CARRY4 (Prop_carry4_CI_O[0])
                                                      0.222    14.851 r  design_1_i/gemv_q8_0_dma_top_0/inst/core/scaled_shifted_reg[3][60]_i_3/O[0]
                         net (fo=1, routed)           0.426    15.277    design_1_i/gemv_q8_0_dma_top_0/inst/core/p_1_in__0[57]
    SLICE_X98Y91         LUT5 (Prop_lut5_I3_O)        0.299    15.576 r  design_1_i/gemv_q8_0_dma_top_0/inst/core/scaled_shifted[3][57]_i_2/O
                         net (fo=1, routed)           0.657    16.233    design_1_i/gemv_q8_0_dma_top_0/inst/core/scaled_shifted[3][57]_i_2_n_0
    SLICE_X97Y92         LUT3 (Prop_lut3_I2_O)        0.124    16.357 r  design_1_i/gemv_q8_0_dma_top_0/inst/core/scaled_shifted[3][57]_i_1/O
                         net (fo=1, routed)           0.000    16.357    design_1_i/gemv_q8_0_dma_top_0/inst/core/scaled_shifted[3][57]_i_1_n_0
    SLICE_X97Y92         FDRE                                         r  design_1_i/gemv_q8_0_dma_top_0/inst/core/scaled_shifted_reg[3][57]/D
  -------------------------------------------------------------------    -------------------

                         (clock clk_fpga_0 rise edge)
                                                     12.999    12.999 r  
    PS7_X0Y0             PS7                          0.000    12.999 r  design_1_i/processing_system7_0/inst/PS7_i/FCLKCLK[0]
                         net (fo=1, routed)           1.088    14.087    design_1_i/processing_system7_0/inst/FCLK_CLK_unbuffered[0]
    BUFGCTRL_X0Y19       BUFG (Prop_bufg_I_O)         0.091    14.178 r  design_1_i/processing_system7_0/inst/buffer_fclk_clk_0.FCLK_CLK_0_BUFG_replica_2/O
                         net (fo=5, routed)           0.133    14.311    design_1_i/processing_system7_0/inst/FCLK_CLK0_repN_2
    BUFGCTRL_X0Y18       BUFG (Prop_bufg_I_O)         0.091    14.402 r  design_1_i/processing_system7_0/inst/buffer_fclk_clk_0.FCLK_CLK_0_BUFG_replica_1/O
                         net (fo=18, routed)          0.133    14.535    design_1_i/processing_system7_0/inst/FCLK_CLK0_repN_1
    BUFGCTRL_X0Y17       BUFG (Prop_bufg_I_O)         0.091    14.626 r  design_1_i/processing_system7_0/inst/buffer_fclk_clk_0.FCLK_CLK_0_BUFG_replica/O
                         net (fo=69, routed)          0.133    14.759    design_1_i/processing_system7_0/inst/FCLK_CLK0_repN
    BUFGCTRL_X0Y16       BUFG (Prop_bufg_I_O)         0.091    14.850 r  design_1_i/processing_system7_0/inst/buffer_fclk_clk_0.FCLK_CLK_0_BUFG/O
                         net (fo=18497, routed)       1.607    16.457    design_1_i/gemv_q8_0_dma_top_0/inst/core/S_AXI_ACLK
    SLICE_X97Y92         FDRE                                         r  design_1_i/gemv_q8_0_dma_top_0/inst/core/scaled_shifted_reg[3][57]/C
                         clock pessimism              0.184    16.641    
                         clock uncertainty           -0.198    16.443    
    SLICE_X97Y92         FDRE (Setup_fdre_C_D)        0.029    16.472    design_1_i/gemv_q8_0_dma_top_0/inst/core/scaled_shifted_reg[3][57]
  -------------------------------------------------------------------
                         required time                         16.472    
                         arrival time                         -16.357    
  -------------------------------------------------------------------
                         slack                                  0.115    

Slack (MET) :             0.116ns  (required time - arrival time)
  Source:                 design_1_i/gemv_q8_0_dma_top_0/inst/core/scaled_shifted[13][23]_i_4_psdsp/C
                            (rising edge-triggered cell FDRE clocked by clk_fpga_0  {rise@0.000ns fall@6.499ns period=12.999ns})
  Destination:            design_1_i/gemv_q8_0_dma_top_0/inst/core/scaled_shifted_reg[13][51]/D
                            (rising edge-triggered cell FDRE clocked by clk_fpga_0  {rise@0.000ns fall@6.499ns period=12.999ns})
  Path Group:             clk_fpga_0
  Path Type:              Setup (Max at Slow Process Corner)
  Requirement:            12.999ns  (clk_fpga_0 rise@12.999ns - clk_fpga_0 rise@0.000ns)
  Data Path Delay:        12.494ns  (logic 6.441ns (51.554%)  route 6.053ns (48.446%))
  Logic Levels:           31  (CARRY4=24 LUT2=2 LUT3=1 LUT5=1 LUT6=3)
  Clock Path Skew:        -0.268ns (DCD - SCD + CPR)
    Destination Clock Delay (DCD):    3.380ns = ( 16.379 - 12.999 ) 
    Source Clock Delay      (SCD):    3.832ns
    Clock Pessimism Removal (CPR):    0.184ns
  Clock Uncertainty:      0.198ns  ((TSJ^2 + TIJ^2)^1/2 + DJ) / 2 + PE
    Total System Jitter     (TSJ):    0.071ns
    Total Input Jitter      (TIJ):    0.390ns
    Discrete Jitter          (DJ):    0.000ns
    Phase Error              (PE):    0.000ns

    Location             Delay type                Incr(ns)  Path(ns)    Netlist Resource(s)
  -------------------------------------------------------------------    -------------------
                         (clock clk_fpga_0 rise edge)
                                                      0.000     0.000 r  
    PS7_X0Y0             PS7                          0.000     0.000 r  design_1_i/processing_system7_0/inst/PS7_i/FCLKCLK[0]
                         net (fo=1, routed)           1.193     1.193    design_1_i/processing_system7_0/inst/FCLK_CLK_unbuffered[0]
    BUFGCTRL_X0Y19       BUFG (Prop_bufg_I_O)         0.101     1.294 r  design_1_i/processing_system7_0/inst/buffer_fclk_clk_0.FCLK_CLK_0_BUFG_replica_2/O
                         net (fo=5, routed)           0.146     1.440    design_1_i/processing_system7_0/inst/FCLK_CLK0_repN_2
    BUFGCTRL_X0Y18       BUFG (Prop_bufg_I_O)         0.101     1.541 r  design_1_i/processing_system7_0/inst/buffer_fclk_clk_0.FCLK_CLK_0_BUFG_replica_1/O
                         net (fo=18, routed)          0.146     1.687    design_1_i/processing_system7_0/inst/FCLK_CLK0_repN_1
    BUFGCTRL_X0Y17       BUFG (Prop_bufg_I_O)         0.101     1.788 r  design_1_i/processing_system7_0/inst/buffer_fclk_clk_0.FCLK_CLK_0_BUFG_replica/O
                         net (fo=69, routed)          0.146     1.934    design_1_i/processing_system7_0/inst/FCLK_CLK0_repN
    BUFGCTRL_X0Y16       BUFG (Prop_bufg_I_O)         0.101     2.035 r  design_1_i/processing_system7_0/inst/buffer_fclk_clk_0.FCLK_CLK_0_BUFG/O
                         net (fo=18497, routed)       1.797     3.832    design_1_i/gemv_q8_0_dma_top_0/inst/core/S_AXI_ACLK
    SLICE_X90Y38         FDRE                                         r  design_1_i/gemv_q8_0_dma_top_0/inst/core/scaled_shifted[13][23]_i_4_psdsp/C
  -------------------------------------------------------------------    -------------------
    SLICE_X90Y38         FDRE (Prop_fdre_C_Q)         0.518     4.350 r  design_1_i/gemv_q8_0_dma_top_0/inst/core/scaled_shifted[13][23]_i_4_psdsp/Q
                         net (fo=2, routed)           0.779     5.129    design_1_i/gemv_q8_0_dma_top_0/inst/core/scaled_product_reg[13]__0_n_99
    SLICE_X89Y38         LUT2 (Prop_lut2_I0_O)        0.124     5.253 r  design_1_i/gemv_q8_0_dma_top_0/inst/core/scaled_shifted[13][23]_i_4/O
                         net (fo=1, routed)           0.000     5.253    design_1_i/gemv_q8_0_dma_top_0/inst/core/scaled_shifted[13][23]_i_4_n_0
    SLICE_X89Y38         CARRY4 (Prop_carry4_S[3]_CO[3])
                                                      0.401     5.654 r  design_1_i/gemv_q8_0_dma_top_0/inst/core/scaled_shifted_reg[13][23]_i_2/CO[3]
                         net (fo=1, routed)           0.000     5.654    design_1_i/gemv_q8_0_dma_top_0/inst/core/scaled_shifted_reg[13][23]_i_2_n_0
    SLICE_X89Y39         CARRY4 (Prop_carry4_CI_CO[3])
                                                      0.114     5.768 r  design_1_i/gemv_q8_0_dma_top_0/inst/core/scaled_shifted_reg[13][27]_i_2/CO[3]
                         net (fo=1, routed)           0.000     5.768    design_1_i/gemv_q8_0_dma_top_0/inst/core/scaled_shifted_reg[13][27]_i_2_n_0
    SLICE_X89Y40         CARRY4 (Prop_carry4_CI_CO[3])
                                                      0.114     5.882 r  design_1_i/gemv_q8_0_dma_top_0/inst/core/scaled_shifted_reg[13][31]_i_2/CO[3]
                         net (fo=1, routed)           0.000     5.882    design_1_i/gemv_q8_0_dma_top_0/inst/core/scaled_shifted_reg[13][31]_i_2_n_0
    SLICE_X89Y41         CARRY4 (Prop_carry4_CI_CO[3])
                                                      0.114     5.996 r  design_1_i/gemv_q8_0_dma_top_0/inst/core/scaled_shifted_reg[13][35]_i_2/CO[3]
                         net (fo=1, routed)           0.000     5.996    design_1_i/gemv_q8_0_dma_top_0/inst/core/scaled_shifted_reg[13][35]_i_2_n_0
    SLICE_X89Y42         CARRY4 (Prop_carry4_CI_CO[3])
                                                      0.114     6.110 r  design_1_i/gemv_q8_0_dma_top_0/inst/core/scaled_shifted_reg[13][39]_i_2/CO[3]
                         net (fo=1, routed)           0.000     6.110    design_1_i/gemv_q8_0_dma_top_0/inst/core/scaled_shifted_reg[13][39]_i_2_n_0
    SLICE_X89Y43         CARRY4 (Prop_carry4_CI_CO[3])
                                                      0.114     6.224 r  design_1_i/gemv_q8_0_dma_top_0/inst/core/scaled_shifted_reg[13][43]_i_2/CO[3]
                         net (fo=1, routed)           0.000     6.224    design_1_i/gemv_q8_0_dma_top_0/inst/core/scaled_shifted_reg[13][43]_i_2_n_0
    SLICE_X89Y44         CARRY4 (Prop_carry4_CI_CO[3])
                                                      0.114     6.338 r  design_1_i/gemv_q8_0_dma_top_0/inst/core/scaled_shifted_reg[13][47]_i_2/CO[3]
                         net (fo=1, routed)           0.000     6.338    design_1_i/gemv_q8_0_dma_top_0/inst/core/scaled_shifted_reg[13][47]_i_2_n_0
    SLICE_X89Y45         CARRY4 (Prop_carry4_CI_CO[3])
                                                      0.114     6.452 r  design_1_i/gemv_q8_0_dma_top_0/inst/core/scaled_shifted_reg[13][51]_i_2/CO[3]
                         net (fo=1, routed)           0.000     6.452    design_1_i/gemv_q8_0_dma_top_0/inst/core/scaled_shifted_reg[13][51]_i_2_n_0
    SLICE_X89Y46         CARRY4 (Prop_carry4_CI_O[1])
                                                      0.334     6.786 r  design_1_i/gemv_q8_0_dma_top_0/inst/core/scaled_shifted_reg[13][55]_i_2/O[1]
                         net (fo=4, routed)           1.249     8.034    design_1_i/gemv_q8_0_dma_top_0/inst/core/scaled_product_reg[13]__1[53]
    SLICE_X84Y62         LUT2 (Prop_lut2_I0_O)        0.303     8.337 r  design_1_i/gemv_q8_0_dma_top_0/inst/core/scaled_shifted[13][0]_i_54/O
                         net (fo=1, routed)           0.000     8.337    design_1_i/gemv_q8_0_dma_top_0/inst/core/scaled_shifted[13][0]_i_54_n_0
    SLICE_X84Y62         CARRY4 (Prop_carry4_S[1]_CO[3])
                                                      0.550     8.887 r  design_1_i/gemv_q8_0_dma_top_0/inst/core/scaled_shifted_reg[13][0]_i_29/CO[3]
                         net (fo=1, routed)           0.000     8.887    design_1_i/gemv_q8_0_dma_top_0/inst/core/scaled_shifted_reg[13][0]_i_29_n_0
    SLICE_X84Y63         CARRY4 (Prop_carry4_CI_O[3])
                                                      0.313     9.200 f  design_1_i/gemv_q8_0_dma_top_0/inst/core/scaled_shifted_reg[13][63]_i_31/O[3]
                         net (fo=6, routed)           0.700     9.900    design_1_i/gemv_q8_0_dma_top_0/inst/core/scaled_shifted_reg[13][63]_i_31_n_4
    SLICE_X83Y57         LUT6 (Prop_lut6_I0_O)        0.306    10.206 f  design_1_i/gemv_q8_0_dma_top_0/inst/core/scaled_shifted[13][0]_i_12/O
                         net (fo=3, routed)           0.682    10.888    design_1_i/gemv_q8_0_dma_top_0/inst/core/scaled_shifted[13][0]_i_12_n_0
    SLICE_X82Y55         LUT6 (Prop_lut6_I3_O)        0.124    11.012 f  design_1_i/gemv_q8_0_dma_top_0/inst/core/scaled_shifted[13][0]_i_5/O
                         net (fo=4, routed)           0.823    11.835    design_1_i/gemv_q8_0_dma_top_0/inst/core/scaled_shifted[13][0]_i_5_n_0
    SLICE_X85Y55         LUT6 (Prop_lut6_I0_O)        0.124    11.959 r  design_1_i/gemv_q8_0_dma_top_0/inst/core/scaled_shifted[13][0]_i_3/O
                         net (fo=2, routed)           0.491    12.450    design_1_i/gemv_q8_0_dma_top_0/inst/core/scaled_shifted[13][4]_i_5_n_0
    SLICE_X82Y58         CARRY4 (Prop_carry4_CYINIT_CO[3])
                                                      0.595    13.045 r  design_1_i/gemv_q8_0_dma_top_0/inst/core/scaled_shifted_reg[13][4]_i_3/CO[3]
                         net (fo=1, routed)           0.000    13.045    design_1_i/gemv_q8_0_dma_top_0/inst/core/scaled_shifted_reg[13][4]_i_3_n_0
    SLICE_X82Y59         CARRY4 (Prop_carry4_CI_CO[3])
                                                      0.117    13.162 r  design_1_i/gemv_q8_0_dma_top_0/inst/core/scaled_shifted_reg[13][8]_i_3/CO[3]
                         net (fo=1, routed)           0.000    13.162    design_1_i/gemv_q8_0_dma_top_0/inst/core/scaled_shifted_reg[13][8]_i_3_n_0
    SLICE_X82Y60         CARRY4 (Prop_carry4_CI_CO[3])
                                                      0.117    13.279 r  design_1_i/gemv_q8_0_dma_top_0/inst/core/scaled_shifted_reg[13][12]_i_3/CO[3]
                         net (fo=1, routed)           0.000    13.279    design_1_i/gemv_q8_0_dma_top_0/inst/core/scaled_shifted_reg[13][12]_i_3_n_0
    SLICE_X82Y61         CARRY4 (Prop_carry4_CI_CO[3])
                                                      0.117    13.396 r  design_1_i/gemv_q8_0_dma_top_0/inst/core/scaled_shifted_reg[13][16]_i_3/CO[3]
                         net (fo=1, routed)           0.000    13.396    design_1_i/gemv_q8_0_dma_top_0/inst/core/scaled_shifted_reg[13][16]_i_3_n_0
    SLICE_X82Y62         CARRY4 (Prop_carry4_CI_CO[3])
                                                      0.117    13.513 r  design_1_i/gemv_q8_0_dma_top_0/inst/core/scaled_shifted_reg[13][20]_i_3/CO[3]
                         net (fo=1, routed)           0.000    13.513    design_1_i/gemv_q8_0_dma_top_0/inst/core/scaled_shifted_reg[13][20]_i_3_n_0
    SLICE_X82Y63         CARRY4 (Prop_carry4_CI_CO[3])
                                                      0.117    13.630 r  design_1_i/gemv_q8_0_dma_top_0/inst/core/scaled_shifted_reg[13][24]_i_3/CO[3]
                         net (fo=1, routed)           0.000    13.630    design_1_i/gemv_q8_0_dma_top_0/inst/core/scaled_shifted_reg[13][24]_i_3_n_0
    SLICE_X82Y64         CARRY4 (Prop_carry4_CI_CO[3])
                                                      0.117    13.747 r  design_1_i/gemv_q8_0_dma_top_0/inst/core/scaled_shifted_reg[13][28]_i_3/CO[3]
                         net (fo=1, routed)           0.000    13.747    design_1_i/gemv_q8_0_dma_top_0/inst/core/scaled_shifted_reg[13][28]_i_3_n_0
    SLICE_X82Y65         CARRY4 (Prop_carry4_CI_CO[3])
                                                      0.117    13.864 r  design_1_i/gemv_q8_0_dma_top_0/inst/core/scaled_shifted_reg[13][32]_i_3/CO[3]
                         net (fo=1, routed)           0.000    13.864    design_1_i/gemv_q8_0_dma_top_0/inst/core/scaled_shifted_reg[13][32]_i_3_n_0
    SLICE_X82Y66         CARRY4 (Prop_carry4_CI_CO[3])
                                                      0.117    13.981 r  design_1_i/gemv_q8_0_dma_top_0/inst/core/scaled_shifted_reg[13][36]_i_3/CO[3]
                         net (fo=1, routed)           0.000    13.981    design_1_i/gemv_q8_0_dma_top_0/inst/core/scaled_shifted_reg[13][36]_i_3_n_0
    SLICE_X82Y67         CARRY4 (Prop_carry4_CI_CO[3])
                                                      0.117    14.098 r  design_1_i/gemv_q8_0_dma_top_0/inst/core/scaled_shifted_reg[13][40]_i_3/CO[3]
                         net (fo=1, routed)           0.000    14.098    design_1_i/gemv_q8_0_dma_top_0/inst/core/scaled_shifted_reg[13][40]_i_3_n_0
    SLICE_X82Y68         CARRY4 (Prop_carry4_CI_CO[3])
                                                      0.117    14.215 r  design_1_i/gemv_q8_0_dma_top_0/inst/core/scaled_shifted_reg[13][44]_i_3/CO[3]
                         net (fo=1, routed)           0.000    14.215    design_1_i/gemv_q8_0_dma_top_0/inst/core/scaled_shifted_reg[13][44]_i_3_n_0
    SLICE_X82Y69         CARRY4 (Prop_carry4_CI_CO[3])
                                                      0.117    14.332 r  design_1_i/gemv_q8_0_dma_top_0/inst/core/scaled_shifted_reg[13][46]_i_3/CO[3]
                         net (fo=1, routed)           0.000    14.332    design_1_i/gemv_q8_0_dma_top_0/inst/core/scaled_shifted_reg[13][46]_i_3_n_0
    SLICE_X82Y70         CARRY4 (Prop_carry4_CI_O[2])
                                                      0.239    14.571 r  design_1_i/gemv_q8_0_dma_top_0/inst/core/scaled_shifted_reg[13][52]_i_4/O[2]
                         net (fo=1, routed)           0.649    15.221    design_1_i/gemv_q8_0_dma_top_0/inst/core/scaled_shifted_reg[13][52]_i_4_n_5
    SLICE_X82Y74         LUT5 (Prop_lut5_I3_O)        0.301    15.522 r  design_1_i/gemv_q8_0_dma_top_0/inst/core/scaled_shifted[13][51]_i_3/O
                         net (fo=1, routed)           0.680    16.202    design_1_i/gemv_q8_0_dma_top_0/inst/core/scaled_shifted[13][51]_i_3_n_0
    SLICE_X82Y74         LUT3 (Prop_lut3_I2_O)        0.124    16.326 r  design_1_i/gemv_q8_0_dma_top_0/inst/core/scaled_shifted[13][51]_i_1/O
                         net (fo=1, routed)           0.000    16.326    design_1_i/gemv_q8_0_dma_top_0/inst/core/scaled_shifted[13][51]_i_1_n_0
    SLICE_X82Y74         FDRE                                         r  design_1_i/gemv_q8_0_dma_top_0/inst/core/scaled_shifted_reg[13][51]/D
  -------------------------------------------------------------------    -------------------

                         (clock clk_fpga_0 rise edge)
                                                     12.999    12.999 r  
    PS7_X0Y0             PS7                          0.000    12.999 r  design_1_i/processing_system7_0/inst/PS7_i/FCLKCLK[0]
                         net (fo=1, routed)           1.088    14.087    design_1_i/processing_system7_0/inst/FCLK_CLK_unbuffered[0]
    BUFGCTRL_X0Y19       BUFG (Prop_bufg_I_O)         0.091    14.178 r  design_1_i/processing_system7_0/inst/buffer_fclk_clk_0.FCLK_CLK_0_BUFG_replica_2/O
                         net (fo=5, routed)           0.133    14.311    design_1_i/processing_system7_0/inst/FCLK_CLK0_repN_2
    BUFGCTRL_X0Y18       BUFG (Prop_bufg_I_O)         0.091    14.402 r  design_1_i/processing_system7_0/inst/buffer_fclk_clk_0.FCLK_CLK_0_BUFG_replica_1/O
                         net (fo=18, routed)          0.133    14.535    design_1_i/processing_system7_0/inst/FCLK_CLK0_repN_1
    BUFGCTRL_X0Y17       BUFG (Prop_bufg_I_O)         0.091    14.626 r  design_1_i/processing_system7_0/inst/buffer_fclk_clk_0.FCLK_CLK_0_BUFG_replica/O
                         net (fo=69, routed)          0.133    14.759    design_1_i/processing_system7_0/inst/FCLK_CLK0_repN
    BUFGCTRL_X0Y16       BUFG (Prop_bufg_I_O)         0.091    14.850 r  design_1_i/processing_system7_0/inst/buffer_fclk_clk_0.FCLK_CLK_0_BUFG/O
                         net (fo=18497, routed)       1.529    16.379    design_1_i/gemv_q8_0_dma_top_0/inst/core/S_AXI_ACLK
    SLICE_X82Y74         FDRE                                         r  design_1_i/gemv_q8_0_dma_top_0/inst/core/scaled_shifted_reg[13][51]/C
                         clock pessimism              0.184    16.563    
                         clock uncertainty           -0.198    16.365    
    SLICE_X82Y74         FDRE (Setup_fdre_C_D)        0.077    16.442    design_1_i/gemv_q8_0_dma_top_0/inst/core/scaled_shifted_reg[13][51]
  -------------------------------------------------------------------
                         required time                         16.442    
                         arrival time                         -16.326    
  -------------------------------------------------------------------
                         slack                                  0.116    

Slack (MET) :             0.118ns  (required time - arrival time)
  Source:                 design_1_i/gemv_q8_0_dma_top_0/inst/core/scaled_shifted[9][27]_i_7_psdsp/C
                            (rising edge-triggered cell FDRE clocked by clk_fpga_0  {rise@0.000ns fall@6.499ns period=12.999ns})
  Destination:            design_1_i/gemv_q8_0_dma_top_0/inst/core/scaled_shifted_reg[9][54]/D
                            (rising edge-triggered cell FDRE clocked by clk_fpga_0  {rise@0.000ns fall@6.499ns period=12.999ns})
  Path Group:             clk_fpga_0
  Path Type:              Setup (Max at Slow Process Corner)
  Requirement:            12.999ns  (clk_fpga_0 rise@12.999ns - clk_fpga_0 rise@0.000ns)
  Data Path Delay:        12.540ns  (logic 6.471ns (51.605%)  route 6.069ns (48.395%))
  Logic Levels:           32  (CARRY4=24 LUT2=2 LUT3=1 LUT5=3 LUT6=2)
  Clock Path Skew:        -0.218ns (DCD - SCD + CPR)
    Destination Clock Delay (DCD):    3.370ns = ( 16.369 - 12.999 ) 
    Source Clock Delay      (SCD):    3.772ns
    Clock Pessimism Removal (CPR):    0.184ns
  Clock Uncertainty:      0.198ns  ((TSJ^2 + TIJ^2)^1/2 + DJ) / 2 + PE
    Total System Jitter     (TSJ):    0.071ns
    Total Input Jitter      (TIJ):    0.390ns
    Discrete Jitter          (DJ):    0.000ns
    Phase Error              (PE):    0.000ns

    Location             Delay type                Incr(ns)  Path(ns)    Netlist Resource(s)
  -------------------------------------------------------------------    -------------------
                         (clock clk_fpga_0 rise edge)
                                                      0.000     0.000 r  
    PS7_X0Y0             PS7                          0.000     0.000 r  design_1_i/processing_system7_0/inst/PS7_i/FCLKCLK[0]
                         net (fo=1, routed)           1.193     1.193    design_1_i/processing_system7_0/inst/FCLK_CLK_unbuffered[0]
    BUFGCTRL_X0Y19       BUFG (Prop_bufg_I_O)         0.101     1.294 r  design_1_i/processing_system7_0/inst/buffer_fclk_clk_0.FCLK_CLK_0_BUFG_replica_2/O
                         net (fo=5, routed)           0.146     1.440    design_1_i/processing_system7_0/inst/FCLK_CLK0_repN_2
    BUFGCTRL_X0Y18       BUFG (Prop_bufg_I_O)         0.101     1.541 r  design_1_i/processing_system7_0/inst/buffer_fclk_clk_0.FCLK_CLK_0_BUFG_replica_1/O
                         net (fo=18, routed)          0.146     1.687    design_1_i/processing_system7_0/inst/FCLK_CLK0_repN_1
    BUFGCTRL_X0Y17       BUFG (Prop_bufg_I_O)         0.101     1.788 r  design_1_i/processing_system7_0/inst/buffer_fclk_clk_0.FCLK_CLK_0_BUFG_replica/O
                         net (fo=69, routed)          0.146     1.934    design_1_i/processing_system7_0/inst/FCLK_CLK0_repN
    BUFGCTRL_X0Y16       BUFG (Prop_bufg_I_O)         0.101     2.035 r  design_1_i/processing_system7_0/inst/buffer_fclk_clk_0.FCLK_CLK_0_BUFG/O
                         net (fo=18497, routed)       1.737     3.772    design_1_i/gemv_q8_0_dma_top_0/inst/core/S_AXI_ACLK
    SLICE_X81Y42         FDRE                                         r  design_1_i/gemv_q8_0_dma_top_0/inst/core/scaled_shifted[9][27]_i_7_psdsp/C
  -------------------------------------------------------------------    -------------------
    SLICE_X81Y42         FDRE (Prop_fdre_C_Q)         0.456     4.228 r  design_1_i/gemv_q8_0_dma_top_0/inst/core/scaled_shifted[9][27]_i_7_psdsp/Q
                         net (fo=2, routed)           0.986     5.214    design_1_i/gemv_q8_0_dma_top_0/inst/core/scaled_product_reg[9]__0_n_98
    SLICE_X71Y40         LUT2 (Prop_lut2_I0_O)        0.124     5.338 r  design_1_i/gemv_q8_0_dma_top_0/inst/core/scaled_shifted[9][27]_i_7/O
                         net (fo=1, routed)           0.000     5.338    design_1_i/gemv_q8_0_dma_top_0/inst/core/scaled_shifted[9][27]_i_7_n_0
    SLICE_X71Y40         CARRY4 (Prop_carry4_S[0]_CO[3])
                                                      0.532     5.870 r  design_1_i/gemv_q8_0_dma_top_0/inst/core/scaled_shifted_reg[9][27]_i_2/CO[3]
                         net (fo=1, routed)           0.000     5.870    design_1_i/gemv_q8_0_dma_top_0/inst/core/scaled_shifted_reg[9][27]_i_2_n_0
    SLICE_X71Y41         CARRY4 (Prop_carry4_CI_CO[3])
                                                      0.114     5.984 r  design_1_i/gemv_q8_0_dma_top_0/inst/core/scaled_shifted_reg[9][31]_i_2/CO[3]
                         net (fo=1, routed)           0.000     5.984    design_1_i/gemv_q8_0_dma_top_0/inst/core/scaled_shifted_reg[9][31]_i_2_n_0
    SLICE_X71Y42         CARRY4 (Prop_carry4_CI_CO[3])
                                                      0.114     6.098 r  design_1_i/gemv_q8_0_dma_top_0/inst/core/scaled_shifted_reg[9][35]_i_2/CO[3]
                         net (fo=1, routed)           0.000     6.098    design_1_i/gemv_q8_0_dma_top_0/inst/core/scaled_shifted_reg[9][35]_i_2_n_0
    SLICE_X71Y43         CARRY4 (Prop_carry4_CI_CO[3])
                                                      0.114     6.212 r  design_1_i/gemv_q8_0_dma_top_0/inst/core/scaled_shifted_reg[9][39]_i_2/CO[3]
                         net (fo=1, routed)           0.000     6.212    design_1_i/gemv_q8_0_dma_top_0/inst/core/scaled_shifted_reg[9][39]_i_2_n_0
    SLICE_X71Y44         CARRY4 (Prop_carry4_CI_CO[3])
                                                      0.114     6.326 r  design_1_i/gemv_q8_0_dma_top_0/inst/core/scaled_shifted_reg[9][43]_i_2/CO[3]
                         net (fo=1, routed)           0.000     6.326    design_1_i/gemv_q8_0_dma_top_0/inst/core/scaled_shifted_reg[9][43]_i_2_n_0
    SLICE_X71Y45         CARRY4 (Prop_carry4_CI_CO[3])
                                                      0.114     6.440 r  design_1_i/gemv_q8_0_dma_top_0/inst/core/scaled_shifted_reg[9][47]_i_2/CO[3]
                         net (fo=1, routed)           0.000     6.440    design_1_i/gemv_q8_0_dma_top_0/inst/core/scaled_shifted_reg[9][47]_i_2_n_0
    SLICE_X71Y46         CARRY4 (Prop_carry4_CI_CO[3])
                                                      0.114     6.554 r  design_1_i/gemv_q8_0_dma_top_0/inst/core/scaled_shifted_reg[9][51]_i_2/CO[3]
                         net (fo=1, routed)           0.000     6.554    design_1_i/gemv_q8_0_dma_top_0/inst/core/scaled_shifted_reg[9][51]_i_2_n_0
    SLICE_X71Y47         CARRY4 (Prop_carry4_CI_O[3])
                                                      0.313     6.867 r  design_1_i/gemv_q8_0_dma_top_0/inst/core/scaled_shifted_reg[9][55]_i_2/O[3]
                         net (fo=4, routed)           1.374     8.242    design_1_i/gemv_q8_0_dma_top_0/inst/core/scaled_product_reg[9]__1[55]
    SLICE_X66Y63         LUT2 (Prop_lut2_I0_O)        0.306     8.548 r  design_1_i/gemv_q8_0_dma_top_0/inst/core/scaled_shifted[9][0]_i_52/O
                         net (fo=1, routed)           0.000     8.548    design_1_i/gemv_q8_0_dma_top_0/inst/core/scaled_shifted[9][0]_i_52_n_0
    SLICE_X66Y63         CARRY4 (Prop_carry4_S[3]_CO[3])
                                                      0.376     8.924 r  design_1_i/gemv_q8_0_dma_top_0/inst/core/scaled_shifted_reg[9][0]_i_29/CO[3]
                         net (fo=1, routed)           0.000     8.924    design_1_i/gemv_q8_0_dma_top_0/inst/core/scaled_shifted_reg[9][0]_i_29_n_0
    SLICE_X66Y64         CARRY4 (Prop_carry4_CI_O[3])
                                                      0.315     9.239 f  design_1_i/gemv_q8_0_dma_top_0/inst/core/scaled_shifted_reg[9][63]_i_31/O[3]
                         net (fo=6, routed)           0.674     9.912    design_1_i/gemv_q8_0_dma_top_0/inst/core/scaled_shifted_reg[9][63]_i_31_n_4
    SLICE_X65Y59         LUT6 (Prop_lut6_I0_O)        0.307    10.219 f  design_1_i/gemv_q8_0_dma_top_0/inst/core/scaled_shifted[9][0]_i_12/O
                         net (fo=3, routed)           0.664    10.883    design_1_i/gemv_q8_0_dma_top_0/inst/core/scaled_shifted[9][0]_i_12_n_0
    SLICE_X63Y58         LUT6 (Prop_lut6_I3_O)        0.124    11.007 f  design_1_i/gemv_q8_0_dma_top_0/inst/core/scaled_shifted[9][0]_i_5/O
                         net (fo=4, routed)           0.716    11.723    design_1_i/gemv_q8_0_dma_top_0/inst/core/scaled_shifted[9][0]_i_5_n_0
    SLICE_X60Y61         LUT5 (Prop_lut5_I0_O)        0.124    11.847 f  design_1_i/gemv_q8_0_dma_top_0/inst/core/scaled_shifted[9][4]_i_12/O
                         net (fo=1, routed)           0.572    12.420    design_1_i/gemv_q8_0_dma_top_0/inst/core/scaled_shifted[9][4]_i_12_n_0
    SLICE_X56Y63         LUT5 (Prop_lut5_I0_O)        0.124    12.544 r  design_1_i/gemv_q8_0_dma_top_0/inst/core/scaled_shifted[9][4]_i_9/O
                         net (fo=1, routed)           0.000    12.544    design_1_i/gemv_q8_0_dma_top_0/inst/core/scaled_shifted[9][4]_i_9_n_0
    SLICE_X56Y63         CARRY4 (Prop_carry4_S[0]_CO[3])
                                                      0.532    13.076 r  design_1_i/gemv_q8_0_dma_top_0/inst/core/scaled_shifted_reg[9][4]_i_3/CO[3]
                         net (fo=1, routed)           0.000    13.076    design_1_i/gemv_q8_0_dma_top_0/inst/core/scaled_shifted_reg[9][4]_i_3_n_0
    SLICE_X56Y64         CARRY4 (Prop_carry4_CI_CO[3])
                                                      0.114    13.190 r  design_1_i/gemv_q8_0_dma_top_0/inst/core/scaled_shifted_reg[9][8]_i_3/CO[3]
                         net (fo=1, routed)           0.000    13.190    design_1_i/gemv_q8_0_dma_top_0/inst/core/scaled_shifted_reg[9][8]_i_3_n_0
    SLICE_X56Y65         CARRY4 (Prop_carry4_CI_CO[3])
                                                      0.114    13.304 r  design_1_i/gemv_q8_0_dma_top_0/inst/core/scaled_shifted_reg[9][12]_i_3/CO[3]
                         net (fo=1, routed)           0.000    13.304    design_1_i/gemv_q8_0_dma_top_0/inst/core/scaled_shifted_reg[9][12]_i_3_n_0
    SLICE_X56Y66         CARRY4 (Prop_carry4_CI_CO[3])
                                                      0.114    13.418 r  design_1_i/gemv_q8_0_dma_top_0/inst/core/scaled_shifted_reg[9][16]_i_3/CO[3]
                         net (fo=1, routed)           0.000    13.418    design_1_i/gemv_q8_0_dma_top_0/inst/core/scaled_shifted_reg[9][16]_i_3_n_0
    SLICE_X56Y67         CARRY4 (Prop_carry4_CI_CO[3])
                                                      0.114    13.532 r  design_1_i/gemv_q8_0_dma_top_0/inst/core/scaled_shifted_reg[9][20]_i_3/CO[3]
                         net (fo=1, routed)           0.000    13.532    design_1_i/gemv_q8_0_dma_top_0/inst/core/scaled_shifted_reg[9][20]_i_3_n_0
    SLICE_X56Y68         CARRY4 (Prop_carry4_CI_CO[3])
                                                      0.114    13.646 r  design_1_i/gemv_q8_0_dma_top_0/inst/core/scaled_shifted_reg[9][24]_i_3/CO[3]
                         net (fo=1, routed)           0.000    13.646    design_1_i/gemv_q8_0_dma_top_0/inst/core/scaled_shifted_reg[9][24]_i_3_n_0
    SLICE_X56Y69         CARRY4 (Prop_carry4_CI_CO[3])
                                                      0.114    13.760 r  design_1_i/gemv_q8_0_dma_top_0/inst/core/scaled_shifted_reg[9][28]_i_3/CO[3]
                         net (fo=1, routed)           0.000    13.760    design_1_i/gemv_q8_0_dma_top_0/inst/core/scaled_shifted_reg[9][28]_i_3_n_0
    SLICE_X56Y70         CARRY4 (Prop_carry4_CI_CO[3])
                                                      0.114    13.874 r  design_1_i/gemv_q8_0_dma_top_0/inst/core/scaled_shifted_reg[9][32]_i_3/CO[3]
                         net (fo=1, routed)           0.000    13.874    design_1_i/gemv_q8_0_dma_top_0/inst/core/scaled_shifted_reg[9][32]_i_3_n_0
    SLICE_X56Y71         CARRY4 (Prop_carry4_CI_CO[3])
                                                      0.114    13.988 r  design_1_i/gemv_q8_0_dma_top_0/inst/core/scaled_shifted_reg[9][36]_i_3/CO[3]
                         net (fo=1, routed)           0.000    13.988    design_1_i/gemv_q8_0_dma_top_0/inst/core/scaled_shifted_reg[9][36]_i_3_n_0
    SLICE_X56Y72         CARRY4 (Prop_carry4_CI_CO[3])
                                                      0.114    14.102 r  design_1_i/gemv_q8_0_dma_top_0/inst/core/scaled_shifted_reg[9][40]_i_3/CO[3]
                         net (fo=1, routed)           0.000    14.102    design_1_i/gemv_q8_0_dma_top_0/inst/core/scaled_shifted_reg[9][40]_i_3_n_0
    SLICE_X56Y73         CARRY4 (Prop_carry4_CI_CO[3])
                                                      0.114    14.216 r  design_1_i/gemv_q8_0_dma_top_0/inst/core/scaled_shifted_reg[9][44]_i_3/CO[3]
                         net (fo=1, routed)           0.000    14.216    design_1_i/gemv_q8_0_dma_top_0/inst/core/scaled_shifted_reg[9][44]_i_3_n_0
    SLICE_X56Y74         CARRY4 (Prop_carry4_CI_CO[3])
                                                      0.114    14.330 r  design_1_i/gemv_q8_0_dma_top_0/inst/core/scaled_shifted_reg[9][46]_i_3/CO[3]
                         net (fo=1, routed)           0.009    14.339    design_1_i/gemv_q8_0_dma_top_0/inst/core/scaled_shifted_reg[9][46]_i_3_n_0
    SLICE_X56Y75         CARRY4 (Prop_carry4_CI_CO[3])
                                                      0.114    14.453 r  design_1_i/gemv_q8_0_dma_top_0/inst/core/scaled_shifted_reg[9][52]_i_4/CO[3]
                         net (fo=1, routed)           0.000    14.453    design_1_i/gemv_q8_0_dma_top_0/inst/core/scaled_shifted_reg[9][52]_i_4_n_0
    SLICE_X56Y76         CARRY4 (Prop_carry4_CI_O[1])
                                                      0.334    14.787 r  design_1_i/gemv_q8_0_dma_top_0/inst/core/scaled_shifted_reg[9][60]_i_5/O[1]
                         net (fo=1, routed)           0.498    15.285    design_1_i/gemv_q8_0_dma_top_0/inst/core/scaled_shifted_reg[9][60]_i_5_n_6
    SLICE_X55Y76         LUT5 (Prop_lut5_I3_O)        0.303    15.588 r  design_1_i/gemv_q8_0_dma_top_0/inst/core/scaled_shifted[9][54]_i_2/O
                         net (fo=1, routed)           0.574    16.163    design_1_i/gemv_q8_0_dma_top_0/inst/core/scaled_shifted[9][54]_i_2_n_0
    SLICE_X55Y75         LUT3 (Prop_lut3_I2_O)        0.149    16.312 r  design_1_i/gemv_q8_0_dma_top_0/inst/core/scaled_shifted[9][54]_i_1/O
                         net (fo=1, routed)           0.000    16.312    design_1_i/gemv_q8_0_dma_top_0/inst/core/scaled_shifted[9][54]_i_1_n_0
    SLICE_X55Y75         FDRE                                         r  design_1_i/gemv_q8_0_dma_top_0/inst/core/scaled_shifted_reg[9][54]/D
  -------------------------------------------------------------------    -------------------

                         (clock clk_fpga_0 rise edge)
                                                     12.999    12.999 r  
    PS7_X0Y0             PS7                          0.000    12.999 r  design_1_i/processing_system7_0/inst/PS7_i/FCLKCLK[0]
                         net (fo=1, routed)           1.088    14.087    design_1_i/processing_system7_0/inst/FCLK_CLK_unbuffered[0]
    BUFGCTRL_X0Y19       BUFG (Prop_bufg_I_O)         0.091    14.178 r  design_1_i/processing_system7_0/inst/buffer_fclk_clk_0.FCLK_CLK_0_BUFG_replica_2/O
                         net (fo=5, routed)           0.133    14.311    design_1_i/processing_system7_0/inst/FCLK_CLK0_repN_2
    BUFGCTRL_X0Y18       BUFG (Prop_bufg_I_O)         0.091    14.402 r  design_1_i/processing_system7_0/inst/buffer_fclk_clk_0.FCLK_CLK_0_BUFG_replica_1/O
                         net (fo=18, routed)          0.133    14.535    design_1_i/processing_system7_0/inst/FCLK_CLK0_repN_1
    BUFGCTRL_X0Y17       BUFG (Prop_bufg_I_O)         0.091    14.626 r  design_1_i/processing_system7_0/inst/buffer_fclk_clk_0.FCLK_CLK_0_BUFG_replica/O
                         net (fo=69, routed)          0.133    14.759    design_1_i/processing_system7_0/inst/FCLK_CLK0_repN
    BUFGCTRL_X0Y16       BUFG (Prop_bufg_I_O)         0.091    14.850 r  design_1_i/processing_system7_0/inst/buffer_fclk_clk_0.FCLK_CLK_0_BUFG/O
                         net (fo=18497, routed)       1.519    16.369    design_1_i/gemv_q8_0_dma_top_0/inst/core/S_AXI_ACLK
    SLICE_X55Y75         FDRE                                         r  design_1_i/gemv_q8_0_dma_top_0/inst/core/scaled_shifted_reg[9][54]/C
                         clock pessimism              0.184    16.553    
                         clock uncertainty           -0.198    16.355    
    SLICE_X55Y75         FDRE (Setup_fdre_C_D)        0.075    16.430    design_1_i/gemv_q8_0_dma_top_0/inst/core/scaled_shifted_reg[9][54]
  -------------------------------------------------------------------
                         required time                         16.430    
                         arrival time                         -16.312    
  -------------------------------------------------------------------
                         slack                                  0.118    

Slack (MET) :             0.121ns  (required time - arrival time)
  Source:                 <hidden>
                            (rising edge-triggered cell RAMB36E1 clocked by clk_fpga_0  {rise@0.000ns fall@6.499ns period=12.999ns})
  Destination:            design_1_i/gemv_q8_0_dma_top_0/inst/core/block_acc[4][11]_i_1_psdsp_1/D
                            (rising edge-triggered cell FDRE clocked by clk_fpga_0  {rise@0.000ns fall@6.499ns period=12.999ns})
  Path Group:             clk_fpga_0
  Path Type:              Setup (Max at Slow Process Corner)
  Requirement:            12.999ns  (clk_fpga_0 rise@12.999ns - clk_fpga_0 rise@0.000ns)
  Data Path Delay:        12.377ns  (logic 6.543ns (52.863%)  route 5.834ns (47.137%))
  Logic Levels:           3  (DSP48E1=1 LUT2=1 LUT3=1)
  Clock Path Skew:        -0.240ns (DCD - SCD + CPR)
    Destination Clock Delay (DCD):    3.454ns = ( 16.453 - 12.999 ) 
    Source Clock Delay      (SCD):    3.877ns
    Clock Pessimism Removal (CPR):    0.184ns
  Clock Uncertainty:      0.198ns  ((TSJ^2 + TIJ^2)^1/2 + DJ) / 2 + PE
    Total System Jitter     (TSJ):    0.071ns
    Total Input Jitter      (TIJ):    0.390ns
    Discrete Jitter          (DJ):    0.000ns
    Phase Error              (PE):    0.000ns

    Location             Delay type                Incr(ns)  Path(ns)    Netlist Resource(s)
  -------------------------------------------------------------------    -------------------
                         (clock clk_fpga_0 rise edge)
                                                      0.000     0.000 r  
    PS7_X0Y0             PS7                          0.000     0.000 r  design_1_i/processing_system7_0/inst/PS7_i/FCLKCLK[0]
                         net (fo=1, routed)           1.193     1.193    design_1_i/processing_system7_0/inst/FCLK_CLK_unbuffered[0]
    BUFGCTRL_X0Y19       BUFG (Prop_bufg_I_O)         0.101     1.294 r  design_1_i/processing_system7_0/inst/buffer_fclk_clk_0.FCLK_CLK_0_BUFG_replica_2/O
                         net (fo=5, routed)           0.146     1.440    design_1_i/processing_system7_0/inst/FCLK_CLK0_repN_2
    BUFGCTRL_X0Y18       BUFG (Prop_bufg_I_O)         0.101     1.541 r  design_1_i/processing_system7_0/inst/buffer_fclk_clk_0.FCLK_CLK_0_BUFG_replica_1/O
                         net (fo=18, routed)          0.146     1.687    design_1_i/processing_system7_0/inst/FCLK_CLK0_repN_1
    BUFGCTRL_X0Y17       BUFG (Prop_bufg_I_O)         0.101     1.788 r  design_1_i/processing_system7_0/inst/buffer_fclk_clk_0.FCLK_CLK_0_BUFG_replica/O
                         net (fo=69, routed)          0.146     1.934    design_1_i/processing_system7_0/inst/FCLK_CLK0_repN
    BUFGCTRL_X0Y16       BUFG (Prop_bufg_I_O)         0.101     2.035 r  design_1_i/processing_system7_0/inst/buffer_fclk_clk_0.FCLK_CLK_0_BUFG/O
                         net (fo=18497, routed)       1.842     3.877    <hidden>
    RAMB36_X4Y9          RAMB36E1                                     r  <hidden>
  -------------------------------------------------------------------    -------------------
    RAMB36_X4Y9          RAMB36E1 (Prop_ramb36e1_CLKBWRCLK_DOBDO[1])
                                                      2.454     6.331 r  <hidden>
                         net (fo=1, routed)           1.705     8.036    design_1_i/gemv_q8_0_dma_top_0/inst/core/INPUT_BRAM_DOUT[15]
    SLICE_X39Y43         LUT3 (Prop_lut3_I2_O)        0.124     8.160 r  design_1_i/gemv_q8_0_dma_top_0/inst/core/p_0_out_i_1/O
                         net (fo=60, routed)          0.930     9.090    design_1_i/gemv_q8_0_dma_top_0/inst/core/core_input_rd_data[15]
    DSP48_X2Y19          DSP48E1 (Prop_dsp48e1_A[16]_P[11])
                                                      3.841    12.931 r  design_1_i/gemv_q8_0_dma_top_0/inst/core/p_0_out__2/P[11]
                         net (fo=13, routed)          1.441    14.373    design_1_i/gemv_q8_0_dma_top_0/inst/core/p_0_out__2_n_94
    SLICE_X61Y48         LUT2 (Prop_lut2_I0_O)        0.124    14.497 r  design_1_i/gemv_q8_0_dma_top_0/inst/core/block_acc[4][11]_i_1/O
                         net (fo=12, routed)          1.758    16.255    design_1_i/gemv_q8_0_dma_top_0/inst/core/block_acc[4][11]_i_1_n_0
    SLICE_X90Y60         FDRE                                         r  design_1_i/gemv_q8_0_dma_top_0/inst/core/block_acc[4][11]_i_1_psdsp_1/D
  -------------------------------------------------------------------    -------------------

                         (clock clk_fpga_0 rise edge)
                                                     12.999    12.999 r  
    PS7_X0Y0             PS7                          0.000    12.999 r  design_1_i/processing_system7_0/inst/PS7_i/FCLKCLK[0]
                         net (fo=1, routed)           1.088    14.087    design_1_i/processing_system7_0/inst/FCLK_CLK_unbuffered[0]
    BUFGCTRL_X0Y19       BUFG (Prop_bufg_I_O)         0.091    14.178 r  design_1_i/processing_system7_0/inst/buffer_fclk_clk_0.FCLK_CLK_0_BUFG_replica_2/O
                         net (fo=5, routed)           0.133    14.311    design_1_i/processing_system7_0/inst/FCLK_CLK0_repN_2
    BUFGCTRL_X0Y18       BUFG (Prop_bufg_I_O)         0.091    14.402 r  design_1_i/processing_system7_0/inst/buffer_fclk_clk_0.FCLK_CLK_0_BUFG_replica_1/O
                         net (fo=18, routed)          0.133    14.535    design_1_i/processing_system7_0/inst/FCLK_CLK0_repN_1
    BUFGCTRL_X0Y17       BUFG (Prop_bufg_I_O)         0.091    14.626 r  design_1_i/processing_system7_0/inst/buffer_fclk_clk_0.FCLK_CLK_0_BUFG_replica/O
                         net (fo=69, routed)          0.133    14.759    design_1_i/processing_system7_0/inst/FCLK_CLK0_repN
    BUFGCTRL_X0Y16       BUFG (Prop_bufg_I_O)         0.091    14.850 r  design_1_i/processing_system7_0/inst/buffer_fclk_clk_0.FCLK_CLK_0_BUFG/O
                         net (fo=18497, routed)       1.603    16.453    design_1_i/gemv_q8_0_dma_top_0/inst/core/S_AXI_ACLK
    SLICE_X90Y60         FDRE                                         r  design_1_i/gemv_q8_0_dma_top_0/inst/core/block_acc[4][11]_i_1_psdsp_1/C
                         clock pessimism              0.184    16.637    
                         clock uncertainty           -0.198    16.439    
    SLICE_X90Y60         FDRE (Setup_fdre_C_D)       -0.063    16.376    design_1_i/gemv_q8_0_dma_top_0/inst/core/block_acc[4][11]_i_1_psdsp_1
  -------------------------------------------------------------------
                         required time                         16.376    
                         arrival time                         -16.255    
  -------------------------------------------------------------------
                         slack                                  0.121    

Slack (MET) :             0.122ns  (required time - arrival time)
  Source:                 <hidden>
                            (rising edge-triggered cell RAMB36E1 clocked by clk_fpga_0  {rise@0.000ns fall@6.499ns period=12.999ns})
  Destination:            design_1_i/gemv_q8_0_dma_top_0/inst/core/block_acc[4][10]_i_1_psdsp_1/D
                            (rising edge-triggered cell FDRE clocked by clk_fpga_0  {rise@0.000ns fall@6.499ns period=12.999ns})
  Path Group:             clk_fpga_0
  Path Type:              Setup (Max at Slow Process Corner)
  Requirement:            12.999ns  (clk_fpga_0 rise@12.999ns - clk_fpga_0 rise@0.000ns)
  Data Path Delay:        12.373ns  (logic 6.543ns (52.880%)  route 5.830ns (47.120%))
  Logic Levels:           3  (DSP48E1=1 LUT2=1 LUT3=1)
  Clock Path Skew:        -0.241ns (DCD - SCD + CPR)
    Destination Clock Delay (DCD):    3.453ns = ( 16.452 - 12.999 ) 
    Source Clock Delay      (SCD):    3.877ns
    Clock Pessimism Removal (CPR):    0.184ns
  Clock Uncertainty:      0.198ns  ((TSJ^2 + TIJ^2)^1/2 + DJ) / 2 + PE
    Total System Jitter     (TSJ):    0.071ns
    Total Input Jitter      (TIJ):    0.390ns
    Discrete Jitter          (DJ):    0.000ns
    Phase Error              (PE):    0.000ns

    Location             Delay type                Incr(ns)  Path(ns)    Netlist Resource(s)
  -------------------------------------------------------------------    -------------------
                         (clock clk_fpga_0 rise edge)
                                                      0.000     0.000 r  
    PS7_X0Y0             PS7                          0.000     0.000 r  design_1_i/processing_system7_0/inst/PS7_i/FCLKCLK[0]
                         net (fo=1, routed)           1.193     1.193    design_1_i/processing_system7_0/inst/FCLK_CLK_unbuffered[0]
    BUFGCTRL_X0Y19       BUFG (Prop_bufg_I_O)         0.101     1.294 r  design_1_i/processing_system7_0/inst/buffer_fclk_clk_0.FCLK_CLK_0_BUFG_replica_2/O
                         net (fo=5, routed)           0.146     1.440    design_1_i/processing_system7_0/inst/FCLK_CLK0_repN_2
    BUFGCTRL_X0Y18       BUFG (Prop_bufg_I_O)         0.101     1.541 r  design_1_i/processing_system7_0/inst/buffer_fclk_clk_0.FCLK_CLK_0_BUFG_replica_1/O
                         net (fo=18, routed)          0.146     1.687    design_1_i/processing_system7_0/inst/FCLK_CLK0_repN_1
    BUFGCTRL_X0Y17       BUFG (Prop_bufg_I_O)         0.101     1.788 r  design_1_i/processing_system7_0/inst/buffer_fclk_clk_0.FCLK_CLK_0_BUFG_replica/O
                         net (fo=69, routed)          0.146     1.934    design_1_i/processing_system7_0/inst/FCLK_CLK0_repN
    BUFGCTRL_X0Y16       BUFG (Prop_bufg_I_O)         0.101     2.035 r  design_1_i/processing_system7_0/inst/buffer_fclk_clk_0.FCLK_CLK_0_BUFG/O
                         net (fo=18497, routed)       1.842     3.877    <hidden>
    RAMB36_X4Y9          RAMB36E1                                     r  <hidden>
  -------------------------------------------------------------------    -------------------
    RAMB36_X4Y9          RAMB36E1 (Prop_ramb36e1_CLKBWRCLK_DOBDO[1])
                                                      2.454     6.331 r  <hidden>
                         net (fo=1, routed)           1.705     8.036    design_1_i/gemv_q8_0_dma_top_0/inst/core/INPUT_BRAM_DOUT[15]
    SLICE_X39Y43         LUT3 (Prop_lut3_I2_O)        0.124     8.160 r  design_1_i/gemv_q8_0_dma_top_0/inst/core/p_0_out_i_1/O
                         net (fo=60, routed)          0.930     9.090    design_1_i/gemv_q8_0_dma_top_0/inst/core/core_input_rd_data[15]
    DSP48_X2Y19          DSP48E1 (Prop_dsp48e1_A[16]_P[10])
                                                      3.841    12.931 r  design_1_i/gemv_q8_0_dma_top_0/inst/core/p_0_out__2/P[10]
                         net (fo=13, routed)          1.594    14.525    design_1_i/gemv_q8_0_dma_top_0/inst/core/p_0_out__2_n_95
    SLICE_X75Y47         LUT2 (Prop_lut2_I0_O)        0.124    14.649 r  design_1_i/gemv_q8_0_dma_top_0/inst/core/block_acc[4][10]_i_1/O
                         net (fo=12, routed)          1.602    16.251    design_1_i/gemv_q8_0_dma_top_0/inst/core/block_acc[4][10]_i_1_n_0
    SLICE_X90Y61         FDRE                                         r  design_1_i/gemv_q8_0_dma_top_0/inst/core/block_acc[4][10]_i_1_psdsp_1/D
  -------------------------------------------------------------------    -------------------

                         (clock clk_fpga_0 rise edge)
                                                     12.999    12.999 r  
    PS7_X0Y0             PS7                          0.000    12.999 r  design_1_i/processing_system7_0/inst/PS7_i/FCLKCLK[0]
                         net (fo=1, routed)           1.088    14.087    design_1_i/processing_system7_0/inst/FCLK_CLK_unbuffered[0]
    BUFGCTRL_X0Y19       BUFG (Prop_bufg_I_O)         0.091    14.178 r  design_1_i/processing_system7_0/inst/buffer_fclk_clk_0.FCLK_CLK_0_BUFG_replica_2/O
                         net (fo=5, routed)           0.133    14.311    design_1_i/processing_system7_0/inst/FCLK_CLK0_repN_2
    BUFGCTRL_X0Y18       BUFG (Prop_bufg_I_O)         0.091    14.402 r  design_1_i/processing_system7_0/inst/buffer_fclk_clk_0.FCLK_CLK_0_BUFG_replica_1/O
                         net (fo=18, routed)          0.133    14.535    design_1_i/processing_system7_0/inst/FCLK_CLK0_repN_1
    BUFGCTRL_X0Y17       BUFG (Prop_bufg_I_O)         0.091    14.626 r  design_1_i/processing_system7_0/inst/buffer_fclk_clk_0.FCLK_CLK_0_BUFG_replica/O
                         net (fo=69, routed)          0.133    14.759    design_1_i/processing_system7_0/inst/FCLK_CLK0_repN
    BUFGCTRL_X0Y16       BUFG (Prop_bufg_I_O)         0.091    14.850 r  design_1_i/processing_system7_0/inst/buffer_fclk_clk_0.FCLK_CLK_0_BUFG/O
                         net (fo=18497, routed)       1.602    16.452    design_1_i/gemv_q8_0_dma_top_0/inst/core/S_AXI_ACLK
    SLICE_X90Y61         FDRE                                         r  design_1_i/gemv_q8_0_dma_top_0/inst/core/block_acc[4][10]_i_1_psdsp_1/C
                         clock pessimism              0.184    16.636    
                         clock uncertainty           -0.198    16.438    
    SLICE_X90Y61         FDRE (Setup_fdre_C_D)       -0.065    16.373    design_1_i/gemv_q8_0_dma_top_0/inst/core/block_acc[4][10]_i_1_psdsp_1
  -------------------------------------------------------------------
                         required time                         16.373    
                         arrival time                         -16.251    
  -------------------------------------------------------------------
                         slack                                  0.122    

Slack (MET) :             0.122ns  (required time - arrival time)
  Source:                 design_1_i/gemv_q8_0_dma_top_0/inst/core/scaled_shifted[3][23]_i_6_psdsp/C
                            (rising edge-triggered cell FDRE clocked by clk_fpga_0  {rise@0.000ns fall@6.499ns period=12.999ns})
  Destination:            design_1_i/gemv_q8_0_dma_top_0/inst/core/scaled_shifted_reg[3][51]/D
                            (rising edge-triggered cell FDRE clocked by clk_fpga_0  {rise@0.000ns fall@6.499ns period=12.999ns})
  Path Group:             clk_fpga_0
  Path Type:              Setup (Max at Slow Process Corner)
  Requirement:            12.999ns  (clk_fpga_0 rise@12.999ns - clk_fpga_0 rise@0.000ns)
  Data Path Delay:        12.521ns  (logic 6.303ns (50.339%)  route 6.218ns (49.661%))
  Logic Levels:           31  (CARRY4=25 LUT2=1 LUT3=1 LUT5=1 LUT6=3)
  Clock Path Skew:        -0.189ns (DCD - SCD + CPR)
    Destination Clock Delay (DCD):    3.459ns = ( 16.458 - 12.999 ) 
    Source Clock Delay      (SCD):    3.832ns
    Clock Pessimism Removal (CPR):    0.184ns
  Clock Uncertainty:      0.198ns  ((TSJ^2 + TIJ^2)^1/2 + DJ) / 2 + PE
    Total System Jitter     (TSJ):    0.071ns
    Total Input Jitter      (TIJ):    0.390ns
    Discrete Jitter          (DJ):    0.000ns
    Phase Error              (PE):    0.000ns

    Location             Delay type                Incr(ns)  Path(ns)    Netlist Resource(s)
  -------------------------------------------------------------------    -------------------
                         (clock clk_fpga_0 rise edge)
                                                      0.000     0.000 r  
    PS7_X0Y0             PS7                          0.000     0.000 r  design_1_i/processing_system7_0/inst/PS7_i/FCLKCLK[0]
                         net (fo=1, routed)           1.193     1.193    design_1_i/processing_system7_0/inst/FCLK_CLK_unbuffered[0]
    BUFGCTRL_X0Y19       BUFG (Prop_bufg_I_O)         0.101     1.294 r  design_1_i/processing_system7_0/inst/buffer_fclk_clk_0.FCLK_CLK_0_BUFG_replica_2/O
                         net (fo=5, routed)           0.146     1.440    design_1_i/processing_system7_0/inst/FCLK_CLK0_repN_2
    BUFGCTRL_X0Y18       BUFG (Prop_bufg_I_O)         0.101     1.541 r  design_1_i/processing_system7_0/inst/buffer_fclk_clk_0.FCLK_CLK_0_BUFG_replica_1/O
                         net (fo=18, routed)          0.146     1.687    design_1_i/processing_system7_0/inst/FCLK_CLK0_repN_1
    BUFGCTRL_X0Y17       BUFG (Prop_bufg_I_O)         0.101     1.788 r  design_1_i/processing_system7_0/inst/buffer_fclk_clk_0.FCLK_CLK_0_BUFG_replica/O
                         net (fo=69, routed)          0.146     1.934    design_1_i/processing_system7_0/inst/FCLK_CLK0_repN
    BUFGCTRL_X0Y16       BUFG (Prop_bufg_I_O)         0.101     2.035 r  design_1_i/processing_system7_0/inst/buffer_fclk_clk_0.FCLK_CLK_0_BUFG/O
                         net (fo=18497, routed)       1.797     3.832    design_1_i/gemv_q8_0_dma_top_0/inst/core/S_AXI_ACLK
    SLICE_X99Y35         FDRE                                         r  design_1_i/gemv_q8_0_dma_top_0/inst/core/scaled_shifted[3][23]_i_6_psdsp/C
  -------------------------------------------------------------------    -------------------
    SLICE_X99Y35         FDRE (Prop_fdre_C_Q)         0.456     4.288 r  design_1_i/gemv_q8_0_dma_top_0/inst/core/scaled_shifted[3][23]_i_6_psdsp/Q
                         net (fo=2, routed)           0.629     4.917    design_1_i/gemv_q8_0_dma_top_0/inst/core/scaled_product_reg[3]__0_n_101
    SLICE_X98Y35         CARRY4 (Prop_carry4_DI[1]_CO[3])
                                                      0.520     5.437 r  design_1_i/gemv_q8_0_dma_top_0/inst/core/scaled_shifted_reg[3][23]_i_2/CO[3]
                         net (fo=1, routed)           0.000     5.437    design_1_i/gemv_q8_0_dma_top_0/inst/core/scaled_shifted_reg[3][23]_i_2_n_0
    SLICE_X98Y36         CARRY4 (Prop_carry4_CI_CO[3])
                                                      0.117     5.554 r  design_1_i/gemv_q8_0_dma_top_0/inst/core/scaled_shifted_reg[3][27]_i_2/CO[3]
                         net (fo=1, routed)           0.000     5.554    design_1_i/gemv_q8_0_dma_top_0/inst/core/scaled_shifted_reg[3][27]_i_2_n_0
    SLICE_X98Y37         CARRY4 (Prop_carry4_CI_O[0])
                                                      0.219     5.773 r  design_1_i/gemv_q8_0_dma_top_0/inst/core/scaled_shifted_reg[3][31]_i_2/O[0]
                         net (fo=4, routed)           1.470     7.243    design_1_i/gemv_q8_0_dma_top_0/inst/core/scaled_product_reg[3]__1[28]
    SLICE_X95Y58         LUT2 (Prop_lut2_I0_O)        0.295     7.538 r  design_1_i/gemv_q8_0_dma_top_0/inst/core/scaled_shifted[3][0]_i_43/O
                         net (fo=1, routed)           0.000     7.538    design_1_i/gemv_q8_0_dma_top_0/inst/core/scaled_shifted[3][0]_i_43_n_0
    SLICE_X95Y58         CARRY4 (Prop_carry4_S[0]_CO[3])
                                                      0.532     8.070 r  design_1_i/gemv_q8_0_dma_top_0/inst/core/scaled_shifted_reg[3][0]_i_26/CO[3]
                         net (fo=1, routed)           0.000     8.070    design_1_i/gemv_q8_0_dma_top_0/inst/core/scaled_shifted_reg[3][0]_i_26_n_0
    SLICE_X95Y59         CARRY4 (Prop_carry4_CI_CO[3])
                                                      0.114     8.184 r  design_1_i/gemv_q8_0_dma_top_0/inst/core/scaled_shifted_reg[3][0]_i_38/CO[3]
                         net (fo=1, routed)           0.000     8.184    design_1_i/gemv_q8_0_dma_top_0/inst/core/scaled_shifted_reg[3][0]_i_38_n_0
    SLICE_X95Y60         CARRY4 (Prop_carry4_CI_CO[3])
                                                      0.114     8.298 r  design_1_i/gemv_q8_0_dma_top_0/inst/core/scaled_shifted_reg[3][0]_i_31/CO[3]
                         net (fo=1, routed)           0.000     8.298    design_1_i/gemv_q8_0_dma_top_0/inst/core/scaled_shifted_reg[3][0]_i_31_n_0
    SLICE_X95Y61         CARRY4 (Prop_carry4_CI_CO[3])
                                                      0.114     8.412 r  design_1_i/gemv_q8_0_dma_top_0/inst/core/scaled_shifted_reg[3][0]_i_34/CO[3]
                         net (fo=1, routed)           0.000     8.412    design_1_i/gemv_q8_0_dma_top_0/inst/core/scaled_shifted_reg[3][0]_i_34_n_0
    SLICE_X95Y62         CARRY4 (Prop_carry4_CI_CO[3])
                                                      0.114     8.526 r  design_1_i/gemv_q8_0_dma_top_0/inst/core/scaled_shifted_reg[3][0]_i_27/CO[3]
                         net (fo=1, routed)           0.000     8.526    design_1_i/gemv_q8_0_dma_top_0/inst/core/scaled_shifted_reg[3][0]_i_27_n_0
    SLICE_X95Y63         CARRY4 (Prop_carry4_CI_CO[3])
                                                      0.114     8.640 r  design_1_i/gemv_q8_0_dma_top_0/inst/core/scaled_shifted_reg[3][0]_i_36/CO[3]
                         net (fo=1, routed)           0.000     8.640    design_1_i/gemv_q8_0_dma_top_0/inst/core/scaled_shifted_reg[3][0]_i_36_n_0
    SLICE_X95Y64         CARRY4 (Prop_carry4_CI_CO[3])
                                                      0.114     8.754 r  design_1_i/gemv_q8_0_dma_top_0/inst/core/scaled_shifted_reg[3][0]_i_29/CO[3]
                         net (fo=1, routed)           0.000     8.754    design_1_i/gemv_q8_0_dma_top_0/inst/core/scaled_shifted_reg[3][0]_i_29_n_0
    SLICE_X95Y65         CARRY4 (Prop_carry4_CI_CO[3])
                                                      0.114     8.868 r  design_1_i/gemv_q8_0_dma_top_0/inst/core/scaled_shifted_reg[3][63]_i_31/CO[3]
                         net (fo=1, routed)           0.000     8.868    design_1_i/gemv_q8_0_dma_top_0/inst/core/scaled_shifted_reg[3][63]_i_31_n_0
    SLICE_X95Y66         CARRY4 (Prop_carry4_CI_O[3])
                                                      0.313     9.181 f  design_1_i/gemv_q8_0_dma_top_0/inst/core/scaled_shifted_reg[3][63]_i_23/O[3]
                         net (fo=64, routed)          0.792     9.973    design_1_i/gemv_q8_0_dma_top_0/inst/core/scaled_shifted_reg[3][63]_i_23_n_4
    SLICE_X93Y63         LUT6 (Prop_lut6_I0_O)        0.306    10.279 f  design_1_i/gemv_q8_0_dma_top_0/inst/core/scaled_shifted[3][0]_i_10/O
                         net (fo=4, routed)           0.417    10.696    design_1_i/gemv_q8_0_dma_top_0/inst/core/scaled_shifted[3][0]_i_10_n_0
    SLICE_X93Y63         LUT6 (Prop_lut6_I0_O)        0.124    10.820 f  design_1_i/gemv_q8_0_dma_top_0/inst/core/scaled_shifted[3][0]_i_5/O
                         net (fo=4, routed)           1.285    12.105    design_1_i/gemv_q8_0_dma_top_0/inst/core/scaled_shifted[3][0]_i_5_n_0
    SLICE_X94Y75         LUT6 (Prop_lut6_I0_O)        0.124    12.229 r  design_1_i/gemv_q8_0_dma_top_0/inst/core/scaled_shifted[3][0]_i_3/O
                         net (fo=2, routed)           0.338    12.567    design_1_i/gemv_q8_0_dma_top_0/inst/core/scaled_shifted[3][4]_i_5_n_0
    SLICE_X97Y76         CARRY4 (Prop_carry4_CYINIT_CO[3])
                                                      0.580    13.147 r  design_1_i/gemv_q8_0_dma_top_0/inst/core/scaled_shifted_reg[3][4]_i_3/CO[3]
                         net (fo=1, routed)           0.000    13.147    design_1_i/gemv_q8_0_dma_top_0/inst/core/scaled_shifted_reg[3][4]_i_3_n_0
    SLICE_X97Y77         CARRY4 (Prop_carry4_CI_CO[3])
                                                      0.114    13.261 r  design_1_i/gemv_q8_0_dma_top_0/inst/core/scaled_shifted_reg[3][8]_i_3/CO[3]
                         net (fo=1, routed)           0.000    13.261    design_1_i/gemv_q8_0_dma_top_0/inst/core/scaled_shifted_reg[3][8]_i_3_n_0
    SLICE_X97Y78         CARRY4 (Prop_carry4_CI_CO[3])
                                                      0.114    13.375 r  design_1_i/gemv_q8_0_dma_top_0/inst/core/scaled_shifted_reg[3][12]_i_3/CO[3]
                         net (fo=1, routed)           0.000    13.375    design_1_i/gemv_q8_0_dma_top_0/inst/core/scaled_shifted_reg[3][12]_i_3_n_0
    SLICE_X97Y79         CARRY4 (Prop_carry4_CI_CO[3])
                                                      0.114    13.489 r  design_1_i/gemv_q8_0_dma_top_0/inst/core/scaled_shifted_reg[3][16]_i_3/CO[3]
                         net (fo=1, routed)           0.000    13.489    design_1_i/gemv_q8_0_dma_top_0/inst/core/scaled_shifted_reg[3][16]_i_3_n_0
    SLICE_X97Y80         CARRY4 (Prop_carry4_CI_CO[3])
                                                      0.114    13.603 r  design_1_i/gemv_q8_0_dma_top_0/inst/core/scaled_shifted_reg[3][20]_i_3/CO[3]
                         net (fo=1, routed)           0.000    13.603    design_1_i/gemv_q8_0_dma_top_0/inst/core/scaled_shifted_reg[3][20]_i_3_n_0
    SLICE_X97Y81         CARRY4 (Prop_carry4_CI_CO[3])
                                                      0.114    13.717 r  design_1_i/gemv_q8_0_dma_top_0/inst/core/scaled_shifted_reg[3][24]_i_3/CO[3]
                         net (fo=1, routed)           0.000    13.717    design_1_i/gemv_q8_0_dma_top_0/inst/core/scaled_shifted_reg[3][24]_i_3_n_0
    SLICE_X97Y82         CARRY4 (Prop_carry4_CI_CO[3])
                                                      0.114    13.831 r  design_1_i/gemv_q8_0_dma_top_0/inst/core/scaled_shifted_reg[3][28]_i_3/CO[3]
                         net (fo=1, routed)           0.000    13.831    design_1_i/gemv_q8_0_dma_top_0/inst/core/scaled_shifted_reg[3][28]_i_3_n_0
    SLICE_X97Y83         CARRY4 (Prop_carry4_CI_CO[3])
                                                      0.114    13.945 r  design_1_i/gemv_q8_0_dma_top_0/inst/core/scaled_shifted_reg[3][32]_i_3/CO[3]
                         net (fo=1, routed)           0.000    13.945    design_1_i/gemv_q8_0_dma_top_0/inst/core/scaled_shifted_reg[3][32]_i_3_n_0
    SLICE_X97Y84         CARRY4 (Prop_carry4_CI_CO[3])
                                                      0.114    14.059 r  design_1_i/gemv_q8_0_dma_top_0/inst/core/scaled_shifted_reg[3][36]_i_3/CO[3]
                         net (fo=1, routed)           0.000    14.059    design_1_i/gemv_q8_0_dma_top_0/inst/core/scaled_shifted_reg[3][36]_i_3_n_0
    SLICE_X97Y85         CARRY4 (Prop_carry4_CI_CO[3])
                                                      0.114    14.173 r  design_1_i/gemv_q8_0_dma_top_0/inst/core/scaled_shifted_reg[3][40]_i_3/CO[3]
                         net (fo=1, routed)           0.000    14.173    design_1_i/gemv_q8_0_dma_top_0/inst/core/scaled_shifted_reg[3][40]_i_3_n_0
    SLICE_X97Y86         CARRY4 (Prop_carry4_CI_CO[3])
                                                      0.114    14.287 r  design_1_i/gemv_q8_0_dma_top_0/inst/core/scaled_shifted_reg[3][44]_i_3/CO[3]
                         net (fo=1, routed)           0.000    14.287    design_1_i/gemv_q8_0_dma_top_0/inst/core/scaled_shifted_reg[3][44]_i_3_n_0
    SLICE_X97Y87         CARRY4 (Prop_carry4_CI_CO[3])
                                                      0.114    14.401 r  design_1_i/gemv_q8_0_dma_top_0/inst/core/scaled_shifted_reg[3][46]_i_3/CO[3]
                         net (fo=1, routed)           0.000    14.401    design_1_i/gemv_q8_0_dma_top_0/inst/core/scaled_shifted_reg[3][46]_i_3_n_0
    SLICE_X97Y88         CARRY4 (Prop_carry4_CI_O[2])
                                                      0.239    14.640 r  design_1_i/gemv_q8_0_dma_top_0/inst/core/scaled_shifted_reg[3][52]_i_4/O[2]
                         net (fo=1, routed)           0.692    15.332    design_1_i/gemv_q8_0_dma_top_0/inst/core/p_1_in__0[51]
    SLICE_X97Y92         LUT5 (Prop_lut5_I3_O)        0.302    15.634 r  design_1_i/gemv_q8_0_dma_top_0/inst/core/scaled_shifted[3][51]_i_3/O
                         net (fo=1, routed)           0.595    16.229    design_1_i/gemv_q8_0_dma_top_0/inst/core/scaled_shifted[3][51]_i_3_n_0
    SLICE_X97Y94         LUT3 (Prop_lut3_I2_O)        0.124    16.353 r  design_1_i/gemv_q8_0_dma_top_0/inst/core/scaled_shifted[3][51]_i_1/O
                         net (fo=1, routed)           0.000    16.353    design_1_i/gemv_q8_0_dma_top_0/inst/core/scaled_shifted[3][51]_i_1_n_0
    SLICE_X97Y94         FDRE                                         r  design_1_i/gemv_q8_0_dma_top_0/inst/core/scaled_shifted_reg[3][51]/D
  -------------------------------------------------------------------    -------------------

                         (clock clk_fpga_0 rise edge)
                                                     12.999    12.999 r  
    PS7_X0Y0             PS7                          0.000    12.999 r  design_1_i/processing_system7_0/inst/PS7_i/FCLKCLK[0]
                         net (fo=1, routed)           1.088    14.087    design_1_i/processing_system7_0/inst/FCLK_CLK_unbuffered[0]
    BUFGCTRL_X0Y19       BUFG (Prop_bufg_I_O)         0.091    14.178 r  design_1_i/processing_system7_0/inst/buffer_fclk_clk_0.FCLK_CLK_0_BUFG_replica_2/O
                         net (fo=5, routed)           0.133    14.311    design_1_i/processing_system7_0/inst/FCLK_CLK0_repN_2
    BUFGCTRL_X0Y18       BUFG (Prop_bufg_I_O)         0.091    14.402 r  design_1_i/processing_system7_0/inst/buffer_fclk_clk_0.FCLK_CLK_0_BUFG_replica_1/O
                         net (fo=18, routed)          0.133    14.535    design_1_i/processing_system7_0/inst/FCLK_CLK0_repN_1
    BUFGCTRL_X0Y17       BUFG (Prop_bufg_I_O)         0.091    14.626 r  design_1_i/processing_system7_0/inst/buffer_fclk_clk_0.FCLK_CLK_0_BUFG_replica/O
                         net (fo=69, routed)          0.133    14.759    design_1_i/processing_system7_0/inst/FCLK_CLK0_repN
    BUFGCTRL_X0Y16       BUFG (Prop_bufg_I_O)         0.091    14.850 r  design_1_i/processing_system7_0/inst/buffer_fclk_clk_0.FCLK_CLK_0_BUFG/O
                         net (fo=18497, routed)       1.608    16.458    design_1_i/gemv_q8_0_dma_top_0/inst/core/S_AXI_ACLK
    SLICE_X97Y94         FDRE                                         r  design_1_i/gemv_q8_0_dma_top_0/inst/core/scaled_shifted_reg[3][51]/C
                         clock pessimism              0.184    16.642    
                         clock uncertainty           -0.198    16.444    
    SLICE_X97Y94         FDRE (Setup_fdre_C_D)        0.032    16.476    design_1_i/gemv_q8_0_dma_top_0/inst/core/scaled_shifted_reg[3][51]
  -------------------------------------------------------------------
                         required time                         16.476    
                         arrival time                         -16.353    
  -------------------------------------------------------------------
                         slack                                  0.122    

Slack (MET) :             0.123ns  (required time - arrival time)
  Source:                 design_1_i/gemv_q8_0_dma_top_0/inst/core/scaled_product_reg[8]__0/CLK
                            (rising edge-triggered cell DSP48E1 clocked by clk_fpga_0  {rise@0.000ns fall@6.499ns period=12.999ns})
  Destination:            design_1_i/gemv_q8_0_dma_top_0/inst/core/scaled_shifted_reg[8][55]/D
                            (rising edge-triggered cell FDRE clocked by clk_fpga_0  {rise@0.000ns fall@6.499ns period=12.999ns})
  Path Group:             clk_fpga_0
  Path Type:              Setup (Max at Slow Process Corner)
  Requirement:            12.999ns  (clk_fpga_0 rise@12.999ns - clk_fpga_0 rise@0.000ns)
  Data Path Delay:        12.649ns  (logic 6.331ns (50.050%)  route 6.318ns (49.950%))
  Logic Levels:           30  (CARRY4=23 LUT2=2 LUT3=1 LUT5=1 LUT6=3)
  Clock Path Skew:        -0.147ns (DCD - SCD + CPR)
    Destination Clock Delay (DCD):    3.458ns = ( 16.457 - 12.999 ) 
    Source Clock Delay      (SCD):    3.903ns
    Clock Pessimism Removal (CPR):    0.298ns
  Clock Uncertainty:      0.198ns  ((TSJ^2 + TIJ^2)^1/2 + DJ) / 2 + PE
    Total System Jitter     (TSJ):    0.071ns
    Total Input Jitter      (TIJ):    0.390ns
    Discrete Jitter          (DJ):    0.000ns
    Phase Error              (PE):    0.000ns

    Location             Delay type                Incr(ns)  Path(ns)    Netlist Resource(s)
  -------------------------------------------------------------------    -------------------
                         (clock clk_fpga_0 rise edge)
                                                      0.000     0.000 r  
    PS7_X0Y0             PS7                          0.000     0.000 r  design_1_i/processing_system7_0/inst/PS7_i/FCLKCLK[0]
                         net (fo=1, routed)           1.193     1.193    design_1_i/processing_system7_0/inst/FCLK_CLK_unbuffered[0]
    BUFGCTRL_X0Y19       BUFG (Prop_bufg_I_O)         0.101     1.294 r  design_1_i/processing_system7_0/inst/buffer_fclk_clk_0.FCLK_CLK_0_BUFG_replica_2/O
                         net (fo=5, routed)           0.146     1.440    design_1_i/processing_system7_0/inst/FCLK_CLK0_repN_2
    BUFGCTRL_X0Y18       BUFG (Prop_bufg_I_O)         0.101     1.541 r  design_1_i/processing_system7_0/inst/buffer_fclk_clk_0.FCLK_CLK_0_BUFG_replica_1/O
                         net (fo=18, routed)          0.146     1.687    design_1_i/processing_system7_0/inst/FCLK_CLK0_repN_1
    BUFGCTRL_X0Y17       BUFG (Prop_bufg_I_O)         0.101     1.788 r  design_1_i/processing_system7_0/inst/buffer_fclk_clk_0.FCLK_CLK_0_BUFG_replica/O
                         net (fo=69, routed)          0.146     1.934    design_1_i/processing_system7_0/inst/FCLK_CLK0_repN
    BUFGCTRL_X0Y16       BUFG (Prop_bufg_I_O)         0.101     2.035 r  design_1_i/processing_system7_0/inst/buffer_fclk_clk_0.FCLK_CLK_0_BUFG/O
                         net (fo=18497, routed)       1.868     3.903    design_1_i/gemv_q8_0_dma_top_0/inst/core/S_AXI_ACLK
    DSP48_X3Y25          DSP48E1                                      r  design_1_i/gemv_q8_0_dma_top_0/inst/core/scaled_product_reg[8]__0/CLK
  -------------------------------------------------------------------    -------------------
    DSP48_X3Y25          DSP48E1 (Prop_dsp48e1_CLK_P[0])
                                                      0.434     4.337 r  design_1_i/gemv_q8_0_dma_top_0/inst/core/scaled_product_reg[8]__0/P[0]
                         net (fo=2, routed)           0.791     5.127    design_1_i/gemv_q8_0_dma_top_0/inst/core/scaled_product_reg[8]__0_n_105
    SLICE_X94Y60         LUT2 (Prop_lut2_I0_O)        0.124     5.251 r  design_1_i/gemv_q8_0_dma_top_0/inst/core/scaled_shifted[8][19]_i_6/O
                         net (fo=1, routed)           0.000     5.251    design_1_i/gemv_q8_0_dma_top_0/inst/core/scaled_shifted[8][19]_i_6_n_0
    SLICE_X94Y60         CARRY4 (Prop_carry4_S[1]_CO[3])
                                                      0.533     5.784 r  design_1_i/gemv_q8_0_dma_top_0/inst/core/scaled_shifted_reg[8][19]_i_2/CO[3]
                         net (fo=1, routed)           0.000     5.784    design_1_i/gemv_q8_0_dma_top_0/inst/core/scaled_shifted_reg[8][19]_i_2_n_0
    SLICE_X94Y61         CARRY4 (Prop_carry4_CI_CO[3])
                                                      0.117     5.901 r  design_1_i/gemv_q8_0_dma_top_0/inst/core/scaled_shifted_reg[8][23]_i_2/CO[3]
                         net (fo=1, routed)           0.000     5.901    design_1_i/gemv_q8_0_dma_top_0/inst/core/scaled_shifted_reg[8][23]_i_2_n_0
    SLICE_X94Y62         CARRY4 (Prop_carry4_CI_CO[3])
                                                      0.117     6.018 r  design_1_i/gemv_q8_0_dma_top_0/inst/core/scaled_shifted_reg[8][27]_i_2/CO[3]
                         net (fo=1, routed)           0.000     6.018    design_1_i/gemv_q8_0_dma_top_0/inst/core/scaled_shifted_reg[8][27]_i_2_n_0
    SLICE_X94Y63         CARRY4 (Prop_carry4_CI_CO[3])
                                                      0.117     6.135 r  design_1_i/gemv_q8_0_dma_top_0/inst/core/scaled_shifted_reg[8][31]_i_2/CO[3]
                         net (fo=1, routed)           0.000     6.135    design_1_i/gemv_q8_0_dma_top_0/inst/core/scaled_shifted_reg[8][31]_i_2_n_0
    SLICE_X94Y64         CARRY4 (Prop_carry4_CI_CO[3])
                                                      0.117     6.252 r  design_1_i/gemv_q8_0_dma_top_0/inst/core/scaled_shifted_reg[8][35]_i_2/CO[3]
                         net (fo=1, routed)           0.000     6.252    design_1_i/gemv_q8_0_dma_top_0/inst/core/scaled_shifted_reg[8][35]_i_2_n_0
    SLICE_X94Y65         CARRY4 (Prop_carry4_CI_CO[3])
                                                      0.117     6.369 r  design_1_i/gemv_q8_0_dma_top_0/inst/core/scaled_shifted_reg[8][39]_i_2/CO[3]
                         net (fo=1, routed)           0.000     6.369    design_1_i/gemv_q8_0_dma_top_0/inst/core/scaled_shifted_reg[8][39]_i_2_n_0
    SLICE_X94Y66         CARRY4 (Prop_carry4_CI_CO[3])
                                                      0.117     6.486 r  design_1_i/gemv_q8_0_dma_top_0/inst/core/scaled_shifted_reg[8][43]_i_2/CO[3]
                         net (fo=1, routed)           0.000     6.486    design_1_i/gemv_q8_0_dma_top_0/inst/core/scaled_shifted_reg[8][43]_i_2_n_0
    SLICE_X94Y67         CARRY4 (Prop_carry4_CI_O[1])
                                                      0.323     6.809 r  design_1_i/gemv_q8_0_dma_top_0/inst/core/scaled_shifted_reg[8][47]_i_2/O[1]
                         net (fo=4, routed)           0.989     7.798    design_1_i/gemv_q8_0_dma_top_0/inst/core/scaled_product_reg[8]__1[45]
    SLICE_X96Y72         LUT2 (Prop_lut2_I0_O)        0.306     8.104 r  design_1_i/gemv_q8_0_dma_top_0/inst/core/scaled_shifted[8][0]_i_46/O
                         net (fo=1, routed)           0.000     8.104    design_1_i/gemv_q8_0_dma_top_0/inst/core/scaled_shifted[8][0]_i_46_n_0
    SLICE_X96Y72         CARRY4 (Prop_carry4_S[1]_CO[3])
                                                      0.533     8.637 r  design_1_i/gemv_q8_0_dma_top_0/inst/core/scaled_shifted_reg[8][0]_i_27/CO[3]
                         net (fo=1, routed)           0.000     8.637    design_1_i/gemv_q8_0_dma_top_0/inst/core/scaled_shifted_reg[8][0]_i_27_n_0
    SLICE_X96Y73         CARRY4 (Prop_carry4_CI_CO[3])
                                                      0.117     8.754 r  design_1_i/gemv_q8_0_dma_top_0/inst/core/scaled_shifted_reg[8][0]_i_36/CO[3]
                         net (fo=1, routed)           0.000     8.754    design_1_i/gemv_q8_0_dma_top_0/inst/core/scaled_shifted_reg[8][0]_i_36_n_0
    SLICE_X96Y74         CARRY4 (Prop_carry4_CI_CO[3])
                                                      0.117     8.871 r  design_1_i/gemv_q8_0_dma_top_0/inst/core/scaled_shifted_reg[8][0]_i_29/CO[3]
                         net (fo=1, routed)           0.009     8.880    design_1_i/gemv_q8_0_dma_top_0/inst/core/scaled_shifted_reg[8][0]_i_29_n_0
    SLICE_X96Y75         CARRY4 (Prop_carry4_CI_CO[3])
                                                      0.117     8.997 r  design_1_i/gemv_q8_0_dma_top_0/inst/core/scaled_shifted_reg[8][63]_i_31/CO[3]
                         net (fo=1, routed)           0.000     8.997    design_1_i/gemv_q8_0_dma_top_0/inst/core/scaled_shifted_reg[8][63]_i_31_n_0
    SLICE_X96Y76         CARRY4 (Prop_carry4_CI_O[3])
                                                      0.315     9.312 f  design_1_i/gemv_q8_0_dma_top_0/inst/core/scaled_shifted_reg[8][63]_i_23/O[3]
                         net (fo=64, routed)          1.164    10.476    design_1_i/gemv_q8_0_dma_top_0/inst/core/p_2_out__0[63]
    SLICE_X101Y66        LUT6 (Prop_lut6_I0_O)        0.307    10.783 f  design_1_i/gemv_q8_0_dma_top_0/inst/core/scaled_shifted[8][20]_i_15/O
                         net (fo=4, routed)           0.893    11.677    design_1_i/gemv_q8_0_dma_top_0/inst/core/scaled_shifted[8][20]_i_15_n_0
    SLICE_X101Y68        LUT6 (Prop_lut6_I5_O)        0.124    11.801 f  design_1_i/gemv_q8_0_dma_top_0/inst/core/scaled_shifted[8][20]_i_11/O
                         net (fo=4, routed)           1.204    13.005    design_1_i/gemv_q8_0_dma_top_0/inst/core/scaled_shifted[8][20]_i_11_n_0
    SLICE_X102Y76        LUT6 (Prop_lut6_I2_O)        0.124    13.129 r  design_1_i/gemv_q8_0_dma_top_0/inst/core/scaled_shifted[8][20]_i_7/O
                         net (fo=1, routed)           0.000    13.129    design_1_i/gemv_q8_0_dma_top_0/inst/core/scaled_shifted[8][20]_i_7_n_0
    SLICE_X102Y76        CARRY4 (Prop_carry4_S[1]_CO[3])
                                                      0.533    13.662 r  design_1_i/gemv_q8_0_dma_top_0/inst/core/scaled_shifted_reg[8][20]_i_3/CO[3]
                         net (fo=1, routed)           0.000    13.662    design_1_i/gemv_q8_0_dma_top_0/inst/core/scaled_shifted_reg[8][20]_i_3_n_0
    SLICE_X102Y77        CARRY4 (Prop_carry4_CI_CO[3])
                                                      0.117    13.779 r  design_1_i/gemv_q8_0_dma_top_0/inst/core/scaled_shifted_reg[8][24]_i_3/CO[3]
                         net (fo=1, routed)           0.000    13.779    design_1_i/gemv_q8_0_dma_top_0/inst/core/scaled_shifted_reg[8][24]_i_3_n_0
    SLICE_X102Y78        CARRY4 (Prop_carry4_CI_CO[3])
                                                      0.117    13.896 r  design_1_i/gemv_q8_0_dma_top_0/inst/core/scaled_shifted_reg[8][28]_i_3/CO[3]
                         net (fo=1, routed)           0.000    13.896    design_1_i/gemv_q8_0_dma_top_0/inst/core/scaled_shifted_reg[8][28]_i_3_n_0
    SLICE_X102Y79        CARRY4 (Prop_carry4_CI_CO[3])
                                                      0.117    14.013 r  design_1_i/gemv_q8_0_dma_top_0/inst/core/scaled_shifted_reg[8][32]_i_3/CO[3]
                         net (fo=1, routed)           0.000    14.013    design_1_i/gemv_q8_0_dma_top_0/inst/core/scaled_shifted_reg[8][32]_i_3_n_0
    SLICE_X102Y80        CARRY4 (Prop_carry4_CI_CO[3])
                                                      0.117    14.130 r  design_1_i/gemv_q8_0_dma_top_0/inst/core/scaled_shifted_reg[8][36]_i_3/CO[3]
                         net (fo=1, routed)           0.000    14.130    design_1_i/gemv_q8_0_dma_top_0/inst/core/scaled_shifted_reg[8][36]_i_3_n_0
    SLICE_X102Y81        CARRY4 (Prop_carry4_CI_CO[3])
                                                      0.117    14.247 r  design_1_i/gemv_q8_0_dma_top_0/inst/core/scaled_shifted_reg[8][40]_i_3/CO[3]
                         net (fo=1, routed)           0.000    14.247    design_1_i/gemv_q8_0_dma_top_0/inst/core/scaled_shifted_reg[8][40]_i_3_n_0
    SLICE_X102Y82        CARRY4 (Prop_carry4_CI_CO[3])
                                                      0.117    14.364 r  design_1_i/gemv_q8_0_dma_top_0/inst/core/scaled_shifted_reg[8][44]_i_3/CO[3]
                         net (fo=1, routed)           0.000    14.364    design_1_i/gemv_q8_0_dma_top_0/inst/core/scaled_shifted_reg[8][44]_i_3_n_0
    SLICE_X102Y83        CARRY4 (Prop_carry4_CI_CO[3])
                                                      0.117    14.481 r  design_1_i/gemv_q8_0_dma_top_0/inst/core/scaled_shifted_reg[8][46]_i_3/CO[3]
                         net (fo=1, routed)           0.000    14.481    design_1_i/gemv_q8_0_dma_top_0/inst/core/scaled_shifted_reg[8][46]_i_3_n_0
    SLICE_X102Y84        CARRY4 (Prop_carry4_CI_CO[3])
                                                      0.117    14.598 r  design_1_i/gemv_q8_0_dma_top_0/inst/core/scaled_shifted_reg[8][52]_i_4/CO[3]
                         net (fo=1, routed)           0.000    14.598    design_1_i/gemv_q8_0_dma_top_0/inst/core/scaled_shifted_reg[8][52]_i_4_n_0
    SLICE_X102Y85        CARRY4 (Prop_carry4_CI_O[2])
                                                      0.239    14.837 r  design_1_i/gemv_q8_0_dma_top_0/inst/core/scaled_shifted_reg[8][60]_i_5/O[2]
                         net (fo=1, routed)           0.607    15.444    design_1_i/gemv_q8_0_dma_top_0/inst/core/scaled_shifted_reg[8][60]_i_5_n_5
    SLICE_X103Y90        LUT5 (Prop_lut5_I3_O)        0.301    15.745 r  design_1_i/gemv_q8_0_dma_top_0/inst/core/scaled_shifted[8][55]_i_3/O
                         net (fo=1, routed)           0.661    16.406    design_1_i/gemv_q8_0_dma_top_0/inst/core/data1[55]
    SLICE_X102Y90        LUT3 (Prop_lut3_I2_O)        0.146    16.552 r  design_1_i/gemv_q8_0_dma_top_0/inst/core/scaled_shifted[8][55]_i_1/O
                         net (fo=1, routed)           0.000    16.552    design_1_i/gemv_q8_0_dma_top_0/inst/core/scaled_shifted[8][55]_i_1_n_0
    SLICE_X102Y90        FDRE                                         r  design_1_i/gemv_q8_0_dma_top_0/inst/core/scaled_shifted_reg[8][55]/D
  -------------------------------------------------------------------    -------------------

                         (clock clk_fpga_0 rise edge)
                                                     12.999    12.999 r  
    PS7_X0Y0             PS7                          0.000    12.999 r  design_1_i/processing_system7_0/inst/PS7_i/FCLKCLK[0]
                         net (fo=1, routed)           1.088    14.087    design_1_i/processing_system7_0/inst/FCLK_CLK_unbuffered[0]
    BUFGCTRL_X0Y19       BUFG (Prop_bufg_I_O)         0.091    14.178 r  design_1_i/processing_system7_0/inst/buffer_fclk_clk_0.FCLK_CLK_0_BUFG_replica_2/O
                         net (fo=5, routed)           0.133    14.311    design_1_i/processing_system7_0/inst/FCLK_CLK0_repN_2
    BUFGCTRL_X0Y18       BUFG (Prop_bufg_I_O)         0.091    14.402 r  design_1_i/processing_system7_0/inst/buffer_fclk_clk_0.FCLK_CLK_0_BUFG_replica_1/O
                         net (fo=18, routed)          0.133    14.535    design_1_i/processing_system7_0/inst/FCLK_CLK0_repN_1
    BUFGCTRL_X0Y17       BUFG (Prop_bufg_I_O)         0.091    14.626 r  design_1_i/processing_system7_0/inst/buffer_fclk_clk_0.FCLK_CLK_0_BUFG_replica/O
                         net (fo=69, routed)          0.133    14.759    design_1_i/processing_system7_0/inst/FCLK_CLK0_repN
    BUFGCTRL_X0Y16       BUFG (Prop_bufg_I_O)         0.091    14.850 r  design_1_i/processing_system7_0/inst/buffer_fclk_clk_0.FCLK_CLK_0_BUFG/O
                         net (fo=18497, routed)       1.607    16.457    design_1_i/gemv_q8_0_dma_top_0/inst/core/S_AXI_ACLK
    SLICE_X102Y90        FDRE                                         r  design_1_i/gemv_q8_0_dma_top_0/inst/core/scaled_shifted_reg[8][55]/C
                         clock pessimism              0.298    16.755    
                         clock uncertainty           -0.198    16.557    
    SLICE_X102Y90        FDRE (Setup_fdre_C_D)        0.118    16.675    design_1_i/gemv_q8_0_dma_top_0/inst/core/scaled_shifted_reg[8][55]
  -------------------------------------------------------------------
                         required time                         16.675    
                         arrival time                         -16.552    
  -------------------------------------------------------------------
                         slack                                  0.123    

Slack (MET) :             0.125ns  (required time - arrival time)
  Source:                 <hidden>
                            (rising edge-triggered cell RAMB36E1 clocked by clk_fpga_0  {rise@0.000ns fall@6.499ns period=12.999ns})
  Destination:            design_1_i/gemv_q8_0_dma_top_0/inst/core/block_acc[4][9]_i_1_psdsp_1/D
                            (rising edge-triggered cell FDRE clocked by clk_fpga_0  {rise@0.000ns fall@6.499ns period=12.999ns})
  Path Group:             clk_fpga_0
  Path Type:              Setup (Max at Slow Process Corner)
  Requirement:            12.999ns  (clk_fpga_0 rise@12.999ns - clk_fpga_0 rise@0.000ns)
  Data Path Delay:        12.373ns  (logic 6.543ns (52.883%)  route 5.830ns (47.117%))
  Logic Levels:           3  (DSP48E1=1 LUT2=1 LUT3=1)
  Clock Path Skew:        -0.239ns (DCD - SCD + CPR)
    Destination Clock Delay (DCD):    3.455ns = ( 16.454 - 12.999 ) 
    Source Clock Delay      (SCD):    3.877ns
    Clock Pessimism Removal (CPR):    0.184ns
  Clock Uncertainty:      0.198ns  ((TSJ^2 + TIJ^2)^1/2 + DJ) / 2 + PE
    Total System Jitter     (TSJ):    0.071ns
    Total Input Jitter      (TIJ):    0.390ns
    Discrete Jitter          (DJ):    0.000ns
    Phase Error              (PE):    0.000ns

    Location             Delay type                Incr(ns)  Path(ns)    Netlist Resource(s)
  -------------------------------------------------------------------    -------------------
                         (clock clk_fpga_0 rise edge)
                                                      0.000     0.000 r  
    PS7_X0Y0             PS7                          0.000     0.000 r  design_1_i/processing_system7_0/inst/PS7_i/FCLKCLK[0]
                         net (fo=1, routed)           1.193     1.193    design_1_i/processing_system7_0/inst/FCLK_CLK_unbuffered[0]
    BUFGCTRL_X0Y19       BUFG (Prop_bufg_I_O)         0.101     1.294 r  design_1_i/processing_system7_0/inst/buffer_fclk_clk_0.FCLK_CLK_0_BUFG_replica_2/O
                         net (fo=5, routed)           0.146     1.440    design_1_i/processing_system7_0/inst/FCLK_CLK0_repN_2
    BUFGCTRL_X0Y18       BUFG (Prop_bufg_I_O)         0.101     1.541 r  design_1_i/processing_system7_0/inst/buffer_fclk_clk_0.FCLK_CLK_0_BUFG_replica_1/O
                         net (fo=18, routed)          0.146     1.687    design_1_i/processing_system7_0/inst/FCLK_CLK0_repN_1
    BUFGCTRL_X0Y17       BUFG (Prop_bufg_I_O)         0.101     1.788 r  design_1_i/processing_system7_0/inst/buffer_fclk_clk_0.FCLK_CLK_0_BUFG_replica/O
                         net (fo=69, routed)          0.146     1.934    design_1_i/processing_system7_0/inst/FCLK_CLK0_repN
    BUFGCTRL_X0Y16       BUFG (Prop_bufg_I_O)         0.101     2.035 r  design_1_i/processing_system7_0/inst/buffer_fclk_clk_0.FCLK_CLK_0_BUFG/O
                         net (fo=18497, routed)       1.842     3.877    <hidden>
    RAMB36_X4Y9          RAMB36E1                                     r  <hidden>
  -------------------------------------------------------------------    -------------------
    RAMB36_X4Y9          RAMB36E1 (Prop_ramb36e1_CLKBWRCLK_DOBDO[1])
                                                      2.454     6.331 r  <hidden>
                         net (fo=1, routed)           1.705     8.036    design_1_i/gemv_q8_0_dma_top_0/inst/core/INPUT_BRAM_DOUT[15]
    SLICE_X39Y43         LUT3 (Prop_lut3_I2_O)        0.124     8.160 r  design_1_i/gemv_q8_0_dma_top_0/inst/core/p_0_out_i_1/O
                         net (fo=60, routed)          0.930     9.090    design_1_i/gemv_q8_0_dma_top_0/inst/core/core_input_rd_data[15]
    DSP48_X2Y19          DSP48E1 (Prop_dsp48e1_A[16]_P[9])
                                                      3.841    12.931 r  design_1_i/gemv_q8_0_dma_top_0/inst/core/p_0_out__2/P[9]
                         net (fo=13, routed)          1.668    14.599    design_1_i/gemv_q8_0_dma_top_0/inst/core/p_0_out__2_n_96
    SLICE_X62Y54         LUT2 (Prop_lut2_I0_O)        0.124    14.723 r  design_1_i/gemv_q8_0_dma_top_0/inst/core/block_acc[4][9]_i_1/O
                         net (fo=12, routed)          1.527    16.250    design_1_i/gemv_q8_0_dma_top_0/inst/core/block_acc[4][9]_i_1_n_0
    SLICE_X90Y57         FDRE                                         r  design_1_i/gemv_q8_0_dma_top_0/inst/core/block_acc[4][9]_i_1_psdsp_1/D
  -------------------------------------------------------------------    -------------------

                         (clock clk_fpga_0 rise edge)
                                                     12.999    12.999 r  
    PS7_X0Y0             PS7                          0.000    12.999 r  design_1_i/processing_system7_0/inst/PS7_i/FCLKCLK[0]
                         net (fo=1, routed)           1.088    14.087    design_1_i/processing_system7_0/inst/FCLK_CLK_unbuffered[0]
    BUFGCTRL_X0Y19       BUFG (Prop_bufg_I_O)         0.091    14.178 r  design_1_i/processing_system7_0/inst/buffer_fclk_clk_0.FCLK_CLK_0_BUFG_replica_2/O
                         net (fo=5, routed)           0.133    14.311    design_1_i/processing_system7_0/inst/FCLK_CLK0_repN_2
    BUFGCTRL_X0Y18       BUFG (Prop_bufg_I_O)         0.091    14.402 r  design_1_i/processing_system7_0/inst/buffer_fclk_clk_0.FCLK_CLK_0_BUFG_replica_1/O
                         net (fo=18, routed)          0.133    14.535    design_1_i/processing_system7_0/inst/FCLK_CLK0_repN_1
    BUFGCTRL_X0Y17       BUFG (Prop_bufg_I_O)         0.091    14.626 r  design_1_i/processing_system7_0/inst/buffer_fclk_clk_0.FCLK_CLK_0_BUFG_replica/O
                         net (fo=69, routed)          0.133    14.759    design_1_i/processing_system7_0/inst/FCLK_CLK0_repN
    BUFGCTRL_X0Y16       BUFG (Prop_bufg_I_O)         0.091    14.850 r  design_1_i/processing_system7_0/inst/buffer_fclk_clk_0.FCLK_CLK_0_BUFG/O
                         net (fo=18497, routed)       1.604    16.454    design_1_i/gemv_q8_0_dma_top_0/inst/core/S_AXI_ACLK
    SLICE_X90Y57         FDRE                                         r  design_1_i/gemv_q8_0_dma_top_0/inst/core/block_acc[4][9]_i_1_psdsp_1/C
                         clock pessimism              0.184    16.638    
                         clock uncertainty           -0.198    16.440    
    SLICE_X90Y57         FDRE (Setup_fdre_C_D)       -0.064    16.376    design_1_i/gemv_q8_0_dma_top_0/inst/core/block_acc[4][9]_i_1_psdsp_1
  -------------------------------------------------------------------
                         required time                         16.376    
                         arrival time                         -16.250    
  -------------------------------------------------------------------
                         slack                                  0.125    

Slack (MET) :             0.127ns  (required time - arrival time)
  Source:                 design_1_i/gemv_q8_0_dma_top_0/inst/core/scaled_shifted[6][27]_i_6_psdsp/C
                            (rising edge-triggered cell FDRE clocked by clk_fpga_0  {rise@0.000ns fall@6.499ns period=12.999ns})
  Destination:            design_1_i/gemv_q8_0_dma_top_0/inst/core/scaled_shifted_reg[6][48]/D
                            (rising edge-triggered cell FDRE clocked by clk_fpga_0  {rise@0.000ns fall@6.499ns period=12.999ns})
  Path Group:             clk_fpga_0
  Path Type:              Setup (Max at Slow Process Corner)
  Requirement:            12.999ns  (clk_fpga_0 rise@12.999ns - clk_fpga_0 rise@0.000ns)
  Data Path Delay:        12.573ns  (logic 6.563ns (52.200%)  route 6.010ns (47.800%))
  Logic Levels:           31  (CARRY4=23 LUT2=2 LUT3=1 LUT5=3 LUT6=2)
  Clock Path Skew:        -0.176ns (DCD - SCD + CPR)
    Destination Clock Delay (DCD):    3.312ns = ( 16.311 - 12.999 ) 
    Source Clock Delay      (SCD):    3.686ns
    Clock Pessimism Removal (CPR):    0.198ns
  Clock Uncertainty:      0.198ns  ((TSJ^2 + TIJ^2)^1/2 + DJ) / 2 + PE
    Total System Jitter     (TSJ):    0.071ns
    Total Input Jitter      (TIJ):    0.390ns
    Discrete Jitter          (DJ):    0.000ns
    Phase Error              (PE):    0.000ns

    Location             Delay type                Incr(ns)  Path(ns)    Netlist Resource(s)
  -------------------------------------------------------------------    -------------------
                         (clock clk_fpga_0 rise edge)
                                                      0.000     0.000 r  
    PS7_X0Y0             PS7                          0.000     0.000 r  design_1_i/processing_system7_0/inst/PS7_i/FCLKCLK[0]
                         net (fo=1, routed)           1.193     1.193    design_1_i/processing_system7_0/inst/FCLK_CLK_unbuffered[0]
    BUFGCTRL_X0Y19       BUFG (Prop_bufg_I_O)         0.101     1.294 r  design_1_i/processing_system7_0/inst/buffer_fclk_clk_0.FCLK_CLK_0_BUFG_replica_2/O
                         net (fo=5, routed)           0.146     1.440    design_1_i/processing_system7_0/inst/FCLK_CLK0_repN_2
    BUFGCTRL_X0Y18       BUFG (Prop_bufg_I_O)         0.101     1.541 r  design_1_i/processing_system7_0/inst/buffer_fclk_clk_0.FCLK_CLK_0_BUFG_replica_1/O
                         net (fo=18, routed)          0.146     1.687    design_1_i/processing_system7_0/inst/FCLK_CLK0_repN_1
    BUFGCTRL_X0Y17       BUFG (Prop_bufg_I_O)         0.101     1.788 r  design_1_i/processing_system7_0/inst/buffer_fclk_clk_0.FCLK_CLK_0_BUFG_replica/O
                         net (fo=69, routed)          0.146     1.934    design_1_i/processing_system7_0/inst/FCLK_CLK0_repN
    BUFGCTRL_X0Y16       BUFG (Prop_bufg_I_O)         0.101     2.035 r  design_1_i/processing_system7_0/inst/buffer_fclk_clk_0.FCLK_CLK_0_BUFG/O
                         net (fo=18497, routed)       1.651     3.686    design_1_i/gemv_q8_0_dma_top_0/inst/core/S_AXI_ACLK
    SLICE_X41Y55         FDRE                                         r  design_1_i/gemv_q8_0_dma_top_0/inst/core/scaled_shifted[6][27]_i_6_psdsp/C
  -------------------------------------------------------------------    -------------------
    SLICE_X41Y55         FDRE (Prop_fdre_C_Q)         0.456     4.142 r  design_1_i/gemv_q8_0_dma_top_0/inst/core/scaled_shifted[6][27]_i_6_psdsp/Q
                         net (fo=2, routed)           0.929     5.071    design_1_i/gemv_q8_0_dma_top_0/inst/core/scaled_product_reg[6]__0_n_97
    SLICE_X40Y55         LUT2 (Prop_lut2_I0_O)        0.124     5.195 r  design_1_i/gemv_q8_0_dma_top_0/inst/core/scaled_shifted[6][27]_i_6/O
                         net (fo=1, routed)           0.000     5.195    design_1_i/gemv_q8_0_dma_top_0/inst/core/scaled_shifted[6][27]_i_6_n_0
    SLICE_X40Y55         CARRY4 (Prop_carry4_S[1]_CO[3])
                                                      0.550     5.745 r  design_1_i/gemv_q8_0_dma_top_0/inst/core/scaled_shifted_reg[6][27]_i_2/CO[3]
                         net (fo=1, routed)           0.000     5.745    design_1_i/gemv_q8_0_dma_top_0/inst/core/scaled_shifted_reg[6][27]_i_2_n_0
    SLICE_X40Y56         CARRY4 (Prop_carry4_CI_CO[3])
                                                      0.114     5.859 r  design_1_i/gemv_q8_0_dma_top_0/inst/core/scaled_shifted_reg[6][31]_i_2/CO[3]
                         net (fo=1, routed)           0.000     5.859    design_1_i/gemv_q8_0_dma_top_0/inst/core/scaled_shifted_reg[6][31]_i_2_n_0
    SLICE_X40Y57         CARRY4 (Prop_carry4_CI_CO[3])
                                                      0.114     5.973 r  design_1_i/gemv_q8_0_dma_top_0/inst/core/scaled_shifted_reg[6][35]_i_2/CO[3]
                         net (fo=1, routed)           0.000     5.973    design_1_i/gemv_q8_0_dma_top_0/inst/core/scaled_shifted_reg[6][35]_i_2_n_0
    SLICE_X40Y58         CARRY4 (Prop_carry4_CI_CO[3])
                                                      0.114     6.087 r  design_1_i/gemv_q8_0_dma_top_0/inst/core/scaled_shifted_reg[6][39]_i_2/CO[3]
                         net (fo=1, routed)           0.000     6.087    design_1_i/gemv_q8_0_dma_top_0/inst/core/scaled_shifted_reg[6][39]_i_2_n_0
    SLICE_X40Y59         CARRY4 (Prop_carry4_CI_CO[3])
                                                      0.114     6.201 r  design_1_i/gemv_q8_0_dma_top_0/inst/core/scaled_shifted_reg[6][43]_i_2/CO[3]
                         net (fo=1, routed)           0.000     6.201    design_1_i/gemv_q8_0_dma_top_0/inst/core/scaled_shifted_reg[6][43]_i_2_n_0
    SLICE_X40Y60         CARRY4 (Prop_carry4_CI_O[1])
                                                      0.334     6.535 r  design_1_i/gemv_q8_0_dma_top_0/inst/core/scaled_shifted_reg[6][47]_i_2/O[1]
                         net (fo=4, routed)           1.196     7.731    design_1_i/gemv_q8_0_dma_top_0/inst/core/scaled_product_reg[6]__1[45]
    SLICE_X53Y72         LUT2 (Prop_lut2_I0_O)        0.303     8.034 r  design_1_i/gemv_q8_0_dma_top_0/inst/core/scaled_shifted[6][0]_i_46/O
                         net (fo=1, routed)           0.000     8.034    design_1_i/gemv_q8_0_dma_top_0/inst/core/scaled_shifted[6][0]_i_46_n_0
    SLICE_X53Y72         CARRY4 (Prop_carry4_S[1]_CO[3])
                                                      0.550     8.584 r  design_1_i/gemv_q8_0_dma_top_0/inst/core/scaled_shifted_reg[6][0]_i_27/CO[3]
                         net (fo=1, routed)           0.000     8.584    design_1_i/gemv_q8_0_dma_top_0/inst/core/scaled_shifted_reg[6][0]_i_27_n_0
    SLICE_X53Y73         CARRY4 (Prop_carry4_CI_CO[3])
                                                      0.114     8.698 r  design_1_i/gemv_q8_0_dma_top_0/inst/core/scaled_shifted_reg[6][0]_i_36/CO[3]
                         net (fo=1, routed)           0.000     8.698    design_1_i/gemv_q8_0_dma_top_0/inst/core/scaled_shifted_reg[6][0]_i_36_n_0
    SLICE_X53Y74         CARRY4 (Prop_carry4_CI_CO[3])
                                                      0.114     8.812 r  design_1_i/gemv_q8_0_dma_top_0/inst/core/scaled_shifted_reg[6][0]_i_29/CO[3]
                         net (fo=1, routed)           0.009     8.821    design_1_i/gemv_q8_0_dma_top_0/inst/core/scaled_shifted_reg[6][0]_i_29_n_0
    SLICE_X53Y75         CARRY4 (Prop_carry4_CI_CO[3])
                                                      0.114     8.935 r  design_1_i/gemv_q8_0_dma_top_0/inst/core/scaled_shifted_reg[6][63]_i_31/CO[3]
                         net (fo=1, routed)           0.000     8.935    design_1_i/gemv_q8_0_dma_top_0/inst/core/scaled_shifted_reg[6][63]_i_31_n_0
    SLICE_X53Y76         CARRY4 (Prop_carry4_CI_O[3])
                                                      0.313     9.248 f  design_1_i/gemv_q8_0_dma_top_0/inst/core/scaled_shifted_reg[6][63]_i_23/O[3]
                         net (fo=64, routed)          0.912    10.161    design_1_i/gemv_q8_0_dma_top_0/inst/core/scaled_shifted_reg[6][63]_i_23_n_4
    SLICE_X54Y68         LUT6 (Prop_lut6_I0_O)        0.306    10.467 f  design_1_i/gemv_q8_0_dma_top_0/inst/core/scaled_shifted[6][0]_i_10/O
                         net (fo=4, routed)           0.486    10.953    design_1_i/gemv_q8_0_dma_top_0/inst/core/scaled_shifted[6][0]_i_10_n_0
    SLICE_X54Y66         LUT6 (Prop_lut6_I0_O)        0.124    11.077 f  design_1_i/gemv_q8_0_dma_top_0/inst/core/scaled_shifted[6][0]_i_5/O
                         net (fo=4, routed)           0.667    11.743    design_1_i/gemv_q8_0_dma_top_0/inst/core/scaled_shifted[6][0]_i_5_n_0
    SLICE_X55Y67         LUT5 (Prop_lut5_I0_O)        0.124    11.867 f  design_1_i/gemv_q8_0_dma_top_0/inst/core/scaled_shifted[6][4]_i_12/O
                         net (fo=1, routed)           0.611    12.478    design_1_i/gemv_q8_0_dma_top_0/inst/core/scaled_shifted[6][4]_i_12_n_0
    SLICE_X54Y74         LUT5 (Prop_lut5_I0_O)        0.124    12.602 r  design_1_i/gemv_q8_0_dma_top_0/inst/core/scaled_shifted[6][4]_i_9/O
                         net (fo=1, routed)           0.000    12.602    design_1_i/gemv_q8_0_dma_top_0/inst/core/scaled_shifted[6][4]_i_9_n_0
    SLICE_X54Y74         CARRY4 (Prop_carry4_S[0]_CO[3])
                                                      0.513    13.115 r  design_1_i/gemv_q8_0_dma_top_0/inst/core/scaled_shifted_reg[6][4]_i_3/CO[3]
                         net (fo=1, routed)           0.009    13.124    design_1_i/gemv_q8_0_dma_top_0/inst/core/scaled_shifted_reg[6][4]_i_3_n_0
    SLICE_X54Y75         CARRY4 (Prop_carry4_CI_CO[3])
                                                      0.117    13.241 r  design_1_i/gemv_q8_0_dma_top_0/inst/core/scaled_shifted_reg[6][8]_i_3/CO[3]
                         net (fo=1, routed)           0.000    13.241    design_1_i/gemv_q8_0_dma_top_0/inst/core/scaled_shifted_reg[6][8]_i_3_n_0
    SLICE_X54Y76         CARRY4 (Prop_carry4_CI_CO[3])
                                                      0.117    13.358 r  design_1_i/gemv_q8_0_dma_top_0/inst/core/scaled_shifted_reg[6][12]_i_3/CO[3]
                         net (fo=1, routed)           0.000    13.358    design_1_i/gemv_q8_0_dma_top_0/inst/core/scaled_shifted_reg[6][12]_i_3_n_0
    SLICE_X54Y77         CARRY4 (Prop_carry4_CI_CO[3])
                                                      0.117    13.475 r  design_1_i/gemv_q8_0_dma_top_0/inst/core/scaled_shifted_reg[6][16]_i_3/CO[3]
                         net (fo=1, routed)           0.000    13.475    design_1_i/gemv_q8_0_dma_top_0/inst/core/scaled_shifted_reg[6][16]_i_3_n_0
    SLICE_X54Y78         CARRY4 (Prop_carry4_CI_CO[3])
                                                      0.117    13.592 r  design_1_i/gemv_q8_0_dma_top_0/inst/core/scaled_shifted_reg[6][20]_i_3/CO[3]
                         net (fo=1, routed)           0.000    13.592    design_1_i/gemv_q8_0_dma_top_0/inst/core/scaled_shifted_reg[6][20]_i_3_n_0
    SLICE_X54Y79         CARRY4 (Prop_carry4_CI_CO[3])
                                                      0.117    13.709 r  design_1_i/gemv_q8_0_dma_top_0/inst/core/scaled_shifted_reg[6][24]_i_3/CO[3]
                         net (fo=1, routed)           0.000    13.709    design_1_i/gemv_q8_0_dma_top_0/inst/core/scaled_shifted_reg[6][24]_i_3_n_0
    SLICE_X54Y80         CARRY4 (Prop_carry4_CI_CO[3])
                                                      0.117    13.826 r  design_1_i/gemv_q8_0_dma_top_0/inst/core/scaled_shifted_reg[6][28]_i_3/CO[3]
                         net (fo=1, routed)           0.000    13.826    design_1_i/gemv_q8_0_dma_top_0/inst/core/scaled_shifted_reg[6][28]_i_3_n_0
    SLICE_X54Y81         CARRY4 (Prop_carry4_CI_CO[3])
                                                      0.117    13.943 r  design_1_i/gemv_q8_0_dma_top_0/inst/core/scaled_shifted_reg[6][32]_i_3/CO[3]
                         net (fo=1, routed)           0.000    13.943    design_1_i/gemv_q8_0_dma_top_0/inst/core/scaled_shifted_reg[6][32]_i_3_n_0
    SLICE_X54Y82         CARRY4 (Prop_carry4_CI_CO[3])
                                                      0.117    14.060 r  design_1_i/gemv_q8_0_dma_top_0/inst/core/scaled_shifted_reg[6][36]_i_3/CO[3]
                         net (fo=1, routed)           0.000    14.060    design_1_i/gemv_q8_0_dma_top_0/inst/core/scaled_shifted_reg[6][36]_i_3_n_0
    SLICE_X54Y83         CARRY4 (Prop_carry4_CI_CO[3])
                                                      0.117    14.177 r  design_1_i/gemv_q8_0_dma_top_0/inst/core/scaled_shifted_reg[6][40]_i_3/CO[3]
                         net (fo=1, routed)           0.000    14.177    design_1_i/gemv_q8_0_dma_top_0/inst/core/scaled_shifted_reg[6][40]_i_3_n_0
    SLICE_X54Y84         CARRY4 (Prop_carry4_CI_CO[3])
                                                      0.117    14.294 r  design_1_i/gemv_q8_0_dma_top_0/inst/core/scaled_shifted_reg[6][44]_i_3/CO[3]
                         net (fo=1, routed)           0.000    14.294    design_1_i/gemv_q8_0_dma_top_0/inst/core/scaled_shifted_reg[6][44]_i_3_n_0
    SLICE_X54Y85         CARRY4 (Prop_carry4_CI_O[3])
                                                      0.315    14.609 r  design_1_i/gemv_q8_0_dma_top_0/inst/core/scaled_shifted_reg[6][46]_i_3/O[3]
                         net (fo=1, routed)           0.535    15.144    design_1_i/gemv_q8_0_dma_top_0/inst/core/scaled_shifted_reg[6][46]_i_3_n_4
    SLICE_X52Y86         LUT5 (Prop_lut5_I3_O)        0.307    15.451 r  design_1_i/gemv_q8_0_dma_top_0/inst/core/scaled_shifted[6][48]_i_2/O
                         net (fo=1, routed)           0.656    16.107    design_1_i/gemv_q8_0_dma_top_0/inst/core/scaled_shifted[6][48]_i_2_n_0
    SLICE_X53Y86         LUT3 (Prop_lut3_I2_O)        0.152    16.259 r  design_1_i/gemv_q8_0_dma_top_0/inst/core/scaled_shifted[6][48]_i_1/O
                         net (fo=1, routed)           0.000    16.259    design_1_i/gemv_q8_0_dma_top_0/inst/core/scaled_shifted[6][48]_i_1_n_0
    SLICE_X53Y86         FDRE                                         r  design_1_i/gemv_q8_0_dma_top_0/inst/core/scaled_shifted_reg[6][48]/D
  -------------------------------------------------------------------    -------------------

                         (clock clk_fpga_0 rise edge)
                                                     12.999    12.999 r  
    PS7_X0Y0             PS7                          0.000    12.999 r  design_1_i/processing_system7_0/inst/PS7_i/FCLKCLK[0]
                         net (fo=1, routed)           1.088    14.087    design_1_i/processing_system7_0/inst/FCLK_CLK_unbuffered[0]
    BUFGCTRL_X0Y19       BUFG (Prop_bufg_I_O)         0.091    14.178 r  design_1_i/processing_system7_0/inst/buffer_fclk_clk_0.FCLK_CLK_0_BUFG_replica_2/O
                         net (fo=5, routed)           0.133    14.311    design_1_i/processing_system7_0/inst/FCLK_CLK0_repN_2
    BUFGCTRL_X0Y18       BUFG (Prop_bufg_I_O)         0.091    14.402 r  design_1_i/processing_system7_0/inst/buffer_fclk_clk_0.FCLK_CLK_0_BUFG_replica_1/O
                         net (fo=18, routed)          0.133    14.535    design_1_i/processing_system7_0/inst/FCLK_CLK0_repN_1
    BUFGCTRL_X0Y17       BUFG (Prop_bufg_I_O)         0.091    14.626 r  design_1_i/processing_system7_0/inst/buffer_fclk_clk_0.FCLK_CLK_0_BUFG_replica/O
                         net (fo=69, routed)          0.133    14.759    design_1_i/processing_system7_0/inst/FCLK_CLK0_repN
    BUFGCTRL_X0Y16       BUFG (Prop_bufg_I_O)         0.091    14.850 r  design_1_i/processing_system7_0/inst/buffer_fclk_clk_0.FCLK_CLK_0_BUFG/O
                         net (fo=18497, routed)       1.461    16.311    design_1_i/gemv_q8_0_dma_top_0/inst/core/S_AXI_ACLK
    SLICE_X53Y86         FDRE                                         r  design_1_i/gemv_q8_0_dma_top_0/inst/core/scaled_shifted_reg[6][48]/C
                         clock pessimism              0.198    16.509    
                         clock uncertainty           -0.198    16.311    
    SLICE_X53Y86         FDRE (Setup_fdre_C_D)        0.075    16.386    design_1_i/gemv_q8_0_dma_top_0/inst/core/scaled_shifted_reg[6][48]
  -------------------------------------------------------------------
                         required time                         16.386    
                         arrival time                         -16.259    
  -------------------------------------------------------------------
                         slack                                  0.127    

Slack (MET) :             0.132ns  (required time - arrival time)
  Source:                 design_1_i/gemv_q8_0_dma_top_0/inst/core/scaled_shifted[1][27]_i_7_psdsp/C
                            (rising edge-triggered cell FDRE clocked by clk_fpga_0  {rise@0.000ns fall@6.499ns period=12.999ns})
  Destination:            design_1_i/gemv_q8_0_dma_top_0/inst/core/scaled_shifted_reg[1][58]/D
                            (rising edge-triggered cell FDRE clocked by clk_fpga_0  {rise@0.000ns fall@6.499ns period=12.999ns})
  Path Group:             clk_fpga_0
  Path Type:              Setup (Max at Slow Process Corner)
  Requirement:            12.999ns  (clk_fpga_0 rise@12.999ns - clk_fpga_0 rise@0.000ns)
  Data Path Delay:        12.564ns  (logic 6.788ns (54.026%)  route 5.776ns (45.974%))
  Logic Levels:           33  (CARRY4=26 LUT2=2 LUT3=1 LUT5=1 LUT6=3)
  Clock Path Skew:        -0.183ns (DCD - SCD + CPR)
    Destination Clock Delay (DCD):    3.454ns = ( 16.453 - 12.999 ) 
    Source Clock Delay      (SCD):    3.821ns
    Clock Pessimism Removal (CPR):    0.184ns
  Clock Uncertainty:      0.198ns  ((TSJ^2 + TIJ^2)^1/2 + DJ) / 2 + PE
    Total System Jitter     (TSJ):    0.071ns
    Total Input Jitter      (TIJ):    0.390ns
    Discrete Jitter          (DJ):    0.000ns
    Phase Error              (PE):    0.000ns

    Location             Delay type                Incr(ns)  Path(ns)    Netlist Resource(s)
  -------------------------------------------------------------------    -------------------
                         (clock clk_fpga_0 rise edge)
                                                      0.000     0.000 r  
    PS7_X0Y0             PS7                          0.000     0.000 r  design_1_i/processing_system7_0/inst/PS7_i/FCLKCLK[0]
                         net (fo=1, routed)           1.193     1.193    design_1_i/processing_system7_0/inst/FCLK_CLK_unbuffered[0]
    BUFGCTRL_X0Y19       BUFG (Prop_bufg_I_O)         0.101     1.294 r  design_1_i/processing_system7_0/inst/buffer_fclk_clk_0.FCLK_CLK_0_BUFG_replica_2/O
                         net (fo=5, routed)           0.146     1.440    design_1_i/processing_system7_0/inst/FCLK_CLK0_repN_2
    BUFGCTRL_X0Y18       BUFG (Prop_bufg_I_O)         0.101     1.541 r  design_1_i/processing_system7_0/inst/buffer_fclk_clk_0.FCLK_CLK_0_BUFG_replica_1/O
                         net (fo=18, routed)          0.146     1.687    design_1_i/processing_system7_0/inst/FCLK_CLK0_repN_1
    BUFGCTRL_X0Y17       BUFG (Prop_bufg_I_O)         0.101     1.788 r  design_1_i/processing_system7_0/inst/buffer_fclk_clk_0.FCLK_CLK_0_BUFG_replica/O
                         net (fo=69, routed)          0.146     1.934    design_1_i/processing_system7_0/inst/FCLK_CLK0_repN
    BUFGCTRL_X0Y16       BUFG (Prop_bufg_I_O)         0.101     2.035 r  design_1_i/processing_system7_0/inst/buffer_fclk_clk_0.FCLK_CLK_0_BUFG/O
                         net (fo=18497, routed)       1.786     3.821    design_1_i/gemv_q8_0_dma_top_0/inst/core/S_AXI_ACLK
    SLICE_X91Y28         FDRE                                         r  design_1_i/gemv_q8_0_dma_top_0/inst/core/scaled_shifted[1][27]_i_7_psdsp/C
  -------------------------------------------------------------------    -------------------
    SLICE_X91Y28         FDRE (Prop_fdre_C_Q)         0.456     4.277 r  design_1_i/gemv_q8_0_dma_top_0/inst/core/scaled_shifted[1][27]_i_7_psdsp/Q
                         net (fo=2, routed)           0.663     4.940    design_1_i/gemv_q8_0_dma_top_0/inst/core/scaled_product_reg[1]__0_n_98
    SLICE_X93Y29         LUT2 (Prop_lut2_I0_O)        0.124     5.064 r  design_1_i/gemv_q8_0_dma_top_0/inst/core/scaled_shifted[1][27]_i_7/O
                         net (fo=1, routed)           0.000     5.064    design_1_i/gemv_q8_0_dma_top_0/inst/core/scaled_shifted[1][27]_i_7_n_0
    SLICE_X93Y29         CARRY4 (Prop_carry4_S[0]_CO[3])
                                                      0.532     5.596 r  design_1_i/gemv_q8_0_dma_top_0/inst/core/scaled_shifted_reg[1][27]_i_2/CO[3]
                         net (fo=1, routed)           0.000     5.596    design_1_i/gemv_q8_0_dma_top_0/inst/core/scaled_shifted_reg[1][27]_i_2_n_0
    SLICE_X93Y30         CARRY4 (Prop_carry4_CI_CO[3])
                                                      0.114     5.710 r  design_1_i/gemv_q8_0_dma_top_0/inst/core/scaled_shifted_reg[1][31]_i_2/CO[3]
                         net (fo=1, routed)           0.000     5.710    design_1_i/gemv_q8_0_dma_top_0/inst/core/scaled_shifted_reg[1][31]_i_2_n_0
    SLICE_X93Y31         CARRY4 (Prop_carry4_CI_CO[3])
                                                      0.114     5.824 r  design_1_i/gemv_q8_0_dma_top_0/inst/core/scaled_shifted_reg[1][35]_i_2/CO[3]
                         net (fo=1, routed)           0.000     5.824    design_1_i/gemv_q8_0_dma_top_0/inst/core/scaled_shifted_reg[1][35]_i_2_n_0
    SLICE_X93Y32         CARRY4 (Prop_carry4_CI_O[1])
                                                      0.334     6.158 r  design_1_i/gemv_q8_0_dma_top_0/inst/core/scaled_shifted_reg[1][39]_i_2/O[1]
                         net (fo=4, routed)           1.334     7.492    design_1_i/gemv_q8_0_dma_top_0/inst/core/scaled_product_reg[1]__1[37]
    SLICE_X90Y58         LUT2 (Prop_lut2_I0_O)        0.303     7.795 r  design_1_i/gemv_q8_0_dma_top_0/inst/core/scaled_shifted[1][0]_i_82/O
                         net (fo=1, routed)           0.000     7.795    design_1_i/gemv_q8_0_dma_top_0/inst/core/scaled_shifted[1][0]_i_82_n_0
    SLICE_X90Y58         CARRY4 (Prop_carry4_S[1]_CO[3])
                                                      0.533     8.328 r  design_1_i/gemv_q8_0_dma_top_0/inst/core/scaled_shifted_reg[1][0]_i_31/CO[3]
                         net (fo=1, routed)           0.000     8.328    design_1_i/gemv_q8_0_dma_top_0/inst/core/scaled_shifted_reg[1][0]_i_31_n_0
    SLICE_X90Y59         CARRY4 (Prop_carry4_CI_CO[3])
                                                      0.117     8.445 r  design_1_i/gemv_q8_0_dma_top_0/inst/core/scaled_shifted_reg[1][0]_i_34/CO[3]
                         net (fo=1, routed)           0.000     8.445    design_1_i/gemv_q8_0_dma_top_0/inst/core/scaled_shifted_reg[1][0]_i_34_n_0
    SLICE_X90Y60         CARRY4 (Prop_carry4_CI_CO[3])
                                                      0.117     8.562 r  design_1_i/gemv_q8_0_dma_top_0/inst/core/scaled_shifted_reg[1][0]_i_27/CO[3]
                         net (fo=1, routed)           0.000     8.562    design_1_i/gemv_q8_0_dma_top_0/inst/core/scaled_shifted_reg[1][0]_i_27_n_0
    SLICE_X90Y61         CARRY4 (Prop_carry4_CI_CO[3])
                                                      0.117     8.679 r  design_1_i/gemv_q8_0_dma_top_0/inst/core/scaled_shifted_reg[1][0]_i_36/CO[3]
                         net (fo=1, routed)           0.000     8.679    design_1_i/gemv_q8_0_dma_top_0/inst/core/scaled_shifted_reg[1][0]_i_36_n_0
    SLICE_X90Y62         CARRY4 (Prop_carry4_CI_CO[3])
                                                      0.117     8.796 r  design_1_i/gemv_q8_0_dma_top_0/inst/core/scaled_shifted_reg[1][0]_i_29/CO[3]
                         net (fo=1, routed)           0.000     8.796    design_1_i/gemv_q8_0_dma_top_0/inst/core/scaled_shifted_reg[1][0]_i_29_n_0
    SLICE_X90Y63         CARRY4 (Prop_carry4_CI_CO[3])
                                                      0.117     8.913 r  design_1_i/gemv_q8_0_dma_top_0/inst/core/scaled_shifted_reg[1][63]_i_40/CO[3]
                         net (fo=1, routed)           0.000     8.913    design_1_i/gemv_q8_0_dma_top_0/inst/core/scaled_shifted_reg[1][63]_i_40_n_0
    SLICE_X90Y64         CARRY4 (Prop_carry4_CI_O[3])
                                                      0.315     9.228 f  design_1_i/gemv_q8_0_dma_top_0/inst/core/scaled_shifted_reg[1][63]_i_28/O[3]
                         net (fo=64, routed)          0.865    10.093    design_1_i/gemv_q8_0_dma_top_0/inst/core/scaled_shifted_reg[1][63]_i_28_n_4
    SLICE_X92Y58         LUT6 (Prop_lut6_I0_O)        0.307    10.400 f  design_1_i/gemv_q8_0_dma_top_0/inst/core/scaled_shifted[1][0]_i_10/O
                         net (fo=4, routed)           0.320    10.720    design_1_i/gemv_q8_0_dma_top_0/inst/core/scaled_shifted[1][0]_i_10_n_0
    SLICE_X92Y57         LUT6 (Prop_lut6_I0_O)        0.124    10.844 f  design_1_i/gemv_q8_0_dma_top_0/inst/core/scaled_shifted[1][0]_i_5/O
                         net (fo=4, routed)           1.053    11.897    design_1_i/gemv_q8_0_dma_top_0/inst/core/scaled_shifted[1][0]_i_5_n_0
    SLICE_X91Y68         LUT6 (Prop_lut6_I0_O)        0.124    12.021 r  design_1_i/gemv_q8_0_dma_top_0/inst/core/scaled_shifted[1][0]_i_3/O
                         net (fo=2, routed)           0.627    12.647    design_1_i/gemv_q8_0_dma_top_0/inst/core/scaled_shifted[1][4]_i_5_n_0
    SLICE_X91Y73         CARRY4 (Prop_carry4_CYINIT_CO[3])
                                                      0.580    13.227 r  design_1_i/gemv_q8_0_dma_top_0/inst/core/scaled_shifted_reg[1][4]_i_3/CO[3]
                         net (fo=1, routed)           0.000    13.227    design_1_i/gemv_q8_0_dma_top_0/inst/core/scaled_shifted_reg[1][4]_i_3_n_0
    SLICE_X91Y74         CARRY4 (Prop_carry4_CI_CO[3])
                                                      0.114    13.341 r  design_1_i/gemv_q8_0_dma_top_0/inst/core/scaled_shifted_reg[1][8]_i_3/CO[3]
                         net (fo=1, routed)           0.009    13.350    design_1_i/gemv_q8_0_dma_top_0/inst/core/scaled_shifted_reg[1][8]_i_3_n_0
    SLICE_X91Y75         CARRY4 (Prop_carry4_CI_CO[3])
                                                      0.114    13.464 r  design_1_i/gemv_q8_0_dma_top_0/inst/core/scaled_shifted_reg[1][12]_i_3/CO[3]
                         net (fo=1, routed)           0.000    13.464    design_1_i/gemv_q8_0_dma_top_0/inst/core/scaled_shifted_reg[1][12]_i_3_n_0
    SLICE_X91Y76         CARRY4 (Prop_carry4_CI_CO[3])
                                                      0.114    13.578 r  design_1_i/gemv_q8_0_dma_top_0/inst/core/scaled_shifted_reg[1][16]_i_3/CO[3]
                         net (fo=1, routed)           0.000    13.578    design_1_i/gemv_q8_0_dma_top_0/inst/core/scaled_shifted_reg[1][16]_i_3_n_0
    SLICE_X91Y77         CARRY4 (Prop_carry4_CI_CO[3])
                                                      0.114    13.692 r  design_1_i/gemv_q8_0_dma_top_0/inst/core/scaled_shifted_reg[1][20]_i_3/CO[3]
                         net (fo=1, routed)           0.000    13.692    design_1_i/gemv_q8_0_dma_top_0/inst/core/scaled_shifted_reg[1][20]_i_3_n_0
    SLICE_X91Y78         CARRY4 (Prop_carry4_CI_CO[3])
                                                      0.114    13.806 r  design_1_i/gemv_q8_0_dma_top_0/inst/core/scaled_shifted_reg[1][24]_i_3/CO[3]
                         net (fo=1, routed)           0.000    13.806    design_1_i/gemv_q8_0_dma_top_0/inst/core/scaled_shifted_reg[1][24]_i_3_n_0
    SLICE_X91Y79         CARRY4 (Prop_carry4_CI_CO[3])
                                                      0.114    13.920 r  design_1_i/gemv_q8_0_dma_top_0/inst/core/scaled_shifted_reg[1][28]_i_3/CO[3]
                         net (fo=1, routed)           0.000    13.920    design_1_i/gemv_q8_0_dma_top_0/inst/core/scaled_shifted_reg[1][28]_i_3_n_0
    SLICE_X91Y80         CARRY4 (Prop_carry4_CI_CO[3])
                                                      0.114    14.034 r  design_1_i/gemv_q8_0_dma_top_0/inst/core/scaled_shifted_reg[1][32]_i_3/CO[3]
                         net (fo=1, routed)           0.000    14.034    design_1_i/gemv_q8_0_dma_top_0/inst/core/scaled_shifted_reg[1][32]_i_3_n_0
    SLICE_X91Y81         CARRY4 (Prop_carry4_CI_CO[3])
                                                      0.114    14.148 r  design_1_i/gemv_q8_0_dma_top_0/inst/core/scaled_shifted_reg[1][36]_i_3/CO[3]
                         net (fo=1, routed)           0.000    14.148    design_1_i/gemv_q8_0_dma_top_0/inst/core/scaled_shifted_reg[1][36]_i_3_n_0
    SLICE_X91Y82         CARRY4 (Prop_carry4_CI_CO[3])
                                                      0.114    14.262 r  design_1_i/gemv_q8_0_dma_top_0/inst/core/scaled_shifted_reg[1][40]_i_3/CO[3]
                         net (fo=1, routed)           0.000    14.262    design_1_i/gemv_q8_0_dma_top_0/inst/core/scaled_shifted_reg[1][40]_i_3_n_0
    SLICE_X91Y83         CARRY4 (Prop_carry4_CI_CO[3])
                                                      0.114    14.376 r  design_1_i/gemv_q8_0_dma_top_0/inst/core/scaled_shifted_reg[1][44]_i_3/CO[3]
                         net (fo=1, routed)           0.000    14.376    design_1_i/gemv_q8_0_dma_top_0/inst/core/scaled_shifted_reg[1][44]_i_3_n_0
    SLICE_X91Y84         CARRY4 (Prop_carry4_CI_CO[3])
                                                      0.114    14.490 r  design_1_i/gemv_q8_0_dma_top_0/inst/core/scaled_shifted_reg[1][46]_i_3/CO[3]
                         net (fo=1, routed)           0.000    14.490    design_1_i/gemv_q8_0_dma_top_0/inst/core/scaled_shifted_reg[1][46]_i_3_n_0
    SLICE_X91Y85         CARRY4 (Prop_carry4_CI_CO[3])
                                                      0.114    14.604 r  design_1_i/gemv_q8_0_dma_top_0/inst/core/scaled_shifted_reg[1][52]_i_4/CO[3]
                         net (fo=1, routed)           0.000    14.604    design_1_i/gemv_q8_0_dma_top_0/inst/core/scaled_shifted_reg[1][52]_i_4_n_0
    SLICE_X91Y86         CARRY4 (Prop_carry4_CI_CO[3])
                                                      0.114    14.718 r  design_1_i/gemv_q8_0_dma_top_0/inst/core/scaled_shifted_reg[1][60]_i_5/CO[3]
                         net (fo=1, routed)           0.000    14.718    design_1_i/gemv_q8_0_dma_top_0/inst/core/scaled_shifted_reg[1][60]_i_5_n_0
    SLICE_X91Y87         CARRY4 (Prop_carry4_CI_O[1])
                                                      0.334    15.052 r  design_1_i/gemv_q8_0_dma_top_0/inst/core/scaled_shifted_reg[1][60]_i_3/O[1]
                         net (fo=1, routed)           0.316    15.368    design_1_i/gemv_q8_0_dma_top_0/inst/core/p_1_in[58]
    SLICE_X90Y88         LUT5 (Prop_lut5_I3_O)        0.303    15.671 r  design_1_i/gemv_q8_0_dma_top_0/inst/core/scaled_shifted[1][58]_i_2/O
                         net (fo=1, routed)           0.590    16.261    design_1_i/gemv_q8_0_dma_top_0/inst/core/scaled_shifted[1][58]_i_2_n_0
    SLICE_X90Y89         LUT3 (Prop_lut3_I2_O)        0.124    16.385 r  design_1_i/gemv_q8_0_dma_top_0/inst/core/scaled_shifted[1][58]_i_1/O
                         net (fo=1, routed)           0.000    16.385    design_1_i/gemv_q8_0_dma_top_0/inst/core/scaled_shifted[1][58]_i_1_n_0
    SLICE_X90Y89         FDRE                                         r  design_1_i/gemv_q8_0_dma_top_0/inst/core/scaled_shifted_reg[1][58]/D
  -------------------------------------------------------------------    -------------------

                         (clock clk_fpga_0 rise edge)
                                                     12.999    12.999 r  
    PS7_X0Y0             PS7                          0.000    12.999 r  design_1_i/processing_system7_0/inst/PS7_i/FCLKCLK[0]
                         net (fo=1, routed)           1.088    14.087    design_1_i/processing_system7_0/inst/FCLK_CLK_unbuffered[0]
    BUFGCTRL_X0Y19       BUFG (Prop_bufg_I_O)         0.091    14.178 r  design_1_i/processing_system7_0/inst/buffer_fclk_clk_0.FCLK_CLK_0_BUFG_replica_2/O
                         net (fo=5, routed)           0.133    14.311    design_1_i/processing_system7_0/inst/FCLK_CLK0_repN_2
    BUFGCTRL_X0Y18       BUFG (Prop_bufg_I_O)         0.091    14.402 r  design_1_i/processing_system7_0/inst/buffer_fclk_clk_0.FCLK_CLK_0_BUFG_replica_1/O
                         net (fo=18, routed)          0.133    14.535    design_1_i/processing_system7_0/inst/FCLK_CLK0_repN_1
    BUFGCTRL_X0Y17       BUFG (Prop_bufg_I_O)         0.091    14.626 r  design_1_i/processing_system7_0/inst/buffer_fclk_clk_0.FCLK_CLK_0_BUFG_replica/O
                         net (fo=69, routed)          0.133    14.759    design_1_i/processing_system7_0/inst/FCLK_CLK0_repN
    BUFGCTRL_X0Y16       BUFG (Prop_bufg_I_O)         0.091    14.850 r  design_1_i/processing_system7_0/inst/buffer_fclk_clk_0.FCLK_CLK_0_BUFG/O
                         net (fo=18497, routed)       1.603    16.453    design_1_i/gemv_q8_0_dma_top_0/inst/core/S_AXI_ACLK
    SLICE_X90Y89         FDRE                                         r  design_1_i/gemv_q8_0_dma_top_0/inst/core/scaled_shifted_reg[1][58]/C
                         clock pessimism              0.184    16.637    
                         clock uncertainty           -0.198    16.439    
    SLICE_X90Y89         FDRE (Setup_fdre_C_D)        0.079    16.518    design_1_i/gemv_q8_0_dma_top_0/inst/core/scaled_shifted_reg[1][58]
  -------------------------------------------------------------------
                         required time                         16.518    
                         arrival time                         -16.385    
  -------------------------------------------------------------------
                         slack                                  0.132    

Slack (MET) :             0.133ns  (required time - arrival time)
  Source:                 <hidden>
                            (rising edge-triggered cell RAMB36E1 clocked by clk_fpga_0  {rise@0.000ns fall@6.499ns period=12.999ns})
  Destination:            design_1_i/gemv_q8_0_dma_top_0/inst/core/block_acc[4][10]_i_1_psdsp/D
                            (rising edge-triggered cell FDRE clocked by clk_fpga_0  {rise@0.000ns fall@6.499ns period=12.999ns})
  Path Group:             clk_fpga_0
  Path Type:              Setup (Max at Slow Process Corner)
  Requirement:            12.999ns  (clk_fpga_0 rise@12.999ns - clk_fpga_0 rise@0.000ns)
  Data Path Delay:        12.364ns  (logic 6.543ns (52.918%)  route 5.821ns (47.082%))
  Logic Levels:           3  (DSP48E1=1 LUT2=1 LUT3=1)
  Clock Path Skew:        -0.241ns (DCD - SCD + CPR)
    Destination Clock Delay (DCD):    3.453ns = ( 16.452 - 12.999 ) 
    Source Clock Delay      (SCD):    3.877ns
    Clock Pessimism Removal (CPR):    0.184ns
  Clock Uncertainty:      0.198ns  ((TSJ^2 + TIJ^2)^1/2 + DJ) / 2 + PE
    Total System Jitter     (TSJ):    0.071ns
    Total Input Jitter      (TIJ):    0.390ns
    Discrete Jitter          (DJ):    0.000ns
    Phase Error              (PE):    0.000ns

    Location             Delay type                Incr(ns)  Path(ns)    Netlist Resource(s)
  -------------------------------------------------------------------    -------------------
                         (clock clk_fpga_0 rise edge)
                                                      0.000     0.000 r  
    PS7_X0Y0             PS7                          0.000     0.000 r  design_1_i/processing_system7_0/inst/PS7_i/FCLKCLK[0]
                         net (fo=1, routed)           1.193     1.193    design_1_i/processing_system7_0/inst/FCLK_CLK_unbuffered[0]
    BUFGCTRL_X0Y19       BUFG (Prop_bufg_I_O)         0.101     1.294 r  design_1_i/processing_system7_0/inst/buffer_fclk_clk_0.FCLK_CLK_0_BUFG_replica_2/O
                         net (fo=5, routed)           0.146     1.440    design_1_i/processing_system7_0/inst/FCLK_CLK0_repN_2
    BUFGCTRL_X0Y18       BUFG (Prop_bufg_I_O)         0.101     1.541 r  design_1_i/processing_system7_0/inst/buffer_fclk_clk_0.FCLK_CLK_0_BUFG_replica_1/O
                         net (fo=18, routed)          0.146     1.687    design_1_i/processing_system7_0/inst/FCLK_CLK0_repN_1
    BUFGCTRL_X0Y17       BUFG (Prop_bufg_I_O)         0.101     1.788 r  design_1_i/processing_system7_0/inst/buffer_fclk_clk_0.FCLK_CLK_0_BUFG_replica/O
                         net (fo=69, routed)          0.146     1.934    design_1_i/processing_system7_0/inst/FCLK_CLK0_repN
    BUFGCTRL_X0Y16       BUFG (Prop_bufg_I_O)         0.101     2.035 r  design_1_i/processing_system7_0/inst/buffer_fclk_clk_0.FCLK_CLK_0_BUFG/O
                         net (fo=18497, routed)       1.842     3.877    <hidden>
    RAMB36_X4Y9          RAMB36E1                                     r  <hidden>
  -------------------------------------------------------------------    -------------------
    RAMB36_X4Y9          RAMB36E1 (Prop_ramb36e1_CLKBWRCLK_DOBDO[1])
                                                      2.454     6.331 r  <hidden>
                         net (fo=1, routed)           1.705     8.036    design_1_i/gemv_q8_0_dma_top_0/inst/core/INPUT_BRAM_DOUT[15]
    SLICE_X39Y43         LUT3 (Prop_lut3_I2_O)        0.124     8.160 r  design_1_i/gemv_q8_0_dma_top_0/inst/core/p_0_out_i_1/O
                         net (fo=60, routed)          0.930     9.090    design_1_i/gemv_q8_0_dma_top_0/inst/core/core_input_rd_data[15]
    DSP48_X2Y19          DSP48E1 (Prop_dsp48e1_A[16]_P[10])
                                                      3.841    12.931 r  design_1_i/gemv_q8_0_dma_top_0/inst/core/p_0_out__2/P[10]
                         net (fo=13, routed)          1.594    14.525    design_1_i/gemv_q8_0_dma_top_0/inst/core/p_0_out__2_n_95
    SLICE_X75Y47         LUT2 (Prop_lut2_I0_O)        0.124    14.649 r  design_1_i/gemv_q8_0_dma_top_0/inst/core/block_acc[4][10]_i_1/O
                         net (fo=12, routed)          1.593    16.242    design_1_i/gemv_q8_0_dma_top_0/inst/core/block_acc[4][10]_i_1_n_0
    SLICE_X90Y61         FDRE                                         r  design_1_i/gemv_q8_0_dma_top_0/inst/core/block_acc[4][10]_i_1_psdsp/D
  -------------------------------------------------------------------    -------------------

                         (clock clk_fpga_0 rise edge)
                                                     12.999    12.999 r  
    PS7_X0Y0             PS7                          0.000    12.999 r  design_1_i/processing_system7_0/inst/PS7_i/FCLKCLK[0]
                         net (fo=1, routed)           1.088    14.087    design_1_i/processing_system7_0/inst/FCLK_CLK_unbuffered[0]
    BUFGCTRL_X0Y19       BUFG (Prop_bufg_I_O)         0.091    14.178 r  design_1_i/processing_system7_0/inst/buffer_fclk_clk_0.FCLK_CLK_0_BUFG_replica_2/O
                         net (fo=5, routed)           0.133    14.311    design_1_i/processing_system7_0/inst/FCLK_CLK0_repN_2
    BUFGCTRL_X0Y18       BUFG (Prop_bufg_I_O)         0.091    14.402 r  design_1_i/processing_system7_0/inst/buffer_fclk_clk_0.FCLK_CLK_0_BUFG_replica_1/O
                         net (fo=18, routed)          0.133    14.535    design_1_i/processing_system7_0/inst/FCLK_CLK0_repN_1
    BUFGCTRL_X0Y17       BUFG (Prop_bufg_I_O)         0.091    14.626 r  design_1_i/processing_system7_0/inst/buffer_fclk_clk_0.FCLK_CLK_0_BUFG_replica/O
                         net (fo=69, routed)          0.133    14.759    design_1_i/processing_system7_0/inst/FCLK_CLK0_repN
    BUFGCTRL_X0Y16       BUFG (Prop_bufg_I_O)         0.091    14.850 r  design_1_i/processing_system7_0/inst/buffer_fclk_clk_0.FCLK_CLK_0_BUFG/O
                         net (fo=18497, routed)       1.602    16.452    design_1_i/gemv_q8_0_dma_top_0/inst/core/S_AXI_ACLK
    SLICE_X90Y61         FDRE                                         r  design_1_i/gemv_q8_0_dma_top_0/inst/core/block_acc[4][10]_i_1_psdsp/C
                         clock pessimism              0.184    16.636    
                         clock uncertainty           -0.198    16.438    
    SLICE_X90Y61         FDRE (Setup_fdre_C_D)       -0.063    16.375    design_1_i/gemv_q8_0_dma_top_0/inst/core/block_acc[4][10]_i_1_psdsp
  -------------------------------------------------------------------
                         required time                         16.375    
                         arrival time                         -16.242    
  -------------------------------------------------------------------
                         slack                                  0.133    

Slack (MET) :             0.135ns  (required time - arrival time)
  Source:                 <hidden>
                            (rising edge-triggered cell RAMB36E1 clocked by clk_fpga_0  {rise@0.000ns fall@6.499ns period=12.999ns})
  Destination:            design_1_i/gemv_q8_0_dma_top_0/inst/core/mul_i32_i32_to_i64_return__7__0/B[14]
                            (rising edge-triggered cell DSP48E1 clocked by clk_fpga_0  {rise@0.000ns fall@6.499ns period=12.999ns})
  Path Group:             clk_fpga_0
  Path Type:              Setup (Max at Slow Process Corner)
  Requirement:            12.999ns  (clk_fpga_0 rise@12.999ns - clk_fpga_0 rise@0.000ns)
  Data Path Delay:        12.141ns  (logic 6.543ns (53.892%)  route 5.598ns (46.108%))
  Logic Levels:           3  (DSP48E1=1 LUT3=1 LUT4=1)
  Clock Path Skew:        -0.075ns (DCD - SCD + CPR)
    Destination Clock Delay (DCD):    3.522ns = ( 16.521 - 12.999 ) 
    Source Clock Delay      (SCD):    3.780ns
    Clock Pessimism Removal (CPR):    0.184ns
  Clock Uncertainty:      0.198ns  ((TSJ^2 + TIJ^2)^1/2 + DJ) / 2 + PE
    Total System Jitter     (TSJ):    0.071ns
    Total Input Jitter      (TIJ):    0.390ns
    Discrete Jitter          (DJ):    0.000ns
    Phase Error              (PE):    0.000ns

    Location             Delay type                Incr(ns)  Path(ns)    Netlist Resource(s)
  -------------------------------------------------------------------    -------------------
                         (clock clk_fpga_0 rise edge)
                                                      0.000     0.000 r  
    PS7_X0Y0             PS7                          0.000     0.000 r  design_1_i/processing_system7_0/inst/PS7_i/FCLKCLK[0]
                         net (fo=1, routed)           1.193     1.193    design_1_i/processing_system7_0/inst/FCLK_CLK_unbuffered[0]
    BUFGCTRL_X0Y19       BUFG (Prop_bufg_I_O)         0.101     1.294 r  design_1_i/processing_system7_0/inst/buffer_fclk_clk_0.FCLK_CLK_0_BUFG_replica_2/O
                         net (fo=5, routed)           0.146     1.440    design_1_i/processing_system7_0/inst/FCLK_CLK0_repN_2
    BUFGCTRL_X0Y18       BUFG (Prop_bufg_I_O)         0.101     1.541 r  design_1_i/processing_system7_0/inst/buffer_fclk_clk_0.FCLK_CLK_0_BUFG_replica_1/O
                         net (fo=18, routed)          0.146     1.687    design_1_i/processing_system7_0/inst/FCLK_CLK0_repN_1
    BUFGCTRL_X0Y17       BUFG (Prop_bufg_I_O)         0.101     1.788 r  design_1_i/processing_system7_0/inst/buffer_fclk_clk_0.FCLK_CLK_0_BUFG_replica/O
                         net (fo=69, routed)          0.146     1.934    design_1_i/processing_system7_0/inst/FCLK_CLK0_repN
    BUFGCTRL_X0Y16       BUFG (Prop_bufg_I_O)         0.101     2.035 r  design_1_i/processing_system7_0/inst/buffer_fclk_clk_0.FCLK_CLK_0_BUFG/O
                         net (fo=18497, routed)       1.745     3.780    <hidden>
    RAMB36_X3Y13         RAMB36E1                                     r  <hidden>
  -------------------------------------------------------------------    -------------------
    RAMB36_X3Y13         RAMB36E1 (Prop_ramb36e1_CLKBWRCLK_DOBDO[1])
                                                      2.454     6.234 r  <hidden>
                         net (fo=1, routed)           1.166     7.400    design_1_i/gemv_q8_0_dma_top_0/inst/core/INPUT_BRAM_DOUT[5]
    SLICE_X54Y52         LUT3 (Prop_lut3_I2_O)        0.124     7.524 r  design_1_i/gemv_q8_0_dma_top_0/inst/core/p_0_out_i_11/O
                         net (fo=4, routed)           1.819     9.343    design_1_i/gemv_q8_0_dma_top_0/inst/core/core_input_rd_data[5]
    DSP48_X2Y13          DSP48E1 (Prop_dsp48e1_A[5]_P[31])
                                                      3.841    13.184 r  design_1_i/gemv_q8_0_dma_top_0/inst/core/p_0_out__1/P[31]
                         net (fo=4, routed)           1.231    14.416    design_1_i/gemv_q8_0_dma_top_0/inst/core/p_0_out__1_n_74
    SLICE_X31Y42         LUT4 (Prop_lut4_I3_O)        0.124    14.540 r  design_1_i/gemv_q8_0_dma_top_0/inst/core/block_acc[9][31]_i_2/O
                         net (fo=6, routed)           1.382    15.921    design_1_i/gemv_q8_0_dma_top_0/inst/core/block_acc[9][31]_i_2_n_0
    DSP48_X0Y18          DSP48E1                                      r  design_1_i/gemv_q8_0_dma_top_0/inst/core/mul_i32_i32_to_i64_return__7__0/B[14]
  -------------------------------------------------------------------    -------------------

                         (clock clk_fpga_0 rise edge)
                                                     12.999    12.999 r  
    PS7_X0Y0             PS7                          0.000    12.999 r  design_1_i/processing_system7_0/inst/PS7_i/FCLKCLK[0]
                         net (fo=1, routed)           1.088    14.087    design_1_i/processing_system7_0/inst/FCLK_CLK_unbuffered[0]
    BUFGCTRL_X0Y19       BUFG (Prop_bufg_I_O)         0.091    14.178 r  design_1_i/processing_system7_0/inst/buffer_fclk_clk_0.FCLK_CLK_0_BUFG_replica_2/O
                         net (fo=5, routed)           0.133    14.311    design_1_i/processing_system7_0/inst/FCLK_CLK0_repN_2
    BUFGCTRL_X0Y18       BUFG (Prop_bufg_I_O)         0.091    14.402 r  design_1_i/processing_system7_0/inst/buffer_fclk_clk_0.FCLK_CLK_0_BUFG_replica_1/O
                         net (fo=18, routed)          0.133    14.535    design_1_i/processing_system7_0/inst/FCLK_CLK0_repN_1
    BUFGCTRL_X0Y17       BUFG (Prop_bufg_I_O)         0.091    14.626 r  design_1_i/processing_system7_0/inst/buffer_fclk_clk_0.FCLK_CLK_0_BUFG_replica/O
                         net (fo=69, routed)          0.133    14.759    design_1_i/processing_system7_0/inst/FCLK_CLK0_repN
    BUFGCTRL_X0Y16       BUFG (Prop_bufg_I_O)         0.091    14.850 r  design_1_i/processing_system7_0/inst/buffer_fclk_clk_0.FCLK_CLK_0_BUFG/O
                         net (fo=18497, routed)       1.671    16.521    design_1_i/gemv_q8_0_dma_top_0/inst/core/S_AXI_ACLK
    DSP48_X0Y18          DSP48E1                                      r  design_1_i/gemv_q8_0_dma_top_0/inst/core/mul_i32_i32_to_i64_return__7__0/CLK
                         clock pessimism              0.184    16.705    
                         clock uncertainty           -0.198    16.507    
    DSP48_X0Y18          DSP48E1 (Setup_dsp48e1_CLK_B[14])
                                                     -0.450    16.057    design_1_i/gemv_q8_0_dma_top_0/inst/core/mul_i32_i32_to_i64_return__7__0
  -------------------------------------------------------------------
                         required time                         16.057    
                         arrival time                         -15.921    
  -------------------------------------------------------------------
                         slack                                  0.135    

Slack (MET) :             0.135ns  (required time - arrival time)
  Source:                 <hidden>
                            (rising edge-triggered cell RAMB36E1 clocked by clk_fpga_0  {rise@0.000ns fall@6.499ns period=12.999ns})
  Destination:            design_1_i/gemv_q8_0_dma_top_0/inst/core/mul_i32_i32_to_i64_return__7__0/B[15]
                            (rising edge-triggered cell DSP48E1 clocked by clk_fpga_0  {rise@0.000ns fall@6.499ns period=12.999ns})
  Path Group:             clk_fpga_0
  Path Type:              Setup (Max at Slow Process Corner)
  Requirement:            12.999ns  (clk_fpga_0 rise@12.999ns - clk_fpga_0 rise@0.000ns)
  Data Path Delay:        12.141ns  (logic 6.543ns (53.892%)  route 5.598ns (46.108%))
  Logic Levels:           3  (DSP48E1=1 LUT3=1 LUT4=1)
  Clock Path Skew:        -0.075ns (DCD - SCD + CPR)
    Destination Clock Delay (DCD):    3.522ns = ( 16.521 - 12.999 ) 
    Source Clock Delay      (SCD):    3.780ns
    Clock Pessimism Removal (CPR):    0.184ns
  Clock Uncertainty:      0.198ns  ((TSJ^2 + TIJ^2)^1/2 + DJ) / 2 + PE
    Total System Jitter     (TSJ):    0.071ns
    Total Input Jitter      (TIJ):    0.390ns
    Discrete Jitter          (DJ):    0.000ns
    Phase Error              (PE):    0.000ns

    Location             Delay type                Incr(ns)  Path(ns)    Netlist Resource(s)
  -------------------------------------------------------------------    -------------------
                         (clock clk_fpga_0 rise edge)
                                                      0.000     0.000 r  
    PS7_X0Y0             PS7                          0.000     0.000 r  design_1_i/processing_system7_0/inst/PS7_i/FCLKCLK[0]
                         net (fo=1, routed)           1.193     1.193    design_1_i/processing_system7_0/inst/FCLK_CLK_unbuffered[0]
    BUFGCTRL_X0Y19       BUFG (Prop_bufg_I_O)         0.101     1.294 r  design_1_i/processing_system7_0/inst/buffer_fclk_clk_0.FCLK_CLK_0_BUFG_replica_2/O
                         net (fo=5, routed)           0.146     1.440    design_1_i/processing_system7_0/inst/FCLK_CLK0_repN_2
    BUFGCTRL_X0Y18       BUFG (Prop_bufg_I_O)         0.101     1.541 r  design_1_i/processing_system7_0/inst/buffer_fclk_clk_0.FCLK_CLK_0_BUFG_replica_1/O
                         net (fo=18, routed)          0.146     1.687    design_1_i/processing_system7_0/inst/FCLK_CLK0_repN_1
    BUFGCTRL_X0Y17       BUFG (Prop_bufg_I_O)         0.101     1.788 r  design_1_i/processing_system7_0/inst/buffer_fclk_clk_0.FCLK_CLK_0_BUFG_replica/O
                         net (fo=69, routed)          0.146     1.934    design_1_i/processing_system7_0/inst/FCLK_CLK0_repN
    BUFGCTRL_X0Y16       BUFG (Prop_bufg_I_O)         0.101     2.035 r  design_1_i/processing_system7_0/inst/buffer_fclk_clk_0.FCLK_CLK_0_BUFG/O
                         net (fo=18497, routed)       1.745     3.780    <hidden>
    RAMB36_X3Y13         RAMB36E1                                     r  <hidden>
  -------------------------------------------------------------------    -------------------
    RAMB36_X3Y13         RAMB36E1 (Prop_ramb36e1_CLKBWRCLK_DOBDO[1])
                                                      2.454     6.234 r  <hidden>
                         net (fo=1, routed)           1.166     7.400    design_1_i/gemv_q8_0_dma_top_0/inst/core/INPUT_BRAM_DOUT[5]
    SLICE_X54Y52         LUT3 (Prop_lut3_I2_O)        0.124     7.524 r  design_1_i/gemv_q8_0_dma_top_0/inst/core/p_0_out_i_11/O
                         net (fo=4, routed)           1.819     9.343    design_1_i/gemv_q8_0_dma_top_0/inst/core/core_input_rd_data[5]
    DSP48_X2Y13          DSP48E1 (Prop_dsp48e1_A[5]_P[31])
                                                      3.841    13.184 r  design_1_i/gemv_q8_0_dma_top_0/inst/core/p_0_out__1/P[31]
                         net (fo=4, routed)           1.231    14.416    design_1_i/gemv_q8_0_dma_top_0/inst/core/p_0_out__1_n_74
    SLICE_X31Y42         LUT4 (Prop_lut4_I3_O)        0.124    14.540 r  design_1_i/gemv_q8_0_dma_top_0/inst/core/block_acc[9][31]_i_2/O
                         net (fo=6, routed)           1.382    15.921    design_1_i/gemv_q8_0_dma_top_0/inst/core/block_acc[9][31]_i_2_n_0
    DSP48_X0Y18          DSP48E1                                      r  design_1_i/gemv_q8_0_dma_top_0/inst/core/mul_i32_i32_to_i64_return__7__0/B[15]
  -------------------------------------------------------------------    -------------------

                         (clock clk_fpga_0 rise edge)
                                                     12.999    12.999 r  
    PS7_X0Y0             PS7                          0.000    12.999 r  design_1_i/processing_system7_0/inst/PS7_i/FCLKCLK[0]
                         net (fo=1, routed)           1.088    14.087    design_1_i/processing_system7_0/inst/FCLK_CLK_unbuffered[0]
    BUFGCTRL_X0Y19       BUFG (Prop_bufg_I_O)         0.091    14.178 r  design_1_i/processing_system7_0/inst/buffer_fclk_clk_0.FCLK_CLK_0_BUFG_replica_2/O
                         net (fo=5, routed)           0.133    14.311    design_1_i/processing_system7_0/inst/FCLK_CLK0_repN_2
    BUFGCTRL_X0Y18       BUFG (Prop_bufg_I_O)         0.091    14.402 r  design_1_i/processing_system7_0/inst/buffer_fclk_clk_0.FCLK_CLK_0_BUFG_replica_1/O
                         net (fo=18, routed)          0.133    14.535    design_1_i/processing_system7_0/inst/FCLK_CLK0_repN_1
    BUFGCTRL_X0Y17       BUFG (Prop_bufg_I_O)         0.091    14.626 r  design_1_i/processing_system7_0/inst/buffer_fclk_clk_0.FCLK_CLK_0_BUFG_replica/O
                         net (fo=69, routed)          0.133    14.759    design_1_i/processing_system7_0/inst/FCLK_CLK0_repN
    BUFGCTRL_X0Y16       BUFG (Prop_bufg_I_O)         0.091    14.850 r  design_1_i/processing_system7_0/inst/buffer_fclk_clk_0.FCLK_CLK_0_BUFG/O
                         net (fo=18497, routed)       1.671    16.521    design_1_i/gemv_q8_0_dma_top_0/inst/core/S_AXI_ACLK
    DSP48_X0Y18          DSP48E1                                      r  design_1_i/gemv_q8_0_dma_top_0/inst/core/mul_i32_i32_to_i64_return__7__0/CLK
                         clock pessimism              0.184    16.705    
                         clock uncertainty           -0.198    16.507    
    DSP48_X0Y18          DSP48E1 (Setup_dsp48e1_CLK_B[15])
                                                     -0.450    16.057    design_1_i/gemv_q8_0_dma_top_0/inst/core/mul_i32_i32_to_i64_return__7__0
  -------------------------------------------------------------------
                         required time                         16.057    
                         arrival time                         -15.921    
  -------------------------------------------------------------------
                         slack                                  0.135    

Slack (MET) :             0.136ns  (required time - arrival time)
  Source:                 design_1_i/gemv_q8_0_dma_top_0/inst/core/scaled_product_reg[8]__0/CLK
                            (rising edge-triggered cell DSP48E1 clocked by clk_fpga_0  {rise@0.000ns fall@6.499ns period=12.999ns})
  Destination:            design_1_i/gemv_q8_0_dma_top_0/inst/core/scaled_shifted_reg[8][57]/D
                            (rising edge-triggered cell FDRE clocked by clk_fpga_0  {rise@0.000ns fall@6.499ns period=12.999ns})
  Path Group:             clk_fpga_0
  Path Type:              Setup (Max at Slow Process Corner)
  Requirement:            12.999ns  (clk_fpga_0 rise@12.999ns - clk_fpga_0 rise@0.000ns)
  Data Path Delay:        12.637ns  (logic 6.428ns (50.865%)  route 6.209ns (49.135%))
  Logic Levels:           31  (CARRY4=24 LUT2=2 LUT3=1 LUT5=1 LUT6=3)
  Clock Path Skew:        -0.146ns (DCD - SCD + CPR)
    Destination Clock Delay (DCD):    3.459ns = ( 16.458 - 12.999 ) 
    Source Clock Delay      (SCD):    3.903ns
    Clock Pessimism Removal (CPR):    0.298ns
  Clock Uncertainty:      0.198ns  ((TSJ^2 + TIJ^2)^1/2 + DJ) / 2 + PE
    Total System Jitter     (TSJ):    0.071ns
    Total Input Jitter      (TIJ):    0.390ns
    Discrete Jitter          (DJ):    0.000ns
    Phase Error              (PE):    0.000ns

    Location             Delay type                Incr(ns)  Path(ns)    Netlist Resource(s)
  -------------------------------------------------------------------    -------------------
                         (clock clk_fpga_0 rise edge)
                                                      0.000     0.000 r  
    PS7_X0Y0             PS7                          0.000     0.000 r  design_1_i/processing_system7_0/inst/PS7_i/FCLKCLK[0]
                         net (fo=1, routed)           1.193     1.193    design_1_i/processing_system7_0/inst/FCLK_CLK_unbuffered[0]
    BUFGCTRL_X0Y19       BUFG (Prop_bufg_I_O)         0.101     1.294 r  design_1_i/processing_system7_0/inst/buffer_fclk_clk_0.FCLK_CLK_0_BUFG_replica_2/O
                         net (fo=5, routed)           0.146     1.440    design_1_i/processing_system7_0/inst/FCLK_CLK0_repN_2
    BUFGCTRL_X0Y18       BUFG (Prop_bufg_I_O)         0.101     1.541 r  design_1_i/processing_system7_0/inst/buffer_fclk_clk_0.FCLK_CLK_0_BUFG_replica_1/O
                         net (fo=18, routed)          0.146     1.687    design_1_i/processing_system7_0/inst/FCLK_CLK0_repN_1
    BUFGCTRL_X0Y17       BUFG (Prop_bufg_I_O)         0.101     1.788 r  design_1_i/processing_system7_0/inst/buffer_fclk_clk_0.FCLK_CLK_0_BUFG_replica/O
                         net (fo=69, routed)          0.146     1.934    design_1_i/processing_system7_0/inst/FCLK_CLK0_repN
    BUFGCTRL_X0Y16       BUFG (Prop_bufg_I_O)         0.101     2.035 r  design_1_i/processing_system7_0/inst/buffer_fclk_clk_0.FCLK_CLK_0_BUFG/O
                         net (fo=18497, routed)       1.868     3.903    design_1_i/gemv_q8_0_dma_top_0/inst/core/S_AXI_ACLK
    DSP48_X3Y25          DSP48E1                                      r  design_1_i/gemv_q8_0_dma_top_0/inst/core/scaled_product_reg[8]__0/CLK
  -------------------------------------------------------------------    -------------------
    DSP48_X3Y25          DSP48E1 (Prop_dsp48e1_CLK_P[0])
                                                      0.434     4.337 r  design_1_i/gemv_q8_0_dma_top_0/inst/core/scaled_product_reg[8]__0/P[0]
                         net (fo=2, routed)           0.791     5.127    design_1_i/gemv_q8_0_dma_top_0/inst/core/scaled_product_reg[8]__0_n_105
    SLICE_X94Y60         LUT2 (Prop_lut2_I0_O)        0.124     5.251 r  design_1_i/gemv_q8_0_dma_top_0/inst/core/scaled_shifted[8][19]_i_6/O
                         net (fo=1, routed)           0.000     5.251    design_1_i/gemv_q8_0_dma_top_0/inst/core/scaled_shifted[8][19]_i_6_n_0
    SLICE_X94Y60         CARRY4 (Prop_carry4_S[1]_CO[3])
                                                      0.533     5.784 r  design_1_i/gemv_q8_0_dma_top_0/inst/core/scaled_shifted_reg[8][19]_i_2/CO[3]
                         net (fo=1, routed)           0.000     5.784    design_1_i/gemv_q8_0_dma_top_0/inst/core/scaled_shifted_reg[8][19]_i_2_n_0
    SLICE_X94Y61         CARRY4 (Prop_carry4_CI_CO[3])
                                                      0.117     5.901 r  design_1_i/gemv_q8_0_dma_top_0/inst/core/scaled_shifted_reg[8][23]_i_2/CO[3]
                         net (fo=1, routed)           0.000     5.901    design_1_i/gemv_q8_0_dma_top_0/inst/core/scaled_shifted_reg[8][23]_i_2_n_0
    SLICE_X94Y62         CARRY4 (Prop_carry4_CI_CO[3])
                                                      0.117     6.018 r  design_1_i/gemv_q8_0_dma_top_0/inst/core/scaled_shifted_reg[8][27]_i_2/CO[3]
                         net (fo=1, routed)           0.000     6.018    design_1_i/gemv_q8_0_dma_top_0/inst/core/scaled_shifted_reg[8][27]_i_2_n_0
    SLICE_X94Y63         CARRY4 (Prop_carry4_CI_CO[3])
                                                      0.117     6.135 r  design_1_i/gemv_q8_0_dma_top_0/inst/core/scaled_shifted_reg[8][31]_i_2/CO[3]
                         net (fo=1, routed)           0.000     6.135    design_1_i/gemv_q8_0_dma_top_0/inst/core/scaled_shifted_reg[8][31]_i_2_n_0
    SLICE_X94Y64         CARRY4 (Prop_carry4_CI_CO[3])
                                                      0.117     6.252 r  design_1_i/gemv_q8_0_dma_top_0/inst/core/scaled_shifted_reg[8][35]_i_2/CO[3]
                         net (fo=1, routed)           0.000     6.252    design_1_i/gemv_q8_0_dma_top_0/inst/core/scaled_shifted_reg[8][35]_i_2_n_0
    SLICE_X94Y65         CARRY4 (Prop_carry4_CI_CO[3])
                                                      0.117     6.369 r  design_1_i/gemv_q8_0_dma_top_0/inst/core/scaled_shifted_reg[8][39]_i_2/CO[3]
                         net (fo=1, routed)           0.000     6.369    design_1_i/gemv_q8_0_dma_top_0/inst/core/scaled_shifted_reg[8][39]_i_2_n_0
    SLICE_X94Y66         CARRY4 (Prop_carry4_CI_CO[3])
                                                      0.117     6.486 r  design_1_i/gemv_q8_0_dma_top_0/inst/core/scaled_shifted_reg[8][43]_i_2/CO[3]
                         net (fo=1, routed)           0.000     6.486    design_1_i/gemv_q8_0_dma_top_0/inst/core/scaled_shifted_reg[8][43]_i_2_n_0
    SLICE_X94Y67         CARRY4 (Prop_carry4_CI_O[1])
                                                      0.323     6.809 r  design_1_i/gemv_q8_0_dma_top_0/inst/core/scaled_shifted_reg[8][47]_i_2/O[1]
                         net (fo=4, routed)           0.989     7.798    design_1_i/gemv_q8_0_dma_top_0/inst/core/scaled_product_reg[8]__1[45]
    SLICE_X96Y72         LUT2 (Prop_lut2_I0_O)        0.306     8.104 r  design_1_i/gemv_q8_0_dma_top_0/inst/core/scaled_shifted[8][0]_i_46/O
                         net (fo=1, routed)           0.000     8.104    design_1_i/gemv_q8_0_dma_top_0/inst/core/scaled_shifted[8][0]_i_46_n_0
    SLICE_X96Y72         CARRY4 (Prop_carry4_S[1]_CO[3])
                                                      0.533     8.637 r  design_1_i/gemv_q8_0_dma_top_0/inst/core/scaled_shifted_reg[8][0]_i_27/CO[3]
                         net (fo=1, routed)           0.000     8.637    design_1_i/gemv_q8_0_dma_top_0/inst/core/scaled_shifted_reg[8][0]_i_27_n_0
    SLICE_X96Y73         CARRY4 (Prop_carry4_CI_CO[3])
                                                      0.117     8.754 r  design_1_i/gemv_q8_0_dma_top_0/inst/core/scaled_shifted_reg[8][0]_i_36/CO[3]
                         net (fo=1, routed)           0.000     8.754    design_1_i/gemv_q8_0_dma_top_0/inst/core/scaled_shifted_reg[8][0]_i_36_n_0
    SLICE_X96Y74         CARRY4 (Prop_carry4_CI_CO[3])
                                                      0.117     8.871 r  design_1_i/gemv_q8_0_dma_top_0/inst/core/scaled_shifted_reg[8][0]_i_29/CO[3]
                         net (fo=1, routed)           0.009     8.880    design_1_i/gemv_q8_0_dma_top_0/inst/core/scaled_shifted_reg[8][0]_i_29_n_0
    SLICE_X96Y75         CARRY4 (Prop_carry4_CI_CO[3])
                                                      0.117     8.997 r  design_1_i/gemv_q8_0_dma_top_0/inst/core/scaled_shifted_reg[8][63]_i_31/CO[3]
                         net (fo=1, routed)           0.000     8.997    design_1_i/gemv_q8_0_dma_top_0/inst/core/scaled_shifted_reg[8][63]_i_31_n_0
    SLICE_X96Y76         CARRY4 (Prop_carry4_CI_O[3])
                                                      0.315     9.312 f  design_1_i/gemv_q8_0_dma_top_0/inst/core/scaled_shifted_reg[8][63]_i_23/O[3]
                         net (fo=64, routed)          1.164    10.476    design_1_i/gemv_q8_0_dma_top_0/inst/core/p_2_out__0[63]
    SLICE_X101Y66        LUT6 (Prop_lut6_I0_O)        0.307    10.783 f  design_1_i/gemv_q8_0_dma_top_0/inst/core/scaled_shifted[8][20]_i_15/O
                         net (fo=4, routed)           0.893    11.677    design_1_i/gemv_q8_0_dma_top_0/inst/core/scaled_shifted[8][20]_i_15_n_0
    SLICE_X101Y68        LUT6 (Prop_lut6_I5_O)        0.124    11.801 f  design_1_i/gemv_q8_0_dma_top_0/inst/core/scaled_shifted[8][20]_i_11/O
                         net (fo=4, routed)           1.204    13.005    design_1_i/gemv_q8_0_dma_top_0/inst/core/scaled_shifted[8][20]_i_11_n_0
    SLICE_X102Y76        LUT6 (Prop_lut6_I2_O)        0.124    13.129 r  design_1_i/gemv_q8_0_dma_top_0/inst/core/scaled_shifted[8][20]_i_7/O
                         net (fo=1, routed)           0.000    13.129    design_1_i/gemv_q8_0_dma_top_0/inst/core/scaled_shifted[8][20]_i_7_n_0
    SLICE_X102Y76        CARRY4 (Prop_carry4_S[1]_CO[3])
                                                      0.533    13.662 r  design_1_i/gemv_q8_0_dma_top_0/inst/core/scaled_shifted_reg[8][20]_i_3/CO[3]
                         net (fo=1, routed)           0.000    13.662    design_1_i/gemv_q8_0_dma_top_0/inst/core/scaled_shifted_reg[8][20]_i_3_n_0
    SLICE_X102Y77        CARRY4 (Prop_carry4_CI_CO[3])
                                                      0.117    13.779 r  design_1_i/gemv_q8_0_dma_top_0/inst/core/scaled_shifted_reg[8][24]_i_3/CO[3]
                         net (fo=1, routed)           0.000    13.779    design_1_i/gemv_q8_0_dma_top_0/inst/core/scaled_shifted_reg[8][24]_i_3_n_0
    SLICE_X102Y78        CARRY4 (Prop_carry4_CI_CO[3])
                                                      0.117    13.896 r  design_1_i/gemv_q8_0_dma_top_0/inst/core/scaled_shifted_reg[8][28]_i_3/CO[3]
                         net (fo=1, routed)           0.000    13.896    design_1_i/gemv_q8_0_dma_top_0/inst/core/scaled_shifted_reg[8][28]_i_3_n_0
    SLICE_X102Y79        CARRY4 (Prop_carry4_CI_CO[3])
                                                      0.117    14.013 r  design_1_i/gemv_q8_0_dma_top_0/inst/core/scaled_shifted_reg[8][32]_i_3/CO[3]
                         net (fo=1, routed)           0.000    14.013    design_1_i/gemv_q8_0_dma_top_0/inst/core/scaled_shifted_reg[8][32]_i_3_n_0
    SLICE_X102Y80        CARRY4 (Prop_carry4_CI_CO[3])
                                                      0.117    14.130 r  design_1_i/gemv_q8_0_dma_top_0/inst/core/scaled_shifted_reg[8][36]_i_3/CO[3]
                         net (fo=1, routed)           0.000    14.130    design_1_i/gemv_q8_0_dma_top_0/inst/core/scaled_shifted_reg[8][36]_i_3_n_0
    SLICE_X102Y81        CARRY4 (Prop_carry4_CI_CO[3])
                                                      0.117    14.247 r  design_1_i/gemv_q8_0_dma_top_0/inst/core/scaled_shifted_reg[8][40]_i_3/CO[3]
                         net (fo=1, routed)           0.000    14.247    design_1_i/gemv_q8_0_dma_top_0/inst/core/scaled_shifted_reg[8][40]_i_3_n_0
    SLICE_X102Y82        CARRY4 (Prop_carry4_CI_CO[3])
                                                      0.117    14.364 r  design_1_i/gemv_q8_0_dma_top_0/inst/core/scaled_shifted_reg[8][44]_i_3/CO[3]
                         net (fo=1, routed)           0.000    14.364    design_1_i/gemv_q8_0_dma_top_0/inst/core/scaled_shifted_reg[8][44]_i_3_n_0
    SLICE_X102Y83        CARRY4 (Prop_carry4_CI_CO[3])
                                                      0.117    14.481 r  design_1_i/gemv_q8_0_dma_top_0/inst/core/scaled_shifted_reg[8][46]_i_3/CO[3]
                         net (fo=1, routed)           0.000    14.481    design_1_i/gemv_q8_0_dma_top_0/inst/core/scaled_shifted_reg[8][46]_i_3_n_0
    SLICE_X102Y84        CARRY4 (Prop_carry4_CI_CO[3])
                                                      0.117    14.598 r  design_1_i/gemv_q8_0_dma_top_0/inst/core/scaled_shifted_reg[8][52]_i_4/CO[3]
                         net (fo=1, routed)           0.000    14.598    design_1_i/gemv_q8_0_dma_top_0/inst/core/scaled_shifted_reg[8][52]_i_4_n_0
    SLICE_X102Y85        CARRY4 (Prop_carry4_CI_CO[3])
                                                      0.117    14.715 r  design_1_i/gemv_q8_0_dma_top_0/inst/core/scaled_shifted_reg[8][60]_i_5/CO[3]
                         net (fo=1, routed)           0.000    14.715    design_1_i/gemv_q8_0_dma_top_0/inst/core/scaled_shifted_reg[8][60]_i_5_n_0
    SLICE_X102Y86        CARRY4 (Prop_carry4_CI_O[0])
                                                      0.219    14.934 r  design_1_i/gemv_q8_0_dma_top_0/inst/core/scaled_shifted_reg[8][60]_i_3/O[0]
                         net (fo=1, routed)           0.506    15.440    design_1_i/gemv_q8_0_dma_top_0/inst/core/scaled_shifted_reg[8][60]_i_3_n_7
    SLICE_X103Y91        LUT5 (Prop_lut5_I3_O)        0.295    15.735 r  design_1_i/gemv_q8_0_dma_top_0/inst/core/scaled_shifted[8][57]_i_2/O
                         net (fo=1, routed)           0.653    16.388    design_1_i/gemv_q8_0_dma_top_0/inst/core/data1[57]
    SLICE_X102Y91        LUT3 (Prop_lut3_I2_O)        0.152    16.540 r  design_1_i/gemv_q8_0_dma_top_0/inst/core/scaled_shifted[8][57]_i_1/O
                         net (fo=1, routed)           0.000    16.540    design_1_i/gemv_q8_0_dma_top_0/inst/core/scaled_shifted[8][57]_i_1_n_0
    SLICE_X102Y91        FDRE                                         r  design_1_i/gemv_q8_0_dma_top_0/inst/core/scaled_shifted_reg[8][57]/D
  -------------------------------------------------------------------    -------------------

                         (clock clk_fpga_0 rise edge)
                                                     12.999    12.999 r  
    PS7_X0Y0             PS7                          0.000    12.999 r  design_1_i/processing_system7_0/inst/PS7_i/FCLKCLK[0]
                         net (fo=1, routed)           1.088    14.087    design_1_i/processing_system7_0/inst/FCLK_CLK_unbuffered[0]
    BUFGCTRL_X0Y19       BUFG (Prop_bufg_I_O)         0.091    14.178 r  design_1_i/processing_system7_0/inst/buffer_fclk_clk_0.FCLK_CLK_0_BUFG_replica_2/O
                         net (fo=5, routed)           0.133    14.311    design_1_i/processing_system7_0/inst/FCLK_CLK0_repN_2
    BUFGCTRL_X0Y18       BUFG (Prop_bufg_I_O)         0.091    14.402 r  design_1_i/processing_system7_0/inst/buffer_fclk_clk_0.FCLK_CLK_0_BUFG_replica_1/O
                         net (fo=18, routed)          0.133    14.535    design_1_i/processing_system7_0/inst/FCLK_CLK0_repN_1
    BUFGCTRL_X0Y17       BUFG (Prop_bufg_I_O)         0.091    14.626 r  design_1_i/processing_system7_0/inst/buffer_fclk_clk_0.FCLK_CLK_0_BUFG_replica/O
                         net (fo=69, routed)          0.133    14.759    design_1_i/processing_system7_0/inst/FCLK_CLK0_repN
    BUFGCTRL_X0Y16       BUFG (Prop_bufg_I_O)         0.091    14.850 r  design_1_i/processing_system7_0/inst/buffer_fclk_clk_0.FCLK_CLK_0_BUFG/O
                         net (fo=18497, routed)       1.608    16.458    design_1_i/gemv_q8_0_dma_top_0/inst/core/S_AXI_ACLK
    SLICE_X102Y91        FDRE                                         r  design_1_i/gemv_q8_0_dma_top_0/inst/core/scaled_shifted_reg[8][57]/C
                         clock pessimism              0.298    16.756    
                         clock uncertainty           -0.198    16.558    
    SLICE_X102Y91        FDRE (Setup_fdre_C_D)        0.118    16.676    design_1_i/gemv_q8_0_dma_top_0/inst/core/scaled_shifted_reg[8][57]
  -------------------------------------------------------------------
                         required time                         16.676    
                         arrival time                         -16.540    
  -------------------------------------------------------------------
                         slack                                  0.136    





Pulse Width Checks
--------------------------------------------------------------------------------------
Clock Name:         clk_fpga_0
Waveform(ns):       { 0.000 6.499 }
Period(ns):         12.999
Sources:            { design_1_i/processing_system7_0/inst/PS7_i/FCLKCLK[0] }

Check Type        Corner  Lib Pin             Reference Pin  Required(ns)  Actual(ns)  Slack(ns)  Location        Pin
Min Period        n/a     DSP48E1/CLK         n/a            3.884         12.999      9.115      DSP48_X3Y29     design_1_i/gemv_q8_0_dma_top_0/inst/core/scaled_product_reg[12]/CLK
Min Period        n/a     DSP48E1/CLK         n/a            3.884         12.999      9.115      DSP48_X3Y23     design_1_i/gemv_q8_0_dma_top_0/inst/core/scaled_product_reg[4]/CLK
Min Period        n/a     DSP48E1/CLK         n/a            3.884         12.999      9.115      DSP48_X3Y27     design_1_i/gemv_q8_0_dma_top_0/inst/core/scaled_product_reg[8]/CLK
Min Period        n/a     DSP48E1/CLK         n/a            3.884         12.999      9.115      DSP48_X3Y25     design_1_i/gemv_q8_0_dma_top_0/inst/core/scaled_product_reg[8]__0/CLK
Min Period        n/a     RAMB36E1/CLKARDCLK  n/a            2.944         12.999      10.055     RAMB36_X3Y7     design_1_i/mm2s_axis_fifo/inst/gen_fifo.xpm_fifo_axis_inst/xpm_fifo_base_inst/gen_sdpram.xpm_memory_base_inst/gen_wr_a.gen_word_narrow.mem_reg_0/CLKARDCLK
Min Period        n/a     RAMB18E1/CLKARDCLK  n/a            2.944         12.999      10.055     RAMB18_X2Y14    design_1_i/mm2s_axis_fifo/inst/gen_fifo.xpm_fifo_axis_inst/xpm_fifo_base_inst/gen_sdpram.xpm_memory_base_inst/gen_wr_a.gen_word_narrow.mem_reg_1/CLKARDCLK
Min Period        n/a     RAMB36E1/CLKARDCLK  n/a            2.944         12.999      10.055     RAMB36_X3Y6     design_1_i/s2mm_axis_fifo/inst/gen_fifo.xpm_fifo_axis_inst/xpm_fifo_base_inst/gen_sdpram.xpm_memory_base_inst/gen_wr_a.gen_word_narrow.mem_reg_0/CLKARDCLK
Min Period        n/a     RAMB18E1/CLKARDCLK  n/a            2.944         12.999      10.055     RAMB18_X3Y8     design_1_i/s2mm_axis_fifo/inst/gen_fifo.xpm_fifo_axis_inst/xpm_fifo_base_inst/gen_sdpram.xpm_memory_base_inst/gen_wr_a.gen_word_narrow.mem_reg_1/CLKARDCLK
Min Period        n/a     RAMB36E1/CLKARDCLK  n/a            2.576         12.999      10.423     RAMB36_X2Y8     design_1_i/axi_dma_0/U0/I_PRMRY_DATAMOVER/GEN_MM2S_FULL.I_MM2S_FULL_WRAPPER/GEN_INCLUDE_MM2S_SF.I_RD_SF/I_DATA_FIFO/BLK_MEM.I_SYNC_FIFOGEN_FIFO/xpm_fifo_instance.xpm_fifo_sync_inst/xpm_fifo_base_inst/gen_sdpram.xpm_memory_base_inst/gen_wr_a.gen_word_narrow.mem_reg/CLKARDCLK
Min Period        n/a     RAMB36E1/CLKBWRCLK  n/a            2.576         12.999      10.423     RAMB36_X2Y8     design_1_i/axi_dma_0/U0/I_PRMRY_DATAMOVER/GEN_MM2S_FULL.I_MM2S_FULL_WRAPPER/GEN_INCLUDE_MM2S_SF.I_RD_SF/I_DATA_FIFO/BLK_MEM.I_SYNC_FIFOGEN_FIFO/xpm_fifo_instance.xpm_fifo_sync_inst/xpm_fifo_base_inst/gen_sdpram.xpm_memory_base_inst/gen_wr_a.gen_word_narrow.mem_reg/CLKBWRCLK
Min Period        n/a     RAMB36E1/CLKARDCLK  n/a            2.576         12.999      10.423     RAMB36_X3Y5     design_1_i/axi_dma_0/U0/I_PRMRY_DATAMOVER/GEN_S2MM_FULL.I_S2MM_FULL_WRAPPER/GEN_ENABLE_INDET_BTT_SF.I_INDET_BTT/I_DATA_FIFO/BLK_MEM.I_SYNC_FIFOGEN_FIFO/xpm_fifo_instance.xpm_fifo_sync_inst/xpm_fifo_base_inst/gen_sdpram.xpm_memory_base_inst/gen_wr_a.gen_word_narrow.mem_reg/CLKARDCLK
Min Period        n/a     RAMB36E1/CLKBWRCLK  n/a            2.576         12.999      10.423     RAMB36_X3Y5     design_1_i/axi_dma_0/U0/I_PRMRY_DATAMOVER/GEN_S2MM_FULL.I_S2MM_FULL_WRAPPER/GEN_ENABLE_INDET_BTT_SF.I_INDET_BTT/I_DATA_FIFO/BLK_MEM.I_SYNC_FIFOGEN_FIFO/xpm_fifo_instance.xpm_fifo_sync_inst/xpm_fifo_base_inst/gen_sdpram.xpm_memory_base_inst/gen_wr_a.gen_word_narrow.mem_reg/CLKBWRCLK
Min Period        n/a     RAMB36E1/CLKARDCLK  n/a            2.576         12.999      10.423     RAMB36_X3Y17    <hidden>
Min Period        n/a     RAMB36E1/CLKBWRCLK  n/a            2.576         12.999      10.423     RAMB36_X3Y17    <hidden>
Min Period        n/a     RAMB36E1/CLKARDCLK  n/a            2.576         12.999      10.423     RAMB36_X3Y11    <hidden>
Min Period        n/a     RAMB36E1/CLKBWRCLK  n/a            2.576         12.999      10.423     RAMB36_X3Y11    <hidden>
Min Period        n/a     RAMB36E1/CLKARDCLK  n/a            2.576         12.999      10.423     RAMB36_X2Y14    <hidden>
Min Period        n/a     RAMB36E1/CLKBWRCLK  n/a            2.576         12.999      10.423     RAMB36_X2Y14    <hidden>
Min Period        n/a     RAMB36E1/CLKARDCLK  n/a            2.576         12.999      10.423     RAMB36_X3Y10    <hidden>
Min Period        n/a     RAMB36E1/CLKBWRCLK  n/a            2.576         12.999      10.423     RAMB36_X3Y10    <hidden>
Min Period        n/a     RAMB36E1/CLKARDCLK  n/a            2.576         12.999      10.423     RAMB36_X3Y14    <hidden>
Min Period        n/a     RAMB36E1/CLKBWRCLK  n/a            2.576         12.999      10.423     RAMB36_X3Y14    <hidden>
Min Period        n/a     RAMB36E1/CLKARDCLK  n/a            2.576         12.999      10.423     RAMB36_X2Y10    <hidden>
Min Period        n/a     RAMB36E1/CLKBWRCLK  n/a            2.576         12.999      10.423     RAMB36_X2Y10    <hidden>
Min Period        n/a     RAMB36E1/CLKARDCLK  n/a            2.576         12.999      10.423     RAMB36_X3Y8     <hidden>
Min Period        n/a     RAMB36E1/CLKBWRCLK  n/a            2.576         12.999      10.423     RAMB36_X3Y8     <hidden>
Min Period        n/a     RAMB36E1/CLKARDCLK  n/a            2.576         12.999      10.423     RAMB36_X2Y13    <hidden>
Min Period        n/a     RAMB36E1/CLKBWRCLK  n/a            2.576         12.999      10.423     RAMB36_X2Y13    <hidden>
Min Period        n/a     RAMB36E1/CLKARDCLK  n/a            2.576         12.999      10.423     RAMB36_X3Y13    <hidden>
Min Period        n/a     RAMB36E1/CLKBWRCLK  n/a            2.576         12.999      10.423     RAMB36_X3Y13    <hidden>
Min Period        n/a     RAMB36E1/CLKARDCLK  n/a            2.576         12.999      10.423     RAMB36_X2Y11    <hidden>
Min Period        n/a     RAMB36E1/CLKBWRCLK  n/a            2.576         12.999      10.423     RAMB36_X2Y11    <hidden>
Min Period        n/a     RAMB36E1/CLKARDCLK  n/a            2.576         12.999      10.423     RAMB36_X3Y9     <hidden>
Min Period        n/a     RAMB36E1/CLKBWRCLK  n/a            2.576         12.999      10.423     RAMB36_X3Y9     <hidden>
Min Period        n/a     RAMB36E1/CLKARDCLK  n/a            2.576         12.999      10.423     RAMB36_X3Y16    <hidden>
Min Period        n/a     RAMB36E1/CLKBWRCLK  n/a            2.576         12.999      10.423     RAMB36_X3Y16    <hidden>
Min Period        n/a     RAMB36E1/CLKARDCLK  n/a            2.576         12.999      10.423     RAMB36_X2Y9     <hidden>
Min Period        n/a     RAMB36E1/CLKBWRCLK  n/a            2.576         12.999      10.423     RAMB36_X2Y9     <hidden>
Min Period        n/a     RAMB36E1/CLKARDCLK  n/a            2.576         12.999      10.423     RAMB36_X4Y9     <hidden>
Min Period        n/a     RAMB36E1/CLKBWRCLK  n/a            2.576         12.999      10.423     RAMB36_X4Y9     <hidden>
Min Period        n/a     RAMB36E1/CLKARDCLK  n/a            2.576         12.999      10.423     RAMB36_X3Y12    <hidden>
Min Period        n/a     RAMB36E1/CLKBWRCLK  n/a            2.576         12.999      10.423     RAMB36_X3Y12    <hidden>
Min Period        n/a     RAMB36E1/CLKARDCLK  n/a            2.576         12.999      10.423     RAMB36_X2Y12    <hidden>
Min Period        n/a     RAMB36E1/CLKBWRCLK  n/a            2.576         12.999      10.423     RAMB36_X2Y12    <hidden>
Min Period        n/a     RAMB36E1/CLKBWRCLK  n/a            2.576         12.999      10.423     RAMB36_X3Y7     design_1_i/mm2s_axis_fifo/inst/gen_fifo.xpm_fifo_axis_inst/xpm_fifo_base_inst/gen_sdpram.xpm_memory_base_inst/gen_wr_a.gen_word_narrow.mem_reg_0/CLKBWRCLK
Min Period        n/a     RAMB18E1/CLKBWRCLK  n/a            2.576         12.999      10.423     RAMB18_X2Y14    design_1_i/mm2s_axis_fifo/inst/gen_fifo.xpm_fifo_axis_inst/xpm_fifo_base_inst/gen_sdpram.xpm_memory_base_inst/gen_wr_a.gen_word_narrow.mem_reg_1/CLKBWRCLK
Min Period        n/a     RAMB36E1/CLKBWRCLK  n/a            2.576         12.999      10.423     RAMB36_X3Y6     design_1_i/s2mm_axis_fifo/inst/gen_fifo.xpm_fifo_axis_inst/xpm_fifo_base_inst/gen_sdpram.xpm_memory_base_inst/gen_wr_a.gen_word_narrow.mem_reg_0/CLKBWRCLK
Min Period        n/a     RAMB18E1/CLKBWRCLK  n/a            2.576         12.999      10.423     RAMB18_X3Y8     design_1_i/s2mm_axis_fifo/inst/gen_fifo.xpm_fifo_axis_inst/xpm_fifo_base_inst/gen_sdpram.xpm_memory_base_inst/gen_wr_a.gen_word_narrow.mem_reg_1/CLKBWRCLK
Min Period        n/a     BUFG/I              n/a            2.155         12.999      10.844     BUFGCTRL_X0Y16  design_1_i/processing_system7_0/inst/buffer_fclk_clk_0.FCLK_CLK_0_BUFG/I
Min Period        n/a     BUFG/I              n/a            2.155         12.999      10.844     BUFGCTRL_X0Y17  design_1_i/processing_system7_0/inst/buffer_fclk_clk_0.FCLK_CLK_0_BUFG_replica/I
Low Pulse Width   Slow    RAMD32/CLK          n/a            1.250         6.499       5.249      SLICE_X62Y110   <hidden>
Low Pulse Width   Fast    RAMD32/CLK          n/a            1.250         6.500       5.250      SLICE_X62Y110   <hidden>
Low Pulse Width   Slow    RAMD32/CLK          n/a            1.250         6.499       5.249      SLICE_X62Y110   <hidden>
Low Pulse Width   Fast    RAMD32/CLK          n/a            1.250         6.500       5.250      SLICE_X62Y110   <hidden>
Low Pulse Width   Slow    RAMD32/CLK          n/a            1.250         6.499       5.249      SLICE_X62Y110   <hidden>
Low Pulse Width   Fast    RAMD32/CLK          n/a            1.250         6.500       5.250      SLICE_X62Y110   <hidden>
Low Pulse Width   Slow    RAMD32/CLK          n/a            1.250         6.499       5.249      SLICE_X62Y110   <hidden>
Low Pulse Width   Fast    RAMD32/CLK          n/a            1.250         6.500       5.250      SLICE_X62Y110   <hidden>
Low Pulse Width   Slow    RAMD32/CLK          n/a            1.250         6.499       5.249      SLICE_X62Y110   <hidden>
Low Pulse Width   Fast    RAMD32/CLK          n/a            1.250         6.500       5.250      SLICE_X62Y110   <hidden>
Low Pulse Width   Slow    RAMD32/CLK          n/a            1.250         6.499       5.249      SLICE_X62Y110   <hidden>
Low Pulse Width   Fast    RAMD32/CLK          n/a            1.250         6.500       5.250      SLICE_X62Y110   <hidden>
Low Pulse Width   Slow    RAMS32/CLK          n/a            1.250         6.499       5.249      SLICE_X62Y110   <hidden>
Low Pulse Width   Fast    RAMS32/CLK          n/a            1.250         6.500       5.250      SLICE_X62Y110   <hidden>
Low Pulse Width   Slow    RAMS32/CLK          n/a            1.250         6.499       5.249      SLICE_X62Y110   <hidden>
Low Pulse Width   Fast    RAMS32/CLK          n/a            1.250         6.500       5.250      SLICE_X62Y110   <hidden>
Low Pulse Width   Slow    RAMD32/CLK          n/a            1.250         6.500       5.249      SLICE_X62Y108   <hidden>
Low Pulse Width   Fast    RAMD32/CLK          n/a            1.250         6.500       5.250      SLICE_X62Y108   <hidden>
Low Pulse Width   Slow    RAMD32/CLK          n/a            1.250         6.500       5.249      SLICE_X62Y108   <hidden>
Low Pulse Width   Fast    RAMD32/CLK          n/a            1.250         6.500       5.250      SLICE_X62Y108   <hidden>
Low Pulse Width   Slow    RAMD32/CLK          n/a            1.250         6.500       5.249      SLICE_X62Y108   <hidden>
Low Pulse Width   Fast    RAMD32/CLK          n/a            1.250         6.500       5.250      SLICE_X62Y108   <hidden>
Low Pulse Width   Slow    RAMD32/CLK          n/a            1.250         6.500       5.249      SLICE_X62Y108   <hidden>
Low Pulse Width   Fast    RAMD32/CLK          n/a            1.250         6.500       5.250      SLICE_X62Y108   <hidden>
Low Pulse Width   Slow    RAMD32/CLK          n/a            1.250         6.500       5.249      SLICE_X62Y108   <hidden>
Low Pulse Width   Fast    RAMD32/CLK          n/a            1.250         6.500       5.250      SLICE_X62Y108   <hidden>
Low Pulse Width   Slow    RAMD32/CLK          n/a            1.250         6.500       5.249      SLICE_X62Y108   <hidden>
Low Pulse Width   Fast    RAMD32/CLK          n/a            1.250         6.500       5.250      SLICE_X62Y108   <hidden>
Low Pulse Width   Slow    RAMS32/CLK          n/a            1.250         6.500       5.249      SLICE_X62Y108   <hidden>
Low Pulse Width   Fast    RAMS32/CLK          n/a            1.250         6.500       5.250      SLICE_X62Y108   <hidden>
Low Pulse Width   Slow    RAMS32/CLK          n/a            1.250         6.500       5.249      SLICE_X62Y108   <hidden>
Low Pulse Width   Fast    RAMS32/CLK          n/a            1.250         6.500       5.250      SLICE_X62Y108   <hidden>
Low Pulse Width   Slow    RAMD32/CLK          n/a            1.250         6.499       5.249      SLICE_X62Y109   <hidden>
Low Pulse Width   Fast    RAMD32/CLK          n/a            1.250         6.500       5.250      SLICE_X62Y109   <hidden>
Low Pulse Width   Slow    RAMD32/CLK          n/a            1.250         6.499       5.249      SLICE_X62Y109   <hidden>
Low Pulse Width   Fast    RAMD32/CLK          n/a            1.250         6.500       5.250      SLICE_X62Y109   <hidden>
Low Pulse Width   Slow    RAMD32/CLK          n/a            1.250         6.499       5.249      SLICE_X62Y109   <hidden>
Low Pulse Width   Fast    RAMD32/CLK          n/a            1.250         6.500       5.250      SLICE_X62Y109   <hidden>
Low Pulse Width   Slow    RAMD32/CLK          n/a            1.250         6.499       5.249      SLICE_X62Y109   <hidden>
Low Pulse Width   Fast    RAMD32/CLK          n/a            1.250         6.500       5.250      SLICE_X62Y109   <hidden>
Low Pulse Width   Slow    RAMD32/CLK          n/a            1.250         6.499       5.249      SLICE_X62Y109   <hidden>
Low Pulse Width   Fast    RAMD32/CLK          n/a            1.250         6.500       5.250      SLICE_X62Y109   <hidden>
Low Pulse Width   Slow    RAMD32/CLK          n/a            1.250         6.499       5.249      SLICE_X62Y109   <hidden>
Low Pulse Width   Fast    RAMD32/CLK          n/a            1.250         6.500       5.250      SLICE_X62Y109   <hidden>
Low Pulse Width   Slow    RAMS32/CLK          n/a            1.250         6.499       5.249      SLICE_X62Y109   <hidden>
Low Pulse Width   Fast    RAMS32/CLK          n/a            1.250         6.500       5.250      SLICE_X62Y109   <hidden>
Low Pulse Width   Slow    RAMS32/CLK          n/a            1.250         6.499       5.249      SLICE_X62Y109   <hidden>
Low Pulse Width   Fast    RAMS32/CLK          n/a            1.250         6.500       5.250      SLICE_X62Y109   <hidden>
Low Pulse Width   Slow    RAMD32/CLK          n/a            1.250         6.500       5.250      SLICE_X58Y108   <hidden>
Low Pulse Width   Fast    RAMD32/CLK          n/a            1.250         6.500       5.250      SLICE_X58Y108   <hidden>
High Pulse Width  Slow    RAMD32/CLK          n/a            1.250         6.499       5.249      SLICE_X62Y110   <hidden>
High Pulse Width  Fast    RAMD32/CLK          n/a            1.250         6.499       5.249      SLICE_X62Y110   <hidden>
High Pulse Width  Slow    RAMD32/CLK          n/a            1.250         6.499       5.249      SLICE_X62Y110   <hidden>
High Pulse Width  Fast    RAMD32/CLK          n/a            1.250         6.499       5.249      SLICE_X62Y110   <hidden>
High Pulse Width  Slow    RAMD32/CLK          n/a            1.250         6.499       5.249      SLICE_X62Y110   <hidden>
High Pulse Width  Fast    RAMD32/CLK          n/a            1.250         6.499       5.249      SLICE_X62Y110   <hidden>
High Pulse Width  Slow    RAMD32/CLK          n/a            1.250         6.499       5.249      SLICE_X62Y110   <hidden>
High Pulse Width  Fast    RAMD32/CLK          n/a            1.250         6.499       5.249      SLICE_X62Y110   <hidden>
High Pulse Width  Slow    RAMD32/CLK          n/a            1.250         6.499       5.249      SLICE_X62Y110   <hidden>
High Pulse Width  Fast    RAMD32/CLK          n/a            1.250         6.499       5.249      SLICE_X62Y110   <hidden>
High Pulse Width  Slow    RAMD32/CLK          n/a            1.250         6.499       5.249      SLICE_X62Y110   <hidden>
High Pulse Width  Fast    RAMD32/CLK          n/a            1.250         6.499       5.249      SLICE_X62Y110   <hidden>
High Pulse Width  Slow    RAMS32/CLK          n/a            1.250         6.499       5.249      SLICE_X62Y110   <hidden>
High Pulse Width  Fast    RAMS32/CLK          n/a            1.250         6.499       5.249      SLICE_X62Y110   <hidden>
High Pulse Width  Slow    RAMS32/CLK          n/a            1.250         6.499       5.249      SLICE_X62Y110   <hidden>
High Pulse Width  Fast    RAMS32/CLK          n/a            1.250         6.499       5.249      SLICE_X62Y110   <hidden>
High Pulse Width  Slow    RAMD32/CLK          n/a            1.250         6.499       5.249      SLICE_X62Y108   <hidden>
High Pulse Width  Fast    RAMD32/CLK          n/a            1.250         6.499       5.249      SLICE_X62Y108   <hidden>
High Pulse Width  Slow    RAMD32/CLK          n/a            1.250         6.499       5.249      SLICE_X62Y108   <hidden>
High Pulse Width  Fast    RAMD32/CLK          n/a            1.250         6.499       5.249      SLICE_X62Y108   <hidden>
High Pulse Width  Slow    RAMD32/CLK          n/a            1.250         6.499       5.249      SLICE_X62Y108   <hidden>
High Pulse Width  Fast    RAMD32/CLK          n/a            1.250         6.499       5.249      SLICE_X62Y108   <hidden>
High Pulse Width  Slow    RAMD32/CLK          n/a            1.250         6.499       5.249      SLICE_X62Y108   <hidden>
High Pulse Width  Fast    RAMD32/CLK          n/a            1.250         6.499       5.249      SLICE_X62Y108   <hidden>
High Pulse Width  Slow    RAMD32/CLK          n/a            1.250         6.499       5.249      SLICE_X62Y108   <hidden>
High Pulse Width  Fast    RAMD32/CLK          n/a            1.250         6.499       5.249      SLICE_X62Y108   <hidden>
High Pulse Width  Slow    RAMD32/CLK          n/a            1.250         6.499       5.249      SLICE_X62Y108   <hidden>
High Pulse Width  Fast    RAMD32/CLK          n/a            1.250         6.499       5.249      SLICE_X62Y108   <hidden>
High Pulse Width  Slow    RAMS32/CLK          n/a            1.250         6.499       5.249      SLICE_X62Y108   <hidden>
High Pulse Width  Fast    RAMS32/CLK          n/a            1.250         6.499       5.249      SLICE_X62Y108   <hidden>
High Pulse Width  Slow    RAMS32/CLK          n/a            1.250         6.499       5.249      SLICE_X62Y108   <hidden>
High Pulse Width  Fast    RAMS32/CLK          n/a            1.250         6.499       5.249      SLICE_X62Y108   <hidden>
High Pulse Width  Slow    RAMD32/CLK          n/a            1.250         6.499       5.249      SLICE_X62Y109   <hidden>
High Pulse Width  Fast    RAMD32/CLK          n/a            1.250         6.499       5.249      SLICE_X62Y109   <hidden>
High Pulse Width  Slow    RAMD32/CLK          n/a            1.250         6.499       5.249      SLICE_X62Y109   <hidden>
High Pulse Width  Fast    RAMD32/CLK          n/a            1.250         6.499       5.249      SLICE_X62Y109   <hidden>
High Pulse Width  Slow    RAMD32/CLK          n/a            1.250         6.499       5.249      SLICE_X62Y109   <hidden>
High Pulse Width  Fast    RAMD32/CLK          n/a            1.250         6.499       5.249      SLICE_X62Y109   <hidden>
High Pulse Width  Slow    RAMD32/CLK          n/a            1.250         6.499       5.249      SLICE_X62Y109   <hidden>
High Pulse Width  Fast    RAMD32/CLK          n/a            1.250         6.499       5.249      SLICE_X62Y109   <hidden>
High Pulse Width  Slow    RAMD32/CLK          n/a            1.250         6.499       5.249      SLICE_X62Y109   <hidden>
High Pulse Width  Fast    RAMD32/CLK          n/a            1.250         6.499       5.249      SLICE_X62Y109   <hidden>
High Pulse Width  Slow    RAMD32/CLK          n/a            1.250         6.499       5.249      SLICE_X62Y109   <hidden>
High Pulse Width  Fast    RAMD32/CLK          n/a            1.250         6.499       5.249      SLICE_X62Y109   <hidden>
High Pulse Width  Slow    RAMS32/CLK          n/a            1.250         6.499       5.249      SLICE_X62Y109   <hidden>
High Pulse Width  Fast    RAMS32/CLK          n/a            1.250         6.499       5.249      SLICE_X62Y109   <hidden>
High Pulse Width  Slow    RAMS32/CLK          n/a            1.250         6.499       5.249      SLICE_X62Y109   <hidden>
High Pulse Width  Fast    RAMS32/CLK          n/a            1.250         6.499       5.249      SLICE_X62Y109   <hidden>
High Pulse Width  Slow    RAMD32/CLK          n/a            1.250         6.499       5.249      SLICE_X58Y108   <hidden>
High Pulse Width  Fast    RAMD32/CLK          n/a            1.250         6.499       5.249      SLICE_X58Y108   <hidden>



