
****** Vivado v2024.2.2 (64-bit)
  **** SW Build 6060944 on Thu Mar 06 19:10:09 MST 2025
  **** IP Build 6050500 on Thu Mar  6 23:33:39 MST 2025
  **** SharedData Build 6060542 on Thu Mar 06 10:31:07 MST 2025
  **** Start of session at: Mon Jun 29 05:40:19 2026
    ** Copyright 1986-2022 Xilinx, Inc. All Rights Reserved.
    ** Copyright 2022-2025 Advanced Micro Devices, Inc. All Rights Reserved.

CRITICAL WARNING: [Common 17-741] No write access right to the local Tcl store at '/home/pjs/.Xilinx/Vivado/2024.2.2/XilinxTclStore'. XilinxTclStore is reverted to the installation area. If you want to use local Tcl Store, please change the access right and relaunch Vivado.
Sourcing tcl script '/home/pjs/.Xilinx/Vivado/Vivado_init.tcl'
source scripts/create_zybo_gemv_hw.tcl
# set script_dir [file normalize [file dirname [info script]]]
# set repo_root [file normalize [file join $script_dir ..]]
# set out_dir [file join $repo_root hw zybo_gemv_bringup]
# set log_dir [file join $repo_root logs]
# file mkdir $log_dir
# set board_repo [file join $repo_root vivado_board_files digilent-vivado-boards new board_files]
# if {[file exists $board_repo]} {
#     set_param board.repoPaths [list $board_repo]
# }
# set board_part "digilentinc.com:zybo-z7-20:part0:1.2"
# set part_name "xc7z020clg400-1"
# set bd_name "design_1"
# set gemv_base 0x43C00000
# set rtl_core [file join $repo_root vivado_ip rtl gemv_q8_0_stream_core.v]
# set rtl_axi [file join $repo_root vivado_ip rtl gemv_q8_0_axi_lite.v]
# foreach required [list $rtl_core $rtl_axi] {
#     if {![file exists $required]} {
#         error "missing RTL file: $required"
#     }
# }
# file delete -force $out_dir
# create_project zybo_gemv_bringup $out_dir -part $part_name
# set_property board_part $board_part [current_project]
# set_property target_language Verilog [current_project]
# add_files -norecurse -fileset sources_1 [list $rtl_core $rtl_axi]
# set_property file_type Verilog [get_files $rtl_core]
# set_property file_type Verilog [get_files $rtl_axi]
# update_compile_order -fileset sources_1
# create_bd_design design_1
Wrote  : </home/pjs/Desktop/smollm2-zybo/hw/zybo_gemv_bringup/zybo_gemv_bringup.srcs/sources_1/bd/design_1/design_1.bd> 
# create_bd_cell -type ip -vlnv xilinx.com:ip:processing_system7 processing_system7_0
# apply_bd_automation -rule xilinx.com:bd_rule:processing_system7 \
#     -config {make_external "FIXED_IO, DDR" apply_board_preset "1" Master "Disable" Slave "Disable"} \
#     [get_bd_cells processing_system7_0]
# set_property -dict [list \
#     CONFIG.PCW_USE_M_AXI_GP0 {1} \
#     CONFIG.PCW_EN_CLK0_PORT {1} \
#     CONFIG.PCW_FPGA0_PERIPHERAL_FREQMHZ {100.000000} \
# ] [get_bd_cells processing_system7_0]
CRITICAL WARNING: [PSU-1]  Parameter : PCW_UIPARAM_DDR_DQS_TO_CLK_DELAY_0 has negative value -0.050 . PS DDR interfaces might fail when entering negative DQS skew values. 
CRITICAL WARNING: [PSU-2]  Parameter : PCW_UIPARAM_DDR_DQS_TO_CLK_DELAY_1 has negative value -0.044 . PS DDR interfaces might fail when entering negative DQS skew values. 
CRITICAL WARNING: [PSU-3]  Parameter : PCW_UIPARAM_DDR_DQS_TO_CLK_DELAY_2 has negative value -0.035 . PS DDR interfaces might fail when entering negative DQS skew values. 
CRITICAL WARNING: [PSU-4]  Parameter : PCW_UIPARAM_DDR_DQS_TO_CLK_DELAY_3 has negative value -0.100 . PS DDR interfaces might fail when entering negative DQS skew values. 
# create_bd_cell -type module -reference gemv_q8_0_axi_lite gemv_q8_0_axi_lite_0
INFO: [IP_Flow 19-1976] HDL Parser: Replacing 'ADDR_LSB' by 2 for port or parameter 'wr_addr'
INFO: [IP_Flow 19-1976] HDL Parser: Replacing 'OPT_MEM_ADDR_BITS' by 7 for port or parameter 'wr_addr'
INFO: [IP_Flow 19-1976] HDL Parser: Replacing 'ADDR_LSB' by 2 for port or parameter 'wr_addr'
INFO: [IP_Flow 19-1976] HDL Parser: Replacing 'ADDR_LSB' by 2 for port or parameter 'rd_addr'
INFO: [IP_Flow 19-1976] HDL Parser: Replacing 'OPT_MEM_ADDR_BITS' by 7 for port or parameter 'rd_addr'
INFO: [IP_Flow 19-1976] HDL Parser: Replacing 'ADDR_LSB' by 2 for port or parameter 'rd_addr'
INFO: [IP_Flow 19-5107] Inferred bus interface 'S_AXI_ACLK' of definition 'xilinx.com:signal:clock:1.0' (from X_INTERFACE_INFO parameter from HDL file).
INFO: [IP_Flow 19-5107] Inferred bus interface 'S_AXI_ACLK' of definition 'xilinx.com:signal:clock:1.0' (from 'X_INTERFACE_INFO' attribute).
INFO: [IP_Flow 19-5107] Inferred bus interface 'S_AXI_ARESETN' of definition 'xilinx.com:signal:reset:1.0' (from X_INTERFACE_INFO parameter from HDL file).
INFO: [IP_Flow 19-5107] Inferred bus interface 'S_AXI_ARESETN' of definition 'xilinx.com:signal:reset:1.0' (from 'X_INTERFACE_INFO' attribute).
INFO: [IP_Flow 19-5107] Inferred bus interface 'S_AXI' of definition 'xilinx.com:interface:aximm:1.0' (from X_INTERFACE_INFO parameter from HDL file).
INFO: [IP_Flow 19-5107] Inferred bus interface 'S_AXI' of definition 'xilinx.com:interface:aximm:1.0' (from 'X_INTERFACE_INFO' attribute).
INFO: [IP_Flow 19-4728] Bus Interface 'S_AXI_ACLK': Added interface parameter 'ASSOCIATED_BUSIF' with value 'S_AXI'.
INFO: [IP_Flow 19-4728] Bus Interface 'S_AXI_ACLK': Added interface parameter 'ASSOCIATED_RESET' with value 'S_AXI_ARESETN'.
INFO: [IP_Flow 19-4728] Bus Interface 'S_AXI_ACLK': Added interface parameter 'FREQ_HZ' with value '100000000'.
INFO: [IP_Flow 19-4728] Bus Interface 'S_AXI_ARESETN': Added interface parameter 'POLARITY' with value 'ACTIVE_LOW'.
INFO: [IP_Flow 19-4728] Bus Interface 'S_AXI': Added interface parameter 'DATA_WIDTH' with value '32'.
INFO: [IP_Flow 19-4728] Bus Interface 'S_AXI': Added interface parameter 'PROTOCOL' with value 'AXI4LITE'.
INFO: [IP_Flow 19-4728] Bus Interface 'S_AXI': Added interface parameter 'FREQ_HZ' with value '100000000'.
INFO: [IP_Flow 19-4728] Bus Interface 'S_AXI': Added interface parameter 'ADDR_WIDTH' with value '12'.
INFO: [IP_Flow 19-4728] Bus Interface 'S_AXI': Added interface parameter 'HAS_BURST' with value '0'.
INFO: [IP_Flow 19-4728] Bus Interface 'S_AXI': Added interface parameter 'HAS_LOCK' with value '0'.
INFO: [IP_Flow 19-4728] Bus Interface 'S_AXI': Added interface parameter 'HAS_PROT' with value '1'.
INFO: [IP_Flow 19-4728] Bus Interface 'S_AXI': Added interface parameter 'HAS_CACHE' with value '0'.
INFO: [IP_Flow 19-4728] Bus Interface 'S_AXI': Added interface parameter 'HAS_QOS' with value '0'.
INFO: [IP_Flow 19-4728] Bus Interface 'S_AXI': Added interface parameter 'HAS_REGION' with value '0'.
INFO: [IP_Flow 19-4728] Bus Interface 'S_AXI': Added interface parameter 'SUPPORTS_NARROW_BURST' with value '0'.
INFO: [IP_Flow 19-4728] Bus Interface 'S_AXI': Added interface parameter 'NUM_READ_OUTSTANDING' with value '1'.
INFO: [IP_Flow 19-4728] Bus Interface 'S_AXI': Added interface parameter 'NUM_WRITE_OUTSTANDING' with value '1'.
INFO: [IP_Flow 19-7067] Note that bus interface 'S_AXI_ACLK' has a fixed FREQ_HZ of '100000000'. This value will be respected whenever this IP is instantiated in IP Integrator.
INFO: [IP_Flow 19-7067] Note that bus interface 'S_AXI' has a fixed FREQ_HZ of '100000000'. This value will be respected whenever this IP is instantiated in IP Integrator.
# connect_bd_net [get_bd_pins processing_system7_0/FCLK_CLK0] [get_bd_pins gemv_q8_0_axi_lite_0/S_AXI_ACLK]
# connect_bd_net [get_bd_pins processing_system7_0/FCLK_RESET0_N] [get_bd_pins gemv_q8_0_axi_lite_0/S_AXI_ARESETN]
# apply_bd_automation -rule xilinx.com:bd_rule:axi4 \
#     -config {Master "/processing_system7_0/M_AXI_GP0" Slave "/gemv_q8_0_axi_lite_0/S_AXI" intc_ip "New AXI Interconnect" Clk_master "/processing_system7_0/FCLK_CLK0" Clk_slave "/processing_system7_0/FCLK_CLK0" Clk_xbar "/processing_system7_0/FCLK_CLK0"} \
#     [get_bd_intf_pins gemv_q8_0_axi_lite_0/S_AXI]
INFO: [Ipptcl 7-1463] No Compatible Board Interface found. Board Tab not created in customize GUI
Slave segment '/gemv_q8_0_axi_lite_0/S_AXI/reg0' is being assigned into address space '/processing_system7_0/Data' at <0x4000_0000 [ 4K ]>.
# assign_bd_address
INFO: [BD 41-3093] Triggering Legacy Auto Assign Algorithm
# set gemv_segs [get_bd_addr_segs -quiet -regexp {.*SEG_gemv_q8_0_axi_lite_0.*}]
# if {[llength $gemv_segs] == 0} {
#     error "could not find GEMV AXI address segment"
# }
# foreach seg $gemv_segs {
#     set_property offset $gemv_base $seg
#     set_property range 4K $seg
# }
# validate_bd_design
CRITICAL WARNING: [PSU-1]  Parameter : PCW_UIPARAM_DDR_DQS_TO_CLK_DELAY_0 has negative value -0.050 . PS DDR interfaces might fail when entering negative DQS skew values. 
CRITICAL WARNING: [PSU-2]  Parameter : PCW_UIPARAM_DDR_DQS_TO_CLK_DELAY_1 has negative value -0.044 . PS DDR interfaces might fail when entering negative DQS skew values. 
CRITICAL WARNING: [PSU-3]  Parameter : PCW_UIPARAM_DDR_DQS_TO_CLK_DELAY_2 has negative value -0.035 . PS DDR interfaces might fail when entering negative DQS skew values. 
CRITICAL WARNING: [PSU-4]  Parameter : PCW_UIPARAM_DDR_DQS_TO_CLK_DELAY_3 has negative value -0.100 . PS DDR interfaces might fail when entering negative DQS skew values. 
CRITICAL WARNING: [BD 41-1347] Reset pin /gemv_q8_0_axi_lite_0/S_AXI_ARESETN (associated clock /gemv_q8_0_axi_lite_0/S_AXI_ACLK) is connected to asynchronous reset source /processing_system7_0/FCLK_RESET0_N.
This may prevent design from meeting timing. Instead it should be connected to reset source /rst_ps7_0_100M/peripheral_aresetn.
CRITICAL WARNING: [BD 41-1347] Reset pin /ps7_0_axi_periph/S00_ARESETN (associated clock /ps7_0_axi_periph/S00_ACLK) is connected to asynchronous reset source /processing_system7_0/FCLK_RESET0_N.
This may prevent design from meeting timing. Instead it should be connected to reset source /rst_ps7_0_100M/peripheral_aresetn.
# save_bd_design
Wrote  : </home/pjs/Desktop/smollm2-zybo/hw/zybo_gemv_bringup/zybo_gemv_bringup.srcs/sources_1/bd/design_1/design_1.bd> 
# set address_report [file join $log_dir hw_address_map.txt]
# set addr_fd [open $address_report w]
# puts $addr_fd "Zybo Z7-20 GEMV address map"
# puts $addr_fd "Generated by scripts/create_zybo_gemv_hw.tcl"
# puts $addr_fd ""
# foreach seg [get_bd_addr_segs -quiet -regexp {.*SEG_.*}] {
#     puts $addr_fd [format "%s OFFSET=%s RANGE=%s" $seg [get_property OFFSET $seg] [get_property RANGE $seg]]
# }
# close $addr_fd
# set bd_file [get_files [file join $out_dir zybo_gemv_bringup.srcs sources_1 bd $bd_name ${bd_name}.bd]]
# make_wrapper -files $bd_file -top
INFO: [BD 41-1662] The design 'design_1.bd' is already validated. Therefore parameter propagation will not be re-run.
Verilog Output written to : /home/pjs/Desktop/smollm2-zybo/hw/zybo_gemv_bringup/zybo_gemv_bringup.gen/sources_1/bd/design_1/synth/design_1.v
Verilog Output written to : /home/pjs/Desktop/smollm2-zybo/hw/zybo_gemv_bringup/zybo_gemv_bringup.gen/sources_1/bd/design_1/sim/design_1.v
Verilog Output written to : /home/pjs/Desktop/smollm2-zybo/hw/zybo_gemv_bringup/zybo_gemv_bringup.gen/sources_1/bd/design_1/hdl/design_1_wrapper.v
# add_files -norecurse [file join $out_dir zybo_gemv_bringup.gen sources_1 bd $bd_name hdl ${bd_name}_wrapper.v]
# set_property top ${bd_name}_wrapper [current_fileset]
# update_compile_order -fileset sources_1
# launch_runs synth_1 -jobs 8
INFO: [BD 41-1662] The design 'design_1.bd' is already validated. Therefore parameter propagation will not be re-run.
Verilog Output written to : /home/pjs/Desktop/smollm2-zybo/hw/zybo_gemv_bringup/zybo_gemv_bringup.gen/sources_1/bd/design_1/synth/design_1.v
Verilog Output written to : /home/pjs/Desktop/smollm2-zybo/hw/zybo_gemv_bringup/zybo_gemv_bringup.gen/sources_1/bd/design_1/sim/design_1.v
Verilog Output written to : /home/pjs/Desktop/smollm2-zybo/hw/zybo_gemv_bringup/zybo_gemv_bringup.gen/sources_1/bd/design_1/hdl/design_1_wrapper.v
INFO: [IP_Flow 19-5611] Unable to find an associated reset port for the interface 'M_AXI_GP0'. A default connection has been created.
INFO: [BD 41-1029] Generation completed for the IP Integrator block processing_system7_0 .
INFO: [BD 41-1029] Generation completed for the IP Integrator block gemv_q8_0_axi_lite_0 .
WARNING: [IP_Flow 19-4994] Overwriting existing constraint file '/home/pjs/Desktop/smollm2-zybo/hw/zybo_gemv_bringup/zybo_gemv_bringup.gen/sources_1/bd/design_1/ip/design_1_ps7_0_axi_periph_imp_auto_pc_0/design_1_ps7_0_axi_periph_imp_auto_pc_0_ooc.xdc'
INFO: [BD 41-1029] Generation completed for the IP Integrator block ps7_0_axi_periph/s00_couplers/auto_pc .
INFO: [BD 41-1029] Generation completed for the IP Integrator block rst_ps7_0_100M .
Exporting to file /home/pjs/Desktop/smollm2-zybo/hw/zybo_gemv_bringup/zybo_gemv_bringup.gen/sources_1/bd/design_1/hw_handoff/design_1.hwh
Generated Hardware Definition File /home/pjs/Desktop/smollm2-zybo/hw/zybo_gemv_bringup/zybo_gemv_bringup.gen/sources_1/bd/design_1/synth/design_1.hwdef
INFO: [IP_Flow 19-6930] IPCACHE: runCacheChecks() number of threads = 8
INFO: [IP_Flow 19-6921] IPCACHE: Adding cache check func to thread queue for IP design_1_ps7_0_axi_periph_imp_auto_pc_0
INFO: [IP_Flow 19-6921] IPCACHE: Adding cache check func to thread queue for IP design_1_rst_ps7_0_100M_0
INFO: [IP_Flow 19-8020] IPCACHE: runCacheChecks() calling threadPool finishWork()
INFO: [IP_Flow 19-6924] IPCACHE: Running cache check for IP inst: design_1_ps7_0_axi_periph_imp_auto_pc_0
INFO: [IP_Flow 19-6924] IPCACHE: Running cache check for IP inst: design_1_rst_ps7_0_100M_0
WARNING: [Vivado 12-7122] Auto Incremental Compile:: No reference checkpoint was found in run synth_1. Auto-incremental flow will not be run, the standard flow will be run instead.
[Mon Jun 29 05:40:40 2026] Launched design_1_rst_ps7_0_100M_0_synth_1, design_1_ps7_0_axi_periph_imp_auto_pc_0_synth_1, design_1_gemv_q8_0_axi_lite_0_0_synth_1, design_1_processing_system7_0_0_synth_1...
Run output will be captured here:
design_1_rst_ps7_0_100M_0_synth_1: /home/pjs/Desktop/smollm2-zybo/hw/zybo_gemv_bringup/zybo_gemv_bringup.runs/design_1_rst_ps7_0_100M_0_synth_1/runme.log
design_1_ps7_0_axi_periph_imp_auto_pc_0_synth_1: /home/pjs/Desktop/smollm2-zybo/hw/zybo_gemv_bringup/zybo_gemv_bringup.runs/design_1_ps7_0_axi_periph_imp_auto_pc_0_synth_1/runme.log
design_1_gemv_q8_0_axi_lite_0_0_synth_1: /home/pjs/Desktop/smollm2-zybo/hw/zybo_gemv_bringup/zybo_gemv_bringup.runs/design_1_gemv_q8_0_axi_lite_0_0_synth_1/runme.log
design_1_processing_system7_0_0_synth_1: /home/pjs/Desktop/smollm2-zybo/hw/zybo_gemv_bringup/zybo_gemv_bringup.runs/design_1_processing_system7_0_0_synth_1/runme.log
[Mon Jun 29 05:40:40 2026] Launched synth_1...
Run output will be captured here: /home/pjs/Desktop/smollm2-zybo/hw/zybo_gemv_bringup/zybo_gemv_bringup.runs/synth_1/runme.log
launch_runs: Time (s): cpu = 00:00:09 ; elapsed = 00:00:10 . Memory (MB): peak = 1706.492 ; gain = 80.039 ; free physical = 26148 ; free virtual = 67072
# wait_on_run synth_1
[Mon Jun 29 05:40:40 2026] Waiting for synth_1 to finish...

*** Running vivado
    with args -log design_1_wrapper.vds -m64 -product Vivado -mode batch -messageDb vivado.pb -notrace -source design_1_wrapper.tcl


****** Vivado v2024.2.2 (64-bit)
  **** SW Build 6060944 on Thu Mar 06 19:10:09 MST 2025
  **** IP Build 6050500 on Thu Mar  6 23:33:39 MST 2025
  **** SharedData Build 6060542 on Thu Mar 06 10:31:07 MST 2025
  **** Start of session at: Mon Jun 29 05:42:22 2026
    ** Copyright 1986-2022 Xilinx, Inc. All Rights Reserved.
    ** Copyright 2022-2025 Advanced Micro Devices, Inc. All Rights Reserved.

CRITICAL WARNING: [Common 17-741] No write access right to the local Tcl store at '/home/pjs/.Xilinx/Vivado/2024.2.2/XilinxTclStore'. XilinxTclStore is reverted to the installation area. If you want to use local Tcl Store, please change the access right and relaunch Vivado.
Sourcing tcl script '/home/pjs/.Xilinx/Vivado/Vivado_init.tcl'
source design_1_wrapper.tcl -notrace
INFO: [IP_Flow 19-234] Refreshing IP repositories
INFO: [IP_Flow 19-1704] No user IP repositories specified
INFO: [IP_Flow 19-2313] Loaded Vivado IP repository '/tools/Xilinx/Vivado/2024.2/data/ip'.
Command: synth_design -top design_1_wrapper -part xc7z020clg400-1
Starting synth_design
Attempting to get a license for feature 'Synthesis' and/or device 'xc7z020'
INFO: [Common 17-349] Got license for feature 'Synthesis' and/or device 'xc7z020'
INFO: [Device 21-403] Loading part xc7z020clg400-1
INFO: [Synth 8-7079] Multithreading enabled for synth_design using a maximum of 7 processes.
INFO: [Synth 8-7078] Launching helper process for spawning children vivado processes
INFO: [Synth 8-7075] Helper process launched with PID 2322
---------------------------------------------------------------------------------
Starting RTL Elaboration : Time (s): cpu = 00:00:03 ; elapsed = 00:00:03 . Memory (MB): peak = 2002.781 ; gain = 408.289 ; free physical = 24680 ; free virtual = 65862
---------------------------------------------------------------------------------
INFO: [Synth 8-6157] synthesizing module 'design_1_wrapper' [/home/pjs/Desktop/smollm2-zybo/hw/zybo_gemv_bringup/zybo_gemv_bringup.gen/sources_1/bd/design_1/hdl/design_1_wrapper.v:13]
INFO: [Synth 8-6157] synthesizing module 'design_1' [/home/pjs/Desktop/smollm2-zybo/hw/zybo_gemv_bringup/zybo_gemv_bringup.gen/sources_1/bd/design_1/synth/design_1.v:13]
INFO: [Synth 8-6157] synthesizing module 'design_1_gemv_q8_0_axi_lite_0_0' [/home/pjs/Desktop/smollm2-zybo/hw/zybo_gemv_bringup/zybo_gemv_bringup.runs/synth_1/.Xil/Vivado-2279-pjs-laptop/realtime/design_1_gemv_q8_0_axi_lite_0_0_stub.v:6]
INFO: [Synth 8-6155] done synthesizing module 'design_1_gemv_q8_0_axi_lite_0_0' (0#1) [/home/pjs/Desktop/smollm2-zybo/hw/zybo_gemv_bringup/zybo_gemv_bringup.runs/synth_1/.Xil/Vivado-2279-pjs-laptop/realtime/design_1_gemv_q8_0_axi_lite_0_0_stub.v:6]
INFO: [Synth 8-6157] synthesizing module 'design_1_processing_system7_0_0' [/home/pjs/Desktop/smollm2-zybo/hw/zybo_gemv_bringup/zybo_gemv_bringup.runs/synth_1/.Xil/Vivado-2279-pjs-laptop/realtime/design_1_processing_system7_0_0_stub.v:6]
INFO: [Synth 8-6155] done synthesizing module 'design_1_processing_system7_0_0' (0#1) [/home/pjs/Desktop/smollm2-zybo/hw/zybo_gemv_bringup/zybo_gemv_bringup.runs/synth_1/.Xil/Vivado-2279-pjs-laptop/realtime/design_1_processing_system7_0_0_stub.v:6]
WARNING: [Synth 8-7071] port 'USB0_PORT_INDCTL' of module 'design_1_processing_system7_0_0' is unconnected for instance 'processing_system7_0' [/home/pjs/Desktop/smollm2-zybo/hw/zybo_gemv_bringup/zybo_gemv_bringup.gen/sources_1/bd/design_1/synth/design_1.v:162]
WARNING: [Synth 8-7071] port 'USB0_VBUS_PWRSELECT' of module 'design_1_processing_system7_0_0' is unconnected for instance 'processing_system7_0' [/home/pjs/Desktop/smollm2-zybo/hw/zybo_gemv_bringup/zybo_gemv_bringup.gen/sources_1/bd/design_1/synth/design_1.v:162]
WARNING: [Synth 8-7023] instance 'processing_system7_0' of module 'design_1_processing_system7_0_0' has 65 connections declared, but only 63 given [/home/pjs/Desktop/smollm2-zybo/hw/zybo_gemv_bringup/zybo_gemv_bringup.gen/sources_1/bd/design_1/synth/design_1.v:162]
INFO: [Synth 8-6157] synthesizing module 'design_1_ps7_0_axi_periph_0' [/home/pjs/Desktop/smollm2-zybo/hw/zybo_gemv_bringup/zybo_gemv_bringup.gen/sources_1/bd/design_1/synth/design_1.v:299]
INFO: [Synth 8-6157] synthesizing module 's00_couplers_imp_UYSKKA' [/home/pjs/Desktop/smollm2-zybo/hw/zybo_gemv_bringup/zybo_gemv_bringup.gen/sources_1/bd/design_1/synth/design_1.v:553]
INFO: [Synth 8-6157] synthesizing module 'design_1_ps7_0_axi_periph_imp_auto_pc_0' [/home/pjs/Desktop/smollm2-zybo/hw/zybo_gemv_bringup/zybo_gemv_bringup.runs/synth_1/.Xil/Vivado-2279-pjs-laptop/realtime/design_1_ps7_0_axi_periph_imp_auto_pc_0_stub.v:6]
INFO: [Synth 8-6155] done synthesizing module 'design_1_ps7_0_axi_periph_imp_auto_pc_0' (0#1) [/home/pjs/Desktop/smollm2-zybo/hw/zybo_gemv_bringup/zybo_gemv_bringup.runs/synth_1/.Xil/Vivado-2279-pjs-laptop/realtime/design_1_ps7_0_axi_periph_imp_auto_pc_0_stub.v:6]
INFO: [Synth 8-6155] done synthesizing module 's00_couplers_imp_UYSKKA' (0#1) [/home/pjs/Desktop/smollm2-zybo/hw/zybo_gemv_bringup/zybo_gemv_bringup.gen/sources_1/bd/design_1/synth/design_1.v:553]
INFO: [Synth 8-6155] done synthesizing module 'design_1_ps7_0_axi_periph_0' (0#1) [/home/pjs/Desktop/smollm2-zybo/hw/zybo_gemv_bringup/zybo_gemv_bringup.gen/sources_1/bd/design_1/synth/design_1.v:299]
INFO: [Synth 8-6157] synthesizing module 'design_1_rst_ps7_0_100M_0' [/home/pjs/Desktop/smollm2-zybo/hw/zybo_gemv_bringup/zybo_gemv_bringup.runs/synth_1/.Xil/Vivado-2279-pjs-laptop/realtime/design_1_rst_ps7_0_100M_0_stub.v:6]
INFO: [Synth 8-6155] done synthesizing module 'design_1_rst_ps7_0_100M_0' (0#1) [/home/pjs/Desktop/smollm2-zybo/hw/zybo_gemv_bringup/zybo_gemv_bringup.runs/synth_1/.Xil/Vivado-2279-pjs-laptop/realtime/design_1_rst_ps7_0_100M_0_stub.v:6]
WARNING: [Synth 8-7071] port 'mb_reset' of module 'design_1_rst_ps7_0_100M_0' is unconnected for instance 'rst_ps7_0_100M' [/home/pjs/Desktop/smollm2-zybo/hw/zybo_gemv_bringup/zybo_gemv_bringup.gen/sources_1/bd/design_1/synth/design_1.v:290]
WARNING: [Synth 8-7071] port 'bus_struct_reset' of module 'design_1_rst_ps7_0_100M_0' is unconnected for instance 'rst_ps7_0_100M' [/home/pjs/Desktop/smollm2-zybo/hw/zybo_gemv_bringup/zybo_gemv_bringup.gen/sources_1/bd/design_1/synth/design_1.v:290]
WARNING: [Synth 8-7071] port 'peripheral_reset' of module 'design_1_rst_ps7_0_100M_0' is unconnected for instance 'rst_ps7_0_100M' [/home/pjs/Desktop/smollm2-zybo/hw/zybo_gemv_bringup/zybo_gemv_bringup.gen/sources_1/bd/design_1/synth/design_1.v:290]
WARNING: [Synth 8-7071] port 'interconnect_aresetn' of module 'design_1_rst_ps7_0_100M_0' is unconnected for instance 'rst_ps7_0_100M' [/home/pjs/Desktop/smollm2-zybo/hw/zybo_gemv_bringup/zybo_gemv_bringup.gen/sources_1/bd/design_1/synth/design_1.v:290]
WARNING: [Synth 8-7023] instance 'rst_ps7_0_100M' of module 'design_1_rst_ps7_0_100M_0' has 10 connections declared, but only 6 given [/home/pjs/Desktop/smollm2-zybo/hw/zybo_gemv_bringup/zybo_gemv_bringup.gen/sources_1/bd/design_1/synth/design_1.v:290]
INFO: [Synth 8-6155] done synthesizing module 'design_1' (0#1) [/home/pjs/Desktop/smollm2-zybo/hw/zybo_gemv_bringup/zybo_gemv_bringup.gen/sources_1/bd/design_1/synth/design_1.v:13]
INFO: [Synth 8-6155] done synthesizing module 'design_1_wrapper' (0#1) [/home/pjs/Desktop/smollm2-zybo/hw/zybo_gemv_bringup/zybo_gemv_bringup.gen/sources_1/bd/design_1/hdl/design_1_wrapper.v:13]
WARNING: [Synth 8-7129] Port M_ACLK in module s00_couplers_imp_UYSKKA is either unconnected or has no load
WARNING: [Synth 8-7129] Port M_ARESETN in module s00_couplers_imp_UYSKKA is either unconnected or has no load
WARNING: [Synth 8-7129] Port ACLK in module design_1_ps7_0_axi_periph_0 is either unconnected or has no load
WARNING: [Synth 8-7129] Port ARESETN in module design_1_ps7_0_axi_periph_0 is either unconnected or has no load
---------------------------------------------------------------------------------
Finished RTL Elaboration : Time (s): cpu = 00:00:03 ; elapsed = 00:00:04 . Memory (MB): peak = 2078.719 ; gain = 484.227 ; free physical = 24597 ; free virtual = 65782
---------------------------------------------------------------------------------
---------------------------------------------------------------------------------
Start Handling Custom Attributes
---------------------------------------------------------------------------------
---------------------------------------------------------------------------------
Finished Handling Custom Attributes : Time (s): cpu = 00:00:03 ; elapsed = 00:00:04 . Memory (MB): peak = 2093.562 ; gain = 499.070 ; free physical = 24595 ; free virtual = 65780
---------------------------------------------------------------------------------
---------------------------------------------------------------------------------
Finished RTL Optimization Phase 1 : Time (s): cpu = 00:00:03 ; elapsed = 00:00:04 . Memory (MB): peak = 2093.562 ; gain = 499.070 ; free physical = 24595 ; free virtual = 65780
---------------------------------------------------------------------------------
Netlist sorting complete. Time (s): cpu = 00:00:00 ; elapsed = 00:00:00 . Memory (MB): peak = 2093.562 ; gain = 0.000 ; free physical = 24594 ; free virtual = 65780
INFO: [Project 1-570] Preparing netlist for logic optimization

Processing XDC Constraints
Initializing timing engine
Parsing XDC File [/home/pjs/Desktop/smollm2-zybo/hw/zybo_gemv_bringup/zybo_gemv_bringup.gen/sources_1/bd/design_1/ip/design_1_processing_system7_0_0/design_1_processing_system7_0_0/design_1_processing_system7_0_0_in_context.xdc] for cell 'design_1_i/processing_system7_0'
Finished Parsing XDC File [/home/pjs/Desktop/smollm2-zybo/hw/zybo_gemv_bringup/zybo_gemv_bringup.gen/sources_1/bd/design_1/ip/design_1_processing_system7_0_0/design_1_processing_system7_0_0/design_1_processing_system7_0_0_in_context.xdc] for cell 'design_1_i/processing_system7_0'
Parsing XDC File [/home/pjs/Desktop/smollm2-zybo/hw/zybo_gemv_bringup/zybo_gemv_bringup.gen/sources_1/bd/design_1/ip/design_1_gemv_q8_0_axi_lite_0_0/design_1_gemv_q8_0_axi_lite_0_0/design_1_gemv_q8_0_axi_lite_0_0_in_context.xdc] for cell 'design_1_i/gemv_q8_0_axi_lite_0'
Finished Parsing XDC File [/home/pjs/Desktop/smollm2-zybo/hw/zybo_gemv_bringup/zybo_gemv_bringup.gen/sources_1/bd/design_1/ip/design_1_gemv_q8_0_axi_lite_0_0/design_1_gemv_q8_0_axi_lite_0_0/design_1_gemv_q8_0_axi_lite_0_0_in_context.xdc] for cell 'design_1_i/gemv_q8_0_axi_lite_0'
Parsing XDC File [/home/pjs/Desktop/smollm2-zybo/hw/zybo_gemv_bringup/zybo_gemv_bringup.gen/sources_1/bd/design_1/ip/design_1_ps7_0_axi_periph_imp_auto_pc_0/design_1_ps7_0_axi_periph_imp_auto_pc_0/design_1_ps7_0_axi_periph_imp_auto_pc_0_in_context.xdc] for cell 'design_1_i/ps7_0_axi_periph/s00_couplers/auto_pc'
Finished Parsing XDC File [/home/pjs/Desktop/smollm2-zybo/hw/zybo_gemv_bringup/zybo_gemv_bringup.gen/sources_1/bd/design_1/ip/design_1_ps7_0_axi_periph_imp_auto_pc_0/design_1_ps7_0_axi_periph_imp_auto_pc_0/design_1_ps7_0_axi_periph_imp_auto_pc_0_in_context.xdc] for cell 'design_1_i/ps7_0_axi_periph/s00_couplers/auto_pc'
Parsing XDC File [/home/pjs/Desktop/smollm2-zybo/hw/zybo_gemv_bringup/zybo_gemv_bringup.gen/sources_1/bd/design_1/ip/design_1_rst_ps7_0_100M_0/design_1_rst_ps7_0_100M_0/design_1_rst_ps7_0_100M_0_in_context.xdc] for cell 'design_1_i/rst_ps7_0_100M'
Finished Parsing XDC File [/home/pjs/Desktop/smollm2-zybo/hw/zybo_gemv_bringup/zybo_gemv_bringup.gen/sources_1/bd/design_1/ip/design_1_rst_ps7_0_100M_0/design_1_rst_ps7_0_100M_0/design_1_rst_ps7_0_100M_0_in_context.xdc] for cell 'design_1_i/rst_ps7_0_100M'
Parsing XDC File [/home/pjs/Desktop/smollm2-zybo/hw/zybo_gemv_bringup/zybo_gemv_bringup.runs/synth_1/dont_touch.xdc]
Finished Parsing XDC File [/home/pjs/Desktop/smollm2-zybo/hw/zybo_gemv_bringup/zybo_gemv_bringup.runs/synth_1/dont_touch.xdc]
Completed Processing XDC Constraints

Netlist sorting complete. Time (s): cpu = 00:00:00 ; elapsed = 00:00:00 . Memory (MB): peak = 2142.488 ; gain = 0.000 ; free physical = 24617 ; free virtual = 65804
INFO: [Project 1-111] Unisim Transformation Summary:
No Unisim elements were transformed.

Constraint Validation Runtime : Time (s): cpu = 00:00:00 ; elapsed = 00:00:00.01 . Memory (MB): peak = 2142.488 ; gain = 0.000 ; free physical = 24617 ; free virtual = 65802
---------------------------------------------------------------------------------
Finished Constraint Validation : Time (s): cpu = 00:00:08 ; elapsed = 00:00:08 . Memory (MB): peak = 2142.488 ; gain = 547.996 ; free physical = 24635 ; free virtual = 65825
---------------------------------------------------------------------------------
---------------------------------------------------------------------------------
Start Loading Part and Timing Information
---------------------------------------------------------------------------------
Loading part: xc7z020clg400-1
---------------------------------------------------------------------------------
Finished Loading Part and Timing Information : Time (s): cpu = 00:00:08 ; elapsed = 00:00:08 . Memory (MB): peak = 2150.492 ; gain = 556.000 ; free physical = 24635 ; free virtual = 65825
---------------------------------------------------------------------------------
---------------------------------------------------------------------------------
Start Applying 'set_property' XDC Constraints
---------------------------------------------------------------------------------
Applied set_property IO_BUFFER_TYPE = NONE for DDR_addr[0]. (constraint file  /home/pjs/Desktop/smollm2-zybo/hw/zybo_gemv_bringup/zybo_gemv_bringup.gen/sources_1/bd/design_1/ip/design_1_processing_system7_0_0/design_1_processing_system7_0_0/design_1_processing_system7_0_0_in_context.xdc, line 2).
Applied set_property CLOCK_BUFFER_TYPE = NONE for DDR_addr[0]. (constraint file  /home/pjs/Desktop/smollm2-zybo/hw/zybo_gemv_bringup/zybo_gemv_bringup.gen/sources_1/bd/design_1/ip/design_1_processing_system7_0_0/design_1_processing_system7_0_0/design_1_processing_system7_0_0_in_context.xdc, line 3).
Applied set_property IO_BUFFER_TYPE = NONE for DDR_addr[10]. (constraint file  /home/pjs/Desktop/smollm2-zybo/hw/zybo_gemv_bringup/zybo_gemv_bringup.gen/sources_1/bd/design_1/ip/design_1_processing_system7_0_0/design_1_processing_system7_0_0/design_1_processing_system7_0_0_in_context.xdc, line 4).
Applied set_property CLOCK_BUFFER_TYPE = NONE for DDR_addr[10]. (constraint file  /home/pjs/Desktop/smollm2-zybo/hw/zybo_gemv_bringup/zybo_gemv_bringup.gen/sources_1/bd/design_1/ip/design_1_processing_system7_0_0/design_1_processing_system7_0_0/design_1_processing_system7_0_0_in_context.xdc, line 5).
Applied set_property IO_BUFFER_TYPE = NONE for DDR_addr[11]. (constraint file  /home/pjs/Desktop/smollm2-zybo/hw/zybo_gemv_bringup/zybo_gemv_bringup.gen/sources_1/bd/design_1/ip/design_1_processing_system7_0_0/design_1_processing_system7_0_0/design_1_processing_system7_0_0_in_context.xdc, line 6).
Applied set_property CLOCK_BUFFER_TYPE = NONE for DDR_addr[11]. (constraint file  /home/pjs/Desktop/smollm2-zybo/hw/zybo_gemv_bringup/zybo_gemv_bringup.gen/sources_1/bd/design_1/ip/design_1_processing_system7_0_0/design_1_processing_system7_0_0/design_1_processing_system7_0_0_in_context.xdc, line 7).
Applied set_property IO_BUFFER_TYPE = NONE for DDR_addr[12]. (constraint file  /home/pjs/Desktop/smollm2-zybo/hw/zybo_gemv_bringup/zybo_gemv_bringup.gen/sources_1/bd/design_1/ip/design_1_processing_system7_0_0/design_1_processing_system7_0_0/design_1_processing_system7_0_0_in_context.xdc, line 8).
Applied set_property CLOCK_BUFFER_TYPE = NONE for DDR_addr[12]. (constraint file  /home/pjs/Desktop/smollm2-zybo/hw/zybo_gemv_bringup/zybo_gemv_bringup.gen/sources_1/bd/design_1/ip/design_1_processing_system7_0_0/design_1_processing_system7_0_0/design_1_processing_system7_0_0_in_context.xdc, line 9).
Applied set_property IO_BUFFER_TYPE = NONE for DDR_addr[13]. (constraint file  /home/pjs/Desktop/smollm2-zybo/hw/zybo_gemv_bringup/zybo_gemv_bringup.gen/sources_1/bd/design_1/ip/design_1_processing_system7_0_0/design_1_processing_system7_0_0/design_1_processing_system7_0_0_in_context.xdc, line 10).
Applied set_property CLOCK_BUFFER_TYPE = NONE for DDR_addr[13]. (constraint file  /home/pjs/Desktop/smollm2-zybo/hw/zybo_gemv_bringup/zybo_gemv_bringup.gen/sources_1/bd/design_1/ip/design_1_processing_system7_0_0/design_1_processing_system7_0_0/design_1_processing_system7_0_0_in_context.xdc, line 11).
Applied set_property IO_BUFFER_TYPE = NONE for DDR_addr[14]. (constraint file  /home/pjs/Desktop/smollm2-zybo/hw/zybo_gemv_bringup/zybo_gemv_bringup.gen/sources_1/bd/design_1/ip/design_1_processing_system7_0_0/design_1_processing_system7_0_0/design_1_processing_system7_0_0_in_context.xdc, line 12).
Applied set_property CLOCK_BUFFER_TYPE = NONE for DDR_addr[14]. (constraint file  /home/pjs/Desktop/smollm2-zybo/hw/zybo_gemv_bringup/zybo_gemv_bringup.gen/sources_1/bd/design_1/ip/design_1_processing_system7_0_0/design_1_processing_system7_0_0/design_1_processing_system7_0_0_in_context.xdc, line 13).
Applied set_property IO_BUFFER_TYPE = NONE for DDR_addr[1]. (constraint file  /home/pjs/Desktop/smollm2-zybo/hw/zybo_gemv_bringup/zybo_gemv_bringup.gen/sources_1/bd/design_1/ip/design_1_processing_system7_0_0/design_1_processing_system7_0_0/design_1_processing_system7_0_0_in_context.xdc, line 14).
Applied set_property CLOCK_BUFFER_TYPE = NONE for DDR_addr[1]. (constraint file  /home/pjs/Desktop/smollm2-zybo/hw/zybo_gemv_bringup/zybo_gemv_bringup.gen/sources_1/bd/design_1/ip/design_1_processing_system7_0_0/design_1_processing_system7_0_0/design_1_processing_system7_0_0_in_context.xdc, line 15).
Applied set_property IO_BUFFER_TYPE = NONE for DDR_addr[2]. (constraint file  /home/pjs/Desktop/smollm2-zybo/hw/zybo_gemv_bringup/zybo_gemv_bringup.gen/sources_1/bd/design_1/ip/design_1_processing_system7_0_0/design_1_processing_system7_0_0/design_1_processing_system7_0_0_in_context.xdc, line 16).
Applied set_property CLOCK_BUFFER_TYPE = NONE for DDR_addr[2]. (constraint file  /home/pjs/Desktop/smollm2-zybo/hw/zybo_gemv_bringup/zybo_gemv_bringup.gen/sources_1/bd/design_1/ip/design_1_processing_system7_0_0/design_1_processing_system7_0_0/design_1_processing_system7_0_0_in_context.xdc, line 17).
Applied set_property IO_BUFFER_TYPE = NONE for DDR_addr[3]. (constraint file  /home/pjs/Desktop/smollm2-zybo/hw/zybo_gemv_bringup/zybo_gemv_bringup.gen/sources_1/bd/design_1/ip/design_1_processing_system7_0_0/design_1_processing_system7_0_0/design_1_processing_system7_0_0_in_context.xdc, line 18).
Applied set_property CLOCK_BUFFER_TYPE = NONE for DDR_addr[3]. (constraint file  /home/pjs/Desktop/smollm2-zybo/hw/zybo_gemv_bringup/zybo_gemv_bringup.gen/sources_1/bd/design_1/ip/design_1_processing_system7_0_0/design_1_processing_system7_0_0/design_1_processing_system7_0_0_in_context.xdc, line 19).
Applied set_property IO_BUFFER_TYPE = NONE for DDR_addr[4]. (constraint file  /home/pjs/Desktop/smollm2-zybo/hw/zybo_gemv_bringup/zybo_gemv_bringup.gen/sources_1/bd/design_1/ip/design_1_processing_system7_0_0/design_1_processing_system7_0_0/design_1_processing_system7_0_0_in_context.xdc, line 20).
Applied set_property CLOCK_BUFFER_TYPE = NONE for DDR_addr[4]. (constraint file  /home/pjs/Desktop/smollm2-zybo/hw/zybo_gemv_bringup/zybo_gemv_bringup.gen/sources_1/bd/design_1/ip/design_1_processing_system7_0_0/design_1_processing_system7_0_0/design_1_processing_system7_0_0_in_context.xdc, line 21).
Applied set_property IO_BUFFER_TYPE = NONE for DDR_addr[5]. (constraint file  /home/pjs/Desktop/smollm2-zybo/hw/zybo_gemv_bringup/zybo_gemv_bringup.gen/sources_1/bd/design_1/ip/design_1_processing_system7_0_0/design_1_processing_system7_0_0/design_1_processing_system7_0_0_in_context.xdc, line 22).
Applied set_property CLOCK_BUFFER_TYPE = NONE for DDR_addr[5]. (constraint file  /home/pjs/Desktop/smollm2-zybo/hw/zybo_gemv_bringup/zybo_gemv_bringup.gen/sources_1/bd/design_1/ip/design_1_processing_system7_0_0/design_1_processing_system7_0_0/design_1_processing_system7_0_0_in_context.xdc, line 23).
Applied set_property IO_BUFFER_TYPE = NONE for DDR_addr[6]. (constraint file  /home/pjs/Desktop/smollm2-zybo/hw/zybo_gemv_bringup/zybo_gemv_bringup.gen/sources_1/bd/design_1/ip/design_1_processing_system7_0_0/design_1_processing_system7_0_0/design_1_processing_system7_0_0_in_context.xdc, line 24).
Applied set_property CLOCK_BUFFER_TYPE = NONE for DDR_addr[6]. (constraint file  /home/pjs/Desktop/smollm2-zybo/hw/zybo_gemv_bringup/zybo_gemv_bringup.gen/sources_1/bd/design_1/ip/design_1_processing_system7_0_0/design_1_processing_system7_0_0/design_1_processing_system7_0_0_in_context.xdc, line 25).
Applied set_property IO_BUFFER_TYPE = NONE for DDR_addr[7]. (constraint file  /home/pjs/Desktop/smollm2-zybo/hw/zybo_gemv_bringup/zybo_gemv_bringup.gen/sources_1/bd/design_1/ip/design_1_processing_system7_0_0/design_1_processing_system7_0_0/design_1_processing_system7_0_0_in_context.xdc, line 26).
Applied set_property CLOCK_BUFFER_TYPE = NONE for DDR_addr[7]. (constraint file  /home/pjs/Desktop/smollm2-zybo/hw/zybo_gemv_bringup/zybo_gemv_bringup.gen/sources_1/bd/design_1/ip/design_1_processing_system7_0_0/design_1_processing_system7_0_0/design_1_processing_system7_0_0_in_context.xdc, line 27).
Applied set_property IO_BUFFER_TYPE = NONE for DDR_addr[8]. (constraint file  /home/pjs/Desktop/smollm2-zybo/hw/zybo_gemv_bringup/zybo_gemv_bringup.gen/sources_1/bd/design_1/ip/design_1_processing_system7_0_0/design_1_processing_system7_0_0/design_1_processing_system7_0_0_in_context.xdc, line 28).
Applied set_property CLOCK_BUFFER_TYPE = NONE for DDR_addr[8]. (constraint file  /home/pjs/Desktop/smollm2-zybo/hw/zybo_gemv_bringup/zybo_gemv_bringup.gen/sources_1/bd/design_1/ip/design_1_processing_system7_0_0/design_1_processing_system7_0_0/design_1_processing_system7_0_0_in_context.xdc, line 29).
Applied set_property IO_BUFFER_TYPE = NONE for DDR_addr[9]. (constraint file  /home/pjs/Desktop/smollm2-zybo/hw/zybo_gemv_bringup/zybo_gemv_bringup.gen/sources_1/bd/design_1/ip/design_1_processing_system7_0_0/design_1_processing_system7_0_0/design_1_processing_system7_0_0_in_context.xdc, line 30).
Applied set_property CLOCK_BUFFER_TYPE = NONE for DDR_addr[9]. (constraint file  /home/pjs/Desktop/smollm2-zybo/hw/zybo_gemv_bringup/zybo_gemv_bringup.gen/sources_1/bd/design_1/ip/design_1_processing_system7_0_0/design_1_processing_system7_0_0/design_1_processing_system7_0_0_in_context.xdc, line 31).
Applied set_property IO_BUFFER_TYPE = NONE for DDR_ba[0]. (constraint file  /home/pjs/Desktop/smollm2-zybo/hw/zybo_gemv_bringup/zybo_gemv_bringup.gen/sources_1/bd/design_1/ip/design_1_processing_system7_0_0/design_1_processing_system7_0_0/design_1_processing_system7_0_0_in_context.xdc, line 32).
Applied set_property CLOCK_BUFFER_TYPE = NONE for DDR_ba[0]. (constraint file  /home/pjs/Desktop/smollm2-zybo/hw/zybo_gemv_bringup/zybo_gemv_bringup.gen/sources_1/bd/design_1/ip/design_1_processing_system7_0_0/design_1_processing_system7_0_0/design_1_processing_system7_0_0_in_context.xdc, line 33).
Applied set_property IO_BUFFER_TYPE = NONE for DDR_ba[1]. (constraint file  /home/pjs/Desktop/smollm2-zybo/hw/zybo_gemv_bringup/zybo_gemv_bringup.gen/sources_1/bd/design_1/ip/design_1_processing_system7_0_0/design_1_processing_system7_0_0/design_1_processing_system7_0_0_in_context.xdc, line 34).
Applied set_property CLOCK_BUFFER_TYPE = NONE for DDR_ba[1]. (constraint file  /home/pjs/Desktop/smollm2-zybo/hw/zybo_gemv_bringup/zybo_gemv_bringup.gen/sources_1/bd/design_1/ip/design_1_processing_system7_0_0/design_1_processing_system7_0_0/design_1_processing_system7_0_0_in_context.xdc, line 35).
Applied set_property IO_BUFFER_TYPE = NONE for DDR_ba[2]. (constraint file  /home/pjs/Desktop/smollm2-zybo/hw/zybo_gemv_bringup/zybo_gemv_bringup.gen/sources_1/bd/design_1/ip/design_1_processing_system7_0_0/design_1_processing_system7_0_0/design_1_processing_system7_0_0_in_context.xdc, line 36).
Applied set_property CLOCK_BUFFER_TYPE = NONE for DDR_ba[2]. (constraint file  /home/pjs/Desktop/smollm2-zybo/hw/zybo_gemv_bringup/zybo_gemv_bringup.gen/sources_1/bd/design_1/ip/design_1_processing_system7_0_0/design_1_processing_system7_0_0/design_1_processing_system7_0_0_in_context.xdc, line 37).
Applied set_property IO_BUFFER_TYPE = NONE for DDR_cas_n. (constraint file  /home/pjs/Desktop/smollm2-zybo/hw/zybo_gemv_bringup/zybo_gemv_bringup.gen/sources_1/bd/design_1/ip/design_1_processing_system7_0_0/design_1_processing_system7_0_0/design_1_processing_system7_0_0_in_context.xdc, line 38).
Applied set_property CLOCK_BUFFER_TYPE = NONE for DDR_cas_n. (constraint file  /home/pjs/Desktop/smollm2-zybo/hw/zybo_gemv_bringup/zybo_gemv_bringup.gen/sources_1/bd/design_1/ip/design_1_processing_system7_0_0/design_1_processing_system7_0_0/design_1_processing_system7_0_0_in_context.xdc, line 39).
Applied set_property IO_BUFFER_TYPE = NONE for DDR_cke. (constraint file  /home/pjs/Desktop/smollm2-zybo/hw/zybo_gemv_bringup/zybo_gemv_bringup.gen/sources_1/bd/design_1/ip/design_1_processing_system7_0_0/design_1_processing_system7_0_0/design_1_processing_system7_0_0_in_context.xdc, line 40).
Applied set_property CLOCK_BUFFER_TYPE = NONE for DDR_cke. (constraint file  /home/pjs/Desktop/smollm2-zybo/hw/zybo_gemv_bringup/zybo_gemv_bringup.gen/sources_1/bd/design_1/ip/design_1_processing_system7_0_0/design_1_processing_system7_0_0/design_1_processing_system7_0_0_in_context.xdc, line 41).
Applied set_property IO_BUFFER_TYPE = NONE for DDR_cs_n. (constraint file  /home/pjs/Desktop/smollm2-zybo/hw/zybo_gemv_bringup/zybo_gemv_bringup.gen/sources_1/bd/design_1/ip/design_1_processing_system7_0_0/design_1_processing_system7_0_0/design_1_processing_system7_0_0_in_context.xdc, line 42).
Applied set_property CLOCK_BUFFER_TYPE = NONE for DDR_cs_n. (constraint file  /home/pjs/Desktop/smollm2-zybo/hw/zybo_gemv_bringup/zybo_gemv_bringup.gen/sources_1/bd/design_1/ip/design_1_processing_system7_0_0/design_1_processing_system7_0_0/design_1_processing_system7_0_0_in_context.xdc, line 43).
Applied set_property IO_BUFFER_TYPE = NONE for DDR_ck_p. (constraint file  /home/pjs/Desktop/smollm2-zybo/hw/zybo_gemv_bringup/zybo_gemv_bringup.gen/sources_1/bd/design_1/ip/design_1_processing_system7_0_0/design_1_processing_system7_0_0/design_1_processing_system7_0_0_in_context.xdc, line 44).
Applied set_property CLOCK_BUFFER_TYPE = NONE for DDR_ck_p. (constraint file  /home/pjs/Desktop/smollm2-zybo/hw/zybo_gemv_bringup/zybo_gemv_bringup.gen/sources_1/bd/design_1/ip/design_1_processing_system7_0_0/design_1_processing_system7_0_0/design_1_processing_system7_0_0_in_context.xdc, line 45).
Applied set_property IO_BUFFER_TYPE = NONE for DDR_ck_n. (constraint file  /home/pjs/Desktop/smollm2-zybo/hw/zybo_gemv_bringup/zybo_gemv_bringup.gen/sources_1/bd/design_1/ip/design_1_processing_system7_0_0/design_1_processing_system7_0_0/design_1_processing_system7_0_0_in_context.xdc, line 46).
Applied set_property CLOCK_BUFFER_TYPE = NONE for DDR_ck_n. (constraint file  /home/pjs/Desktop/smollm2-zybo/hw/zybo_gemv_bringup/zybo_gemv_bringup.gen/sources_1/bd/design_1/ip/design_1_processing_system7_0_0/design_1_processing_system7_0_0/design_1_processing_system7_0_0_in_context.xdc, line 47).
Applied set_property IO_BUFFER_TYPE = NONE for DDR_dm[0]. (constraint file  /home/pjs/Desktop/smollm2-zybo/hw/zybo_gemv_bringup/zybo_gemv_bringup.gen/sources_1/bd/design_1/ip/design_1_processing_system7_0_0/design_1_processing_system7_0_0/design_1_processing_system7_0_0_in_context.xdc, line 48).
Applied set_property CLOCK_BUFFER_TYPE = NONE for DDR_dm[0]. (constraint file  /home/pjs/Desktop/smollm2-zybo/hw/zybo_gemv_bringup/zybo_gemv_bringup.gen/sources_1/bd/design_1/ip/design_1_processing_system7_0_0/design_1_processing_system7_0_0/design_1_processing_system7_0_0_in_context.xdc, line 49).
Applied set_property IO_BUFFER_TYPE = NONE for DDR_dm[1]. (constraint file  /home/pjs/Desktop/smollm2-zybo/hw/zybo_gemv_bringup/zybo_gemv_bringup.gen/sources_1/bd/design_1/ip/design_1_processing_system7_0_0/design_1_processing_system7_0_0/design_1_processing_system7_0_0_in_context.xdc, line 50).
Applied set_property CLOCK_BUFFER_TYPE = NONE for DDR_dm[1]. (constraint file  /home/pjs/Desktop/smollm2-zybo/hw/zybo_gemv_bringup/zybo_gemv_bringup.gen/sources_1/bd/design_1/ip/design_1_processing_system7_0_0/design_1_processing_system7_0_0/design_1_processing_system7_0_0_in_context.xdc, line 51).
Applied set_property IO_BUFFER_TYPE = NONE for DDR_dm[2]. (constraint file  /home/pjs/Desktop/smollm2-zybo/hw/zybo_gemv_bringup/zybo_gemv_bringup.gen/sources_1/bd/design_1/ip/design_1_processing_system7_0_0/design_1_processing_system7_0_0/design_1_processing_system7_0_0_in_context.xdc, line 52).
Applied set_property CLOCK_BUFFER_TYPE = NONE for DDR_dm[2]. (constraint file  /home/pjs/Desktop/smollm2-zybo/hw/zybo_gemv_bringup/zybo_gemv_bringup.gen/sources_1/bd/design_1/ip/design_1_processing_system7_0_0/design_1_processing_system7_0_0/design_1_processing_system7_0_0_in_context.xdc, line 53).
Applied set_property IO_BUFFER_TYPE = NONE for DDR_dm[3]. (constraint file  /home/pjs/Desktop/smollm2-zybo/hw/zybo_gemv_bringup/zybo_gemv_bringup.gen/sources_1/bd/design_1/ip/design_1_processing_system7_0_0/design_1_processing_system7_0_0/design_1_processing_system7_0_0_in_context.xdc, line 54).
Applied set_property CLOCK_BUFFER_TYPE = NONE for DDR_dm[3]. (constraint file  /home/pjs/Desktop/smollm2-zybo/hw/zybo_gemv_bringup/zybo_gemv_bringup.gen/sources_1/bd/design_1/ip/design_1_processing_system7_0_0/design_1_processing_system7_0_0/design_1_processing_system7_0_0_in_context.xdc, line 55).
Applied set_property IO_BUFFER_TYPE = NONE for DDR_dqs_p[0]. (constraint file  /home/pjs/Desktop/smollm2-zybo/hw/zybo_gemv_bringup/zybo_gemv_bringup.gen/sources_1/bd/design_1/ip/design_1_processing_system7_0_0/design_1_processing_system7_0_0/design_1_processing_system7_0_0_in_context.xdc, line 56).
Applied set_property CLOCK_BUFFER_TYPE = NONE for DDR_dqs_p[0]. (constraint file  /home/pjs/Desktop/smollm2-zybo/hw/zybo_gemv_bringup/zybo_gemv_bringup.gen/sources_1/bd/design_1/ip/design_1_processing_system7_0_0/design_1_processing_system7_0_0/design_1_processing_system7_0_0_in_context.xdc, line 57).
Applied set_property IO_BUFFER_TYPE = NONE for DDR_dqs_p[1]. (constraint file  /home/pjs/Desktop/smollm2-zybo/hw/zybo_gemv_bringup/zybo_gemv_bringup.gen/sources_1/bd/design_1/ip/design_1_processing_system7_0_0/design_1_processing_system7_0_0/design_1_processing_system7_0_0_in_context.xdc, line 58).
Applied set_property CLOCK_BUFFER_TYPE = NONE for DDR_dqs_p[1]. (constraint file  /home/pjs/Desktop/smollm2-zybo/hw/zybo_gemv_bringup/zybo_gemv_bringup.gen/sources_1/bd/design_1/ip/design_1_processing_system7_0_0/design_1_processing_system7_0_0/design_1_processing_system7_0_0_in_context.xdc, line 59).
Applied set_property IO_BUFFER_TYPE = NONE for DDR_dqs_p[2]. (constraint file  /home/pjs/Desktop/smollm2-zybo/hw/zybo_gemv_bringup/zybo_gemv_bringup.gen/sources_1/bd/design_1/ip/design_1_processing_system7_0_0/design_1_processing_system7_0_0/design_1_processing_system7_0_0_in_context.xdc, line 60).
Applied set_property CLOCK_BUFFER_TYPE = NONE for DDR_dqs_p[2]. (constraint file  /home/pjs/Desktop/smollm2-zybo/hw/zybo_gemv_bringup/zybo_gemv_bringup.gen/sources_1/bd/design_1/ip/design_1_processing_system7_0_0/design_1_processing_system7_0_0/design_1_processing_system7_0_0_in_context.xdc, line 61).
Applied set_property IO_BUFFER_TYPE = NONE for DDR_dqs_p[3]. (constraint file  /home/pjs/Desktop/smollm2-zybo/hw/zybo_gemv_bringup/zybo_gemv_bringup.gen/sources_1/bd/design_1/ip/design_1_processing_system7_0_0/design_1_processing_system7_0_0/design_1_processing_system7_0_0_in_context.xdc, line 62).
Applied set_property CLOCK_BUFFER_TYPE = NONE for DDR_dqs_p[3]. (constraint file  /home/pjs/Desktop/smollm2-zybo/hw/zybo_gemv_bringup/zybo_gemv_bringup.gen/sources_1/bd/design_1/ip/design_1_processing_system7_0_0/design_1_processing_system7_0_0/design_1_processing_system7_0_0_in_context.xdc, line 63).
Applied set_property IO_BUFFER_TYPE = NONE for DDR_dqs_n[0]. (constraint file  /home/pjs/Desktop/smollm2-zybo/hw/zybo_gemv_bringup/zybo_gemv_bringup.gen/sources_1/bd/design_1/ip/design_1_processing_system7_0_0/design_1_processing_system7_0_0/design_1_processing_system7_0_0_in_context.xdc, line 64).
Applied set_property CLOCK_BUFFER_TYPE = NONE for DDR_dqs_n[0]. (constraint file  /home/pjs/Desktop/smollm2-zybo/hw/zybo_gemv_bringup/zybo_gemv_bringup.gen/sources_1/bd/design_1/ip/design_1_processing_system7_0_0/design_1_processing_system7_0_0/design_1_processing_system7_0_0_in_context.xdc, line 65).
Applied set_property IO_BUFFER_TYPE = NONE for DDR_dqs_n[1]. (constraint file  /home/pjs/Desktop/smollm2-zybo/hw/zybo_gemv_bringup/zybo_gemv_bringup.gen/sources_1/bd/design_1/ip/design_1_processing_system7_0_0/design_1_processing_system7_0_0/design_1_processing_system7_0_0_in_context.xdc, line 66).
Applied set_property CLOCK_BUFFER_TYPE = NONE for DDR_dqs_n[1]. (constraint file  /home/pjs/Desktop/smollm2-zybo/hw/zybo_gemv_bringup/zybo_gemv_bringup.gen/sources_1/bd/design_1/ip/design_1_processing_system7_0_0/design_1_processing_system7_0_0/design_1_processing_system7_0_0_in_context.xdc, line 67).
Applied set_property IO_BUFFER_TYPE = NONE for DDR_dqs_n[2]. (constraint file  /home/pjs/Desktop/smollm2-zybo/hw/zybo_gemv_bringup/zybo_gemv_bringup.gen/sources_1/bd/design_1/ip/design_1_processing_system7_0_0/design_1_processing_system7_0_0/design_1_processing_system7_0_0_in_context.xdc, line 68).
Applied set_property CLOCK_BUFFER_TYPE = NONE for DDR_dqs_n[2]. (constraint file  /home/pjs/Desktop/smollm2-zybo/hw/zybo_gemv_bringup/zybo_gemv_bringup.gen/sources_1/bd/design_1/ip/design_1_processing_system7_0_0/design_1_processing_system7_0_0/design_1_processing_system7_0_0_in_context.xdc, line 69).
Applied set_property IO_BUFFER_TYPE = NONE for DDR_dqs_n[3]. (constraint file  /home/pjs/Desktop/smollm2-zybo/hw/zybo_gemv_bringup/zybo_gemv_bringup.gen/sources_1/bd/design_1/ip/design_1_processing_system7_0_0/design_1_processing_system7_0_0/design_1_processing_system7_0_0_in_context.xdc, line 70).
Applied set_property CLOCK_BUFFER_TYPE = NONE for DDR_dqs_n[3]. (constraint file  /home/pjs/Desktop/smollm2-zybo/hw/zybo_gemv_bringup/zybo_gemv_bringup.gen/sources_1/bd/design_1/ip/design_1_processing_system7_0_0/design_1_processing_system7_0_0/design_1_processing_system7_0_0_in_context.xdc, line 71).
Applied set_property IO_BUFFER_TYPE = NONE for DDR_dq[0]. (constraint file  /home/pjs/Desktop/smollm2-zybo/hw/zybo_gemv_bringup/zybo_gemv_bringup.gen/sources_1/bd/design_1/ip/design_1_processing_system7_0_0/design_1_processing_system7_0_0/design_1_processing_system7_0_0_in_context.xdc, line 72).
Applied set_property CLOCK_BUFFER_TYPE = NONE for DDR_dq[0]. (constraint file  /home/pjs/Desktop/smollm2-zybo/hw/zybo_gemv_bringup/zybo_gemv_bringup.gen/sources_1/bd/design_1/ip/design_1_processing_system7_0_0/design_1_processing_system7_0_0/design_1_processing_system7_0_0_in_context.xdc, line 73).
Applied set_property IO_BUFFER_TYPE = NONE for DDR_dq[10]. (constraint file  /home/pjs/Desktop/smollm2-zybo/hw/zybo_gemv_bringup/zybo_gemv_bringup.gen/sources_1/bd/design_1/ip/design_1_processing_system7_0_0/design_1_processing_system7_0_0/design_1_processing_system7_0_0_in_context.xdc, line 74).
Applied set_property CLOCK_BUFFER_TYPE = NONE for DDR_dq[10]. (constraint file  /home/pjs/Desktop/smollm2-zybo/hw/zybo_gemv_bringup/zybo_gemv_bringup.gen/sources_1/bd/design_1/ip/design_1_processing_system7_0_0/design_1_processing_system7_0_0/design_1_processing_system7_0_0_in_context.xdc, line 75).
Applied set_property IO_BUFFER_TYPE = NONE for DDR_dq[11]. (constraint file  /home/pjs/Desktop/smollm2-zybo/hw/zybo_gemv_bringup/zybo_gemv_bringup.gen/sources_1/bd/design_1/ip/design_1_processing_system7_0_0/design_1_processing_system7_0_0/design_1_processing_system7_0_0_in_context.xdc, line 76).
Applied set_property CLOCK_BUFFER_TYPE = NONE for DDR_dq[11]. (constraint file  /home/pjs/Desktop/smollm2-zybo/hw/zybo_gemv_bringup/zybo_gemv_bringup.gen/sources_1/bd/design_1/ip/design_1_processing_system7_0_0/design_1_processing_system7_0_0/design_1_processing_system7_0_0_in_context.xdc, line 77).
Applied set_property IO_BUFFER_TYPE = NONE for DDR_dq[12]. (constraint file  /home/pjs/Desktop/smollm2-zybo/hw/zybo_gemv_bringup/zybo_gemv_bringup.gen/sources_1/bd/design_1/ip/design_1_processing_system7_0_0/design_1_processing_system7_0_0/design_1_processing_system7_0_0_in_context.xdc, line 78).
Applied set_property CLOCK_BUFFER_TYPE = NONE for DDR_dq[12]. (constraint file  /home/pjs/Desktop/smollm2-zybo/hw/zybo_gemv_bringup/zybo_gemv_bringup.gen/sources_1/bd/design_1/ip/design_1_processing_system7_0_0/design_1_processing_system7_0_0/design_1_processing_system7_0_0_in_context.xdc, line 79).
Applied set_property IO_BUFFER_TYPE = NONE for DDR_dq[13]. (constraint file  /home/pjs/Desktop/smollm2-zybo/hw/zybo_gemv_bringup/zybo_gemv_bringup.gen/sources_1/bd/design_1/ip/design_1_processing_system7_0_0/design_1_processing_system7_0_0/design_1_processing_system7_0_0_in_context.xdc, line 80).
Applied set_property CLOCK_BUFFER_TYPE = NONE for DDR_dq[13]. (constraint file  /home/pjs/Desktop/smollm2-zybo/hw/zybo_gemv_bringup/zybo_gemv_bringup.gen/sources_1/bd/design_1/ip/design_1_processing_system7_0_0/design_1_processing_system7_0_0/design_1_processing_system7_0_0_in_context.xdc, line 81).
Applied set_property IO_BUFFER_TYPE = NONE for DDR_dq[14]. (constraint file  /home/pjs/Desktop/smollm2-zybo/hw/zybo_gemv_bringup/zybo_gemv_bringup.gen/sources_1/bd/design_1/ip/design_1_processing_system7_0_0/design_1_processing_system7_0_0/design_1_processing_system7_0_0_in_context.xdc, line 82).
Applied set_property CLOCK_BUFFER_TYPE = NONE for DDR_dq[14]. (constraint file  /home/pjs/Desktop/smollm2-zybo/hw/zybo_gemv_bringup/zybo_gemv_bringup.gen/sources_1/bd/design_1/ip/design_1_processing_system7_0_0/design_1_processing_system7_0_0/design_1_processing_system7_0_0_in_context.xdc, line 83).
Applied set_property IO_BUFFER_TYPE = NONE for DDR_dq[15]. (constraint file  /home/pjs/Desktop/smollm2-zybo/hw/zybo_gemv_bringup/zybo_gemv_bringup.gen/sources_1/bd/design_1/ip/design_1_processing_system7_0_0/design_1_processing_system7_0_0/design_1_processing_system7_0_0_in_context.xdc, line 84).
Applied set_property CLOCK_BUFFER_TYPE = NONE for DDR_dq[15]. (constraint file  /home/pjs/Desktop/smollm2-zybo/hw/zybo_gemv_bringup/zybo_gemv_bringup.gen/sources_1/bd/design_1/ip/design_1_processing_system7_0_0/design_1_processing_system7_0_0/design_1_processing_system7_0_0_in_context.xdc, line 85).
Applied set_property IO_BUFFER_TYPE = NONE for DDR_dq[16]. (constraint file  /home/pjs/Desktop/smollm2-zybo/hw/zybo_gemv_bringup/zybo_gemv_bringup.gen/sources_1/bd/design_1/ip/design_1_processing_system7_0_0/design_1_processing_system7_0_0/design_1_processing_system7_0_0_in_context.xdc, line 86).
Applied set_property CLOCK_BUFFER_TYPE = NONE for DDR_dq[16]. (constraint file  /home/pjs/Desktop/smollm2-zybo/hw/zybo_gemv_bringup/zybo_gemv_bringup.gen/sources_1/bd/design_1/ip/design_1_processing_system7_0_0/design_1_processing_system7_0_0/design_1_processing_system7_0_0_in_context.xdc, line 87).
Applied set_property IO_BUFFER_TYPE = NONE for DDR_dq[17]. (constraint file  /home/pjs/Desktop/smollm2-zybo/hw/zybo_gemv_bringup/zybo_gemv_bringup.gen/sources_1/bd/design_1/ip/design_1_processing_system7_0_0/design_1_processing_system7_0_0/design_1_processing_system7_0_0_in_context.xdc, line 88).
Applied set_property CLOCK_BUFFER_TYPE = NONE for DDR_dq[17]. (constraint file  /home/pjs/Desktop/smollm2-zybo/hw/zybo_gemv_bringup/zybo_gemv_bringup.gen/sources_1/bd/design_1/ip/design_1_processing_system7_0_0/design_1_processing_system7_0_0/design_1_processing_system7_0_0_in_context.xdc, line 89).
Applied set_property IO_BUFFER_TYPE = NONE for DDR_dq[18]. (constraint file  /home/pjs/Desktop/smollm2-zybo/hw/zybo_gemv_bringup/zybo_gemv_bringup.gen/sources_1/bd/design_1/ip/design_1_processing_system7_0_0/design_1_processing_system7_0_0/design_1_processing_system7_0_0_in_context.xdc, line 90).
Applied set_property CLOCK_BUFFER_TYPE = NONE for DDR_dq[18]. (constraint file  /home/pjs/Desktop/smollm2-zybo/hw/zybo_gemv_bringup/zybo_gemv_bringup.gen/sources_1/bd/design_1/ip/design_1_processing_system7_0_0/design_1_processing_system7_0_0/design_1_processing_system7_0_0_in_context.xdc, line 91).
Applied set_property IO_BUFFER_TYPE = NONE for DDR_dq[19]. (constraint file  /home/pjs/Desktop/smollm2-zybo/hw/zybo_gemv_bringup/zybo_gemv_bringup.gen/sources_1/bd/design_1/ip/design_1_processing_system7_0_0/design_1_processing_system7_0_0/design_1_processing_system7_0_0_in_context.xdc, line 92).
Applied set_property CLOCK_BUFFER_TYPE = NONE for DDR_dq[19]. (constraint file  /home/pjs/Desktop/smollm2-zybo/hw/zybo_gemv_bringup/zybo_gemv_bringup.gen/sources_1/bd/design_1/ip/design_1_processing_system7_0_0/design_1_processing_system7_0_0/design_1_processing_system7_0_0_in_context.xdc, line 93).
Applied set_property IO_BUFFER_TYPE = NONE for DDR_dq[1]. (constraint file  /home/pjs/Desktop/smollm2-zybo/hw/zybo_gemv_bringup/zybo_gemv_bringup.gen/sources_1/bd/design_1/ip/design_1_processing_system7_0_0/design_1_processing_system7_0_0/design_1_processing_system7_0_0_in_context.xdc, line 94).
Applied set_property CLOCK_BUFFER_TYPE = NONE for DDR_dq[1]. (constraint file  /home/pjs/Desktop/smollm2-zybo/hw/zybo_gemv_bringup/zybo_gemv_bringup.gen/sources_1/bd/design_1/ip/design_1_processing_system7_0_0/design_1_processing_system7_0_0/design_1_processing_system7_0_0_in_context.xdc, line 95).
Applied set_property IO_BUFFER_TYPE = NONE for DDR_dq[20]. (constraint file  /home/pjs/Desktop/smollm2-zybo/hw/zybo_gemv_bringup/zybo_gemv_bringup.gen/sources_1/bd/design_1/ip/design_1_processing_system7_0_0/design_1_processing_system7_0_0/design_1_processing_system7_0_0_in_context.xdc, line 96).
Applied set_property CLOCK_BUFFER_TYPE = NONE for DDR_dq[20]. (constraint file  /home/pjs/Desktop/smollm2-zybo/hw/zybo_gemv_bringup/zybo_gemv_bringup.gen/sources_1/bd/design_1/ip/design_1_processing_system7_0_0/design_1_processing_system7_0_0/design_1_processing_system7_0_0_in_context.xdc, line 97).
Applied set_property IO_BUFFER_TYPE = NONE for DDR_dq[21]. (constraint file  /home/pjs/Desktop/smollm2-zybo/hw/zybo_gemv_bringup/zybo_gemv_bringup.gen/sources_1/bd/design_1/ip/design_1_processing_system7_0_0/design_1_processing_system7_0_0/design_1_processing_system7_0_0_in_context.xdc, line 98).
Applied set_property CLOCK_BUFFER_TYPE = NONE for DDR_dq[21]. (constraint file  /home/pjs/Desktop/smollm2-zybo/hw/zybo_gemv_bringup/zybo_gemv_bringup.gen/sources_1/bd/design_1/ip/design_1_processing_system7_0_0/design_1_processing_system7_0_0/design_1_processing_system7_0_0_in_context.xdc, line 99).
Applied set_property IO_BUFFER_TYPE = NONE for DDR_dq[22]. (constraint file  /home/pjs/Desktop/smollm2-zybo/hw/zybo_gemv_bringup/zybo_gemv_bringup.gen/sources_1/bd/design_1/ip/design_1_processing_system7_0_0/design_1_processing_system7_0_0/design_1_processing_system7_0_0_in_context.xdc, line 100).
Applied set_property CLOCK_BUFFER_TYPE = NONE for DDR_dq[22]. (constraint file  /home/pjs/Desktop/smollm2-zybo/hw/zybo_gemv_bringup/zybo_gemv_bringup.gen/sources_1/bd/design_1/ip/design_1_processing_system7_0_0/design_1_processing_system7_0_0/design_1_processing_system7_0_0_in_context.xdc, line 101).
Applied set_property IO_BUFFER_TYPE = NONE for DDR_dq[23]. (constraint file  /home/pjs/Desktop/smollm2-zybo/hw/zybo_gemv_bringup/zybo_gemv_bringup.gen/sources_1/bd/design_1/ip/design_1_processing_system7_0_0/design_1_processing_system7_0_0/design_1_processing_system7_0_0_in_context.xdc, line 102).
Applied set_property CLOCK_BUFFER_TYPE = NONE for DDR_dq[23]. (constraint file  /home/pjs/Desktop/smollm2-zybo/hw/zybo_gemv_bringup/zybo_gemv_bringup.gen/sources_1/bd/design_1/ip/design_1_processing_system7_0_0/design_1_processing_system7_0_0/design_1_processing_system7_0_0_in_context.xdc, line 103).
Applied set_property IO_BUFFER_TYPE = NONE for DDR_dq[24]. (constraint file  /home/pjs/Desktop/smollm2-zybo/hw/zybo_gemv_bringup/zybo_gemv_bringup.gen/sources_1/bd/design_1/ip/design_1_processing_system7_0_0/design_1_processing_system7_0_0/design_1_processing_system7_0_0_in_context.xdc, line 104).
Applied set_property CLOCK_BUFFER_TYPE = NONE for DDR_dq[24]. (constraint file  /home/pjs/Desktop/smollm2-zybo/hw/zybo_gemv_bringup/zybo_gemv_bringup.gen/sources_1/bd/design_1/ip/design_1_processing_system7_0_0/design_1_processing_system7_0_0/design_1_processing_system7_0_0_in_context.xdc, line 105).
Applied set_property IO_BUFFER_TYPE = NONE for DDR_dq[25]. (constraint file  /home/pjs/Desktop/smollm2-zybo/hw/zybo_gemv_bringup/zybo_gemv_bringup.gen/sources_1/bd/design_1/ip/design_1_processing_system7_0_0/design_1_processing_system7_0_0/design_1_processing_system7_0_0_in_context.xdc, line 106).
Applied set_property CLOCK_BUFFER_TYPE = NONE for DDR_dq[25]. (constraint file  /home/pjs/Desktop/smollm2-zybo/hw/zybo_gemv_bringup/zybo_gemv_bringup.gen/sources_1/bd/design_1/ip/design_1_processing_system7_0_0/design_1_processing_system7_0_0/design_1_processing_system7_0_0_in_context.xdc, line 107).
Applied set_property IO_BUFFER_TYPE = NONE for DDR_dq[26]. (constraint file  /home/pjs/Desktop/smollm2-zybo/hw/zybo_gemv_bringup/zybo_gemv_bringup.gen/sources_1/bd/design_1/ip/design_1_processing_system7_0_0/design_1_processing_system7_0_0/design_1_processing_system7_0_0_in_context.xdc, line 108).
Applied set_property CLOCK_BUFFER_TYPE = NONE for DDR_dq[26]. (constraint file  /home/pjs/Desktop/smollm2-zybo/hw/zybo_gemv_bringup/zybo_gemv_bringup.gen/sources_1/bd/design_1/ip/design_1_processing_system7_0_0/design_1_processing_system7_0_0/design_1_processing_system7_0_0_in_context.xdc, line 109).
Applied set_property IO_BUFFER_TYPE = NONE for DDR_dq[27]. (constraint file  /home/pjs/Desktop/smollm2-zybo/hw/zybo_gemv_bringup/zybo_gemv_bringup.gen/sources_1/bd/design_1/ip/design_1_processing_system7_0_0/design_1_processing_system7_0_0/design_1_processing_system7_0_0_in_context.xdc, line 110).
Applied set_property CLOCK_BUFFER_TYPE = NONE for DDR_dq[27]. (constraint file  /home/pjs/Desktop/smollm2-zybo/hw/zybo_gemv_bringup/zybo_gemv_bringup.gen/sources_1/bd/design_1/ip/design_1_processing_system7_0_0/design_1_processing_system7_0_0/design_1_processing_system7_0_0_in_context.xdc, line 111).
Applied set_property IO_BUFFER_TYPE = NONE for DDR_dq[28]. (constraint file  /home/pjs/Desktop/smollm2-zybo/hw/zybo_gemv_bringup/zybo_gemv_bringup.gen/sources_1/bd/design_1/ip/design_1_processing_system7_0_0/design_1_processing_system7_0_0/design_1_processing_system7_0_0_in_context.xdc, line 112).
Applied set_property CLOCK_BUFFER_TYPE = NONE for DDR_dq[28]. (constraint file  /home/pjs/Desktop/smollm2-zybo/hw/zybo_gemv_bringup/zybo_gemv_bringup.gen/sources_1/bd/design_1/ip/design_1_processing_system7_0_0/design_1_processing_system7_0_0/design_1_processing_system7_0_0_in_context.xdc, line 113).
Applied set_property IO_BUFFER_TYPE = NONE for DDR_dq[29]. (constraint file  /home/pjs/Desktop/smollm2-zybo/hw/zybo_gemv_bringup/zybo_gemv_bringup.gen/sources_1/bd/design_1/ip/design_1_processing_system7_0_0/design_1_processing_system7_0_0/design_1_processing_system7_0_0_in_context.xdc, line 114).
Applied set_property CLOCK_BUFFER_TYPE = NONE for DDR_dq[29]. (constraint file  /home/pjs/Desktop/smollm2-zybo/hw/zybo_gemv_bringup/zybo_gemv_bringup.gen/sources_1/bd/design_1/ip/design_1_processing_system7_0_0/design_1_processing_system7_0_0/design_1_processing_system7_0_0_in_context.xdc, line 115).
Applied set_property IO_BUFFER_TYPE = NONE for DDR_dq[2]. (constraint file  /home/pjs/Desktop/smollm2-zybo/hw/zybo_gemv_bringup/zybo_gemv_bringup.gen/sources_1/bd/design_1/ip/design_1_processing_system7_0_0/design_1_processing_system7_0_0/design_1_processing_system7_0_0_in_context.xdc, line 116).
Applied set_property CLOCK_BUFFER_TYPE = NONE for DDR_dq[2]. (constraint file  /home/pjs/Desktop/smollm2-zybo/hw/zybo_gemv_bringup/zybo_gemv_bringup.gen/sources_1/bd/design_1/ip/design_1_processing_system7_0_0/design_1_processing_system7_0_0/design_1_processing_system7_0_0_in_context.xdc, line 117).
Applied set_property IO_BUFFER_TYPE = NONE for DDR_dq[30]. (constraint file  /home/pjs/Desktop/smollm2-zybo/hw/zybo_gemv_bringup/zybo_gemv_bringup.gen/sources_1/bd/design_1/ip/design_1_processing_system7_0_0/design_1_processing_system7_0_0/design_1_processing_system7_0_0_in_context.xdc, line 118).
Applied set_property CLOCK_BUFFER_TYPE = NONE for DDR_dq[30]. (constraint file  /home/pjs/Desktop/smollm2-zybo/hw/zybo_gemv_bringup/zybo_gemv_bringup.gen/sources_1/bd/design_1/ip/design_1_processing_system7_0_0/design_1_processing_system7_0_0/design_1_processing_system7_0_0_in_context.xdc, line 119).
Applied set_property IO_BUFFER_TYPE = NONE for DDR_dq[31]. (constraint file  /home/pjs/Desktop/smollm2-zybo/hw/zybo_gemv_bringup/zybo_gemv_bringup.gen/sources_1/bd/design_1/ip/design_1_processing_system7_0_0/design_1_processing_system7_0_0/design_1_processing_system7_0_0_in_context.xdc, line 120).
Applied set_property CLOCK_BUFFER_TYPE = NONE for DDR_dq[31]. (constraint file  /home/pjs/Desktop/smollm2-zybo/hw/zybo_gemv_bringup/zybo_gemv_bringup.gen/sources_1/bd/design_1/ip/design_1_processing_system7_0_0/design_1_processing_system7_0_0/design_1_processing_system7_0_0_in_context.xdc, line 121).
Applied set_property IO_BUFFER_TYPE = NONE for DDR_dq[3]. (constraint file  /home/pjs/Desktop/smollm2-zybo/hw/zybo_gemv_bringup/zybo_gemv_bringup.gen/sources_1/bd/design_1/ip/design_1_processing_system7_0_0/design_1_processing_system7_0_0/design_1_processing_system7_0_0_in_context.xdc, line 122).
Applied set_property CLOCK_BUFFER_TYPE = NONE for DDR_dq[3]. (constraint file  /home/pjs/Desktop/smollm2-zybo/hw/zybo_gemv_bringup/zybo_gemv_bringup.gen/sources_1/bd/design_1/ip/design_1_processing_system7_0_0/design_1_processing_system7_0_0/design_1_processing_system7_0_0_in_context.xdc, line 123).
Applied set_property IO_BUFFER_TYPE = NONE for DDR_dq[4]. (constraint file  /home/pjs/Desktop/smollm2-zybo/hw/zybo_gemv_bringup/zybo_gemv_bringup.gen/sources_1/bd/design_1/ip/design_1_processing_system7_0_0/design_1_processing_system7_0_0/design_1_processing_system7_0_0_in_context.xdc, line 124).
Applied set_property CLOCK_BUFFER_TYPE = NONE for DDR_dq[4]. (constraint file  /home/pjs/Desktop/smollm2-zybo/hw/zybo_gemv_bringup/zybo_gemv_bringup.gen/sources_1/bd/design_1/ip/design_1_processing_system7_0_0/design_1_processing_system7_0_0/design_1_processing_system7_0_0_in_context.xdc, line 125).
Applied set_property IO_BUFFER_TYPE = NONE for DDR_dq[5]. (constraint file  /home/pjs/Desktop/smollm2-zybo/hw/zybo_gemv_bringup/zybo_gemv_bringup.gen/sources_1/bd/design_1/ip/design_1_processing_system7_0_0/design_1_processing_system7_0_0/design_1_processing_system7_0_0_in_context.xdc, line 126).
Applied set_property CLOCK_BUFFER_TYPE = NONE for DDR_dq[5]. (constraint file  /home/pjs/Desktop/smollm2-zybo/hw/zybo_gemv_bringup/zybo_gemv_bringup.gen/sources_1/bd/design_1/ip/design_1_processing_system7_0_0/design_1_processing_system7_0_0/design_1_processing_system7_0_0_in_context.xdc, line 127).
Applied set_property IO_BUFFER_TYPE = NONE for DDR_dq[6]. (constraint file  /home/pjs/Desktop/smollm2-zybo/hw/zybo_gemv_bringup/zybo_gemv_bringup.gen/sources_1/bd/design_1/ip/design_1_processing_system7_0_0/design_1_processing_system7_0_0/design_1_processing_system7_0_0_in_context.xdc, line 128).
Applied set_property CLOCK_BUFFER_TYPE = NONE for DDR_dq[6]. (constraint file  /home/pjs/Desktop/smollm2-zybo/hw/zybo_gemv_bringup/zybo_gemv_bringup.gen/sources_1/bd/design_1/ip/design_1_processing_system7_0_0/design_1_processing_system7_0_0/design_1_processing_system7_0_0_in_context.xdc, line 129).
Applied set_property IO_BUFFER_TYPE = NONE for DDR_dq[7]. (constraint file  /home/pjs/Desktop/smollm2-zybo/hw/zybo_gemv_bringup/zybo_gemv_bringup.gen/sources_1/bd/design_1/ip/design_1_processing_system7_0_0/design_1_processing_system7_0_0/design_1_processing_system7_0_0_in_context.xdc, line 130).
Applied set_property CLOCK_BUFFER_TYPE = NONE for DDR_dq[7]. (constraint file  /home/pjs/Desktop/smollm2-zybo/hw/zybo_gemv_bringup/zybo_gemv_bringup.gen/sources_1/bd/design_1/ip/design_1_processing_system7_0_0/design_1_processing_system7_0_0/design_1_processing_system7_0_0_in_context.xdc, line 131).
Applied set_property IO_BUFFER_TYPE = NONE for DDR_dq[8]. (constraint file  /home/pjs/Desktop/smollm2-zybo/hw/zybo_gemv_bringup/zybo_gemv_bringup.gen/sources_1/bd/design_1/ip/design_1_processing_system7_0_0/design_1_processing_system7_0_0/design_1_processing_system7_0_0_in_context.xdc, line 132).
Applied set_property CLOCK_BUFFER_TYPE = NONE for DDR_dq[8]. (constraint file  /home/pjs/Desktop/smollm2-zybo/hw/zybo_gemv_bringup/zybo_gemv_bringup.gen/sources_1/bd/design_1/ip/design_1_processing_system7_0_0/design_1_processing_system7_0_0/design_1_processing_system7_0_0_in_context.xdc, line 133).
Applied set_property IO_BUFFER_TYPE = NONE for DDR_dq[9]. (constraint file  /home/pjs/Desktop/smollm2-zybo/hw/zybo_gemv_bringup/zybo_gemv_bringup.gen/sources_1/bd/design_1/ip/design_1_processing_system7_0_0/design_1_processing_system7_0_0/design_1_processing_system7_0_0_in_context.xdc, line 134).
Applied set_property CLOCK_BUFFER_TYPE = NONE for DDR_dq[9]. (constraint file  /home/pjs/Desktop/smollm2-zybo/hw/zybo_gemv_bringup/zybo_gemv_bringup.gen/sources_1/bd/design_1/ip/design_1_processing_system7_0_0/design_1_processing_system7_0_0/design_1_processing_system7_0_0_in_context.xdc, line 135).
Applied set_property IO_BUFFER_TYPE = NONE for DDR_reset_n. (constraint file  /home/pjs/Desktop/smollm2-zybo/hw/zybo_gemv_bringup/zybo_gemv_bringup.gen/sources_1/bd/design_1/ip/design_1_processing_system7_0_0/design_1_processing_system7_0_0/design_1_processing_system7_0_0_in_context.xdc, line 136).
Applied set_property CLOCK_BUFFER_TYPE = NONE for DDR_reset_n. (constraint file  /home/pjs/Desktop/smollm2-zybo/hw/zybo_gemv_bringup/zybo_gemv_bringup.gen/sources_1/bd/design_1/ip/design_1_processing_system7_0_0/design_1_processing_system7_0_0/design_1_processing_system7_0_0_in_context.xdc, line 137).
Applied set_property IO_BUFFER_TYPE = NONE for DDR_odt. (constraint file  /home/pjs/Desktop/smollm2-zybo/hw/zybo_gemv_bringup/zybo_gemv_bringup.gen/sources_1/bd/design_1/ip/design_1_processing_system7_0_0/design_1_processing_system7_0_0/design_1_processing_system7_0_0_in_context.xdc, line 138).
Applied set_property CLOCK_BUFFER_TYPE = NONE for DDR_odt. (constraint file  /home/pjs/Desktop/smollm2-zybo/hw/zybo_gemv_bringup/zybo_gemv_bringup.gen/sources_1/bd/design_1/ip/design_1_processing_system7_0_0/design_1_processing_system7_0_0/design_1_processing_system7_0_0_in_context.xdc, line 139).
Applied set_property IO_BUFFER_TYPE = NONE for DDR_ras_n. (constraint file  /home/pjs/Desktop/smollm2-zybo/hw/zybo_gemv_bringup/zybo_gemv_bringup.gen/sources_1/bd/design_1/ip/design_1_processing_system7_0_0/design_1_processing_system7_0_0/design_1_processing_system7_0_0_in_context.xdc, line 140).
Applied set_property CLOCK_BUFFER_TYPE = NONE for DDR_ras_n. (constraint file  /home/pjs/Desktop/smollm2-zybo/hw/zybo_gemv_bringup/zybo_gemv_bringup.gen/sources_1/bd/design_1/ip/design_1_processing_system7_0_0/design_1_processing_system7_0_0/design_1_processing_system7_0_0_in_context.xdc, line 141).
Applied set_property IO_BUFFER_TYPE = NONE for FIXED_IO_ddr_vrn. (constraint file  /home/pjs/Desktop/smollm2-zybo/hw/zybo_gemv_bringup/zybo_gemv_bringup.gen/sources_1/bd/design_1/ip/design_1_processing_system7_0_0/design_1_processing_system7_0_0/design_1_processing_system7_0_0_in_context.xdc, line 142).
Applied set_property CLOCK_BUFFER_TYPE = NONE for FIXED_IO_ddr_vrn. (constraint file  /home/pjs/Desktop/smollm2-zybo/hw/zybo_gemv_bringup/zybo_gemv_bringup.gen/sources_1/bd/design_1/ip/design_1_processing_system7_0_0/design_1_processing_system7_0_0/design_1_processing_system7_0_0_in_context.xdc, line 143).
Applied set_property IO_BUFFER_TYPE = NONE for FIXED_IO_ddr_vrp. (constraint file  /home/pjs/Desktop/smollm2-zybo/hw/zybo_gemv_bringup/zybo_gemv_bringup.gen/sources_1/bd/design_1/ip/design_1_processing_system7_0_0/design_1_processing_system7_0_0/design_1_processing_system7_0_0_in_context.xdc, line 144).
Applied set_property CLOCK_BUFFER_TYPE = NONE for FIXED_IO_ddr_vrp. (constraint file  /home/pjs/Desktop/smollm2-zybo/hw/zybo_gemv_bringup/zybo_gemv_bringup.gen/sources_1/bd/design_1/ip/design_1_processing_system7_0_0/design_1_processing_system7_0_0/design_1_processing_system7_0_0_in_context.xdc, line 145).
Applied set_property IO_BUFFER_TYPE = NONE for DDR_we_n. (constraint file  /home/pjs/Desktop/smollm2-zybo/hw/zybo_gemv_bringup/zybo_gemv_bringup.gen/sources_1/bd/design_1/ip/design_1_processing_system7_0_0/design_1_processing_system7_0_0/design_1_processing_system7_0_0_in_context.xdc, line 146).
Applied set_property CLOCK_BUFFER_TYPE = NONE for DDR_we_n. (constraint file  /home/pjs/Desktop/smollm2-zybo/hw/zybo_gemv_bringup/zybo_gemv_bringup.gen/sources_1/bd/design_1/ip/design_1_processing_system7_0_0/design_1_processing_system7_0_0/design_1_processing_system7_0_0_in_context.xdc, line 147).
Applied set_property IO_BUFFER_TYPE = NONE for FIXED_IO_mio[0]. (constraint file  /home/pjs/Desktop/smollm2-zybo/hw/zybo_gemv_bringup/zybo_gemv_bringup.gen/sources_1/bd/design_1/ip/design_1_processing_system7_0_0/design_1_processing_system7_0_0/design_1_processing_system7_0_0_in_context.xdc, line 148).
Applied set_property CLOCK_BUFFER_TYPE = NONE for FIXED_IO_mio[0]. (constraint file  /home/pjs/Desktop/smollm2-zybo/hw/zybo_gemv_bringup/zybo_gemv_bringup.gen/sources_1/bd/design_1/ip/design_1_processing_system7_0_0/design_1_processing_system7_0_0/design_1_processing_system7_0_0_in_context.xdc, line 149).
Applied set_property IO_BUFFER_TYPE = NONE for FIXED_IO_mio[10]. (constraint file  /home/pjs/Desktop/smollm2-zybo/hw/zybo_gemv_bringup/zybo_gemv_bringup.gen/sources_1/bd/design_1/ip/design_1_processing_system7_0_0/design_1_processing_system7_0_0/design_1_processing_system7_0_0_in_context.xdc, line 150).
Applied set_property CLOCK_BUFFER_TYPE = NONE for FIXED_IO_mio[10]. (constraint file  /home/pjs/Desktop/smollm2-zybo/hw/zybo_gemv_bringup/zybo_gemv_bringup.gen/sources_1/bd/design_1/ip/design_1_processing_system7_0_0/design_1_processing_system7_0_0/design_1_processing_system7_0_0_in_context.xdc, line 151).
Applied set_property IO_BUFFER_TYPE = NONE for FIXED_IO_mio[11]. (constraint file  /home/pjs/Desktop/smollm2-zybo/hw/zybo_gemv_bringup/zybo_gemv_bringup.gen/sources_1/bd/design_1/ip/design_1_processing_system7_0_0/design_1_processing_system7_0_0/design_1_processing_system7_0_0_in_context.xdc, line 152).
Applied set_property CLOCK_BUFFER_TYPE = NONE for FIXED_IO_mio[11]. (constraint file  /home/pjs/Desktop/smollm2-zybo/hw/zybo_gemv_bringup/zybo_gemv_bringup.gen/sources_1/bd/design_1/ip/design_1_processing_system7_0_0/design_1_processing_system7_0_0/design_1_processing_system7_0_0_in_context.xdc, line 153).
Applied set_property IO_BUFFER_TYPE = NONE for FIXED_IO_mio[12]. (constraint file  /home/pjs/Desktop/smollm2-zybo/hw/zybo_gemv_bringup/zybo_gemv_bringup.gen/sources_1/bd/design_1/ip/design_1_processing_system7_0_0/design_1_processing_system7_0_0/design_1_processing_system7_0_0_in_context.xdc, line 154).
Applied set_property CLOCK_BUFFER_TYPE = NONE for FIXED_IO_mio[12]. (constraint file  /home/pjs/Desktop/smollm2-zybo/hw/zybo_gemv_bringup/zybo_gemv_bringup.gen/sources_1/bd/design_1/ip/design_1_processing_system7_0_0/design_1_processing_system7_0_0/design_1_processing_system7_0_0_in_context.xdc, line 155).
Applied set_property IO_BUFFER_TYPE = NONE for FIXED_IO_mio[13]. (constraint file  /home/pjs/Desktop/smollm2-zybo/hw/zybo_gemv_bringup/zybo_gemv_bringup.gen/sources_1/bd/design_1/ip/design_1_processing_system7_0_0/design_1_processing_system7_0_0/design_1_processing_system7_0_0_in_context.xdc, line 156).
Applied set_property CLOCK_BUFFER_TYPE = NONE for FIXED_IO_mio[13]. (constraint file  /home/pjs/Desktop/smollm2-zybo/hw/zybo_gemv_bringup/zybo_gemv_bringup.gen/sources_1/bd/design_1/ip/design_1_processing_system7_0_0/design_1_processing_system7_0_0/design_1_processing_system7_0_0_in_context.xdc, line 157).
Applied set_property IO_BUFFER_TYPE = NONE for FIXED_IO_mio[14]. (constraint file  /home/pjs/Desktop/smollm2-zybo/hw/zybo_gemv_bringup/zybo_gemv_bringup.gen/sources_1/bd/design_1/ip/design_1_processing_system7_0_0/design_1_processing_system7_0_0/design_1_processing_system7_0_0_in_context.xdc, line 158).
Applied set_property CLOCK_BUFFER_TYPE = NONE for FIXED_IO_mio[14]. (constraint file  /home/pjs/Desktop/smollm2-zybo/hw/zybo_gemv_bringup/zybo_gemv_bringup.gen/sources_1/bd/design_1/ip/design_1_processing_system7_0_0/design_1_processing_system7_0_0/design_1_processing_system7_0_0_in_context.xdc, line 159).
Applied set_property IO_BUFFER_TYPE = NONE for FIXED_IO_mio[15]. (constraint file  /home/pjs/Desktop/smollm2-zybo/hw/zybo_gemv_bringup/zybo_gemv_bringup.gen/sources_1/bd/design_1/ip/design_1_processing_system7_0_0/design_1_processing_system7_0_0/design_1_processing_system7_0_0_in_context.xdc, line 160).
Applied set_property CLOCK_BUFFER_TYPE = NONE for FIXED_IO_mio[15]. (constraint file  /home/pjs/Desktop/smollm2-zybo/hw/zybo_gemv_bringup/zybo_gemv_bringup.gen/sources_1/bd/design_1/ip/design_1_processing_system7_0_0/design_1_processing_system7_0_0/design_1_processing_system7_0_0_in_context.xdc, line 161).
Applied set_property IO_BUFFER_TYPE = NONE for FIXED_IO_mio[16]. (constraint file  /home/pjs/Desktop/smollm2-zybo/hw/zybo_gemv_bringup/zybo_gemv_bringup.gen/sources_1/bd/design_1/ip/design_1_processing_system7_0_0/design_1_processing_system7_0_0/design_1_processing_system7_0_0_in_context.xdc, line 162).
Applied set_property CLOCK_BUFFER_TYPE = NONE for FIXED_IO_mio[16]. (constraint file  /home/pjs/Desktop/smollm2-zybo/hw/zybo_gemv_bringup/zybo_gemv_bringup.gen/sources_1/bd/design_1/ip/design_1_processing_system7_0_0/design_1_processing_system7_0_0/design_1_processing_system7_0_0_in_context.xdc, line 163).
Applied set_property IO_BUFFER_TYPE = NONE for FIXED_IO_mio[17]. (constraint file  /home/pjs/Desktop/smollm2-zybo/hw/zybo_gemv_bringup/zybo_gemv_bringup.gen/sources_1/bd/design_1/ip/design_1_processing_system7_0_0/design_1_processing_system7_0_0/design_1_processing_system7_0_0_in_context.xdc, line 164).
Applied set_property CLOCK_BUFFER_TYPE = NONE for FIXED_IO_mio[17]. (constraint file  /home/pjs/Desktop/smollm2-zybo/hw/zybo_gemv_bringup/zybo_gemv_bringup.gen/sources_1/bd/design_1/ip/design_1_processing_system7_0_0/design_1_processing_system7_0_0/design_1_processing_system7_0_0_in_context.xdc, line 165).
Applied set_property IO_BUFFER_TYPE = NONE for FIXED_IO_mio[18]. (constraint file  /home/pjs/Desktop/smollm2-zybo/hw/zybo_gemv_bringup/zybo_gemv_bringup.gen/sources_1/bd/design_1/ip/design_1_processing_system7_0_0/design_1_processing_system7_0_0/design_1_processing_system7_0_0_in_context.xdc, line 166).
Applied set_property CLOCK_BUFFER_TYPE = NONE for FIXED_IO_mio[18]. (constraint file  /home/pjs/Desktop/smollm2-zybo/hw/zybo_gemv_bringup/zybo_gemv_bringup.gen/sources_1/bd/design_1/ip/design_1_processing_system7_0_0/design_1_processing_system7_0_0/design_1_processing_system7_0_0_in_context.xdc, line 167).
Applied set_property IO_BUFFER_TYPE = NONE for FIXED_IO_mio[19]. (constraint file  /home/pjs/Desktop/smollm2-zybo/hw/zybo_gemv_bringup/zybo_gemv_bringup.gen/sources_1/bd/design_1/ip/design_1_processing_system7_0_0/design_1_processing_system7_0_0/design_1_processing_system7_0_0_in_context.xdc, line 168).
Applied set_property CLOCK_BUFFER_TYPE = NONE for FIXED_IO_mio[19]. (constraint file  /home/pjs/Desktop/smollm2-zybo/hw/zybo_gemv_bringup/zybo_gemv_bringup.gen/sources_1/bd/design_1/ip/design_1_processing_system7_0_0/design_1_processing_system7_0_0/design_1_processing_system7_0_0_in_context.xdc, line 169).
Applied set_property IO_BUFFER_TYPE = NONE for FIXED_IO_mio[1]. (constraint file  /home/pjs/Desktop/smollm2-zybo/hw/zybo_gemv_bringup/zybo_gemv_bringup.gen/sources_1/bd/design_1/ip/design_1_processing_system7_0_0/design_1_processing_system7_0_0/design_1_processing_system7_0_0_in_context.xdc, line 170).
Applied set_property CLOCK_BUFFER_TYPE = NONE for FIXED_IO_mio[1]. (constraint file  /home/pjs/Desktop/smollm2-zybo/hw/zybo_gemv_bringup/zybo_gemv_bringup.gen/sources_1/bd/design_1/ip/design_1_processing_system7_0_0/design_1_processing_system7_0_0/design_1_processing_system7_0_0_in_context.xdc, line 171).
Applied set_property IO_BUFFER_TYPE = NONE for FIXED_IO_mio[20]. (constraint file  /home/pjs/Desktop/smollm2-zybo/hw/zybo_gemv_bringup/zybo_gemv_bringup.gen/sources_1/bd/design_1/ip/design_1_processing_system7_0_0/design_1_processing_system7_0_0/design_1_processing_system7_0_0_in_context.xdc, line 172).
Applied set_property CLOCK_BUFFER_TYPE = NONE for FIXED_IO_mio[20]. (constraint file  /home/pjs/Desktop/smollm2-zybo/hw/zybo_gemv_bringup/zybo_gemv_bringup.gen/sources_1/bd/design_1/ip/design_1_processing_system7_0_0/design_1_processing_system7_0_0/design_1_processing_system7_0_0_in_context.xdc, line 173).
Applied set_property IO_BUFFER_TYPE = NONE for FIXED_IO_mio[21]. (constraint file  /home/pjs/Desktop/smollm2-zybo/hw/zybo_gemv_bringup/zybo_gemv_bringup.gen/sources_1/bd/design_1/ip/design_1_processing_system7_0_0/design_1_processing_system7_0_0/design_1_processing_system7_0_0_in_context.xdc, line 174).
Applied set_property CLOCK_BUFFER_TYPE = NONE for FIXED_IO_mio[21]. (constraint file  /home/pjs/Desktop/smollm2-zybo/hw/zybo_gemv_bringup/zybo_gemv_bringup.gen/sources_1/bd/design_1/ip/design_1_processing_system7_0_0/design_1_processing_system7_0_0/design_1_processing_system7_0_0_in_context.xdc, line 175).
Applied set_property IO_BUFFER_TYPE = NONE for FIXED_IO_mio[22]. (constraint file  /home/pjs/Desktop/smollm2-zybo/hw/zybo_gemv_bringup/zybo_gemv_bringup.gen/sources_1/bd/design_1/ip/design_1_processing_system7_0_0/design_1_processing_system7_0_0/design_1_processing_system7_0_0_in_context.xdc, line 176).
Applied set_property CLOCK_BUFFER_TYPE = NONE for FIXED_IO_mio[22]. (constraint file  /home/pjs/Desktop/smollm2-zybo/hw/zybo_gemv_bringup/zybo_gemv_bringup.gen/sources_1/bd/design_1/ip/design_1_processing_system7_0_0/design_1_processing_system7_0_0/design_1_processing_system7_0_0_in_context.xdc, line 177).
Applied set_property IO_BUFFER_TYPE = NONE for FIXED_IO_mio[23]. (constraint file  /home/pjs/Desktop/smollm2-zybo/hw/zybo_gemv_bringup/zybo_gemv_bringup.gen/sources_1/bd/design_1/ip/design_1_processing_system7_0_0/design_1_processing_system7_0_0/design_1_processing_system7_0_0_in_context.xdc, line 178).
Applied set_property CLOCK_BUFFER_TYPE = NONE for FIXED_IO_mio[23]. (constraint file  /home/pjs/Desktop/smollm2-zybo/hw/zybo_gemv_bringup/zybo_gemv_bringup.gen/sources_1/bd/design_1/ip/design_1_processing_system7_0_0/design_1_processing_system7_0_0/design_1_processing_system7_0_0_in_context.xdc, line 179).
Applied set_property IO_BUFFER_TYPE = NONE for FIXED_IO_mio[24]. (constraint file  /home/pjs/Desktop/smollm2-zybo/hw/zybo_gemv_bringup/zybo_gemv_bringup.gen/sources_1/bd/design_1/ip/design_1_processing_system7_0_0/design_1_processing_system7_0_0/design_1_processing_system7_0_0_in_context.xdc, line 180).
Applied set_property CLOCK_BUFFER_TYPE = NONE for FIXED_IO_mio[24]. (constraint file  /home/pjs/Desktop/smollm2-zybo/hw/zybo_gemv_bringup/zybo_gemv_bringup.gen/sources_1/bd/design_1/ip/design_1_processing_system7_0_0/design_1_processing_system7_0_0/design_1_processing_system7_0_0_in_context.xdc, line 181).
Applied set_property IO_BUFFER_TYPE = NONE for FIXED_IO_mio[25]. (constraint file  /home/pjs/Desktop/smollm2-zybo/hw/zybo_gemv_bringup/zybo_gemv_bringup.gen/sources_1/bd/design_1/ip/design_1_processing_system7_0_0/design_1_processing_system7_0_0/design_1_processing_system7_0_0_in_context.xdc, line 182).
Applied set_property CLOCK_BUFFER_TYPE = NONE for FIXED_IO_mio[25]. (constraint file  /home/pjs/Desktop/smollm2-zybo/hw/zybo_gemv_bringup/zybo_gemv_bringup.gen/sources_1/bd/design_1/ip/design_1_processing_system7_0_0/design_1_processing_system7_0_0/design_1_processing_system7_0_0_in_context.xdc, line 183).
Applied set_property IO_BUFFER_TYPE = NONE for FIXED_IO_mio[26]. (constraint file  /home/pjs/Desktop/smollm2-zybo/hw/zybo_gemv_bringup/zybo_gemv_bringup.gen/sources_1/bd/design_1/ip/design_1_processing_system7_0_0/design_1_processing_system7_0_0/design_1_processing_system7_0_0_in_context.xdc, line 184).
Applied set_property CLOCK_BUFFER_TYPE = NONE for FIXED_IO_mio[26]. (constraint file  /home/pjs/Desktop/smollm2-zybo/hw/zybo_gemv_bringup/zybo_gemv_bringup.gen/sources_1/bd/design_1/ip/design_1_processing_system7_0_0/design_1_processing_system7_0_0/design_1_processing_system7_0_0_in_context.xdc, line 185).
Applied set_property IO_BUFFER_TYPE = NONE for FIXED_IO_mio[27]. (constraint file  /home/pjs/Desktop/smollm2-zybo/hw/zybo_gemv_bringup/zybo_gemv_bringup.gen/sources_1/bd/design_1/ip/design_1_processing_system7_0_0/design_1_processing_system7_0_0/design_1_processing_system7_0_0_in_context.xdc, line 186).
Applied set_property CLOCK_BUFFER_TYPE = NONE for FIXED_IO_mio[27]. (constraint file  /home/pjs/Desktop/smollm2-zybo/hw/zybo_gemv_bringup/zybo_gemv_bringup.gen/sources_1/bd/design_1/ip/design_1_processing_system7_0_0/design_1_processing_system7_0_0/design_1_processing_system7_0_0_in_context.xdc, line 187).
Applied set_property IO_BUFFER_TYPE = NONE for FIXED_IO_mio[28]. (constraint file  /home/pjs/Desktop/smollm2-zybo/hw/zybo_gemv_bringup/zybo_gemv_bringup.gen/sources_1/bd/design_1/ip/design_1_processing_system7_0_0/design_1_processing_system7_0_0/design_1_processing_system7_0_0_in_context.xdc, line 188).
Applied set_property CLOCK_BUFFER_TYPE = NONE for FIXED_IO_mio[28]. (constraint file  /home/pjs/Desktop/smollm2-zybo/hw/zybo_gemv_bringup/zybo_gemv_bringup.gen/sources_1/bd/design_1/ip/design_1_processing_system7_0_0/design_1_processing_system7_0_0/design_1_processing_system7_0_0_in_context.xdc, line 189).
Applied set_property IO_BUFFER_TYPE = NONE for FIXED_IO_mio[29]. (constraint file  /home/pjs/Desktop/smollm2-zybo/hw/zybo_gemv_bringup/zybo_gemv_bringup.gen/sources_1/bd/design_1/ip/design_1_processing_system7_0_0/design_1_processing_system7_0_0/design_1_processing_system7_0_0_in_context.xdc, line 190).
Applied set_property CLOCK_BUFFER_TYPE = NONE for FIXED_IO_mio[29]. (constraint file  /home/pjs/Desktop/smollm2-zybo/hw/zybo_gemv_bringup/zybo_gemv_bringup.gen/sources_1/bd/design_1/ip/design_1_processing_system7_0_0/design_1_processing_system7_0_0/design_1_processing_system7_0_0_in_context.xdc, line 191).
Applied set_property IO_BUFFER_TYPE = NONE for FIXED_IO_mio[2]. (constraint file  /home/pjs/Desktop/smollm2-zybo/hw/zybo_gemv_bringup/zybo_gemv_bringup.gen/sources_1/bd/design_1/ip/design_1_processing_system7_0_0/design_1_processing_system7_0_0/design_1_processing_system7_0_0_in_context.xdc, line 192).
Applied set_property CLOCK_BUFFER_TYPE = NONE for FIXED_IO_mio[2]. (constraint file  /home/pjs/Desktop/smollm2-zybo/hw/zybo_gemv_bringup/zybo_gemv_bringup.gen/sources_1/bd/design_1/ip/design_1_processing_system7_0_0/design_1_processing_system7_0_0/design_1_processing_system7_0_0_in_context.xdc, line 193).
Applied set_property IO_BUFFER_TYPE = NONE for FIXED_IO_mio[30]. (constraint file  /home/pjs/Desktop/smollm2-zybo/hw/zybo_gemv_bringup/zybo_gemv_bringup.gen/sources_1/bd/design_1/ip/design_1_processing_system7_0_0/design_1_processing_system7_0_0/design_1_processing_system7_0_0_in_context.xdc, line 194).
Applied set_property CLOCK_BUFFER_TYPE = NONE for FIXED_IO_mio[30]. (constraint file  /home/pjs/Desktop/smollm2-zybo/hw/zybo_gemv_bringup/zybo_gemv_bringup.gen/sources_1/bd/design_1/ip/design_1_processing_system7_0_0/design_1_processing_system7_0_0/design_1_processing_system7_0_0_in_context.xdc, line 195).
Applied set_property IO_BUFFER_TYPE = NONE for FIXED_IO_mio[31]. (constraint file  /home/pjs/Desktop/smollm2-zybo/hw/zybo_gemv_bringup/zybo_gemv_bringup.gen/sources_1/bd/design_1/ip/design_1_processing_system7_0_0/design_1_processing_system7_0_0/design_1_processing_system7_0_0_in_context.xdc, line 196).
Applied set_property CLOCK_BUFFER_TYPE = NONE for FIXED_IO_mio[31]. (constraint file  /home/pjs/Desktop/smollm2-zybo/hw/zybo_gemv_bringup/zybo_gemv_bringup.gen/sources_1/bd/design_1/ip/design_1_processing_system7_0_0/design_1_processing_system7_0_0/design_1_processing_system7_0_0_in_context.xdc, line 197).
Applied set_property IO_BUFFER_TYPE = NONE for FIXED_IO_mio[32]. (constraint file  /home/pjs/Desktop/smollm2-zybo/hw/zybo_gemv_bringup/zybo_gemv_bringup.gen/sources_1/bd/design_1/ip/design_1_processing_system7_0_0/design_1_processing_system7_0_0/design_1_processing_system7_0_0_in_context.xdc, line 198).
Applied set_property CLOCK_BUFFER_TYPE = NONE for FIXED_IO_mio[32]. (constraint file  /home/pjs/Desktop/smollm2-zybo/hw/zybo_gemv_bringup/zybo_gemv_bringup.gen/sources_1/bd/design_1/ip/design_1_processing_system7_0_0/design_1_processing_system7_0_0/design_1_processing_system7_0_0_in_context.xdc, line 199).
Applied set_property IO_BUFFER_TYPE = NONE for FIXED_IO_mio[33]. (constraint file  /home/pjs/Desktop/smollm2-zybo/hw/zybo_gemv_bringup/zybo_gemv_bringup.gen/sources_1/bd/design_1/ip/design_1_processing_system7_0_0/design_1_processing_system7_0_0/design_1_processing_system7_0_0_in_context.xdc, line 200).
Applied set_property CLOCK_BUFFER_TYPE = NONE for FIXED_IO_mio[33]. (constraint file  /home/pjs/Desktop/smollm2-zybo/hw/zybo_gemv_bringup/zybo_gemv_bringup.gen/sources_1/bd/design_1/ip/design_1_processing_system7_0_0/design_1_processing_system7_0_0/design_1_processing_system7_0_0_in_context.xdc, line 201).
Applied set_property IO_BUFFER_TYPE = NONE for FIXED_IO_mio[34]. (constraint file  /home/pjs/Desktop/smollm2-zybo/hw/zybo_gemv_bringup/zybo_gemv_bringup.gen/sources_1/bd/design_1/ip/design_1_processing_system7_0_0/design_1_processing_system7_0_0/design_1_processing_system7_0_0_in_context.xdc, line 202).
Applied set_property CLOCK_BUFFER_TYPE = NONE for FIXED_IO_mio[34]. (constraint file  /home/pjs/Desktop/smollm2-zybo/hw/zybo_gemv_bringup/zybo_gemv_bringup.gen/sources_1/bd/design_1/ip/design_1_processing_system7_0_0/design_1_processing_system7_0_0/design_1_processing_system7_0_0_in_context.xdc, line 203).
Applied set_property IO_BUFFER_TYPE = NONE for FIXED_IO_mio[35]. (constraint file  /home/pjs/Desktop/smollm2-zybo/hw/zybo_gemv_bringup/zybo_gemv_bringup.gen/sources_1/bd/design_1/ip/design_1_processing_system7_0_0/design_1_processing_system7_0_0/design_1_processing_system7_0_0_in_context.xdc, line 204).
Applied set_property CLOCK_BUFFER_TYPE = NONE for FIXED_IO_mio[35]. (constraint file  /home/pjs/Desktop/smollm2-zybo/hw/zybo_gemv_bringup/zybo_gemv_bringup.gen/sources_1/bd/design_1/ip/design_1_processing_system7_0_0/design_1_processing_system7_0_0/design_1_processing_system7_0_0_in_context.xdc, line 205).
Applied set_property IO_BUFFER_TYPE = NONE for FIXED_IO_mio[36]. (constraint file  /home/pjs/Desktop/smollm2-zybo/hw/zybo_gemv_bringup/zybo_gemv_bringup.gen/sources_1/bd/design_1/ip/design_1_processing_system7_0_0/design_1_processing_system7_0_0/design_1_processing_system7_0_0_in_context.xdc, line 206).
Applied set_property CLOCK_BUFFER_TYPE = NONE for FIXED_IO_mio[36]. (constraint file  /home/pjs/Desktop/smollm2-zybo/hw/zybo_gemv_bringup/zybo_gemv_bringup.gen/sources_1/bd/design_1/ip/design_1_processing_system7_0_0/design_1_processing_system7_0_0/design_1_processing_system7_0_0_in_context.xdc, line 207).
Applied set_property IO_BUFFER_TYPE = NONE for FIXED_IO_mio[37]. (constraint file  /home/pjs/Desktop/smollm2-zybo/hw/zybo_gemv_bringup/zybo_gemv_bringup.gen/sources_1/bd/design_1/ip/design_1_processing_system7_0_0/design_1_processing_system7_0_0/design_1_processing_system7_0_0_in_context.xdc, line 208).
Applied set_property CLOCK_BUFFER_TYPE = NONE for FIXED_IO_mio[37]. (constraint file  /home/pjs/Desktop/smollm2-zybo/hw/zybo_gemv_bringup/zybo_gemv_bringup.gen/sources_1/bd/design_1/ip/design_1_processing_system7_0_0/design_1_processing_system7_0_0/design_1_processing_system7_0_0_in_context.xdc, line 209).
Applied set_property IO_BUFFER_TYPE = NONE for FIXED_IO_mio[38]. (constraint file  /home/pjs/Desktop/smollm2-zybo/hw/zybo_gemv_bringup/zybo_gemv_bringup.gen/sources_1/bd/design_1/ip/design_1_processing_system7_0_0/design_1_processing_system7_0_0/design_1_processing_system7_0_0_in_context.xdc, line 210).
Applied set_property CLOCK_BUFFER_TYPE = NONE for FIXED_IO_mio[38]. (constraint file  /home/pjs/Desktop/smollm2-zybo/hw/zybo_gemv_bringup/zybo_gemv_bringup.gen/sources_1/bd/design_1/ip/design_1_processing_system7_0_0/design_1_processing_system7_0_0/design_1_processing_system7_0_0_in_context.xdc, line 211).
Applied set_property IO_BUFFER_TYPE = NONE for FIXED_IO_mio[39]. (constraint file  /home/pjs/Desktop/smollm2-zybo/hw/zybo_gemv_bringup/zybo_gemv_bringup.gen/sources_1/bd/design_1/ip/design_1_processing_system7_0_0/design_1_processing_system7_0_0/design_1_processing_system7_0_0_in_context.xdc, line 212).
Applied set_property CLOCK_BUFFER_TYPE = NONE for FIXED_IO_mio[39]. (constraint file  /home/pjs/Desktop/smollm2-zybo/hw/zybo_gemv_bringup/zybo_gemv_bringup.gen/sources_1/bd/design_1/ip/design_1_processing_system7_0_0/design_1_processing_system7_0_0/design_1_processing_system7_0_0_in_context.xdc, line 213).
Applied set_property IO_BUFFER_TYPE = NONE for FIXED_IO_mio[3]. (constraint file  /home/pjs/Desktop/smollm2-zybo/hw/zybo_gemv_bringup/zybo_gemv_bringup.gen/sources_1/bd/design_1/ip/design_1_processing_system7_0_0/design_1_processing_system7_0_0/design_1_processing_system7_0_0_in_context.xdc, line 214).
Applied set_property CLOCK_BUFFER_TYPE = NONE for FIXED_IO_mio[3]. (constraint file  /home/pjs/Desktop/smollm2-zybo/hw/zybo_gemv_bringup/zybo_gemv_bringup.gen/sources_1/bd/design_1/ip/design_1_processing_system7_0_0/design_1_processing_system7_0_0/design_1_processing_system7_0_0_in_context.xdc, line 215).
Applied set_property IO_BUFFER_TYPE = NONE for FIXED_IO_mio[40]. (constraint file  /home/pjs/Desktop/smollm2-zybo/hw/zybo_gemv_bringup/zybo_gemv_bringup.gen/sources_1/bd/design_1/ip/design_1_processing_system7_0_0/design_1_processing_system7_0_0/design_1_processing_system7_0_0_in_context.xdc, line 216).
Applied set_property CLOCK_BUFFER_TYPE = NONE for FIXED_IO_mio[40]. (constraint file  /home/pjs/Desktop/smollm2-zybo/hw/zybo_gemv_bringup/zybo_gemv_bringup.gen/sources_1/bd/design_1/ip/design_1_processing_system7_0_0/design_1_processing_system7_0_0/design_1_processing_system7_0_0_in_context.xdc, line 217).
Applied set_property IO_BUFFER_TYPE = NONE for FIXED_IO_mio[41]. (constraint file  /home/pjs/Desktop/smollm2-zybo/hw/zybo_gemv_bringup/zybo_gemv_bringup.gen/sources_1/bd/design_1/ip/design_1_processing_system7_0_0/design_1_processing_system7_0_0/design_1_processing_system7_0_0_in_context.xdc, line 218).
Applied set_property CLOCK_BUFFER_TYPE = NONE for FIXED_IO_mio[41]. (constraint file  /home/pjs/Desktop/smollm2-zybo/hw/zybo_gemv_bringup/zybo_gemv_bringup.gen/sources_1/bd/design_1/ip/design_1_processing_system7_0_0/design_1_processing_system7_0_0/design_1_processing_system7_0_0_in_context.xdc, line 219).
Applied set_property IO_BUFFER_TYPE = NONE for FIXED_IO_mio[42]. (constraint file  /home/pjs/Desktop/smollm2-zybo/hw/zybo_gemv_bringup/zybo_gemv_bringup.gen/sources_1/bd/design_1/ip/design_1_processing_system7_0_0/design_1_processing_system7_0_0/design_1_processing_system7_0_0_in_context.xdc, line 220).
Applied set_property CLOCK_BUFFER_TYPE = NONE for FIXED_IO_mio[42]. (constraint file  /home/pjs/Desktop/smollm2-zybo/hw/zybo_gemv_bringup/zybo_gemv_bringup.gen/sources_1/bd/design_1/ip/design_1_processing_system7_0_0/design_1_processing_system7_0_0/design_1_processing_system7_0_0_in_context.xdc, line 221).
Applied set_property IO_BUFFER_TYPE = NONE for FIXED_IO_mio[43]. (constraint file  /home/pjs/Desktop/smollm2-zybo/hw/zybo_gemv_bringup/zybo_gemv_bringup.gen/sources_1/bd/design_1/ip/design_1_processing_system7_0_0/design_1_processing_system7_0_0/design_1_processing_system7_0_0_in_context.xdc, line 222).
Applied set_property CLOCK_BUFFER_TYPE = NONE for FIXED_IO_mio[43]. (constraint file  /home/pjs/Desktop/smollm2-zybo/hw/zybo_gemv_bringup/zybo_gemv_bringup.gen/sources_1/bd/design_1/ip/design_1_processing_system7_0_0/design_1_processing_system7_0_0/design_1_processing_system7_0_0_in_context.xdc, line 223).
Applied set_property IO_BUFFER_TYPE = NONE for FIXED_IO_mio[44]. (constraint file  /home/pjs/Desktop/smollm2-zybo/hw/zybo_gemv_bringup/zybo_gemv_bringup.gen/sources_1/bd/design_1/ip/design_1_processing_system7_0_0/design_1_processing_system7_0_0/design_1_processing_system7_0_0_in_context.xdc, line 224).
Applied set_property CLOCK_BUFFER_TYPE = NONE for FIXED_IO_mio[44]. (constraint file  /home/pjs/Desktop/smollm2-zybo/hw/zybo_gemv_bringup/zybo_gemv_bringup.gen/sources_1/bd/design_1/ip/design_1_processing_system7_0_0/design_1_processing_system7_0_0/design_1_processing_system7_0_0_in_context.xdc, line 225).
Applied set_property IO_BUFFER_TYPE = NONE for FIXED_IO_mio[45]. (constraint file  /home/pjs/Desktop/smollm2-zybo/hw/zybo_gemv_bringup/zybo_gemv_bringup.gen/sources_1/bd/design_1/ip/design_1_processing_system7_0_0/design_1_processing_system7_0_0/design_1_processing_system7_0_0_in_context.xdc, line 226).
Applied set_property CLOCK_BUFFER_TYPE = NONE for FIXED_IO_mio[45]. (constraint file  /home/pjs/Desktop/smollm2-zybo/hw/zybo_gemv_bringup/zybo_gemv_bringup.gen/sources_1/bd/design_1/ip/design_1_processing_system7_0_0/design_1_processing_system7_0_0/design_1_processing_system7_0_0_in_context.xdc, line 227).
Applied set_property IO_BUFFER_TYPE = NONE for FIXED_IO_mio[46]. (constraint file  /home/pjs/Desktop/smollm2-zybo/hw/zybo_gemv_bringup/zybo_gemv_bringup.gen/sources_1/bd/design_1/ip/design_1_processing_system7_0_0/design_1_processing_system7_0_0/design_1_processing_system7_0_0_in_context.xdc, line 228).
Applied set_property CLOCK_BUFFER_TYPE = NONE for FIXED_IO_mio[46]. (constraint file  /home/pjs/Desktop/smollm2-zybo/hw/zybo_gemv_bringup/zybo_gemv_bringup.gen/sources_1/bd/design_1/ip/design_1_processing_system7_0_0/design_1_processing_system7_0_0/design_1_processing_system7_0_0_in_context.xdc, line 229).
Applied set_property IO_BUFFER_TYPE = NONE for FIXED_IO_mio[47]. (constraint file  /home/pjs/Desktop/smollm2-zybo/hw/zybo_gemv_bringup/zybo_gemv_bringup.gen/sources_1/bd/design_1/ip/design_1_processing_system7_0_0/design_1_processing_system7_0_0/design_1_processing_system7_0_0_in_context.xdc, line 230).
Applied set_property CLOCK_BUFFER_TYPE = NONE for FIXED_IO_mio[47]. (constraint file  /home/pjs/Desktop/smollm2-zybo/hw/zybo_gemv_bringup/zybo_gemv_bringup.gen/sources_1/bd/design_1/ip/design_1_processing_system7_0_0/design_1_processing_system7_0_0/design_1_processing_system7_0_0_in_context.xdc, line 231).
Applied set_property IO_BUFFER_TYPE = NONE for FIXED_IO_mio[48]. (constraint file  /home/pjs/Desktop/smollm2-zybo/hw/zybo_gemv_bringup/zybo_gemv_bringup.gen/sources_1/bd/design_1/ip/design_1_processing_system7_0_0/design_1_processing_system7_0_0/design_1_processing_system7_0_0_in_context.xdc, line 232).
Applied set_property CLOCK_BUFFER_TYPE = NONE for FIXED_IO_mio[48]. (constraint file  /home/pjs/Desktop/smollm2-zybo/hw/zybo_gemv_bringup/zybo_gemv_bringup.gen/sources_1/bd/design_1/ip/design_1_processing_system7_0_0/design_1_processing_system7_0_0/design_1_processing_system7_0_0_in_context.xdc, line 233).
Applied set_property IO_BUFFER_TYPE = NONE for FIXED_IO_mio[49]. (constraint file  /home/pjs/Desktop/smollm2-zybo/hw/zybo_gemv_bringup/zybo_gemv_bringup.gen/sources_1/bd/design_1/ip/design_1_processing_system7_0_0/design_1_processing_system7_0_0/design_1_processing_system7_0_0_in_context.xdc, line 234).
Applied set_property CLOCK_BUFFER_TYPE = NONE for FIXED_IO_mio[49]. (constraint file  /home/pjs/Desktop/smollm2-zybo/hw/zybo_gemv_bringup/zybo_gemv_bringup.gen/sources_1/bd/design_1/ip/design_1_processing_system7_0_0/design_1_processing_system7_0_0/design_1_processing_system7_0_0_in_context.xdc, line 235).
Applied set_property IO_BUFFER_TYPE = NONE for FIXED_IO_mio[4]. (constraint file  /home/pjs/Desktop/smollm2-zybo/hw/zybo_gemv_bringup/zybo_gemv_bringup.gen/sources_1/bd/design_1/ip/design_1_processing_system7_0_0/design_1_processing_system7_0_0/design_1_processing_system7_0_0_in_context.xdc, line 236).
Applied set_property CLOCK_BUFFER_TYPE = NONE for FIXED_IO_mio[4]. (constraint file  /home/pjs/Desktop/smollm2-zybo/hw/zybo_gemv_bringup/zybo_gemv_bringup.gen/sources_1/bd/design_1/ip/design_1_processing_system7_0_0/design_1_processing_system7_0_0/design_1_processing_system7_0_0_in_context.xdc, line 237).
Applied set_property IO_BUFFER_TYPE = NONE for FIXED_IO_mio[50]. (constraint file  /home/pjs/Desktop/smollm2-zybo/hw/zybo_gemv_bringup/zybo_gemv_bringup.gen/sources_1/bd/design_1/ip/design_1_processing_system7_0_0/design_1_processing_system7_0_0/design_1_processing_system7_0_0_in_context.xdc, line 238).
Applied set_property CLOCK_BUFFER_TYPE = NONE for FIXED_IO_mio[50]. (constraint file  /home/pjs/Desktop/smollm2-zybo/hw/zybo_gemv_bringup/zybo_gemv_bringup.gen/sources_1/bd/design_1/ip/design_1_processing_system7_0_0/design_1_processing_system7_0_0/design_1_processing_system7_0_0_in_context.xdc, line 239).
Applied set_property IO_BUFFER_TYPE = NONE for FIXED_IO_mio[51]. (constraint file  /home/pjs/Desktop/smollm2-zybo/hw/zybo_gemv_bringup/zybo_gemv_bringup.gen/sources_1/bd/design_1/ip/design_1_processing_system7_0_0/design_1_processing_system7_0_0/design_1_processing_system7_0_0_in_context.xdc, line 240).
Applied set_property CLOCK_BUFFER_TYPE = NONE for FIXED_IO_mio[51]. (constraint file  /home/pjs/Desktop/smollm2-zybo/hw/zybo_gemv_bringup/zybo_gemv_bringup.gen/sources_1/bd/design_1/ip/design_1_processing_system7_0_0/design_1_processing_system7_0_0/design_1_processing_system7_0_0_in_context.xdc, line 241).
Applied set_property IO_BUFFER_TYPE = NONE for FIXED_IO_mio[52]. (constraint file  /home/pjs/Desktop/smollm2-zybo/hw/zybo_gemv_bringup/zybo_gemv_bringup.gen/sources_1/bd/design_1/ip/design_1_processing_system7_0_0/design_1_processing_system7_0_0/design_1_processing_system7_0_0_in_context.xdc, line 242).
Applied set_property CLOCK_BUFFER_TYPE = NONE for FIXED_IO_mio[52]. (constraint file  /home/pjs/Desktop/smollm2-zybo/hw/zybo_gemv_bringup/zybo_gemv_bringup.gen/sources_1/bd/design_1/ip/design_1_processing_system7_0_0/design_1_processing_system7_0_0/design_1_processing_system7_0_0_in_context.xdc, line 243).
Applied set_property IO_BUFFER_TYPE = NONE for FIXED_IO_mio[53]. (constraint file  /home/pjs/Desktop/smollm2-zybo/hw/zybo_gemv_bringup/zybo_gemv_bringup.gen/sources_1/bd/design_1/ip/design_1_processing_system7_0_0/design_1_processing_system7_0_0/design_1_processing_system7_0_0_in_context.xdc, line 244).
Applied set_property CLOCK_BUFFER_TYPE = NONE for FIXED_IO_mio[53]. (constraint file  /home/pjs/Desktop/smollm2-zybo/hw/zybo_gemv_bringup/zybo_gemv_bringup.gen/sources_1/bd/design_1/ip/design_1_processing_system7_0_0/design_1_processing_system7_0_0/design_1_processing_system7_0_0_in_context.xdc, line 245).
Applied set_property IO_BUFFER_TYPE = NONE for FIXED_IO_mio[5]. (constraint file  /home/pjs/Desktop/smollm2-zybo/hw/zybo_gemv_bringup/zybo_gemv_bringup.gen/sources_1/bd/design_1/ip/design_1_processing_system7_0_0/design_1_processing_system7_0_0/design_1_processing_system7_0_0_in_context.xdc, line 246).
Applied set_property CLOCK_BUFFER_TYPE = NONE for FIXED_IO_mio[5]. (constraint file  /home/pjs/Desktop/smollm2-zybo/hw/zybo_gemv_bringup/zybo_gemv_bringup.gen/sources_1/bd/design_1/ip/design_1_processing_system7_0_0/design_1_processing_system7_0_0/design_1_processing_system7_0_0_in_context.xdc, line 247).
Applied set_property IO_BUFFER_TYPE = NONE for FIXED_IO_mio[6]. (constraint file  /home/pjs/Desktop/smollm2-zybo/hw/zybo_gemv_bringup/zybo_gemv_bringup.gen/sources_1/bd/design_1/ip/design_1_processing_system7_0_0/design_1_processing_system7_0_0/design_1_processing_system7_0_0_in_context.xdc, line 248).
Applied set_property CLOCK_BUFFER_TYPE = NONE for FIXED_IO_mio[6]. (constraint file  /home/pjs/Desktop/smollm2-zybo/hw/zybo_gemv_bringup/zybo_gemv_bringup.gen/sources_1/bd/design_1/ip/design_1_processing_system7_0_0/design_1_processing_system7_0_0/design_1_processing_system7_0_0_in_context.xdc, line 249).
Applied set_property IO_BUFFER_TYPE = NONE for FIXED_IO_mio[7]. (constraint file  /home/pjs/Desktop/smollm2-zybo/hw/zybo_gemv_bringup/zybo_gemv_bringup.gen/sources_1/bd/design_1/ip/design_1_processing_system7_0_0/design_1_processing_system7_0_0/design_1_processing_system7_0_0_in_context.xdc, line 250).
Applied set_property CLOCK_BUFFER_TYPE = NONE for FIXED_IO_mio[7]. (constraint file  /home/pjs/Desktop/smollm2-zybo/hw/zybo_gemv_bringup/zybo_gemv_bringup.gen/sources_1/bd/design_1/ip/design_1_processing_system7_0_0/design_1_processing_system7_0_0/design_1_processing_system7_0_0_in_context.xdc, line 251).
Applied set_property IO_BUFFER_TYPE = NONE for FIXED_IO_mio[8]. (constraint file  /home/pjs/Desktop/smollm2-zybo/hw/zybo_gemv_bringup/zybo_gemv_bringup.gen/sources_1/bd/design_1/ip/design_1_processing_system7_0_0/design_1_processing_system7_0_0/design_1_processing_system7_0_0_in_context.xdc, line 252).
Applied set_property CLOCK_BUFFER_TYPE = NONE for FIXED_IO_mio[8]. (constraint file  /home/pjs/Desktop/smollm2-zybo/hw/zybo_gemv_bringup/zybo_gemv_bringup.gen/sources_1/bd/design_1/ip/design_1_processing_system7_0_0/design_1_processing_system7_0_0/design_1_processing_system7_0_0_in_context.xdc, line 253).
Applied set_property IO_BUFFER_TYPE = NONE for FIXED_IO_mio[9]. (constraint file  /home/pjs/Desktop/smollm2-zybo/hw/zybo_gemv_bringup/zybo_gemv_bringup.gen/sources_1/bd/design_1/ip/design_1_processing_system7_0_0/design_1_processing_system7_0_0/design_1_processing_system7_0_0_in_context.xdc, line 254).
Applied set_property CLOCK_BUFFER_TYPE = NONE for FIXED_IO_mio[9]. (constraint file  /home/pjs/Desktop/smollm2-zybo/hw/zybo_gemv_bringup/zybo_gemv_bringup.gen/sources_1/bd/design_1/ip/design_1_processing_system7_0_0/design_1_processing_system7_0_0/design_1_processing_system7_0_0_in_context.xdc, line 255).
Applied set_property IO_BUFFER_TYPE = NONE for FIXED_IO_ps_clk. (constraint file  /home/pjs/Desktop/smollm2-zybo/hw/zybo_gemv_bringup/zybo_gemv_bringup.gen/sources_1/bd/design_1/ip/design_1_processing_system7_0_0/design_1_processing_system7_0_0/design_1_processing_system7_0_0_in_context.xdc, line 256).
Applied set_property CLOCK_BUFFER_TYPE = NONE for FIXED_IO_ps_clk. (constraint file  /home/pjs/Desktop/smollm2-zybo/hw/zybo_gemv_bringup/zybo_gemv_bringup.gen/sources_1/bd/design_1/ip/design_1_processing_system7_0_0/design_1_processing_system7_0_0/design_1_processing_system7_0_0_in_context.xdc, line 257).
Applied set_property IO_BUFFER_TYPE = NONE for FIXED_IO_ps_porb. (constraint file  /home/pjs/Desktop/smollm2-zybo/hw/zybo_gemv_bringup/zybo_gemv_bringup.gen/sources_1/bd/design_1/ip/design_1_processing_system7_0_0/design_1_processing_system7_0_0/design_1_processing_system7_0_0_in_context.xdc, line 258).
Applied set_property CLOCK_BUFFER_TYPE = NONE for FIXED_IO_ps_porb. (constraint file  /home/pjs/Desktop/smollm2-zybo/hw/zybo_gemv_bringup/zybo_gemv_bringup.gen/sources_1/bd/design_1/ip/design_1_processing_system7_0_0/design_1_processing_system7_0_0/design_1_processing_system7_0_0_in_context.xdc, line 259).
Applied set_property IO_BUFFER_TYPE = NONE for FIXED_IO_ps_srstb. (constraint file  /home/pjs/Desktop/smollm2-zybo/hw/zybo_gemv_bringup/zybo_gemv_bringup.gen/sources_1/bd/design_1/ip/design_1_processing_system7_0_0/design_1_processing_system7_0_0/design_1_processing_system7_0_0_in_context.xdc, line 260).
Applied set_property CLOCK_BUFFER_TYPE = NONE for FIXED_IO_ps_srstb. (constraint file  /home/pjs/Desktop/smollm2-zybo/hw/zybo_gemv_bringup/zybo_gemv_bringup.gen/sources_1/bd/design_1/ip/design_1_processing_system7_0_0/design_1_processing_system7_0_0/design_1_processing_system7_0_0_in_context.xdc, line 261).
Applied set_property KEEP_HIERARCHY = SOFT for design_1_i. (constraint file  auto generated constraint).
Applied set_property KEEP_HIERARCHY = SOFT for design_1_i/processing_system7_0. (constraint file  auto generated constraint).
Applied set_property KEEP_HIERARCHY = SOFT for design_1_i/gemv_q8_0_axi_lite_0. (constraint file  auto generated constraint).
Applied set_property KEEP_HIERARCHY = SOFT for design_1_i/ps7_0_axi_periph/s00_couplers/auto_pc. (constraint file  auto generated constraint).
Applied set_property KEEP_HIERARCHY = SOFT for design_1_i/ps7_0_axi_periph. (constraint file  auto generated constraint).
Applied set_property KEEP_HIERARCHY = SOFT for design_1_i/rst_ps7_0_100M. (constraint file  auto generated constraint).
---------------------------------------------------------------------------------
Finished applying 'set_property' XDC Constraints : Time (s): cpu = 00:00:08 ; elapsed = 00:00:08 . Memory (MB): peak = 2150.492 ; gain = 556.000 ; free physical = 24620 ; free virtual = 65801
---------------------------------------------------------------------------------
---------------------------------------------------------------------------------
Finished RTL Optimization Phase 2 : Time (s): cpu = 00:00:08 ; elapsed = 00:00:08 . Memory (MB): peak = 2150.492 ; gain = 556.000 ; free physical = 24617 ; free virtual = 65808
---------------------------------------------------------------------------------
---------------------------------------------------------------------------------
Start RTL Component Statistics 
---------------------------------------------------------------------------------
Detailed RTL Component Info : 
---------------------------------------------------------------------------------
Finished RTL Component Statistics 
---------------------------------------------------------------------------------
---------------------------------------------------------------------------------
Start Part Resource Summary
---------------------------------------------------------------------------------
Part Resources:
DSPs: 220 (col length:60)
BRAMs: 280 (col length: RAMB18 60 RAMB36 30)
---------------------------------------------------------------------------------
Finished Part Resource Summary
---------------------------------------------------------------------------------
---------------------------------------------------------------------------------
Start Cross Boundary and Area Optimization
---------------------------------------------------------------------------------
WARNING: [Synth 8-7080] Parallel synthesis criteria is not met
WARNING: [Synth 8-7129] Port ACLK in module design_1_ps7_0_axi_periph_0 is either unconnected or has no load
WARNING: [Synth 8-7129] Port ARESETN in module design_1_ps7_0_axi_periph_0 is either unconnected or has no load
WARNING: [Synth 8-7129] Port M00_ACLK in module design_1_ps7_0_axi_periph_0 is either unconnected or has no load
WARNING: [Synth 8-7129] Port M00_ARESETN in module design_1_ps7_0_axi_periph_0 is either unconnected or has no load
---------------------------------------------------------------------------------
Finished Cross Boundary and Area Optimization : Time (s): cpu = 00:00:09 ; elapsed = 00:00:09 . Memory (MB): peak = 2150.492 ; gain = 556.000 ; free physical = 24617 ; free virtual = 65815
---------------------------------------------------------------------------------
---------------------------------------------------------------------------------
Start Applying XDC Timing Constraints
---------------------------------------------------------------------------------
---------------------------------------------------------------------------------
Finished Applying XDC Timing Constraints : Time (s): cpu = 00:00:12 ; elapsed = 00:00:13 . Memory (MB): peak = 2229.492 ; gain = 635.000 ; free physical = 24527 ; free virtual = 65727
---------------------------------------------------------------------------------
---------------------------------------------------------------------------------
Start Timing Optimization
---------------------------------------------------------------------------------
---------------------------------------------------------------------------------
Finished Timing Optimization : Time (s): cpu = 00:00:12 ; elapsed = 00:00:13 . Memory (MB): peak = 2229.492 ; gain = 635.000 ; free physical = 24527 ; free virtual = 65727
---------------------------------------------------------------------------------
---------------------------------------------------------------------------------
Start Technology Mapping
---------------------------------------------------------------------------------
---------------------------------------------------------------------------------
Finished Technology Mapping : Time (s): cpu = 00:00:12 ; elapsed = 00:00:13 . Memory (MB): peak = 2239.508 ; gain = 645.016 ; free physical = 24519 ; free virtual = 65720
---------------------------------------------------------------------------------
---------------------------------------------------------------------------------
Start IO Insertion
---------------------------------------------------------------------------------
---------------------------------------------------------------------------------
Start Flattening Before IO Insertion
---------------------------------------------------------------------------------
---------------------------------------------------------------------------------
Finished Flattening Before IO Insertion
---------------------------------------------------------------------------------
---------------------------------------------------------------------------------
Start Final Netlist Cleanup
---------------------------------------------------------------------------------
---------------------------------------------------------------------------------
Finished Final Netlist Cleanup
---------------------------------------------------------------------------------
---------------------------------------------------------------------------------
Finished IO Insertion : Time (s): cpu = 00:00:14 ; elapsed = 00:00:15 . Memory (MB): peak = 2408.320 ; gain = 813.828 ; free physical = 24360 ; free virtual = 65565
---------------------------------------------------------------------------------
---------------------------------------------------------------------------------
Start Renaming Generated Instances
---------------------------------------------------------------------------------
---------------------------------------------------------------------------------
Finished Renaming Generated Instances : Time (s): cpu = 00:00:14 ; elapsed = 00:00:15 . Memory (MB): peak = 2408.320 ; gain = 813.828 ; free physical = 24360 ; free virtual = 65565
---------------------------------------------------------------------------------
---------------------------------------------------------------------------------
Start Rebuilding User Hierarchy
---------------------------------------------------------------------------------
---------------------------------------------------------------------------------
Finished Rebuilding User Hierarchy : Time (s): cpu = 00:00:14 ; elapsed = 00:00:15 . Memory (MB): peak = 2408.320 ; gain = 813.828 ; free physical = 24360 ; free virtual = 65565
---------------------------------------------------------------------------------
---------------------------------------------------------------------------------
Start Renaming Generated Ports
---------------------------------------------------------------------------------
---------------------------------------------------------------------------------
Finished Renaming Generated Ports : Time (s): cpu = 00:00:14 ; elapsed = 00:00:15 . Memory (MB): peak = 2408.320 ; gain = 813.828 ; free physical = 24360 ; free virtual = 65565
---------------------------------------------------------------------------------
---------------------------------------------------------------------------------
Start Handling Custom Attributes
---------------------------------------------------------------------------------
---------------------------------------------------------------------------------
Finished Handling Custom Attributes : Time (s): cpu = 00:00:14 ; elapsed = 00:00:15 . Memory (MB): peak = 2408.320 ; gain = 813.828 ; free physical = 24360 ; free virtual = 65565
---------------------------------------------------------------------------------
---------------------------------------------------------------------------------
Start Renaming Generated Nets
---------------------------------------------------------------------------------
---------------------------------------------------------------------------------
Finished Renaming Generated Nets : Time (s): cpu = 00:00:14 ; elapsed = 00:00:15 . Memory (MB): peak = 2408.320 ; gain = 813.828 ; free physical = 24360 ; free virtual = 65565
---------------------------------------------------------------------------------
---------------------------------------------------------------------------------
Start Writing Synthesis Report
---------------------------------------------------------------------------------

Report BlackBoxes: 
+------+----------------------------------------+----------+
|      |BlackBox name                           |Instances |
+------+----------------------------------------+----------+
|1     |design_1_gemv_q8_0_axi_lite_0_0         |         1|
|2     |design_1_processing_system7_0_0         |         1|
|3     |design_1_ps7_0_axi_periph_imp_auto_pc_0 |         1|
|4     |design_1_rst_ps7_0_100M_0               |         1|
+------+----------------------------------------+----------+

Report Cell Usage: 
+------+--------------------------------------+------+
|      |Cell                                  |Count |
+------+--------------------------------------+------+
|1     |design_1_gemv_q8_0_axi_lite_0         |     1|
|2     |design_1_processing_system7_0         |     1|
|3     |design_1_ps7_0_axi_periph_imp_auto_pc |     1|
|4     |design_1_rst_ps7_0_100M               |     1|
+------+--------------------------------------+------+
---------------------------------------------------------------------------------
Finished Writing Synthesis Report : Time (s): cpu = 00:00:14 ; elapsed = 00:00:15 . Memory (MB): peak = 2408.320 ; gain = 813.828 ; free physical = 24360 ; free virtual = 65565
---------------------------------------------------------------------------------
Synthesis finished with 0 errors, 0 critical warnings and 5 warnings.
Synthesis Optimization Runtime : Time (s): cpu = 00:00:13 ; elapsed = 00:00:13 . Memory (MB): peak = 2408.320 ; gain = 764.902 ; free physical = 24360 ; free virtual = 65566
Synthesis Optimization Complete : Time (s): cpu = 00:00:14 ; elapsed = 00:00:15 . Memory (MB): peak = 2408.328 ; gain = 813.828 ; free physical = 24360 ; free virtual = 65566
INFO: [Project 1-571] Translating synthesized netlist
Netlist sorting complete. Time (s): cpu = 00:00:00 ; elapsed = 00:00:00.01 . Memory (MB): peak = 2408.328 ; gain = 0.000 ; free physical = 24360 ; free virtual = 65565
INFO: [Project 1-570] Preparing netlist for logic optimization
INFO: [Opt 31-138] Pushed 0 inverter(s) to 0 load pin(s).
Netlist sorting complete. Time (s): cpu = 00:00:00 ; elapsed = 00:00:00 . Memory (MB): peak = 2408.328 ; gain = 0.000 ; free physical = 24520 ; free virtual = 65726
INFO: [Project 1-111] Unisim Transformation Summary:
No Unisim elements were transformed.

Synth Design complete | Checksum: c2fcc955
INFO: [Common 17-83] Releasing license: Synthesis
31 Infos, 17 Warnings, 0 Critical Warnings and 0 Errors encountered.
synth_design completed successfully
synth_design: Time (s): cpu = 00:00:22 ; elapsed = 00:00:20 . Memory (MB): peak = 2408.328 ; gain = 925.891 ; free physical = 24516 ; free virtual = 65728
INFO: [Common 17-2834] synth_design peak Physical Memory [PSS] (MB): overall = 1597.008; main = 1597.008; forked = 266.620
INFO: [Common 17-2834] synth_design peak Virtual Memory [VSS] (MB): overall = 3097.758; main = 2408.324; forked = 947.262
INFO: [Common 17-1381] The checkpoint '/home/pjs/Desktop/smollm2-zybo/hw/zybo_gemv_bringup/zybo_gemv_bringup.runs/synth_1/design_1_wrapper.dcp' has been generated.
INFO: [Vivado 12-24828] Executing command : report_utilization -file design_1_wrapper_utilization_synth.rpt -pb design_1_wrapper_utilization_synth.pb
INFO: [Common 17-206] Exiting Vivado at Mon Jun 29 05:42:47 2026...
[Mon Jun 29 05:42:50 2026] synth_1 finished
wait_on_runs: Time (s): cpu = 00:04:01 ; elapsed = 00:02:11 . Memory (MB): peak = 1706.492 ; gain = 0.000 ; free physical = 25870 ; free virtual = 67074
# if {[get_property PROGRESS [get_runs synth_1]] ne "100%"} {
#     error "synth_1 did not complete"
# }
# if {[get_property STATUS [get_runs synth_1]] ne "synth_design Complete!"} {
#     error "synth_1 failed: [get_property STATUS [get_runs synth_1]]"
# }
# launch_runs impl_1 -to_step write_bitstream -jobs 8
[Mon Jun 29 05:42:59 2026] Launched impl_1...
Run output will be captured here: /home/pjs/Desktop/smollm2-zybo/hw/zybo_gemv_bringup/zybo_gemv_bringup.runs/impl_1/runme.log
launch_runs: Time (s): cpu = 00:00:10 ; elapsed = 00:00:08 . Memory (MB): peak = 1706.492 ; gain = 0.000 ; free physical = 25360 ; free virtual = 66609
# wait_on_run impl_1
[Mon Jun 29 05:42:59 2026] Waiting for impl_1 to finish...

*** Running vivado
    with args -log design_1_wrapper.vdi -applog -m64 -product Vivado -messageDb vivado.pb -mode batch -source design_1_wrapper.tcl -notrace


****** Vivado v2024.2.2 (64-bit)
  **** SW Build 6060944 on Thu Mar 06 19:10:09 MST 2025
  **** IP Build 6050500 on Thu Mar  6 23:33:39 MST 2025
  **** SharedData Build 6060542 on Thu Mar 06 10:31:07 MST 2025
  **** Start of session at: Mon Jun 29 05:43:01 2026
    ** Copyright 1986-2022 Xilinx, Inc. All Rights Reserved.
    ** Copyright 2022-2025 Advanced Micro Devices, Inc. All Rights Reserved.

CRITICAL WARNING: [Common 17-741] No write access right to the local Tcl store at '/home/pjs/.Xilinx/Vivado/2024.2.2/XilinxTclStore'. XilinxTclStore is reverted to the installation area. If you want to use local Tcl Store, please change the access right and relaunch Vivado.
Sourcing tcl script '/home/pjs/.Xilinx/Vivado/Vivado_init.tcl'
source design_1_wrapper.tcl -notrace
INFO: [IP_Flow 19-234] Refreshing IP repositories
INFO: [IP_Flow 19-1704] No user IP repositories specified
INFO: [IP_Flow 19-2313] Loaded Vivado IP repository '/tools/Xilinx/Vivado/2024.2/data/ip'.
Command: link_design -top design_1_wrapper -part xc7z020clg400-1
Design is defaulting to srcset: sources_1
Design is defaulting to constrset: constrs_1
INFO: [Device 21-403] Loading part xc7z020clg400-1
INFO: [Project 1-454] Reading design checkpoint '/home/pjs/Desktop/smollm2-zybo/hw/zybo_gemv_bringup/zybo_gemv_bringup.gen/sources_1/bd/design_1/ip/design_1_gemv_q8_0_axi_lite_0_0/design_1_gemv_q8_0_axi_lite_0_0.dcp' for cell 'design_1_i/gemv_q8_0_axi_lite_0'
INFO: [Project 1-454] Reading design checkpoint '/home/pjs/Desktop/smollm2-zybo/hw/zybo_gemv_bringup/zybo_gemv_bringup.gen/sources_1/bd/design_1/ip/design_1_processing_system7_0_0/design_1_processing_system7_0_0.dcp' for cell 'design_1_i/processing_system7_0'
INFO: [Project 1-454] Reading design checkpoint '/home/pjs/Desktop/smollm2-zybo/hw/zybo_gemv_bringup/zybo_gemv_bringup.gen/sources_1/bd/design_1/ip/design_1_rst_ps7_0_100M_0/design_1_rst_ps7_0_100M_0.dcp' for cell 'design_1_i/rst_ps7_0_100M'
INFO: [Project 1-454] Reading design checkpoint '/home/pjs/Desktop/smollm2-zybo/hw/zybo_gemv_bringup/zybo_gemv_bringup.gen/sources_1/bd/design_1/ip/design_1_ps7_0_axi_periph_imp_auto_pc_0/design_1_ps7_0_axi_periph_imp_auto_pc_0.dcp' for cell 'design_1_i/ps7_0_axi_periph/s00_couplers/auto_pc'
Netlist sorting complete. Time (s): cpu = 00:00:00.2 ; elapsed = 00:00:00.2 . Memory (MB): peak = 1654.945 ; gain = 0.000 ; free physical = 25135 ; free virtual = 66400
INFO: [Netlist 29-17] Analyzing 14368 Unisim elements for replacement
INFO: [Netlist 29-28] Unisim Transformation completed in 0 CPU seconds
INFO: [Project 1-479] Netlist was created with Vivado 2024.2.2
INFO: [Project 1-570] Preparing netlist for logic optimization
Parsing XDC File [/home/pjs/Desktop/smollm2-zybo/hw/zybo_gemv_bringup/zybo_gemv_bringup.gen/sources_1/bd/design_1/ip/design_1_processing_system7_0_0/design_1_processing_system7_0_0.xdc] for cell 'design_1_i/processing_system7_0/inst'
Finished Parsing XDC File [/home/pjs/Desktop/smollm2-zybo/hw/zybo_gemv_bringup/zybo_gemv_bringup.gen/sources_1/bd/design_1/ip/design_1_processing_system7_0_0/design_1_processing_system7_0_0.xdc] for cell 'design_1_i/processing_system7_0/inst'
Parsing XDC File [/home/pjs/Desktop/smollm2-zybo/hw/zybo_gemv_bringup/zybo_gemv_bringup.gen/sources_1/bd/design_1/ip/design_1_rst_ps7_0_100M_0/design_1_rst_ps7_0_100M_0_board.xdc] for cell 'design_1_i/rst_ps7_0_100M/U0'
Finished Parsing XDC File [/home/pjs/Desktop/smollm2-zybo/hw/zybo_gemv_bringup/zybo_gemv_bringup.gen/sources_1/bd/design_1/ip/design_1_rst_ps7_0_100M_0/design_1_rst_ps7_0_100M_0_board.xdc] for cell 'design_1_i/rst_ps7_0_100M/U0'
Parsing XDC File [/home/pjs/Desktop/smollm2-zybo/hw/zybo_gemv_bringup/zybo_gemv_bringup.gen/sources_1/bd/design_1/ip/design_1_rst_ps7_0_100M_0/design_1_rst_ps7_0_100M_0.xdc] for cell 'design_1_i/rst_ps7_0_100M/U0'
Finished Parsing XDC File [/home/pjs/Desktop/smollm2-zybo/hw/zybo_gemv_bringup/zybo_gemv_bringup.gen/sources_1/bd/design_1/ip/design_1_rst_ps7_0_100M_0/design_1_rst_ps7_0_100M_0.xdc] for cell 'design_1_i/rst_ps7_0_100M/U0'
INFO: [Opt 31-138] Pushed 0 inverter(s) to 0 load pin(s).
Netlist sorting complete. Time (s): cpu = 00:00:00 ; elapsed = 00:00:00.01 . Memory (MB): peak = 1885.285 ; gain = 0.000 ; free physical = 25034 ; free virtual = 66307
INFO: [Project 1-111] Unisim Transformation Summary:
No Unisim elements were transformed.

14 Infos, 0 Warnings, 0 Critical Warnings and 0 Errors encountered.
link_design completed successfully
link_design: Time (s): cpu = 00:00:10 ; elapsed = 00:00:10 . Memory (MB): peak = 1885.285 ; gain = 402.840 ; free physical = 25034 ; free virtual = 66307
Command: opt_design
Attempting to get a license for feature 'Implementation' and/or device 'xc7z020'
INFO: [Common 17-349] Got license for feature 'Implementation' and/or device 'xc7z020'
Running DRC as a precondition to command opt_design

Starting DRC Task
INFO: [DRC 23-27] Running DRC with 8 threads
INFO: [Project 1-461] DRC finished with 0 Errors
INFO: [Project 1-462] Please refer to the DRC report (report_drc) for more information.

Time (s): cpu = 00:00:01 ; elapsed = 00:00:00.34 . Memory (MB): peak = 1990.348 ; gain = 105.062 ; free physical = 24970 ; free virtual = 66243

Starting Cache Timing Information Task
INFO: [Timing 38-35] Done setting XDC timing constraints.
Ending Cache Timing Information Task | Checksum: 190cc8ed7

Time (s): cpu = 00:00:06 ; elapsed = 00:00:05 . Memory (MB): peak = 2506.301 ; gain = 515.953 ; free physical = 24449 ; free virtual = 65740

Starting Logic Optimization Task

Phase 1 Initialization

Phase 1.1 Core Generation And Design Setup
Phase 1.1 Core Generation And Design Setup | Checksum: 190cc8ed7

Time (s): cpu = 00:00:00.03 ; elapsed = 00:00:00.03 . Memory (MB): peak = 2833.137 ; gain = 0.000 ; free physical = 24125 ; free virtual = 65419

Phase 1.2 Setup Constraints And Sort Netlist
Phase 1.2 Setup Constraints And Sort Netlist | Checksum: 190cc8ed7

Time (s): cpu = 00:00:00.04 ; elapsed = 00:00:00.05 . Memory (MB): peak = 2833.137 ; gain = 0.000 ; free physical = 24125 ; free virtual = 65418
Phase 1 Initialization | Checksum: 190cc8ed7

Time (s): cpu = 00:00:00.05 ; elapsed = 00:00:00.05 . Memory (MB): peak = 2833.137 ; gain = 0.000 ; free physical = 24125 ; free virtual = 65418

Phase 2 Timer Update And Timing Data Collection

Phase 2.1 Timer Update
Phase 2.1 Timer Update | Checksum: 190cc8ed7

Time (s): cpu = 00:00:02 ; elapsed = 00:00:00.53 . Memory (MB): peak = 2833.137 ; gain = 0.000 ; free physical = 24101 ; free virtual = 65395

Phase 2.2 Timing Data Collection
Phase 2.2 Timing Data Collection | Checksum: 190cc8ed7

Time (s): cpu = 00:00:02 ; elapsed = 00:00:00.67 . Memory (MB): peak = 2833.137 ; gain = 0.000 ; free physical = 24097 ; free virtual = 65391
Phase 2 Timer Update And Timing Data Collection | Checksum: 190cc8ed7

Time (s): cpu = 00:00:02 ; elapsed = 00:00:00.67 . Memory (MB): peak = 2833.137 ; gain = 0.000 ; free physical = 24097 ; free virtual = 65391

Phase 3 Retarget
INFO: [Opt 31-1851] Number of loadless carry chains removed were: 0
INFO: [Opt 31-1834] Total Chains To Be Transformed Were: 0 AND Number of Transformed insts Created are: 0
INFO: [Opt 31-1566] Pulled 16 inverters resulting in an inversion of 32 pins
INFO: [Opt 31-138] Pushed 0 inverter(s) to 0 load pin(s).
INFO: [Opt 31-49] Retargeted 0 cell(s).
Phase 3 Retarget | Checksum: beffd691

Time (s): cpu = 00:00:03 ; elapsed = 00:00:01 . Memory (MB): peak = 2833.137 ; gain = 0.000 ; free physical = 24125 ; free virtual = 65411
Retarget | Checksum: beffd691
INFO: [Opt 31-389] Phase Retarget created 4 cells and removed 45 cells

Phase 4 Constant propagation
INFO: [Opt 31-138] Pushed 0 inverter(s) to 0 load pin(s).
Phase 4 Constant propagation | Checksum: f3ff08b2

Time (s): cpu = 00:00:03 ; elapsed = 00:00:02 . Memory (MB): peak = 2833.137 ; gain = 0.000 ; free physical = 24129 ; free virtual = 65424
Constant propagation | Checksum: f3ff08b2
INFO: [Opt 31-389] Phase Constant propagation created 0 cells and removed 8 cells

Phase 5 Sweep
INFO: [Constraints 18-11670] Building netlist checker database with flags, 0x8
Done building netlist checker database: Time (s): cpu = 00:00:00 ; elapsed = 00:00:00.01 . Memory (MB): peak = 2833.137 ; gain = 0.000 ; free physical = 24128 ; free virtual = 65423
INFO: [Constraints 18-11670] Building netlist checker database with flags, 0x8
Done building netlist checker database: Time (s): cpu = 00:00:00 ; elapsed = 00:00:00 . Memory (MB): peak = 2833.137 ; gain = 0.000 ; free physical = 24123 ; free virtual = 65419
Phase 5 Sweep | Checksum: e95217ae

Time (s): cpu = 00:00:04 ; elapsed = 00:00:02 . Memory (MB): peak = 2833.137 ; gain = 0.000 ; free physical = 24124 ; free virtual = 65420
Sweep | Checksum: e95217ae
INFO: [Opt 31-389] Phase Sweep created 0 cells and removed 218 cells

Phase 6 BUFG optimization
INFO: [Opt 31-129] Inserted BUFG to drive high-fanout reset|set|enable net. BUFG cell: design_1_i/gemv_q8_0_axi_lite_0/inst/core/core_reset_p_BUFG_inst, Net: design_1_i/gemv_q8_0_axi_lite_0/inst/core/core_reset_p
Phase 6 BUFG optimization | Checksum: 139346cd9

Time (s): cpu = 00:00:05 ; elapsed = 00:00:03 . Memory (MB): peak = 2865.152 ; gain = 32.016 ; free physical = 24103 ; free virtual = 65398
BUFG optimization | Checksum: 139346cd9
INFO: [Opt 31-662] Phase BUFG optimization created 1 cells of which 1 are BUFGs and removed 0 cells.

Phase 7 Shift Register Optimization
INFO: [Opt 31-1064] SRL Remap converted 0 SRLs to 0 registers and converted 0 registers of register chains to 0 SRLs
Phase 7 Shift Register Optimization | Checksum: 139346cd9

Time (s): cpu = 00:00:05 ; elapsed = 00:00:03 . Memory (MB): peak = 2865.152 ; gain = 32.016 ; free physical = 24103 ; free virtual = 65399
Shift Register Optimization | Checksum: 139346cd9
INFO: [Opt 31-389] Phase Shift Register Optimization created 0 cells and removed 0 cells

Phase 8 Post Processing Netlist
Phase 8 Post Processing Netlist | Checksum: dfef8228

Time (s): cpu = 00:00:05 ; elapsed = 00:00:03 . Memory (MB): peak = 2865.152 ; gain = 32.016 ; free physical = 24102 ; free virtual = 65398
Post Processing Netlist | Checksum: dfef8228
INFO: [Opt 31-389] Phase Post Processing Netlist created 0 cells and removed 0 cells

Phase 9 Finalization

Phase 9.1 Finalizing Design Cores and Updating Shapes
Phase 9.1 Finalizing Design Cores and Updating Shapes | Checksum: 11315b147

Time (s): cpu = 00:00:06 ; elapsed = 00:00:04 . Memory (MB): peak = 2865.152 ; gain = 32.016 ; free physical = 24111 ; free virtual = 65409

Phase 9.2 Verifying Netlist Connectivity

Starting Connectivity Check Task

Time (s): cpu = 00:00:00.07 ; elapsed = 00:00:00.07 . Memory (MB): peak = 2865.152 ; gain = 0.000 ; free physical = 24111 ; free virtual = 65409
Phase 9.2 Verifying Netlist Connectivity | Checksum: 11315b147

Time (s): cpu = 00:00:06 ; elapsed = 00:00:04 . Memory (MB): peak = 2865.152 ; gain = 32.016 ; free physical = 24111 ; free virtual = 65409
Phase 9 Finalization | Checksum: 11315b147

Time (s): cpu = 00:00:06 ; elapsed = 00:00:04 . Memory (MB): peak = 2865.152 ; gain = 32.016 ; free physical = 24111 ; free virtual = 65409
Opt_design Change Summary
=========================


-------------------------------------------------------------------------------------------------------------------------
|  Phase                        |  #Cells created  |  #Cells Removed  |  #Constrained objects preventing optimizations  |
-------------------------------------------------------------------------------------------------------------------------
|  Retarget                     |               4  |              45  |                                              0  |
|  Constant propagation         |               0  |               8  |                                              0  |
|  Sweep                        |               0  |             218  |                                              0  |
|  BUFG optimization            |               1  |               0  |                                              0  |
|  Shift Register Optimization  |               0  |               0  |                                              0  |
|  Post Processing Netlist      |               0  |               0  |                                              0  |
-------------------------------------------------------------------------------------------------------------------------


Ending Logic Optimization Task | Checksum: 11315b147

Time (s): cpu = 00:00:06 ; elapsed = 00:00:04 . Memory (MB): peak = 2865.152 ; gain = 32.016 ; free physical = 24114 ; free virtual = 65408

Starting Power Optimization Task
INFO: [Pwropt 34-132] Skipping clock gating for clocks with a period < 2.00 ns.
Ending Power Optimization Task | Checksum: 11315b147

Time (s): cpu = 00:00:00.02 ; elapsed = 00:00:00.03 . Memory (MB): peak = 2865.152 ; gain = 0.000 ; free physical = 24112 ; free virtual = 65410

Starting Final Cleanup Task
Ending Final Cleanup Task | Checksum: 11315b147

Time (s): cpu = 00:00:00.01 ; elapsed = 00:00:00 . Memory (MB): peak = 2865.152 ; gain = 0.000 ; free physical = 24112 ; free virtual = 65410

Starting Netlist Obfuscation Task
Netlist sorting complete. Time (s): cpu = 00:00:00 ; elapsed = 00:00:00 . Memory (MB): peak = 2865.152 ; gain = 0.000 ; free physical = 24112 ; free virtual = 65410
Ending Netlist Obfuscation Task | Checksum: 11315b147

Time (s): cpu = 00:00:00 ; elapsed = 00:00:00.01 . Memory (MB): peak = 2865.152 ; gain = 0.000 ; free physical = 24112 ; free virtual = 65410
INFO: [Common 17-83] Releasing license: Implementation
37 Infos, 0 Warnings, 0 Critical Warnings and 0 Errors encountered.
opt_design completed successfully
opt_design: Time (s): cpu = 00:00:15 ; elapsed = 00:00:11 . Memory (MB): peak = 2865.152 ; gain = 979.867 ; free physical = 24112 ; free virtual = 65410
INFO: [Vivado 12-24828] Executing command : report_drc -file design_1_wrapper_drc_opted.rpt -pb design_1_wrapper_drc_opted.pb -rpx design_1_wrapper_drc_opted.rpx
Command: report_drc -file design_1_wrapper_drc_opted.rpt -pb design_1_wrapper_drc_opted.pb -rpx design_1_wrapper_drc_opted.rpx
INFO: [IP_Flow 19-1839] IP Catalog is up to date.
INFO: [DRC 23-27] Running DRC with 8 threads
INFO: [Vivado_Tcl 2-168] The results of DRC are in file /home/pjs/Desktop/smollm2-zybo/hw/zybo_gemv_bringup/zybo_gemv_bringup.runs/impl_1/design_1_wrapper_drc_opted.rpt.
report_drc completed successfully
INFO: [Timing 38-480] Writing timing data to binary archive.
Wrote PlaceDB: Time (s): cpu = 00:00:00.03 ; elapsed = 00:00:00.01 . Memory (MB): peak = 2865.152 ; gain = 0.000 ; free physical = 24091 ; free virtual = 65391
Wrote PulsedLatchDB: Time (s): cpu = 00:00:00 ; elapsed = 00:00:00 . Memory (MB): peak = 2865.152 ; gain = 0.000 ; free physical = 24091 ; free virtual = 65391
Writing XDEF routing.
Writing XDEF routing logical nets.
Writing XDEF routing special nets.
Wrote RouteStorage: Time (s): cpu = 00:00:00.24 ; elapsed = 00:00:00.05 . Memory (MB): peak = 2865.152 ; gain = 0.000 ; free physical = 24083 ; free virtual = 65391
Wrote Netlist Cache: Time (s): cpu = 00:00:00 ; elapsed = 00:00:00 . Memory (MB): peak = 2865.152 ; gain = 0.000 ; free physical = 24083 ; free virtual = 65390
Wrote Device Cache: Time (s): cpu = 00:00:00.03 ; elapsed = 00:00:00.01 . Memory (MB): peak = 2865.152 ; gain = 0.000 ; free physical = 24076 ; free virtual = 65386
Write Physdb Complete: Time (s): cpu = 00:00:00.3 ; elapsed = 00:00:00.07 . Memory (MB): peak = 2865.152 ; gain = 0.000 ; free physical = 24076 ; free virtual = 65382
Write ShapeDB Complete: Time (s): cpu = 00:00:00.3 ; elapsed = 00:00:00.07 . Memory (MB): peak = 2865.152 ; gain = 0.000 ; free physical = 24076 ; free virtual = 65386
INFO: [Common 17-1381] The checkpoint '/home/pjs/Desktop/smollm2-zybo/hw/zybo_gemv_bringup/zybo_gemv_bringup.runs/impl_1/design_1_wrapper_opt.dcp' has been generated.
Command: place_design
Attempting to get a license for feature 'Implementation' and/or device 'xc7z020'
INFO: [Common 17-349] Got license for feature 'Implementation' and/or device 'xc7z020'
INFO: [Common 17-83] Releasing license: Implementation
INFO: [DRC 23-27] Running DRC with 8 threads
INFO: [Vivado_Tcl 4-198] DRC finished with 0 Errors
INFO: [Vivado_Tcl 4-199] Please refer to the DRC report (report_drc) for more information.
Running DRC as a precondition to command place_design
INFO: [DRC 23-27] Running DRC with 8 threads
INFO: [Vivado_Tcl 4-198] DRC finished with 0 Errors
INFO: [Vivado_Tcl 4-199] Please refer to the DRC report (report_drc) for more information.
INFO: [Place 30-611] Multithreading enabled for place_design using a maximum of 8 CPUs

Starting Placer Task

Phase 1 Placer Initialization

Phase 1.1 Placer Initialization Netlist Sorting
Netlist sorting complete. Time (s): cpu = 00:00:00.01 ; elapsed = 00:00:00.01 . Memory (MB): peak = 2865.152 ; gain = 0.000 ; free physical = 24085 ; free virtual = 65387
Phase 1.1 Placer Initialization Netlist Sorting | Checksum: a7539978

Time (s): cpu = 00:00:00.02 ; elapsed = 00:00:00.01 . Memory (MB): peak = 2865.152 ; gain = 0.000 ; free physical = 24085 ; free virtual = 65394
Netlist sorting complete. Time (s): cpu = 00:00:00 ; elapsed = 00:00:00 . Memory (MB): peak = 2865.152 ; gain = 0.000 ; free physical = 24084 ; free virtual = 65394

Phase 1.2 IO Placement/ Clock Placement/ Build Placer Device
INFO: [Timing 38-35] Done setting XDC timing constraints.
Phase 1.2 IO Placement/ Clock Placement/ Build Placer Device | Checksum: 1196c3e36

Time (s): cpu = 00:00:05 ; elapsed = 00:00:02 . Memory (MB): peak = 2865.152 ; gain = 0.000 ; free physical = 24062 ; free virtual = 65374

Phase 1.3 Build Placer Netlist Model
WARNING: [Place 30-770] High register utilization is forcing place_design to place up to 8 registers per slice which may impact placement success and/or routing congestion.
Phase 1.3 Build Placer Netlist Model | Checksum: 2c72433e1

Time (s): cpu = 00:00:19 ; elapsed = 00:00:08 . Memory (MB): peak = 3112.195 ; gain = 247.043 ; free physical = 23736 ; free virtual = 65064

Phase 1.4 Constrain Clocks/Macros
Phase 1.4 Constrain Clocks/Macros | Checksum: 2c72433e1

Time (s): cpu = 00:00:19 ; elapsed = 00:00:08 . Memory (MB): peak = 3112.195 ; gain = 247.043 ; free physical = 23744 ; free virtual = 65066
Phase 1 Placer Initialization | Checksum: 2c72433e1

Time (s): cpu = 00:00:19 ; elapsed = 00:00:08 . Memory (MB): peak = 3112.195 ; gain = 247.043 ; free physical = 23743 ; free virtual = 65065

Phase 2 Global Placement

Phase 2.1 Floorplanning
Phase 2.1 Floorplanning | Checksum: 28f66366f

Time (s): cpu = 00:00:25 ; elapsed = 00:00:10 . Memory (MB): peak = 3192.234 ; gain = 327.082 ; free physical = 23741 ; free virtual = 65067

Phase 2.2 Update Timing before SLR Path Opt
Phase 2.2 Update Timing before SLR Path Opt | Checksum: 2a8e8b2bc

Time (s): cpu = 00:00:30 ; elapsed = 00:00:11 . Memory (MB): peak = 3192.234 ; gain = 327.082 ; free physical = 23731 ; free virtual = 65059

Phase 2.3 Post-Processing in Floorplanning
Phase 2.3 Post-Processing in Floorplanning | Checksum: 261364150

Time (s): cpu = 00:00:30 ; elapsed = 00:00:11 . Memory (MB): peak = 3192.234 ; gain = 327.082 ; free physical = 23736 ; free virtual = 65065

Phase 2.4 Global Place Phase1
Phase 2.4 Global Place Phase1 | Checksum: 24797297a

Time (s): cpu = 00:01:45 ; elapsed = 00:00:34 . Memory (MB): peak = 3215.203 ; gain = 350.051 ; free physical = 23617 ; free virtual = 64973

Phase 2.5 Global Place Phase2

Phase 2.5.1 UpdateTiming Before Physical Synthesis
Phase 2.5.1 UpdateTiming Before Physical Synthesis | Checksum: 206caa771

Time (s): cpu = 00:01:51 ; elapsed = 00:00:36 . Memory (MB): peak = 3215.203 ; gain = 350.051 ; free physical = 23672 ; free virtual = 65031

Phase 2.5.2 Physical Synthesis In Placer
INFO: [Physopt 32-1035] Found 553 LUTNM shape to break, 215 LUT instances to create LUTNM shape
INFO: [Physopt 32-1044] Break lutnm for timing: one critical 12, two critical 541, total 553, new lutff created 0
INFO: [Physopt 32-1138] End 1 Pass. Optimized 648 nets or LUTs. Breaked 553 LUTs, combined 95 existing LUTs and moved 0 existing LUT
INFO: [Physopt 32-1408] Pass 1. Identified 2 candidate nets for high-fanout optimization.
INFO: [Physopt 32-81] Processed net design_1_i/gemv_q8_0_axi_lite_0/inst/result_addr_reg_reg_n_0_[0]. Replicated 43 times.
INFO: [Physopt 32-81] Processed net design_1_i/gemv_q8_0_axi_lite_0/inst/result_addr_reg_reg_n_0_[1]. Replicated 43 times.
INFO: [Physopt 32-232] Optimized 2 nets. Created 86 new instances.
INFO: [Physopt 32-775] End 1 Pass. Optimized 2 nets or cells. Created 86 new cells, deleted 0 existing cell and moved 0 existing cell
Netlist sorting complete. Time (s): cpu = 00:00:00.32 ; elapsed = 00:00:00.32 . Memory (MB): peak = 3215.203 ; gain = 0.000 ; free physical = 23702 ; free virtual = 65068
INFO: [Physopt 32-456] No candidate cells for DSP register optimization found in the design.
INFO: [Physopt 32-775] End 2 Pass. Optimized 0 net or cell. Created 0 new cell, deleted 0 existing cell and moved 0 existing cell
INFO: [Physopt 32-1123] No candidate cells found for Shift Register to Pipeline optimization
INFO: [Physopt 32-775] End 2 Pass. Optimized 0 net or cell. Created 0 new cell, deleted 0 existing cell and moved 0 existing cell
INFO: [Physopt 32-1402] Pass 1: Identified 5 candidate cells for Shift Register optimization.
INFO: [Physopt 32-775] End 1 Pass. Optimized 4 nets or cells. Created 32 new cells, deleted 0 existing cell and moved 0 existing cell
Netlist sorting complete. Time (s): cpu = 00:00:00.01 ; elapsed = 00:00:00.02 . Memory (MB): peak = 3215.203 ; gain = 0.000 ; free physical = 23679 ; free virtual = 65045
INFO: [Physopt 32-526] No candidate cells for BRAM register optimization found in the design
INFO: [Physopt 32-775] End 1 Pass. Optimized 0 net or cell. Created 0 new cell, deleted 0 existing cell and moved 0 existing cell
INFO: [Physopt 32-846] No candidate cells for URAM register optimization found in the design
INFO: [Physopt 32-775] End 1 Pass. Optimized 0 net or cell. Created 0 new cell, deleted 0 existing cell and moved 0 existing cell
INFO: [Physopt 32-846] No candidate cells for URAM register optimization found in the design
INFO: [Physopt 32-775] End 1 Pass. Optimized 0 net or cell. Created 0 new cell, deleted 0 existing cell and moved 0 existing cell
INFO: [Physopt 32-949] No candidate nets found for dynamic/static region interface net replication
INFO: [Physopt 32-775] End 1 Pass. Optimized 0 net or cell. Created 0 new cell, deleted 0 existing cell and moved 0 existing cell
Netlist sorting complete. Time (s): cpu = 00:00:00 ; elapsed = 00:00:00 . Memory (MB): peak = 3215.203 ; gain = 0.000 ; free physical = 23686 ; free virtual = 65060

Summary of Physical Synthesis Optimizations
============================================


-----------------------------------------------------------------------------------------------------------------------------------------------------------
|  Optimization                                     |  Added Cells  |  Removed Cells  |  Optimized Cells/Nets  |  Dont Touch  |  Iterations  |  Elapsed   |
-----------------------------------------------------------------------------------------------------------------------------------------------------------
|  LUT Combining                                    |          553  |             95  |                   648  |           0  |           1  |  00:00:01  |
|  Retime                                           |            0  |              0  |                     0  |           0  |           1  |  00:00:00  |
|  Very High Fanout                                 |           86  |              0  |                     2  |           0  |           1  |  00:00:01  |
|  DSP Register                                     |            0  |              0  |                     0  |           0  |           1  |  00:00:00  |
|  Shift Register to Pipeline                       |            0  |              0  |                     0  |           0  |           1  |  00:00:00  |
|  Shift Register                                   |           32  |              0  |                     4  |           0  |           1  |  00:00:00  |
|  BRAM Register                                    |            0  |              0  |                     0  |           0  |           1  |  00:00:00  |
|  URAM Register                                    |            0  |              0  |                     0  |           0  |           1  |  00:00:00  |
|  Dynamic/Static Region Interface Net Replication  |            0  |              0  |                     0  |           0  |           1  |  00:00:00  |
|  Total                                            |          671  |             95  |                   654  |           0  |           9  |  00:00:02  |
-----------------------------------------------------------------------------------------------------------------------------------------------------------


Phase 2.5.2 Physical Synthesis In Placer | Checksum: 2b8724211

Time (s): cpu = 00:01:59 ; elapsed = 00:00:40 . Memory (MB): peak = 3216.242 ; gain = 351.090 ; free physical = 23687 ; free virtual = 65057
Phase 2.5 Global Place Phase2 | Checksum: 17143ade0

Time (s): cpu = 00:02:10 ; elapsed = 00:00:44 . Memory (MB): peak = 3216.242 ; gain = 351.090 ; free physical = 23680 ; free virtual = 65055
Phase 2 Global Placement | Checksum: 17143ade0

Time (s): cpu = 00:02:10 ; elapsed = 00:00:44 . Memory (MB): peak = 3216.242 ; gain = 351.090 ; free physical = 23683 ; free virtual = 65058

Phase 3 Detail Placement

Phase 3.1 Commit Multi Column Macros
Phase 3.1 Commit Multi Column Macros | Checksum: 207c8fa7b

Time (s): cpu = 00:02:16 ; elapsed = 00:00:45 . Memory (MB): peak = 3216.242 ; gain = 351.090 ; free physical = 23686 ; free virtual = 65064

Phase 3.2 Commit Most Macros & LUTRAMs
Phase 3.2 Commit Most Macros & LUTRAMs | Checksum: 270863df4

Time (s): cpu = 00:02:26 ; elapsed = 00:00:50 . Memory (MB): peak = 3216.242 ; gain = 351.090 ; free physical = 23693 ; free virtual = 65075

Phase 3.3 Area Swap Optimization
Phase 3.3 Area Swap Optimization | Checksum: 2120b0366

Time (s): cpu = 00:02:27 ; elapsed = 00:00:50 . Memory (MB): peak = 3216.242 ; gain = 351.090 ; free physical = 23703 ; free virtual = 65085

Phase 3.4 Pipeline Register Optimization
Phase 3.4 Pipeline Register Optimization | Checksum: 1eb027291

Time (s): cpu = 00:02:28 ; elapsed = 00:00:50 . Memory (MB): peak = 3216.242 ; gain = 351.090 ; free physical = 23703 ; free virtual = 65085

Phase 3.5 Fast Optimization
Phase 3.5 Fast Optimization | Checksum: 1f2530a90

Time (s): cpu = 00:02:40 ; elapsed = 00:00:54 . Memory (MB): peak = 3216.242 ; gain = 351.090 ; free physical = 23641 ; free virtual = 65034

Phase 3.6 Small Shape Detail Placement
Phase 3.6 Small Shape Detail Placement | Checksum: 23eeda080

Time (s): cpu = 00:03:25 ; elapsed = 00:01:32 . Memory (MB): peak = 3248.258 ; gain = 383.105 ; free physical = 23602 ; free virtual = 65031

Phase 3.7 Re-assign LUT pins
Phase 3.7 Re-assign LUT pins | Checksum: 1cb49ee45

Time (s): cpu = 00:03:27 ; elapsed = 00:01:34 . Memory (MB): peak = 3248.258 ; gain = 383.105 ; free physical = 23578 ; free virtual = 65009

Phase 3.8 Pipeline Register Optimization
Phase 3.8 Pipeline Register Optimization | Checksum: 1d2525e94

Time (s): cpu = 00:03:27 ; elapsed = 00:01:34 . Memory (MB): peak = 3248.258 ; gain = 383.105 ; free physical = 23602 ; free virtual = 65034

Phase 3.9 Fast Optimization
Phase 3.9 Fast Optimization | Checksum: 1d5e5faa8

Time (s): cpu = 00:03:45 ; elapsed = 00:01:38 . Memory (MB): peak = 3268.305 ; gain = 403.152 ; free physical = 23506 ; free virtual = 64943
Phase 3 Detail Placement | Checksum: 1d5e5faa8

Time (s): cpu = 00:03:46 ; elapsed = 00:01:38 . Memory (MB): peak = 3268.305 ; gain = 403.152 ; free physical = 23502 ; free virtual = 64939

Phase 4 Post Placement Optimization and Clean-Up

Phase 4.1 Post Commit Optimization
INFO: [Timing 38-35] Done setting XDC timing constraints.

Phase 4.1.1 Post Placement Optimization
Post Placement Optimization Initialization | Checksum: 180ff30f3

Phase 4.1.1.1 BUFG Insertion

Starting Physical Synthesis Task

Phase 1 Physical Synthesis Initialization
INFO: [Physopt 32-721] Multithreading enabled for phys_opt_design using a maximum of 8 CPUs
INFO: [Physopt 32-619] Estimated Timing Summary | WNS=-11.792 | TNS=-19764.662 |
Phase 1 Physical Synthesis Initialization | Checksum: 180ec82df

Time (s): cpu = 00:00:04 ; elapsed = 00:00:00.89 . Memory (MB): peak = 3321.102 ; gain = 0.000 ; free physical = 23475 ; free virtual = 64921
INFO: [Place 46-56] BUFG insertion identified 0 candidate nets. Inserted BUFG: 0, Replicated BUFG Driver: 0, Skipped due to Placement/Routing Conflicts: 0, Skipped due to Timing Degradation: 0, Skipped due to netlist editing failed: 0.
Ending Physical Synthesis Task | Checksum: f605cb4d

Time (s): cpu = 00:00:05 ; elapsed = 00:00:01 . Memory (MB): peak = 3321.102 ; gain = 0.000 ; free physical = 23447 ; free virtual = 64894
Phase 4.1.1.1 BUFG Insertion | Checksum: 180ff30f3

Time (s): cpu = 00:04:06 ; elapsed = 00:01:45 . Memory (MB): peak = 3321.102 ; gain = 455.949 ; free physical = 23465 ; free virtual = 64912

Phase 4.1.1.2 Post Placement Timing Optimization
INFO: [Place 30-746] Post Placement Timing Summary WNS=-11.366. For the most accurate timing information please run report_timing.
Phase 4.1.1.2 Post Placement Timing Optimization | Checksum: 17e0c018a

Time (s): cpu = 00:04:27 ; elapsed = 00:01:55 . Memory (MB): peak = 3321.102 ; gain = 455.949 ; free physical = 23490 ; free virtual = 64953

Time (s): cpu = 00:04:27 ; elapsed = 00:01:55 . Memory (MB): peak = 3321.102 ; gain = 455.949 ; free physical = 23490 ; free virtual = 64953
Phase 4.1 Post Commit Optimization | Checksum: 17e0c018a

Time (s): cpu = 00:04:27 ; elapsed = 00:01:55 . Memory (MB): peak = 3321.102 ; gain = 455.949 ; free physical = 23490 ; free virtual = 64953

Phase 4.2 Post Placement Cleanup
Phase 4.2 Post Placement Cleanup | Checksum: 17e0c018a

Time (s): cpu = 00:04:28 ; elapsed = 00:01:55 . Memory (MB): peak = 3321.102 ; gain = 455.949 ; free physical = 23488 ; free virtual = 64950

Phase 4.3 Placer Reporting

Phase 4.3.1 Print Estimated Congestion
INFO: [Place 30-612] Post-Placement Estimated Congestion 
 ____________________________________________________
|           | Global Congestion | Short Congestion  |
| Direction | Region Size       | Region Size       |
|___________|___________________|___________________|
|      North|                8x8|                8x8|
|___________|___________________|___________________|
|      South|                8x8|              16x16|
|___________|___________________|___________________|
|       East|              16x16|                8x8|
|___________|___________________|___________________|
|       West|              16x16|              16x16|
|___________|___________________|___________________|

Phase 4.3.1 Print Estimated Congestion | Checksum: 17e0c018a

Time (s): cpu = 00:04:29 ; elapsed = 00:01:55 . Memory (MB): peak = 3321.102 ; gain = 455.949 ; free physical = 23491 ; free virtual = 64954
Phase 4.3 Placer Reporting | Checksum: 17e0c018a

Time (s): cpu = 00:04:29 ; elapsed = 00:01:56 . Memory (MB): peak = 3321.102 ; gain = 455.949 ; free physical = 23492 ; free virtual = 64954

Phase 4.4 Final Placement Cleanup
Netlist sorting complete. Time (s): cpu = 00:00:00 ; elapsed = 00:00:00 . Memory (MB): peak = 3321.102 ; gain = 0.000 ; free physical = 23492 ; free virtual = 64954

Time (s): cpu = 00:04:29 ; elapsed = 00:01:56 . Memory (MB): peak = 3321.102 ; gain = 455.949 ; free physical = 23492 ; free virtual = 64954
Phase 4 Post Placement Optimization and Clean-Up | Checksum: 1ec8312be

Time (s): cpu = 00:04:30 ; elapsed = 00:01:56 . Memory (MB): peak = 3321.102 ; gain = 455.949 ; free physical = 23494 ; free virtual = 64956
Ending Placer Task | Checksum: 17467a7c4

Time (s): cpu = 00:04:30 ; elapsed = 00:01:56 . Memory (MB): peak = 3321.102 ; gain = 455.949 ; free physical = 23489 ; free virtual = 64953
81 Infos, 1 Warnings, 0 Critical Warnings and 0 Errors encountered.
place_design completed successfully
place_design: Time (s): cpu = 00:04:33 ; elapsed = 00:01:57 . Memory (MB): peak = 3321.102 ; gain = 455.949 ; free physical = 23489 ; free virtual = 64953
INFO: [Vivado 12-24838] Running report commands "report_control_sets, report_io, report_utilization" in parallel.
Running report generation with 3 threads.
INFO: [Vivado 12-24828] Executing command : report_io -file design_1_wrapper_io_placed.rpt
report_io: Time (s): cpu = 00:00:00.23 ; elapsed = 00:00:00.1 . Memory (MB): peak = 3321.102 ; gain = 0.000 ; free physical = 23466 ; free virtual = 64930
INFO: [Vivado 12-24828] Executing command : report_control_sets -verbose -file design_1_wrapper_control_sets_placed.rpt
report_control_sets: Time (s): cpu = 00:00:00.42 ; elapsed = 00:00:00.21 . Memory (MB): peak = 3321.102 ; gain = 0.000 ; free physical = 23450 ; free virtual = 64912
INFO: [Vivado 12-24828] Executing command : report_utilization -file design_1_wrapper_utilization_placed.rpt -pb design_1_wrapper_utilization_placed.pb
INFO: [Timing 38-480] Writing timing data to binary archive.
Write ShapeDB Complete: Time (s): cpu = 00:00:00.33 ; elapsed = 00:00:00.07 . Memory (MB): peak = 3321.102 ; gain = 0.000 ; free physical = 23423 ; free virtual = 64899
Wrote PlaceDB: Time (s): cpu = 00:00:04 ; elapsed = 00:00:02 . Memory (MB): peak = 3321.102 ; gain = 0.000 ; free physical = 23367 ; free virtual = 64911
Wrote PulsedLatchDB: Time (s): cpu = 00:00:00 ; elapsed = 00:00:00 . Memory (MB): peak = 3321.102 ; gain = 0.000 ; free physical = 23367 ; free virtual = 64911
Writing XDEF routing.
Writing XDEF routing logical nets.
Writing XDEF routing special nets.
Wrote RouteStorage: Time (s): cpu = 00:00:00.05 ; elapsed = 00:00:00.05 . Memory (MB): peak = 3321.102 ; gain = 0.000 ; free physical = 23367 ; free virtual = 64912
Wrote Netlist Cache: Time (s): cpu = 00:00:00.05 ; elapsed = 00:00:00.06 . Memory (MB): peak = 3321.102 ; gain = 0.000 ; free physical = 23358 ; free virtual = 64913
Wrote Device Cache: Time (s): cpu = 00:00:00.01 ; elapsed = 00:00:00.01 . Memory (MB): peak = 3321.102 ; gain = 0.000 ; free physical = 23354 ; free virtual = 64909
Write Physdb Complete: Time (s): cpu = 00:00:04 ; elapsed = 00:00:02 . Memory (MB): peak = 3321.102 ; gain = 0.000 ; free physical = 23354 ; free virtual = 64909
INFO: [Common 17-1381] The checkpoint '/home/pjs/Desktop/smollm2-zybo/hw/zybo_gemv_bringup/zybo_gemv_bringup.runs/impl_1/design_1_wrapper_placed.dcp' has been generated.
Command: phys_opt_design
Attempting to get a license for feature 'Implementation' and/or device 'xc7z020'
INFO: [Common 17-349] Got license for feature 'Implementation' and/or device 'xc7z020'

Starting Initial Update Timing Task

Time (s): cpu = 00:00:12 ; elapsed = 00:00:04 . Memory (MB): peak = 3321.102 ; gain = 0.000 ; free physical = 23437 ; free virtual = 64931
INFO: [Vivado_Tcl 4-1435] PhysOpt_Tcl_Interface Runtime Before Starting Physical Synthesis Task | CPU: 12.41s |  WALL: 4.22s
Netlist sorting complete. Time (s): cpu = 00:00:00 ; elapsed = 00:00:00 . Memory (MB): peak = 3321.102 ; gain = 0.000 ; free physical = 23437 ; free virtual = 64931

Starting Physical Synthesis Task

Phase 1 Physical Synthesis Initialization
INFO: [Physopt 32-721] Multithreading enabled for phys_opt_design using a maximum of 8 CPUs
INFO: [Physopt 32-619] Estimated Timing Summary | WNS=-11.366 | TNS=-19607.698 |
Phase 1 Physical Synthesis Initialization | Checksum: 17a1ef0a3

Time (s): cpu = 00:00:07 ; elapsed = 00:00:03 . Memory (MB): peak = 3321.102 ; gain = 0.000 ; free physical = 23464 ; free virtual = 64962
INFO: [Physopt 32-619] Estimated Timing Summary | WNS=-11.366 | TNS=-19607.698 |

Phase 2 DSP Register Optimization
INFO: [Physopt 32-456] No candidate cells for DSP register optimization found in the design.
INFO: [Physopt 32-775] End 2 Pass. Optimized 0 net or cell. Created 0 new cell, deleted 0 existing cell and moved 0 existing cell
Phase 2 DSP Register Optimization | Checksum: 17a1ef0a3

Time (s): cpu = 00:00:07 ; elapsed = 00:00:03 . Memory (MB): peak = 3321.102 ; gain = 0.000 ; free physical = 23464 ; free virtual = 64962

Phase 3 Critical Path Optimization
INFO: [Physopt 32-619] Estimated Timing Summary | WNS=-11.366 | TNS=-19607.698 |
INFO: [Physopt 32-702] Processed net design_1_i/gemv_q8_0_axi_lite_0/inst/core/row_acc_reg[2]_2[56]. Optimizations did not improve timing on the net.
INFO: [Physopt 32-702] Processed net design_1_i/processing_system7_0/inst/FCLK_CLK_unbuffered[0]. Optimizations did not improve timing on the net.
INFO: [Physopt 32-702] Processed net design_1_i/gemv_q8_0_axi_lite_0/inst/core/in65[56]. Optimizations did not improve timing on the net.
INFO: [Physopt 32-702] Processed net design_1_i/gemv_q8_0_axi_lite_0/inst/core/row_acc_reg[2][55]_i_2_n_0. Optimizations did not improve timing on the net.
INFO: [Physopt 32-702] Processed net design_1_i/gemv_q8_0_axi_lite_0/inst/core/row_acc_reg[2][51]_i_2_n_0. Optimizations did not improve timing on the net.
INFO: [Physopt 32-702] Processed net design_1_i/gemv_q8_0_axi_lite_0/inst/core/row_acc[2][51]_i_5_n_0. Optimizations did not improve timing on the net.
INFO: [Physopt 32-710] Processed net design_1_i/gemv_q8_0_axi_lite_0/inst/core/row_acc[2][51]_i_5_n_0. Critical path length was reduced through logic transformation on cell design_1_i/gemv_q8_0_axi_lite_0/inst/core/row_acc[2][51]_i_5_comp.
INFO: [Physopt 32-735] Processed net design_1_i/gemv_q8_0_axi_lite_0/inst/core/row_acc[2][51]_i_10_n_0. Optimization improves timing on the net.
INFO: [Physopt 32-619] Estimated Timing Summary | WNS=-11.346 | TNS=-19607.267 |
INFO: [Physopt 32-702] Processed net design_1_i/gemv_q8_0_axi_lite_0/inst/core/row_acc_reg[2]_2[60]. Optimizations did not improve timing on the net.
INFO: [Physopt 32-702] Processed net design_1_i/gemv_q8_0_axi_lite_0/inst/core/in65[60]. Optimizations did not improve timing on the net.
INFO: [Physopt 32-702] Processed net design_1_i/gemv_q8_0_axi_lite_0/inst/core/row_acc_reg[2][59]_i_2_n_0. Optimizations did not improve timing on the net.
INFO: [Physopt 32-702] Processed net design_1_i/gemv_q8_0_axi_lite_0/inst/core/row_acc[2][59]_i_5_n_0. Optimizations did not improve timing on the net.
INFO: [Physopt 32-710] Processed net design_1_i/gemv_q8_0_axi_lite_0/inst/core/row_acc[2][59]_i_5_n_0. Critical path length was reduced through logic transformation on cell design_1_i/gemv_q8_0_axi_lite_0/inst/core/row_acc[2][59]_i_5_comp.
INFO: [Physopt 32-735] Processed net design_1_i/gemv_q8_0_axi_lite_0/inst/core/row_acc[2][59]_i_10_n_0. Optimization improves timing on the net.
INFO: [Physopt 32-619] Estimated Timing Summary | WNS=-11.337 | TNS=-19607.167 |
INFO: [Physopt 32-702] Processed net design_1_i/gemv_q8_0_axi_lite_0/inst/core/row_acc[2][55]_i_5_n_0. Optimizations did not improve timing on the net.
INFO: [Physopt 32-710] Processed net design_1_i/gemv_q8_0_axi_lite_0/inst/core/row_acc[2][55]_i_5_n_0. Critical path length was reduced through logic transformation on cell design_1_i/gemv_q8_0_axi_lite_0/inst/core/row_acc[2][55]_i_5_comp.
INFO: [Physopt 32-735] Processed net design_1_i/gemv_q8_0_axi_lite_0/inst/core/row_acc[2][55]_i_10_n_0. Optimization improves timing on the net.
INFO: [Physopt 32-619] Estimated Timing Summary | WNS=-11.320 | TNS=-19607.032 |
INFO: [Physopt 32-702] Processed net design_1_i/gemv_q8_0_axi_lite_0/inst/core/row_acc[2][55]_i_4_n_0. Optimizations did not improve timing on the net.
INFO: [Physopt 32-710] Processed net design_1_i/gemv_q8_0_axi_lite_0/inst/core/row_acc[2][55]_i_4_n_0. Critical path length was reduced through logic transformation on cell design_1_i/gemv_q8_0_axi_lite_0/inst/core/row_acc[2][55]_i_4_comp.
INFO: [Physopt 32-735] Processed net design_1_i/gemv_q8_0_axi_lite_0/inst/core/row_acc[2][55]_i_9_n_0. Optimization improves timing on the net.
INFO: [Physopt 32-619] Estimated Timing Summary | WNS=-11.310 | TNS=-19606.952 |
INFO: [Physopt 32-702] Processed net design_1_i/gemv_q8_0_axi_lite_0/inst/core/row_acc[2][55]_i_6_n_0. Optimizations did not improve timing on the net.
INFO: [Physopt 32-710] Processed net design_1_i/gemv_q8_0_axi_lite_0/inst/core/row_acc[2][55]_i_6_n_0. Critical path length was reduced through logic transformation on cell design_1_i/gemv_q8_0_axi_lite_0/inst/core/row_acc[2][55]_i_6_comp.
INFO: [Physopt 32-735] Processed net design_1_i/gemv_q8_0_axi_lite_0/inst/core/row_acc[2][55]_i_11_n_0. Optimization improves timing on the net.
INFO: [Physopt 32-619] Estimated Timing Summary | WNS=-11.310 | TNS=-19606.952 |
INFO: [Physopt 32-702] Processed net design_1_i/gemv_q8_0_axi_lite_0/inst/core/row_acc[2][51]_i_4_n_0. Optimizations did not improve timing on the net.
INFO: [Physopt 32-710] Processed net design_1_i/gemv_q8_0_axi_lite_0/inst/core/row_acc[2][51]_i_4_n_0. Critical path length was reduced through logic transformation on cell design_1_i/gemv_q8_0_axi_lite_0/inst/core/row_acc[2][51]_i_4_comp.
INFO: [Physopt 32-735] Processed net design_1_i/gemv_q8_0_axi_lite_0/inst/core/row_acc[2][51]_i_9_n_0. Optimization improves timing on the net.
INFO: [Physopt 32-619] Estimated Timing Summary | WNS=-11.310 | TNS=-19606.952 |
INFO: [Physopt 32-702] Processed net design_1_i/gemv_q8_0_axi_lite_0/inst/core/row_acc[2][51]_i_6_n_0. Optimizations did not improve timing on the net.
INFO: [Physopt 32-710] Processed net design_1_i/gemv_q8_0_axi_lite_0/inst/core/row_acc[2][51]_i_6_n_0. Critical path length was reduced through logic transformation on cell design_1_i/gemv_q8_0_axi_lite_0/inst/core/row_acc[2][51]_i_6_comp.
INFO: [Physopt 32-735] Processed net design_1_i/gemv_q8_0_axi_lite_0/inst/core/row_acc[2][51]_i_11_n_0. Optimization improves timing on the net.
INFO: [Physopt 32-619] Estimated Timing Summary | WNS=-11.294 | TNS=-19606.503 |
INFO: [Physopt 32-702] Processed net design_1_i/gemv_q8_0_axi_lite_0/inst/core/row_acc[2][59]_i_4_n_0. Optimizations did not improve timing on the net.
INFO: [Physopt 32-710] Processed net design_1_i/gemv_q8_0_axi_lite_0/inst/core/row_acc[2][59]_i_4_n_0. Critical path length was reduced through logic transformation on cell design_1_i/gemv_q8_0_axi_lite_0/inst/core/row_acc[2][59]_i_4_comp.
INFO: [Physopt 32-735] Processed net design_1_i/gemv_q8_0_axi_lite_0/inst/core/row_acc[2][59]_i_9_n_0. Optimization improves timing on the net.
INFO: [Physopt 32-619] Estimated Timing Summary | WNS=-11.292 | TNS=-19606.496 |
INFO: [Physopt 32-702] Processed net design_1_i/gemv_q8_0_axi_lite_0/inst/core/row_acc[2][59]_i_6_n_0. Optimizations did not improve timing on the net.
INFO: [Physopt 32-710] Processed net design_1_i/gemv_q8_0_axi_lite_0/inst/core/row_acc[2][59]_i_6_n_0. Critical path length was reduced through logic transformation on cell design_1_i/gemv_q8_0_axi_lite_0/inst/core/row_acc[2][59]_i_6_comp.
INFO: [Physopt 32-735] Processed net design_1_i/gemv_q8_0_axi_lite_0/inst/core/row_acc[2][59]_i_11_n_0. Optimization improves timing on the net.
INFO: [Physopt 32-619] Estimated Timing Summary | WNS=-11.254 | TNS=-19606.279 |
INFO: [Physopt 32-702] Processed net design_1_i/gemv_q8_0_axi_lite_0/inst/core/row_acc[2][51]_i_3_n_0. Optimizations did not improve timing on the net.
INFO: [Physopt 32-710] Processed net design_1_i/gemv_q8_0_axi_lite_0/inst/core/row_acc[2][51]_i_3_n_0. Critical path length was reduced through logic transformation on cell design_1_i/gemv_q8_0_axi_lite_0/inst/core/row_acc[2][51]_i_3_comp.
INFO: [Physopt 32-735] Processed net design_1_i/gemv_q8_0_axi_lite_0/inst/core/row_acc[2][51]_i_8_n_0. Optimization improves timing on the net.
INFO: [Physopt 32-619] Estimated Timing Summary | WNS=-11.227 | TNS=-19605.955 |
INFO: [Physopt 32-702] Processed net design_1_i/gemv_q8_0_axi_lite_0/inst/core/row_acc_reg[2][47]_i_2_n_0. Optimizations did not improve timing on the net.
INFO: [Physopt 32-702] Processed net design_1_i/gemv_q8_0_axi_lite_0/inst/core/row_acc[2][47]_i_3_n_0. Optimizations did not improve timing on the net.
INFO: [Physopt 32-710] Processed net design_1_i/gemv_q8_0_axi_lite_0/inst/core/row_acc[2][47]_i_3_n_0. Critical path length was reduced through logic transformation on cell design_1_i/gemv_q8_0_axi_lite_0/inst/core/row_acc[2][47]_i_3_comp.
INFO: [Physopt 32-735] Processed net design_1_i/gemv_q8_0_axi_lite_0/inst/core/row_acc[2][47]_i_8_n_0. Optimization improves timing on the net.
INFO: [Physopt 32-619] Estimated Timing Summary | WNS=-11.103 | TNS=-19603.955 |
INFO: [Physopt 32-702] Processed net design_1_i/gemv_q8_0_axi_lite_0/inst/core/row_acc[2][55]_i_3_n_0. Optimizations did not improve timing on the net.
INFO: [Physopt 32-710] Processed net design_1_i/gemv_q8_0_axi_lite_0/inst/core/row_acc[2][55]_i_3_n_0. Critical path length was reduced through logic transformation on cell design_1_i/gemv_q8_0_axi_lite_0/inst/core/row_acc[2][55]_i_3_comp.
INFO: [Physopt 32-735] Processed net design_1_i/gemv_q8_0_axi_lite_0/inst/core/row_acc[2][55]_i_8_n_0. Optimization improves timing on the net.
INFO: [Physopt 32-619] Estimated Timing Summary | WNS=-11.101 | TNS=-19603.940 |
INFO: [Physopt 32-702] Processed net design_1_i/gemv_q8_0_axi_lite_0/inst/core/row_acc_reg[2][55]_i_20_n_5. Optimizations did not improve timing on the net.
INFO: [Physopt 32-702] Processed net design_1_i/gemv_q8_0_axi_lite_0/inst/core/row_acc_reg[2][47]_i_10_n_0. Optimizations did not improve timing on the net.
INFO: [Physopt 32-702] Processed net design_1_i/gemv_q8_0_axi_lite_0/inst/core/row_acc_reg[2][47]_i_13_n_0. Optimizations did not improve timing on the net.
INFO: [Physopt 32-702] Processed net design_1_i/gemv_q8_0_axi_lite_0/inst/core/row_acc_reg[2][43]_i_12_n_0. Optimizations did not improve timing on the net.
INFO: [Physopt 32-702] Processed net design_1_i/gemv_q8_0_axi_lite_0/inst/core/row_acc_reg[2][39]_i_12_n_0. Optimizations did not improve timing on the net.
INFO: [Physopt 32-702] Processed net design_1_i/gemv_q8_0_axi_lite_0/inst/core/row_acc_reg[2][35]_i_12_n_0. Optimizations did not improve timing on the net.
INFO: [Physopt 32-702] Processed net design_1_i/gemv_q8_0_axi_lite_0/inst/core/row_acc_reg[2][31]_i_12_n_0. Optimizations did not improve timing on the net.
INFO: [Physopt 32-702] Processed net design_1_i/gemv_q8_0_axi_lite_0/inst/core/row_acc_reg[2][27]_i_12_n_0. Optimizations did not improve timing on the net.
INFO: [Physopt 32-702] Processed net design_1_i/gemv_q8_0_axi_lite_0/inst/core/row_acc_reg[2][23]_i_12_n_0. Optimizations did not improve timing on the net.
INFO: [Physopt 32-702] Processed net design_1_i/gemv_q8_0_axi_lite_0/inst/core/row_acc_reg[2][19]_i_12_n_0. Optimizations did not improve timing on the net.
INFO: [Physopt 32-702] Processed net design_1_i/gemv_q8_0_axi_lite_0/inst/core/row_acc_reg[2][15]_i_11_n_0. Optimizations did not improve timing on the net.
INFO: [Physopt 32-702] Processed net design_1_i/gemv_q8_0_axi_lite_0/inst/core/row_acc_reg[2][11]_i_11_n_0. Optimizations did not improve timing on the net.
INFO: [Physopt 32-702] Processed net design_1_i/gemv_q8_0_axi_lite_0/inst/core/row_acc_reg[2][7]_i_11_n_0. Optimizations did not improve timing on the net.
INFO: [Physopt 32-608] Optimized 1 net.  Swapped 25 pins.
INFO: [Physopt 32-735] Processed net design_1_i/gemv_q8_0_axi_lite_0/inst/core/row_acc[2][7]_i_19_n_0. Optimization improves timing on the net.
INFO: [Physopt 32-619] Estimated Timing Summary | WNS=-11.068 | TNS=-19597.275 |
INFO: [Physopt 32-702] Processed net design_1_i/gemv_q8_0_axi_lite_0/inst/core/row_acc_reg[0]_0[63]. Optimizations did not improve timing on the net.
INFO: [Physopt 32-702] Processed net design_1_i/gemv_q8_0_axi_lite_0/inst/core/in61[63]. Optimizations did not improve timing on the net.
INFO: [Physopt 32-702] Processed net design_1_i/gemv_q8_0_axi_lite_0/inst/core/row_acc_reg[0][59]_i_2_n_0. Optimizations did not improve timing on the net.
INFO: [Physopt 32-702] Processed net design_1_i/gemv_q8_0_axi_lite_0/inst/core/row_acc_reg[0][55]_i_2_n_0. Optimizations did not improve timing on the net.
INFO: [Physopt 32-702] Processed net design_1_i/gemv_q8_0_axi_lite_0/inst/core/row_acc_reg[0][51]_i_2_n_0. Optimizations did not improve timing on the net.
INFO: [Physopt 32-702] Processed net design_1_i/gemv_q8_0_axi_lite_0/inst/core/row_acc_reg[0][47]_i_2_n_0. Optimizations did not improve timing on the net.
INFO: [Physopt 32-702] Processed net design_1_i/gemv_q8_0_axi_lite_0/inst/core/row_acc_reg[0][43]_i_2_n_0. Optimizations did not improve timing on the net.
INFO: [Physopt 32-702] Processed net design_1_i/gemv_q8_0_axi_lite_0/inst/core/row_acc_reg[0][39]_i_2_n_0. Optimizations did not improve timing on the net.
INFO: [Physopt 32-702] Processed net design_1_i/gemv_q8_0_axi_lite_0/inst/core/row_acc[0][39]_i_5_n_0. Optimizations did not improve timing on the net.
INFO: [Physopt 32-710] Processed net design_1_i/gemv_q8_0_axi_lite_0/inst/core/row_acc[0][39]_i_5_n_0. Critical path length was reduced through logic transformation on cell design_1_i/gemv_q8_0_axi_lite_0/inst/core/row_acc[0][39]_i_5_comp.
INFO: [Physopt 32-735] Processed net design_1_i/gemv_q8_0_axi_lite_0/inst/core/row_acc[0][39]_i_10_n_0. Optimization improves timing on the net.
INFO: [Physopt 32-619] Estimated Timing Summary | WNS=-11.021 | TNS=-19595.169 |
INFO: [Physopt 32-702] Processed net design_1_i/gemv_q8_0_axi_lite_0/inst/core/row_acc_reg[3]_3[62]. Optimizations did not improve timing on the net.
INFO: [Physopt 32-702] Processed net design_1_i/gemv_q8_0_axi_lite_0/inst/core/in66[62]. Optimizations did not improve timing on the net.
INFO: [Physopt 32-702] Processed net design_1_i/gemv_q8_0_axi_lite_0/inst/core/row_acc_reg[3][59]_i_2_n_0. Optimizations did not improve timing on the net.
INFO: [Physopt 32-702] Processed net design_1_i/gemv_q8_0_axi_lite_0/inst/core/row_acc_reg[3][55]_i_2_n_0. Optimizations did not improve timing on the net.
INFO: [Physopt 32-702] Processed net design_1_i/gemv_q8_0_axi_lite_0/inst/core/row_acc_reg[3][51]_i_2_n_0. Optimizations did not improve timing on the net.
INFO: [Physopt 32-702] Processed net design_1_i/gemv_q8_0_axi_lite_0/inst/core/row_acc_reg[3][47]_i_2_n_0. Optimizations did not improve timing on the net.
INFO: [Physopt 32-702] Processed net design_1_i/gemv_q8_0_axi_lite_0/inst/core/row_acc_reg[3][43]_i_2_n_0. Optimizations did not improve timing on the net.
INFO: [Physopt 32-702] Processed net design_1_i/gemv_q8_0_axi_lite_0/inst/core/row_acc_reg[3][39]_i_2_n_0. Optimizations did not improve timing on the net.
INFO: [Physopt 32-702] Processed net design_1_i/gemv_q8_0_axi_lite_0/inst/core/row_acc_reg[3][35]_i_2_n_0. Optimizations did not improve timing on the net.
INFO: [Physopt 32-702] Processed net design_1_i/gemv_q8_0_axi_lite_0/inst/core/row_acc_reg[3][31]_i_2_n_0. Optimizations did not improve timing on the net.
INFO: [Physopt 32-702] Processed net design_1_i/gemv_q8_0_axi_lite_0/inst/core/row_acc_reg[3][27]_i_2_n_0. Optimizations did not improve timing on the net.
INFO: [Physopt 32-702] Processed net design_1_i/gemv_q8_0_axi_lite_0/inst/core/row_acc_reg[3][23]_i_2_n_0. Optimizations did not improve timing on the net.
INFO: [Physopt 32-702] Processed net design_1_i/gemv_q8_0_axi_lite_0/inst/core/row_acc_reg[3][19]_i_2_n_0. Optimizations did not improve timing on the net.
INFO: [Physopt 32-702] Processed net design_1_i/gemv_q8_0_axi_lite_0/inst/core/row_acc[3][19]_i_6_n_0. Optimizations did not improve timing on the net.
INFO: [Physopt 32-710] Processed net design_1_i/gemv_q8_0_axi_lite_0/inst/core/row_acc[3][19]_i_6_n_0. Critical path length was reduced through logic transformation on cell design_1_i/gemv_q8_0_axi_lite_0/inst/core/row_acc[3][19]_i_6_comp.
INFO: [Physopt 32-735] Processed net design_1_i/gemv_q8_0_axi_lite_0/inst/core/row_acc[3][19]_i_11_n_0. Optimization improves timing on the net.
INFO: [Physopt 32-619] Estimated Timing Summary | WNS=-11.007 | TNS=-19587.871 |
INFO: [Physopt 32-702] Processed net design_1_i/gemv_q8_0_axi_lite_0/inst/core/row_acc_reg[12]_12[60]. Optimizations did not improve timing on the net.
INFO: [Physopt 32-702] Processed net design_1_i/gemv_q8_0_axi_lite_0/inst/core/row_acc_reg[12][63]_i_2_n_7. Optimizations did not improve timing on the net.
INFO: [Physopt 32-702] Processed net design_1_i/gemv_q8_0_axi_lite_0/inst/core/row_acc_reg[12][59]_i_2_n_0. Optimizations did not improve timing on the net.
INFO: [Physopt 32-702] Processed net design_1_i/gemv_q8_0_axi_lite_0/inst/core/row_acc_reg[12][55]_i_2_n_0. Optimizations did not improve timing on the net.
INFO: [Physopt 32-702] Processed net design_1_i/gemv_q8_0_axi_lite_0/inst/core/row_acc[12][55]_i_4_n_0. Optimizations did not improve timing on the net.
INFO: [Physopt 32-710] Processed net design_1_i/gemv_q8_0_axi_lite_0/inst/core/row_acc[12][55]_i_4_n_0. Critical path length was reduced through logic transformation on cell design_1_i/gemv_q8_0_axi_lite_0/inst/core/row_acc[12][55]_i_4_comp.
INFO: [Physopt 32-735] Processed net design_1_i/gemv_q8_0_axi_lite_0/inst/core/row_acc[12][55]_i_9_n_0. Optimization improves timing on the net.
INFO: [Physopt 32-619] Estimated Timing Summary | WNS=-11.007 | TNS=-19587.871 |
INFO: [Physopt 32-702] Processed net design_1_i/gemv_q8_0_axi_lite_0/inst/core/row_acc_reg[12][51]_i_2_n_0. Optimizations did not improve timing on the net.
INFO: [Physopt 32-702] Processed net design_1_i/gemv_q8_0_axi_lite_0/inst/core/row_acc[12][51]_i_4_n_0. Optimizations did not improve timing on the net.
INFO: [Physopt 32-710] Processed net design_1_i/gemv_q8_0_axi_lite_0/inst/core/row_acc[12][51]_i_4_n_0. Critical path length was reduced through logic transformation on cell design_1_i/gemv_q8_0_axi_lite_0/inst/core/row_acc[12][51]_i_4_comp.
INFO: [Physopt 32-735] Processed net design_1_i/gemv_q8_0_axi_lite_0/inst/core/row_acc[12][51]_i_9_n_0. Optimization improves timing on the net.
INFO: [Physopt 32-619] Estimated Timing Summary | WNS=-10.998 | TNS=-19587.500 |
INFO: [Physopt 32-608] Optimized 1 net.  Swapped 26 pins.
INFO: [Physopt 32-735] Processed net design_1_i/gemv_q8_0_axi_lite_0/inst/core/row_acc[2][11]_i_19_n_0. Optimization improves timing on the net.
INFO: [Physopt 32-619] Estimated Timing Summary | WNS=-10.988 | TNS=-19585.212 |
INFO: [Physopt 32-702] Processed net design_1_i/gemv_q8_0_axi_lite_0/inst/core/row_acc[0][43]_i_6_n_0. Optimizations did not improve timing on the net.
INFO: [Physopt 32-710] Processed net design_1_i/gemv_q8_0_axi_lite_0/inst/core/row_acc[0][43]_i_6_n_0. Critical path length was reduced through logic transformation on cell design_1_i/gemv_q8_0_axi_lite_0/inst/core/row_acc[0][43]_i_6_comp.
INFO: [Physopt 32-735] Processed net design_1_i/gemv_q8_0_axi_lite_0/inst/core/row_acc[0][43]_i_11_n_0. Optimization improves timing on the net.
INFO: [Physopt 32-619] Estimated Timing Summary | WNS=-10.976 | TNS=-19584.571 |
INFO: [Physopt 32-702] Processed net design_1_i/gemv_q8_0_axi_lite_0/inst/core/row_acc[12][51]_i_5_n_0. Optimizations did not improve timing on the net.
INFO: [Physopt 32-710] Processed net design_1_i/gemv_q8_0_axi_lite_0/inst/core/row_acc[12][51]_i_5_n_0. Critical path length was reduced through logic transformation on cell design_1_i/gemv_q8_0_axi_lite_0/inst/core/row_acc[12][51]_i_5_comp.
INFO: [Physopt 32-735] Processed net design_1_i/gemv_q8_0_axi_lite_0/inst/core/row_acc[12][51]_i_10_n_0. Optimization improves timing on the net.
INFO: [Physopt 32-619] Estimated Timing Summary | WNS=-10.963 | TNS=-19583.913 |
INFO: [Physopt 32-702] Processed net design_1_i/gemv_q8_0_axi_lite_0/inst/core/row_acc_reg[10]_10[62]. Optimizations did not improve timing on the net.
INFO: [Physopt 32-702] Processed net design_1_i/gemv_q8_0_axi_lite_0/inst/core/row_acc_reg[10][63]_i_2_n_5. Optimizations did not improve timing on the net.
INFO: [Physopt 32-702] Processed net design_1_i/gemv_q8_0_axi_lite_0/inst/core/row_acc_reg[10][59]_i_2_n_0. Optimizations did not improve timing on the net.
INFO: [Physopt 32-702] Processed net design_1_i/gemv_q8_0_axi_lite_0/inst/core/row_acc[10][59]_i_5_n_0. Optimizations did not improve timing on the net.
INFO: [Physopt 32-710] Processed net design_1_i/gemv_q8_0_axi_lite_0/inst/core/row_acc[10][59]_i_5_n_0. Critical path length was reduced through logic transformation on cell design_1_i/gemv_q8_0_axi_lite_0/inst/core/row_acc[10][59]_i_5_comp.
INFO: [Physopt 32-735] Processed net design_1_i/gemv_q8_0_axi_lite_0/inst/core/row_acc[10][59]_i_10_n_0. Optimization improves timing on the net.
INFO: [Physopt 32-619] Estimated Timing Summary | WNS=-10.956 | TNS=-19583.837 |
INFO: [Physopt 32-702] Processed net design_1_i/gemv_q8_0_axi_lite_0/inst/core/row_acc_reg[0][35]_i_2_n_0. Optimizations did not improve timing on the net.
INFO: [Physopt 32-702] Processed net design_1_i/gemv_q8_0_axi_lite_0/inst/core/row_acc_reg[0][31]_i_2_n_0. Optimizations did not improve timing on the net.
INFO: [Physopt 32-702] Processed net design_1_i/gemv_q8_0_axi_lite_0/inst/core/row_acc_reg[0][27]_i_2_n_0. Optimizations did not improve timing on the net.
INFO: [Physopt 32-702] Processed net design_1_i/gemv_q8_0_axi_lite_0/inst/core/row_acc_reg[0][23]_i_2_n_0. Optimizations did not improve timing on the net.
INFO: [Physopt 32-702] Processed net design_1_i/gemv_q8_0_axi_lite_0/inst/core/row_acc_reg[0][19]_i_2_n_0. Optimizations did not improve timing on the net.
INFO: [Physopt 32-702] Processed net design_1_i/gemv_q8_0_axi_lite_0/inst/core/row_acc_reg[0][15]_i_2_n_0. Optimizations did not improve timing on the net.
INFO: [Physopt 32-702] Processed net design_1_i/gemv_q8_0_axi_lite_0/inst/core/row_acc[0][15]_i_6_n_0. Optimizations did not improve timing on the net.
INFO: [Physopt 32-710] Processed net design_1_i/gemv_q8_0_axi_lite_0/inst/core/row_acc[0][15]_i_6_n_0. Critical path length was reduced through logic transformation on cell design_1_i/gemv_q8_0_axi_lite_0/inst/core/row_acc[0][15]_i_6_comp.
INFO: [Physopt 32-735] Processed net design_1_i/gemv_q8_0_axi_lite_0/inst/core/row_acc[0][15]_i_10_n_0. Optimization improves timing on the net.
INFO: [Physopt 32-619] Estimated Timing Summary | WNS=-10.954 | TNS=-19581.004 |
INFO: [Physopt 32-608] Optimized 1 net.  Swapped 25 pins.
INFO: [Physopt 32-735] Processed net design_1_i/gemv_q8_0_axi_lite_0/inst/core/row_acc[2][7]_i_18_n_0. Optimization improves timing on the net.
INFO: [Physopt 32-619] Estimated Timing Summary | WNS=-10.953 | TNS=-19580.946 |
INFO: [Physopt 32-702] Processed net design_1_i/gemv_q8_0_axi_lite_0/inst/core/row_acc[12][55]_i_6_n_0. Optimizations did not improve timing on the net.
INFO: [Physopt 32-710] Processed net design_1_i/gemv_q8_0_axi_lite_0/inst/core/row_acc[12][55]_i_6_n_0. Critical path length was reduced through logic transformation on cell design_1_i/gemv_q8_0_axi_lite_0/inst/core/row_acc[12][55]_i_6_comp.
INFO: [Physopt 32-735] Processed net design_1_i/gemv_q8_0_axi_lite_0/inst/core/row_acc[12][55]_i_11_n_0. Optimization improves timing on the net.
INFO: [Physopt 32-619] Estimated Timing Summary | WNS=-10.953 | TNS=-19580.626 |
INFO: [Physopt 32-608] Optimized 1 net.  Swapped 25 pins.
INFO: [Physopt 32-735] Processed net design_1_i/gemv_q8_0_axi_lite_0/inst/core/row_acc[2][7]_i_17_n_0. Optimization improves timing on the net.
INFO: [Physopt 32-619] Estimated Timing Summary | WNS=-10.944 | TNS=-19573.261 |
INFO: [Physopt 32-702] Processed net design_1_i/gemv_q8_0_axi_lite_0/inst/core/row_acc_reg[10][55]_i_2_n_0. Optimizations did not improve timing on the net.
INFO: [Physopt 32-702] Processed net design_1_i/gemv_q8_0_axi_lite_0/inst/core/row_acc_reg[10][51]_i_2_n_0. Optimizations did not improve timing on the net.
INFO: [Physopt 32-702] Processed net design_1_i/gemv_q8_0_axi_lite_0/inst/core/row_acc[10][51]_i_5_n_0. Optimizations did not improve timing on the net.
INFO: [Physopt 32-710] Processed net design_1_i/gemv_q8_0_axi_lite_0/inst/core/row_acc[10][51]_i_5_n_0. Critical path length was reduced through logic transformation on cell design_1_i/gemv_q8_0_axi_lite_0/inst/core/row_acc[10][51]_i_5_comp.
INFO: [Physopt 32-735] Processed net design_1_i/gemv_q8_0_axi_lite_0/inst/core/row_acc[10][51]_i_10_n_0. Optimization improves timing on the net.
INFO: [Physopt 32-619] Estimated Timing Summary | WNS=-10.941 | TNS=-19572.391 |
INFO: [Physopt 32-702] Processed net design_1_i/gemv_q8_0_axi_lite_0/inst/core/row_acc[12][59]_i_5_n_0. Optimizations did not improve timing on the net.
INFO: [Physopt 32-710] Processed net design_1_i/gemv_q8_0_axi_lite_0/inst/core/row_acc[12][59]_i_5_n_0. Critical path length was reduced through logic transformation on cell design_1_i/gemv_q8_0_axi_lite_0/inst/core/row_acc[12][59]_i_5_comp.
INFO: [Physopt 32-735] Processed net design_1_i/gemv_q8_0_axi_lite_0/inst/core/row_acc[12][59]_i_10_n_0. Optimization improves timing on the net.
INFO: [Physopt 32-619] Estimated Timing Summary | WNS=-10.940 | TNS=-19572.388 |
INFO: [Physopt 32-702] Processed net design_1_i/gemv_q8_0_axi_lite_0/inst/core/row_acc[12][59]_i_6_n_0. Optimizations did not improve timing on the net.
INFO: [Physopt 32-710] Processed net design_1_i/gemv_q8_0_axi_lite_0/inst/core/row_acc[12][59]_i_6_n_0. Critical path length was reduced through logic transformation on cell design_1_i/gemv_q8_0_axi_lite_0/inst/core/row_acc[12][59]_i_6_comp.
INFO: [Physopt 32-735] Processed net design_1_i/gemv_q8_0_axi_lite_0/inst/core/row_acc[12][59]_i_11_n_0. Optimization improves timing on the net.
INFO: [Physopt 32-619] Estimated Timing Summary | WNS=-10.939 | TNS=-19572.168 |
INFO: [Physopt 32-702] Processed net design_1_i/gemv_q8_0_axi_lite_0/inst/core/row_acc[0][23]_i_3_n_0. Optimizations did not improve timing on the net.
INFO: [Physopt 32-710] Processed net design_1_i/gemv_q8_0_axi_lite_0/inst/core/row_acc[0][23]_i_3_n_0. Critical path length was reduced through logic transformation on cell design_1_i/gemv_q8_0_axi_lite_0/inst/core/row_acc[0][23]_i_3_comp.
INFO: [Physopt 32-735] Processed net design_1_i/gemv_q8_0_axi_lite_0/inst/core/row_acc[0][23]_i_7_n_0. Optimization improves timing on the net.
INFO: [Physopt 32-619] Estimated Timing Summary | WNS=-10.929 | TNS=-19570.161 |
INFO: [Physopt 32-702] Processed net design_1_i/gemv_q8_0_axi_lite_0/inst/core/row_acc_reg[7]_7[62]. Optimizations did not improve timing on the net.
INFO: [Physopt 32-702] Processed net design_1_i/gemv_q8_0_axi_lite_0/inst/core/row_acc_reg[7][63]_i_2_n_5. Optimizations did not improve timing on the net.
INFO: [Physopt 32-702] Processed net design_1_i/gemv_q8_0_axi_lite_0/inst/core/row_acc_reg[7][59]_i_2_n_0. Optimizations did not improve timing on the net.
INFO: [Physopt 32-702] Processed net design_1_i/gemv_q8_0_axi_lite_0/inst/core/row_acc_reg[7][55]_i_2_n_0. Optimizations did not improve timing on the net.
INFO: [Physopt 32-702] Processed net design_1_i/gemv_q8_0_axi_lite_0/inst/core/row_acc_reg[7][51]_i_2_n_0. Optimizations did not improve timing on the net.
INFO: [Physopt 32-702] Processed net design_1_i/gemv_q8_0_axi_lite_0/inst/core/row_acc[7][51]_i_5_n_0. Optimizations did not improve timing on the net.
INFO: [Physopt 32-663] Processed net design_1_i/gemv_q8_0_axi_lite_0/inst/core/row_acc[7][51]_i_10_n_0.  Re-placed instance design_1_i/gemv_q8_0_axi_lite_0/inst/core/row_acc[7][51]_i_10
INFO: [Physopt 32-735] Processed net design_1_i/gemv_q8_0_axi_lite_0/inst/core/row_acc[7][51]_i_10_n_0. Optimization improves timing on the net.
INFO: [Physopt 32-619] Estimated Timing Summary | WNS=-10.919 | TNS=-19567.293 |
INFO: [Physopt 32-702] Processed net design_1_i/gemv_q8_0_axi_lite_0/inst/core/row_acc_reg[4]_4[62]. Optimizations did not improve timing on the net.
INFO: [Physopt 32-702] Processed net design_1_i/gemv_q8_0_axi_lite_0/inst/core/in67[62]. Optimizations did not improve timing on the net.
INFO: [Physopt 32-702] Processed net design_1_i/gemv_q8_0_axi_lite_0/inst/core/row_acc_reg[4][59]_i_2_n_0. Optimizations did not improve timing on the net.
INFO: [Physopt 32-702] Processed net design_1_i/gemv_q8_0_axi_lite_0/inst/core/row_acc_reg[4][55]_i_2_n_0. Optimizations did not improve timing on the net.
INFO: [Physopt 32-702] Processed net design_1_i/gemv_q8_0_axi_lite_0/inst/core/row_acc_reg[4][51]_i_2_n_0. Optimizations did not improve timing on the net.
INFO: [Physopt 32-702] Processed net design_1_i/gemv_q8_0_axi_lite_0/inst/core/row_acc_reg[4][47]_i_2_n_0. Optimizations did not improve timing on the net.
INFO: [Physopt 32-702] Processed net design_1_i/gemv_q8_0_axi_lite_0/inst/core/row_acc_reg[4][43]_i_2_n_0. Optimizations did not improve timing on the net.
INFO: [Physopt 32-702] Processed net design_1_i/gemv_q8_0_axi_lite_0/inst/core/row_acc_reg[4][39]_i_2_n_0. Optimizations did not improve timing on the net.
INFO: [Physopt 32-702] Processed net design_1_i/gemv_q8_0_axi_lite_0/inst/core/row_acc_reg[4][35]_i_2_n_0. Optimizations did not improve timing on the net.
INFO: [Physopt 32-702] Processed net design_1_i/gemv_q8_0_axi_lite_0/inst/core/row_acc_reg[4][31]_i_2_n_0. Optimizations did not improve timing on the net.
INFO: [Physopt 32-702] Processed net design_1_i/gemv_q8_0_axi_lite_0/inst/core/row_acc_reg[4][27]_i_2_n_0. Optimizations did not improve timing on the net.
INFO: [Physopt 32-702] Processed net design_1_i/gemv_q8_0_axi_lite_0/inst/core/row_acc_reg[4][23]_i_2_n_0. Optimizations did not improve timing on the net.
INFO: [Physopt 32-702] Processed net design_1_i/gemv_q8_0_axi_lite_0/inst/core/row_acc_reg[4][19]_i_2_n_0. Optimizations did not improve timing on the net.
INFO: [Physopt 32-702] Processed net design_1_i/gemv_q8_0_axi_lite_0/inst/core/row_acc_reg[4][15]_i_2_n_0. Optimizations did not improve timing on the net.
INFO: [Physopt 32-702] Processed net design_1_i/gemv_q8_0_axi_lite_0/inst/core/row_acc_reg[4][11]_i_2_n_0. Optimizations did not improve timing on the net.
INFO: [Physopt 32-702] Processed net design_1_i/gemv_q8_0_axi_lite_0/inst/core/row_acc[4][11]_i_5_n_0. Optimizations did not improve timing on the net.
INFO: [Physopt 32-663] Processed net design_1_i/gemv_q8_0_axi_lite_0/inst/core/row_acc[4][11]_i_9_n_0.  Re-placed instance design_1_i/gemv_q8_0_axi_lite_0/inst/core/row_acc[4][11]_i_9
INFO: [Physopt 32-735] Processed net design_1_i/gemv_q8_0_axi_lite_0/inst/core/row_acc[4][11]_i_9_n_0. Optimization improves timing on the net.
INFO: [Physopt 32-619] Estimated Timing Summary | WNS=-10.918 | TNS=-19565.889 |
INFO: [Physopt 32-702] Processed net design_1_i/gemv_q8_0_axi_lite_0/inst/core/row_acc[0][39]_i_4_n_0. Optimizations did not improve timing on the net.
INFO: [Physopt 32-710] Processed net design_1_i/gemv_q8_0_axi_lite_0/inst/core/row_acc[0][39]_i_4_n_0. Critical path length was reduced through logic transformation on cell design_1_i/gemv_q8_0_axi_lite_0/inst/core/row_acc[0][39]_i_4_comp.
INFO: [Physopt 32-735] Processed net design_1_i/gemv_q8_0_axi_lite_0/inst/core/row_acc[0][39]_i_9_n_0. Optimization improves timing on the net.
INFO: [Physopt 32-619] Estimated Timing Summary | WNS=-10.901 | TNS=-19565.457 |
INFO: [Physopt 32-702] Processed net design_1_i/gemv_q8_0_axi_lite_0/inst/core/row_acc[4][47]_i_4_n_0. Optimizations did not improve timing on the net.
INFO: [Physopt 32-710] Processed net design_1_i/gemv_q8_0_axi_lite_0/inst/core/row_acc[4][47]_i_4_n_0. Critical path length was reduced through logic transformation on cell design_1_i/gemv_q8_0_axi_lite_0/inst/core/row_acc[4][47]_i_4_comp.
INFO: [Physopt 32-735] Processed net design_1_i/gemv_q8_0_axi_lite_0/inst/core/row_acc[4][47]_i_9_n_0. Optimization improves timing on the net.
INFO: [Physopt 32-619] Estimated Timing Summary | WNS=-10.900 | TNS=-19565.250 |
INFO: [Physopt 32-702] Processed net design_1_i/gemv_q8_0_axi_lite_0/inst/core/row_acc[0][31]_i_6_n_0. Optimizations did not improve timing on the net.
INFO: [Physopt 32-710] Processed net design_1_i/gemv_q8_0_axi_lite_0/inst/core/row_acc[0][31]_i_6_n_0. Critical path length was reduced through logic transformation on cell design_1_i/gemv_q8_0_axi_lite_0/inst/core/row_acc[0][31]_i_6_comp.
INFO: [Physopt 32-735] Processed net design_1_i/gemv_q8_0_axi_lite_0/inst/core/row_acc[0][31]_i_11_n_0. Optimization improves timing on the net.
INFO: [Physopt 32-619] Estimated Timing Summary | WNS=-10.894 | TNS=-19563.728 |
INFO: [Physopt 32-702] Processed net design_1_i/gemv_q8_0_axi_lite_0/inst/core/row_acc[0][43]_i_3_n_0. Optimizations did not improve timing on the net.
INFO: [Physopt 32-710] Processed net design_1_i/gemv_q8_0_axi_lite_0/inst/core/row_acc[0][43]_i_3_n_0. Critical path length was reduced through logic transformation on cell design_1_i/gemv_q8_0_axi_lite_0/inst/core/row_acc[0][43]_i_3_comp.
INFO: [Physopt 32-735] Processed net design_1_i/gemv_q8_0_axi_lite_0/inst/core/row_acc[0][43]_i_7_n_0. Optimization improves timing on the net.
INFO: [Physopt 32-619] Estimated Timing Summary | WNS=-10.893 | TNS=-19562.076 |
INFO: [Physopt 32-702] Processed net design_1_i/gemv_q8_0_axi_lite_0/inst/core/row_acc[3][27]_i_5_n_0. Optimizations did not improve timing on the net.
INFO: [Physopt 32-710] Processed net design_1_i/gemv_q8_0_axi_lite_0/inst/core/row_acc[3][27]_i_5_n_0. Critical path length was reduced through logic transformation on cell design_1_i/gemv_q8_0_axi_lite_0/inst/core/row_acc[3][27]_i_5_comp.
INFO: [Physopt 32-735] Processed net design_1_i/gemv_q8_0_axi_lite_0/inst/core/row_acc[3][27]_i_10_n_0. Optimization improves timing on the net.
INFO: [Physopt 32-619] Estimated Timing Summary | WNS=-10.888 | TNS=-19556.632 |
INFO: [Physopt 32-702] Processed net design_1_i/gemv_q8_0_axi_lite_0/inst/core/row_acc[4][11]_i_4_n_0. Optimizations did not improve timing on the net.
INFO: [Physopt 32-710] Processed net design_1_i/gemv_q8_0_axi_lite_0/inst/core/row_acc[4][11]_i_4_n_0. Critical path length was reduced through logic transformation on cell design_1_i/gemv_q8_0_axi_lite_0/inst/core/row_acc[4][11]_i_4_comp.
INFO: [Physopt 32-735] Processed net design_1_i/gemv_q8_0_axi_lite_0/inst/core/row_acc[4][11]_i_8_n_0. Optimization improves timing on the net.
INFO: [Physopt 32-619] Estimated Timing Summary | WNS=-10.886 | TNS=-19556.521 |
INFO: [Physopt 32-702] Processed net design_1_i/gemv_q8_0_axi_lite_0/inst/core/row_acc[4][19]_i_6_n_0. Optimizations did not improve timing on the net.
INFO: [Physopt 32-710] Processed net design_1_i/gemv_q8_0_axi_lite_0/inst/core/row_acc[4][19]_i_6_n_0. Critical path length was reduced through logic transformation on cell design_1_i/gemv_q8_0_axi_lite_0/inst/core/row_acc[4][19]_i_6_comp.
INFO: [Physopt 32-735] Processed net design_1_i/gemv_q8_0_axi_lite_0/inst/core/row_acc[4][19]_i_11_n_0. Optimization improves timing on the net.
INFO: [Physopt 32-619] Estimated Timing Summary | WNS=-10.885 | TNS=-19556.477 |
INFO: [Physopt 32-702] Processed net design_1_i/gemv_q8_0_axi_lite_0/inst/core/row_acc[12][51]_i_6_n_0. Optimizations did not improve timing on the net.
INFO: [Physopt 32-710] Processed net design_1_i/gemv_q8_0_axi_lite_0/inst/core/row_acc[12][51]_i_6_n_0. Critical path length was reduced through logic transformation on cell design_1_i/gemv_q8_0_axi_lite_0/inst/core/row_acc[12][51]_i_6_comp.
INFO: [Physopt 32-735] Processed net design_1_i/gemv_q8_0_axi_lite_0/inst/core/row_acc[12][51]_i_11_n_0. Optimization improves timing on the net.
INFO: [Physopt 32-619] Estimated Timing Summary | WNS=-10.885 | TNS=-19556.168 |
INFO: [Physopt 32-702] Processed net design_1_i/gemv_q8_0_axi_lite_0/inst/core/row_acc_reg[4][7]_i_2_n_0. Optimizations did not improve timing on the net.
INFO: [Physopt 32-702] Processed net design_1_i/gemv_q8_0_axi_lite_0/inst/core/row_acc[4][7]_i_4_n_0. Optimizations did not improve timing on the net.
INFO: [Physopt 32-710] Processed net design_1_i/gemv_q8_0_axi_lite_0/inst/core/row_acc[4][7]_i_4_n_0. Critical path length was reduced through logic transformation on cell design_1_i/gemv_q8_0_axi_lite_0/inst/core/row_acc[4][7]_i_4_comp.
INFO: [Physopt 32-735] Processed net design_1_i/gemv_q8_0_axi_lite_0/inst/core/row_acc[4][7]_i_8_n_0. Optimization improves timing on the net.
INFO: [Physopt 32-619] Estimated Timing Summary | WNS=-10.884 | TNS=-19555.440 |
INFO: [Physopt 32-702] Processed net design_1_i/gemv_q8_0_axi_lite_0/inst/core/row_acc[10][51]_i_6_n_0. Optimizations did not improve timing on the net.
INFO: [Physopt 32-710] Processed net design_1_i/gemv_q8_0_axi_lite_0/inst/core/row_acc[10][51]_i_6_n_0. Critical path length was reduced through logic transformation on cell design_1_i/gemv_q8_0_axi_lite_0/inst/core/row_acc[10][51]_i_6_comp.
INFO: [Physopt 32-735] Processed net design_1_i/gemv_q8_0_axi_lite_0/inst/core/row_acc[10][51]_i_11_n_0. Optimization improves timing on the net.
INFO: [Physopt 32-619] Estimated Timing Summary | WNS=-10.880 | TNS=-19553.227 |
INFO: [Physopt 32-702] Processed net design_1_i/gemv_q8_0_axi_lite_0/inst/core/row_acc[0][59]_i_4_n_0. Optimizations did not improve timing on the net.
INFO: [Physopt 32-710] Processed net design_1_i/gemv_q8_0_axi_lite_0/inst/core/row_acc[0][59]_i_4_n_0. Critical path length was reduced through logic transformation on cell design_1_i/gemv_q8_0_axi_lite_0/inst/core/row_acc[0][59]_i_4_comp.
INFO: [Physopt 32-735] Processed net design_1_i/gemv_q8_0_axi_lite_0/inst/core/row_acc[0][59]_i_9_n_0. Optimization improves timing on the net.
INFO: [Physopt 32-619] Estimated Timing Summary | WNS=-10.877 | TNS=-19552.894 |
INFO: [Physopt 32-702] Processed net design_1_i/gemv_q8_0_axi_lite_0/inst/core/row_acc[4][15]_i_4_n_0. Optimizations did not improve timing on the net.
INFO: [Physopt 32-710] Processed net design_1_i/gemv_q8_0_axi_lite_0/inst/core/row_acc[4][15]_i_4_n_0. Critical path length was reduced through logic transformation on cell design_1_i/gemv_q8_0_axi_lite_0/inst/core/row_acc[4][15]_i_4_comp.
INFO: [Physopt 32-735] Processed net design_1_i/gemv_q8_0_axi_lite_0/inst/core/row_acc[4][15]_i_8_n_0. Optimization improves timing on the net.
INFO: [Physopt 32-619] Estimated Timing Summary | WNS=-10.870 | TNS=-19551.286 |
INFO: [Physopt 32-702] Processed net design_1_i/gemv_q8_0_axi_lite_0/inst/core/row_acc[12][55]_i_5_n_0. Optimizations did not improve timing on the net.
INFO: [Physopt 32-710] Processed net design_1_i/gemv_q8_0_axi_lite_0/inst/core/row_acc[12][55]_i_5_n_0. Critical path length was reduced through logic transformation on cell design_1_i/gemv_q8_0_axi_lite_0/inst/core/row_acc[12][55]_i_5_comp.
INFO: [Physopt 32-735] Processed net design_1_i/gemv_q8_0_axi_lite_0/inst/core/row_acc[12][55]_i_10_n_0. Optimization improves timing on the net.
INFO: [Physopt 32-619] Estimated Timing Summary | WNS=-10.860 | TNS=-19551.031 |
INFO: [Physopt 32-702] Processed net design_1_i/gemv_q8_0_axi_lite_0/inst/core/row_acc[4][59]_i_6_n_0. Optimizations did not improve timing on the net.
INFO: [Physopt 32-710] Processed net design_1_i/gemv_q8_0_axi_lite_0/inst/core/row_acc[4][59]_i_6_n_0. Critical path length was reduced through logic transformation on cell design_1_i/gemv_q8_0_axi_lite_0/inst/core/row_acc[4][59]_i_6_comp.
INFO: [Physopt 32-735] Processed net design_1_i/gemv_q8_0_axi_lite_0/inst/core/row_acc[4][59]_i_11_n_0. Optimization improves timing on the net.
INFO: [Physopt 32-619] Estimated Timing Summary | WNS=-10.860 | TNS=-19550.958 |
INFO: [Physopt 32-702] Processed net design_1_i/gemv_q8_0_axi_lite_0/inst/core/row_acc[10][59]_i_6_n_0. Optimizations did not improve timing on the net.
INFO: [Physopt 32-710] Processed net design_1_i/gemv_q8_0_axi_lite_0/inst/core/row_acc[10][59]_i_6_n_0. Critical path length was reduced through logic transformation on cell design_1_i/gemv_q8_0_axi_lite_0/inst/core/row_acc[10][59]_i_6_comp.
INFO: [Physopt 32-735] Processed net design_1_i/gemv_q8_0_axi_lite_0/inst/core/row_acc[10][59]_i_11_n_0. Optimization improves timing on the net.
INFO: [Physopt 32-619] Estimated Timing Summary | WNS=-10.847 | TNS=-19550.349 |
INFO: [Physopt 32-702] Processed net design_1_i/gemv_q8_0_axi_lite_0/inst/core/row_acc_reg[15]_15[60]. Optimizations did not improve timing on the net.
INFO: [Physopt 32-702] Processed net design_1_i/gemv_q8_0_axi_lite_0/inst/core/in78[60]. Optimizations did not improve timing on the net.
INFO: [Physopt 32-702] Processed net design_1_i/gemv_q8_0_axi_lite_0/inst/core/row_acc_reg[15][59]_i_2_n_0. Optimizations did not improve timing on the net.
INFO: [Physopt 32-702] Processed net design_1_i/gemv_q8_0_axi_lite_0/inst/core/row_acc_reg[15][55]_i_2_n_0. Optimizations did not improve timing on the net.
INFO: [Physopt 32-702] Processed net design_1_i/gemv_q8_0_axi_lite_0/inst/core/row_acc_reg[15][51]_i_2_n_0. Optimizations did not improve timing on the net.
INFO: [Physopt 32-702] Processed net design_1_i/gemv_q8_0_axi_lite_0/inst/core/row_acc[15][51]_i_6_n_0. Optimizations did not improve timing on the net.
INFO: [Physopt 32-710] Processed net design_1_i/gemv_q8_0_axi_lite_0/inst/core/row_acc[15][51]_i_6_n_0. Critical path length was reduced through logic transformation on cell design_1_i/gemv_q8_0_axi_lite_0/inst/core/row_acc[15][51]_i_6_comp.
INFO: [Physopt 32-735] Processed net design_1_i/gemv_q8_0_axi_lite_0/inst/core/row_acc[15][51]_i_11_n_0. Optimization improves timing on the net.
INFO: [Physopt 32-619] Estimated Timing Summary | WNS=-10.842 | TNS=-19548.570 |
INFO: [Physopt 32-702] Processed net design_1_i/gemv_q8_0_axi_lite_0/inst/core/row_acc[4][7]_i_5_n_0. Optimizations did not improve timing on the net.
INFO: [Physopt 32-710] Processed net design_1_i/gemv_q8_0_axi_lite_0/inst/core/row_acc[4][7]_i_5_n_0. Critical path length was reduced through logic transformation on cell design_1_i/gemv_q8_0_axi_lite_0/inst/core/row_acc[4][7]_i_5_comp.
INFO: [Physopt 32-735] Processed net design_1_i/gemv_q8_0_axi_lite_0/inst/core/row_acc[4][7]_i_9_n_0. Optimization improves timing on the net.
INFO: [Physopt 32-619] Estimated Timing Summary | WNS=-10.838 | TNS=-19547.859 |
INFO: [Physopt 32-702] Processed net design_1_i/gemv_q8_0_axi_lite_0/inst/core/row_acc_reg[12][47]_i_2_n_0. Optimizations did not improve timing on the net.
INFO: [Physopt 32-702] Processed net design_1_i/gemv_q8_0_axi_lite_0/inst/core/row_acc[12][47]_i_3_n_0. Optimizations did not improve timing on the net.
INFO: [Physopt 32-710] Processed net design_1_i/gemv_q8_0_axi_lite_0/inst/core/row_acc[12][47]_i_3_n_0. Critical path length was reduced through logic transformation on cell design_1_i/gemv_q8_0_axi_lite_0/inst/core/row_acc[12][47]_i_3_comp.
INFO: [Physopt 32-735] Processed net design_1_i/gemv_q8_0_axi_lite_0/inst/core/row_acc[12][47]_i_7_n_0. Optimization improves timing on the net.
INFO: [Physopt 32-619] Estimated Timing Summary | WNS=-10.833 | TNS=-19542.853 |
INFO: [Physopt 32-702] Processed net design_1_i/gemv_q8_0_axi_lite_0/inst/core/row_acc[4][23]_i_6_n_0. Optimizations did not improve timing on the net.
INFO: [Physopt 32-710] Processed net design_1_i/gemv_q8_0_axi_lite_0/inst/core/row_acc[4][23]_i_6_n_0. Critical path length was reduced through logic transformation on cell design_1_i/gemv_q8_0_axi_lite_0/inst/core/row_acc[4][23]_i_6_comp.
INFO: [Physopt 32-735] Processed net design_1_i/gemv_q8_0_axi_lite_0/inst/core/row_acc[4][23]_i_11_n_0. Optimization improves timing on the net.
INFO: [Physopt 32-619] Estimated Timing Summary | WNS=-10.828 | TNS=-19542.453 |
INFO: [Physopt 32-702] Processed net design_1_i/gemv_q8_0_axi_lite_0/inst/core/row_acc_reg[8]_8[62]. Optimizations did not improve timing on the net.
INFO: [Physopt 32-702] Processed net design_1_i/gemv_q8_0_axi_lite_0/inst/core/row_acc_reg[8][63]_i_2_n_5. Optimizations did not improve timing on the net.
INFO: [Physopt 32-702] Processed net design_1_i/gemv_q8_0_axi_lite_0/inst/core/row_acc_reg[8][59]_i_2_n_0. Optimizations did not improve timing on the net.
INFO: [Physopt 32-702] Processed net design_1_i/gemv_q8_0_axi_lite_0/inst/core/row_acc[8][59]_i_5_n_0. Optimizations did not improve timing on the net.
INFO: [Physopt 32-710] Processed net design_1_i/gemv_q8_0_axi_lite_0/inst/core/row_acc[8][59]_i_5_n_0. Critical path length was reduced through logic transformation on cell design_1_i/gemv_q8_0_axi_lite_0/inst/core/row_acc[8][59]_i_5_comp.
INFO: [Physopt 32-735] Processed net design_1_i/gemv_q8_0_axi_lite_0/inst/core/row_acc[8][59]_i_10_n_0. Optimization improves timing on the net.
INFO: [Physopt 32-619] Estimated Timing Summary | WNS=-10.826 | TNS=-19542.274 |
INFO: [Physopt 32-702] Processed net design_1_i/gemv_q8_0_axi_lite_0/inst/core/row_acc[4][43]_i_4_n_0. Optimizations did not improve timing on the net.
INFO: [Physopt 32-710] Processed net design_1_i/gemv_q8_0_axi_lite_0/inst/core/row_acc[4][43]_i_4_n_0. Critical path length was reduced through logic transformation on cell design_1_i/gemv_q8_0_axi_lite_0/inst/core/row_acc[4][43]_i_4_comp.
INFO: [Physopt 32-735] Processed net design_1_i/gemv_q8_0_axi_lite_0/inst/core/row_acc[4][43]_i_9_n_0. Optimization improves timing on the net.
INFO: [Physopt 32-619] Estimated Timing Summary | WNS=-10.826 | TNS=-19542.154 |
INFO: [Physopt 32-702] Processed net design_1_i/gemv_q8_0_axi_lite_0/inst/core/row_acc[2][7]_i_19_n_0. Optimizations did not improve timing on the net.
INFO: [Physopt 32-663] Processed net design_1_i/gemv_q8_0_axi_lite_0/inst/core/row_acc[2][11]_i_27_n_0.  Re-placed instance design_1_i/gemv_q8_0_axi_lite_0/inst/core/row_acc[2][11]_i_27
INFO: [Physopt 32-735] Processed net design_1_i/gemv_q8_0_axi_lite_0/inst/core/row_acc[2][11]_i_27_n_0. Optimization improves timing on the net.
INFO: [Physopt 32-619] Estimated Timing Summary | WNS=-10.820 | TNS=-19540.763 |
INFO: [Physopt 32-702] Processed net design_1_i/gemv_q8_0_axi_lite_0/inst/core/row_acc[4][35]_i_4_n_0. Optimizations did not improve timing on the net.
INFO: [Physopt 32-710] Processed net design_1_i/gemv_q8_0_axi_lite_0/inst/core/row_acc[4][35]_i_4_n_0. Critical path length was reduced through logic transformation on cell design_1_i/gemv_q8_0_axi_lite_0/inst/core/row_acc[4][35]_i_4_comp.
INFO: [Physopt 32-735] Processed net design_1_i/gemv_q8_0_axi_lite_0/inst/core/row_acc[4][35]_i_9_n_0. Optimization improves timing on the net.
INFO: [Physopt 32-619] Estimated Timing Summary | WNS=-10.820 | TNS=-19540.763 |
INFO: [Physopt 32-702] Processed net design_1_i/gemv_q8_0_axi_lite_0/inst/core/row_acc_reg[4][3]_i_2_n_0. Optimizations did not improve timing on the net.
INFO: [Physopt 32-702] Processed net design_1_i/gemv_q8_0_axi_lite_0/inst/core/row_acc[4][3]_i_3_n_0. Optimizations did not improve timing on the net.
INFO: [Physopt 32-710] Processed net design_1_i/gemv_q8_0_axi_lite_0/inst/core/row_acc[4][3]_i_3_n_0. Critical path length was reduced through logic transformation on cell design_1_i/gemv_q8_0_axi_lite_0/inst/core/row_acc[4][3]_i_3_comp.
INFO: [Physopt 32-735] Processed net design_1_i/gemv_q8_0_axi_lite_0/inst/core/row_acc[4][3]_i_7_n_0. Optimization improves timing on the net.
INFO: [Physopt 32-619] Estimated Timing Summary | WNS=-10.814 | TNS=-19537.471 |
INFO: [Physopt 32-702] Processed net design_1_i/gemv_q8_0_axi_lite_0/inst/core/row_acc[3][59]_i_3_n_0. Optimizations did not improve timing on the net.
INFO: [Physopt 32-710] Processed net design_1_i/gemv_q8_0_axi_lite_0/inst/core/row_acc[3][59]_i_3_n_0. Critical path length was reduced through logic transformation on cell design_1_i/gemv_q8_0_axi_lite_0/inst/core/row_acc[3][59]_i_3_comp.
INFO: [Physopt 32-735] Processed net design_1_i/gemv_q8_0_axi_lite_0/inst/core/row_acc[3][59]_i_7_n_0. Optimization improves timing on the net.
INFO: [Physopt 32-619] Estimated Timing Summary | WNS=-10.808 | TNS=-19537.250 |
INFO: [Physopt 32-702] Processed net design_1_i/gemv_q8_0_axi_lite_0/inst/core/row_acc[4][19]_i_4_n_0. Optimizations did not improve timing on the net.
INFO: [Physopt 32-710] Processed net design_1_i/gemv_q8_0_axi_lite_0/inst/core/row_acc[4][19]_i_4_n_0. Critical path length was reduced through logic transformation on cell design_1_i/gemv_q8_0_axi_lite_0/inst/core/row_acc[4][19]_i_4_comp.
INFO: [Physopt 32-735] Processed net design_1_i/gemv_q8_0_axi_lite_0/inst/core/row_acc[4][19]_i_9_n_0. Optimization improves timing on the net.
INFO: [Physopt 32-619] Estimated Timing Summary | WNS=-10.802 | TNS=-19536.099 |
INFO: [Physopt 32-702] Processed net design_1_i/gemv_q8_0_axi_lite_0/inst/core/row_acc[2][7]_i_20_n_0. Optimizations did not improve timing on the net.
INFO: [Physopt 32-702] Processed net design_1_i/gemv_q8_0_axi_lite_0/inst/core/row_acc[2][7]_i_26_n_0. Optimizations did not improve timing on the net.
INFO: [Physopt 32-663] Processed net design_1_i/gemv_q8_0_axi_lite_0/inst/core/row_acc[2][11]_i_29_n_0.  Re-placed instance design_1_i/gemv_q8_0_axi_lite_0/inst/core/row_acc[2][11]_i_29
INFO: [Physopt 32-735] Processed net design_1_i/gemv_q8_0_axi_lite_0/inst/core/row_acc[2][11]_i_29_n_0. Optimization improves timing on the net.
INFO: [Physopt 32-619] Estimated Timing Summary | WNS=-10.797 | TNS=-19534.764 |
INFO: [Physopt 32-702] Processed net design_1_i/gemv_q8_0_axi_lite_0/inst/core/row_acc[0][47]_i_5_n_0. Optimizations did not improve timing on the net.
INFO: [Physopt 32-710] Processed net design_1_i/gemv_q8_0_axi_lite_0/inst/core/row_acc[0][47]_i_5_n_0. Critical path length was reduced through logic transformation on cell design_1_i/gemv_q8_0_axi_lite_0/inst/core/row_acc[0][47]_i_5_comp.
INFO: [Physopt 32-735] Processed net design_1_i/gemv_q8_0_axi_lite_0/inst/core/row_acc[0][47]_i_10_n_0. Optimization improves timing on the net.
INFO: [Physopt 32-619] Estimated Timing Summary | WNS=-10.796 | TNS=-19534.589 |
INFO: [Physopt 32-702] Processed net design_1_i/gemv_q8_0_axi_lite_0/inst/core/row_acc[4][31]_i_5_n_0. Optimizations did not improve timing on the net.
INFO: [Physopt 32-710] Processed net design_1_i/gemv_q8_0_axi_lite_0/inst/core/row_acc[4][31]_i_5_n_0. Critical path length was reduced through logic transformation on cell design_1_i/gemv_q8_0_axi_lite_0/inst/core/row_acc[4][31]_i_5_comp.
INFO: [Physopt 32-735] Processed net design_1_i/gemv_q8_0_axi_lite_0/inst/core/row_acc[4][31]_i_10_n_0. Optimization improves timing on the net.
INFO: [Physopt 32-619] Estimated Timing Summary | WNS=-10.786 | TNS=-19534.076 |
INFO: [Physopt 32-702] Processed net design_1_i/gemv_q8_0_axi_lite_0/inst/core/row_acc[0][23]_i_5_n_0. Optimizations did not improve timing on the net.
INFO: [Physopt 32-710] Processed net design_1_i/gemv_q8_0_axi_lite_0/inst/core/row_acc[0][23]_i_5_n_0. Critical path length was reduced through logic transformation on cell design_1_i/gemv_q8_0_axi_lite_0/inst/core/row_acc[0][23]_i_5_comp.
INFO: [Physopt 32-735] Processed net design_1_i/gemv_q8_0_axi_lite_0/inst/core/row_acc[0][23]_i_10_n_0. Optimization improves timing on the net.
INFO: [Physopt 32-619] Estimated Timing Summary | WNS=-10.785 | TNS=-19533.118 |
INFO: [Physopt 32-702] Processed net design_1_i/gemv_q8_0_axi_lite_0/inst/core/row_acc[8][59]_i_4_n_0. Optimizations did not improve timing on the net.
INFO: [Physopt 32-710] Processed net design_1_i/gemv_q8_0_axi_lite_0/inst/core/row_acc[8][59]_i_4_n_0. Critical path length was reduced through logic transformation on cell design_1_i/gemv_q8_0_axi_lite_0/inst/core/row_acc[8][59]_i_4_comp.
INFO: [Physopt 32-735] Processed net design_1_i/gemv_q8_0_axi_lite_0/inst/core/row_acc[8][59]_i_9_n_0. Optimization improves timing on the net.
INFO: [Physopt 32-619] Estimated Timing Summary | WNS=-10.780 | TNS=-19533.092 |
INFO: [Physopt 32-702] Processed net design_1_i/gemv_q8_0_axi_lite_0/inst/core/row_acc[4][27]_i_5_n_0. Optimizations did not improve timing on the net.
INFO: [Physopt 32-710] Processed net design_1_i/gemv_q8_0_axi_lite_0/inst/core/row_acc[4][27]_i_5_n_0. Critical path length was reduced through logic transformation on cell design_1_i/gemv_q8_0_axi_lite_0/inst/core/row_acc[4][27]_i_5_comp.
INFO: [Physopt 32-735] Processed net design_1_i/gemv_q8_0_axi_lite_0/inst/core/row_acc[4][27]_i_10_n_0. Optimization improves timing on the net.
INFO: [Physopt 32-619] Estimated Timing Summary | WNS=-10.779 | TNS=-19532.914 |
INFO: [Physopt 32-608] Optimized 1 net.  Swapped 19 pins.
INFO: [Physopt 32-735] Processed net design_1_i/gemv_q8_0_axi_lite_0/inst/core/row_acc[2][7]_i_28_n_0. Optimization improves timing on the net.
INFO: [Physopt 32-619] Estimated Timing Summary | WNS=-10.779 | TNS=-19531.522 |
INFO: [Physopt 32-702] Processed net design_1_i/gemv_q8_0_axi_lite_0/inst/core/row_acc[8][59]_i_6_n_0. Optimizations did not improve timing on the net.
INFO: [Physopt 32-710] Processed net design_1_i/gemv_q8_0_axi_lite_0/inst/core/row_acc[8][59]_i_6_n_0. Critical path length was reduced through logic transformation on cell design_1_i/gemv_q8_0_axi_lite_0/inst/core/row_acc[8][59]_i_6_comp.
INFO: [Physopt 32-735] Processed net design_1_i/gemv_q8_0_axi_lite_0/inst/core/row_acc[8][59]_i_11_n_0. Optimization improves timing on the net.
INFO: [Physopt 32-619] Estimated Timing Summary | WNS=-10.774 | TNS=-19531.386 |
INFO: [Physopt 32-702] Processed net design_1_i/gemv_q8_0_axi_lite_0/inst/core/row_acc[15][51]_i_3_n_0. Optimizations did not improve timing on the net.
INFO: [Physopt 32-663] Processed net design_1_i/gemv_q8_0_axi_lite_0/inst/core/row_acc[15][51]_i_8_n_0.  Re-placed instance design_1_i/gemv_q8_0_axi_lite_0/inst/core/row_acc[15][51]_i_8
INFO: [Physopt 32-735] Processed net design_1_i/gemv_q8_0_axi_lite_0/inst/core/row_acc[15][51]_i_8_n_0. Optimization improves timing on the net.
INFO: [Physopt 32-619] Estimated Timing Summary | WNS=-10.762 | TNS=-19529.944 |
INFO: [Physopt 32-702] Processed net design_1_i/gemv_q8_0_axi_lite_0/inst/core/row_acc[0][23]_i_6_n_0. Optimizations did not improve timing on the net.
INFO: [Physopt 32-710] Processed net design_1_i/gemv_q8_0_axi_lite_0/inst/core/row_acc[0][23]_i_6_n_0. Critical path length was reduced through logic transformation on cell design_1_i/gemv_q8_0_axi_lite_0/inst/core/row_acc[0][23]_i_6_comp.
INFO: [Physopt 32-735] Processed net design_1_i/gemv_q8_0_axi_lite_0/inst/core/row_acc[0][23]_i_11_n_0. Optimization improves timing on the net.
INFO: [Physopt 32-619] Estimated Timing Summary | WNS=-10.759 | TNS=-19529.703 |
INFO: [Physopt 32-702] Processed net design_1_i/gemv_q8_0_axi_lite_0/inst/core/row_acc[3][43]_i_3_n_0. Optimizations did not improve timing on the net.
INFO: [Physopt 32-710] Processed net design_1_i/gemv_q8_0_axi_lite_0/inst/core/row_acc[3][43]_i_3_n_0. Critical path length was reduced through logic transformation on cell design_1_i/gemv_q8_0_axi_lite_0/inst/core/row_acc[3][43]_i_3_comp.
INFO: [Physopt 32-735] Processed net design_1_i/gemv_q8_0_axi_lite_0/inst/core/row_acc[3][43]_i_7_n_0. Optimization improves timing on the net.
INFO: [Physopt 32-619] Estimated Timing Summary | WNS=-10.757 | TNS=-19528.963 |
INFO: [Physopt 32-702] Processed net design_1_i/gemv_q8_0_axi_lite_0/inst/core/row_acc[4][51]_i_4_n_0. Optimizations did not improve timing on the net.
INFO: [Physopt 32-710] Processed net design_1_i/gemv_q8_0_axi_lite_0/inst/core/row_acc[4][51]_i_4_n_0. Critical path length was reduced through logic transformation on cell design_1_i/gemv_q8_0_axi_lite_0/inst/core/row_acc[4][51]_i_4_comp.
INFO: [Physopt 32-735] Processed net design_1_i/gemv_q8_0_axi_lite_0/inst/core/row_acc[4][51]_i_9_n_0. Optimization improves timing on the net.
INFO: [Physopt 32-619] Estimated Timing Summary | WNS=-10.757 | TNS=-19528.963 |
INFO: [Physopt 32-702] Processed net design_1_i/gemv_q8_0_axi_lite_0/inst/core/row_acc[4][39]_i_6_n_0. Optimizations did not improve timing on the net.
INFO: [Physopt 32-710] Processed net design_1_i/gemv_q8_0_axi_lite_0/inst/core/row_acc[4][39]_i_6_n_0. Critical path length was reduced through logic transformation on cell design_1_i/gemv_q8_0_axi_lite_0/inst/core/row_acc[4][39]_i_6_comp.
INFO: [Physopt 32-735] Processed net design_1_i/gemv_q8_0_axi_lite_0/inst/core/row_acc[4][39]_i_11_n_0. Optimization improves timing on the net.
INFO: [Physopt 32-619] Estimated Timing Summary | WNS=-10.756 | TNS=-19528.819 |
INFO: [Physopt 32-702] Processed net design_1_i/gemv_q8_0_axi_lite_0/inst/core/row_acc[0][19]_i_6_n_0. Optimizations did not improve timing on the net.
INFO: [Physopt 32-710] Processed net design_1_i/gemv_q8_0_axi_lite_0/inst/core/row_acc[0][19]_i_6_n_0. Critical path length was reduced through logic transformation on cell design_1_i/gemv_q8_0_axi_lite_0/inst/core/row_acc[0][19]_i_6_comp.
INFO: [Physopt 32-735] Processed net design_1_i/gemv_q8_0_axi_lite_0/inst/core/row_acc[0][19]_i_11_n_0. Optimization improves timing on the net.
INFO: [Physopt 32-619] Estimated Timing Summary | WNS=-10.755 | TNS=-19526.882 |
INFO: [Physopt 32-608] Optimized 1 net.  Swapped 21 pins.
INFO: [Physopt 32-735] Processed net design_1_i/gemv_q8_0_axi_lite_0/inst/core/row_acc[2][11]_i_29_n_0. Optimization improves timing on the net.
INFO: [Physopt 32-619] Estimated Timing Summary | WNS=-10.751 | TNS=-19524.969 |
INFO: [Physopt 32-702] Processed net design_1_i/gemv_q8_0_axi_lite_0/inst/core/row_acc[4][31]_i_6_n_0. Optimizations did not improve timing on the net.
INFO: [Physopt 32-710] Processed net design_1_i/gemv_q8_0_axi_lite_0/inst/core/row_acc[4][31]_i_6_n_0. Critical path length was reduced through logic transformation on cell design_1_i/gemv_q8_0_axi_lite_0/inst/core/row_acc[4][31]_i_6_comp.
INFO: [Physopt 32-735] Processed net design_1_i/gemv_q8_0_axi_lite_0/inst/core/row_acc[4][31]_i_11_n_0. Optimization improves timing on the net.
INFO: [Physopt 32-619] Estimated Timing Summary | WNS=-10.748 | TNS=-19524.872 |
INFO: [Physopt 32-702] Processed net design_1_i/gemv_q8_0_axi_lite_0/inst/core/row_acc[4][27]_i_6_n_0. Optimizations did not improve timing on the net.
INFO: [Physopt 32-710] Processed net design_1_i/gemv_q8_0_axi_lite_0/inst/core/row_acc[4][27]_i_6_n_0. Critical path length was reduced through logic transformation on cell design_1_i/gemv_q8_0_axi_lite_0/inst/core/row_acc[4][27]_i_6_comp.
INFO: [Physopt 32-735] Processed net design_1_i/gemv_q8_0_axi_lite_0/inst/core/row_acc[4][27]_i_11_n_0. Optimization improves timing on the net.
INFO: [Physopt 32-619] Estimated Timing Summary | WNS=-10.745 | TNS=-19525.216 |
INFO: [Physopt 32-702] Processed net design_1_i/gemv_q8_0_axi_lite_0/inst/core/row_acc_reg[8][55]_i_2_n_0. Optimizations did not improve timing on the net.
INFO: [Physopt 32-702] Processed net design_1_i/gemv_q8_0_axi_lite_0/inst/core/row_acc_reg[8][51]_i_2_n_0. Optimizations did not improve timing on the net.
INFO: [Physopt 32-702] Processed net design_1_i/gemv_q8_0_axi_lite_0/inst/core/row_acc[8][51]_i_6_n_0. Optimizations did not improve timing on the net.
INFO: [Physopt 32-710] Processed net design_1_i/gemv_q8_0_axi_lite_0/inst/core/row_acc[8][51]_i_6_n_0. Critical path length was reduced through logic transformation on cell design_1_i/gemv_q8_0_axi_lite_0/inst/core/row_acc[8][51]_i_6_comp.
INFO: [Physopt 32-735] Processed net design_1_i/gemv_q8_0_axi_lite_0/inst/core/row_acc[8][51]_i_11_n_0. Optimization improves timing on the net.
INFO: [Physopt 32-619] Estimated Timing Summary | WNS=-10.737 | TNS=-19524.785 |
INFO: [Physopt 32-702] Processed net design_1_i/gemv_q8_0_axi_lite_0/inst/core/row_acc[4][59]_i_4_n_0. Optimizations did not improve timing on the net.
INFO: [Physopt 32-710] Processed net design_1_i/gemv_q8_0_axi_lite_0/inst/core/row_acc[4][59]_i_4_n_0. Critical path length was reduced through logic transformation on cell design_1_i/gemv_q8_0_axi_lite_0/inst/core/row_acc[4][59]_i_4_comp.
INFO: [Physopt 32-735] Processed net design_1_i/gemv_q8_0_axi_lite_0/inst/core/row_acc[4][59]_i_9_n_0. Optimization improves timing on the net.
INFO: [Physopt 32-619] Estimated Timing Summary | WNS=-10.736 | TNS=-19524.781 |
INFO: [Physopt 32-702] Processed net design_1_i/gemv_q8_0_axi_lite_0/inst/core/row_acc[4][39]_i_4_n_0. Optimizations did not improve timing on the net.
INFO: [Physopt 32-710] Processed net design_1_i/gemv_q8_0_axi_lite_0/inst/core/row_acc[4][39]_i_4_n_0. Critical path length was reduced through logic transformation on cell design_1_i/gemv_q8_0_axi_lite_0/inst/core/row_acc[4][39]_i_4_comp.
INFO: [Physopt 32-735] Processed net design_1_i/gemv_q8_0_axi_lite_0/inst/core/row_acc[4][39]_i_9_n_0. Optimization improves timing on the net.
INFO: [Physopt 32-619] Estimated Timing Summary | WNS=-10.728 | TNS=-19525.316 |
INFO: [Physopt 32-702] Processed net design_1_i/gemv_q8_0_axi_lite_0/inst/core/row_acc[4][55]_i_6_n_0. Optimizations did not improve timing on the net.
INFO: [Physopt 32-710] Processed net design_1_i/gemv_q8_0_axi_lite_0/inst/core/row_acc[4][55]_i_6_n_0. Critical path length was reduced through logic transformation on cell design_1_i/gemv_q8_0_axi_lite_0/inst/core/row_acc[4][55]_i_6_comp.
INFO: [Physopt 32-735] Processed net design_1_i/gemv_q8_0_axi_lite_0/inst/core/row_acc[4][55]_i_11_n_0. Optimization improves timing on the net.
INFO: [Physopt 32-619] Estimated Timing Summary | WNS=-10.727 | TNS=-19525.300 |
INFO: [Physopt 32-702] Processed net design_1_i/gemv_q8_0_axi_lite_0/inst/core/row_acc[7][59]_i_6_n_0. Optimizations did not improve timing on the net.
INFO: [Physopt 32-663] Processed net design_1_i/gemv_q8_0_axi_lite_0/inst/core/row_acc[7][59]_i_11_n_0.  Re-placed instance design_1_i/gemv_q8_0_axi_lite_0/inst/core/row_acc[7][59]_i_11
INFO: [Physopt 32-735] Processed net design_1_i/gemv_q8_0_axi_lite_0/inst/core/row_acc[7][59]_i_11_n_0. Optimization improves timing on the net.
INFO: [Physopt 32-619] Estimated Timing Summary | WNS=-10.726 | TNS=-19525.285 |
INFO: [Physopt 32-702] Processed net design_1_i/gemv_q8_0_axi_lite_0/inst/core/row_acc[4][7]_i_3_n_0. Optimizations did not improve timing on the net.
INFO: [Physopt 32-710] Processed net design_1_i/gemv_q8_0_axi_lite_0/inst/core/row_acc[4][7]_i_3_n_0. Critical path length was reduced through logic transformation on cell design_1_i/gemv_q8_0_axi_lite_0/inst/core/row_acc[4][7]_i_3_comp.
INFO: [Physopt 32-735] Processed net design_1_i/gemv_q8_0_axi_lite_0/inst/core/row_acc[4][7]_i_7_n_0. Optimization improves timing on the net.
INFO: [Physopt 32-619] Estimated Timing Summary | WNS=-10.726 | TNS=-19524.061 |
INFO: [Physopt 32-702] Processed net design_1_i/gemv_q8_0_axi_lite_0/inst/core/row_acc[10][55]_i_6_n_0. Optimizations did not improve timing on the net.
INFO: [Physopt 32-710] Processed net design_1_i/gemv_q8_0_axi_lite_0/inst/core/row_acc[10][55]_i_6_n_0. Critical path length was reduced through logic transformation on cell design_1_i/gemv_q8_0_axi_lite_0/inst/core/row_acc[10][55]_i_6_comp.
INFO: [Physopt 32-735] Processed net design_1_i/gemv_q8_0_axi_lite_0/inst/core/row_acc[10][55]_i_11_n_0. Optimization improves timing on the net.
INFO: [Physopt 32-619] Estimated Timing Summary | WNS=-10.723 | TNS=-19523.466 |
INFO: [Physopt 32-710] Processed net design_1_i/gemv_q8_0_axi_lite_0/inst/core/row_acc[7][51]_i_5_n_0. Critical path length was reduced through logic transformation on cell design_1_i/gemv_q8_0_axi_lite_0/inst/core/row_acc[7][51]_i_5_comp.
INFO: [Physopt 32-735] Processed net design_1_i/gemv_q8_0_axi_lite_0/inst/core/row_acc[7][51]_i_10_n_0. Optimization improves timing on the net.
INFO: [Physopt 32-619] Estimated Timing Summary | WNS=-10.722 | TNS=-19521.724 |
INFO: [Physopt 32-702] Processed net design_1_i/gemv_q8_0_axi_lite_0/inst/core/row_acc[2][7]_i_16_n_0. Optimizations did not improve timing on the net.
INFO: [Physopt 32-608] Optimized 1 net.  Swapped 24 pins.
INFO: [Physopt 32-735] Processed net design_1_i/gemv_q8_0_axi_lite_0/inst/core/row_acc[2][3]_i_19_n_0. Optimization improves timing on the net.
INFO: [Physopt 32-619] Estimated Timing Summary | WNS=-10.722 | TNS=-19519.495 |
INFO: [Physopt 32-702] Processed net design_1_i/gemv_q8_0_axi_lite_0/inst/core/row_acc[3][35]_i_3_n_0. Optimizations did not improve timing on the net.
INFO: [Physopt 32-710] Processed net design_1_i/gemv_q8_0_axi_lite_0/inst/core/row_acc[3][35]_i_3_n_0. Critical path length was reduced through logic transformation on cell design_1_i/gemv_q8_0_axi_lite_0/inst/core/row_acc[3][35]_i_3_comp.
INFO: [Physopt 32-735] Processed net design_1_i/gemv_q8_0_axi_lite_0/inst/core/row_acc[3][35]_i_7_n_0. Optimization improves timing on the net.
INFO: [Physopt 32-619] Estimated Timing Summary | WNS=-10.721 | TNS=-19519.299 |
INFO: [Physopt 32-702] Processed net design_1_i/gemv_q8_0_axi_lite_0/inst/core/row_acc_reg[13]_13[60]. Optimizations did not improve timing on the net.
INFO: [Physopt 32-702] Processed net design_1_i/gemv_q8_0_axi_lite_0/inst/core/in76[60]. Optimizations did not improve timing on the net.
INFO: [Physopt 32-702] Processed net design_1_i/gemv_q8_0_axi_lite_0/inst/core/row_acc_reg[13][59]_i_2_n_0. Optimizations did not improve timing on the net.
INFO: [Physopt 32-702] Processed net design_1_i/gemv_q8_0_axi_lite_0/inst/core/row_acc_reg[13][55]_i_2_n_0. Optimizations did not improve timing on the net.
INFO: [Physopt 32-702] Processed net design_1_i/gemv_q8_0_axi_lite_0/inst/core/row_acc_reg[13][51]_i_2_n_0. Optimizations did not improve timing on the net.
INFO: [Physopt 32-702] Processed net design_1_i/gemv_q8_0_axi_lite_0/inst/core/row_acc[13][51]_i_5_n_0. Optimizations did not improve timing on the net.
INFO: [Physopt 32-710] Processed net design_1_i/gemv_q8_0_axi_lite_0/inst/core/row_acc[13][51]_i_5_n_0. Critical path length was reduced through logic transformation on cell design_1_i/gemv_q8_0_axi_lite_0/inst/core/row_acc[13][51]_i_5_comp.
INFO: [Physopt 32-735] Processed net design_1_i/gemv_q8_0_axi_lite_0/inst/core/data1__0[49]. Optimization improves timing on the net.
INFO: [Physopt 32-619] Estimated Timing Summary | WNS=-10.719 | TNS=-19518.158 |
INFO: [Physopt 32-702] Processed net design_1_i/gemv_q8_0_axi_lite_0/inst/core/row_acc_reg[4]_4[62]. Optimizations did not improve timing on the net.
INFO: [Physopt 32-702] Processed net design_1_i/processing_system7_0/inst/FCLK_CLK_unbuffered[0]. Optimizations did not improve timing on the net.
INFO: [Physopt 32-702] Processed net design_1_i/gemv_q8_0_axi_lite_0/inst/core/in67[62]. Optimizations did not improve timing on the net.
INFO: [Physopt 32-702] Processed net design_1_i/gemv_q8_0_axi_lite_0/inst/core/row_acc[4][55]_i_4_n_0. Optimizations did not improve timing on the net.
INFO: [Physopt 32-702] Processed net design_1_i/gemv_q8_0_axi_lite_0/inst/core/row_acc[4][55]_i_9_n_0. Optimizations did not improve timing on the net.
INFO: [Physopt 32-702] Processed net design_1_i/gemv_q8_0_axi_lite_0/inst/core/row_acc_reg[4][59]_i_20_n_6. Optimizations did not improve timing on the net.
INFO: [Physopt 32-608] Optimized 1 net.  Swapped 25 pins.
INFO: [Physopt 32-735] Processed net design_1_i/gemv_q8_0_axi_lite_0/inst/core/row_acc[4][7]_i_23_n_0. Optimization improves timing on the net.
INFO: [Physopt 32-619] Estimated Timing Summary | WNS=-10.717 | TNS=-19515.854 |
INFO: [Physopt 32-702] Processed net design_1_i/gemv_q8_0_axi_lite_0/inst/core/row_acc_reg[8]_8[62]. Optimizations did not improve timing on the net.
INFO: [Physopt 32-702] Processed net design_1_i/gemv_q8_0_axi_lite_0/inst/core/row_acc_reg[8][63]_i_2_n_5. Optimizations did not improve timing on the net.
INFO: [Physopt 32-702] Processed net design_1_i/gemv_q8_0_axi_lite_0/inst/core/row_acc[8][51]_i_5_n_0. Optimizations did not improve timing on the net.
INFO: [Physopt 32-702] Processed net design_1_i/gemv_q8_0_axi_lite_0/inst/core/row_acc[8][51]_i_10_n_0. Optimizations did not improve timing on the net.
INFO: [Physopt 32-702] Processed net design_1_i/gemv_q8_0_axi_lite_0/inst/core/row_acc_reg[8][55]_i_19_n_7. Optimizations did not improve timing on the net.
INFO: [Physopt 32-608] Optimized 1 net.  Swapped 25 pins.
INFO: [Physopt 32-735] Processed net design_1_i/gemv_q8_0_axi_lite_0/inst/core/row_acc[8][7]_i_18_n_0. Optimization improves timing on the net.
INFO: [Physopt 32-619] Estimated Timing Summary | WNS=-10.715 | TNS=-19502.026 |
INFO: [Physopt 32-702] Processed net design_1_i/gemv_q8_0_axi_lite_0/inst/core/row_acc_reg[3]_3[62]. Optimizations did not improve timing on the net.
INFO: [Physopt 32-702] Processed net design_1_i/gemv_q8_0_axi_lite_0/inst/core/in66[62]. Optimizations did not improve timing on the net.
INFO: [Physopt 32-702] Processed net design_1_i/gemv_q8_0_axi_lite_0/inst/core/row_acc[3][35]_i_4_n_0. Optimizations did not improve timing on the net.
INFO: [Physopt 32-702] Processed net design_1_i/gemv_q8_0_axi_lite_0/inst/core/row_acc[3][35]_i_9_n_0. Optimizations did not improve timing on the net.
INFO: [Physopt 32-702] Processed net design_1_i/gemv_q8_0_axi_lite_0/inst/core/row_acc_reg[3][39]_i_20_n_6. Optimizations did not improve timing on the net.
INFO: [Physopt 32-702] Processed net design_1_i/gemv_q8_0_axi_lite_0/inst/core/row_acc[3][7]_i_23_n_0. Optimizations did not improve timing on the net.
INFO: [Physopt 32-663] Processed net design_1_i/gemv_q8_0_axi_lite_0/inst/core/row_acc[3][11]_i_31_n_0.  Re-placed instance design_1_i/gemv_q8_0_axi_lite_0/inst/core/row_acc[3][11]_i_31
INFO: [Physopt 32-735] Processed net design_1_i/gemv_q8_0_axi_lite_0/inst/core/row_acc[3][11]_i_31_n_0. Optimization improves timing on the net.
INFO: [Physopt 32-619] Estimated Timing Summary | WNS=-10.712 | TNS=-19495.936 |
INFO: [Physopt 32-702] Processed net design_1_i/gemv_q8_0_axi_lite_0/inst/core/row_acc_reg[0]_0[63]. Optimizations did not improve timing on the net.
INFO: [Physopt 32-702] Processed net design_1_i/gemv_q8_0_axi_lite_0/inst/core/in61[63]. Optimizations did not improve timing on the net.
INFO: [Physopt 32-702] Processed net design_1_i/gemv_q8_0_axi_lite_0/inst/core/row_acc[0][15]_i_5_n_0. Optimizations did not improve timing on the net.
INFO: [Physopt 32-702] Processed net design_1_i/gemv_q8_0_axi_lite_0/inst/core/row_acc[0][15]_i_9_n_0. Optimizations did not improve timing on the net.
INFO: [Physopt 32-702] Processed net design_1_i/gemv_q8_0_axi_lite_0/inst/core/p_1_in__1[13]. Optimizations did not improve timing on the net.
INFO: [Physopt 32-608] Optimized 1 net.  Swapped 26 pins.
INFO: [Physopt 32-735] Processed net design_1_i/gemv_q8_0_axi_lite_0/inst/core/row_acc[0][11]_i_23_n_0. Optimization improves timing on the net.
INFO: [Physopt 32-619] Estimated Timing Summary | WNS=-10.710 | TNS=-19495.676 |
INFO: [Physopt 32-702] Processed net design_1_i/gemv_q8_0_axi_lite_0/inst/core/row_acc_reg[6]_6[62]. Optimizations did not improve timing on the net.
INFO: [Physopt 32-702] Processed net design_1_i/gemv_q8_0_axi_lite_0/inst/core/in69[62]. Optimizations did not improve timing on the net.
INFO: [Physopt 32-702] Processed net design_1_i/gemv_q8_0_axi_lite_0/inst/core/row_acc[6][55]_i_5_n_0. Optimizations did not improve timing on the net.
INFO: [Physopt 32-702] Processed net design_1_i/gemv_q8_0_axi_lite_0/inst/core/row_acc[6][55]_i_10_n_0. Optimizations did not improve timing on the net.
INFO: [Physopt 32-702] Processed net design_1_i/gemv_q8_0_axi_lite_0/inst/core/p_1_in[53]. Optimizations did not improve timing on the net.
INFO: [Physopt 32-608] Optimized 1 net.  Swapped 25 pins.
INFO: [Physopt 32-735] Processed net design_1_i/gemv_q8_0_axi_lite_0/inst/core/row_acc[6][7]_i_18_n_0. Optimization improves timing on the net.
INFO: [Physopt 32-619] Estimated Timing Summary | WNS=-10.707 | TNS=-19492.407 |
INFO: [Physopt 32-608] Optimized 1 net.  Swapped 25 pins.
INFO: [Physopt 32-735] Processed net design_1_i/gemv_q8_0_axi_lite_0/inst/core/row_acc[0][7]_i_23_n_0. Optimization improves timing on the net.
INFO: [Physopt 32-619] Estimated Timing Summary | WNS=-10.689 | TNS=-19491.343 |
INFO: [Physopt 32-702] Processed net design_1_i/gemv_q8_0_axi_lite_0/inst/core/row_acc_reg[2]_2[56]. Optimizations did not improve timing on the net.
INFO: [Physopt 32-702] Processed net design_1_i/gemv_q8_0_axi_lite_0/inst/core/in65[56]. Optimizations did not improve timing on the net.
INFO: [Physopt 32-608] Optimized 1 net.  Swapped 22 pins.
INFO: [Physopt 32-735] Processed net design_1_i/gemv_q8_0_axi_lite_0/inst/core/row_acc[2][51]_i_3_n_0. Optimization improves timing on the net.
INFO: [Physopt 32-619] Estimated Timing Summary | WNS=-10.689 | TNS=-19491.343 |
INFO: [Physopt 32-608] Optimized 1 net.  Swapped 25 pins.
INFO: [Physopt 32-735] Processed net design_1_i/gemv_q8_0_axi_lite_0/inst/core/row_acc[2][47]_i_3_n_0. Optimization improves timing on the net.
INFO: [Physopt 32-619] Estimated Timing Summary | WNS=-10.688 | TNS=-19490.697 |
INFO: [Physopt 32-608] Optimized 1 net.  Swapped 25 pins.
INFO: [Physopt 32-735] Processed net design_1_i/gemv_q8_0_axi_lite_0/inst/core/row_acc[0][7]_i_22_n_0. Optimization improves timing on the net.
INFO: [Physopt 32-619] Estimated Timing Summary | WNS=-10.680 | TNS=-19489.689 |
INFO: [Physopt 32-702] Processed net design_1_i/gemv_q8_0_axi_lite_0/inst/core/row_acc[4][7]_i_24_n_0. Optimizations did not improve timing on the net.
INFO: [Physopt 32-663] Processed net design_1_i/gemv_q8_0_axi_lite_0/inst/core/row_acc[4][7]_i_30_n_0.  Re-placed instance design_1_i/gemv_q8_0_axi_lite_0/inst/core/row_acc[4][7]_i_30
INFO: [Physopt 32-735] Processed net design_1_i/gemv_q8_0_axi_lite_0/inst/core/row_acc[4][7]_i_30_n_0. Optimization improves timing on the net.
INFO: [Physopt 32-619] Estimated Timing Summary | WNS=-10.677 | TNS=-19487.357 |
INFO: [Physopt 32-608] Optimized 1 net.  Swapped 23 pins.
INFO: [Physopt 32-735] Processed net design_1_i/gemv_q8_0_axi_lite_0/inst/core/row_acc[2][55]_i_5_n_0. Optimization improves timing on the net.
INFO: [Physopt 32-619] Estimated Timing Summary | WNS=-10.677 | TNS=-19487.357 |
INFO: [Physopt 32-608] Optimized 1 net.  Swapped 22 pins.
INFO: [Physopt 32-735] Processed net design_1_i/gemv_q8_0_axi_lite_0/inst/core/row_acc[2][51]_i_5_n_0. Optimization improves timing on the net.
INFO: [Physopt 32-619] Estimated Timing Summary | WNS=-10.670 | TNS=-19487.192 |
INFO: [Common 17-14] Message 'Physopt 32-619' appears 100 times and further instances of the messages will be disabled. Use the Tcl command set_msg_config to change the current settings.
INFO: [Physopt 32-702] Processed net design_1_i/gemv_q8_0_axi_lite_0/inst/core/row_acc[0][7]_i_20_n_0. Optimizations did not improve timing on the net.
INFO: [Physopt 32-608] Optimized 1 net.  Swapped 18 pins.
INFO: [Physopt 32-735] Processed net design_1_i/gemv_q8_0_axi_lite_0/inst/core/row_acc[0][3]_i_23_n_0. Optimization improves timing on the net.
INFO: [Physopt 32-608] Optimized 1 net.  Swapped 23 pins.
INFO: [Physopt 32-735] Processed net design_1_i/gemv_q8_0_axi_lite_0/inst/core/row_acc[2][55]_i_6_n_0. Optimization improves timing on the net.
INFO: [Physopt 32-608] Optimized 1 net.  Swapped 22 pins.
INFO: [Physopt 32-735] Processed net design_1_i/gemv_q8_0_axi_lite_0/inst/core/row_acc[2][51]_i_6_n_0. Optimization improves timing on the net.
INFO: [Common 17-14] Message 'Physopt 32-735' appears 100 times and further instances of the messages will be disabled. Use the Tcl command set_msg_config to change the current settings.
INFO: [Physopt 32-702] Processed net design_1_i/gemv_q8_0_axi_lite_0/inst/core/row_acc_reg[2]_2[60]. Optimizations did not improve timing on the net.
INFO: [Physopt 32-702] Processed net design_1_i/gemv_q8_0_axi_lite_0/inst/core/in65[60]. Optimizations did not improve timing on the net.
INFO: [Physopt 32-608] Optimized 1 net.  Swapped 23 pins.
INFO: [Physopt 32-702] Processed net design_1_i/gemv_q8_0_axi_lite_0/inst/core/row_acc_reg[15]_15[60]. Optimizations did not improve timing on the net.
INFO: [Physopt 32-702] Processed net design_1_i/gemv_q8_0_axi_lite_0/inst/core/in78[60]. Optimizations did not improve timing on the net.
INFO: [Physopt 32-702] Processed net design_1_i/gemv_q8_0_axi_lite_0/inst/core/row_acc[15][51]_i_3_n_0. Optimizations did not improve timing on the net.
INFO: [Physopt 32-702] Processed net design_1_i/gemv_q8_0_axi_lite_0/inst/core/row_acc[15][51]_i_8_n_0. Optimizations did not improve timing on the net.
INFO: [Physopt 32-702] Processed net design_1_i/gemv_q8_0_axi_lite_0/inst/core/row_acc_reg[15][55]_i_20_n_5. Optimizations did not improve timing on the net.
INFO: [Physopt 32-608] Optimized 1 net.  Swapped 26 pins.
INFO: [Physopt 32-702] Processed net design_1_i/gemv_q8_0_axi_lite_0/inst/core/row_acc_reg[10]_10[62]. Optimizations did not improve timing on the net.
INFO: [Physopt 32-702] Processed net design_1_i/gemv_q8_0_axi_lite_0/inst/core/row_acc_reg[10][63]_i_2_n_5. Optimizations did not improve timing on the net.
INFO: [Physopt 32-702] Processed net design_1_i/gemv_q8_0_axi_lite_0/inst/core/row_acc[10][55]_i_4_n_0. Optimizations did not improve timing on the net.
INFO: [Physopt 32-702] Processed net design_1_i/gemv_q8_0_axi_lite_0/inst/core/row_acc[10][55]_i_9_n_0. Optimizations did not improve timing on the net.
INFO: [Physopt 32-702] Processed net design_1_i/gemv_q8_0_axi_lite_0/inst/core/row_acc_reg[10][63]_i_30_n_6. Optimizations did not improve timing on the net.
INFO: [Physopt 32-702] Processed net design_1_i/gemv_q8_0_axi_lite_0/inst/core/row_acc[10][7]_i_20_n_0. Optimizations did not improve timing on the net.
INFO: [Physopt 32-663] Processed net design_1_i/gemv_q8_0_axi_lite_0/inst/core/row_acc[10][7]_i_26_n_0.  Re-placed instance design_1_i/gemv_q8_0_axi_lite_0/inst/core/row_acc[10][7]_i_26
INFO: [Physopt 32-702] Processed net design_1_i/gemv_q8_0_axi_lite_0/inst/core/row_acc[6][7]_i_19_n_0. Optimizations did not improve timing on the net.
INFO: [Physopt 32-663] Processed net design_1_i/gemv_q8_0_axi_lite_0/inst/core/row_acc[6][7]_i_25_n_0.  Re-placed instance design_1_i/gemv_q8_0_axi_lite_0/inst/core/row_acc[6][7]_i_25
INFO: [Physopt 32-608] Optimized 1 net.  Swapped 22 pins.
INFO: [Physopt 32-608] Optimized 1 net.  Swapped 19 pins.
INFO: [Physopt 32-608] Optimized 1 net.  Swapped 23 pins.
INFO: [Physopt 32-608] Optimized 1 net.  Swapped 23 pins.
Netlist sorting complete. Time (s): cpu = 00:00:00.07 ; elapsed = 00:00:00.07 . Memory (MB): peak = 3321.102 ; gain = 0.000 ; free physical = 23410 ; free virtual = 64933
Phase 3 Critical Path Optimization | Checksum: 1308f2b52

Time (s): cpu = 00:01:10 ; elapsed = 00:00:21 . Memory (MB): peak = 3321.102 ; gain = 0.000 ; free physical = 23410 ; free virtual = 64933

Phase 4 Critical Path Optimization
INFO: [Physopt 32-702] Processed net design_1_i/gemv_q8_0_axi_lite_0/inst/core/row_acc_reg[2]_2[56]. Optimizations did not improve timing on the net.
INFO: [Physopt 32-702] Processed net design_1_i/processing_system7_0/inst/FCLK_CLK_unbuffered[0]. Optimizations did not improve timing on the net.
INFO: [Physopt 32-702] Processed net design_1_i/gemv_q8_0_axi_lite_0/inst/core/in65[56]. Optimizations did not improve timing on the net.
INFO: [Physopt 32-702] Processed net design_1_i/gemv_q8_0_axi_lite_0/inst/core/row_acc_reg[2][55]_i_2_n_0. Optimizations did not improve timing on the net.
INFO: [Physopt 32-608] Optimized 1 net.  Swapped 23 pins.
INFO: [Physopt 32-702] Processed net design_1_i/gemv_q8_0_axi_lite_0/inst/core/row_acc_reg[2][51]_i_2_n_0. Optimizations did not improve timing on the net.
INFO: [Physopt 32-608] Optimized 1 net.  Swapped 22 pins.
INFO: [Physopt 32-702] Processed net design_1_i/gemv_q8_0_axi_lite_0/inst/core/row_acc[2][55]_i_4_n_0. Optimizations did not improve timing on the net.
INFO: [Physopt 32-702] Processed net design_1_i/gemv_q8_0_axi_lite_0/inst/core/row_acc_reg[2][63]_i_30_n_6. Optimizations did not improve timing on the net.
INFO: [Physopt 32-702] Processed net design_1_i/gemv_q8_0_axi_lite_0/inst/core/row_acc_reg[2][55]_i_20_n_0. Optimizations did not improve timing on the net.
INFO: [Physopt 32-702] Processed net design_1_i/gemv_q8_0_axi_lite_0/inst/core/row_acc_reg[2][47]_i_10_n_0. Optimizations did not improve timing on the net.
INFO: [Physopt 32-702] Processed net design_1_i/gemv_q8_0_axi_lite_0/inst/core/row_acc_reg[2][47]_i_13_n_0. Optimizations did not improve timing on the net.
INFO: [Physopt 32-702] Processed net design_1_i/gemv_q8_0_axi_lite_0/inst/core/row_acc_reg[2][43]_i_12_n_0. Optimizations did not improve timing on the net.
INFO: [Physopt 32-702] Processed net design_1_i/gemv_q8_0_axi_lite_0/inst/core/row_acc_reg[2][39]_i_12_n_0. Optimizations did not improve timing on the net.
INFO: [Physopt 32-702] Processed net design_1_i/gemv_q8_0_axi_lite_0/inst/core/row_acc_reg[2][35]_i_12_n_0. Optimizations did not improve timing on the net.
INFO: [Physopt 32-702] Processed net design_1_i/gemv_q8_0_axi_lite_0/inst/core/row_acc_reg[2][31]_i_12_n_0. Optimizations did not improve timing on the net.
INFO: [Physopt 32-702] Processed net design_1_i/gemv_q8_0_axi_lite_0/inst/core/row_acc_reg[2][27]_i_12_n_0. Optimizations did not improve timing on the net.
INFO: [Physopt 32-702] Processed net design_1_i/gemv_q8_0_axi_lite_0/inst/core/row_acc_reg[2][23]_i_12_n_0. Optimizations did not improve timing on the net.
INFO: [Physopt 32-702] Processed net design_1_i/gemv_q8_0_axi_lite_0/inst/core/row_acc_reg[2][19]_i_12_n_0. Optimizations did not improve timing on the net.
INFO: [Physopt 32-702] Processed net design_1_i/gemv_q8_0_axi_lite_0/inst/core/row_acc_reg[2][15]_i_11_n_0. Optimizations did not improve timing on the net.
INFO: [Physopt 32-702] Processed net design_1_i/gemv_q8_0_axi_lite_0/inst/core/row_acc_reg[2][11]_i_11_n_0. Optimizations did not improve timing on the net.
INFO: [Physopt 32-702] Processed net design_1_i/gemv_q8_0_axi_lite_0/inst/core/row_acc_reg[2][7]_i_11_n_0. Optimizations did not improve timing on the net.
INFO: [Physopt 32-702] Processed net design_1_i/gemv_q8_0_axi_lite_0/inst/core/row_acc[2][7]_i_20_n_0. Optimizations did not improve timing on the net.
INFO: [Physopt 32-702] Processed net design_1_i/gemv_q8_0_axi_lite_0/inst/core/row_acc[2][7]_i_26_n_0. Optimizations did not improve timing on the net.
INFO: [Physopt 32-702] Processed net design_1_i/gemv_q8_0_axi_lite_0/inst/core/row_acc[2][7]_i_28_n_0. Optimizations did not improve timing on the net.
INFO: [Physopt 32-710] Processed net design_1_i/gemv_q8_0_axi_lite_0/inst/core/row_acc[2][7]_i_28_n_0. Critical path length was reduced through logic transformation on cell design_1_i/gemv_q8_0_axi_lite_0/inst/core/row_acc[2][7]_i_28_comp.
INFO: [Physopt 32-702] Processed net design_1_i/gemv_q8_0_axi_lite_0/inst/core/row_acc_reg[7]_7[62]. Optimizations did not improve timing on the net.
INFO: [Physopt 32-702] Processed net design_1_i/gemv_q8_0_axi_lite_0/inst/core/row_acc_reg[7][63]_i_2_n_5. Optimizations did not improve timing on the net.
INFO: [Physopt 32-702] Processed net design_1_i/gemv_q8_0_axi_lite_0/inst/core/row_acc_reg[7][59]_i_2_n_0. Optimizations did not improve timing on the net.
INFO: [Physopt 32-702] Processed net design_1_i/gemv_q8_0_axi_lite_0/inst/core/row_acc_reg[7][55]_i_2_n_0. Optimizations did not improve timing on the net.
INFO: [Physopt 32-702] Processed net design_1_i/gemv_q8_0_axi_lite_0/inst/core/row_acc[7][55]_i_6_n_0. Optimizations did not improve timing on the net.
INFO: [Physopt 32-710] Processed net design_1_i/gemv_q8_0_axi_lite_0/inst/core/row_acc[7][55]_i_6_n_0. Critical path length was reduced through logic transformation on cell design_1_i/gemv_q8_0_axi_lite_0/inst/core/row_acc[7][55]_i_6_comp.
INFO: [Physopt 32-702] Processed net design_1_i/gemv_q8_0_axi_lite_0/inst/core/row_acc_reg[13]_13[60]. Optimizations did not improve timing on the net.
INFO: [Physopt 32-702] Processed net design_1_i/gemv_q8_0_axi_lite_0/inst/core/in76[60]. Optimizations did not improve timing on the net.
INFO: [Physopt 32-702] Processed net design_1_i/gemv_q8_0_axi_lite_0/inst/core/row_acc_reg[13][59]_i_2_n_0. Optimizations did not improve timing on the net.
INFO: [Physopt 32-702] Processed net design_1_i/gemv_q8_0_axi_lite_0/inst/core/row_acc_reg[13][55]_i_2_n_0. Optimizations did not improve timing on the net.
INFO: [Physopt 32-702] Processed net design_1_i/gemv_q8_0_axi_lite_0/inst/core/row_acc_reg[13][51]_i_2_n_0. Optimizations did not improve timing on the net.
INFO: [Physopt 32-702] Processed net design_1_i/gemv_q8_0_axi_lite_0/inst/core/row_acc_reg[13][47]_i_2_n_0. Optimizations did not improve timing on the net.
INFO: [Physopt 32-702] Processed net design_1_i/gemv_q8_0_axi_lite_0/inst/core/row_acc[13][47]_i_3_n_0. Optimizations did not improve timing on the net.
INFO: [Physopt 32-710] Processed net design_1_i/gemv_q8_0_axi_lite_0/inst/core/row_acc[13][47]_i_3_n_0. Critical path length was reduced through logic transformation on cell design_1_i/gemv_q8_0_axi_lite_0/inst/core/row_acc[13][47]_i_3_comp.
INFO: [Physopt 32-702] Processed net design_1_i/gemv_q8_0_axi_lite_0/inst/core/row_acc_reg[0]_0[63]. Optimizations did not improve timing on the net.
INFO: [Physopt 32-702] Processed net design_1_i/gemv_q8_0_axi_lite_0/inst/core/in61[63]. Optimizations did not improve timing on the net.
INFO: [Physopt 32-702] Processed net design_1_i/gemv_q8_0_axi_lite_0/inst/core/row_acc_reg[0][59]_i_2_n_0. Optimizations did not improve timing on the net.
INFO: [Physopt 32-702] Processed net design_1_i/gemv_q8_0_axi_lite_0/inst/core/row_acc_reg[0][55]_i_2_n_0. Optimizations did not improve timing on the net.
INFO: [Physopt 32-702] Processed net design_1_i/gemv_q8_0_axi_lite_0/inst/core/row_acc_reg[0][51]_i_2_n_0. Optimizations did not improve timing on the net.
INFO: [Physopt 32-702] Processed net design_1_i/gemv_q8_0_axi_lite_0/inst/core/row_acc_reg[0][47]_i_2_n_0. Optimizations did not improve timing on the net.
INFO: [Physopt 32-702] Processed net design_1_i/gemv_q8_0_axi_lite_0/inst/core/row_acc_reg[0][43]_i_2_n_0. Optimizations did not improve timing on the net.
INFO: [Physopt 32-702] Processed net design_1_i/gemv_q8_0_axi_lite_0/inst/core/row_acc_reg[0][39]_i_2_n_0. Optimizations did not improve timing on the net.
INFO: [Physopt 32-702] Processed net design_1_i/gemv_q8_0_axi_lite_0/inst/core/row_acc_reg[0][35]_i_2_n_0. Optimizations did not improve timing on the net.
INFO: [Physopt 32-702] Processed net design_1_i/gemv_q8_0_axi_lite_0/inst/core/row_acc_reg[0][31]_i_2_n_0. Optimizations did not improve timing on the net.
INFO: [Physopt 32-702] Processed net design_1_i/gemv_q8_0_axi_lite_0/inst/core/row_acc_reg[0][27]_i_2_n_0. Optimizations did not improve timing on the net.
INFO: [Physopt 32-702] Processed net design_1_i/gemv_q8_0_axi_lite_0/inst/core/row_acc_reg[0][23]_i_2_n_0. Optimizations did not improve timing on the net.
INFO: [Physopt 32-702] Processed net design_1_i/gemv_q8_0_axi_lite_0/inst/core/row_acc_reg[0][19]_i_2_n_0. Optimizations did not improve timing on the net.
INFO: [Physopt 32-702] Processed net design_1_i/gemv_q8_0_axi_lite_0/inst/core/row_acc_reg[0][15]_i_2_n_0. Optimizations did not improve timing on the net.
INFO: [Physopt 32-702] Processed net design_1_i/gemv_q8_0_axi_lite_0/inst/core/row_acc[0][15]_i_5_n_0. Optimizations did not improve timing on the net.
INFO: [Physopt 32-710] Processed net design_1_i/gemv_q8_0_axi_lite_0/inst/core/row_acc[0][15]_i_5_n_0. Critical path length was reduced through logic transformation on cell design_1_i/gemv_q8_0_axi_lite_0/inst/core/row_acc[0][15]_i_5_comp.
INFO: [Physopt 32-702] Processed net design_1_i/gemv_q8_0_axi_lite_0/inst/core/row_acc[7][55]_i_4_n_0. Optimizations did not improve timing on the net.
INFO: [Physopt 32-663] Processed net design_1_i/gemv_q8_0_axi_lite_0/inst/core/row_acc[7][55]_i_9_n_0.  Re-placed instance design_1_i/gemv_q8_0_axi_lite_0/inst/core/row_acc[7][55]_i_9
INFO: [Physopt 32-702] Processed net design_1_i/gemv_q8_0_axi_lite_0/inst/core/row_acc[2][3]_i_31_n_0. Optimizations did not improve timing on the net.
INFO: [Physopt 32-702] Processed net design_1_i/gemv_q8_0_axi_lite_0/inst/core/row_acc_reg[2][3]_i_51_n_6. Optimizations did not improve timing on the net.
INFO: [Physopt 32-702] Processed net design_1_i/gemv_q8_0_axi_lite_0/inst/core/row_acc_reg[2][3]_i_42_n_0. Optimizations did not improve timing on the net.
INFO: [Physopt 32-702] Processed net design_1_i/gemv_q8_0_axi_lite_0/inst/core/row_acc_reg[2][3]_i_49_n_0. Optimizations did not improve timing on the net.
INFO: [Physopt 32-702] Processed net design_1_i/gemv_q8_0_axi_lite_0/inst/core/row_acc_reg[2][3]_i_46_n_0. Optimizations did not improve timing on the net.
INFO: [Physopt 32-702] Processed net design_1_i/gemv_q8_0_axi_lite_0/inst/core/row_acc_reg[2][3]_i_53_n_0. Optimizations did not improve timing on the net.
INFO: [Physopt 32-702] Processed net design_1_i/gemv_q8_0_axi_lite_0/inst/core/row_acc_reg[2][3]_i_41_n_0. Optimizations did not improve timing on the net.
INFO: [Physopt 32-702] Processed net design_1_i/gemv_q8_0_axi_lite_0/inst/core/row_acc_reg[2][3]_i_48_n_0. Optimizations did not improve timing on the net.
INFO: [Physopt 32-702] Processed net design_1_i/gemv_q8_0_axi_lite_0/inst/core/row_acc[2][3]_i_121_n_0. Optimizations did not improve timing on the net.
INFO: [Physopt 32-702] Processed net design_1_i/gemv_q8_0_axi_lite_0/inst/core/row_acc_reg[2][27]_i_7_n_6. Optimizations did not improve timing on the net.
INFO: [Physopt 32-702] Processed net design_1_i/gemv_q8_0_axi_lite_0/inst/core/row_acc_reg[2][23]_i_7_n_0. Optimizations did not improve timing on the net.
INFO: [Physopt 32-702] Processed net design_1_i/gemv_q8_0_axi_lite_0/inst/core/row_acc[2][23]_i_16_n_0. Optimizations did not improve timing on the net.
INFO: [Physopt 32-608] Optimized 1 net.  Swapped 16 pins.
INFO: [Physopt 32-702] Processed net design_1_i/gemv_q8_0_axi_lite_0/inst/core/row_acc_reg[15]_15[60]. Optimizations did not improve timing on the net.
INFO: [Physopt 32-702] Processed net design_1_i/gemv_q8_0_axi_lite_0/inst/core/in78[60]. Optimizations did not improve timing on the net.
INFO: [Physopt 32-702] Processed net design_1_i/gemv_q8_0_axi_lite_0/inst/core/row_acc_reg[15][59]_i_2_n_0. Optimizations did not improve timing on the net.
INFO: [Physopt 32-702] Processed net design_1_i/gemv_q8_0_axi_lite_0/inst/core/row_acc_reg[15][55]_i_2_n_0. Optimizations did not improve timing on the net.
INFO: [Physopt 32-702] Processed net design_1_i/gemv_q8_0_axi_lite_0/inst/core/row_acc_reg[15][51]_i_2_n_0. Optimizations did not improve timing on the net.
INFO: [Physopt 32-702] Processed net design_1_i/gemv_q8_0_axi_lite_0/inst/core/row_acc[15][51]_i_3_n_0. Optimizations did not improve timing on the net.
INFO: [Physopt 32-710] Processed net design_1_i/gemv_q8_0_axi_lite_0/inst/core/row_acc[15][51]_i_3_n_0. Critical path length was reduced through logic transformation on cell design_1_i/gemv_q8_0_axi_lite_0/inst/core/row_acc[15][51]_i_3_comp.
INFO: [Physopt 32-702] Processed net design_1_i/gemv_q8_0_axi_lite_0/inst/core/row_acc[0][15]_i_3_n_0. Optimizations did not improve timing on the net.
INFO: [Physopt 32-710] Processed net design_1_i/gemv_q8_0_axi_lite_0/inst/core/row_acc[0][15]_i_3_n_0. Critical path length was reduced through logic transformation on cell design_1_i/gemv_q8_0_axi_lite_0/inst/core/row_acc[0][15]_i_3_comp.
INFO: [Physopt 32-702] Processed net design_1_i/gemv_q8_0_axi_lite_0/inst/core/row_acc_reg[2]_2[60]. Optimizations did not improve timing on the net.
INFO: [Physopt 32-702] Processed net design_1_i/gemv_q8_0_axi_lite_0/inst/core/in65[60]. Optimizations did not improve timing on the net.
INFO: [Physopt 32-702] Processed net design_1_i/gemv_q8_0_axi_lite_0/inst/core/row_acc_reg[2][59]_i_2_n_0. Optimizations did not improve timing on the net.
INFO: [Physopt 32-608] Optimized 1 net.  Swapped 23 pins.
INFO: [Physopt 32-702] Processed net design_1_i/gemv_q8_0_axi_lite_0/inst/core/row_acc_reg[3]_3[62]. Optimizations did not improve timing on the net.
INFO: [Physopt 32-702] Processed net design_1_i/gemv_q8_0_axi_lite_0/inst/core/in66[62]. Optimizations did not improve timing on the net.
INFO: [Physopt 32-702] Processed net design_1_i/gemv_q8_0_axi_lite_0/inst/core/row_acc_reg[3][59]_i_2_n_0. Optimizations did not improve timing on the net.
INFO: [Physopt 32-702] Processed net design_1_i/gemv_q8_0_axi_lite_0/inst/core/row_acc_reg[3][55]_i_2_n_0. Optimizations did not improve timing on the net.
INFO: [Physopt 32-702] Processed net design_1_i/gemv_q8_0_axi_lite_0/inst/core/row_acc_reg[3][51]_i_2_n_0. Optimizations did not improve timing on the net.
INFO: [Physopt 32-702] Processed net design_1_i/gemv_q8_0_axi_lite_0/inst/core/row_acc_reg[3][47]_i_2_n_0. Optimizations did not improve timing on the net.
INFO: [Physopt 32-702] Processed net design_1_i/gemv_q8_0_axi_lite_0/inst/core/row_acc_reg[3][43]_i_2_n_0. Optimizations did not improve timing on the net.
INFO: [Physopt 32-702] Processed net design_1_i/gemv_q8_0_axi_lite_0/inst/core/row_acc_reg[3][39]_i_2_n_0. Optimizations did not improve timing on the net.
INFO: [Physopt 32-702] Processed net design_1_i/gemv_q8_0_axi_lite_0/inst/core/row_acc_reg[3][35]_i_2_n_0. Optimizations did not improve timing on the net.
INFO: [Physopt 32-702] Processed net design_1_i/gemv_q8_0_axi_lite_0/inst/core/row_acc[3][35]_i_4_n_0. Optimizations did not improve timing on the net.
INFO: [Physopt 32-710] Processed net design_1_i/gemv_q8_0_axi_lite_0/inst/core/row_acc[3][35]_i_4_n_0. Critical path length was reduced through logic transformation on cell design_1_i/gemv_q8_0_axi_lite_0/inst/core/row_acc[3][35]_i_4_comp.
INFO: [Physopt 32-702] Processed net design_1_i/gemv_q8_0_axi_lite_0/inst/core/row_acc_reg[3]_3[62]. Optimizations did not improve timing on the net.
INFO: [Physopt 32-702] Processed net design_1_i/processing_system7_0/inst/FCLK_CLK_unbuffered[0]. Optimizations did not improve timing on the net.
INFO: [Physopt 32-702] Processed net design_1_i/gemv_q8_0_axi_lite_0/inst/core/in66[62]. Optimizations did not improve timing on the net.
INFO: [Physopt 32-702] Processed net design_1_i/gemv_q8_0_axi_lite_0/inst/core/row_acc[3][7]_i_4_n_0. Optimizations did not improve timing on the net.
INFO: [Physopt 32-702] Processed net design_1_i/gemv_q8_0_axi_lite_0/inst/core/row_acc[3][7]_i_8_n_0. Optimizations did not improve timing on the net.
INFO: [Physopt 32-702] Processed net design_1_i/gemv_q8_0_axi_lite_0/inst/core/row_acc_reg[3][11]_i_15_n_6. Optimizations did not improve timing on the net.
INFO: [Physopt 32-702] Processed net design_1_i/gemv_q8_0_axi_lite_0/inst/core/row_acc[3][7]_i_24_n_0. Optimizations did not improve timing on the net.
INFO: [Physopt 32-608] Optimized 1 net.  Swapped 23 pins.
INFO: [Physopt 32-702] Processed net design_1_i/gemv_q8_0_axi_lite_0/inst/core/row_acc_reg[10]_10[62]. Optimizations did not improve timing on the net.
INFO: [Physopt 32-702] Processed net design_1_i/gemv_q8_0_axi_lite_0/inst/core/row_acc_reg[10][63]_i_2_n_5. Optimizations did not improve timing on the net.
INFO: [Physopt 32-702] Processed net design_1_i/gemv_q8_0_axi_lite_0/inst/core/row_acc[10][55]_i_4_n_0. Optimizations did not improve timing on the net.
INFO: [Physopt 32-702] Processed net design_1_i/gemv_q8_0_axi_lite_0/inst/core/row_acc[10][55]_i_9_n_0. Optimizations did not improve timing on the net.
INFO: [Physopt 32-702] Processed net design_1_i/gemv_q8_0_axi_lite_0/inst/core/row_acc_reg[10][63]_i_30_n_6. Optimizations did not improve timing on the net.
INFO: [Physopt 32-608] Optimized 1 net.  Swapped 25 pins.
INFO: [Physopt 32-702] Processed net design_1_i/gemv_q8_0_axi_lite_0/inst/core/row_acc_reg[2]_2[60]. Optimizations did not improve timing on the net.
INFO: [Physopt 32-702] Processed net design_1_i/gemv_q8_0_axi_lite_0/inst/core/in65[60]. Optimizations did not improve timing on the net.
INFO: [Physopt 32-702] Processed net design_1_i/gemv_q8_0_axi_lite_0/inst/core/row_acc[2][59]_i_4_n_0. Optimizations did not improve timing on the net.
INFO: [Physopt 32-702] Processed net design_1_i/gemv_q8_0_axi_lite_0/inst/core/row_acc_reg[2][63]_i_14_n_6. Optimizations did not improve timing on the net.
INFO: [Physopt 32-702] Processed net design_1_i/gemv_q8_0_axi_lite_0/inst/core/row_acc[2][7]_i_20_n_0. Optimizations did not improve timing on the net.
INFO: [Physopt 32-702] Processed net design_1_i/gemv_q8_0_axi_lite_0/inst/core/row_acc[2][7]_i_26_n_0. Optimizations did not improve timing on the net.
INFO: [Physopt 32-608] Optimized 1 net.  Swapped 22 pins.
INFO: [Physopt 32-702] Processed net design_1_i/gemv_q8_0_axi_lite_0/inst/core/row_acc_reg[14]_14[62]. Optimizations did not improve timing on the net.
INFO: [Physopt 32-702] Processed net design_1_i/gemv_q8_0_axi_lite_0/inst/core/in77[62]. Optimizations did not improve timing on the net.
INFO: [Physopt 32-702] Processed net design_1_i/gemv_q8_0_axi_lite_0/inst/core/row_acc[14][59]_i_5_n_0. Optimizations did not improve timing on the net.
INFO: [Physopt 32-702] Processed net design_1_i/gemv_q8_0_axi_lite_0/inst/core/data1__1[57]. Optimizations did not improve timing on the net.
INFO: [Physopt 32-702] Processed net design_1_i/gemv_q8_0_axi_lite_0/inst/core/row_acc_reg[14][63]_i_14_n_7. Optimizations did not improve timing on the net.
INFO: [Physopt 32-608] Optimized 1 net.  Swapped 25 pins.
INFO: [Physopt 32-702] Processed net design_1_i/gemv_q8_0_axi_lite_0/inst/core/row_acc_reg[7]_7[62]. Optimizations did not improve timing on the net.
INFO: [Physopt 32-702] Processed net design_1_i/gemv_q8_0_axi_lite_0/inst/core/row_acc_reg[7][63]_i_2_n_5. Optimizations did not improve timing on the net.
INFO: [Physopt 32-702] Processed net design_1_i/gemv_q8_0_axi_lite_0/inst/core/row_acc[7][55]_i_5_n_0. Optimizations did not improve timing on the net.
INFO: [Physopt 32-702] Processed net design_1_i/gemv_q8_0_axi_lite_0/inst/core/row_acc[7][55]_i_10_n_0. Optimizations did not improve timing on the net.
INFO: [Physopt 32-702] Processed net design_1_i/gemv_q8_0_axi_lite_0/inst/core/row_acc_reg[7][63]_i_30_n_7. Optimizations did not improve timing on the net.
INFO: [Physopt 32-702] Processed net design_1_i/gemv_q8_0_axi_lite_0/inst/core/row_acc[7][7]_i_20_n_0. Optimizations did not improve timing on the net.
INFO: [Physopt 32-608] Optimized 1 net.  Swapped 22 pins.
INFO: [Physopt 32-702] Processed net design_1_i/gemv_q8_0_axi_lite_0/inst/core/row_acc_reg[0]_0[63]. Optimizations did not improve timing on the net.
INFO: [Physopt 32-702] Processed net design_1_i/gemv_q8_0_axi_lite_0/inst/core/in61[63]. Optimizations did not improve timing on the net.
INFO: [Physopt 32-702] Processed net design_1_i/gemv_q8_0_axi_lite_0/inst/core/row_acc[0][55]_i_3_n_0. Optimizations did not improve timing on the net.
INFO: [Physopt 32-702] Processed net design_1_i/gemv_q8_0_axi_lite_0/inst/core/row_acc[0][55]_i_7_n_0. Optimizations did not improve timing on the net.
INFO: [Physopt 32-702] Processed net design_1_i/gemv_q8_0_axi_lite_0/inst/core/p_1_in__1[55]. Optimizations did not improve timing on the net.
INFO: [Physopt 32-608] Optimized 1 net.  Swapped 25 pins.
INFO: [Physopt 32-702] Processed net design_1_i/gemv_q8_0_axi_lite_0/inst/core/row_acc[2][7]_i_16_n_0. Optimizations did not improve timing on the net.
INFO: [Physopt 32-608] Optimized 1 net.  Swapped 24 pins.
INFO: [Physopt 32-702] Processed net design_1_i/gemv_q8_0_axi_lite_0/inst/core/row_acc_reg[12]_12[60]. Optimizations did not improve timing on the net.
INFO: [Physopt 32-702] Processed net design_1_i/gemv_q8_0_axi_lite_0/inst/core/row_acc_reg[12][63]_i_2_n_7. Optimizations did not improve timing on the net.
INFO: [Physopt 32-702] Processed net design_1_i/gemv_q8_0_axi_lite_0/inst/core/row_acc[12][51]_i_3_n_0. Optimizations did not improve timing on the net.
INFO: [Physopt 32-702] Processed net design_1_i/gemv_q8_0_axi_lite_0/inst/core/row_acc[12][51]_i_7_n_0. Optimizations did not improve timing on the net.
INFO: [Physopt 32-702] Processed net design_1_i/gemv_q8_0_axi_lite_0/inst/core/row_acc_reg[12][55]_i_19_n_5. Optimizations did not improve timing on the net.
INFO: [Physopt 32-608] Optimized 1 net.  Swapped 25 pins.
INFO: [Physopt 32-702] Processed net design_1_i/gemv_q8_0_axi_lite_0/inst/core/row_acc_reg[13]_13[60]. Optimizations did not improve timing on the net.
INFO: [Physopt 32-702] Processed net design_1_i/gemv_q8_0_axi_lite_0/inst/core/in76[60]. Optimizations did not improve timing on the net.
INFO: [Physopt 32-702] Processed net design_1_i/gemv_q8_0_axi_lite_0/inst/core/row_acc[13][59]_i_5_n_0. Optimizations did not improve timing on the net.
INFO: [Physopt 32-663] Processed net design_1_i/gemv_q8_0_axi_lite_0/inst/core/data1__0[57].  Re-placed instance design_1_i/gemv_q8_0_axi_lite_0/inst/core/row_acc[13][59]_i_10
INFO: [Physopt 32-702] Processed net design_1_i/gemv_q8_0_axi_lite_0/inst/core/row_acc[13][55]_i_5_n_0. Optimizations did not improve timing on the net.
INFO: [Physopt 32-663] Processed net design_1_i/gemv_q8_0_axi_lite_0/inst/core/data1__0[53].  Re-placed instance design_1_i/gemv_q8_0_axi_lite_0/inst/core/row_acc[13][55]_i_10
INFO: [Physopt 32-702] Processed net design_1_i/gemv_q8_0_axi_lite_0/inst/core/row_acc[0][7]_i_20_n_0. Optimizations did not improve timing on the net.
INFO: [Physopt 32-702] Processed net design_1_i/gemv_q8_0_axi_lite_0/inst/core/row_acc[0][3]_i_24_n_0. Optimizations did not improve timing on the net.
INFO: [Physopt 32-702] Processed net design_1_i/gemv_q8_0_axi_lite_0/inst/core/row_acc[0][3]_i_38_n_0. Optimizations did not improve timing on the net.
INFO: [Physopt 32-702] Processed net design_1_i/gemv_q8_0_axi_lite_0/inst/core/row_acc_reg[0][63]_i_46_n_5. Optimizations did not improve timing on the net.
INFO: [Physopt 32-702] Processed net design_1_i/gemv_q8_0_axi_lite_0/inst/core/row_acc[0][63]_i_84_n_0. Optimizations did not improve timing on the net.
INFO: [Physopt 32-702] Processed net design_1_i/gemv_q8_0_axi_lite_0/inst/core/mul_i32_i32_to_i64_return__37[57]. Optimizations did not improve timing on the net.
INFO: [Physopt 32-702] Processed net design_1_i/gemv_q8_0_axi_lite_0/inst/core/row_acc[0][23]_i_16_n_0. Optimizations did not improve timing on the net.
INFO: [Physopt 32-608] Optimized 1 net.  Swapped 16 pins.
INFO: [Physopt 32-608] Optimized 1 net.  Swapped 25 pins.
INFO: [Physopt 32-702] Processed net design_1_i/gemv_q8_0_axi_lite_0/inst/core/row_acc[13][51]_i_4_n_0. Optimizations did not improve timing on the net.
INFO: [Physopt 32-702] Processed net design_1_i/gemv_q8_0_axi_lite_0/inst/core/data1__0[50]. Optimizations did not improve timing on the net.
INFO: [Physopt 32-702] Processed net design_1_i/gemv_q8_0_axi_lite_0/inst/core/p_1_in__0[50]. Optimizations did not improve timing on the net.
INFO: [Physopt 32-702] Processed net design_1_i/gemv_q8_0_axi_lite_0/inst/core/row_acc[13][7]_i_20_n_0. Optimizations did not improve timing on the net.
INFO: [Physopt 32-663] Processed net design_1_i/gemv_q8_0_axi_lite_0/inst/core/row_acc[13][7]_i_26_n_0.  Re-placed instance design_1_i/gemv_q8_0_axi_lite_0/inst/core/row_acc[13][7]_i_26
INFO: [Physopt 32-608] Optimized 1 net.  Swapped 26 pins.
INFO: [Physopt 32-702] Processed net design_1_i/gemv_q8_0_axi_lite_0/inst/core/row_acc_reg[15]_15[60]. Optimizations did not improve timing on the net.
INFO: [Physopt 32-702] Processed net design_1_i/gemv_q8_0_axi_lite_0/inst/core/in78[60]. Optimizations did not improve timing on the net.
INFO: [Physopt 32-702] Processed net design_1_i/gemv_q8_0_axi_lite_0/inst/core/row_acc[15][55]_i_5_n_0. Optimizations did not improve timing on the net.
INFO: [Physopt 32-702] Processed net design_1_i/gemv_q8_0_axi_lite_0/inst/core/row_acc[15][55]_i_10_n_0. Optimizations did not improve timing on the net.
INFO: [Physopt 32-702] Processed net design_1_i/gemv_q8_0_axi_lite_0/inst/core/row_acc_reg[15][63]_i_29_n_7. Optimizations did not improve timing on the net.
INFO: [Physopt 32-702] Processed net design_1_i/gemv_q8_0_axi_lite_0/inst/core/row_acc[15][7]_i_20_n_0. Optimizations did not improve timing on the net.
INFO: [Physopt 32-663] Processed net design_1_i/gemv_q8_0_axi_lite_0/inst/core/row_acc[15][7]_i_26_n_0.  Re-placed instance design_1_i/gemv_q8_0_axi_lite_0/inst/core/row_acc[15][7]_i_26
INFO: [Physopt 32-608] Optimized 1 net.  Swapped 26 pins.
INFO: [Physopt 32-702] Processed net design_1_i/gemv_q8_0_axi_lite_0/inst/core/row_acc[2][11]_i_29_n_0. Optimizations did not improve timing on the net.
INFO: [Physopt 32-702] Processed net design_1_i/gemv_q8_0_axi_lite_0/inst/core/row_acc[2][3]_i_28_n_0. Optimizations did not improve timing on the net.
INFO: [Physopt 32-702] Processed net design_1_i/gemv_q8_0_axi_lite_0/inst/core/row_acc_reg[2][63]_i_41_n_6. Optimizations did not improve timing on the net.
INFO: [Physopt 32-702] Processed net design_1_i/gemv_q8_0_axi_lite_0/inst/core/row_acc[2][3]_i_121_n_0. Optimizations did not improve timing on the net.
INFO: [Physopt 32-702] Processed net design_1_i/gemv_q8_0_axi_lite_0/inst/core/row_acc_reg[2][27]_i_7_n_6. Optimizations did not improve timing on the net.
INFO: [Physopt 32-702] Processed net design_1_i/gemv_q8_0_axi_lite_0/inst/core/row_acc[2][23]_i_16_n_0. Optimizations did not improve timing on the net.
INFO: [Physopt 32-702] Processed net design_1_i/gemv_q8_0_axi_lite_0/inst/core/row_acc[2][60]_i_1_n_0. Optimizations did not improve timing on the net.
INFO: [Physopt 32-702] Processed net design_1_i/gemv_q8_0_axi_lite_0/inst/core/mul_i32_i32_to_i64_return__10__1_n_102. Optimizations did not improve timing on the net.
Netlist sorting complete. Time (s): cpu = 00:00:00.06 ; elapsed = 00:00:00.05 . Memory (MB): peak = 3321.102 ; gain = 0.000 ; free physical = 23403 ; free virtual = 64934
Phase 4 Critical Path Optimization | Checksum: 161cfc144

Time (s): cpu = 00:01:25 ; elapsed = 00:00:27 . Memory (MB): peak = 3321.102 ; gain = 0.000 ; free physical = 23403 ; free virtual = 64933
Netlist sorting complete. Time (s): cpu = 00:00:00 ; elapsed = 00:00:00 . Memory (MB): peak = 3321.102 ; gain = 0.000 ; free physical = 23403 ; free virtual = 64933
INFO: [Physopt 32-603] Post Physical Optimization Timing Summary | WNS=-10.557 | TNS=-19399.922 |

Summary of Physical Synthesis Optimizations
============================================


-------------------------------------------------------------------------------------------------------------------------------------------------------------
|  Optimization   |  WNS Gain (ns)  |  TNS Gain (ns)  |  Added Cells  |  Removed Cells  |  Optimized Cells/Nets  |  Dont Touch  |  Iterations  |  Elapsed   |
-------------------------------------------------------------------------------------------------------------------------------------------------------------
|  DSP Register   |          0.000  |          0.000  |            0  |              0  |                     0  |           0  |           1  |  00:00:00  |
|  Critical Path  |          0.809  |        207.776  |            0  |              0  |                   136  |           0  |           2  |  00:00:24  |
|  Total          |          0.809  |        207.776  |            0  |              0  |                   136  |           0  |           3  |  00:00:24  |
-------------------------------------------------------------------------------------------------------------------------------------------------------------


Netlist sorting complete. Time (s): cpu = 00:00:00 ; elapsed = 00:00:00.01 . Memory (MB): peak = 3321.102 ; gain = 0.000 ; free physical = 23407 ; free virtual = 64938
Ending Physical Synthesis Task | Checksum: 1f9a45734

Time (s): cpu = 00:01:26 ; elapsed = 00:00:27 . Memory (MB): peak = 3321.102 ; gain = 0.000 ; free physical = 23393 ; free virtual = 64925
INFO: [Common 17-83] Releasing license: Implementation
805 Infos, 1 Warnings, 0 Critical Warnings and 0 Errors encountered.
phys_opt_design completed successfully
phys_opt_design: Time (s): cpu = 00:01:38 ; elapsed = 00:00:31 . Memory (MB): peak = 3321.102 ; gain = 0.000 ; free physical = 23391 ; free virtual = 64923
INFO: [Timing 38-480] Writing timing data to binary archive.
Write ShapeDB Complete: Time (s): cpu = 00:00:00.28 ; elapsed = 00:00:00.06 . Memory (MB): peak = 3321.102 ; gain = 0.000 ; free physical = 23367 ; free virtual = 64908
Wrote PlaceDB: Time (s): cpu = 00:00:04 ; elapsed = 00:00:02 . Memory (MB): peak = 3321.102 ; gain = 0.000 ; free physical = 23308 ; free virtual = 64920
Wrote PulsedLatchDB: Time (s): cpu = 00:00:00 ; elapsed = 00:00:00 . Memory (MB): peak = 3321.102 ; gain = 0.000 ; free physical = 23308 ; free virtual = 64920
Writing XDEF routing.
Writing XDEF routing logical nets.
Writing XDEF routing special nets.
Wrote RouteStorage: Time (s): cpu = 00:00:00.04 ; elapsed = 00:00:00.05 . Memory (MB): peak = 3321.102 ; gain = 0.000 ; free physical = 23307 ; free virtual = 64920
Wrote Netlist Cache: Time (s): cpu = 00:00:00.07 ; elapsed = 00:00:00.07 . Memory (MB): peak = 3321.102 ; gain = 0.000 ; free physical = 23291 ; free virtual = 64913
Wrote Device Cache: Time (s): cpu = 00:00:00 ; elapsed = 00:00:00 . Memory (MB): peak = 3321.102 ; gain = 0.000 ; free physical = 23291 ; free virtual = 64914
Write Physdb Complete: Time (s): cpu = 00:00:04 ; elapsed = 00:00:02 . Memory (MB): peak = 3321.102 ; gain = 0.000 ; free physical = 23291 ; free virtual = 64914
INFO: [Common 17-1381] The checkpoint '/home/pjs/Desktop/smollm2-zybo/hw/zybo_gemv_bringup/zybo_gemv_bringup.runs/impl_1/design_1_wrapper_physopt.dcp' has been generated.
Command: route_design
Attempting to get a license for feature 'Implementation' and/or device 'xc7z020'
INFO: [Common 17-349] Got license for feature 'Implementation' and/or device 'xc7z020'
INFO: [DRC 23-27] Running DRC with 8 threads
INFO: [Vivado_Tcl 4-198] DRC finished with 0 Errors
INFO: [Vivado_Tcl 4-199] Please refer to the DRC report (report_drc) for more information.


Starting Routing Task
INFO: [Route 35-254] Multithreading enabled for route_design using a maximum of 8 CPUs

Phase 1 Build RT Design
Checksum: PlaceDB: 511fb388 ConstDB: 0 ShapeSum: d676efc9 RouteDB: 15f972f0
Post Restoration Checksum: NetGraph: 4ac09c10 | NumContArr: 8786cb95 | Constraints: c2a8fa9d | Timing: c2a8fa9d
Phase 1 Build RT Design | Checksum: 257995cdf

Time (s): cpu = 00:00:27 ; elapsed = 00:00:15 . Memory (MB): peak = 3359.586 ; gain = 0.000 ; free physical = 23378 ; free virtual = 64950

Phase 2 Router Initialization

Phase 2.1 Fix Topology Constraints
Phase 2.1 Fix Topology Constraints | Checksum: 257995cdf

Time (s): cpu = 00:00:28 ; elapsed = 00:00:15 . Memory (MB): peak = 3359.586 ; gain = 0.000 ; free physical = 23380 ; free virtual = 64952

Phase 2.2 Pre Route Cleanup
Phase 2.2 Pre Route Cleanup | Checksum: 257995cdf

Time (s): cpu = 00:00:28 ; elapsed = 00:00:15 . Memory (MB): peak = 3359.586 ; gain = 0.000 ; free physical = 23379 ; free virtual = 64951
 Number of Nodes with overlaps = 0

Phase 2.3 Update Timing
Phase 2.3 Update Timing | Checksum: 20f928d49

Time (s): cpu = 00:00:50 ; elapsed = 00:00:21 . Memory (MB): peak = 3359.586 ; gain = 0.000 ; free physical = 23320 ; free virtual = 64903
INFO: [Route 35-416] Intermediate Timing Summary | WNS=-10.568| TNS=-17035.241| WHS=-0.135 | THS=-32.781|


Router Utilization Summary
  Global Vertical Routing Utilization    = 0 %
  Global Horizontal Routing Utilization  = 0 %
  Routable Net Status*
  *Does not include unroutable nets such as driverless and loadless.
  Run report_route_status for detailed report.
  Number of Failed Nets               = 73661
    (Failed Nets is the sum of unrouted and partially routed nets)
  Number of Unrouted Nets             = 73660
  Number of Partially Routed Nets     = 1
  Number of Node Overlaps             = 0

Phase 2 Router Initialization | Checksum: 221ad9ccf

Time (s): cpu = 00:00:59 ; elapsed = 00:00:24 . Memory (MB): peak = 3440.586 ; gain = 81.000 ; free physical = 23223 ; free virtual = 64808

Phase 3 Global Routing
Phase 3 Global Routing | Checksum: 221ad9ccf

Time (s): cpu = 00:00:59 ; elapsed = 00:00:24 . Memory (MB): peak = 3440.586 ; gain = 81.000 ; free physical = 23223 ; free virtual = 64808

Phase 4 Initial Routing

Phase 4.1 Initial Net Routing Pass
Phase 4.1 Initial Net Routing Pass | Checksum: 20e804d0d

Time (s): cpu = 00:01:36 ; elapsed = 00:00:32 . Memory (MB): peak = 3548.609 ; gain = 189.023 ; free physical = 23074 ; free virtual = 64668
Phase 4 Initial Routing | Checksum: 20e804d0d

Time (s): cpu = 00:01:36 ; elapsed = 00:00:32 . Memory (MB): peak = 3548.609 ; gain = 189.023 ; free physical = 23073 ; free virtual = 64668

Phase 5 Rip-up And Reroute

Phase 5.1 Global Iteration 0

Phase 5.1.1 Update Timing
Phase 5.1.1 Update Timing | Checksum: 1ea5281a9

Time (s): cpu = 00:01:44 ; elapsed = 00:00:35 . Memory (MB): peak = 3548.609 ; gain = 189.023 ; free physical = 23088 ; free virtual = 64689
WARNING: [Route 35-447] Congestion is preventing the router from routing all nets. The router will prioritize the successful completion of routing all nets over timing optimizations.
Phase 5.1 Global Iteration 0 | Checksum: 29e4cc413

Time (s): cpu = 00:01:53 ; elapsed = 00:00:37 . Memory (MB): peak = 3548.609 ; gain = 189.023 ; free physical = 23075 ; free virtual = 64679

Phase 5.2 Global Iteration 1
 Number of Nodes with overlaps = 61782
 Number of Nodes with overlaps = 31770
 Number of Nodes with overlaps = 18741
 Number of Nodes with overlaps = 13237
 Number of Nodes with overlaps = 10027
