
****** Vivado v2024.2.2 (64-bit)
  **** SW Build 6060944 on Thu Mar 06 19:10:09 MST 2025
  **** IP Build 6050500 on Thu Mar  6 23:33:39 MST 2025
  **** SharedData Build 6060542 on Thu Mar 06 10:31:07 MST 2025
  **** Start of session at: Mon Jun 29 11:08:12 2026
    ** Copyright 1986-2022 Xilinx, Inc. All Rights Reserved.
    ** Copyright 2022-2025 Advanced Micro Devices, Inc. All Rights Reserved.

Sourcing tcl script '/home/pjs/.Xilinx/Vivado/Vivado_init.tcl'
source scripts/build_gptalk_dma_bitstream.tcl
# set script_dir [file normalize [file dirname [info script]]]
# set repo_root [file normalize [file join $script_dir ..]]
# set project_xpr [file join $repo_root hw vivado_project GPTalk.xpr]
# set project_dir [file dirname $project_xpr]
# set log_dir [file join $repo_root logs]
# set report_dir [file join $repo_root reports]
# set docs_dir [file join $repo_root docs]
# set internal_docs_dir [file join $docs_dir internal]
# set export_dir [file join $project_dir export]
# file mkdir $log_dir
# file mkdir $report_dir
# file mkdir $docs_dir
# file mkdir $internal_docs_dir
# file mkdir $export_dir
# if {![file exists $project_xpr]} {
#     error "Active Vivado project is missing: $project_xpr"
# }
# proc env_default {name default_value} {
#     if {[info exists ::env($name)] && $::env($name) ne ""} {
#         return $::env($name)
#     }
#     return $default_value
# }
# proc clock_label {clk_mhz} {
#     if {[expr {abs($clk_mhz - round($clk_mhz)) < 0.001}]} {
#         return [format "%d" [expr {int(round($clk_mhz))}]]
#     }
#     set label [format "%.3f" $clk_mhz]
#     regsub {0+$} $label "" label
#     regsub {\.$} $label "" label
#     regsub -all {\.} $label "p" label
#     return $label
# }
# set pl_clk_mhz_raw [env_default GPTALK_PL_CLK_MHZ 50]
# if {![string is double -strict $pl_clk_mhz_raw]} {
#     error "GPTALK_PL_CLK_MHZ must be numeric, got: $pl_clk_mhz_raw"
# }
# set pl_clk_mhz [expr {double($pl_clk_mhz_raw)}]
# if {$pl_clk_mhz <= 0.0} {
#     error "GPTALK_PL_CLK_MHZ must be positive, got: $pl_clk_mhz_raw"
# }
# set clk_label [clock_label $pl_clk_mhz]
# set actual_freq_hz_raw [env_default GPTALK_PL_ACTUAL_FREQ_HZ [expr {int(round($pl_clk_mhz * 1000000.0))}]]
# if {![string is integer -strict $actual_freq_hz_raw] || $actual_freq_hz_raw <= 0} {
#     error "GPTALK_PL_ACTUAL_FREQ_HZ must be a positive integer, got: $actual_freq_hz_raw"
# }
# set actual_freq_hz $actual_freq_hz_raw
# set jobs_raw [env_default GPTALK_VIVADO_JOBS 8]
# if {![string is integer -strict $jobs_raw] || $jobs_raw <= 0} {
#     error "GPTALK_VIVADO_JOBS must be a positive integer, got: $jobs_raw"
# }
# set vivado_jobs $jobs_raw
# set fallback_log {}
# proc try_run_strategy {run_name label candidates} {
#     global fallback_log
#     foreach candidate $candidates {
#         if {[catch {set_property strategy $candidate [get_runs $run_name]} msg]} {
#             lappend fallback_log "$label fallback: $candidate rejected: $msg"
#         } else {
#             return $candidate
#         }
#     }
#     lappend fallback_log "$label fallback: no candidate accepted; leaving unchanged"
#     return "unchanged"
# }
# proc try_step_directive {run_name prop_name label candidates} {
#     global fallback_log
#     foreach candidate $candidates {
#         if {[catch {set_property $prop_name $candidate [get_runs $run_name]} msg]} {
#             lappend fallback_log "$label fallback: $candidate rejected: $msg"
#         } else {
#             return $candidate
#         }
#     }
#     lappend fallback_log "$label fallback: no candidate accepted; leaving unchanged"
#     return "unchanged"
# }
# proc report_or_warn {label command} {
#     if {[catch {uplevel 1 $command} msg]} {
#         puts "WARN: $label failed: $msg"
#         return 0
#     }
#     puts "REPORT_OK: $label"
#     return 1
# }
# proc assert_run_complete {run_name} {
#     set progress [get_property PROGRESS [get_runs $run_name]]
#     set status [get_property STATUS [get_runs $run_name]]
#     if {$progress ne "100%"} {
#         error "$run_name did not complete: progress=$progress status=$status"
#     }
#     if {![string match "*Complete*" $status]} {
#         error "$run_name failed: $status"
#     }
# }
# proc timing_slack_summary {delay_type} {
#     set worst "N/A"
#     set total 0.0
#     set count 0
#     set worst_paths [get_timing_paths -delay_type $delay_type -max_paths 1]
#     if {[llength $worst_paths] > 0} {
#         set worst [get_property SLACK [lindex $worst_paths 0]]
#     }
#     set violating_paths [get_timing_paths -delay_type $delay_type -slack_lesser_than 0 -max_paths 10000]
#     foreach path $violating_paths {
#         set slack [get_property SLACK $path]
#         if {[string is double -strict $slack] && $slack < 0.0} {
#             set total [expr {$total + double($slack)}]
#             incr count
#         }
#     }
#     return [list $worst $total $count]
# }
# set bd_name "design_1"
# set bd_file [file join $project_dir GPTalk.srcs sources_1 bd $bd_name ${bd_name}.bd]
# if {![file exists $bd_file]} {
#     error "Block design is missing: $bd_file"
# }
# set module_xci [file join $project_dir GPTalk.srcs sources_1 bd $bd_name ip design_1_gemv_q8_0_dma_top_0_0 design_1_gemv_q8_0_dma_top_0_0.xci]
# proc patch_freq_hz_file {path freq_hz} {
#     if {![file exists $path]} {
#         return 0
#     }
#     set fd [open $path r]
#     set text [read $fd]
#     close $fd
# 
#     set changed 0
#     set patch_next_value 0
#     set out_lines {}
#     foreach line [split $text "\n"] {
#         if {[string first "\"FREQ_HZ\"" $line] >= 0} {
#             if {[regsub {("value": *")[0-9]+(")} $line "\\1$freq_hz\\2" new_line]} {
#                 set line $new_line
#                 set changed 1
#                 set patch_next_value 0
#             } else {
#                 set patch_next_value 1
#             }
#         } elseif {$patch_next_value} {
#             if {[regsub {("value": *")[0-9]+(")} $line "\\1$freq_hz\\2" new_line]} {
#                 set line $new_line
#                 set changed 1
#                 set patch_next_value 0
#             }
#         }
#         lappend out_lines $line
#     }
# 
#     if {$changed} {
#         set fd [open $path w]
#         puts -nonewline $fd [join $out_lines "\n"]
#         close $fd
#     }
#     return $changed
# }
# patch_freq_hz_file $bd_file $actual_freq_hz
# patch_freq_hz_file $module_xci $actual_freq_hz
# open_project $project_xpr
Scanning sources...
Finished scanning sources
INFO: [IP_Flow 19-234] Refreshing IP repositories
INFO: [IP_Flow 19-1704] No user IP repositories specified
INFO: [IP_Flow 19-2313] Loaded Vivado IP repository '/tools/Xilinx/Vivado/2024.2/data/ip'.
WARNING: [BD 41-2576] File '/home/pjs/Desktop/smollm2-zybo/hw/vivado_project/GPTalk.gen/sources_1/bd/design_1/ip/design_1_axi_ctrl_smc_0/bd_0/ip/ip_0/bd_01d9_one_0.xci' referenced by design 'bd_01d9' could not be found.
WARNING: [BD 41-2576] File '/home/pjs/Desktop/smollm2-zybo/hw/vivado_project/GPTalk.gen/sources_1/bd/design_1/ip/design_1_axi_ctrl_smc_0/bd_0/ip/ip_1/bd_01d9_psr_aclk_0.xci' referenced by design 'bd_01d9' could not be found.
WARNING: [BD 41-2576] File '/home/pjs/Desktop/smollm2-zybo/hw/vivado_project/GPTalk.gen/sources_1/bd/design_1/ip/design_1_axi_ctrl_smc_0/bd_0/ip/ip_2/bd_01d9_arsw_0.xci' referenced by design 'bd_01d9' could not be found.
WARNING: [BD 41-2576] File '/home/pjs/Desktop/smollm2-zybo/hw/vivado_project/GPTalk.gen/sources_1/bd/design_1/ip/design_1_axi_ctrl_smc_0/bd_0/ip/ip_3/bd_01d9_rsw_0.xci' referenced by design 'bd_01d9' could not be found.
WARNING: [BD 41-2576] File '/home/pjs/Desktop/smollm2-zybo/hw/vivado_project/GPTalk.gen/sources_1/bd/design_1/ip/design_1_axi_ctrl_smc_0/bd_0/ip/ip_4/bd_01d9_awsw_0.xci' referenced by design 'bd_01d9' could not be found.
WARNING: [BD 41-2576] File '/home/pjs/Desktop/smollm2-zybo/hw/vivado_project/GPTalk.gen/sources_1/bd/design_1/ip/design_1_axi_ctrl_smc_0/bd_0/ip/ip_5/bd_01d9_wsw_0.xci' referenced by design 'bd_01d9' could not be found.
WARNING: [BD 41-2576] File '/home/pjs/Desktop/smollm2-zybo/hw/vivado_project/GPTalk.gen/sources_1/bd/design_1/ip/design_1_axi_ctrl_smc_0/bd_0/ip/ip_6/bd_01d9_bsw_0.xci' referenced by design 'bd_01d9' could not be found.
WARNING: [BD 41-2576] File '/home/pjs/Desktop/smollm2-zybo/hw/vivado_project/GPTalk.gen/sources_1/bd/design_1/ip/design_1_axi_ctrl_smc_0/bd_0/ip/ip_7/bd_01d9_s00mmu_0.xci' referenced by design 'bd_01d9' could not be found.
WARNING: [BD 41-2576] File '/home/pjs/Desktop/smollm2-zybo/hw/vivado_project/GPTalk.gen/sources_1/bd/design_1/ip/design_1_axi_ctrl_smc_0/bd_0/ip/ip_8/bd_01d9_s00tr_0.xci' referenced by design 'bd_01d9' could not be found.
WARNING: [BD 41-2576] File '/home/pjs/Desktop/smollm2-zybo/hw/vivado_project/GPTalk.gen/sources_1/bd/design_1/ip/design_1_axi_ctrl_smc_0/bd_0/ip/ip_9/bd_01d9_s00sic_0.xci' referenced by design 'bd_01d9' could not be found.
WARNING: [BD 41-2576] File '/home/pjs/Desktop/smollm2-zybo/hw/vivado_project/GPTalk.gen/sources_1/bd/design_1/ip/design_1_axi_ctrl_smc_0/bd_0/ip/ip_10/bd_01d9_s00a2s_0.xci' referenced by design 'bd_01d9' could not be found.
WARNING: [BD 41-2576] File '/home/pjs/Desktop/smollm2-zybo/hw/vivado_project/GPTalk.gen/sources_1/bd/design_1/ip/design_1_axi_ctrl_smc_0/bd_0/ip/ip_11/bd_01d9_sarn_0.xci' referenced by design 'bd_01d9' could not be found.
WARNING: [BD 41-2576] File '/home/pjs/Desktop/smollm2-zybo/hw/vivado_project/GPTalk.gen/sources_1/bd/design_1/ip/design_1_axi_ctrl_smc_0/bd_0/ip/ip_12/bd_01d9_srn_0.xci' referenced by design 'bd_01d9' could not be found.
WARNING: [BD 41-2576] File '/home/pjs/Desktop/smollm2-zybo/hw/vivado_project/GPTalk.gen/sources_1/bd/design_1/ip/design_1_axi_ctrl_smc_0/bd_0/ip/ip_13/bd_01d9_sawn_0.xci' referenced by design 'bd_01d9' could not be found.
WARNING: [BD 41-2576] File '/home/pjs/Desktop/smollm2-zybo/hw/vivado_project/GPTalk.gen/sources_1/bd/design_1/ip/design_1_axi_ctrl_smc_0/bd_0/ip/ip_14/bd_01d9_swn_0.xci' referenced by design 'bd_01d9' could not be found.
WARNING: [BD 41-2576] File '/home/pjs/Desktop/smollm2-zybo/hw/vivado_project/GPTalk.gen/sources_1/bd/design_1/ip/design_1_axi_ctrl_smc_0/bd_0/ip/ip_15/bd_01d9_sbn_0.xci' referenced by design 'bd_01d9' could not be found.
WARNING: [BD 41-2576] File '/home/pjs/Desktop/smollm2-zybo/hw/vivado_project/GPTalk.gen/sources_1/bd/design_1/ip/design_1_axi_ctrl_smc_0/bd_0/ip/ip_16/bd_01d9_m00s2a_0.xci' referenced by design 'bd_01d9' could not be found.
WARNING: [BD 41-2576] File '/home/pjs/Desktop/smollm2-zybo/hw/vivado_project/GPTalk.gen/sources_1/bd/design_1/ip/design_1_axi_ctrl_smc_0/bd_0/ip/ip_17/bd_01d9_m00arn_0.xci' referenced by design 'bd_01d9' could not be found.
WARNING: [BD 41-2576] File '/home/pjs/Desktop/smollm2-zybo/hw/vivado_project/GPTalk.gen/sources_1/bd/design_1/ip/design_1_axi_ctrl_smc_0/bd_0/ip/ip_18/bd_01d9_m00rn_0.xci' referenced by design 'bd_01d9' could not be found.
WARNING: [BD 41-2576] File '/home/pjs/Desktop/smollm2-zybo/hw/vivado_project/GPTalk.gen/sources_1/bd/design_1/ip/design_1_axi_ctrl_smc_0/bd_0/ip/ip_19/bd_01d9_m00awn_0.xci' referenced by design 'bd_01d9' could not be found.
WARNING: [BD 41-2576] File '/home/pjs/Desktop/smollm2-zybo/hw/vivado_project/GPTalk.gen/sources_1/bd/design_1/ip/design_1_axi_ctrl_smc_0/bd_0/ip/ip_20/bd_01d9_m00wn_0.xci' referenced by design 'bd_01d9' could not be found.
WARNING: [BD 41-2576] File '/home/pjs/Desktop/smollm2-zybo/hw/vivado_project/GPTalk.gen/sources_1/bd/design_1/ip/design_1_axi_ctrl_smc_0/bd_0/ip/ip_21/bd_01d9_m00bn_0.xci' referenced by design 'bd_01d9' could not be found.
WARNING: [BD 41-2576] File '/home/pjs/Desktop/smollm2-zybo/hw/vivado_project/GPTalk.gen/sources_1/bd/design_1/ip/design_1_axi_ctrl_smc_0/bd_0/ip/ip_22/bd_01d9_m00e_0.xci' referenced by design 'bd_01d9' could not be found.
WARNING: [BD 41-2576] File '/home/pjs/Desktop/smollm2-zybo/hw/vivado_project/GPTalk.gen/sources_1/bd/design_1/ip/design_1_axi_ctrl_smc_0/bd_0/ip/ip_23/bd_01d9_m01s2a_0.xci' referenced by design 'bd_01d9' could not be found.
WARNING: [BD 41-2576] File '/home/pjs/Desktop/smollm2-zybo/hw/vivado_project/GPTalk.gen/sources_1/bd/design_1/ip/design_1_axi_ctrl_smc_0/bd_0/ip/ip_24/bd_01d9_m01arn_0.xci' referenced by design 'bd_01d9' could not be found.
WARNING: [BD 41-2576] File '/home/pjs/Desktop/smollm2-zybo/hw/vivado_project/GPTalk.gen/sources_1/bd/design_1/ip/design_1_axi_ctrl_smc_0/bd_0/ip/ip_25/bd_01d9_m01rn_0.xci' referenced by design 'bd_01d9' could not be found.
WARNING: [BD 41-2576] File '/home/pjs/Desktop/smollm2-zybo/hw/vivado_project/GPTalk.gen/sources_1/bd/design_1/ip/design_1_axi_ctrl_smc_0/bd_0/ip/ip_26/bd_01d9_m01awn_0.xci' referenced by design 'bd_01d9' could not be found.
WARNING: [BD 41-2576] File '/home/pjs/Desktop/smollm2-zybo/hw/vivado_project/GPTalk.gen/sources_1/bd/design_1/ip/design_1_axi_ctrl_smc_0/bd_0/ip/ip_27/bd_01d9_m01wn_0.xci' referenced by design 'bd_01d9' could not be found.
WARNING: [BD 41-2576] File '/home/pjs/Desktop/smollm2-zybo/hw/vivado_project/GPTalk.gen/sources_1/bd/design_1/ip/design_1_axi_ctrl_smc_0/bd_0/ip/ip_28/bd_01d9_m01bn_0.xci' referenced by design 'bd_01d9' could not be found.
WARNING: [BD 41-2576] File '/home/pjs/Desktop/smollm2-zybo/hw/vivado_project/GPTalk.gen/sources_1/bd/design_1/ip/design_1_axi_ctrl_smc_0/bd_0/ip/ip_29/bd_01d9_m01e_0.xci' referenced by design 'bd_01d9' could not be found.
WARNING: [BD 41-2576] File '/home/pjs/Desktop/smollm2-zybo/hw/vivado_project/GPTalk.gen/sources_1/bd/design_1/ip/design_1_axi_ctrl_smc_0/bd_0/ip/ip_30/bd_01d9_m02s2a_0.xci' referenced by design 'bd_01d9' could not be found.
WARNING: [BD 41-2576] File '/home/pjs/Desktop/smollm2-zybo/hw/vivado_project/GPTalk.gen/sources_1/bd/design_1/ip/design_1_axi_ctrl_smc_0/bd_0/ip/ip_31/bd_01d9_m02arn_0.xci' referenced by design 'bd_01d9' could not be found.
WARNING: [BD 41-2576] File '/home/pjs/Desktop/smollm2-zybo/hw/vivado_project/GPTalk.gen/sources_1/bd/design_1/ip/design_1_axi_ctrl_smc_0/bd_0/ip/ip_32/bd_01d9_m02rn_0.xci' referenced by design 'bd_01d9' could not be found.
WARNING: [BD 41-2576] File '/home/pjs/Desktop/smollm2-zybo/hw/vivado_project/GPTalk.gen/sources_1/bd/design_1/ip/design_1_axi_ctrl_smc_0/bd_0/ip/ip_33/bd_01d9_m02awn_0.xci' referenced by design 'bd_01d9' could not be found.
WARNING: [BD 41-2576] File '/home/pjs/Desktop/smollm2-zybo/hw/vivado_project/GPTalk.gen/sources_1/bd/design_1/ip/design_1_axi_ctrl_smc_0/bd_0/ip/ip_34/bd_01d9_m02wn_0.xci' referenced by design 'bd_01d9' could not be found.
WARNING: [BD 41-2576] File '/home/pjs/Desktop/smollm2-zybo/hw/vivado_project/GPTalk.gen/sources_1/bd/design_1/ip/design_1_axi_ctrl_smc_0/bd_0/ip/ip_35/bd_01d9_m02bn_0.xci' referenced by design 'bd_01d9' could not be found.
WARNING: [BD 41-2576] File '/home/pjs/Desktop/smollm2-zybo/hw/vivado_project/GPTalk.gen/sources_1/bd/design_1/ip/design_1_axi_ctrl_smc_0/bd_0/ip/ip_36/bd_01d9_m02e_0.xci' referenced by design 'bd_01d9' could not be found.
WARNING: [BD 41-2576] File '/home/pjs/Desktop/smollm2-zybo/hw/vivado_project/GPTalk.gen/sources_1/bd/design_1/ip/design_1_axi_hp0_smc_0/bd_0/ip/ip_0/bd_9c81_one_0.xci' referenced by design 'bd_9c81' could not be found.
WARNING: [BD 41-2576] File '/home/pjs/Desktop/smollm2-zybo/hw/vivado_project/GPTalk.gen/sources_1/bd/design_1/ip/design_1_axi_hp0_smc_0/bd_0/ip/ip_1/bd_9c81_psr_aclk_0.xci' referenced by design 'bd_9c81' could not be found.
WARNING: [BD 41-2576] File '/home/pjs/Desktop/smollm2-zybo/hw/vivado_project/GPTalk.gen/sources_1/bd/design_1/ip/design_1_axi_hp0_smc_0/bd_0/ip/ip_2/bd_9c81_arsw_0.xci' referenced by design 'bd_9c81' could not be found.
WARNING: [BD 41-2576] File '/home/pjs/Desktop/smollm2-zybo/hw/vivado_project/GPTalk.gen/sources_1/bd/design_1/ip/design_1_axi_hp0_smc_0/bd_0/ip/ip_3/bd_9c81_rsw_0.xci' referenced by design 'bd_9c81' could not be found.
WARNING: [BD 41-2576] File '/home/pjs/Desktop/smollm2-zybo/hw/vivado_project/GPTalk.gen/sources_1/bd/design_1/ip/design_1_axi_hp0_smc_0/bd_0/ip/ip_4/bd_9c81_awsw_0.xci' referenced by design 'bd_9c81' could not be found.
WARNING: [BD 41-2576] File '/home/pjs/Desktop/smollm2-zybo/hw/vivado_project/GPTalk.gen/sources_1/bd/design_1/ip/design_1_axi_hp0_smc_0/bd_0/ip/ip_5/bd_9c81_wsw_0.xci' referenced by design 'bd_9c81' could not be found.
WARNING: [BD 41-2576] File '/home/pjs/Desktop/smollm2-zybo/hw/vivado_project/GPTalk.gen/sources_1/bd/design_1/ip/design_1_axi_hp0_smc_0/bd_0/ip/ip_6/bd_9c81_bsw_0.xci' referenced by design 'bd_9c81' could not be found.
WARNING: [BD 41-2576] File '/home/pjs/Desktop/smollm2-zybo/hw/vivado_project/GPTalk.gen/sources_1/bd/design_1/ip/design_1_axi_hp0_smc_0/bd_0/ip/ip_7/bd_9c81_s00mmu_0.xci' referenced by design 'bd_9c81' could not be found.
WARNING: [BD 41-2576] File '/home/pjs/Desktop/smollm2-zybo/hw/vivado_project/GPTalk.gen/sources_1/bd/design_1/ip/design_1_axi_hp0_smc_0/bd_0/ip/ip_8/bd_9c81_s00tr_0.xci' referenced by design 'bd_9c81' could not be found.
WARNING: [BD 41-2576] File '/home/pjs/Desktop/smollm2-zybo/hw/vivado_project/GPTalk.gen/sources_1/bd/design_1/ip/design_1_axi_hp0_smc_0/bd_0/ip/ip_9/bd_9c81_s00sic_0.xci' referenced by design 'bd_9c81' could not be found.
WARNING: [BD 41-2576] File '/home/pjs/Desktop/smollm2-zybo/hw/vivado_project/GPTalk.gen/sources_1/bd/design_1/ip/design_1_axi_hp0_smc_0/bd_0/ip/ip_10/bd_9c81_s00a2s_0.xci' referenced by design 'bd_9c81' could not be found.
WARNING: [BD 41-2576] File '/home/pjs/Desktop/smollm2-zybo/hw/vivado_project/GPTalk.gen/sources_1/bd/design_1/ip/design_1_axi_hp0_smc_0/bd_0/ip/ip_11/bd_9c81_sarn_0.xci' referenced by design 'bd_9c81' could not be found.
WARNING: [BD 41-2576] File '/home/pjs/Desktop/smollm2-zybo/hw/vivado_project/GPTalk.gen/sources_1/bd/design_1/ip/design_1_axi_hp0_smc_0/bd_0/ip/ip_12/bd_9c81_srn_0.xci' referenced by design 'bd_9c81' could not be found.
WARNING: [BD 41-2576] File '/home/pjs/Desktop/smollm2-zybo/hw/vivado_project/GPTalk.gen/sources_1/bd/design_1/ip/design_1_axi_hp0_smc_0/bd_0/ip/ip_13/bd_9c81_s01mmu_0.xci' referenced by design 'bd_9c81' could not be found.
WARNING: [BD 41-2576] File '/home/pjs/Desktop/smollm2-zybo/hw/vivado_project/GPTalk.gen/sources_1/bd/design_1/ip/design_1_axi_hp0_smc_0/bd_0/ip/ip_14/bd_9c81_s01tr_0.xci' referenced by design 'bd_9c81' could not be found.
WARNING: [BD 41-2576] File '/home/pjs/Desktop/smollm2-zybo/hw/vivado_project/GPTalk.gen/sources_1/bd/design_1/ip/design_1_axi_hp0_smc_0/bd_0/ip/ip_15/bd_9c81_s01sic_0.xci' referenced by design 'bd_9c81' could not be found.
WARNING: [BD 41-2576] File '/home/pjs/Desktop/smollm2-zybo/hw/vivado_project/GPTalk.gen/sources_1/bd/design_1/ip/design_1_axi_hp0_smc_0/bd_0/ip/ip_16/bd_9c81_s01a2s_0.xci' referenced by design 'bd_9c81' could not be found.
WARNING: [BD 41-2576] File '/home/pjs/Desktop/smollm2-zybo/hw/vivado_project/GPTalk.gen/sources_1/bd/design_1/ip/design_1_axi_hp0_smc_0/bd_0/ip/ip_17/bd_9c81_sawn_0.xci' referenced by design 'bd_9c81' could not be found.
WARNING: [BD 41-2576] File '/home/pjs/Desktop/smollm2-zybo/hw/vivado_project/GPTalk.gen/sources_1/bd/design_1/ip/design_1_axi_hp0_smc_0/bd_0/ip/ip_18/bd_9c81_swn_0.xci' referenced by design 'bd_9c81' could not be found.
WARNING: [BD 41-2576] File '/home/pjs/Desktop/smollm2-zybo/hw/vivado_project/GPTalk.gen/sources_1/bd/design_1/ip/design_1_axi_hp0_smc_0/bd_0/ip/ip_19/bd_9c81_sbn_0.xci' referenced by design 'bd_9c81' could not be found.
WARNING: [BD 41-2576] File '/home/pjs/Desktop/smollm2-zybo/hw/vivado_project/GPTalk.gen/sources_1/bd/design_1/ip/design_1_axi_hp0_smc_0/bd_0/ip/ip_20/bd_9c81_m00s2a_0.xci' referenced by design 'bd_9c81' could not be found.
WARNING: [BD 41-2576] File '/home/pjs/Desktop/smollm2-zybo/hw/vivado_project/GPTalk.gen/sources_1/bd/design_1/ip/design_1_axi_hp0_smc_0/bd_0/ip/ip_21/bd_9c81_m00arn_0.xci' referenced by design 'bd_9c81' could not be found.
WARNING: [BD 41-2576] File '/home/pjs/Desktop/smollm2-zybo/hw/vivado_project/GPTalk.gen/sources_1/bd/design_1/ip/design_1_axi_hp0_smc_0/bd_0/ip/ip_22/bd_9c81_m00rn_0.xci' referenced by design 'bd_9c81' could not be found.
WARNING: [BD 41-2576] File '/home/pjs/Desktop/smollm2-zybo/hw/vivado_project/GPTalk.gen/sources_1/bd/design_1/ip/design_1_axi_hp0_smc_0/bd_0/ip/ip_23/bd_9c81_m00awn_0.xci' referenced by design 'bd_9c81' could not be found.
WARNING: [BD 41-2576] File '/home/pjs/Desktop/smollm2-zybo/hw/vivado_project/GPTalk.gen/sources_1/bd/design_1/ip/design_1_axi_hp0_smc_0/bd_0/ip/ip_24/bd_9c81_m00wn_0.xci' referenced by design 'bd_9c81' could not be found.
WARNING: [BD 41-2576] File '/home/pjs/Desktop/smollm2-zybo/hw/vivado_project/GPTalk.gen/sources_1/bd/design_1/ip/design_1_axi_hp0_smc_0/bd_0/ip/ip_25/bd_9c81_m00bn_0.xci' referenced by design 'bd_9c81' could not be found.
WARNING: [BD 41-2576] File '/home/pjs/Desktop/smollm2-zybo/hw/vivado_project/GPTalk.gen/sources_1/bd/design_1/ip/design_1_axi_hp0_smc_0/bd_0/ip/ip_26/bd_9c81_m00e_0.xci' referenced by design 'bd_9c81' could not be found.
# set_property target_language Verilog [current_project]
# open_bd_design /home/pjs/Desktop/smollm2-zybo/hw/vivado_project/GPTalk.srcs/sources_1/bd/design_1/design_1.bd
Reading block design file </home/pjs/Desktop/smollm2-zybo/hw/vivado_project/GPTalk.srcs/sources_1/bd/design_1/design_1.bd>...
Adding component instance block -- xilinx.com:ip:processing_system7:5.5 - processing_system7_0
Adding component instance block -- xilinx.com:ip:proc_sys_reset:5.0 - rst_ps7_0_50M
Adding component instance block -- xilinx.com:ip:smartconnect:1.0 - axi_ctrl_smc
Adding component instance block -- xilinx.com:ip:smartconnect:1.0 - axi_hp0_smc
Adding component instance block -- xilinx.com:ip:axi_dma:7.1 - axi_dma_0
Adding component instance block -- xilinx.com:ip:axis_data_fifo:2.0 - mm2s_axis_fifo
Adding component instance block -- xilinx.com:ip:axis_data_fifo:2.0 - s2mm_axis_fifo
Adding component instance block -- xilinx.com:ip:axi_bram_ctrl:4.1 - axi_input_bram_ctrl
Adding component instance block -- xilinx.com:ip:blk_mem_gen:8.4 - input_vector_bram
Adding component instance block -- xilinx.com:module_ref:gemv_q8_0_dma_top:1.0 - gemv_q8_0_dma_top_0
Successfully read diagram <design_1> from block design file </home/pjs/Desktop/smollm2-zybo/hw/vivado_project/GPTalk.srcs/sources_1/bd/design_1/design_1.bd>
INFO: [Ipptcl 7-1463] No Compatible Board Interface found. Board Tab not created in customize GUI
INFO: [BD 41-433] Design successfully migrated to use XCI files...
INFO: [Ipptcl 7-1463] No Compatible Board Interface found. Board Tab not created in customize GUI
INFO: [BD 41-433] Design successfully migrated to use XCI files...
# set ps7 [get_bd_cells -quiet processing_system7_0]
# if {[llength $ps7] == 0} {
#     error "processing_system7_0 is missing from $bd_name"
# }
# if {[llength [get_bd_cells -quiet gemv_q8_0_dma_top_0]]} {
#     catch {update_module_reference [get_bd_cells gemv_q8_0_dma_top_0]}
# }
# set_property CONFIG.PCW_FPGA0_PERIPHERAL_FREQMHZ [format "%.6f" $pl_clk_mhz] $ps7
CRITICAL WARNING: [PSU-1]  Parameter : PCW_UIPARAM_DDR_DQS_TO_CLK_DELAY_0 has negative value -0.050 . PS DDR interfaces might fail when entering negative DQS skew values. 
CRITICAL WARNING: [PSU-2]  Parameter : PCW_UIPARAM_DDR_DQS_TO_CLK_DELAY_1 has negative value -0.044 . PS DDR interfaces might fail when entering negative DQS skew values. 
CRITICAL WARNING: [PSU-3]  Parameter : PCW_UIPARAM_DDR_DQS_TO_CLK_DELAY_2 has negative value -0.035 . PS DDR interfaces might fail when entering negative DQS skew values. 
CRITICAL WARNING: [PSU-4]  Parameter : PCW_UIPARAM_DDR_DQS_TO_CLK_DELAY_3 has negative value -0.100 . PS DDR interfaces might fail when entering negative DQS skew values. 
CRITICAL WARNING: [PSU-1]  Parameter : PCW_UIPARAM_DDR_DQS_TO_CLK_DELAY_0 has negative value -0.050 . PS DDR interfaces might fail when entering negative DQS skew values. 
CRITICAL WARNING: [PSU-2]  Parameter : PCW_UIPARAM_DDR_DQS_TO_CLK_DELAY_1 has negative value -0.044 . PS DDR interfaces might fail when entering negative DQS skew values. 
CRITICAL WARNING: [PSU-3]  Parameter : PCW_UIPARAM_DDR_DQS_TO_CLK_DELAY_2 has negative value -0.035 . PS DDR interfaces might fail when entering negative DQS skew values. 
CRITICAL WARNING: [PSU-4]  Parameter : PCW_UIPARAM_DDR_DQS_TO_CLK_DELAY_3 has negative value -0.100 . PS DDR interfaces might fail when entering negative DQS skew values. 
# set fclk0 [get_bd_pins -quiet processing_system7_0/FCLK_CLK0]
# if {[llength $fclk0]} {
#     set fclk_freq [get_property -quiet CONFIG.FREQ_HZ $fclk0]
#     if {$fclk_freq ne "" && $fclk_freq ne $actual_freq_hz} {
#         puts "WARN: requested actual FREQ_HZ $actual_freq_hz differs from PS FCLK_CLK0 $fclk_freq"
#     }
# }
# foreach intf_name [list \
#     gemv_q8_0_dma_top_0/S_AXI \
#     gemv_q8_0_dma_top_0/S_AXIS \
#     gemv_q8_0_dma_top_0/M_AXIS \
# ] {
#     set intf_pin [get_bd_intf_pins -quiet $intf_name]
#     if {[llength $intf_pin]} {
#         # FREQ_HZ is read-only on module_ref pins after import; it is patched
#         # in the BD/XCI metadata before open_bd_design.
#     }
# }
# set gemv_clk [get_bd_pins -quiet gemv_q8_0_dma_top_0/S_AXI_ACLK]
# if {[llength $gemv_clk]} {
#     # See module_ref metadata patch above.
# }
# validate_bd_design
CRITICAL WARNING: [PSU-1]  Parameter : PCW_UIPARAM_DDR_DQS_TO_CLK_DELAY_0 has negative value -0.050 . PS DDR interfaces might fail when entering negative DQS skew values. 
CRITICAL WARNING: [PSU-2]  Parameter : PCW_UIPARAM_DDR_DQS_TO_CLK_DELAY_1 has negative value -0.044 . PS DDR interfaces might fail when entering negative DQS skew values. 
CRITICAL WARNING: [PSU-3]  Parameter : PCW_UIPARAM_DDR_DQS_TO_CLK_DELAY_2 has negative value -0.035 . PS DDR interfaces might fail when entering negative DQS skew values. 
CRITICAL WARNING: [PSU-4]  Parameter : PCW_UIPARAM_DDR_DQS_TO_CLK_DELAY_3 has negative value -0.100 . PS DDR interfaces might fail when entering negative DQS skew values. 
INFO: [BD 5-943] Reserving offset range <0x43C0_0000 [ 4K ]> from slave interface '/axi_ctrl_smc/S00_AXI' to master interface '/axi_ctrl_smc/M00_AXI'. This will be used by smartconnect on path for routing.
INFO: [BD 5-943] Reserving offset range <0x4040_0000 [ 64K ]> from slave interface '/axi_ctrl_smc/S00_AXI' to master interface '/axi_ctrl_smc/M01_AXI'. This will be used by smartconnect on path for routing.
INFO: [BD 5-943] Reserving offset range <0x4200_0000 [ 64K ]> from slave interface '/axi_ctrl_smc/S00_AXI' to master interface '/axi_ctrl_smc/M02_AXI'. This will be used by smartconnect on path for routing.
INFO: [xilinx.com:ip:smartconnect:1.0-1] design_1_axi_ctrl_smc_0: SmartConnect design_1_axi_ctrl_smc_0 is in High-performance Mode.
INFO: [Ipptcl 7-1463] No Compatible Board Interface found. Board Tab not created in customize GUI
INFO: [BD 5-943] Reserving offset range <0x0000_0000 [ 1G ]> from slave interface '/axi_hp0_smc/S00_AXI' to master interface '/axi_hp0_smc/M00_AXI'. This will be used by smartconnect on path for routing.
INFO: [BD 5-943] Reserving offset range <0x0000_0000 [ 1G ]> from slave interface '/axi_hp0_smc/S01_AXI' to master interface '/axi_hp0_smc/M00_AXI'. This will be used by smartconnect on path for routing.
INFO: [xilinx.com:ip:smartconnect:1.0-1] design_1_axi_hp0_smc_0: SmartConnect design_1_axi_hp0_smc_0 is in High-performance Mode.
WARNING: [filemgmt 56-443] The ECC Algorithm string is empty. Setting the Memory Map to default ECC value to ECC_NONE.
# save_bd_design
Wrote  : </home/pjs/Desktop/smollm2-zybo/hw/vivado_project/GPTalk.srcs/sources_1/bd/design_1/design_1.bd> 
# generate_target all [get_files $bd_file]
INFO: [BD 41-1662] The design 'design_1.bd' is already validated. Therefore parameter propagation will not be re-run.
WARNING: [filemgmt 56-443] The ECC Algorithm string is empty. Setting the Memory Map to default ECC value to ECC_NONE.
WARNING: [filemgmt 56-443] The ECC Algorithm string is empty. Setting the Memory Map to default ECC value to ECC_NONE.
WARNING: [BD 41-2384] Width mismatch when connecting pin: '/input_vector_bram/addra'(32) to pin: '/axi_input_bram_ctrl/bram_addr_a'(16) - Only lower order bits will be connected.
Verilog Output written to : /home/pjs/Desktop/smollm2-zybo/hw/vivado_project/GPTalk.gen/sources_1/bd/design_1/synth/design_1.v
WARNING: [BD 41-2384] Width mismatch when connecting pin: '/input_vector_bram/addra'(32) to pin: '/axi_input_bram_ctrl/bram_addr_a'(16) - Only lower order bits will be connected.
Verilog Output written to : /home/pjs/Desktop/smollm2-zybo/hw/vivado_project/GPTalk.gen/sources_1/bd/design_1/sim/design_1.v
Verilog Output written to : /home/pjs/Desktop/smollm2-zybo/hw/vivado_project/GPTalk.gen/sources_1/bd/design_1/hdl/design_1_wrapper.v
INFO: [IP_Flow 19-5611] Unable to find an associated reset port for the interface 'M_AXI_GP0'. A default connection has been created.
INFO: [IP_Flow 19-5611] Unable to find an associated reset port for the interface 'S_AXI_HP0'. A default connection has been created.
INFO: [BD 41-1029] Generation completed for the IP Integrator block processing_system7_0 .
INFO: [BD 41-1029] Generation completed for the IP Integrator block rst_ps7_0_50M .
Exporting to file /home/pjs/Desktop/smollm2-zybo/hw/vivado_project/GPTalk.gen/sources_1/bd/design_1/ip/design_1_axi_ctrl_smc_0/bd_0/hw_handoff/design_1_axi_ctrl_smc_0.hwh
Generated Hardware Definition File /home/pjs/Desktop/smollm2-zybo/hw/vivado_project/GPTalk.gen/sources_1/bd/design_1/ip/design_1_axi_ctrl_smc_0/bd_0/synth/design_1_axi_ctrl_smc_0.hwdef
INFO: [BD 41-1029] Generation completed for the IP Integrator block axi_ctrl_smc .
Exporting to file /home/pjs/Desktop/smollm2-zybo/hw/vivado_project/GPTalk.gen/sources_1/bd/design_1/ip/design_1_axi_hp0_smc_0/bd_0/hw_handoff/design_1_axi_hp0_smc_0.hwh
Generated Hardware Definition File /home/pjs/Desktop/smollm2-zybo/hw/vivado_project/GPTalk.gen/sources_1/bd/design_1/ip/design_1_axi_hp0_smc_0/bd_0/synth/design_1_axi_hp0_smc_0.hwdef
INFO: [BD 41-1029] Generation completed for the IP Integrator block axi_hp0_smc .
INFO: [BD 41-1029] Generation completed for the IP Integrator block axi_dma_0 .
INFO: [BD 41-1029] Generation completed for the IP Integrator block mm2s_axis_fifo .
INFO: [BD 41-1029] Generation completed for the IP Integrator block s2mm_axis_fifo .
INFO: [BD 41-1029] Generation completed for the IP Integrator block axi_input_bram_ctrl .
INFO: [BD 41-1029] Generation completed for the IP Integrator block gemv_q8_0_dma_top_0 .
Exporting to file /home/pjs/Desktop/smollm2-zybo/hw/vivado_project/GPTalk.gen/sources_1/bd/design_1/hw_handoff/design_1.hwh
Generated Hardware Definition File /home/pjs/Desktop/smollm2-zybo/hw/vivado_project/GPTalk.gen/sources_1/bd/design_1/synth/design_1.hwdef
generate_target: Time (s): cpu = 00:00:10 ; elapsed = 00:00:10 . Memory (MB): peak = 1786.535 ; gain = 0.000 ; free physical = 54064 ; free virtual = 66051
# update_compile_order -fileset sources_1
# if {[llength [get_files -quiet [file join $project_dir GPTalk.gen sources_1 bd $bd_name hdl ${bd_name}_wrapper.v]]]} {
#     set_property top ${bd_name}_wrapper [current_fileset]
# }
# set synth_strategy [try_run_strategy synth_1 "synth_1 strategy" [list \
#     "Flow_PerfOptimized_high" \
#     "Flow_AreaOptimized_high" \
#     "Vivado Synthesis Defaults" \
# ]]
# set impl_strategy [try_run_strategy impl_1 "impl_1 strategy" [list \
#     "Performance_ExplorePostRoutePhysOpt" \
#     "Performance_Explore" \
#     "Performance_NetDelay_high" \
#     "Performance_WLBlockPlacement" \
#     "Vivado Implementation Defaults" \
# ]]
# set opt_directive [try_step_directive impl_1 STEPS.OPT_DESIGN.ARGS.DIRECTIVE "opt_design directive" [list Explore ExploreWithRemap AddRemap Default]]
# set place_directive [try_step_directive impl_1 STEPS.PLACE_DESIGN.ARGS.DIRECTIVE "place_design directive" [list ExtraNetDelay_high ExtraPostPlacementOpt Explore WLDrivenBlockPlacement Default]]
# set phys_directive [try_step_directive impl_1 STEPS.PHYS_OPT_DESIGN.ARGS.DIRECTIVE "phys_opt_design directive" [list AggressiveExplore Explore AggressiveFanoutOpt Default]]
# set route_directive [try_step_directive impl_1 STEPS.ROUTE_DESIGN.ARGS.DIRECTIVE "route_design directive" [list AggressiveExplore Explore NoTimingRelaxation Default]]
# if {[catch {set_property STEPS.PHYS_OPT_DESIGN.IS_ENABLED true [get_runs impl_1]} msg]} {
#     lappend fallback_log "phys_opt_design enable rejected: $msg"
# }
# if {[catch {set_property STEPS.POST_ROUTE_PHYS_OPT_DESIGN.IS_ENABLED true [get_runs impl_1]} msg]} {
#     lappend fallback_log "post_route_phys_opt_design enable rejected: $msg"
# }
# set post_route_phys_directive [try_step_directive impl_1 STEPS.POST_ROUTE_PHYS_OPT_DESIGN.ARGS.DIRECTIVE "post_route_phys_opt_design directive" [list AggressiveExplore Explore Default]]
# set strategy_log [file join $log_dir vivado_impl_strategy.txt]
# set strategy_fd [open $strategy_log w]
# puts $strategy_fd "GPTalk DMA Vivado build strategy"
# puts $strategy_fd "Project: $project_xpr"
# puts $strategy_fd [format "PL clock target: %.3f MHz" $pl_clk_mhz]
# puts $strategy_fd "PL clock actual FREQ_HZ: $actual_freq_hz"
# puts $strategy_fd "Vivado jobs: $vivado_jobs"
# puts $strategy_fd "synth_1 strategy: $synth_strategy"
# puts $strategy_fd "impl_1 strategy: $impl_strategy"
# puts $strategy_fd "opt_design directive: $opt_directive"
# puts $strategy_fd "place_design directive: $place_directive"
# puts $strategy_fd "phys_opt_design directive: $phys_directive"
# puts $strategy_fd "route_design directive: $route_directive"
# puts $strategy_fd "post_route_phys_opt_design directive: $post_route_phys_directive"
# puts $strategy_fd ""
# puts $strategy_fd "Fallback notes:"
# if {[llength $fallback_log] == 0} {
#     puts $strategy_fd "- none"
# } else {
#     foreach item $fallback_log {
#         puts $strategy_fd "- $item"
#     }
# }
# close $strategy_fd
# reset_run synth_1
INFO: [Project 1-1160] Copying file /home/pjs/Desktop/smollm2-zybo/hw/vivado_project/GPTalk.runs/synth_1/design_1_wrapper.dcp to /home/pjs/Desktop/smollm2-zybo/hw/vivado_project/GPTalk.srcs/utils_1/imports/synth_1 and adding it to utils fileset
# launch_runs synth_1 -jobs $vivado_jobs
INFO: [IP_Flow 19-6930] IPCACHE: runCacheChecks() number of threads = 8
INFO: [IP_Flow 19-6921] IPCACHE: Adding cache check func to thread queue for IP design_1_axi_ctrl_smc_0
INFO: [IP_Flow 19-6921] IPCACHE: Adding cache check func to thread queue for IP design_1_axi_dma_0_0
INFO: [IP_Flow 19-6921] IPCACHE: Adding cache check func to thread queue for IP design_1_axi_hp0_smc_0
INFO: [IP_Flow 19-6921] IPCACHE: Adding cache check func to thread queue for IP design_1_axi_input_bram_ctrl_0
INFO: [IP_Flow 19-6921] IPCACHE: Adding cache check func to thread queue for IP design_1_mm2s_axis_fifo_0
INFO: [IP_Flow 19-6921] IPCACHE: Adding cache check func to thread queue for IP design_1_rst_ps7_0_50M_0
INFO: [IP_Flow 19-6921] IPCACHE: Adding cache check func to thread queue for IP design_1_s2mm_axis_fifo_0
INFO: [IP_Flow 19-8020] IPCACHE: runCacheChecks() calling threadPool finishWork()
INFO: [IP_Flow 19-6924] IPCACHE: Running cache check for IP inst: design_1_axi_ctrl_smc_0
INFO: [IP_Flow 19-6924] IPCACHE: Running cache check for IP inst: design_1_rst_ps7_0_50M_0
INFO: [IP_Flow 19-6924] IPCACHE: Running cache check for IP inst: design_1_s2mm_axis_fifo_0
INFO: [IP_Flow 19-6924] IPCACHE: Running cache check for IP inst: design_1_axi_dma_0_0
INFO: [IP_Flow 19-6924] IPCACHE: Running cache check for IP inst: design_1_axi_hp0_smc_0
INFO: [IP_Flow 19-6924] IPCACHE: Running cache check for IP inst: design_1_axi_input_bram_ctrl_0
INFO: [IP_Flow 19-6924] IPCACHE: Running cache check for IP inst: design_1_mm2s_axis_fifo_0
[Mon Jun 29 11:08:33 2026] Launched design_1_s2mm_axis_fifo_0_synth_1, design_1_axi_input_bram_ctrl_0_synth_1, design_1_gemv_q8_0_dma_top_0_0_synth_1, design_1_mm2s_axis_fifo_0_synth_1, design_1_axi_dma_0_0_synth_1, design_1_axi_hp0_smc_0_synth_1, design_1_axi_ctrl_smc_0_synth_1, design_1_rst_ps7_0_50M_0_synth_1, design_1_processing_system7_0_0_synth_1...
Run output will be captured here:
design_1_s2mm_axis_fifo_0_synth_1: /home/pjs/Desktop/smollm2-zybo/hw/vivado_project/GPTalk.runs/design_1_s2mm_axis_fifo_0_synth_1/runme.log
design_1_axi_input_bram_ctrl_0_synth_1: /home/pjs/Desktop/smollm2-zybo/hw/vivado_project/GPTalk.runs/design_1_axi_input_bram_ctrl_0_synth_1/runme.log
design_1_gemv_q8_0_dma_top_0_0_synth_1: /home/pjs/Desktop/smollm2-zybo/hw/vivado_project/GPTalk.runs/design_1_gemv_q8_0_dma_top_0_0_synth_1/runme.log
design_1_mm2s_axis_fifo_0_synth_1: /home/pjs/Desktop/smollm2-zybo/hw/vivado_project/GPTalk.runs/design_1_mm2s_axis_fifo_0_synth_1/runme.log
design_1_axi_dma_0_0_synth_1: /home/pjs/Desktop/smollm2-zybo/hw/vivado_project/GPTalk.runs/design_1_axi_dma_0_0_synth_1/runme.log
design_1_axi_hp0_smc_0_synth_1: /home/pjs/Desktop/smollm2-zybo/hw/vivado_project/GPTalk.runs/design_1_axi_hp0_smc_0_synth_1/runme.log
design_1_axi_ctrl_smc_0_synth_1: /home/pjs/Desktop/smollm2-zybo/hw/vivado_project/GPTalk.runs/design_1_axi_ctrl_smc_0_synth_1/runme.log
design_1_rst_ps7_0_50M_0_synth_1: /home/pjs/Desktop/smollm2-zybo/hw/vivado_project/GPTalk.runs/design_1_rst_ps7_0_50M_0_synth_1/runme.log
design_1_processing_system7_0_0_synth_1: /home/pjs/Desktop/smollm2-zybo/hw/vivado_project/GPTalk.runs/design_1_processing_system7_0_0_synth_1/runme.log
[Mon Jun 29 11:08:33 2026] Launched synth_1...
Run output will be captured here: /home/pjs/Desktop/smollm2-zybo/hw/vivado_project/GPTalk.runs/synth_1/runme.log
# wait_on_run synth_1
[Mon Jun 29 11:08:33 2026] Waiting for synth_1 to finish...

*** Running vivado
    with args -log design_1_wrapper.vds -m64 -product Vivado -mode batch -messageDb vivado.pb -notrace -source design_1_wrapper.tcl


****** Vivado v2024.2.2 (64-bit)
  **** SW Build 6060944 on Thu Mar 06 19:10:09 MST 2025
  **** IP Build 6050500 on Thu Mar  6 23:33:39 MST 2025
  **** SharedData Build 6060542 on Thu Mar 06 10:31:07 MST 2025
  **** Start of session at: Mon Jun 29 11:10:34 2026
    ** Copyright 1986-2022 Xilinx, Inc. All Rights Reserved.
    ** Copyright 2022-2025 Advanced Micro Devices, Inc. All Rights Reserved.

Sourcing tcl script '/home/pjs/.Xilinx/Vivado/Vivado_init.tcl'
source design_1_wrapper.tcl -notrace
INFO: [IP_Flow 19-234] Refreshing IP repositories
INFO: [IP_Flow 19-1704] No user IP repositories specified
INFO: [IP_Flow 19-2313] Loaded Vivado IP repository '/tools/Xilinx/Vivado/2024.2/data/ip'.
Command: read_checkpoint -auto_incremental -incremental /home/pjs/Desktop/smollm2-zybo/hw/vivado_project/GPTalk.srcs/utils_1/imports/synth_1/design_1_wrapper.dcp
INFO: [Vivado 12-5825] Read reference checkpoint from /home/pjs/Desktop/smollm2-zybo/hw/vivado_project/GPTalk.srcs/utils_1/imports/synth_1/design_1_wrapper.dcp for incremental synthesis
INFO: [Vivado 12-7989] Please ensure there are no constraint changes
Command: synth_design -top design_1_wrapper -part xc7z020clg400-1 -directive PerformanceOptimized -fsm_extraction one_hot -keep_equivalent_registers -resource_sharing off -no_lc -shreg_min_size 5
Starting synth_design
Attempting to get a license for feature 'Synthesis' and/or device 'xc7z020'
INFO: [Common 17-349] Got license for feature 'Synthesis' and/or device 'xc7z020'
INFO: [Device 21-403] Loading part xc7z020clg400-1
INFO: [Designutils 20-5440] No compile time benefit to using incremental synthesis; A full resynthesis will be run
INFO: [Designutils 20-4379] Flow is switching to default flow due to incremental criteria not met. If you would like to alter this behaviour and have the flow terminate instead, please set the following parameter config_implementation {autoIncr.Synth.RejectBehavior Terminate}
INFO: [Synth 8-7079] Multithreading enabled for synth_design using a maximum of 7 processes.
INFO: [Synth 8-7078] Launching helper process for spawning children vivado processes
INFO: [Synth 8-7075] Helper process launched with PID 247390
---------------------------------------------------------------------------------
Starting RTL Elaboration : Time (s): cpu = 00:00:02 ; elapsed = 00:00:02 . Memory (MB): peak = 2042.074 ; gain = 400.555 ; free physical = 52766 ; free virtual = 64774
---------------------------------------------------------------------------------
INFO: [Synth 8-6157] synthesizing module 'design_1_wrapper' [/home/pjs/Desktop/smollm2-zybo/hw/vivado_project/GPTalk.gen/sources_1/bd/design_1/hdl/design_1_wrapper.v:13]
INFO: [Synth 8-6157] synthesizing module 'design_1' [/home/pjs/Desktop/smollm2-zybo/hw/vivado_project/GPTalk.gen/sources_1/bd/design_1/synth/design_1.v:13]
INFO: [Synth 8-6157] synthesizing module 'design_1_axi_ctrl_smc_0' [/home/pjs/Desktop/smollm2-zybo/hw/vivado_project/GPTalk.runs/synth_1/.Xil/Vivado-247333-pjs-laptop/realtime/design_1_axi_ctrl_smc_0_stub.v:6]
INFO: [Synth 8-6155] done synthesizing module 'design_1_axi_ctrl_smc_0' (0#1) [/home/pjs/Desktop/smollm2-zybo/hw/vivado_project/GPTalk.runs/synth_1/.Xil/Vivado-247333-pjs-laptop/realtime/design_1_axi_ctrl_smc_0_stub.v:6]
WARNING: [Synth 8-7071] port 'M01_AXI_awprot' of module 'design_1_axi_ctrl_smc_0' is unconnected for instance 'axi_ctrl_smc' [/home/pjs/Desktop/smollm2-zybo/hw/vivado_project/GPTalk.gen/sources_1/bd/design_1/synth/design_1.v:283]
WARNING: [Synth 8-7071] port 'M01_AXI_wstrb' of module 'design_1_axi_ctrl_smc_0' is unconnected for instance 'axi_ctrl_smc' [/home/pjs/Desktop/smollm2-zybo/hw/vivado_project/GPTalk.gen/sources_1/bd/design_1/synth/design_1.v:283]
WARNING: [Synth 8-7071] port 'M01_AXI_arprot' of module 'design_1_axi_ctrl_smc_0' is unconnected for instance 'axi_ctrl_smc' [/home/pjs/Desktop/smollm2-zybo/hw/vivado_project/GPTalk.gen/sources_1/bd/design_1/synth/design_1.v:283]
WARNING: [Synth 8-7071] port 'M02_AXI_awqos' of module 'design_1_axi_ctrl_smc_0' is unconnected for instance 'axi_ctrl_smc' [/home/pjs/Desktop/smollm2-zybo/hw/vivado_project/GPTalk.gen/sources_1/bd/design_1/synth/design_1.v:283]
WARNING: [Synth 8-7071] port 'M02_AXI_arqos' of module 'design_1_axi_ctrl_smc_0' is unconnected for instance 'axi_ctrl_smc' [/home/pjs/Desktop/smollm2-zybo/hw/vivado_project/GPTalk.gen/sources_1/bd/design_1/synth/design_1.v:283]
WARNING: [Synth 8-7023] instance 'axi_ctrl_smc' of module 'design_1_axi_ctrl_smc_0' has 111 connections declared, but only 106 given [/home/pjs/Desktop/smollm2-zybo/hw/vivado_project/GPTalk.gen/sources_1/bd/design_1/synth/design_1.v:283]
INFO: [Synth 8-6157] synthesizing module 'design_1_axi_dma_0_0' [/home/pjs/Desktop/smollm2-zybo/hw/vivado_project/GPTalk.runs/synth_1/.Xil/Vivado-247333-pjs-laptop/realtime/design_1_axi_dma_0_0_stub.v:6]
INFO: [Synth 8-6155] done synthesizing module 'design_1_axi_dma_0_0' (0#1) [/home/pjs/Desktop/smollm2-zybo/hw/vivado_project/GPTalk.runs/synth_1/.Xil/Vivado-247333-pjs-laptop/realtime/design_1_axi_dma_0_0_stub.v:6]
WARNING: [Synth 8-7071] port 'mm2s_prmry_reset_out_n' of module 'design_1_axi_dma_0_0' is unconnected for instance 'axi_dma_0' [/home/pjs/Desktop/smollm2-zybo/hw/vivado_project/GPTalk.gen/sources_1/bd/design_1/synth/design_1.v:390]
WARNING: [Synth 8-7071] port 's2mm_prmry_reset_out_n' of module 'design_1_axi_dma_0_0' is unconnected for instance 'axi_dma_0' [/home/pjs/Desktop/smollm2-zybo/hw/vivado_project/GPTalk.gen/sources_1/bd/design_1/synth/design_1.v:390]
WARNING: [Synth 8-7071] port 'mm2s_introut' of module 'design_1_axi_dma_0_0' is unconnected for instance 'axi_dma_0' [/home/pjs/Desktop/smollm2-zybo/hw/vivado_project/GPTalk.gen/sources_1/bd/design_1/synth/design_1.v:390]
WARNING: [Synth 8-7071] port 's2mm_introut' of module 'design_1_axi_dma_0_0' is unconnected for instance 'axi_dma_0' [/home/pjs/Desktop/smollm2-zybo/hw/vivado_project/GPTalk.gen/sources_1/bd/design_1/synth/design_1.v:390]
WARNING: [Synth 8-7071] port 'axi_dma_tstvec' of module 'design_1_axi_dma_0_0' is unconnected for instance 'axi_dma_0' [/home/pjs/Desktop/smollm2-zybo/hw/vivado_project/GPTalk.gen/sources_1/bd/design_1/synth/design_1.v:390]
WARNING: [Synth 8-7023] instance 'axi_dma_0' of module 'design_1_axi_dma_0_0' has 64 connections declared, but only 59 given [/home/pjs/Desktop/smollm2-zybo/hw/vivado_project/GPTalk.gen/sources_1/bd/design_1/synth/design_1.v:390]
INFO: [Synth 8-6157] synthesizing module 'design_1_axi_hp0_smc_0' [/home/pjs/Desktop/smollm2-zybo/hw/vivado_project/GPTalk.runs/synth_1/.Xil/Vivado-247333-pjs-laptop/realtime/design_1_axi_hp0_smc_0_stub.v:6]
INFO: [Synth 8-6155] done synthesizing module 'design_1_axi_hp0_smc_0' (0#1) [/home/pjs/Desktop/smollm2-zybo/hw/vivado_project/GPTalk.runs/synth_1/.Xil/Vivado-247333-pjs-laptop/realtime/design_1_axi_hp0_smc_0_stub.v:6]
INFO: [Synth 8-6157] synthesizing module 'design_1_axi_input_bram_ctrl_0' [/home/pjs/Desktop/smollm2-zybo/hw/vivado_project/GPTalk.runs/synth_1/.Xil/Vivado-247333-pjs-laptop/realtime/design_1_axi_input_bram_ctrl_0_stub.v:6]
INFO: [Synth 8-6155] done synthesizing module 'design_1_axi_input_bram_ctrl_0' (0#1) [/home/pjs/Desktop/smollm2-zybo/hw/vivado_project/GPTalk.runs/synth_1/.Xil/Vivado-247333-pjs-laptop/realtime/design_1_axi_input_bram_ctrl_0_stub.v:6]
INFO: [Synth 8-6157] synthesizing module 'design_1_gemv_q8_0_dma_top_0_0' [/home/pjs/Desktop/smollm2-zybo/hw/vivado_project/GPTalk.runs/synth_1/.Xil/Vivado-247333-pjs-laptop/realtime/design_1_gemv_q8_0_dma_top_0_0_stub.v:6]
INFO: [Synth 8-6155] done synthesizing module 'design_1_gemv_q8_0_dma_top_0_0' (0#1) [/home/pjs/Desktop/smollm2-zybo/hw/vivado_project/GPTalk.runs/synth_1/.Xil/Vivado-247333-pjs-laptop/realtime/design_1_gemv_q8_0_dma_top_0_0_stub.v:6]
INFO: [Synth 8-6157] synthesizing module 'design_1_input_vector_bram_0' [/home/pjs/Desktop/smollm2-zybo/hw/vivado_project/GPTalk.runs/synth_1/.Xil/Vivado-247333-pjs-laptop/realtime/design_1_input_vector_bram_0_stub.v:6]
INFO: [Synth 8-6155] done synthesizing module 'design_1_input_vector_bram_0' (0#1) [/home/pjs/Desktop/smollm2-zybo/hw/vivado_project/GPTalk.runs/synth_1/.Xil/Vivado-247333-pjs-laptop/realtime/design_1_input_vector_bram_0_stub.v:6]
WARNING: [Synth 8-7071] port 'rsta_busy' of module 'design_1_input_vector_bram_0' is unconnected for instance 'input_vector_bram' [/home/pjs/Desktop/smollm2-zybo/hw/vivado_project/GPTalk.gen/sources_1/bd/design_1/synth/design_1.v:601]
WARNING: [Synth 8-7071] port 'rstb_busy' of module 'design_1_input_vector_bram_0' is unconnected for instance 'input_vector_bram' [/home/pjs/Desktop/smollm2-zybo/hw/vivado_project/GPTalk.gen/sources_1/bd/design_1/synth/design_1.v:601]
WARNING: [Synth 8-7023] instance 'input_vector_bram' of module 'design_1_input_vector_bram_0' has 16 connections declared, but only 14 given [/home/pjs/Desktop/smollm2-zybo/hw/vivado_project/GPTalk.gen/sources_1/bd/design_1/synth/design_1.v:601]
INFO: [Synth 8-6157] synthesizing module 'design_1_mm2s_axis_fifo_0' [/home/pjs/Desktop/smollm2-zybo/hw/vivado_project/GPTalk.runs/synth_1/.Xil/Vivado-247333-pjs-laptop/realtime/design_1_mm2s_axis_fifo_0_stub.v:6]
INFO: [Synth 8-6155] done synthesizing module 'design_1_mm2s_axis_fifo_0' (0#1) [/home/pjs/Desktop/smollm2-zybo/hw/vivado_project/GPTalk.runs/synth_1/.Xil/Vivado-247333-pjs-laptop/realtime/design_1_mm2s_axis_fifo_0_stub.v:6]
INFO: [Synth 8-6157] synthesizing module 'design_1_processing_system7_0_0' [/home/pjs/Desktop/smollm2-zybo/hw/vivado_project/GPTalk.runs/synth_1/.Xil/Vivado-247333-pjs-laptop/realtime/design_1_processing_system7_0_0_stub.v:6]
INFO: [Synth 8-6155] done synthesizing module 'design_1_processing_system7_0_0' (0#1) [/home/pjs/Desktop/smollm2-zybo/hw/vivado_project/GPTalk.runs/synth_1/.Xil/Vivado-247333-pjs-laptop/realtime/design_1_processing_system7_0_0_stub.v:6]
WARNING: [Synth 8-7071] port 'USB0_PORT_INDCTL' of module 'design_1_processing_system7_0_0' is unconnected for instance 'processing_system7_0' [/home/pjs/Desktop/smollm2-zybo/hw/vivado_project/GPTalk.gen/sources_1/bd/design_1/synth/design_1.v:631]
WARNING: [Synth 8-7071] port 'USB0_VBUS_PWRSELECT' of module 'design_1_processing_system7_0_0' is unconnected for instance 'processing_system7_0' [/home/pjs/Desktop/smollm2-zybo/hw/vivado_project/GPTalk.gen/sources_1/bd/design_1/synth/design_1.v:631]
WARNING: [Synth 8-7071] port 'S_AXI_HP0_BID' of module 'design_1_processing_system7_0_0' is unconnected for instance 'processing_system7_0' [/home/pjs/Desktop/smollm2-zybo/hw/vivado_project/GPTalk.gen/sources_1/bd/design_1/synth/design_1.v:631]
WARNING: [Synth 8-7071] port 'S_AXI_HP0_RID' of module 'design_1_processing_system7_0_0' is unconnected for instance 'processing_system7_0' [/home/pjs/Desktop/smollm2-zybo/hw/vivado_project/GPTalk.gen/sources_1/bd/design_1/synth/design_1.v:631]
WARNING: [Synth 8-7071] port 'S_AXI_HP0_RCOUNT' of module 'design_1_processing_system7_0_0' is unconnected for instance 'processing_system7_0' [/home/pjs/Desktop/smollm2-zybo/hw/vivado_project/GPTalk.gen/sources_1/bd/design_1/synth/design_1.v:631]
WARNING: [Synth 8-7071] port 'S_AXI_HP0_WCOUNT' of module 'design_1_processing_system7_0_0' is unconnected for instance 'processing_system7_0' [/home/pjs/Desktop/smollm2-zybo/hw/vivado_project/GPTalk.gen/sources_1/bd/design_1/synth/design_1.v:631]
WARNING: [Synth 8-7071] port 'S_AXI_HP0_RACOUNT' of module 'design_1_processing_system7_0_0' is unconnected for instance 'processing_system7_0' [/home/pjs/Desktop/smollm2-zybo/hw/vivado_project/GPTalk.gen/sources_1/bd/design_1/synth/design_1.v:631]
WARNING: [Synth 8-7071] port 'S_AXI_HP0_WACOUNT' of module 'design_1_processing_system7_0_0' is unconnected for instance 'processing_system7_0' [/home/pjs/Desktop/smollm2-zybo/hw/vivado_project/GPTalk.gen/sources_1/bd/design_1/synth/design_1.v:631]
WARNING: [Synth 8-7023] instance 'processing_system7_0' of module 'design_1_processing_system7_0_0' has 110 connections declared, but only 102 given [/home/pjs/Desktop/smollm2-zybo/hw/vivado_project/GPTalk.gen/sources_1/bd/design_1/synth/design_1.v:631]
INFO: [Synth 8-6157] synthesizing module 'design_1_rst_ps7_0_50M_0' [/home/pjs/Desktop/smollm2-zybo/hw/vivado_project/GPTalk.runs/synth_1/.Xil/Vivado-247333-pjs-laptop/realtime/design_1_rst_ps7_0_50M_0_stub.v:6]
INFO: [Synth 8-6155] done synthesizing module 'design_1_rst_ps7_0_50M_0' (0#1) [/home/pjs/Desktop/smollm2-zybo/hw/vivado_project/GPTalk.runs/synth_1/.Xil/Vivado-247333-pjs-laptop/realtime/design_1_rst_ps7_0_50M_0_stub.v:6]
WARNING: [Synth 8-7071] port 'mb_reset' of module 'design_1_rst_ps7_0_50M_0' is unconnected for instance 'rst_ps7_0_50M' [/home/pjs/Desktop/smollm2-zybo/hw/vivado_project/GPTalk.gen/sources_1/bd/design_1/synth/design_1.v:734]
WARNING: [Synth 8-7071] port 'bus_struct_reset' of module 'design_1_rst_ps7_0_50M_0' is unconnected for instance 'rst_ps7_0_50M' [/home/pjs/Desktop/smollm2-zybo/hw/vivado_project/GPTalk.gen/sources_1/bd/design_1/synth/design_1.v:734]
WARNING: [Synth 8-7071] port 'peripheral_reset' of module 'design_1_rst_ps7_0_50M_0' is unconnected for instance 'rst_ps7_0_50M' [/home/pjs/Desktop/smollm2-zybo/hw/vivado_project/GPTalk.gen/sources_1/bd/design_1/synth/design_1.v:734]
WARNING: [Synth 8-7071] port 'interconnect_aresetn' of module 'design_1_rst_ps7_0_50M_0' is unconnected for instance 'rst_ps7_0_50M' [/home/pjs/Desktop/smollm2-zybo/hw/vivado_project/GPTalk.gen/sources_1/bd/design_1/synth/design_1.v:734]
WARNING: [Synth 8-7023] instance 'rst_ps7_0_50M' of module 'design_1_rst_ps7_0_50M_0' has 10 connections declared, but only 6 given [/home/pjs/Desktop/smollm2-zybo/hw/vivado_project/GPTalk.gen/sources_1/bd/design_1/synth/design_1.v:734]
INFO: [Synth 8-6157] synthesizing module 'design_1_s2mm_axis_fifo_0' [/home/pjs/Desktop/smollm2-zybo/hw/vivado_project/GPTalk.runs/synth_1/.Xil/Vivado-247333-pjs-laptop/realtime/design_1_s2mm_axis_fifo_0_stub.v:6]
INFO: [Synth 8-6155] done synthesizing module 'design_1_s2mm_axis_fifo_0' (0#1) [/home/pjs/Desktop/smollm2-zybo/hw/vivado_project/GPTalk.runs/synth_1/.Xil/Vivado-247333-pjs-laptop/realtime/design_1_s2mm_axis_fifo_0_stub.v:6]
INFO: [Synth 8-6155] done synthesizing module 'design_1' (0#1) [/home/pjs/Desktop/smollm2-zybo/hw/vivado_project/GPTalk.gen/sources_1/bd/design_1/synth/design_1.v:13]
INFO: [Synth 8-6155] done synthesizing module 'design_1_wrapper' (0#1) [/home/pjs/Desktop/smollm2-zybo/hw/vivado_project/GPTalk.gen/sources_1/bd/design_1/hdl/design_1_wrapper.v:13]
---------------------------------------------------------------------------------
Finished RTL Elaboration : Time (s): cpu = 00:00:03 ; elapsed = 00:00:03 . Memory (MB): peak = 2123.012 ; gain = 481.492 ; free physical = 52680 ; free virtual = 64688
---------------------------------------------------------------------------------
---------------------------------------------------------------------------------
Start Handling Custom Attributes
---------------------------------------------------------------------------------
---------------------------------------------------------------------------------
Finished Handling Custom Attributes : Time (s): cpu = 00:00:03 ; elapsed = 00:00:03 . Memory (MB): peak = 2137.855 ; gain = 496.336 ; free physical = 52671 ; free virtual = 64680
---------------------------------------------------------------------------------
---------------------------------------------------------------------------------
Finished RTL Optimization Phase 1 : Time (s): cpu = 00:00:03 ; elapsed = 00:00:03 . Memory (MB): peak = 2137.855 ; gain = 496.336 ; free physical = 52671 ; free virtual = 64680
---------------------------------------------------------------------------------
Netlist sorting complete. Time (s): cpu = 00:00:00.01 ; elapsed = 00:00:00 . Memory (MB): peak = 2137.855 ; gain = 0.000 ; free physical = 52671 ; free virtual = 64680
INFO: [Project 1-570] Preparing netlist for logic optimization

Processing XDC Constraints
Initializing timing engine
Parsing XDC File [/home/pjs/Desktop/smollm2-zybo/hw/vivado_project/GPTalk.gen/sources_1/bd/design_1/ip/design_1_processing_system7_0_0/design_1_processing_system7_0_0/design_1_processing_system7_0_0_in_context.xdc] for cell 'design_1_i/processing_system7_0'
Finished Parsing XDC File [/home/pjs/Desktop/smollm2-zybo/hw/vivado_project/GPTalk.gen/sources_1/bd/design_1/ip/design_1_processing_system7_0_0/design_1_processing_system7_0_0/design_1_processing_system7_0_0_in_context.xdc] for cell 'design_1_i/processing_system7_0'
Parsing XDC File [/home/pjs/Desktop/smollm2-zybo/hw/vivado_project/GPTalk.gen/sources_1/bd/design_1/ip/design_1_rst_ps7_0_50M_0/design_1_rst_ps7_0_50M_0/design_1_rst_ps7_0_50M_0_in_context.xdc] for cell 'design_1_i/rst_ps7_0_50M'
Finished Parsing XDC File [/home/pjs/Desktop/smollm2-zybo/hw/vivado_project/GPTalk.gen/sources_1/bd/design_1/ip/design_1_rst_ps7_0_50M_0/design_1_rst_ps7_0_50M_0/design_1_rst_ps7_0_50M_0_in_context.xdc] for cell 'design_1_i/rst_ps7_0_50M'
Parsing XDC File [/home/pjs/Desktop/smollm2-zybo/hw/vivado_project/GPTalk.gen/sources_1/bd/design_1/ip/design_1_axi_ctrl_smc_0/design_1_axi_ctrl_smc_0/design_1_axi_ctrl_smc_0_in_context.xdc] for cell 'design_1_i/axi_ctrl_smc'
Finished Parsing XDC File [/home/pjs/Desktop/smollm2-zybo/hw/vivado_project/GPTalk.gen/sources_1/bd/design_1/ip/design_1_axi_ctrl_smc_0/design_1_axi_ctrl_smc_0/design_1_axi_ctrl_smc_0_in_context.xdc] for cell 'design_1_i/axi_ctrl_smc'
Parsing XDC File [/home/pjs/Desktop/smollm2-zybo/hw/vivado_project/GPTalk.gen/sources_1/bd/design_1/ip/design_1_axi_hp0_smc_0/design_1_axi_hp0_smc_0/design_1_axi_hp0_smc_0_in_context.xdc] for cell 'design_1_i/axi_hp0_smc'
Finished Parsing XDC File [/home/pjs/Desktop/smollm2-zybo/hw/vivado_project/GPTalk.gen/sources_1/bd/design_1/ip/design_1_axi_hp0_smc_0/design_1_axi_hp0_smc_0/design_1_axi_hp0_smc_0_in_context.xdc] for cell 'design_1_i/axi_hp0_smc'
Parsing XDC File [/home/pjs/Desktop/smollm2-zybo/hw/vivado_project/GPTalk.gen/sources_1/bd/design_1/ip/design_1_axi_dma_0_0/design_1_axi_dma_0_0/design_1_axi_dma_0_0_in_context.xdc] for cell 'design_1_i/axi_dma_0'
Finished Parsing XDC File [/home/pjs/Desktop/smollm2-zybo/hw/vivado_project/GPTalk.gen/sources_1/bd/design_1/ip/design_1_axi_dma_0_0/design_1_axi_dma_0_0/design_1_axi_dma_0_0_in_context.xdc] for cell 'design_1_i/axi_dma_0'
Parsing XDC File [/home/pjs/Desktop/smollm2-zybo/hw/vivado_project/GPTalk.gen/sources_1/bd/design_1/ip/design_1_mm2s_axis_fifo_0/design_1_mm2s_axis_fifo_0/design_1_s2mm_axis_fifo_0_in_context.xdc] for cell 'design_1_i/mm2s_axis_fifo'
Finished Parsing XDC File [/home/pjs/Desktop/smollm2-zybo/hw/vivado_project/GPTalk.gen/sources_1/bd/design_1/ip/design_1_mm2s_axis_fifo_0/design_1_mm2s_axis_fifo_0/design_1_s2mm_axis_fifo_0_in_context.xdc] for cell 'design_1_i/mm2s_axis_fifo'
Parsing XDC File [/home/pjs/Desktop/smollm2-zybo/hw/vivado_project/GPTalk.gen/sources_1/bd/design_1/ip/design_1_s2mm_axis_fifo_0/design_1_s2mm_axis_fifo_0/design_1_s2mm_axis_fifo_0_in_context.xdc] for cell 'design_1_i/s2mm_axis_fifo'
Finished Parsing XDC File [/home/pjs/Desktop/smollm2-zybo/hw/vivado_project/GPTalk.gen/sources_1/bd/design_1/ip/design_1_s2mm_axis_fifo_0/design_1_s2mm_axis_fifo_0/design_1_s2mm_axis_fifo_0_in_context.xdc] for cell 'design_1_i/s2mm_axis_fifo'
Parsing XDC File [/home/pjs/Desktop/smollm2-zybo/hw/vivado_project/GPTalk.gen/sources_1/bd/design_1/ip/design_1_axi_input_bram_ctrl_0/design_1_axi_input_bram_ctrl_0/design_1_axi_input_bram_ctrl_0_in_context.xdc] for cell 'design_1_i/axi_input_bram_ctrl'
Finished Parsing XDC File [/home/pjs/Desktop/smollm2-zybo/hw/vivado_project/GPTalk.gen/sources_1/bd/design_1/ip/design_1_axi_input_bram_ctrl_0/design_1_axi_input_bram_ctrl_0/design_1_axi_input_bram_ctrl_0_in_context.xdc] for cell 'design_1_i/axi_input_bram_ctrl'
Parsing XDC File [/home/pjs/Desktop/smollm2-zybo/hw/vivado_project/GPTalk.gen/sources_1/bd/design_1/ip/design_1_input_vector_bram_0/design_1_input_vector_bram_0/design_1_input_vector_bram_0_in_context.xdc] for cell 'design_1_i/input_vector_bram'
Finished Parsing XDC File [/home/pjs/Desktop/smollm2-zybo/hw/vivado_project/GPTalk.gen/sources_1/bd/design_1/ip/design_1_input_vector_bram_0/design_1_input_vector_bram_0/design_1_input_vector_bram_0_in_context.xdc] for cell 'design_1_i/input_vector_bram'
Parsing XDC File [/home/pjs/Desktop/smollm2-zybo/hw/vivado_project/GPTalk.gen/sources_1/bd/design_1/ip/design_1_gemv_q8_0_dma_top_0_0/design_1_gemv_q8_0_dma_top_0_0/design_1_gemv_q8_0_dma_top_0_0_in_context.xdc] for cell 'design_1_i/gemv_q8_0_dma_top_0'
Finished Parsing XDC File [/home/pjs/Desktop/smollm2-zybo/hw/vivado_project/GPTalk.gen/sources_1/bd/design_1/ip/design_1_gemv_q8_0_dma_top_0_0/design_1_gemv_q8_0_dma_top_0_0/design_1_gemv_q8_0_dma_top_0_0_in_context.xdc] for cell 'design_1_i/gemv_q8_0_dma_top_0'
Parsing XDC File [/home/pjs/Desktop/smollm2-zybo/hw/vivado_project/GPTalk.srcs/constrs_1/imports/Downloads/Zybo-Z7-Master.xdc]
Finished Parsing XDC File [/home/pjs/Desktop/smollm2-zybo/hw/vivado_project/GPTalk.srcs/constrs_1/imports/Downloads/Zybo-Z7-Master.xdc]
Parsing XDC File [/home/pjs/Desktop/smollm2-zybo/hw/vivado_project/GPTalk.runs/synth_1/dont_touch.xdc]
Finished Parsing XDC File [/home/pjs/Desktop/smollm2-zybo/hw/vivado_project/GPTalk.runs/synth_1/dont_touch.xdc]
Completed Processing XDC Constraints

Netlist sorting complete. Time (s): cpu = 00:00:00 ; elapsed = 00:00:00 . Memory (MB): peak = 2186.781 ; gain = 0.000 ; free physical = 52668 ; free virtual = 64678
INFO: [Project 1-111] Unisim Transformation Summary:
No Unisim elements were transformed.

Constraint Validation Runtime : Time (s): cpu = 00:00:00 ; elapsed = 00:00:00 . Memory (MB): peak = 2186.781 ; gain = 0.000 ; free physical = 52668 ; free virtual = 64677
WARNING: [Timing 38-316] Clock period '20.000' specified during out-of-context synthesis of instance 'design_1_i/input_vector_bram' at clock pin 'clka' is different from the actual clock period '13.000', this can lead to different synthesis results.
INFO: [Designutils 20-5440] No compile time benefit to using incremental synthesis; A full resynthesis will be run
INFO: [Designutils 20-4379] Flow is switching to default flow due to incremental criteria not met. If you would like to alter this behaviour and have the flow terminate instead, please set the following parameter config_implementation {autoIncr.Synth.RejectBehavior Terminate}
---------------------------------------------------------------------------------
Finished Constraint Validation : Time (s): cpu = 00:00:06 ; elapsed = 00:00:06 . Memory (MB): peak = 2186.781 ; gain = 545.262 ; free physical = 52638 ; free virtual = 64647
---------------------------------------------------------------------------------
---------------------------------------------------------------------------------
Start Loading Part and Timing Information
---------------------------------------------------------------------------------
Loading part: xc7z020clg400-1
---------------------------------------------------------------------------------
Finished Loading Part and Timing Information : Time (s): cpu = 00:00:06 ; elapsed = 00:00:06 . Memory (MB): peak = 2194.785 ; gain = 553.266 ; free physical = 52638 ; free virtual = 64647
---------------------------------------------------------------------------------
---------------------------------------------------------------------------------
Start Applying 'set_property' XDC Constraints
---------------------------------------------------------------------------------
Applied set_property IO_BUFFER_TYPE = NONE for DDR_addr[0]. (constraint file  /home/pjs/Desktop/smollm2-zybo/hw/vivado_project/GPTalk.gen/sources_1/bd/design_1/ip/design_1_processing_system7_0_0/design_1_processing_system7_0_0/design_1_processing_system7_0_0_in_context.xdc, line 2).
Applied set_property CLOCK_BUFFER_TYPE = NONE for DDR_addr[0]. (constraint file  /home/pjs/Desktop/smollm2-zybo/hw/vivado_project/GPTalk.gen/sources_1/bd/design_1/ip/design_1_processing_system7_0_0/design_1_processing_system7_0_0/design_1_processing_system7_0_0_in_context.xdc, line 3).
Applied set_property IO_BUFFER_TYPE = NONE for DDR_addr[10]. (constraint file  /home/pjs/Desktop/smollm2-zybo/hw/vivado_project/GPTalk.gen/sources_1/bd/design_1/ip/design_1_processing_system7_0_0/design_1_processing_system7_0_0/design_1_processing_system7_0_0_in_context.xdc, line 4).
Applied set_property CLOCK_BUFFER_TYPE = NONE for DDR_addr[10]. (constraint file  /home/pjs/Desktop/smollm2-zybo/hw/vivado_project/GPTalk.gen/sources_1/bd/design_1/ip/design_1_processing_system7_0_0/design_1_processing_system7_0_0/design_1_processing_system7_0_0_in_context.xdc, line 5).
Applied set_property IO_BUFFER_TYPE = NONE for DDR_addr[11]. (constraint file  /home/pjs/Desktop/smollm2-zybo/hw/vivado_project/GPTalk.gen/sources_1/bd/design_1/ip/design_1_processing_system7_0_0/design_1_processing_system7_0_0/design_1_processing_system7_0_0_in_context.xdc, line 6).
Applied set_property CLOCK_BUFFER_TYPE = NONE for DDR_addr[11]. (constraint file  /home/pjs/Desktop/smollm2-zybo/hw/vivado_project/GPTalk.gen/sources_1/bd/design_1/ip/design_1_processing_system7_0_0/design_1_processing_system7_0_0/design_1_processing_system7_0_0_in_context.xdc, line 7).
Applied set_property IO_BUFFER_TYPE = NONE for DDR_addr[12]. (constraint file  /home/pjs/Desktop/smollm2-zybo/hw/vivado_project/GPTalk.gen/sources_1/bd/design_1/ip/design_1_processing_system7_0_0/design_1_processing_system7_0_0/design_1_processing_system7_0_0_in_context.xdc, line 8).
Applied set_property CLOCK_BUFFER_TYPE = NONE for DDR_addr[12]. (constraint file  /home/pjs/Desktop/smollm2-zybo/hw/vivado_project/GPTalk.gen/sources_1/bd/design_1/ip/design_1_processing_system7_0_0/design_1_processing_system7_0_0/design_1_processing_system7_0_0_in_context.xdc, line 9).
Applied set_property IO_BUFFER_TYPE = NONE for DDR_addr[13]. (constraint file  /home/pjs/Desktop/smollm2-zybo/hw/vivado_project/GPTalk.gen/sources_1/bd/design_1/ip/design_1_processing_system7_0_0/design_1_processing_system7_0_0/design_1_processing_system7_0_0_in_context.xdc, line 10).
Applied set_property CLOCK_BUFFER_TYPE = NONE for DDR_addr[13]. (constraint file  /home/pjs/Desktop/smollm2-zybo/hw/vivado_project/GPTalk.gen/sources_1/bd/design_1/ip/design_1_processing_system7_0_0/design_1_processing_system7_0_0/design_1_processing_system7_0_0_in_context.xdc, line 11).
Applied set_property IO_BUFFER_TYPE = NONE for DDR_addr[14]. (constraint file  /home/pjs/Desktop/smollm2-zybo/hw/vivado_project/GPTalk.gen/sources_1/bd/design_1/ip/design_1_processing_system7_0_0/design_1_processing_system7_0_0/design_1_processing_system7_0_0_in_context.xdc, line 12).
Applied set_property CLOCK_BUFFER_TYPE = NONE for DDR_addr[14]. (constraint file  /home/pjs/Desktop/smollm2-zybo/hw/vivado_project/GPTalk.gen/sources_1/bd/design_1/ip/design_1_processing_system7_0_0/design_1_processing_system7_0_0/design_1_processing_system7_0_0_in_context.xdc, line 13).
Applied set_property IO_BUFFER_TYPE = NONE for DDR_addr[1]. (constraint file  /home/pjs/Desktop/smollm2-zybo/hw/vivado_project/GPTalk.gen/sources_1/bd/design_1/ip/design_1_processing_system7_0_0/design_1_processing_system7_0_0/design_1_processing_system7_0_0_in_context.xdc, line 14).
Applied set_property CLOCK_BUFFER_TYPE = NONE for DDR_addr[1]. (constraint file  /home/pjs/Desktop/smollm2-zybo/hw/vivado_project/GPTalk.gen/sources_1/bd/design_1/ip/design_1_processing_system7_0_0/design_1_processing_system7_0_0/design_1_processing_system7_0_0_in_context.xdc, line 15).
Applied set_property IO_BUFFER_TYPE = NONE for DDR_addr[2]. (constraint file  /home/pjs/Desktop/smollm2-zybo/hw/vivado_project/GPTalk.gen/sources_1/bd/design_1/ip/design_1_processing_system7_0_0/design_1_processing_system7_0_0/design_1_processing_system7_0_0_in_context.xdc, line 16).
Applied set_property CLOCK_BUFFER_TYPE = NONE for DDR_addr[2]. (constraint file  /home/pjs/Desktop/smollm2-zybo/hw/vivado_project/GPTalk.gen/sources_1/bd/design_1/ip/design_1_processing_system7_0_0/design_1_processing_system7_0_0/design_1_processing_system7_0_0_in_context.xdc, line 17).
Applied set_property IO_BUFFER_TYPE = NONE for DDR_addr[3]. (constraint file  /home/pjs/Desktop/smollm2-zybo/hw/vivado_project/GPTalk.gen/sources_1/bd/design_1/ip/design_1_processing_system7_0_0/design_1_processing_system7_0_0/design_1_processing_system7_0_0_in_context.xdc, line 18).
Applied set_property CLOCK_BUFFER_TYPE = NONE for DDR_addr[3]. (constraint file  /home/pjs/Desktop/smollm2-zybo/hw/vivado_project/GPTalk.gen/sources_1/bd/design_1/ip/design_1_processing_system7_0_0/design_1_processing_system7_0_0/design_1_processing_system7_0_0_in_context.xdc, line 19).
Applied set_property IO_BUFFER_TYPE = NONE for DDR_addr[4]. (constraint file  /home/pjs/Desktop/smollm2-zybo/hw/vivado_project/GPTalk.gen/sources_1/bd/design_1/ip/design_1_processing_system7_0_0/design_1_processing_system7_0_0/design_1_processing_system7_0_0_in_context.xdc, line 20).
Applied set_property CLOCK_BUFFER_TYPE = NONE for DDR_addr[4]. (constraint file  /home/pjs/Desktop/smollm2-zybo/hw/vivado_project/GPTalk.gen/sources_1/bd/design_1/ip/design_1_processing_system7_0_0/design_1_processing_system7_0_0/design_1_processing_system7_0_0_in_context.xdc, line 21).
Applied set_property IO_BUFFER_TYPE = NONE for DDR_addr[5]. (constraint file  /home/pjs/Desktop/smollm2-zybo/hw/vivado_project/GPTalk.gen/sources_1/bd/design_1/ip/design_1_processing_system7_0_0/design_1_processing_system7_0_0/design_1_processing_system7_0_0_in_context.xdc, line 22).
Applied set_property CLOCK_BUFFER_TYPE = NONE for DDR_addr[5]. (constraint file  /home/pjs/Desktop/smollm2-zybo/hw/vivado_project/GPTalk.gen/sources_1/bd/design_1/ip/design_1_processing_system7_0_0/design_1_processing_system7_0_0/design_1_processing_system7_0_0_in_context.xdc, line 23).
Applied set_property IO_BUFFER_TYPE = NONE for DDR_addr[6]. (constraint file  /home/pjs/Desktop/smollm2-zybo/hw/vivado_project/GPTalk.gen/sources_1/bd/design_1/ip/design_1_processing_system7_0_0/design_1_processing_system7_0_0/design_1_processing_system7_0_0_in_context.xdc, line 24).
Applied set_property CLOCK_BUFFER_TYPE = NONE for DDR_addr[6]. (constraint file  /home/pjs/Desktop/smollm2-zybo/hw/vivado_project/GPTalk.gen/sources_1/bd/design_1/ip/design_1_processing_system7_0_0/design_1_processing_system7_0_0/design_1_processing_system7_0_0_in_context.xdc, line 25).
Applied set_property IO_BUFFER_TYPE = NONE for DDR_addr[7]. (constraint file  /home/pjs/Desktop/smollm2-zybo/hw/vivado_project/GPTalk.gen/sources_1/bd/design_1/ip/design_1_processing_system7_0_0/design_1_processing_system7_0_0/design_1_processing_system7_0_0_in_context.xdc, line 26).
Applied set_property CLOCK_BUFFER_TYPE = NONE for DDR_addr[7]. (constraint file  /home/pjs/Desktop/smollm2-zybo/hw/vivado_project/GPTalk.gen/sources_1/bd/design_1/ip/design_1_processing_system7_0_0/design_1_processing_system7_0_0/design_1_processing_system7_0_0_in_context.xdc, line 27).
Applied set_property IO_BUFFER_TYPE = NONE for DDR_addr[8]. (constraint file  /home/pjs/Desktop/smollm2-zybo/hw/vivado_project/GPTalk.gen/sources_1/bd/design_1/ip/design_1_processing_system7_0_0/design_1_processing_system7_0_0/design_1_processing_system7_0_0_in_context.xdc, line 28).
Applied set_property CLOCK_BUFFER_TYPE = NONE for DDR_addr[8]. (constraint file  /home/pjs/Desktop/smollm2-zybo/hw/vivado_project/GPTalk.gen/sources_1/bd/design_1/ip/design_1_processing_system7_0_0/design_1_processing_system7_0_0/design_1_processing_system7_0_0_in_context.xdc, line 29).
Applied set_property IO_BUFFER_TYPE = NONE for DDR_addr[9]. (constraint file  /home/pjs/Desktop/smollm2-zybo/hw/vivado_project/GPTalk.gen/sources_1/bd/design_1/ip/design_1_processing_system7_0_0/design_1_processing_system7_0_0/design_1_processing_system7_0_0_in_context.xdc, line 30).
Applied set_property CLOCK_BUFFER_TYPE = NONE for DDR_addr[9]. (constraint file  /home/pjs/Desktop/smollm2-zybo/hw/vivado_project/GPTalk.gen/sources_1/bd/design_1/ip/design_1_processing_system7_0_0/design_1_processing_system7_0_0/design_1_processing_system7_0_0_in_context.xdc, line 31).
Applied set_property IO_BUFFER_TYPE = NONE for DDR_ba[0]. (constraint file  /home/pjs/Desktop/smollm2-zybo/hw/vivado_project/GPTalk.gen/sources_1/bd/design_1/ip/design_1_processing_system7_0_0/design_1_processing_system7_0_0/design_1_processing_system7_0_0_in_context.xdc, line 32).
Applied set_property CLOCK_BUFFER_TYPE = NONE for DDR_ba[0]. (constraint file  /home/pjs/Desktop/smollm2-zybo/hw/vivado_project/GPTalk.gen/sources_1/bd/design_1/ip/design_1_processing_system7_0_0/design_1_processing_system7_0_0/design_1_processing_system7_0_0_in_context.xdc, line 33).
Applied set_property IO_BUFFER_TYPE = NONE for DDR_ba[1]. (constraint file  /home/pjs/Desktop/smollm2-zybo/hw/vivado_project/GPTalk.gen/sources_1/bd/design_1/ip/design_1_processing_system7_0_0/design_1_processing_system7_0_0/design_1_processing_system7_0_0_in_context.xdc, line 34).
Applied set_property CLOCK_BUFFER_TYPE = NONE for DDR_ba[1]. (constraint file  /home/pjs/Desktop/smollm2-zybo/hw/vivado_project/GPTalk.gen/sources_1/bd/design_1/ip/design_1_processing_system7_0_0/design_1_processing_system7_0_0/design_1_processing_system7_0_0_in_context.xdc, line 35).
Applied set_property IO_BUFFER_TYPE = NONE for DDR_ba[2]. (constraint file  /home/pjs/Desktop/smollm2-zybo/hw/vivado_project/GPTalk.gen/sources_1/bd/design_1/ip/design_1_processing_system7_0_0/design_1_processing_system7_0_0/design_1_processing_system7_0_0_in_context.xdc, line 36).
Applied set_property CLOCK_BUFFER_TYPE = NONE for DDR_ba[2]. (constraint file  /home/pjs/Desktop/smollm2-zybo/hw/vivado_project/GPTalk.gen/sources_1/bd/design_1/ip/design_1_processing_system7_0_0/design_1_processing_system7_0_0/design_1_processing_system7_0_0_in_context.xdc, line 37).
Applied set_property IO_BUFFER_TYPE = NONE for DDR_cas_n. (constraint file  /home/pjs/Desktop/smollm2-zybo/hw/vivado_project/GPTalk.gen/sources_1/bd/design_1/ip/design_1_processing_system7_0_0/design_1_processing_system7_0_0/design_1_processing_system7_0_0_in_context.xdc, line 38).
Applied set_property CLOCK_BUFFER_TYPE = NONE for DDR_cas_n. (constraint file  /home/pjs/Desktop/smollm2-zybo/hw/vivado_project/GPTalk.gen/sources_1/bd/design_1/ip/design_1_processing_system7_0_0/design_1_processing_system7_0_0/design_1_processing_system7_0_0_in_context.xdc, line 39).
Applied set_property IO_BUFFER_TYPE = NONE for DDR_cke. (constraint file  /home/pjs/Desktop/smollm2-zybo/hw/vivado_project/GPTalk.gen/sources_1/bd/design_1/ip/design_1_processing_system7_0_0/design_1_processing_system7_0_0/design_1_processing_system7_0_0_in_context.xdc, line 40).
Applied set_property CLOCK_BUFFER_TYPE = NONE for DDR_cke. (constraint file  /home/pjs/Desktop/smollm2-zybo/hw/vivado_project/GPTalk.gen/sources_1/bd/design_1/ip/design_1_processing_system7_0_0/design_1_processing_system7_0_0/design_1_processing_system7_0_0_in_context.xdc, line 41).
Applied set_property IO_BUFFER_TYPE = NONE for DDR_cs_n. (constraint file  /home/pjs/Desktop/smollm2-zybo/hw/vivado_project/GPTalk.gen/sources_1/bd/design_1/ip/design_1_processing_system7_0_0/design_1_processing_system7_0_0/design_1_processing_system7_0_0_in_context.xdc, line 42).
Applied set_property CLOCK_BUFFER_TYPE = NONE for DDR_cs_n. (constraint file  /home/pjs/Desktop/smollm2-zybo/hw/vivado_project/GPTalk.gen/sources_1/bd/design_1/ip/design_1_processing_system7_0_0/design_1_processing_system7_0_0/design_1_processing_system7_0_0_in_context.xdc, line 43).
Applied set_property IO_BUFFER_TYPE = NONE for DDR_ck_p. (constraint file  /home/pjs/Desktop/smollm2-zybo/hw/vivado_project/GPTalk.gen/sources_1/bd/design_1/ip/design_1_processing_system7_0_0/design_1_processing_system7_0_0/design_1_processing_system7_0_0_in_context.xdc, line 44).
Applied set_property CLOCK_BUFFER_TYPE = NONE for DDR_ck_p. (constraint file  /home/pjs/Desktop/smollm2-zybo/hw/vivado_project/GPTalk.gen/sources_1/bd/design_1/ip/design_1_processing_system7_0_0/design_1_processing_system7_0_0/design_1_processing_system7_0_0_in_context.xdc, line 45).
Applied set_property IO_BUFFER_TYPE = NONE for DDR_ck_n. (constraint file  /home/pjs/Desktop/smollm2-zybo/hw/vivado_project/GPTalk.gen/sources_1/bd/design_1/ip/design_1_processing_system7_0_0/design_1_processing_system7_0_0/design_1_processing_system7_0_0_in_context.xdc, line 46).
Applied set_property CLOCK_BUFFER_TYPE = NONE for DDR_ck_n. (constraint file  /home/pjs/Desktop/smollm2-zybo/hw/vivado_project/GPTalk.gen/sources_1/bd/design_1/ip/design_1_processing_system7_0_0/design_1_processing_system7_0_0/design_1_processing_system7_0_0_in_context.xdc, line 47).
Applied set_property IO_BUFFER_TYPE = NONE for DDR_dm[0]. (constraint file  /home/pjs/Desktop/smollm2-zybo/hw/vivado_project/GPTalk.gen/sources_1/bd/design_1/ip/design_1_processing_system7_0_0/design_1_processing_system7_0_0/design_1_processing_system7_0_0_in_context.xdc, line 48).
Applied set_property CLOCK_BUFFER_TYPE = NONE for DDR_dm[0]. (constraint file  /home/pjs/Desktop/smollm2-zybo/hw/vivado_project/GPTalk.gen/sources_1/bd/design_1/ip/design_1_processing_system7_0_0/design_1_processing_system7_0_0/design_1_processing_system7_0_0_in_context.xdc, line 49).
Applied set_property IO_BUFFER_TYPE = NONE for DDR_dm[1]. (constraint file  /home/pjs/Desktop/smollm2-zybo/hw/vivado_project/GPTalk.gen/sources_1/bd/design_1/ip/design_1_processing_system7_0_0/design_1_processing_system7_0_0/design_1_processing_system7_0_0_in_context.xdc, line 50).
Applied set_property CLOCK_BUFFER_TYPE = NONE for DDR_dm[1]. (constraint file  /home/pjs/Desktop/smollm2-zybo/hw/vivado_project/GPTalk.gen/sources_1/bd/design_1/ip/design_1_processing_system7_0_0/design_1_processing_system7_0_0/design_1_processing_system7_0_0_in_context.xdc, line 51).
Applied set_property IO_BUFFER_TYPE = NONE for DDR_dm[2]. (constraint file  /home/pjs/Desktop/smollm2-zybo/hw/vivado_project/GPTalk.gen/sources_1/bd/design_1/ip/design_1_processing_system7_0_0/design_1_processing_system7_0_0/design_1_processing_system7_0_0_in_context.xdc, line 52).
Applied set_property CLOCK_BUFFER_TYPE = NONE for DDR_dm[2]. (constraint file  /home/pjs/Desktop/smollm2-zybo/hw/vivado_project/GPTalk.gen/sources_1/bd/design_1/ip/design_1_processing_system7_0_0/design_1_processing_system7_0_0/design_1_processing_system7_0_0_in_context.xdc, line 53).
Applied set_property IO_BUFFER_TYPE = NONE for DDR_dm[3]. (constraint file  /home/pjs/Desktop/smollm2-zybo/hw/vivado_project/GPTalk.gen/sources_1/bd/design_1/ip/design_1_processing_system7_0_0/design_1_processing_system7_0_0/design_1_processing_system7_0_0_in_context.xdc, line 54).
Applied set_property CLOCK_BUFFER_TYPE = NONE for DDR_dm[3]. (constraint file  /home/pjs/Desktop/smollm2-zybo/hw/vivado_project/GPTalk.gen/sources_1/bd/design_1/ip/design_1_processing_system7_0_0/design_1_processing_system7_0_0/design_1_processing_system7_0_0_in_context.xdc, line 55).
Applied set_property IO_BUFFER_TYPE = NONE for DDR_dqs_p[0]. (constraint file  /home/pjs/Desktop/smollm2-zybo/hw/vivado_project/GPTalk.gen/sources_1/bd/design_1/ip/design_1_processing_system7_0_0/design_1_processing_system7_0_0/design_1_processing_system7_0_0_in_context.xdc, line 56).
Applied set_property CLOCK_BUFFER_TYPE = NONE for DDR_dqs_p[0]. (constraint file  /home/pjs/Desktop/smollm2-zybo/hw/vivado_project/GPTalk.gen/sources_1/bd/design_1/ip/design_1_processing_system7_0_0/design_1_processing_system7_0_0/design_1_processing_system7_0_0_in_context.xdc, line 57).
Applied set_property IO_BUFFER_TYPE = NONE for DDR_dqs_p[1]. (constraint file  /home/pjs/Desktop/smollm2-zybo/hw/vivado_project/GPTalk.gen/sources_1/bd/design_1/ip/design_1_processing_system7_0_0/design_1_processing_system7_0_0/design_1_processing_system7_0_0_in_context.xdc, line 58).
Applied set_property CLOCK_BUFFER_TYPE = NONE for DDR_dqs_p[1]. (constraint file  /home/pjs/Desktop/smollm2-zybo/hw/vivado_project/GPTalk.gen/sources_1/bd/design_1/ip/design_1_processing_system7_0_0/design_1_processing_system7_0_0/design_1_processing_system7_0_0_in_context.xdc, line 59).
Applied set_property IO_BUFFER_TYPE = NONE for DDR_dqs_p[2]. (constraint file  /home/pjs/Desktop/smollm2-zybo/hw/vivado_project/GPTalk.gen/sources_1/bd/design_1/ip/design_1_processing_system7_0_0/design_1_processing_system7_0_0/design_1_processing_system7_0_0_in_context.xdc, line 60).
Applied set_property CLOCK_BUFFER_TYPE = NONE for DDR_dqs_p[2]. (constraint file  /home/pjs/Desktop/smollm2-zybo/hw/vivado_project/GPTalk.gen/sources_1/bd/design_1/ip/design_1_processing_system7_0_0/design_1_processing_system7_0_0/design_1_processing_system7_0_0_in_context.xdc, line 61).
Applied set_property IO_BUFFER_TYPE = NONE for DDR_dqs_p[3]. (constraint file  /home/pjs/Desktop/smollm2-zybo/hw/vivado_project/GPTalk.gen/sources_1/bd/design_1/ip/design_1_processing_system7_0_0/design_1_processing_system7_0_0/design_1_processing_system7_0_0_in_context.xdc, line 62).
Applied set_property CLOCK_BUFFER_TYPE = NONE for DDR_dqs_p[3]. (constraint file  /home/pjs/Desktop/smollm2-zybo/hw/vivado_project/GPTalk.gen/sources_1/bd/design_1/ip/design_1_processing_system7_0_0/design_1_processing_system7_0_0/design_1_processing_system7_0_0_in_context.xdc, line 63).
Applied set_property IO_BUFFER_TYPE = NONE for DDR_dqs_n[0]. (constraint file  /home/pjs/Desktop/smollm2-zybo/hw/vivado_project/GPTalk.gen/sources_1/bd/design_1/ip/design_1_processing_system7_0_0/design_1_processing_system7_0_0/design_1_processing_system7_0_0_in_context.xdc, line 64).
Applied set_property CLOCK_BUFFER_TYPE = NONE for DDR_dqs_n[0]. (constraint file  /home/pjs/Desktop/smollm2-zybo/hw/vivado_project/GPTalk.gen/sources_1/bd/design_1/ip/design_1_processing_system7_0_0/design_1_processing_system7_0_0/design_1_processing_system7_0_0_in_context.xdc, line 65).
Applied set_property IO_BUFFER_TYPE = NONE for DDR_dqs_n[1]. (constraint file  /home/pjs/Desktop/smollm2-zybo/hw/vivado_project/GPTalk.gen/sources_1/bd/design_1/ip/design_1_processing_system7_0_0/design_1_processing_system7_0_0/design_1_processing_system7_0_0_in_context.xdc, line 66).
Applied set_property CLOCK_BUFFER_TYPE = NONE for DDR_dqs_n[1]. (constraint file  /home/pjs/Desktop/smollm2-zybo/hw/vivado_project/GPTalk.gen/sources_1/bd/design_1/ip/design_1_processing_system7_0_0/design_1_processing_system7_0_0/design_1_processing_system7_0_0_in_context.xdc, line 67).
Applied set_property IO_BUFFER_TYPE = NONE for DDR_dqs_n[2]. (constraint file  /home/pjs/Desktop/smollm2-zybo/hw/vivado_project/GPTalk.gen/sources_1/bd/design_1/ip/design_1_processing_system7_0_0/design_1_processing_system7_0_0/design_1_processing_system7_0_0_in_context.xdc, line 68).
Applied set_property CLOCK_BUFFER_TYPE = NONE for DDR_dqs_n[2]. (constraint file  /home/pjs/Desktop/smollm2-zybo/hw/vivado_project/GPTalk.gen/sources_1/bd/design_1/ip/design_1_processing_system7_0_0/design_1_processing_system7_0_0/design_1_processing_system7_0_0_in_context.xdc, line 69).
Applied set_property IO_BUFFER_TYPE = NONE for DDR_dqs_n[3]. (constraint file  /home/pjs/Desktop/smollm2-zybo/hw/vivado_project/GPTalk.gen/sources_1/bd/design_1/ip/design_1_processing_system7_0_0/design_1_processing_system7_0_0/design_1_processing_system7_0_0_in_context.xdc, line 70).
Applied set_property CLOCK_BUFFER_TYPE = NONE for DDR_dqs_n[3]. (constraint file  /home/pjs/Desktop/smollm2-zybo/hw/vivado_project/GPTalk.gen/sources_1/bd/design_1/ip/design_1_processing_system7_0_0/design_1_processing_system7_0_0/design_1_processing_system7_0_0_in_context.xdc, line 71).
Applied set_property IO_BUFFER_TYPE = NONE for DDR_dq[0]. (constraint file  /home/pjs/Desktop/smollm2-zybo/hw/vivado_project/GPTalk.gen/sources_1/bd/design_1/ip/design_1_processing_system7_0_0/design_1_processing_system7_0_0/design_1_processing_system7_0_0_in_context.xdc, line 72).
Applied set_property CLOCK_BUFFER_TYPE = NONE for DDR_dq[0]. (constraint file  /home/pjs/Desktop/smollm2-zybo/hw/vivado_project/GPTalk.gen/sources_1/bd/design_1/ip/design_1_processing_system7_0_0/design_1_processing_system7_0_0/design_1_processing_system7_0_0_in_context.xdc, line 73).
Applied set_property IO_BUFFER_TYPE = NONE for DDR_dq[10]. (constraint file  /home/pjs/Desktop/smollm2-zybo/hw/vivado_project/GPTalk.gen/sources_1/bd/design_1/ip/design_1_processing_system7_0_0/design_1_processing_system7_0_0/design_1_processing_system7_0_0_in_context.xdc, line 74).
Applied set_property CLOCK_BUFFER_TYPE = NONE for DDR_dq[10]. (constraint file  /home/pjs/Desktop/smollm2-zybo/hw/vivado_project/GPTalk.gen/sources_1/bd/design_1/ip/design_1_processing_system7_0_0/design_1_processing_system7_0_0/design_1_processing_system7_0_0_in_context.xdc, line 75).
Applied set_property IO_BUFFER_TYPE = NONE for DDR_dq[11]. (constraint file  /home/pjs/Desktop/smollm2-zybo/hw/vivado_project/GPTalk.gen/sources_1/bd/design_1/ip/design_1_processing_system7_0_0/design_1_processing_system7_0_0/design_1_processing_system7_0_0_in_context.xdc, line 76).
Applied set_property CLOCK_BUFFER_TYPE = NONE for DDR_dq[11]. (constraint file  /home/pjs/Desktop/smollm2-zybo/hw/vivado_project/GPTalk.gen/sources_1/bd/design_1/ip/design_1_processing_system7_0_0/design_1_processing_system7_0_0/design_1_processing_system7_0_0_in_context.xdc, line 77).
Applied set_property IO_BUFFER_TYPE = NONE for DDR_dq[12]. (constraint file  /home/pjs/Desktop/smollm2-zybo/hw/vivado_project/GPTalk.gen/sources_1/bd/design_1/ip/design_1_processing_system7_0_0/design_1_processing_system7_0_0/design_1_processing_system7_0_0_in_context.xdc, line 78).
Applied set_property CLOCK_BUFFER_TYPE = NONE for DDR_dq[12]. (constraint file  /home/pjs/Desktop/smollm2-zybo/hw/vivado_project/GPTalk.gen/sources_1/bd/design_1/ip/design_1_processing_system7_0_0/design_1_processing_system7_0_0/design_1_processing_system7_0_0_in_context.xdc, line 79).
Applied set_property IO_BUFFER_TYPE = NONE for DDR_dq[13]. (constraint file  /home/pjs/Desktop/smollm2-zybo/hw/vivado_project/GPTalk.gen/sources_1/bd/design_1/ip/design_1_processing_system7_0_0/design_1_processing_system7_0_0/design_1_processing_system7_0_0_in_context.xdc, line 80).
Applied set_property CLOCK_BUFFER_TYPE = NONE for DDR_dq[13]. (constraint file  /home/pjs/Desktop/smollm2-zybo/hw/vivado_project/GPTalk.gen/sources_1/bd/design_1/ip/design_1_processing_system7_0_0/design_1_processing_system7_0_0/design_1_processing_system7_0_0_in_context.xdc, line 81).
Applied set_property IO_BUFFER_TYPE = NONE for DDR_dq[14]. (constraint file  /home/pjs/Desktop/smollm2-zybo/hw/vivado_project/GPTalk.gen/sources_1/bd/design_1/ip/design_1_processing_system7_0_0/design_1_processing_system7_0_0/design_1_processing_system7_0_0_in_context.xdc, line 82).
Applied set_property CLOCK_BUFFER_TYPE = NONE for DDR_dq[14]. (constraint file  /home/pjs/Desktop/smollm2-zybo/hw/vivado_project/GPTalk.gen/sources_1/bd/design_1/ip/design_1_processing_system7_0_0/design_1_processing_system7_0_0/design_1_processing_system7_0_0_in_context.xdc, line 83).
Applied set_property IO_BUFFER_TYPE = NONE for DDR_dq[15]. (constraint file  /home/pjs/Desktop/smollm2-zybo/hw/vivado_project/GPTalk.gen/sources_1/bd/design_1/ip/design_1_processing_system7_0_0/design_1_processing_system7_0_0/design_1_processing_system7_0_0_in_context.xdc, line 84).
Applied set_property CLOCK_BUFFER_TYPE = NONE for DDR_dq[15]. (constraint file  /home/pjs/Desktop/smollm2-zybo/hw/vivado_project/GPTalk.gen/sources_1/bd/design_1/ip/design_1_processing_system7_0_0/design_1_processing_system7_0_0/design_1_processing_system7_0_0_in_context.xdc, line 85).
Applied set_property IO_BUFFER_TYPE = NONE for DDR_dq[16]. (constraint file  /home/pjs/Desktop/smollm2-zybo/hw/vivado_project/GPTalk.gen/sources_1/bd/design_1/ip/design_1_processing_system7_0_0/design_1_processing_system7_0_0/design_1_processing_system7_0_0_in_context.xdc, line 86).
Applied set_property CLOCK_BUFFER_TYPE = NONE for DDR_dq[16]. (constraint file  /home/pjs/Desktop/smollm2-zybo/hw/vivado_project/GPTalk.gen/sources_1/bd/design_1/ip/design_1_processing_system7_0_0/design_1_processing_system7_0_0/design_1_processing_system7_0_0_in_context.xdc, line 87).
Applied set_property IO_BUFFER_TYPE = NONE for DDR_dq[17]. (constraint file  /home/pjs/Desktop/smollm2-zybo/hw/vivado_project/GPTalk.gen/sources_1/bd/design_1/ip/design_1_processing_system7_0_0/design_1_processing_system7_0_0/design_1_processing_system7_0_0_in_context.xdc, line 88).
Applied set_property CLOCK_BUFFER_TYPE = NONE for DDR_dq[17]. (constraint file  /home/pjs/Desktop/smollm2-zybo/hw/vivado_project/GPTalk.gen/sources_1/bd/design_1/ip/design_1_processing_system7_0_0/design_1_processing_system7_0_0/design_1_processing_system7_0_0_in_context.xdc, line 89).
Applied set_property IO_BUFFER_TYPE = NONE for DDR_dq[18]. (constraint file  /home/pjs/Desktop/smollm2-zybo/hw/vivado_project/GPTalk.gen/sources_1/bd/design_1/ip/design_1_processing_system7_0_0/design_1_processing_system7_0_0/design_1_processing_system7_0_0_in_context.xdc, line 90).
Applied set_property CLOCK_BUFFER_TYPE = NONE for DDR_dq[18]. (constraint file  /home/pjs/Desktop/smollm2-zybo/hw/vivado_project/GPTalk.gen/sources_1/bd/design_1/ip/design_1_processing_system7_0_0/design_1_processing_system7_0_0/design_1_processing_system7_0_0_in_context.xdc, line 91).
Applied set_property IO_BUFFER_TYPE = NONE for DDR_dq[19]. (constraint file  /home/pjs/Desktop/smollm2-zybo/hw/vivado_project/GPTalk.gen/sources_1/bd/design_1/ip/design_1_processing_system7_0_0/design_1_processing_system7_0_0/design_1_processing_system7_0_0_in_context.xdc, line 92).
Applied set_property CLOCK_BUFFER_TYPE = NONE for DDR_dq[19]. (constraint file  /home/pjs/Desktop/smollm2-zybo/hw/vivado_project/GPTalk.gen/sources_1/bd/design_1/ip/design_1_processing_system7_0_0/design_1_processing_system7_0_0/design_1_processing_system7_0_0_in_context.xdc, line 93).
Applied set_property IO_BUFFER_TYPE = NONE for DDR_dq[1]. (constraint file  /home/pjs/Desktop/smollm2-zybo/hw/vivado_project/GPTalk.gen/sources_1/bd/design_1/ip/design_1_processing_system7_0_0/design_1_processing_system7_0_0/design_1_processing_system7_0_0_in_context.xdc, line 94).
Applied set_property CLOCK_BUFFER_TYPE = NONE for DDR_dq[1]. (constraint file  /home/pjs/Desktop/smollm2-zybo/hw/vivado_project/GPTalk.gen/sources_1/bd/design_1/ip/design_1_processing_system7_0_0/design_1_processing_system7_0_0/design_1_processing_system7_0_0_in_context.xdc, line 95).
Applied set_property IO_BUFFER_TYPE = NONE for DDR_dq[20]. (constraint file  /home/pjs/Desktop/smollm2-zybo/hw/vivado_project/GPTalk.gen/sources_1/bd/design_1/ip/design_1_processing_system7_0_0/design_1_processing_system7_0_0/design_1_processing_system7_0_0_in_context.xdc, line 96).
Applied set_property CLOCK_BUFFER_TYPE = NONE for DDR_dq[20]. (constraint file  /home/pjs/Desktop/smollm2-zybo/hw/vivado_project/GPTalk.gen/sources_1/bd/design_1/ip/design_1_processing_system7_0_0/design_1_processing_system7_0_0/design_1_processing_system7_0_0_in_context.xdc, line 97).
Applied set_property IO_BUFFER_TYPE = NONE for DDR_dq[21]. (constraint file  /home/pjs/Desktop/smollm2-zybo/hw/vivado_project/GPTalk.gen/sources_1/bd/design_1/ip/design_1_processing_system7_0_0/design_1_processing_system7_0_0/design_1_processing_system7_0_0_in_context.xdc, line 98).
Applied set_property CLOCK_BUFFER_TYPE = NONE for DDR_dq[21]. (constraint file  /home/pjs/Desktop/smollm2-zybo/hw/vivado_project/GPTalk.gen/sources_1/bd/design_1/ip/design_1_processing_system7_0_0/design_1_processing_system7_0_0/design_1_processing_system7_0_0_in_context.xdc, line 99).
Applied set_property IO_BUFFER_TYPE = NONE for DDR_dq[22]. (constraint file  /home/pjs/Desktop/smollm2-zybo/hw/vivado_project/GPTalk.gen/sources_1/bd/design_1/ip/design_1_processing_system7_0_0/design_1_processing_system7_0_0/design_1_processing_system7_0_0_in_context.xdc, line 100).
Applied set_property CLOCK_BUFFER_TYPE = NONE for DDR_dq[22]. (constraint file  /home/pjs/Desktop/smollm2-zybo/hw/vivado_project/GPTalk.gen/sources_1/bd/design_1/ip/design_1_processing_system7_0_0/design_1_processing_system7_0_0/design_1_processing_system7_0_0_in_context.xdc, line 101).
Applied set_property IO_BUFFER_TYPE = NONE for DDR_dq[23]. (constraint file  /home/pjs/Desktop/smollm2-zybo/hw/vivado_project/GPTalk.gen/sources_1/bd/design_1/ip/design_1_processing_system7_0_0/design_1_processing_system7_0_0/design_1_processing_system7_0_0_in_context.xdc, line 102).
Applied set_property CLOCK_BUFFER_TYPE = NONE for DDR_dq[23]. (constraint file  /home/pjs/Desktop/smollm2-zybo/hw/vivado_project/GPTalk.gen/sources_1/bd/design_1/ip/design_1_processing_system7_0_0/design_1_processing_system7_0_0/design_1_processing_system7_0_0_in_context.xdc, line 103).
Applied set_property IO_BUFFER_TYPE = NONE for DDR_dq[24]. (constraint file  /home/pjs/Desktop/smollm2-zybo/hw/vivado_project/GPTalk.gen/sources_1/bd/design_1/ip/design_1_processing_system7_0_0/design_1_processing_system7_0_0/design_1_processing_system7_0_0_in_context.xdc, line 104).
Applied set_property CLOCK_BUFFER_TYPE = NONE for DDR_dq[24]. (constraint file  /home/pjs/Desktop/smollm2-zybo/hw/vivado_project/GPTalk.gen/sources_1/bd/design_1/ip/design_1_processing_system7_0_0/design_1_processing_system7_0_0/design_1_processing_system7_0_0_in_context.xdc, line 105).
Applied set_property IO_BUFFER_TYPE = NONE for DDR_dq[25]. (constraint file  /home/pjs/Desktop/smollm2-zybo/hw/vivado_project/GPTalk.gen/sources_1/bd/design_1/ip/design_1_processing_system7_0_0/design_1_processing_system7_0_0/design_1_processing_system7_0_0_in_context.xdc, line 106).
Applied set_property CLOCK_BUFFER_TYPE = NONE for DDR_dq[25]. (constraint file  /home/pjs/Desktop/smollm2-zybo/hw/vivado_project/GPTalk.gen/sources_1/bd/design_1/ip/design_1_processing_system7_0_0/design_1_processing_system7_0_0/design_1_processing_system7_0_0_in_context.xdc, line 107).
Applied set_property IO_BUFFER_TYPE = NONE for DDR_dq[26]. (constraint file  /home/pjs/Desktop/smollm2-zybo/hw/vivado_project/GPTalk.gen/sources_1/bd/design_1/ip/design_1_processing_system7_0_0/design_1_processing_system7_0_0/design_1_processing_system7_0_0_in_context.xdc, line 108).
Applied set_property CLOCK_BUFFER_TYPE = NONE for DDR_dq[26]. (constraint file  /home/pjs/Desktop/smollm2-zybo/hw/vivado_project/GPTalk.gen/sources_1/bd/design_1/ip/design_1_processing_system7_0_0/design_1_processing_system7_0_0/design_1_processing_system7_0_0_in_context.xdc, line 109).
Applied set_property IO_BUFFER_TYPE = NONE for DDR_dq[27]. (constraint file  /home/pjs/Desktop/smollm2-zybo/hw/vivado_project/GPTalk.gen/sources_1/bd/design_1/ip/design_1_processing_system7_0_0/design_1_processing_system7_0_0/design_1_processing_system7_0_0_in_context.xdc, line 110).
Applied set_property CLOCK_BUFFER_TYPE = NONE for DDR_dq[27]. (constraint file  /home/pjs/Desktop/smollm2-zybo/hw/vivado_project/GPTalk.gen/sources_1/bd/design_1/ip/design_1_processing_system7_0_0/design_1_processing_system7_0_0/design_1_processing_system7_0_0_in_context.xdc, line 111).
Applied set_property IO_BUFFER_TYPE = NONE for DDR_dq[28]. (constraint file  /home/pjs/Desktop/smollm2-zybo/hw/vivado_project/GPTalk.gen/sources_1/bd/design_1/ip/design_1_processing_system7_0_0/design_1_processing_system7_0_0/design_1_processing_system7_0_0_in_context.xdc, line 112).
Applied set_property CLOCK_BUFFER_TYPE = NONE for DDR_dq[28]. (constraint file  /home/pjs/Desktop/smollm2-zybo/hw/vivado_project/GPTalk.gen/sources_1/bd/design_1/ip/design_1_processing_system7_0_0/design_1_processing_system7_0_0/design_1_processing_system7_0_0_in_context.xdc, line 113).
Applied set_property IO_BUFFER_TYPE = NONE for DDR_dq[29]. (constraint file  /home/pjs/Desktop/smollm2-zybo/hw/vivado_project/GPTalk.gen/sources_1/bd/design_1/ip/design_1_processing_system7_0_0/design_1_processing_system7_0_0/design_1_processing_system7_0_0_in_context.xdc, line 114).
Applied set_property CLOCK_BUFFER_TYPE = NONE for DDR_dq[29]. (constraint file  /home/pjs/Desktop/smollm2-zybo/hw/vivado_project/GPTalk.gen/sources_1/bd/design_1/ip/design_1_processing_system7_0_0/design_1_processing_system7_0_0/design_1_processing_system7_0_0_in_context.xdc, line 115).
Applied set_property IO_BUFFER_TYPE = NONE for DDR_dq[2]. (constraint file  /home/pjs/Desktop/smollm2-zybo/hw/vivado_project/GPTalk.gen/sources_1/bd/design_1/ip/design_1_processing_system7_0_0/design_1_processing_system7_0_0/design_1_processing_system7_0_0_in_context.xdc, line 116).
Applied set_property CLOCK_BUFFER_TYPE = NONE for DDR_dq[2]. (constraint file  /home/pjs/Desktop/smollm2-zybo/hw/vivado_project/GPTalk.gen/sources_1/bd/design_1/ip/design_1_processing_system7_0_0/design_1_processing_system7_0_0/design_1_processing_system7_0_0_in_context.xdc, line 117).
Applied set_property IO_BUFFER_TYPE = NONE for DDR_dq[30]. (constraint file  /home/pjs/Desktop/smollm2-zybo/hw/vivado_project/GPTalk.gen/sources_1/bd/design_1/ip/design_1_processing_system7_0_0/design_1_processing_system7_0_0/design_1_processing_system7_0_0_in_context.xdc, line 118).
Applied set_property CLOCK_BUFFER_TYPE = NONE for DDR_dq[30]. (constraint file  /home/pjs/Desktop/smollm2-zybo/hw/vivado_project/GPTalk.gen/sources_1/bd/design_1/ip/design_1_processing_system7_0_0/design_1_processing_system7_0_0/design_1_processing_system7_0_0_in_context.xdc, line 119).
Applied set_property IO_BUFFER_TYPE = NONE for DDR_dq[31]. (constraint file  /home/pjs/Desktop/smollm2-zybo/hw/vivado_project/GPTalk.gen/sources_1/bd/design_1/ip/design_1_processing_system7_0_0/design_1_processing_system7_0_0/design_1_processing_system7_0_0_in_context.xdc, line 120).
Applied set_property CLOCK_BUFFER_TYPE = NONE for DDR_dq[31]. (constraint file  /home/pjs/Desktop/smollm2-zybo/hw/vivado_project/GPTalk.gen/sources_1/bd/design_1/ip/design_1_processing_system7_0_0/design_1_processing_system7_0_0/design_1_processing_system7_0_0_in_context.xdc, line 121).
Applied set_property IO_BUFFER_TYPE = NONE for DDR_dq[3]. (constraint file  /home/pjs/Desktop/smollm2-zybo/hw/vivado_project/GPTalk.gen/sources_1/bd/design_1/ip/design_1_processing_system7_0_0/design_1_processing_system7_0_0/design_1_processing_system7_0_0_in_context.xdc, line 122).
Applied set_property CLOCK_BUFFER_TYPE = NONE for DDR_dq[3]. (constraint file  /home/pjs/Desktop/smollm2-zybo/hw/vivado_project/GPTalk.gen/sources_1/bd/design_1/ip/design_1_processing_system7_0_0/design_1_processing_system7_0_0/design_1_processing_system7_0_0_in_context.xdc, line 123).
Applied set_property IO_BUFFER_TYPE = NONE for DDR_dq[4]. (constraint file  /home/pjs/Desktop/smollm2-zybo/hw/vivado_project/GPTalk.gen/sources_1/bd/design_1/ip/design_1_processing_system7_0_0/design_1_processing_system7_0_0/design_1_processing_system7_0_0_in_context.xdc, line 124).
Applied set_property CLOCK_BUFFER_TYPE = NONE for DDR_dq[4]. (constraint file  /home/pjs/Desktop/smollm2-zybo/hw/vivado_project/GPTalk.gen/sources_1/bd/design_1/ip/design_1_processing_system7_0_0/design_1_processing_system7_0_0/design_1_processing_system7_0_0_in_context.xdc, line 125).
Applied set_property IO_BUFFER_TYPE = NONE for DDR_dq[5]. (constraint file  /home/pjs/Desktop/smollm2-zybo/hw/vivado_project/GPTalk.gen/sources_1/bd/design_1/ip/design_1_processing_system7_0_0/design_1_processing_system7_0_0/design_1_processing_system7_0_0_in_context.xdc, line 126).
Applied set_property CLOCK_BUFFER_TYPE = NONE for DDR_dq[5]. (constraint file  /home/pjs/Desktop/smollm2-zybo/hw/vivado_project/GPTalk.gen/sources_1/bd/design_1/ip/design_1_processing_system7_0_0/design_1_processing_system7_0_0/design_1_processing_system7_0_0_in_context.xdc, line 127).
Applied set_property IO_BUFFER_TYPE = NONE for DDR_dq[6]. (constraint file  /home/pjs/Desktop/smollm2-zybo/hw/vivado_project/GPTalk.gen/sources_1/bd/design_1/ip/design_1_processing_system7_0_0/design_1_processing_system7_0_0/design_1_processing_system7_0_0_in_context.xdc, line 128).
Applied set_property CLOCK_BUFFER_TYPE = NONE for DDR_dq[6]. (constraint file  /home/pjs/Desktop/smollm2-zybo/hw/vivado_project/GPTalk.gen/sources_1/bd/design_1/ip/design_1_processing_system7_0_0/design_1_processing_system7_0_0/design_1_processing_system7_0_0_in_context.xdc, line 129).
Applied set_property IO_BUFFER_TYPE = NONE for DDR_dq[7]. (constraint file  /home/pjs/Desktop/smollm2-zybo/hw/vivado_project/GPTalk.gen/sources_1/bd/design_1/ip/design_1_processing_system7_0_0/design_1_processing_system7_0_0/design_1_processing_system7_0_0_in_context.xdc, line 130).
Applied set_property CLOCK_BUFFER_TYPE = NONE for DDR_dq[7]. (constraint file  /home/pjs/Desktop/smollm2-zybo/hw/vivado_project/GPTalk.gen/sources_1/bd/design_1/ip/design_1_processing_system7_0_0/design_1_processing_system7_0_0/design_1_processing_system7_0_0_in_context.xdc, line 131).
Applied set_property IO_BUFFER_TYPE = NONE for DDR_dq[8]. (constraint file  /home/pjs/Desktop/smollm2-zybo/hw/vivado_project/GPTalk.gen/sources_1/bd/design_1/ip/design_1_processing_system7_0_0/design_1_processing_system7_0_0/design_1_processing_system7_0_0_in_context.xdc, line 132).
Applied set_property CLOCK_BUFFER_TYPE = NONE for DDR_dq[8]. (constraint file  /home/pjs/Desktop/smollm2-zybo/hw/vivado_project/GPTalk.gen/sources_1/bd/design_1/ip/design_1_processing_system7_0_0/design_1_processing_system7_0_0/design_1_processing_system7_0_0_in_context.xdc, line 133).
Applied set_property IO_BUFFER_TYPE = NONE for DDR_dq[9]. (constraint file  /home/pjs/Desktop/smollm2-zybo/hw/vivado_project/GPTalk.gen/sources_1/bd/design_1/ip/design_1_processing_system7_0_0/design_1_processing_system7_0_0/design_1_processing_system7_0_0_in_context.xdc, line 134).
Applied set_property CLOCK_BUFFER_TYPE = NONE for DDR_dq[9]. (constraint file  /home/pjs/Desktop/smollm2-zybo/hw/vivado_project/GPTalk.gen/sources_1/bd/design_1/ip/design_1_processing_system7_0_0/design_1_processing_system7_0_0/design_1_processing_system7_0_0_in_context.xdc, line 135).
Applied set_property IO_BUFFER_TYPE = NONE for DDR_reset_n. (constraint file  /home/pjs/Desktop/smollm2-zybo/hw/vivado_project/GPTalk.gen/sources_1/bd/design_1/ip/design_1_processing_system7_0_0/design_1_processing_system7_0_0/design_1_processing_system7_0_0_in_context.xdc, line 136).
Applied set_property CLOCK_BUFFER_TYPE = NONE for DDR_reset_n. (constraint file  /home/pjs/Desktop/smollm2-zybo/hw/vivado_project/GPTalk.gen/sources_1/bd/design_1/ip/design_1_processing_system7_0_0/design_1_processing_system7_0_0/design_1_processing_system7_0_0_in_context.xdc, line 137).
Applied set_property IO_BUFFER_TYPE = NONE for DDR_odt. (constraint file  /home/pjs/Desktop/smollm2-zybo/hw/vivado_project/GPTalk.gen/sources_1/bd/design_1/ip/design_1_processing_system7_0_0/design_1_processing_system7_0_0/design_1_processing_system7_0_0_in_context.xdc, line 138).
Applied set_property CLOCK_BUFFER_TYPE = NONE for DDR_odt. (constraint file  /home/pjs/Desktop/smollm2-zybo/hw/vivado_project/GPTalk.gen/sources_1/bd/design_1/ip/design_1_processing_system7_0_0/design_1_processing_system7_0_0/design_1_processing_system7_0_0_in_context.xdc, line 139).
Applied set_property IO_BUFFER_TYPE = NONE for DDR_ras_n. (constraint file  /home/pjs/Desktop/smollm2-zybo/hw/vivado_project/GPTalk.gen/sources_1/bd/design_1/ip/design_1_processing_system7_0_0/design_1_processing_system7_0_0/design_1_processing_system7_0_0_in_context.xdc, line 140).
Applied set_property CLOCK_BUFFER_TYPE = NONE for DDR_ras_n. (constraint file  /home/pjs/Desktop/smollm2-zybo/hw/vivado_project/GPTalk.gen/sources_1/bd/design_1/ip/design_1_processing_system7_0_0/design_1_processing_system7_0_0/design_1_processing_system7_0_0_in_context.xdc, line 141).
Applied set_property IO_BUFFER_TYPE = NONE for FIXED_IO_ddr_vrn. (constraint file  /home/pjs/Desktop/smollm2-zybo/hw/vivado_project/GPTalk.gen/sources_1/bd/design_1/ip/design_1_processing_system7_0_0/design_1_processing_system7_0_0/design_1_processing_system7_0_0_in_context.xdc, line 142).
Applied set_property CLOCK_BUFFER_TYPE = NONE for FIXED_IO_ddr_vrn. (constraint file  /home/pjs/Desktop/smollm2-zybo/hw/vivado_project/GPTalk.gen/sources_1/bd/design_1/ip/design_1_processing_system7_0_0/design_1_processing_system7_0_0/design_1_processing_system7_0_0_in_context.xdc, line 143).
Applied set_property IO_BUFFER_TYPE = NONE for FIXED_IO_ddr_vrp. (constraint file  /home/pjs/Desktop/smollm2-zybo/hw/vivado_project/GPTalk.gen/sources_1/bd/design_1/ip/design_1_processing_system7_0_0/design_1_processing_system7_0_0/design_1_processing_system7_0_0_in_context.xdc, line 144).
Applied set_property CLOCK_BUFFER_TYPE = NONE for FIXED_IO_ddr_vrp. (constraint file  /home/pjs/Desktop/smollm2-zybo/hw/vivado_project/GPTalk.gen/sources_1/bd/design_1/ip/design_1_processing_system7_0_0/design_1_processing_system7_0_0/design_1_processing_system7_0_0_in_context.xdc, line 145).
Applied set_property IO_BUFFER_TYPE = NONE for DDR_we_n. (constraint file  /home/pjs/Desktop/smollm2-zybo/hw/vivado_project/GPTalk.gen/sources_1/bd/design_1/ip/design_1_processing_system7_0_0/design_1_processing_system7_0_0/design_1_processing_system7_0_0_in_context.xdc, line 146).
Applied set_property CLOCK_BUFFER_TYPE = NONE for DDR_we_n. (constraint file  /home/pjs/Desktop/smollm2-zybo/hw/vivado_project/GPTalk.gen/sources_1/bd/design_1/ip/design_1_processing_system7_0_0/design_1_processing_system7_0_0/design_1_processing_system7_0_0_in_context.xdc, line 147).
Applied set_property IO_BUFFER_TYPE = NONE for FIXED_IO_mio[0]. (constraint file  /home/pjs/Desktop/smollm2-zybo/hw/vivado_project/GPTalk.gen/sources_1/bd/design_1/ip/design_1_processing_system7_0_0/design_1_processing_system7_0_0/design_1_processing_system7_0_0_in_context.xdc, line 148).
Applied set_property CLOCK_BUFFER_TYPE = NONE for FIXED_IO_mio[0]. (constraint file  /home/pjs/Desktop/smollm2-zybo/hw/vivado_project/GPTalk.gen/sources_1/bd/design_1/ip/design_1_processing_system7_0_0/design_1_processing_system7_0_0/design_1_processing_system7_0_0_in_context.xdc, line 149).
Applied set_property IO_BUFFER_TYPE = NONE for FIXED_IO_mio[10]. (constraint file  /home/pjs/Desktop/smollm2-zybo/hw/vivado_project/GPTalk.gen/sources_1/bd/design_1/ip/design_1_processing_system7_0_0/design_1_processing_system7_0_0/design_1_processing_system7_0_0_in_context.xdc, line 150).
Applied set_property CLOCK_BUFFER_TYPE = NONE for FIXED_IO_mio[10]. (constraint file  /home/pjs/Desktop/smollm2-zybo/hw/vivado_project/GPTalk.gen/sources_1/bd/design_1/ip/design_1_processing_system7_0_0/design_1_processing_system7_0_0/design_1_processing_system7_0_0_in_context.xdc, line 151).
Applied set_property IO_BUFFER_TYPE = NONE for FIXED_IO_mio[11]. (constraint file  /home/pjs/Desktop/smollm2-zybo/hw/vivado_project/GPTalk.gen/sources_1/bd/design_1/ip/design_1_processing_system7_0_0/design_1_processing_system7_0_0/design_1_processing_system7_0_0_in_context.xdc, line 152).
Applied set_property CLOCK_BUFFER_TYPE = NONE for FIXED_IO_mio[11]. (constraint file  /home/pjs/Desktop/smollm2-zybo/hw/vivado_project/GPTalk.gen/sources_1/bd/design_1/ip/design_1_processing_system7_0_0/design_1_processing_system7_0_0/design_1_processing_system7_0_0_in_context.xdc, line 153).
Applied set_property IO_BUFFER_TYPE = NONE for FIXED_IO_mio[12]. (constraint file  /home/pjs/Desktop/smollm2-zybo/hw/vivado_project/GPTalk.gen/sources_1/bd/design_1/ip/design_1_processing_system7_0_0/design_1_processing_system7_0_0/design_1_processing_system7_0_0_in_context.xdc, line 154).
Applied set_property CLOCK_BUFFER_TYPE = NONE for FIXED_IO_mio[12]. (constraint file  /home/pjs/Desktop/smollm2-zybo/hw/vivado_project/GPTalk.gen/sources_1/bd/design_1/ip/design_1_processing_system7_0_0/design_1_processing_system7_0_0/design_1_processing_system7_0_0_in_context.xdc, line 155).
Applied set_property IO_BUFFER_TYPE = NONE for FIXED_IO_mio[13]. (constraint file  /home/pjs/Desktop/smollm2-zybo/hw/vivado_project/GPTalk.gen/sources_1/bd/design_1/ip/design_1_processing_system7_0_0/design_1_processing_system7_0_0/design_1_processing_system7_0_0_in_context.xdc, line 156).
Applied set_property CLOCK_BUFFER_TYPE = NONE for FIXED_IO_mio[13]. (constraint file  /home/pjs/Desktop/smollm2-zybo/hw/vivado_project/GPTalk.gen/sources_1/bd/design_1/ip/design_1_processing_system7_0_0/design_1_processing_system7_0_0/design_1_processing_system7_0_0_in_context.xdc, line 157).
Applied set_property IO_BUFFER_TYPE = NONE for FIXED_IO_mio[14]. (constraint file  /home/pjs/Desktop/smollm2-zybo/hw/vivado_project/GPTalk.gen/sources_1/bd/design_1/ip/design_1_processing_system7_0_0/design_1_processing_system7_0_0/design_1_processing_system7_0_0_in_context.xdc, line 158).
Applied set_property CLOCK_BUFFER_TYPE = NONE for FIXED_IO_mio[14]. (constraint file  /home/pjs/Desktop/smollm2-zybo/hw/vivado_project/GPTalk.gen/sources_1/bd/design_1/ip/design_1_processing_system7_0_0/design_1_processing_system7_0_0/design_1_processing_system7_0_0_in_context.xdc, line 159).
Applied set_property IO_BUFFER_TYPE = NONE for FIXED_IO_mio[15]. (constraint file  /home/pjs/Desktop/smollm2-zybo/hw/vivado_project/GPTalk.gen/sources_1/bd/design_1/ip/design_1_processing_system7_0_0/design_1_processing_system7_0_0/design_1_processing_system7_0_0_in_context.xdc, line 160).
Applied set_property CLOCK_BUFFER_TYPE = NONE for FIXED_IO_mio[15]. (constraint file  /home/pjs/Desktop/smollm2-zybo/hw/vivado_project/GPTalk.gen/sources_1/bd/design_1/ip/design_1_processing_system7_0_0/design_1_processing_system7_0_0/design_1_processing_system7_0_0_in_context.xdc, line 161).
Applied set_property IO_BUFFER_TYPE = NONE for FIXED_IO_mio[16]. (constraint file  /home/pjs/Desktop/smollm2-zybo/hw/vivado_project/GPTalk.gen/sources_1/bd/design_1/ip/design_1_processing_system7_0_0/design_1_processing_system7_0_0/design_1_processing_system7_0_0_in_context.xdc, line 162).
Applied set_property CLOCK_BUFFER_TYPE = NONE for FIXED_IO_mio[16]. (constraint file  /home/pjs/Desktop/smollm2-zybo/hw/vivado_project/GPTalk.gen/sources_1/bd/design_1/ip/design_1_processing_system7_0_0/design_1_processing_system7_0_0/design_1_processing_system7_0_0_in_context.xdc, line 163).
Applied set_property IO_BUFFER_TYPE = NONE for FIXED_IO_mio[17]. (constraint file  /home/pjs/Desktop/smollm2-zybo/hw/vivado_project/GPTalk.gen/sources_1/bd/design_1/ip/design_1_processing_system7_0_0/design_1_processing_system7_0_0/design_1_processing_system7_0_0_in_context.xdc, line 164).
Applied set_property CLOCK_BUFFER_TYPE = NONE for FIXED_IO_mio[17]. (constraint file  /home/pjs/Desktop/smollm2-zybo/hw/vivado_project/GPTalk.gen/sources_1/bd/design_1/ip/design_1_processing_system7_0_0/design_1_processing_system7_0_0/design_1_processing_system7_0_0_in_context.xdc, line 165).
Applied set_property IO_BUFFER_TYPE = NONE for FIXED_IO_mio[18]. (constraint file  /home/pjs/Desktop/smollm2-zybo/hw/vivado_project/GPTalk.gen/sources_1/bd/design_1/ip/design_1_processing_system7_0_0/design_1_processing_system7_0_0/design_1_processing_system7_0_0_in_context.xdc, line 166).
Applied set_property CLOCK_BUFFER_TYPE = NONE for FIXED_IO_mio[18]. (constraint file  /home/pjs/Desktop/smollm2-zybo/hw/vivado_project/GPTalk.gen/sources_1/bd/design_1/ip/design_1_processing_system7_0_0/design_1_processing_system7_0_0/design_1_processing_system7_0_0_in_context.xdc, line 167).
Applied set_property IO_BUFFER_TYPE = NONE for FIXED_IO_mio[19]. (constraint file  /home/pjs/Desktop/smollm2-zybo/hw/vivado_project/GPTalk.gen/sources_1/bd/design_1/ip/design_1_processing_system7_0_0/design_1_processing_system7_0_0/design_1_processing_system7_0_0_in_context.xdc, line 168).
Applied set_property CLOCK_BUFFER_TYPE = NONE for FIXED_IO_mio[19]. (constraint file  /home/pjs/Desktop/smollm2-zybo/hw/vivado_project/GPTalk.gen/sources_1/bd/design_1/ip/design_1_processing_system7_0_0/design_1_processing_system7_0_0/design_1_processing_system7_0_0_in_context.xdc, line 169).
Applied set_property IO_BUFFER_TYPE = NONE for FIXED_IO_mio[1]. (constraint file  /home/pjs/Desktop/smollm2-zybo/hw/vivado_project/GPTalk.gen/sources_1/bd/design_1/ip/design_1_processing_system7_0_0/design_1_processing_system7_0_0/design_1_processing_system7_0_0_in_context.xdc, line 170).
Applied set_property CLOCK_BUFFER_TYPE = NONE for FIXED_IO_mio[1]. (constraint file  /home/pjs/Desktop/smollm2-zybo/hw/vivado_project/GPTalk.gen/sources_1/bd/design_1/ip/design_1_processing_system7_0_0/design_1_processing_system7_0_0/design_1_processing_system7_0_0_in_context.xdc, line 171).
Applied set_property IO_BUFFER_TYPE = NONE for FIXED_IO_mio[20]. (constraint file  /home/pjs/Desktop/smollm2-zybo/hw/vivado_project/GPTalk.gen/sources_1/bd/design_1/ip/design_1_processing_system7_0_0/design_1_processing_system7_0_0/design_1_processing_system7_0_0_in_context.xdc, line 172).
Applied set_property CLOCK_BUFFER_TYPE = NONE for FIXED_IO_mio[20]. (constraint file  /home/pjs/Desktop/smollm2-zybo/hw/vivado_project/GPTalk.gen/sources_1/bd/design_1/ip/design_1_processing_system7_0_0/design_1_processing_system7_0_0/design_1_processing_system7_0_0_in_context.xdc, line 173).
Applied set_property IO_BUFFER_TYPE = NONE for FIXED_IO_mio[21]. (constraint file  /home/pjs/Desktop/smollm2-zybo/hw/vivado_project/GPTalk.gen/sources_1/bd/design_1/ip/design_1_processing_system7_0_0/design_1_processing_system7_0_0/design_1_processing_system7_0_0_in_context.xdc, line 174).
Applied set_property CLOCK_BUFFER_TYPE = NONE for FIXED_IO_mio[21]. (constraint file  /home/pjs/Desktop/smollm2-zybo/hw/vivado_project/GPTalk.gen/sources_1/bd/design_1/ip/design_1_processing_system7_0_0/design_1_processing_system7_0_0/design_1_processing_system7_0_0_in_context.xdc, line 175).
Applied set_property IO_BUFFER_TYPE = NONE for FIXED_IO_mio[22]. (constraint file  /home/pjs/Desktop/smollm2-zybo/hw/vivado_project/GPTalk.gen/sources_1/bd/design_1/ip/design_1_processing_system7_0_0/design_1_processing_system7_0_0/design_1_processing_system7_0_0_in_context.xdc, line 176).
Applied set_property CLOCK_BUFFER_TYPE = NONE for FIXED_IO_mio[22]. (constraint file  /home/pjs/Desktop/smollm2-zybo/hw/vivado_project/GPTalk.gen/sources_1/bd/design_1/ip/design_1_processing_system7_0_0/design_1_processing_system7_0_0/design_1_processing_system7_0_0_in_context.xdc, line 177).
Applied set_property IO_BUFFER_TYPE = NONE for FIXED_IO_mio[23]. (constraint file  /home/pjs/Desktop/smollm2-zybo/hw/vivado_project/GPTalk.gen/sources_1/bd/design_1/ip/design_1_processing_system7_0_0/design_1_processing_system7_0_0/design_1_processing_system7_0_0_in_context.xdc, line 178).
Applied set_property CLOCK_BUFFER_TYPE = NONE for FIXED_IO_mio[23]. (constraint file  /home/pjs/Desktop/smollm2-zybo/hw/vivado_project/GPTalk.gen/sources_1/bd/design_1/ip/design_1_processing_system7_0_0/design_1_processing_system7_0_0/design_1_processing_system7_0_0_in_context.xdc, line 179).
Applied set_property IO_BUFFER_TYPE = NONE for FIXED_IO_mio[24]. (constraint file  /home/pjs/Desktop/smollm2-zybo/hw/vivado_project/GPTalk.gen/sources_1/bd/design_1/ip/design_1_processing_system7_0_0/design_1_processing_system7_0_0/design_1_processing_system7_0_0_in_context.xdc, line 180).
Applied set_property CLOCK_BUFFER_TYPE = NONE for FIXED_IO_mio[24]. (constraint file  /home/pjs/Desktop/smollm2-zybo/hw/vivado_project/GPTalk.gen/sources_1/bd/design_1/ip/design_1_processing_system7_0_0/design_1_processing_system7_0_0/design_1_processing_system7_0_0_in_context.xdc, line 181).
Applied set_property IO_BUFFER_TYPE = NONE for FIXED_IO_mio[25]. (constraint file  /home/pjs/Desktop/smollm2-zybo/hw/vivado_project/GPTalk.gen/sources_1/bd/design_1/ip/design_1_processing_system7_0_0/design_1_processing_system7_0_0/design_1_processing_system7_0_0_in_context.xdc, line 182).
Applied set_property CLOCK_BUFFER_TYPE = NONE for FIXED_IO_mio[25]. (constraint file  /home/pjs/Desktop/smollm2-zybo/hw/vivado_project/GPTalk.gen/sources_1/bd/design_1/ip/design_1_processing_system7_0_0/design_1_processing_system7_0_0/design_1_processing_system7_0_0_in_context.xdc, line 183).
Applied set_property IO_BUFFER_TYPE = NONE for FIXED_IO_mio[26]. (constraint file  /home/pjs/Desktop/smollm2-zybo/hw/vivado_project/GPTalk.gen/sources_1/bd/design_1/ip/design_1_processing_system7_0_0/design_1_processing_system7_0_0/design_1_processing_system7_0_0_in_context.xdc, line 184).
Applied set_property CLOCK_BUFFER_TYPE = NONE for FIXED_IO_mio[26]. (constraint file  /home/pjs/Desktop/smollm2-zybo/hw/vivado_project/GPTalk.gen/sources_1/bd/design_1/ip/design_1_processing_system7_0_0/design_1_processing_system7_0_0/design_1_processing_system7_0_0_in_context.xdc, line 185).
Applied set_property IO_BUFFER_TYPE = NONE for FIXED_IO_mio[27]. (constraint file  /home/pjs/Desktop/smollm2-zybo/hw/vivado_project/GPTalk.gen/sources_1/bd/design_1/ip/design_1_processing_system7_0_0/design_1_processing_system7_0_0/design_1_processing_system7_0_0_in_context.xdc, line 186).
Applied set_property CLOCK_BUFFER_TYPE = NONE for FIXED_IO_mio[27]. (constraint file  /home/pjs/Desktop/smollm2-zybo/hw/vivado_project/GPTalk.gen/sources_1/bd/design_1/ip/design_1_processing_system7_0_0/design_1_processing_system7_0_0/design_1_processing_system7_0_0_in_context.xdc, line 187).
Applied set_property IO_BUFFER_TYPE = NONE for FIXED_IO_mio[28]. (constraint file  /home/pjs/Desktop/smollm2-zybo/hw/vivado_project/GPTalk.gen/sources_1/bd/design_1/ip/design_1_processing_system7_0_0/design_1_processing_system7_0_0/design_1_processing_system7_0_0_in_context.xdc, line 188).
Applied set_property CLOCK_BUFFER_TYPE = NONE for FIXED_IO_mio[28]. (constraint file  /home/pjs/Desktop/smollm2-zybo/hw/vivado_project/GPTalk.gen/sources_1/bd/design_1/ip/design_1_processing_system7_0_0/design_1_processing_system7_0_0/design_1_processing_system7_0_0_in_context.xdc, line 189).
Applied set_property IO_BUFFER_TYPE = NONE for FIXED_IO_mio[29]. (constraint file  /home/pjs/Desktop/smollm2-zybo/hw/vivado_project/GPTalk.gen/sources_1/bd/design_1/ip/design_1_processing_system7_0_0/design_1_processing_system7_0_0/design_1_processing_system7_0_0_in_context.xdc, line 190).
Applied set_property CLOCK_BUFFER_TYPE = NONE for FIXED_IO_mio[29]. (constraint file  /home/pjs/Desktop/smollm2-zybo/hw/vivado_project/GPTalk.gen/sources_1/bd/design_1/ip/design_1_processing_system7_0_0/design_1_processing_system7_0_0/design_1_processing_system7_0_0_in_context.xdc, line 191).
Applied set_property IO_BUFFER_TYPE = NONE for FIXED_IO_mio[2]. (constraint file  /home/pjs/Desktop/smollm2-zybo/hw/vivado_project/GPTalk.gen/sources_1/bd/design_1/ip/design_1_processing_system7_0_0/design_1_processing_system7_0_0/design_1_processing_system7_0_0_in_context.xdc, line 192).
Applied set_property CLOCK_BUFFER_TYPE = NONE for FIXED_IO_mio[2]. (constraint file  /home/pjs/Desktop/smollm2-zybo/hw/vivado_project/GPTalk.gen/sources_1/bd/design_1/ip/design_1_processing_system7_0_0/design_1_processing_system7_0_0/design_1_processing_system7_0_0_in_context.xdc, line 193).
Applied set_property IO_BUFFER_TYPE = NONE for FIXED_IO_mio[30]. (constraint file  /home/pjs/Desktop/smollm2-zybo/hw/vivado_project/GPTalk.gen/sources_1/bd/design_1/ip/design_1_processing_system7_0_0/design_1_processing_system7_0_0/design_1_processing_system7_0_0_in_context.xdc, line 194).
Applied set_property CLOCK_BUFFER_TYPE = NONE for FIXED_IO_mio[30]. (constraint file  /home/pjs/Desktop/smollm2-zybo/hw/vivado_project/GPTalk.gen/sources_1/bd/design_1/ip/design_1_processing_system7_0_0/design_1_processing_system7_0_0/design_1_processing_system7_0_0_in_context.xdc, line 195).
Applied set_property IO_BUFFER_TYPE = NONE for FIXED_IO_mio[31]. (constraint file  /home/pjs/Desktop/smollm2-zybo/hw/vivado_project/GPTalk.gen/sources_1/bd/design_1/ip/design_1_processing_system7_0_0/design_1_processing_system7_0_0/design_1_processing_system7_0_0_in_context.xdc, line 196).
Applied set_property CLOCK_BUFFER_TYPE = NONE for FIXED_IO_mio[31]. (constraint file  /home/pjs/Desktop/smollm2-zybo/hw/vivado_project/GPTalk.gen/sources_1/bd/design_1/ip/design_1_processing_system7_0_0/design_1_processing_system7_0_0/design_1_processing_system7_0_0_in_context.xdc, line 197).
Applied set_property IO_BUFFER_TYPE = NONE for FIXED_IO_mio[32]. (constraint file  /home/pjs/Desktop/smollm2-zybo/hw/vivado_project/GPTalk.gen/sources_1/bd/design_1/ip/design_1_processing_system7_0_0/design_1_processing_system7_0_0/design_1_processing_system7_0_0_in_context.xdc, line 198).
Applied set_property CLOCK_BUFFER_TYPE = NONE for FIXED_IO_mio[32]. (constraint file  /home/pjs/Desktop/smollm2-zybo/hw/vivado_project/GPTalk.gen/sources_1/bd/design_1/ip/design_1_processing_system7_0_0/design_1_processing_system7_0_0/design_1_processing_system7_0_0_in_context.xdc, line 199).
Applied set_property IO_BUFFER_TYPE = NONE for FIXED_IO_mio[33]. (constraint file  /home/pjs/Desktop/smollm2-zybo/hw/vivado_project/GPTalk.gen/sources_1/bd/design_1/ip/design_1_processing_system7_0_0/design_1_processing_system7_0_0/design_1_processing_system7_0_0_in_context.xdc, line 200).
Applied set_property CLOCK_BUFFER_TYPE = NONE for FIXED_IO_mio[33]. (constraint file  /home/pjs/Desktop/smollm2-zybo/hw/vivado_project/GPTalk.gen/sources_1/bd/design_1/ip/design_1_processing_system7_0_0/design_1_processing_system7_0_0/design_1_processing_system7_0_0_in_context.xdc, line 201).
Applied set_property IO_BUFFER_TYPE = NONE for FIXED_IO_mio[34]. (constraint file  /home/pjs/Desktop/smollm2-zybo/hw/vivado_project/GPTalk.gen/sources_1/bd/design_1/ip/design_1_processing_system7_0_0/design_1_processing_system7_0_0/design_1_processing_system7_0_0_in_context.xdc, line 202).
Applied set_property CLOCK_BUFFER_TYPE = NONE for FIXED_IO_mio[34]. (constraint file  /home/pjs/Desktop/smollm2-zybo/hw/vivado_project/GPTalk.gen/sources_1/bd/design_1/ip/design_1_processing_system7_0_0/design_1_processing_system7_0_0/design_1_processing_system7_0_0_in_context.xdc, line 203).
Applied set_property IO_BUFFER_TYPE = NONE for FIXED_IO_mio[35]. (constraint file  /home/pjs/Desktop/smollm2-zybo/hw/vivado_project/GPTalk.gen/sources_1/bd/design_1/ip/design_1_processing_system7_0_0/design_1_processing_system7_0_0/design_1_processing_system7_0_0_in_context.xdc, line 204).
Applied set_property CLOCK_BUFFER_TYPE = NONE for FIXED_IO_mio[35]. (constraint file  /home/pjs/Desktop/smollm2-zybo/hw/vivado_project/GPTalk.gen/sources_1/bd/design_1/ip/design_1_processing_system7_0_0/design_1_processing_system7_0_0/design_1_processing_system7_0_0_in_context.xdc, line 205).
Applied set_property IO_BUFFER_TYPE = NONE for FIXED_IO_mio[36]. (constraint file  /home/pjs/Desktop/smollm2-zybo/hw/vivado_project/GPTalk.gen/sources_1/bd/design_1/ip/design_1_processing_system7_0_0/design_1_processing_system7_0_0/design_1_processing_system7_0_0_in_context.xdc, line 206).
Applied set_property CLOCK_BUFFER_TYPE = NONE for FIXED_IO_mio[36]. (constraint file  /home/pjs/Desktop/smollm2-zybo/hw/vivado_project/GPTalk.gen/sources_1/bd/design_1/ip/design_1_processing_system7_0_0/design_1_processing_system7_0_0/design_1_processing_system7_0_0_in_context.xdc, line 207).
Applied set_property IO_BUFFER_TYPE = NONE for FIXED_IO_mio[37]. (constraint file  /home/pjs/Desktop/smollm2-zybo/hw/vivado_project/GPTalk.gen/sources_1/bd/design_1/ip/design_1_processing_system7_0_0/design_1_processing_system7_0_0/design_1_processing_system7_0_0_in_context.xdc, line 208).
Applied set_property CLOCK_BUFFER_TYPE = NONE for FIXED_IO_mio[37]. (constraint file  /home/pjs/Desktop/smollm2-zybo/hw/vivado_project/GPTalk.gen/sources_1/bd/design_1/ip/design_1_processing_system7_0_0/design_1_processing_system7_0_0/design_1_processing_system7_0_0_in_context.xdc, line 209).
Applied set_property IO_BUFFER_TYPE = NONE for FIXED_IO_mio[38]. (constraint file  /home/pjs/Desktop/smollm2-zybo/hw/vivado_project/GPTalk.gen/sources_1/bd/design_1/ip/design_1_processing_system7_0_0/design_1_processing_system7_0_0/design_1_processing_system7_0_0_in_context.xdc, line 210).
Applied set_property CLOCK_BUFFER_TYPE = NONE for FIXED_IO_mio[38]. (constraint file  /home/pjs/Desktop/smollm2-zybo/hw/vivado_project/GPTalk.gen/sources_1/bd/design_1/ip/design_1_processing_system7_0_0/design_1_processing_system7_0_0/design_1_processing_system7_0_0_in_context.xdc, line 211).
Applied set_property IO_BUFFER_TYPE = NONE for FIXED_IO_mio[39]. (constraint file  /home/pjs/Desktop/smollm2-zybo/hw/vivado_project/GPTalk.gen/sources_1/bd/design_1/ip/design_1_processing_system7_0_0/design_1_processing_system7_0_0/design_1_processing_system7_0_0_in_context.xdc, line 212).
Applied set_property CLOCK_BUFFER_TYPE = NONE for FIXED_IO_mio[39]. (constraint file  /home/pjs/Desktop/smollm2-zybo/hw/vivado_project/GPTalk.gen/sources_1/bd/design_1/ip/design_1_processing_system7_0_0/design_1_processing_system7_0_0/design_1_processing_system7_0_0_in_context.xdc, line 213).
Applied set_property IO_BUFFER_TYPE = NONE for FIXED_IO_mio[3]. (constraint file  /home/pjs/Desktop/smollm2-zybo/hw/vivado_project/GPTalk.gen/sources_1/bd/design_1/ip/design_1_processing_system7_0_0/design_1_processing_system7_0_0/design_1_processing_system7_0_0_in_context.xdc, line 214).
Applied set_property CLOCK_BUFFER_TYPE = NONE for FIXED_IO_mio[3]. (constraint file  /home/pjs/Desktop/smollm2-zybo/hw/vivado_project/GPTalk.gen/sources_1/bd/design_1/ip/design_1_processing_system7_0_0/design_1_processing_system7_0_0/design_1_processing_system7_0_0_in_context.xdc, line 215).
Applied set_property IO_BUFFER_TYPE = NONE for FIXED_IO_mio[40]. (constraint file  /home/pjs/Desktop/smollm2-zybo/hw/vivado_project/GPTalk.gen/sources_1/bd/design_1/ip/design_1_processing_system7_0_0/design_1_processing_system7_0_0/design_1_processing_system7_0_0_in_context.xdc, line 216).
Applied set_property CLOCK_BUFFER_TYPE = NONE for FIXED_IO_mio[40]. (constraint file  /home/pjs/Desktop/smollm2-zybo/hw/vivado_project/GPTalk.gen/sources_1/bd/design_1/ip/design_1_processing_system7_0_0/design_1_processing_system7_0_0/design_1_processing_system7_0_0_in_context.xdc, line 217).
Applied set_property IO_BUFFER_TYPE = NONE for FIXED_IO_mio[41]. (constraint file  /home/pjs/Desktop/smollm2-zybo/hw/vivado_project/GPTalk.gen/sources_1/bd/design_1/ip/design_1_processing_system7_0_0/design_1_processing_system7_0_0/design_1_processing_system7_0_0_in_context.xdc, line 218).
Applied set_property CLOCK_BUFFER_TYPE = NONE for FIXED_IO_mio[41]. (constraint file  /home/pjs/Desktop/smollm2-zybo/hw/vivado_project/GPTalk.gen/sources_1/bd/design_1/ip/design_1_processing_system7_0_0/design_1_processing_system7_0_0/design_1_processing_system7_0_0_in_context.xdc, line 219).
Applied set_property IO_BUFFER_TYPE = NONE for FIXED_IO_mio[42]. (constraint file  /home/pjs/Desktop/smollm2-zybo/hw/vivado_project/GPTalk.gen/sources_1/bd/design_1/ip/design_1_processing_system7_0_0/design_1_processing_system7_0_0/design_1_processing_system7_0_0_in_context.xdc, line 220).
Applied set_property CLOCK_BUFFER_TYPE = NONE for FIXED_IO_mio[42]. (constraint file  /home/pjs/Desktop/smollm2-zybo/hw/vivado_project/GPTalk.gen/sources_1/bd/design_1/ip/design_1_processing_system7_0_0/design_1_processing_system7_0_0/design_1_processing_system7_0_0_in_context.xdc, line 221).
Applied set_property IO_BUFFER_TYPE = NONE for FIXED_IO_mio[43]. (constraint file  /home/pjs/Desktop/smollm2-zybo/hw/vivado_project/GPTalk.gen/sources_1/bd/design_1/ip/design_1_processing_system7_0_0/design_1_processing_system7_0_0/design_1_processing_system7_0_0_in_context.xdc, line 222).
Applied set_property CLOCK_BUFFER_TYPE = NONE for FIXED_IO_mio[43]. (constraint file  /home/pjs/Desktop/smollm2-zybo/hw/vivado_project/GPTalk.gen/sources_1/bd/design_1/ip/design_1_processing_system7_0_0/design_1_processing_system7_0_0/design_1_processing_system7_0_0_in_context.xdc, line 223).
Applied set_property IO_BUFFER_TYPE = NONE for FIXED_IO_mio[44]. (constraint file  /home/pjs/Desktop/smollm2-zybo/hw/vivado_project/GPTalk.gen/sources_1/bd/design_1/ip/design_1_processing_system7_0_0/design_1_processing_system7_0_0/design_1_processing_system7_0_0_in_context.xdc, line 224).
Applied set_property CLOCK_BUFFER_TYPE = NONE for FIXED_IO_mio[44]. (constraint file  /home/pjs/Desktop/smollm2-zybo/hw/vivado_project/GPTalk.gen/sources_1/bd/design_1/ip/design_1_processing_system7_0_0/design_1_processing_system7_0_0/design_1_processing_system7_0_0_in_context.xdc, line 225).
Applied set_property IO_BUFFER_TYPE = NONE for FIXED_IO_mio[45]. (constraint file  /home/pjs/Desktop/smollm2-zybo/hw/vivado_project/GPTalk.gen/sources_1/bd/design_1/ip/design_1_processing_system7_0_0/design_1_processing_system7_0_0/design_1_processing_system7_0_0_in_context.xdc, line 226).
Applied set_property CLOCK_BUFFER_TYPE = NONE for FIXED_IO_mio[45]. (constraint file  /home/pjs/Desktop/smollm2-zybo/hw/vivado_project/GPTalk.gen/sources_1/bd/design_1/ip/design_1_processing_system7_0_0/design_1_processing_system7_0_0/design_1_processing_system7_0_0_in_context.xdc, line 227).
Applied set_property IO_BUFFER_TYPE = NONE for FIXED_IO_mio[46]. (constraint file  /home/pjs/Desktop/smollm2-zybo/hw/vivado_project/GPTalk.gen/sources_1/bd/design_1/ip/design_1_processing_system7_0_0/design_1_processing_system7_0_0/design_1_processing_system7_0_0_in_context.xdc, line 228).
Applied set_property CLOCK_BUFFER_TYPE = NONE for FIXED_IO_mio[46]. (constraint file  /home/pjs/Desktop/smollm2-zybo/hw/vivado_project/GPTalk.gen/sources_1/bd/design_1/ip/design_1_processing_system7_0_0/design_1_processing_system7_0_0/design_1_processing_system7_0_0_in_context.xdc, line 229).
Applied set_property IO_BUFFER_TYPE = NONE for FIXED_IO_mio[47]. (constraint file  /home/pjs/Desktop/smollm2-zybo/hw/vivado_project/GPTalk.gen/sources_1/bd/design_1/ip/design_1_processing_system7_0_0/design_1_processing_system7_0_0/design_1_processing_system7_0_0_in_context.xdc, line 230).
Applied set_property CLOCK_BUFFER_TYPE = NONE for FIXED_IO_mio[47]. (constraint file  /home/pjs/Desktop/smollm2-zybo/hw/vivado_project/GPTalk.gen/sources_1/bd/design_1/ip/design_1_processing_system7_0_0/design_1_processing_system7_0_0/design_1_processing_system7_0_0_in_context.xdc, line 231).
Applied set_property IO_BUFFER_TYPE = NONE for FIXED_IO_mio[48]. (constraint file  /home/pjs/Desktop/smollm2-zybo/hw/vivado_project/GPTalk.gen/sources_1/bd/design_1/ip/design_1_processing_system7_0_0/design_1_processing_system7_0_0/design_1_processing_system7_0_0_in_context.xdc, line 232).
Applied set_property CLOCK_BUFFER_TYPE = NONE for FIXED_IO_mio[48]. (constraint file  /home/pjs/Desktop/smollm2-zybo/hw/vivado_project/GPTalk.gen/sources_1/bd/design_1/ip/design_1_processing_system7_0_0/design_1_processing_system7_0_0/design_1_processing_system7_0_0_in_context.xdc, line 233).
Applied set_property IO_BUFFER_TYPE = NONE for FIXED_IO_mio[49]. (constraint file  /home/pjs/Desktop/smollm2-zybo/hw/vivado_project/GPTalk.gen/sources_1/bd/design_1/ip/design_1_processing_system7_0_0/design_1_processing_system7_0_0/design_1_processing_system7_0_0_in_context.xdc, line 234).
Applied set_property CLOCK_BUFFER_TYPE = NONE for FIXED_IO_mio[49]. (constraint file  /home/pjs/Desktop/smollm2-zybo/hw/vivado_project/GPTalk.gen/sources_1/bd/design_1/ip/design_1_processing_system7_0_0/design_1_processing_system7_0_0/design_1_processing_system7_0_0_in_context.xdc, line 235).
Applied set_property IO_BUFFER_TYPE = NONE for FIXED_IO_mio[4]. (constraint file  /home/pjs/Desktop/smollm2-zybo/hw/vivado_project/GPTalk.gen/sources_1/bd/design_1/ip/design_1_processing_system7_0_0/design_1_processing_system7_0_0/design_1_processing_system7_0_0_in_context.xdc, line 236).
Applied set_property CLOCK_BUFFER_TYPE = NONE for FIXED_IO_mio[4]. (constraint file  /home/pjs/Desktop/smollm2-zybo/hw/vivado_project/GPTalk.gen/sources_1/bd/design_1/ip/design_1_processing_system7_0_0/design_1_processing_system7_0_0/design_1_processing_system7_0_0_in_context.xdc, line 237).
Applied set_property IO_BUFFER_TYPE = NONE for FIXED_IO_mio[50]. (constraint file  /home/pjs/Desktop/smollm2-zybo/hw/vivado_project/GPTalk.gen/sources_1/bd/design_1/ip/design_1_processing_system7_0_0/design_1_processing_system7_0_0/design_1_processing_system7_0_0_in_context.xdc, line 238).
Applied set_property CLOCK_BUFFER_TYPE = NONE for FIXED_IO_mio[50]. (constraint file  /home/pjs/Desktop/smollm2-zybo/hw/vivado_project/GPTalk.gen/sources_1/bd/design_1/ip/design_1_processing_system7_0_0/design_1_processing_system7_0_0/design_1_processing_system7_0_0_in_context.xdc, line 239).
Applied set_property IO_BUFFER_TYPE = NONE for FIXED_IO_mio[51]. (constraint file  /home/pjs/Desktop/smollm2-zybo/hw/vivado_project/GPTalk.gen/sources_1/bd/design_1/ip/design_1_processing_system7_0_0/design_1_processing_system7_0_0/design_1_processing_system7_0_0_in_context.xdc, line 240).
Applied set_property CLOCK_BUFFER_TYPE = NONE for FIXED_IO_mio[51]. (constraint file  /home/pjs/Desktop/smollm2-zybo/hw/vivado_project/GPTalk.gen/sources_1/bd/design_1/ip/design_1_processing_system7_0_0/design_1_processing_system7_0_0/design_1_processing_system7_0_0_in_context.xdc, line 241).
Applied set_property IO_BUFFER_TYPE = NONE for FIXED_IO_mio[52]. (constraint file  /home/pjs/Desktop/smollm2-zybo/hw/vivado_project/GPTalk.gen/sources_1/bd/design_1/ip/design_1_processing_system7_0_0/design_1_processing_system7_0_0/design_1_processing_system7_0_0_in_context.xdc, line 242).
Applied set_property CLOCK_BUFFER_TYPE = NONE for FIXED_IO_mio[52]. (constraint file  /home/pjs/Desktop/smollm2-zybo/hw/vivado_project/GPTalk.gen/sources_1/bd/design_1/ip/design_1_processing_system7_0_0/design_1_processing_system7_0_0/design_1_processing_system7_0_0_in_context.xdc, line 243).
Applied set_property IO_BUFFER_TYPE = NONE for FIXED_IO_mio[53]. (constraint file  /home/pjs/Desktop/smollm2-zybo/hw/vivado_project/GPTalk.gen/sources_1/bd/design_1/ip/design_1_processing_system7_0_0/design_1_processing_system7_0_0/design_1_processing_system7_0_0_in_context.xdc, line 244).
Applied set_property CLOCK_BUFFER_TYPE = NONE for FIXED_IO_mio[53]. (constraint file  /home/pjs/Desktop/smollm2-zybo/hw/vivado_project/GPTalk.gen/sources_1/bd/design_1/ip/design_1_processing_system7_0_0/design_1_processing_system7_0_0/design_1_processing_system7_0_0_in_context.xdc, line 245).
Applied set_property IO_BUFFER_TYPE = NONE for FIXED_IO_mio[5]. (constraint file  /home/pjs/Desktop/smollm2-zybo/hw/vivado_project/GPTalk.gen/sources_1/bd/design_1/ip/design_1_processing_system7_0_0/design_1_processing_system7_0_0/design_1_processing_system7_0_0_in_context.xdc, line 246).
Applied set_property CLOCK_BUFFER_TYPE = NONE for FIXED_IO_mio[5]. (constraint file  /home/pjs/Desktop/smollm2-zybo/hw/vivado_project/GPTalk.gen/sources_1/bd/design_1/ip/design_1_processing_system7_0_0/design_1_processing_system7_0_0/design_1_processing_system7_0_0_in_context.xdc, line 247).
Applied set_property IO_BUFFER_TYPE = NONE for FIXED_IO_mio[6]. (constraint file  /home/pjs/Desktop/smollm2-zybo/hw/vivado_project/GPTalk.gen/sources_1/bd/design_1/ip/design_1_processing_system7_0_0/design_1_processing_system7_0_0/design_1_processing_system7_0_0_in_context.xdc, line 248).
Applied set_property CLOCK_BUFFER_TYPE = NONE for FIXED_IO_mio[6]. (constraint file  /home/pjs/Desktop/smollm2-zybo/hw/vivado_project/GPTalk.gen/sources_1/bd/design_1/ip/design_1_processing_system7_0_0/design_1_processing_system7_0_0/design_1_processing_system7_0_0_in_context.xdc, line 249).
Applied set_property IO_BUFFER_TYPE = NONE for FIXED_IO_mio[7]. (constraint file  /home/pjs/Desktop/smollm2-zybo/hw/vivado_project/GPTalk.gen/sources_1/bd/design_1/ip/design_1_processing_system7_0_0/design_1_processing_system7_0_0/design_1_processing_system7_0_0_in_context.xdc, line 250).
Applied set_property CLOCK_BUFFER_TYPE = NONE for FIXED_IO_mio[7]. (constraint file  /home/pjs/Desktop/smollm2-zybo/hw/vivado_project/GPTalk.gen/sources_1/bd/design_1/ip/design_1_processing_system7_0_0/design_1_processing_system7_0_0/design_1_processing_system7_0_0_in_context.xdc, line 251).
Applied set_property IO_BUFFER_TYPE = NONE for FIXED_IO_mio[8]. (constraint file  /home/pjs/Desktop/smollm2-zybo/hw/vivado_project/GPTalk.gen/sources_1/bd/design_1/ip/design_1_processing_system7_0_0/design_1_processing_system7_0_0/design_1_processing_system7_0_0_in_context.xdc, line 252).
Applied set_property CLOCK_BUFFER_TYPE = NONE for FIXED_IO_mio[8]. (constraint file  /home/pjs/Desktop/smollm2-zybo/hw/vivado_project/GPTalk.gen/sources_1/bd/design_1/ip/design_1_processing_system7_0_0/design_1_processing_system7_0_0/design_1_processing_system7_0_0_in_context.xdc, line 253).
Applied set_property IO_BUFFER_TYPE = NONE for FIXED_IO_mio[9]. (constraint file  /home/pjs/Desktop/smollm2-zybo/hw/vivado_project/GPTalk.gen/sources_1/bd/design_1/ip/design_1_processing_system7_0_0/design_1_processing_system7_0_0/design_1_processing_system7_0_0_in_context.xdc, line 254).
Applied set_property CLOCK_BUFFER_TYPE = NONE for FIXED_IO_mio[9]. (constraint file  /home/pjs/Desktop/smollm2-zybo/hw/vivado_project/GPTalk.gen/sources_1/bd/design_1/ip/design_1_processing_system7_0_0/design_1_processing_system7_0_0/design_1_processing_system7_0_0_in_context.xdc, line 255).
Applied set_property IO_BUFFER_TYPE = NONE for FIXED_IO_ps_clk. (constraint file  /home/pjs/Desktop/smollm2-zybo/hw/vivado_project/GPTalk.gen/sources_1/bd/design_1/ip/design_1_processing_system7_0_0/design_1_processing_system7_0_0/design_1_processing_system7_0_0_in_context.xdc, line 256).
Applied set_property CLOCK_BUFFER_TYPE = NONE for FIXED_IO_ps_clk. (constraint file  /home/pjs/Desktop/smollm2-zybo/hw/vivado_project/GPTalk.gen/sources_1/bd/design_1/ip/design_1_processing_system7_0_0/design_1_processing_system7_0_0/design_1_processing_system7_0_0_in_context.xdc, line 257).
Applied set_property IO_BUFFER_TYPE = NONE for FIXED_IO_ps_porb. (constraint file  /home/pjs/Desktop/smollm2-zybo/hw/vivado_project/GPTalk.gen/sources_1/bd/design_1/ip/design_1_processing_system7_0_0/design_1_processing_system7_0_0/design_1_processing_system7_0_0_in_context.xdc, line 258).
Applied set_property CLOCK_BUFFER_TYPE = NONE for FIXED_IO_ps_porb. (constraint file  /home/pjs/Desktop/smollm2-zybo/hw/vivado_project/GPTalk.gen/sources_1/bd/design_1/ip/design_1_processing_system7_0_0/design_1_processing_system7_0_0/design_1_processing_system7_0_0_in_context.xdc, line 259).
Applied set_property IO_BUFFER_TYPE = NONE for FIXED_IO_ps_srstb. (constraint file  /home/pjs/Desktop/smollm2-zybo/hw/vivado_project/GPTalk.gen/sources_1/bd/design_1/ip/design_1_processing_system7_0_0/design_1_processing_system7_0_0/design_1_processing_system7_0_0_in_context.xdc, line 260).
Applied set_property CLOCK_BUFFER_TYPE = NONE for FIXED_IO_ps_srstb. (constraint file  /home/pjs/Desktop/smollm2-zybo/hw/vivado_project/GPTalk.gen/sources_1/bd/design_1/ip/design_1_processing_system7_0_0/design_1_processing_system7_0_0/design_1_processing_system7_0_0_in_context.xdc, line 261).
Applied set_property KEEP_HIERARCHY = SOFT for design_1_i. (constraint file  auto generated constraint).
Applied set_property KEEP_HIERARCHY = SOFT for design_1_i/processing_system7_0. (constraint file  auto generated constraint).
Applied set_property KEEP_HIERARCHY = SOFT for design_1_i/rst_ps7_0_50M. (constraint file  auto generated constraint).
Applied set_property KEEP_HIERARCHY = SOFT for design_1_i/axi_ctrl_smc. (constraint file  auto generated constraint).
Applied set_property KEEP_HIERARCHY = SOFT for design_1_i/axi_hp0_smc. (constraint file  auto generated constraint).
Applied set_property KEEP_HIERARCHY = SOFT for design_1_i/axi_dma_0. (constraint file  auto generated constraint).
Applied set_property KEEP_HIERARCHY = SOFT for design_1_i/mm2s_axis_fifo. (constraint file  auto generated constraint).
Applied set_property KEEP_HIERARCHY = SOFT for design_1_i/s2mm_axis_fifo. (constraint file  auto generated constraint).
Applied set_property KEEP_HIERARCHY = SOFT for design_1_i/axi_input_bram_ctrl. (constraint file  auto generated constraint).
Applied set_property KEEP_HIERARCHY = SOFT for design_1_i/input_vector_bram. (constraint file  auto generated constraint).
Applied set_property KEEP_HIERARCHY = SOFT for design_1_i/gemv_q8_0_dma_top_0. (constraint file  auto generated constraint).
---------------------------------------------------------------------------------
Finished applying 'set_property' XDC Constraints : Time (s): cpu = 00:00:06 ; elapsed = 00:00:06 . Memory (MB): peak = 2194.785 ; gain = 553.266 ; free physical = 52638 ; free virtual = 64647
---------------------------------------------------------------------------------
---------------------------------------------------------------------------------
Finished RTL Optimization Phase 2 : Time (s): cpu = 00:00:06 ; elapsed = 00:00:06 . Memory (MB): peak = 2194.785 ; gain = 553.266 ; free physical = 52634 ; free virtual = 64644
---------------------------------------------------------------------------------
---------------------------------------------------------------------------------
Start RTL Component Statistics 
---------------------------------------------------------------------------------
Detailed RTL Component Info : 
---------------------------------------------------------------------------------
Finished RTL Component Statistics 
---------------------------------------------------------------------------------
---------------------------------------------------------------------------------
Start Part Resource Summary
---------------------------------------------------------------------------------
Part Resources:
DSPs: 220 (col length:60)
BRAMs: 280 (col length: RAMB18 60 RAMB36 30)
---------------------------------------------------------------------------------
Finished Part Resource Summary
---------------------------------------------------------------------------------
---------------------------------------------------------------------------------
Start Cross Boundary and Area Optimization
---------------------------------------------------------------------------------
WARNING: [Synth 8-7080] Parallel synthesis criteria is not met
---------------------------------------------------------------------------------
Finished Cross Boundary and Area Optimization : Time (s): cpu = 00:00:07 ; elapsed = 00:00:07 . Memory (MB): peak = 2194.785 ; gain = 553.266 ; free physical = 52640 ; free virtual = 64655
---------------------------------------------------------------------------------
---------------------------------------------------------------------------------
Start Applying XDC Timing Constraints
---------------------------------------------------------------------------------
---------------------------------------------------------------------------------
Finished Applying XDC Timing Constraints : Time (s): cpu = 00:00:09 ; elapsed = 00:00:10 . Memory (MB): peak = 2270.785 ; gain = 629.266 ; free physical = 52563 ; free virtual = 64578
---------------------------------------------------------------------------------
---------------------------------------------------------------------------------
Start Timing Optimization
---------------------------------------------------------------------------------
---------------------------------------------------------------------------------
Finished Timing Optimization : Time (s): cpu = 00:00:09 ; elapsed = 00:00:10 . Memory (MB): peak = 2270.785 ; gain = 629.266 ; free physical = 52563 ; free virtual = 64578
---------------------------------------------------------------------------------
---------------------------------------------------------------------------------
Start Technology Mapping
---------------------------------------------------------------------------------
---------------------------------------------------------------------------------
Finished Technology Mapping : Time (s): cpu = 00:00:09 ; elapsed = 00:00:10 . Memory (MB): peak = 2280.801 ; gain = 639.281 ; free physical = 52555 ; free virtual = 64569
---------------------------------------------------------------------------------
---------------------------------------------------------------------------------
Start IO Insertion
---------------------------------------------------------------------------------
---------------------------------------------------------------------------------
Start Flattening Before IO Insertion
---------------------------------------------------------------------------------
---------------------------------------------------------------------------------
Finished Flattening Before IO Insertion
---------------------------------------------------------------------------------
---------------------------------------------------------------------------------
Start Final Netlist Cleanup
---------------------------------------------------------------------------------
---------------------------------------------------------------------------------
Finished Final Netlist Cleanup
---------------------------------------------------------------------------------
---------------------------------------------------------------------------------
Finished IO Insertion : Time (s): cpu = 00:00:11 ; elapsed = 00:00:11 . Memory (MB): peak = 2449.613 ; gain = 808.094 ; free physical = 52417 ; free virtual = 64432
---------------------------------------------------------------------------------
---------------------------------------------------------------------------------
Start Renaming Generated Instances
---------------------------------------------------------------------------------
---------------------------------------------------------------------------------
Finished Renaming Generated Instances : Time (s): cpu = 00:00:11 ; elapsed = 00:00:11 . Memory (MB): peak = 2449.613 ; gain = 808.094 ; free physical = 52417 ; free virtual = 64432
---------------------------------------------------------------------------------
---------------------------------------------------------------------------------
Start Rebuilding User Hierarchy
---------------------------------------------------------------------------------
---------------------------------------------------------------------------------
Finished Rebuilding User Hierarchy : Time (s): cpu = 00:00:11 ; elapsed = 00:00:11 . Memory (MB): peak = 2449.613 ; gain = 808.094 ; free physical = 52419 ; free virtual = 64426
---------------------------------------------------------------------------------
---------------------------------------------------------------------------------
Start Renaming Generated Ports
---------------------------------------------------------------------------------
---------------------------------------------------------------------------------
Finished Renaming Generated Ports : Time (s): cpu = 00:00:11 ; elapsed = 00:00:11 . Memory (MB): peak = 2449.613 ; gain = 808.094 ; free physical = 52417 ; free virtual = 64432
---------------------------------------------------------------------------------
---------------------------------------------------------------------------------
Start Handling Custom Attributes
---------------------------------------------------------------------------------
---------------------------------------------------------------------------------
Finished Handling Custom Attributes : Time (s): cpu = 00:00:11 ; elapsed = 00:00:11 . Memory (MB): peak = 2449.613 ; gain = 808.094 ; free physical = 52417 ; free virtual = 64432
---------------------------------------------------------------------------------
---------------------------------------------------------------------------------
Start Renaming Generated Nets
---------------------------------------------------------------------------------
---------------------------------------------------------------------------------
Finished Renaming Generated Nets : Time (s): cpu = 00:00:11 ; elapsed = 00:00:11 . Memory (MB): peak = 2449.613 ; gain = 808.094 ; free physical = 52417 ; free virtual = 64432
---------------------------------------------------------------------------------
---------------------------------------------------------------------------------
Start Writing Synthesis Report
---------------------------------------------------------------------------------

Report BlackBoxes: 
+------+--------------------------------+----------+
|      |BlackBox name                   |Instances |
+------+--------------------------------+----------+
|1     |design_1_axi_ctrl_smc_0         |         1|
|2     |design_1_axi_dma_0_0            |         1|
|3     |design_1_axi_hp0_smc_0          |         1|
|4     |design_1_axi_input_bram_ctrl_0  |         1|
|5     |design_1_gemv_q8_0_dma_top_0_0  |         1|
|6     |design_1_input_vector_bram_0    |         1|
|7     |design_1_mm2s_axis_fifo_0       |         1|
|8     |design_1_processing_system7_0_0 |         1|
|9     |design_1_rst_ps7_0_50M_0        |         1|
|10    |design_1_s2mm_axis_fifo_0       |         1|
+------+--------------------------------+----------+

Report Cell Usage: 
+------+------------------------------+------+
|      |Cell                          |Count |
+------+------------------------------+------+
|1     |design_1_axi_ctrl_smc         |     1|
|2     |design_1_axi_dma_0            |     1|
|3     |design_1_axi_hp0_smc          |     1|
|4     |design_1_axi_input_bram_ctrl  |     1|
|5     |design_1_gemv_q8_0_dma_top_0  |     1|
|6     |design_1_input_vector_bram    |     1|
|7     |design_1_mm2s_axis_fifo       |     1|
|8     |design_1_processing_system7_0 |     1|
|9     |design_1_rst_ps7_0_50M        |     1|
|10    |design_1_s2mm_axis_fifo       |     1|
+------+------------------------------+------+
---------------------------------------------------------------------------------
Finished Writing Synthesis Report : Time (s): cpu = 00:00:11 ; elapsed = 00:00:11 . Memory (MB): peak = 2449.613 ; gain = 808.094 ; free physical = 52417 ; free virtual = 64432
---------------------------------------------------------------------------------
Synthesis finished with 0 errors, 0 critical warnings and 1 warnings.
Synthesis Optimization Runtime : Time (s): cpu = 00:00:10 ; elapsed = 00:00:10 . Memory (MB): peak = 2449.613 ; gain = 759.168 ; free physical = 52423 ; free virtual = 64438
Synthesis Optimization Complete : Time (s): cpu = 00:00:11 ; elapsed = 00:00:11 . Memory (MB): peak = 2449.621 ; gain = 808.094 ; free physical = 52423 ; free virtual = 64438
INFO: [Project 1-571] Translating synthesized netlist
Netlist sorting complete. Time (s): cpu = 00:00:00 ; elapsed = 00:00:00.01 . Memory (MB): peak = 2449.621 ; gain = 0.000 ; free physical = 52425 ; free virtual = 64440
INFO: [Project 1-570] Preparing netlist for logic optimization
INFO: [Opt 31-138] Pushed 0 inverter(s) to 0 load pin(s).
Netlist sorting complete. Time (s): cpu = 00:00:00 ; elapsed = 00:00:00 . Memory (MB): peak = 2449.621 ; gain = 0.000 ; free physical = 52470 ; free virtual = 64479
INFO: [Project 1-111] Unisim Transformation Summary:
No Unisim elements were transformed.

Synth Design complete | Checksum: 21d531d3
INFO: [Common 17-83] Releasing license: Synthesis
45 Infos, 31 Warnings, 0 Critical Warnings and 0 Errors encountered.
synth_design completed successfully
synth_design: Time (s): cpu = 00:00:16 ; elapsed = 00:00:15 . Memory (MB): peak = 2449.621 ; gain = 968.180 ; free physical = 52469 ; free virtual = 64483
INFO: [Common 17-2834] synth_design peak Physical Memory [PSS] (MB): overall = 1767.622; main = 1638.207; forked = 266.962
INFO: [Common 17-2834] synth_design peak Virtual Memory [VSS] (MB): overall = 3289.191; main = 2449.617; forked = 947.387
INFO: [Common 17-1381] The checkpoint '/home/pjs/Desktop/smollm2-zybo/hw/vivado_project/GPTalk.runs/synth_1/design_1_wrapper.dcp' has been generated.
INFO: [Vivado 12-24828] Executing command : report_utilization -file design_1_wrapper_utilization_synth.rpt -pb design_1_wrapper_utilization_synth.pb
INFO: [Common 17-206] Exiting Vivado at Mon Jun 29 11:10:53 2026...
[Mon Jun 29 11:11:04 2026] synth_1 finished
wait_on_runs: Time (s): cpu = 00:09:37 ; elapsed = 00:02:30 . Memory (MB): peak = 1923.988 ; gain = 0.000 ; free physical = 54029 ; free virtual = 66037
# assert_run_complete synth_1
# reset_run impl_1
# launch_runs impl_1 -to_step write_bitstream -jobs $vivado_jobs
[Mon Jun 29 11:11:06 2026] Launched impl_1...
Run output will be captured here: /home/pjs/Desktop/smollm2-zybo/hw/vivado_project/GPTalk.runs/impl_1/runme.log
# wait_on_run impl_1
[Mon Jun 29 11:11:06 2026] Waiting for impl_1 to finish...

*** Running vivado
    with args -log design_1_wrapper.vdi -applog -m64 -product Vivado -messageDb vivado.pb -mode batch -source design_1_wrapper.tcl -notrace


****** Vivado v2024.2.2 (64-bit)
  **** SW Build 6060944 on Thu Mar 06 19:10:09 MST 2025
  **** IP Build 6050500 on Thu Mar  6 23:33:39 MST 2025
  **** SharedData Build 6060542 on Thu Mar 06 10:31:07 MST 2025
  **** Start of session at: Mon Jun 29 11:11:07 2026
    ** Copyright 1986-2022 Xilinx, Inc. All Rights Reserved.
    ** Copyright 2022-2025 Advanced Micro Devices, Inc. All Rights Reserved.

Sourcing tcl script '/home/pjs/.Xilinx/Vivado/Vivado_init.tcl'
source design_1_wrapper.tcl -notrace
INFO: [IP_Flow 19-234] Refreshing IP repositories
INFO: [IP_Flow 19-1704] No user IP repositories specified
INFO: [IP_Flow 19-2313] Loaded Vivado IP repository '/tools/Xilinx/Vivado/2024.2/data/ip'.
Command: link_design -top design_1_wrapper -part xc7z020clg400-1
Design is defaulting to srcset: sources_1
Design is defaulting to constrset: constrs_1
INFO: [Device 21-403] Loading part xc7z020clg400-1
INFO: [Project 1-454] Reading design checkpoint '/home/pjs/Desktop/smollm2-zybo/hw/vivado_project/GPTalk.gen/sources_1/bd/design_1/ip/design_1_axi_ctrl_smc_0/design_1_axi_ctrl_smc_0.dcp' for cell 'design_1_i/axi_ctrl_smc'
INFO: [Project 1-454] Reading design checkpoint '/home/pjs/Desktop/smollm2-zybo/hw/vivado_project/GPTalk.gen/sources_1/bd/design_1/ip/design_1_axi_dma_0_0/design_1_axi_dma_0_0.dcp' for cell 'design_1_i/axi_dma_0'
INFO: [Project 1-454] Reading design checkpoint '/home/pjs/Desktop/smollm2-zybo/hw/vivado_project/GPTalk.gen/sources_1/bd/design_1/ip/design_1_axi_hp0_smc_0/design_1_axi_hp0_smc_0.dcp' for cell 'design_1_i/axi_hp0_smc'
INFO: [Project 1-454] Reading design checkpoint '/home/pjs/Desktop/smollm2-zybo/hw/vivado_project/GPTalk.gen/sources_1/bd/design_1/ip/design_1_axi_input_bram_ctrl_0/design_1_axi_input_bram_ctrl_0.dcp' for cell 'design_1_i/axi_input_bram_ctrl'
INFO: [Project 1-454] Reading design checkpoint '/home/pjs/Desktop/smollm2-zybo/hw/vivado_project/GPTalk.gen/sources_1/bd/design_1/ip/design_1_gemv_q8_0_dma_top_0_0/design_1_gemv_q8_0_dma_top_0_0.dcp' for cell 'design_1_i/gemv_q8_0_dma_top_0'
INFO: [Project 1-454] Reading design checkpoint '/home/pjs/Desktop/smollm2-zybo/hw/vivado_project/GPTalk.gen/sources_1/bd/design_1/ip/design_1_input_vector_bram_0/design_1_input_vector_bram_0.dcp' for cell 'design_1_i/input_vector_bram'
INFO: [Project 1-454] Reading design checkpoint '/home/pjs/Desktop/smollm2-zybo/hw/vivado_project/GPTalk.gen/sources_1/bd/design_1/ip/design_1_mm2s_axis_fifo_0/design_1_mm2s_axis_fifo_0.dcp' for cell 'design_1_i/mm2s_axis_fifo'
INFO: [Project 1-454] Reading design checkpoint '/home/pjs/Desktop/smollm2-zybo/hw/vivado_project/GPTalk.gen/sources_1/bd/design_1/ip/design_1_processing_system7_0_0/design_1_processing_system7_0_0.dcp' for cell 'design_1_i/processing_system7_0'
INFO: [Project 1-454] Reading design checkpoint '/home/pjs/Desktop/smollm2-zybo/hw/vivado_project/GPTalk.gen/sources_1/bd/design_1/ip/design_1_rst_ps7_0_50M_0/design_1_rst_ps7_0_50M_0.dcp' for cell 'design_1_i/rst_ps7_0_50M'
INFO: [Project 1-454] Reading design checkpoint '/home/pjs/Desktop/smollm2-zybo/hw/vivado_project/GPTalk.gen/sources_1/bd/design_1/ip/design_1_s2mm_axis_fifo_0/design_1_s2mm_axis_fifo_0.dcp' for cell 'design_1_i/s2mm_axis_fifo'
Netlist sorting complete. Time (s): cpu = 00:00:00.24 ; elapsed = 00:00:00.24 . Memory (MB): peak = 1689.816 ; gain = 0.000 ; free physical = 53350 ; free virtual = 65359
INFO: [Netlist 29-17] Analyzing 2039 Unisim elements for replacement
INFO: [Netlist 29-28] Unisim Transformation completed in 0 CPU seconds
INFO: [Project 1-479] Netlist was created with Vivado 2024.2.2
INFO: [Project 1-570] Preparing netlist for logic optimization
Parsing XDC File [/home/pjs/Desktop/smollm2-zybo/hw/vivado_project/GPTalk.gen/sources_1/bd/design_1/ip/design_1_processing_system7_0_0/design_1_processing_system7_0_0.xdc] for cell 'design_1_i/processing_system7_0/inst'
WARNING: [Vivado 12-2489] -input_jitter contains time 0.389970 which will be rounded to 0.390 to ensure it is an integer multiple of 1 picosecond [/home/pjs/Desktop/smollm2-zybo/hw/vivado_project/GPTalk.gen/sources_1/bd/design_1/ip/design_1_processing_system7_0_0/design_1_processing_system7_0_0.xdc:21]
Finished Parsing XDC File [/home/pjs/Desktop/smollm2-zybo/hw/vivado_project/GPTalk.gen/sources_1/bd/design_1/ip/design_1_processing_system7_0_0/design_1_processing_system7_0_0.xdc] for cell 'design_1_i/processing_system7_0/inst'
Parsing XDC File [/home/pjs/Desktop/smollm2-zybo/hw/vivado_project/GPTalk.gen/sources_1/bd/design_1/ip/design_1_rst_ps7_0_50M_0/design_1_rst_ps7_0_50M_0_board.xdc] for cell 'design_1_i/rst_ps7_0_50M/U0'
Finished Parsing XDC File [/home/pjs/Desktop/smollm2-zybo/hw/vivado_project/GPTalk.gen/sources_1/bd/design_1/ip/design_1_rst_ps7_0_50M_0/design_1_rst_ps7_0_50M_0_board.xdc] for cell 'design_1_i/rst_ps7_0_50M/U0'
Parsing XDC File [/home/pjs/Desktop/smollm2-zybo/hw/vivado_project/GPTalk.gen/sources_1/bd/design_1/ip/design_1_rst_ps7_0_50M_0/design_1_rst_ps7_0_50M_0.xdc] for cell 'design_1_i/rst_ps7_0_50M/U0'
Finished Parsing XDC File [/home/pjs/Desktop/smollm2-zybo/hw/vivado_project/GPTalk.gen/sources_1/bd/design_1/ip/design_1_rst_ps7_0_50M_0/design_1_rst_ps7_0_50M_0.xdc] for cell 'design_1_i/rst_ps7_0_50M/U0'
Parsing XDC File [/home/pjs/Desktop/smollm2-zybo/hw/vivado_project/GPTalk.gen/sources_1/bd/design_1/ip/design_1_axi_ctrl_smc_0/bd_0/ip/ip_1/bd_01d9_psr_aclk_0_board.xdc] for cell 'design_1_i/axi_ctrl_smc/inst/clk_map/psr_aclk/U0'
Finished Parsing XDC File [/home/pjs/Desktop/smollm2-zybo/hw/vivado_project/GPTalk.gen/sources_1/bd/design_1/ip/design_1_axi_ctrl_smc_0/bd_0/ip/ip_1/bd_01d9_psr_aclk_0_board.xdc] for cell 'design_1_i/axi_ctrl_smc/inst/clk_map/psr_aclk/U0'
Parsing XDC File [/home/pjs/Desktop/smollm2-zybo/hw/vivado_project/GPTalk.gen/sources_1/bd/design_1/ip/design_1_axi_ctrl_smc_0/bd_0/ip/ip_1/bd_01d9_psr_aclk_0.xdc] for cell 'design_1_i/axi_ctrl_smc/inst/clk_map/psr_aclk/U0'
Finished Parsing XDC File [/home/pjs/Desktop/smollm2-zybo/hw/vivado_project/GPTalk.gen/sources_1/bd/design_1/ip/design_1_axi_ctrl_smc_0/bd_0/ip/ip_1/bd_01d9_psr_aclk_0.xdc] for cell 'design_1_i/axi_ctrl_smc/inst/clk_map/psr_aclk/U0'
Parsing XDC File [/home/pjs/Desktop/smollm2-zybo/hw/vivado_project/GPTalk.gen/sources_1/bd/design_1/ip/design_1_axi_ctrl_smc_0/smartconnect.xdc] for cell 'design_1_i/axi_ctrl_smc/inst'
Finished Parsing XDC File [/home/pjs/Desktop/smollm2-zybo/hw/vivado_project/GPTalk.gen/sources_1/bd/design_1/ip/design_1_axi_ctrl_smc_0/smartconnect.xdc] for cell 'design_1_i/axi_ctrl_smc/inst'
Parsing XDC File [/home/pjs/Desktop/smollm2-zybo/hw/vivado_project/GPTalk.gen/sources_1/bd/design_1/ip/design_1_axi_hp0_smc_0/bd_0/ip/ip_1/bd_9c81_psr_aclk_0_board.xdc] for cell 'design_1_i/axi_hp0_smc/inst/clk_map/psr_aclk/U0'
Finished Parsing XDC File [/home/pjs/Desktop/smollm2-zybo/hw/vivado_project/GPTalk.gen/sources_1/bd/design_1/ip/design_1_axi_hp0_smc_0/bd_0/ip/ip_1/bd_9c81_psr_aclk_0_board.xdc] for cell 'design_1_i/axi_hp0_smc/inst/clk_map/psr_aclk/U0'
Parsing XDC File [/home/pjs/Desktop/smollm2-zybo/hw/vivado_project/GPTalk.gen/sources_1/bd/design_1/ip/design_1_axi_hp0_smc_0/bd_0/ip/ip_1/bd_9c81_psr_aclk_0.xdc] for cell 'design_1_i/axi_hp0_smc/inst/clk_map/psr_aclk/U0'
Finished Parsing XDC File [/home/pjs/Desktop/smollm2-zybo/hw/vivado_project/GPTalk.gen/sources_1/bd/design_1/ip/design_1_axi_hp0_smc_0/bd_0/ip/ip_1/bd_9c81_psr_aclk_0.xdc] for cell 'design_1_i/axi_hp0_smc/inst/clk_map/psr_aclk/U0'
Parsing XDC File [/home/pjs/Desktop/smollm2-zybo/hw/vivado_project/GPTalk.gen/sources_1/bd/design_1/ip/design_1_axi_hp0_smc_0/smartconnect.xdc] for cell 'design_1_i/axi_hp0_smc/inst'
Finished Parsing XDC File [/home/pjs/Desktop/smollm2-zybo/hw/vivado_project/GPTalk.gen/sources_1/bd/design_1/ip/design_1_axi_hp0_smc_0/smartconnect.xdc] for cell 'design_1_i/axi_hp0_smc/inst'
Parsing XDC File [/home/pjs/Desktop/smollm2-zybo/hw/vivado_project/GPTalk.gen/sources_1/bd/design_1/ip/design_1_axi_dma_0_0/design_1_axi_dma_0_0.xdc] for cell 'design_1_i/axi_dma_0/U0'
WARNING: [Vivado_Tcl 4-921] Waiver ID 'CDC-1' -to list should not be empty. [/home/pjs/Desktop/smollm2-zybo/hw/vivado_project/GPTalk.gen/sources_1/bd/design_1/ip/design_1_axi_dma_0_0/design_1_axi_dma_0_0.xdc:52]
WARNING: [Vivado_Tcl 4-921] Waiver ID 'CDC-1' -to list should not be empty. [/home/pjs/Desktop/smollm2-zybo/hw/vivado_project/GPTalk.gen/sources_1/bd/design_1/ip/design_1_axi_dma_0_0/design_1_axi_dma_0_0.xdc:56]
WARNING: [Vivado_Tcl 4-919] Waiver ID 'CDC-1' -from list should not be empty. [/home/pjs/Desktop/smollm2-zybo/hw/vivado_project/GPTalk.gen/sources_1/bd/design_1/ip/design_1_axi_dma_0_0/design_1_axi_dma_0_0.xdc:61]
Finished Parsing XDC File [/home/pjs/Desktop/smollm2-zybo/hw/vivado_project/GPTalk.gen/sources_1/bd/design_1/ip/design_1_axi_dma_0_0/design_1_axi_dma_0_0.xdc] for cell 'design_1_i/axi_dma_0/U0'
Parsing XDC File [/home/pjs/Desktop/smollm2-zybo/hw/vivado_project/GPTalk.srcs/constrs_1/imports/Downloads/Zybo-Z7-Master.xdc]
Finished Parsing XDC File [/home/pjs/Desktop/smollm2-zybo/hw/vivado_project/GPTalk.srcs/constrs_1/imports/Downloads/Zybo-Z7-Master.xdc]
Parsing XDC File [/home/pjs/Desktop/smollm2-zybo/hw/vivado_project/GPTalk.gen/sources_1/bd/design_1/ip/design_1_axi_dma_0_0/design_1_axi_dma_0_0_clocks.xdc] for cell 'design_1_i/axi_dma_0/U0'
Finished Parsing XDC File [/home/pjs/Desktop/smollm2-zybo/hw/vivado_project/GPTalk.gen/sources_1/bd/design_1/ip/design_1_axi_dma_0_0/design_1_axi_dma_0_0_clocks.xdc] for cell 'design_1_i/axi_dma_0/U0'
INFO: [Project 1-1714] 117 XPM XDC files have been applied to the design.
INFO: [Opt 31-138] Pushed 0 inverter(s) to 0 load pin(s).
Generating merged BMM file for the design top 'design_1_wrapper'...
Netlist sorting complete. Time (s): cpu = 00:00:00.01 ; elapsed = 00:00:00 . Memory (MB): peak = 2534.359 ; gain = 0.000 ; free physical = 52676 ; free virtual = 64685
INFO: [Project 1-111] Unisim Transformation Summary:
  A total of 253 instances were transformed.
  RAM16X1D => RAM32X1D (RAMD32(x2)): 1 instance 
  RAM32M => RAM32M (RAMD32(x6), RAMS32(x2)): 243 instances
  RAM32X1D => RAM32X1D (RAMD32(x2)): 9 instances

21 Infos, 4 Warnings, 0 Critical Warnings and 0 Errors encountered.
link_design completed successfully
link_design: Time (s): cpu = 00:00:12 ; elapsed = 00:00:10 . Memory (MB): peak = 2534.359 ; gain = 1148.582 ; free physical = 52676 ; free virtual = 64685
Command: opt_design -directive Explore
INFO: [Vivado_Tcl 4-136] Directive used for opt_design is: Explore
Attempting to get a license for feature 'Implementation' and/or device 'xc7z020'
INFO: [Common 17-349] Got license for feature 'Implementation' and/or device 'xc7z020'
Running DRC as a precondition to command opt_design

Starting DRC Task
INFO: [DRC 23-27] Running DRC with 8 threads
INFO: [Project 1-461] DRC finished with 0 Errors
INFO: [Project 1-462] Please refer to the DRC report (report_drc) for more information.

Time (s): cpu = 00:00:01 ; elapsed = 00:00:00.33 . Memory (MB): peak = 2534.359 ; gain = 0.000 ; free physical = 52641 ; free virtual = 64643

Starting Logic Optimization Task

Phase 1 Initialization

Phase 1.1 Core Generation And Design Setup
Phase 1.1 Core Generation And Design Setup | Checksum: 1ad4d95f6

Time (s): cpu = 00:00:00.03 ; elapsed = 00:00:00.02 . Memory (MB): peak = 2757.344 ; gain = 0.000 ; free physical = 52372 ; free virtual = 64379

Phase 1.2 Setup Constraints And Sort Netlist
Phase 1.2 Setup Constraints And Sort Netlist | Checksum: 1ad4d95f6

Time (s): cpu = 00:00:00.03 ; elapsed = 00:00:00.03 . Memory (MB): peak = 2757.344 ; gain = 0.000 ; free physical = 52372 ; free virtual = 64379
Phase 1 Initialization | Checksum: 1ad4d95f6

Time (s): cpu = 00:00:00.04 ; elapsed = 00:00:00.04 . Memory (MB): peak = 2757.344 ; gain = 0.000 ; free physical = 52372 ; free virtual = 64379

Phase 2 Timer Update And Timing Data Collection

Phase 2.1 Timer Update
INFO: [Timing 38-35] Done setting XDC timing constraints.
Phase 2.1 Timer Update | Checksum: 1ad4d95f6

Time (s): cpu = 00:00:03 ; elapsed = 00:00:00.91 . Memory (MB): peak = 2833.156 ; gain = 75.812 ; free physical = 52331 ; free virtual = 64339

Phase 2.2 Timing Data Collection
Phase 2.2 Timing Data Collection | Checksum: 1ad4d95f6

Time (s): cpu = 00:00:03 ; elapsed = 00:00:00.94 . Memory (MB): peak = 2833.156 ; gain = 75.812 ; free physical = 52325 ; free virtual = 64326
Phase 2 Timer Update And Timing Data Collection | Checksum: 1ad4d95f6

Time (s): cpu = 00:00:03 ; elapsed = 00:00:00.94 . Memory (MB): peak = 2833.156 ; gain = 75.812 ; free physical = 52323 ; free virtual = 64332

Phase 3 Retarget
INFO: [Opt 31-1851] Number of loadless carry chains removed were: 0
INFO: [Opt 31-1834] Total Chains To Be Transformed Were: 0 AND Number of Transformed insts Created are: 0
INFO: [Opt 31-1566] Pulled 25 inverters resulting in an inversion of 101 pins
INFO: [Opt 31-138] Pushed 45 inverter(s) to 247 load pin(s).
INFO: [Opt 31-49] Retargeted 0 cell(s).
Phase 3 Retarget | Checksum: fbd487ce

Time (s): cpu = 00:00:03 ; elapsed = 00:00:01 . Memory (MB): peak = 2833.156 ; gain = 75.812 ; free physical = 52319 ; free virtual = 64328
Retarget | Checksum: fbd487ce
INFO: [Opt 31-389] Phase Retarget created 63 cells and removed 198 cells
INFO: [Opt 31-1021] In phase Retarget, 120 netlist objects are constrained preventing optimization. Please run opt_design with -debug_log to get more detail. 

Phase 4 Constant propagation
INFO: [Opt 31-138] Pushed 1 inverter(s) to 2 load pin(s).
Phase 4 Constant propagation | Checksum: 14e0ad3de

Time (s): cpu = 00:00:03 ; elapsed = 00:00:01 . Memory (MB): peak = 2833.156 ; gain = 75.812 ; free physical = 52318 ; free virtual = 64327
Constant propagation | Checksum: 14e0ad3de
INFO: [Opt 31-389] Phase Constant propagation created 165 cells and removed 582 cells
INFO: [Opt 31-1021] In phase Constant propagation, 120 netlist objects are constrained preventing optimization. Please run opt_design with -debug_log to get more detail. 

Phase 5 Sweep
INFO: [Constraints 18-11670] Building netlist checker database with flags, 0x8
Done building netlist checker database: Time (s): cpu = 00:00:00 ; elapsed = 00:00:00 . Memory (MB): peak = 2833.156 ; gain = 0.000 ; free physical = 52340 ; free virtual = 64349
INFO: [Constraints 18-11670] Building netlist checker database with flags, 0x8
Done building netlist checker database: Time (s): cpu = 00:00:00 ; elapsed = 00:00:00.01 . Memory (MB): peak = 2833.156 ; gain = 0.000 ; free physical = 52340 ; free virtual = 64349
Phase 5 Sweep | Checksum: ef2d5fec

Time (s): cpu = 00:00:04 ; elapsed = 00:00:02 . Memory (MB): peak = 2833.156 ; gain = 75.812 ; free physical = 52340 ; free virtual = 64349
Sweep | Checksum: ef2d5fec
INFO: [Opt 31-389] Phase Sweep created 0 cells and removed 1246 cells
INFO: [Opt 31-1021] In phase Sweep, 151 netlist objects are constrained preventing optimization. Please run opt_design with -debug_log to get more detail. 

Phase 6 BUFG optimization
Phase 6 BUFG optimization | Checksum: ef2d5fec

Time (s): cpu = 00:00:04 ; elapsed = 00:00:02 . Memory (MB): peak = 2865.172 ; gain = 107.828 ; free physical = 52346 ; free virtual = 64356
BUFG optimization | Checksum: ef2d5fec
INFO: [Opt 31-662] Phase BUFG optimization created 0 cells of which 0 are BUFGs and removed 0 cells.

Phase 7 Shift Register Optimization
INFO: [Opt 31-1064] SRL Remap converted 0 SRLs to 0 registers and converted 0 registers of register chains to 0 SRLs
Phase 7 Shift Register Optimization | Checksum: ef2d5fec

Time (s): cpu = 00:00:04 ; elapsed = 00:00:02 . Memory (MB): peak = 2865.172 ; gain = 107.828 ; free physical = 52346 ; free virtual = 64356
Shift Register Optimization | Checksum: ef2d5fec
INFO: [Opt 31-389] Phase Shift Register Optimization created 0 cells and removed 0 cells
INFO: [Opt 31-1555] control_set_opt supports Versal devices only, and device 7z020 is unsupported

Phase 8 Post Processing Netlist
INFO: [Opt 31-1566] Pulled 1 inverters resulting in an inversion of 1 pins
Phase 8 Post Processing Netlist | Checksum: 67acfd04

Time (s): cpu = 00:00:04 ; elapsed = 00:00:02 . Memory (MB): peak = 2865.172 ; gain = 107.828 ; free physical = 52343 ; free virtual = 64352
Post Processing Netlist | Checksum: 67acfd04
INFO: [Opt 31-389] Phase Post Processing Netlist created 0 cells and removed 1 cells
INFO: [Opt 31-1021] In phase Post Processing Netlist, 120 netlist objects are constrained preventing optimization. Please run opt_design with -debug_log to get more detail. 

Phase 9 Finalization

Phase 9.1 Finalizing Design Cores and Updating Shapes
Phase 9.1 Finalizing Design Cores and Updating Shapes | Checksum: 1456f39e8

Time (s): cpu = 00:00:05 ; elapsed = 00:00:03 . Memory (MB): peak = 2865.172 ; gain = 107.828 ; free physical = 52348 ; free virtual = 64357

Phase 9.2 Verifying Netlist Connectivity

Starting Connectivity Check Task

Time (s): cpu = 00:00:00.02 ; elapsed = 00:00:00.03 . Memory (MB): peak = 2865.172 ; gain = 0.000 ; free physical = 52348 ; free virtual = 64357
Phase 9.2 Verifying Netlist Connectivity | Checksum: 1456f39e8

Time (s): cpu = 00:00:05 ; elapsed = 00:00:03 . Memory (MB): peak = 2865.172 ; gain = 107.828 ; free physical = 52348 ; free virtual = 64357
Phase 9 Finalization | Checksum: 1456f39e8

Time (s): cpu = 00:00:05 ; elapsed = 00:00:03 . Memory (MB): peak = 2865.172 ; gain = 107.828 ; free physical = 52348 ; free virtual = 64357
Opt_design Change Summary
=========================


-------------------------------------------------------------------------------------------------------------------------
|  Phase                        |  #Cells created  |  #Cells Removed  |  #Constrained objects preventing optimizations  |
-------------------------------------------------------------------------------------------------------------------------
|  Retarget                     |              63  |             198  |                                            120  |
|  Constant propagation         |             165  |             582  |                                            120  |
|  Sweep                        |               0  |            1246  |                                            151  |
|  BUFG optimization            |               0  |               0  |                                              0  |
|  Shift Register Optimization  |               0  |               0  |                                              0  |
|  Post Processing Netlist      |               0  |               1  |                                            120  |
-------------------------------------------------------------------------------------------------------------------------


Ending Logic Optimization Task | Checksum: 1456f39e8

Time (s): cpu = 00:00:05 ; elapsed = 00:00:03 . Memory (MB): peak = 2865.172 ; gain = 107.828 ; free physical = 52349 ; free virtual = 64351

Starting Netlist Obfuscation Task
Netlist sorting complete. Time (s): cpu = 00:00:00 ; elapsed = 00:00:00.01 . Memory (MB): peak = 2865.172 ; gain = 0.000 ; free physical = 52348 ; free virtual = 64357
Ending Netlist Obfuscation Task | Checksum: 1456f39e8

Time (s): cpu = 00:00:00 ; elapsed = 00:00:00.01 . Memory (MB): peak = 2865.172 ; gain = 0.000 ; free physical = 52348 ; free virtual = 64357
INFO: [Common 17-83] Releasing license: Implementation
49 Infos, 4 Warnings, 0 Critical Warnings and 0 Errors encountered.
opt_design completed successfully
INFO: [Vivado 12-24828] Executing command : report_drc -file design_1_wrapper_drc_opted.rpt -pb design_1_wrapper_drc_opted.pb -rpx design_1_wrapper_drc_opted.rpx
Command: report_drc -file design_1_wrapper_drc_opted.rpt -pb design_1_wrapper_drc_opted.pb -rpx design_1_wrapper_drc_opted.rpx
INFO: [IP_Flow 19-1839] IP Catalog is up to date.
INFO: [DRC 23-27] Running DRC with 8 threads
INFO: [Vivado_Tcl 2-168] The results of DRC are in file /home/pjs/Desktop/smollm2-zybo/hw/vivado_project/GPTalk.runs/impl_1/design_1_wrapper_drc_opted.rpt.
report_drc completed successfully
INFO: [Timing 38-480] Writing timing data to binary archive.
Wrote PlaceDB: Time (s): cpu = 00:00:00.03 ; elapsed = 00:00:00.01 . Memory (MB): peak = 2865.172 ; gain = 0.000 ; free physical = 52294 ; free virtual = 64304
Wrote PulsedLatchDB: Time (s): cpu = 00:00:00 ; elapsed = 00:00:00 . Memory (MB): peak = 2865.172 ; gain = 0.000 ; free physical = 52294 ; free virtual = 64304
Writing XDEF routing.
Writing XDEF routing logical nets.
Write ShapeDB Complete: Time (s): cpu = 00:00:00.19 ; elapsed = 00:00:00.04 . Memory (MB): peak = 2865.172 ; gain = 0.000 ; free physical = 52292 ; free virtual = 64305
Writing XDEF routing special nets.
Wrote RouteStorage: Time (s): cpu = 00:00:00.19 ; elapsed = 00:00:00.04 . Memory (MB): peak = 2865.172 ; gain = 0.000 ; free physical = 52292 ; free virtual = 64305
Wrote Netlist Cache: Time (s): cpu = 00:00:00.01 ; elapsed = 00:00:00 . Memory (MB): peak = 2865.172 ; gain = 0.000 ; free physical = 52292 ; free virtual = 64305
Wrote Device Cache: Time (s): cpu = 00:00:00.01 ; elapsed = 00:00:00.01 . Memory (MB): peak = 2865.172 ; gain = 0.000 ; free physical = 52291 ; free virtual = 64304
Write Physdb Complete: Time (s): cpu = 00:00:00.25 ; elapsed = 00:00:00.06 . Memory (MB): peak = 2865.172 ; gain = 0.000 ; free physical = 52291 ; free virtual = 64304
INFO: [Common 17-1381] The checkpoint '/home/pjs/Desktop/smollm2-zybo/hw/vivado_project/GPTalk.runs/impl_1/design_1_wrapper_opt.dcp' has been generated.
Command: place_design -directive ExtraNetDelay_high
Attempting to get a license for feature 'Implementation' and/or device 'xc7z020'
INFO: [Common 17-349] Got license for feature 'Implementation' and/or device 'xc7z020'
INFO: [Common 17-83] Releasing license: Implementation
INFO: [DRC 23-27] Running DRC with 8 threads
INFO: [Vivado_Tcl 4-198] DRC finished with 0 Errors
INFO: [Vivado_Tcl 4-199] Please refer to the DRC report (report_drc) for more information.
INFO: [Vivado_Tcl 4-2302] The placer was invoked with the 'ExtraNetDelay_high' directive.
Running DRC as a precondition to command place_design
INFO: [DRC 23-27] Running DRC with 8 threads
INFO: [Vivado_Tcl 4-198] DRC finished with 0 Errors
INFO: [Vivado_Tcl 4-199] Please refer to the DRC report (report_drc) for more information.
INFO: [Place 30-611] Multithreading enabled for place_design using a maximum of 8 CPUs

Starting Placer Task

Phase 1 Placer Initialization

Phase 1.1 Placer Initialization Netlist Sorting
Netlist sorting complete. Time (s): cpu = 00:00:00 ; elapsed = 00:00:00.01 . Memory (MB): peak = 2905.797 ; gain = 0.000 ; free physical = 52273 ; free virtual = 64290
Phase 1.1 Placer Initialization Netlist Sorting | Checksum: b1085b3f

Time (s): cpu = 00:00:00 ; elapsed = 00:00:00.01 . Memory (MB): peak = 2905.797 ; gain = 0.000 ; free physical = 52273 ; free virtual = 64290
Netlist sorting complete. Time (s): cpu = 00:00:00 ; elapsed = 00:00:00 . Memory (MB): peak = 2905.797 ; gain = 0.000 ; free physical = 52273 ; free virtual = 64290

Phase 1.2 IO Placement/ Clock Placement/ Build Placer Device
INFO: [Timing 38-35] Done setting XDC timing constraints.
Phase 1.2 IO Placement/ Clock Placement/ Build Placer Device | Checksum: 53f8bed0

Time (s): cpu = 00:00:03 ; elapsed = 00:00:01 . Memory (MB): peak = 2905.797 ; gain = 0.000 ; free physical = 52244 ; free virtual = 64261

Phase 1.3 Build Placer Netlist Model
Phase 1.3 Build Placer Netlist Model | Checksum: 6e9c1914

Time (s): cpu = 00:00:10 ; elapsed = 00:00:04 . Memory (MB): peak = 3004.035 ; gain = 98.238 ; free physical = 52066 ; free virtual = 64083

Phase 1.4 Constrain Clocks/Macros
Phase 1.4 Constrain Clocks/Macros | Checksum: 6e9c1914

Time (s): cpu = 00:00:10 ; elapsed = 00:00:04 . Memory (MB): peak = 3004.035 ; gain = 98.238 ; free physical = 52066 ; free virtual = 64083
Phase 1 Placer Initialization | Checksum: 6e9c1914

Time (s): cpu = 00:00:10 ; elapsed = 00:00:04 . Memory (MB): peak = 3004.035 ; gain = 98.238 ; free physical = 52066 ; free virtual = 64083

Phase 2 Global Placement

Phase 2.1 Floorplanning
Phase 2.1 Floorplanning | Checksum: 98ea9926

Time (s): cpu = 00:00:14 ; elapsed = 00:00:05 . Memory (MB): peak = 3070.965 ; gain = 165.168 ; free physical = 52057 ; free virtual = 64073

Phase 2.2 Update Timing before SLR Path Opt
Phase 2.2 Update Timing before SLR Path Opt | Checksum: c7d3450e

Time (s): cpu = 00:00:16 ; elapsed = 00:00:06 . Memory (MB): peak = 3070.965 ; gain = 165.168 ; free physical = 51964 ; free virtual = 63981

Phase 2.3 Post-Processing in Floorplanning
Phase 2.3 Post-Processing in Floorplanning | Checksum: c7d3450e

Time (s): cpu = 00:00:16 ; elapsed = 00:00:06 . Memory (MB): peak = 3070.965 ; gain = 165.168 ; free physical = 51967 ; free virtual = 63984

Phase 2.4 Global Place Phase1
Phase 2.4 Global Place Phase1 | Checksum: 103fdb728

Time (s): cpu = 00:00:49 ; elapsed = 00:00:15 . Memory (MB): peak = 3118.988 ; gain = 213.191 ; free physical = 51970 ; free virtual = 63986

Phase 2.5 Global Place Phase2

Phase 2.5.1 UpdateTiming Before Physical Synthesis
Phase 2.5.1 UpdateTiming Before Physical Synthesis | Checksum: 166ffcbbb

Time (s): cpu = 00:00:52 ; elapsed = 00:00:16 . Memory (MB): peak = 3118.988 ; gain = 213.191 ; free physical = 51954 ; free virtual = 63970

Phase 2.5.2 Physical Synthesis In Placer
INFO: [Physopt 32-1035] Found 37 LUTNM shape to break, 883 LUT instances to create LUTNM shape
INFO: [Physopt 32-1044] Break lutnm for timing: one critical 26, two critical 11, total 37, new lutff created 0
INFO: [Physopt 32-1138] End 1 Pass. Optimized 363 nets or LUTs. Breaked 37 LUTs, combined 326 existing LUTs and moved 0 existing LUT
INFO: [Physopt 32-65] No nets found for high-fanout optimization.
INFO: [Physopt 32-232] Optimized 0 net. Created 0 new instance.
INFO: [Physopt 32-775] End 1 Pass. Optimized 0 net or cell. Created 0 new cell, deleted 0 existing cell and moved 0 existing cell
INFO: [Physopt 32-457] Pass 1. Identified 50 candidate cells for DSP register optimization.
INFO: [Physopt 32-665] Processed cell design_1_i/gemv_q8_0_dma_top_0/inst/core/mul_i32_i32_to_i64_return__9. 15 registers were pushed out.
INFO: [Physopt 32-665] Processed cell design_1_i/gemv_q8_0_dma_top_0/inst/core/scaled_product_reg[1]__0. 17 registers were pushed out.
INFO: [Physopt 32-665] Processed cell design_1_i/gemv_q8_0_dma_top_0/inst/core/mul_i32_i32_to_i64_return__0. 17 registers were pushed out.
INFO: [Physopt 32-665] Processed cell design_1_i/gemv_q8_0_dma_top_0/inst/core/mul_i32_i32_to_i64_return__3. 15 registers were pushed out.
INFO: [Physopt 32-665] Processed cell design_1_i/gemv_q8_0_dma_top_0/inst/core/mul_i32_i32_to_i64_return__1__0. 15 registers were pushed out.
INFO: [Physopt 32-665] Processed cell design_1_i/gemv_q8_0_dma_top_0/inst/core/scaled_product_reg[8]. 16 registers were pushed out.
INFO: [Physopt 32-665] Processed cell design_1_i/gemv_q8_0_dma_top_0/inst/core/mul_i32_i32_to_i64_return__8__0. 17 registers were pushed out.
INFO: [Physopt 32-665] Processed cell design_1_i/gemv_q8_0_dma_top_0/inst/core/scaled_product_reg[9]__0. 17 registers were pushed out.
INFO: [Physopt 32-665] Processed cell design_1_i/gemv_q8_0_dma_top_0/inst/core/mul_i32_i32_to_i64_return__3__2. 15 registers were pushed out.
INFO: [Physopt 32-665] Processed cell design_1_i/gemv_q8_0_dma_top_0/inst/core/scaled_product_reg[5]. 15 registers were pushed out.
INFO: [Physopt 32-665] Processed cell design_1_i/gemv_q8_0_dma_top_0/inst/core/scaled_product_reg[3]. 15 registers were pushed out.
INFO: [Physopt 32-665] Processed cell design_1_i/gemv_q8_0_dma_top_0/inst/core/scaled_product_reg[13]. 15 registers were pushed out.
INFO: [Physopt 32-665] Processed cell design_1_i/gemv_q8_0_dma_top_0/inst/core/mul_i32_i32_to_i64_return__3__0. 15 registers were pushed out.
INFO: [Physopt 32-665] Processed cell design_1_i/gemv_q8_0_dma_top_0/inst/core/mul_i32_i32_to_i64_return__5__0. 15 registers were pushed out.
INFO: [Physopt 32-665] Processed cell design_1_i/gemv_q8_0_dma_top_0/inst/core/scaled_product_reg[3]__0. 17 registers were pushed out.
INFO: [Physopt 32-665] Processed cell design_1_i/gemv_q8_0_dma_top_0/inst/core/mul_i32_i32_to_i64_return__10. 15 registers were pushed out.
INFO: [Physopt 32-666] Processed cell design_1_i/gemv_q8_0_dma_top_0/inst/core/scaled_product_reg[13]__0. No change.
INFO: [Physopt 32-665] Processed cell design_1_i/gemv_q8_0_dma_top_0/inst/core/scaled_product_reg[12]__0. 17 registers were pushed out.
INFO: [Physopt 32-665] Processed cell design_1_i/gemv_q8_0_dma_top_0/inst/core/mul_i32_i32_to_i64_return__6__0. 17 registers were pushed out.
INFO: [Physopt 32-665] Processed cell design_1_i/gemv_q8_0_dma_top_0/inst/core/scaled_product_reg[4]. 16 registers were pushed out.
INFO: [Physopt 32-665] Processed cell design_1_i/gemv_q8_0_dma_top_0/inst/core/scaled_product_reg[12]. 16 registers were pushed out.
INFO: [Physopt 32-665] Processed cell design_1_i/gemv_q8_0_dma_top_0/inst/core/scaled_product_reg[0]. 16 registers were pushed out.
INFO: [Physopt 32-665] Processed cell design_1_i/gemv_q8_0_dma_top_0/inst/core/mul_i32_i32_to_i64_return__4. 17 registers were pushed out.
INFO: [Physopt 32-665] Processed cell design_1_i/gemv_q8_0_dma_top_0/inst/core/scaled_product_reg[5]__0. 17 registers were pushed out.
INFO: [Physopt 32-665] Processed cell design_1_i/gemv_q8_0_dma_top_0/inst/core/mul_i32_i32_to_i64_return__1__1. 15 registers were pushed out.
INFO: [Physopt 32-665] Processed cell design_1_i/gemv_q8_0_dma_top_0/inst/core/mul_i32_i32_to_i64_return. 15 registers were pushed out.
INFO: [Physopt 32-665] Processed cell design_1_i/gemv_q8_0_dma_top_0/inst/core/scaled_product_reg[7]. 15 registers were pushed out.
INFO: [Physopt 32-665] Processed cell design_1_i/gemv_q8_0_dma_top_0/inst/core/mul_i32_i32_to_i64_return__2__0. 17 registers were pushed out.
INFO: [Physopt 32-666] Processed cell design_1_i/gemv_q8_0_dma_top_0/inst/core/mul_i32_i32_to_i64_return__4__2. No change.
INFO: [Physopt 32-665] Processed cell design_1_i/gemv_q8_0_dma_top_0/inst/core/scaled_product_reg[4]__0. 17 registers were pushed out.
INFO: [Physopt 32-665] Processed cell design_1_i/gemv_q8_0_dma_top_0/inst/core/mul_i32_i32_to_i64_return__4__0. 17 registers were pushed out.
INFO: [Physopt 32-665] Processed cell design_1_i/gemv_q8_0_dma_top_0/inst/core/scaled_product_reg[1]. 15 registers were pushed out.
INFO: [Physopt 32-665] Processed cell design_1_i/gemv_q8_0_dma_top_0/inst/core/scaled_product_reg[0]__0. 17 registers were pushed out.
INFO: [Physopt 32-665] Processed cell design_1_i/gemv_q8_0_dma_top_0/inst/core/mul_i32_i32_to_i64_return__2__1. 17 registers were pushed out.
INFO: [Physopt 32-665] Processed cell design_1_i/gemv_q8_0_dma_top_0/inst/core/scaled_product_reg[9]. 30 registers were pushed out.
INFO: [Physopt 32-665] Processed cell design_1_i/gemv_q8_0_dma_top_0/inst/core/scaled_product_reg[1]__0. 47 registers were pushed out.
INFO: [Physopt 32-666] Processed cell design_1_i/gemv_q8_0_dma_top_0/inst/core/mul_i32_i32_to_i64_return__1. No change.
INFO: [Physopt 32-665] Processed cell design_1_i/gemv_q8_0_dma_top_0/inst/core/scaled_product_reg[2]__0. 47 registers were pushed out.
INFO: [Physopt 32-666] Processed cell design_1_i/gemv_q8_0_dma_top_0/inst/core/scaled_product_reg[2]. No change.
INFO: [Physopt 32-665] Processed cell design_1_i/gemv_q8_0_dma_top_0/inst/core/scaled_product_reg[8]__0. 17 registers were pushed out.
INFO: [Physopt 32-665] Processed cell design_1_i/gemv_q8_0_dma_top_0/inst/core/mul_i32_i32_to_i64_return__0__0. 17 registers were pushed out.
INFO: [Physopt 32-665] Processed cell design_1_i/gemv_q8_0_dma_top_0/inst/core/scaled_product_reg[3]__0. 47 registers were pushed out.
INFO: [Physopt 32-665] Processed cell design_1_i/gemv_q8_0_dma_top_0/inst/core/scaled_product_reg[0]__0. 47 registers were pushed out.
INFO: [Physopt 32-665] Processed cell design_1_i/gemv_q8_0_dma_top_0/inst/core/scaled_product_reg[7]__0. 47 registers were pushed out.
INFO: [Physopt 32-666] Processed cell design_1_i/gemv_q8_0_dma_top_0/inst/core/scaled_product_reg[10]__0. No change.
INFO: [Physopt 32-666] Processed cell design_1_i/gemv_q8_0_dma_top_0/inst/core/mul_i32_i32_to_i64_return__4__1. No change.
INFO: [Physopt 32-665] Processed cell design_1_i/gemv_q8_0_dma_top_0/inst/core/scaled_product_reg[6]. 30 registers were pushed out.
INFO: [Physopt 32-665] Processed cell design_1_i/gemv_q8_0_dma_top_0/inst/core/scaled_product_reg[9]__0. 47 registers were pushed out.
INFO: [Physopt 32-665] Processed cell design_1_i/gemv_q8_0_dma_top_0/inst/core/scaled_product_reg[15]__0. 47 registers were pushed out.
INFO: [Physopt 32-665] Processed cell design_1_i/gemv_q8_0_dma_top_0/inst/core/scaled_product_reg[10]__0. 47 registers were pushed out.
INFO: [Physopt 32-457] Pass 2. Identified 45 candidate cells for DSP register optimization.
INFO: [Physopt 32-666] Processed cell design_1_i/gemv_q8_0_dma_top_0/inst/core/scaled_product_reg[13]__0. No change.
INFO: [Physopt 32-666] Processed cell design_1_i/gemv_q8_0_dma_top_0/inst/core/mul_i32_i32_to_i64_return__4__2. No change.
INFO: [Physopt 32-665] Processed cell design_1_i/gemv_q8_0_dma_top_0/inst/core/mul_i32_i32_to_i64_return__1. 15 registers were pushed out.
INFO: [Physopt 32-666] Processed cell design_1_i/gemv_q8_0_dma_top_0/inst/core/scaled_product_reg[2]. No change.
INFO: [Physopt 32-666] Processed cell design_1_i/gemv_q8_0_dma_top_0/inst/core/scaled_product_reg[10]__0. No change.
INFO: [Physopt 32-666] Processed cell design_1_i/gemv_q8_0_dma_top_0/inst/core/mul_i32_i32_to_i64_return__4__1. No change.
INFO: [Physopt 32-666] Processed cell design_1_i/gemv_q8_0_dma_top_0/inst/core/mul_i32_i32_to_i64_return__7__0. No change.
INFO: [Physopt 32-665] Processed cell design_1_i/gemv_q8_0_dma_top_0/inst/core/scaled_product_reg[13]__0. 47 registers were pushed out.
INFO: [Physopt 32-666] Processed cell design_1_i/gemv_q8_0_dma_top_0/inst/core/mul_i32_i32_to_i64_return__1__2. No change.
INFO: [Physopt 32-665] Processed cell design_1_i/gemv_q8_0_dma_top_0/inst/core/scaled_product_reg[3]. 30 registers were pushed out.
INFO: [Physopt 32-665] Processed cell design_1_i/gemv_q8_0_dma_top_0/inst/core/scaled_product_reg[11]__0. 47 registers were pushed out.
INFO: [Physopt 32-665] Processed cell design_1_i/gemv_q8_0_dma_top_0/inst/core/scaled_product_reg[7]. 30 registers were pushed out.
INFO: [Physopt 32-666] Processed cell design_1_i/gemv_q8_0_dma_top_0/inst/core/mul_i32_i32_to_i64_return__3__1. No change.
INFO: [Physopt 32-666] Processed cell design_1_i/gemv_q8_0_dma_top_0/inst/core/scaled_product_reg[9]. No change.
INFO: [Physopt 32-665] Processed cell design_1_i/gemv_q8_0_dma_top_0/inst/core/scaled_product_reg[14]. 30 registers were pushed out.
INFO: [Physopt 32-665] Processed cell design_1_i/gemv_q8_0_dma_top_0/inst/core/scaled_product_reg[4]__0. 47 registers were pushed out.
INFO: [Physopt 32-665] Processed cell design_1_i/gemv_q8_0_dma_top_0/inst/core/scaled_product_reg[6]__0. 47 registers were pushed out.
INFO: [Physopt 32-666] Processed cell design_1_i/gemv_q8_0_dma_top_0/inst/core/scaled_product_reg[14]. No change.
INFO: [Physopt 32-666] Processed cell design_1_i/gemv_q8_0_dma_top_0/inst/core/mul_i32_i32_to_i64_return__7. No change.
INFO: [Physopt 32-666] Processed cell design_1_i/gemv_q8_0_dma_top_0/inst/core/scaled_product_reg[10]. No change.
INFO: [Physopt 32-665] Processed cell design_1_i/gemv_q8_0_dma_top_0/inst/core/scaled_product_reg[11]. 30 registers were pushed out.
INFO: [Physopt 32-666] Processed cell design_1_i/gemv_q8_0_dma_top_0/inst/core/mul_i32_i32_to_i64_return__0__2. No change.
INFO: [Physopt 32-666] Processed cell design_1_i/gemv_q8_0_dma_top_0/inst/core/scaled_product_reg[15]__0. No change.
INFO: [Physopt 32-665] Processed cell design_1_i/gemv_q8_0_dma_top_0/inst/core/scaled_product_reg[1]. 30 registers were pushed out.
INFO: [Physopt 32-666] Processed cell design_1_i/gemv_q8_0_dma_top_0/inst/core/scaled_product_reg[11]. No change.
INFO: [Physopt 32-666] Processed cell design_1_i/gemv_q8_0_dma_top_0/inst/core/scaled_product_reg[6]__0. No change.
INFO: [Physopt 32-666] Processed cell design_1_i/gemv_q8_0_dma_top_0/inst/core/mul_i32_i32_to_i64_return__6. No change.
INFO: [Physopt 32-666] Processed cell design_1_i/gemv_q8_0_dma_top_0/inst/core/scaled_product_reg[11]__0. No change.
INFO: [Physopt 32-666] Processed cell design_1_i/gemv_q8_0_dma_top_0/inst/core/mul_i32_i32_to_i64_return__8. No change.
INFO: [Physopt 32-666] Processed cell design_1_i/gemv_q8_0_dma_top_0/inst/core/mul_i32_i32_to_i64_return__2. No change.
INFO: [Physopt 32-666] Processed cell design_1_i/gemv_q8_0_dma_top_0/inst/core/scaled_product_reg[2]__0. No change.
INFO: [Physopt 32-666] Processed cell design_1_i/gemv_q8_0_dma_top_0/inst/core/mul_i32_i32_to_i64_return__5. No change.
INFO: [Physopt 32-666] Processed cell design_1_i/gemv_q8_0_dma_top_0/inst/core/mul_i32_i32_to_i64_return__11. No change.
INFO: [Physopt 32-666] Processed cell design_1_i/gemv_q8_0_dma_top_0/inst/core/scaled_product_reg[6]. No change.
INFO: [Physopt 32-666] Processed cell design_1_i/gemv_q8_0_dma_top_0/inst/core/scaled_product_reg[15]. No change.
INFO: [Physopt 32-665] Processed cell design_1_i/gemv_q8_0_dma_top_0/inst/core/scaled_product_reg[12]__0. 47 registers were pushed out.
INFO: [Physopt 32-665] Processed cell design_1_i/gemv_q8_0_dma_top_0/inst/core/scaled_product_reg[13]. 30 registers were pushed out.
INFO: [Physopt 32-665] Processed cell design_1_i/gemv_q8_0_dma_top_0/inst/core/scaled_product_reg[14]__0. 47 registers were pushed out.
INFO: [Physopt 32-666] Processed cell design_1_i/gemv_q8_0_dma_top_0/inst/core/scaled_product_reg[14]__0. No change.
INFO: [Physopt 32-666] Processed cell design_1_i/gemv_q8_0_dma_top_0/inst/core/mul_i32_i32_to_i64_return__2__2. No change.
INFO: [Physopt 32-665] Processed cell design_1_i/gemv_q8_0_dma_top_0/inst/core/scaled_product_reg[5]. 30 registers were pushed out.
INFO: [Physopt 32-665] Processed cell design_1_i/gemv_q8_0_dma_top_0/inst/core/scaled_product_reg[2]. 30 registers were pushed out.
INFO: [Physopt 32-665] Processed cell design_1_i/gemv_q8_0_dma_top_0/inst/core/scaled_product_reg[15]. 30 registers were pushed out.
INFO: [Physopt 32-665] Processed cell design_1_i/gemv_q8_0_dma_top_0/inst/core/scaled_product_reg[5]__0. 47 registers were pushed out.
INFO: [Physopt 32-666] Processed cell design_1_i/gemv_q8_0_dma_top_0/inst/core/scaled_product_reg[7]__0. No change.
INFO: [Physopt 32-775] End 2 Pass. Optimized 61 nets or cells. Created 1596 new cells, deleted 0 existing cell and moved 0 existing cell
Netlist sorting complete. Time (s): cpu = 00:00:00.06 ; elapsed = 00:00:00.06 . Memory (MB): peak = 3118.988 ; gain = 0.000 ; free physical = 52101 ; free virtual = 64118
INFO: [Physopt 32-1123] No candidate cells found for Shift Register to Pipeline optimization
INFO: [Physopt 32-775] End 2 Pass. Optimized 0 net or cell. Created 0 new cell, deleted 0 existing cell and moved 0 existing cell
INFO: [Physopt 32-1401] No candidate cells found for Shift Register optimization.
INFO: [Physopt 32-677] No candidate cells for Shift Register optimization found in the design
INFO: [Physopt 32-775] End 1 Pass. Optimized 0 net or cell. Created 0 new cell, deleted 0 existing cell and moved 0 existing cell
INFO: [Physopt 32-526] No candidate cells for BRAM register optimization found in the design
INFO: [Physopt 32-775] End 1 Pass. Optimized 0 net or cell. Created 0 new cell, deleted 0 existing cell and moved 0 existing cell
INFO: [Physopt 32-846] No candidate cells for URAM register optimization found in the design
INFO: [Physopt 32-775] End 1 Pass. Optimized 0 net or cell. Created 0 new cell, deleted 0 existing cell and moved 0 existing cell
INFO: [Physopt 32-846] No candidate cells for URAM register optimization found in the design
INFO: [Physopt 32-775] End 1 Pass. Optimized 0 net or cell. Created 0 new cell, deleted 0 existing cell and moved 0 existing cell
INFO: [Physopt 32-949] No candidate nets found for dynamic/static region interface net replication
INFO: [Physopt 32-775] End 1 Pass. Optimized 0 net or cell. Created 0 new cell, deleted 0 existing cell and moved 0 existing cell
Netlist sorting complete. Time (s): cpu = 00:00:00 ; elapsed = 00:00:00 . Memory (MB): peak = 3118.988 ; gain = 0.000 ; free physical = 52101 ; free virtual = 64117

Summary of Physical Synthesis Optimizations
============================================


-----------------------------------------------------------------------------------------------------------------------------------------------------------
|  Optimization                                     |  Added Cells  |  Removed Cells  |  Optimized Cells/Nets  |  Dont Touch  |  Iterations  |  Elapsed   |
-----------------------------------------------------------------------------------------------------------------------------------------------------------
|  LUT Combining                                    |           37  |            326  |                   363  |           0  |           1  |  00:00:00  |
|  Retime                                           |            0  |              0  |                     0  |           0  |           1  |  00:00:00  |
|  Very High Fanout                                 |            0  |              0  |                     0  |           0  |           1  |  00:00:00  |
|  DSP Register                                     |         1596  |              0  |                    61  |           0  |           1  |  00:00:06  |
|  Shift Register to Pipeline                       |            0  |              0  |                     0  |           0  |           1  |  00:00:00  |
|  Shift Register                                   |            0  |              0  |                     0  |           0  |           1  |  00:00:00  |
|  BRAM Register                                    |            0  |              0  |                     0  |           0  |           1  |  00:00:00  |
|  URAM Register                                    |            0  |              0  |                     0  |           0  |           1  |  00:00:00  |
|  Dynamic/Static Region Interface Net Replication  |            0  |              0  |                     0  |           0  |           1  |  00:00:00  |
|  Total                                            |         1633  |            326  |                   424  |           0  |           9  |  00:00:06  |
-----------------------------------------------------------------------------------------------------------------------------------------------------------


Phase 2.5.2 Physical Synthesis In Placer | Checksum: 2760ee31d

Time (s): cpu = 00:01:01 ; elapsed = 00:00:23 . Memory (MB): peak = 3118.988 ; gain = 213.191 ; free physical = 52074 ; free virtual = 64091
Phase 2.5 Global Place Phase2 | Checksum: 198d9b8ef

Time (s): cpu = 00:01:03 ; elapsed = 00:00:24 . Memory (MB): peak = 3118.988 ; gain = 213.191 ; free physical = 52086 ; free virtual = 64104
Phase 2 Global Placement | Checksum: 198d9b8ef

Time (s): cpu = 00:01:03 ; elapsed = 00:00:24 . Memory (MB): peak = 3118.988 ; gain = 213.191 ; free physical = 52086 ; free virtual = 64103

Phase 3 Detail Placement

Phase 3.1 Commit Multi Column Macros
Phase 3.1 Commit Multi Column Macros | Checksum: 1e81df581

Time (s): cpu = 00:01:06 ; elapsed = 00:00:25 . Memory (MB): peak = 3118.988 ; gain = 213.191 ; free physical = 52126 ; free virtual = 64144

Phase 3.2 Commit Most Macros & LUTRAMs
Phase 3.2 Commit Most Macros & LUTRAMs | Checksum: 21e8a085d

Time (s): cpu = 00:01:11 ; elapsed = 00:00:27 . Memory (MB): peak = 3118.988 ; gain = 213.191 ; free physical = 52126 ; free virtual = 64145

Phase 3.3 Area Swap Optimization
Phase 3.3 Area Swap Optimization | Checksum: 215abf9c0

Time (s): cpu = 00:01:12 ; elapsed = 00:00:27 . Memory (MB): peak = 3118.988 ; gain = 213.191 ; free physical = 52132 ; free virtual = 64149

Phase 3.4 Pipeline Register Optimization
Phase 3.4 Pipeline Register Optimization | Checksum: 157a8f23b

Time (s): cpu = 00:01:12 ; elapsed = 00:00:27 . Memory (MB): peak = 3118.988 ; gain = 213.191 ; free physical = 52132 ; free virtual = 64149

Phase 3.5 Fast Optimization
Phase 3.5 Fast Optimization | Checksum: 18cc3688f

Time (s): cpu = 00:01:20 ; elapsed = 00:00:29 . Memory (MB): peak = 3118.988 ; gain = 213.191 ; free physical = 52094 ; free virtual = 64111

Phase 3.6 Small Shape Detail Placement
Phase 3.6 Small Shape Detail Placement | Checksum: 1c2bf49c7

Time (s): cpu = 00:01:26 ; elapsed = 00:00:34 . Memory (MB): peak = 3118.988 ; gain = 213.191 ; free physical = 52151 ; free virtual = 64168

Phase 3.7 Re-assign LUT pins
Phase 3.7 Re-assign LUT pins | Checksum: 1462d8816

Time (s): cpu = 00:01:26 ; elapsed = 00:00:34 . Memory (MB): peak = 3118.988 ; gain = 213.191 ; free physical = 52152 ; free virtual = 64170

Phase 3.8 Pipeline Register Optimization
Phase 3.8 Pipeline Register Optimization | Checksum: 1c15d1b0e

Time (s): cpu = 00:01:26 ; elapsed = 00:00:34 . Memory (MB): peak = 3118.988 ; gain = 213.191 ; free physical = 52148 ; free virtual = 64165

Phase 3.9 Fast Optimization
Phase 3.9 Fast Optimization | Checksum: 180a1ae9a

Time (s): cpu = 00:01:37 ; elapsed = 00:00:37 . Memory (MB): peak = 3118.988 ; gain = 213.191 ; free physical = 52115 ; free virtual = 64138
Phase 3 Detail Placement | Checksum: 180a1ae9a

Time (s): cpu = 00:01:37 ; elapsed = 00:00:37 . Memory (MB): peak = 3118.988 ; gain = 213.191 ; free physical = 52120 ; free virtual = 64137

Phase 4 Post Placement Optimization and Clean-Up

Phase 4.1 Post Commit Optimization
INFO: [Place 46-20] Placer is running with the ExtraNetDelay_high directive. Post Placement Optimization may take longer to complete with ExtraNetDelay_high compared to other directives.
INFO: [Timing 38-35] Done setting XDC timing constraints.

Phase 4.1.1 Post Placement Optimization
Post Placement Optimization Initialization | Checksum: 1c56618c4

Phase 4.1.1.1 BUFG Insertion

Starting Physical Synthesis Task

Phase 1 Physical Synthesis Initialization
INFO: [Physopt 32-721] Multithreading enabled for phys_opt_design using a maximum of 8 CPUs
INFO: [Physopt 32-619] Estimated Timing Summary | WNS=-1.242 | TNS=-603.678 |
Phase 1 Physical Synthesis Initialization | Checksum: 19f6fd44e

Time (s): cpu = 00:00:02 ; elapsed = 00:00:00.42 . Memory (MB): peak = 3135.762 ; gain = 0.000 ; free physical = 52118 ; free virtual = 64136
INFO: [Place 46-33] Processed net design_1_i/gemv_q8_0_dma_top_0/inst/core/SR[0], BUFG insertion was skipped due to placement/routing conflicts.
INFO: [Place 46-33] Processed net design_1_i/gemv_q8_0_dma_top_0/inst/core/scaled_product, BUFG insertion was skipped due to placement/routing conflicts.
INFO: [Place 46-33] Processed net design_1_i/gemv_q8_0_dma_top_0/inst/core/row_acc[7][63]_i_1_n_0, BUFG insertion was skipped due to placement/routing conflicts.
INFO: [Place 46-33] Processed net design_1_i/gemv_q8_0_dma_top_0/inst/core/scaled_shifted, BUFG insertion was skipped due to placement/routing conflicts.
INFO: [Place 46-56] BUFG insertion identified 4 candidate nets. Inserted BUFG: 0, Replicated BUFG Driver: 0, Skipped due to Placement/Routing Conflicts: 4, Skipped due to Timing Degradation: 0, Skipped due to netlist editing failed: 0.
Ending Physical Synthesis Task | Checksum: 144e442c7

Time (s): cpu = 00:00:02 ; elapsed = 00:00:00.69 . Memory (MB): peak = 3135.762 ; gain = 0.000 ; free physical = 52107 ; free virtual = 64124
Phase 4.1.1.1 BUFG Insertion | Checksum: 1c56618c4

Time (s): cpu = 00:01:48 ; elapsed = 00:00:40 . Memory (MB): peak = 3135.762 ; gain = 229.965 ; free physical = 52097 ; free virtual = 64114

Phase 4.1.1.2 Post Placement Timing Optimization
INFO: [Place 30-746] Post Placement Timing Summary WNS=-0.185. For the most accurate timing information please run report_timing.
Phase 4.1.1.2 Post Placement Timing Optimization | Checksum: 19a5d3894

Time (s): cpu = 00:05:36 ; elapsed = 00:04:26 . Memory (MB): peak = 3135.762 ; gain = 229.965 ; free physical = 52055 ; free virtual = 64074

Time (s): cpu = 00:05:36 ; elapsed = 00:04:26 . Memory (MB): peak = 3135.762 ; gain = 229.965 ; free physical = 52055 ; free virtual = 64074
Phase 4.1 Post Commit Optimization | Checksum: 19a5d3894

Time (s): cpu = 00:05:36 ; elapsed = 00:04:26 . Memory (MB): peak = 3135.762 ; gain = 229.965 ; free physical = 52061 ; free virtual = 64080

Phase 4.2 Post Placement Cleanup
Phase 4.2 Post Placement Cleanup | Checksum: 19a5d3894

Time (s): cpu = 00:05:36 ; elapsed = 00:04:26 . Memory (MB): peak = 3135.762 ; gain = 229.965 ; free physical = 52058 ; free virtual = 64077

Phase 4.3 Placer Reporting

Phase 4.3.1 Print Estimated Congestion
INFO: [Place 30-612] Post-Placement Estimated Congestion 
 ____________________________________________________
|           | Global Congestion | Short Congestion  |
| Direction | Region Size       | Region Size       |
|___________|___________________|___________________|
|      North|                8x8|              16x16|
|___________|___________________|___________________|
|      South|                1x1|                4x4|
|___________|___________________|___________________|
|       East|                4x4|                8x8|
|___________|___________________|___________________|
|       West|                1x1|                2x2|
|___________|___________________|___________________|

Phase 4.3.1 Print Estimated Congestion | Checksum: 19a5d3894

Time (s): cpu = 00:05:36 ; elapsed = 00:04:26 . Memory (MB): peak = 3135.762 ; gain = 229.965 ; free physical = 52066 ; free virtual = 64085
Phase 4.3 Placer Reporting | Checksum: 19a5d3894

Time (s): cpu = 00:05:37 ; elapsed = 00:04:26 . Memory (MB): peak = 3135.762 ; gain = 229.965 ; free physical = 52062 ; free virtual = 64080

Phase 4.4 Final Placement Cleanup
Netlist sorting complete. Time (s): cpu = 00:00:00.03 ; elapsed = 00:00:00.02 . Memory (MB): peak = 3135.762 ; gain = 0.000 ; free physical = 52061 ; free virtual = 64080

Time (s): cpu = 00:05:37 ; elapsed = 00:04:27 . Memory (MB): peak = 3135.762 ; gain = 229.965 ; free physical = 52061 ; free virtual = 64080
Phase 4 Post Placement Optimization and Clean-Up | Checksum: 1eb6df7f9

Time (s): cpu = 00:05:37 ; elapsed = 00:04:27 . Memory (MB): peak = 3135.762 ; gain = 229.965 ; free physical = 52057 ; free virtual = 64075
Ending Placer Task | Checksum: 1c21f8e03

Time (s): cpu = 00:05:37 ; elapsed = 00:04:27 . Memory (MB): peak = 3135.762 ; gain = 229.965 ; free physical = 52063 ; free virtual = 64081
194 Infos, 4 Warnings, 0 Critical Warnings and 0 Errors encountered.
place_design completed successfully
place_design: Time (s): cpu = 00:05:40 ; elapsed = 00:04:27 . Memory (MB): peak = 3135.762 ; gain = 270.590 ; free physical = 52061 ; free virtual = 64079
INFO: [Vivado 12-24838] Running report commands "report_control_sets, report_io, report_utilization" in parallel.
Running report generation with 3 threads.
INFO: [Vivado 12-24828] Executing command : report_io -file design_1_wrapper_io_placed.rpt
report_io: Time (s): cpu = 00:00:00.18 ; elapsed = 00:00:00.1 . Memory (MB): peak = 3135.762 ; gain = 0.000 ; free physical = 52021 ; free virtual = 64039
INFO: [Vivado 12-24828] Executing command : report_control_sets -verbose -file design_1_wrapper_control_sets_placed.rpt
report_control_sets: Time (s): cpu = 00:00:00.22 ; elapsed = 00:00:00.12 . Memory (MB): peak = 3135.762 ; gain = 0.000 ; free physical = 52026 ; free virtual = 64045
INFO: [Vivado 12-24828] Executing command : report_utilization -file design_1_wrapper_utilization_placed.rpt -pb design_1_wrapper_utilization_placed.pb
INFO: [Timing 38-480] Writing timing data to binary archive.
Write ShapeDB Complete: Time (s): cpu = 00:00:00.27 ; elapsed = 00:00:00.06 . Memory (MB): peak = 3135.762 ; gain = 0.000 ; free physical = 51992 ; free virtual = 64019
Wrote PlaceDB: Time (s): cpu = 00:00:03 ; elapsed = 00:00:01 . Memory (MB): peak = 3135.762 ; gain = 0.000 ; free physical = 51968 ; free virtual = 64034
Wrote PulsedLatchDB: Time (s): cpu = 00:00:00 ; elapsed = 00:00:00 . Memory (MB): peak = 3135.762 ; gain = 0.000 ; free physical = 51968 ; free virtual = 64034
Writing XDEF routing.
Writing XDEF routing logical nets.
Writing XDEF routing special nets.
Wrote RouteStorage: Time (s): cpu = 00:00:00.03 ; elapsed = 00:00:00.02 . Memory (MB): peak = 3135.762 ; gain = 0.000 ; free physical = 51968 ; free virtual = 64034
Wrote Netlist Cache: Time (s): cpu = 00:00:00.02 ; elapsed = 00:00:00.03 . Memory (MB): peak = 3135.762 ; gain = 0.000 ; free physical = 51974 ; free virtual = 64043
Wrote Device Cache: Time (s): cpu = 00:00:00.01 ; elapsed = 00:00:00 . Memory (MB): peak = 3135.762 ; gain = 0.000 ; free physical = 51974 ; free virtual = 64044
Write Physdb Complete: Time (s): cpu = 00:00:03 ; elapsed = 00:00:01 . Memory (MB): peak = 3135.762 ; gain = 0.000 ; free physical = 51970 ; free virtual = 64040
INFO: [Common 17-1381] The checkpoint '/home/pjs/Desktop/smollm2-zybo/hw/vivado_project/GPTalk.runs/impl_1/design_1_wrapper_placed.dcp' has been generated.
Command: phys_opt_design -directive AggressiveExplore
Attempting to get a license for feature 'Implementation' and/or device 'xc7z020'
INFO: [Common 17-349] Got license for feature 'Implementation' and/or device 'xc7z020'
INFO: [Vivado_Tcl 4-137] Directive used for phys_opt_design is: AggressiveExplore

Starting Initial Update Timing Task

Time (s): cpu = 00:00:07 ; elapsed = 00:00:02 . Memory (MB): peak = 3135.762 ; gain = 0.000 ; free physical = 52041 ; free virtual = 64074
INFO: [Vivado_Tcl 4-1435] PhysOpt_Tcl_Interface Runtime Before Starting Physical Synthesis Task | CPU: 7.38s |  WALL: 1.85s
Netlist sorting complete. Time (s): cpu = 00:00:00 ; elapsed = 00:00:00 . Memory (MB): peak = 3135.762 ; gain = 0.000 ; free physical = 52041 ; free virtual = 64074

Starting Physical Synthesis Task

Phase 1 Physical Synthesis Initialization
INFO: [Physopt 32-721] Multithreading enabled for phys_opt_design using a maximum of 8 CPUs
INFO: [Physopt 32-619] Estimated Timing Summary | WNS=-0.185 | TNS=-0.875 |
Phase 1 Physical Synthesis Initialization | Checksum: 11e20e7df

Time (s): cpu = 00:00:03 ; elapsed = 00:00:01 . Memory (MB): peak = 3135.762 ; gain = 0.000 ; free physical = 52020 ; free virtual = 64051

Phase 2 SLR Crossing Optimization
Phase 2 SLR Crossing Optimization | Checksum: 11e20e7df

Time (s): cpu = 00:00:03 ; elapsed = 00:00:01 . Memory (MB): peak = 3135.762 ; gain = 0.000 ; free physical = 52008 ; free virtual = 64039
INFO: [Physopt 32-619] Estimated Timing Summary | WNS=-0.185 | TNS=-0.875 |

Phase 3 Fanout Optimization
INFO: [Physopt 32-76] Pass 1. Identified 35 candidate nets for fanout optimization.
INFO: [Physopt 32-81] Processed net design_1_i/gemv_q8_0_dma_top_0/inst/core/scale_shift_reg_reg[4]_rep__16_n_0. Replicated 3 times.
INFO: [Physopt 32-572] Net design_1_i/gemv_q8_0_dma_top_0/inst/core/scaled_shifted[1][0]_i_143_n_0 was not replicated.
Resolution: phys_opt_design can be forced to replicate a net driver using the option -force_replication_on_nets <list of net objects>.
INFO: [Physopt 32-572] Net design_1_i/gemv_q8_0_dma_top_0/inst/core/scale_shift_reg_reg[3]_rep__7_n_0 was not replicated.
Resolution: phys_opt_design can be forced to replicate a net driver using the option -force_replication_on_nets <list of net objects>.
INFO: [Physopt 32-572] Net design_1_i/gemv_q8_0_dma_top_0/inst/core/scaled_shifted[1][0]_i_141_n_0 was not replicated.
Resolution: phys_opt_design can be forced to replicate a net driver using the option -force_replication_on_nets <list of net objects>.
INFO: [Physopt 32-572] Net design_1_i/gemv_q8_0_dma_top_0/inst/core/scaled_shifted[1][0]_i_87_n_0 was not replicated.
Resolution: phys_opt_design can be forced to replicate a net driver using the option -force_replication_on_nets <list of net objects>.
INFO: [Physopt 32-81] Processed net design_1_i/gemv_q8_0_dma_top_0/inst/core/scaled_shifted[1][0]_i_70_n_0. Replicated 3 times.
INFO: [Physopt 32-572] Net design_1_i/gemv_q8_0_dma_top_0/inst/core/scaled_shifted[1][0]_i_86_n_0 was not replicated.
Resolution: phys_opt_design can be forced to replicate a net driver using the option -force_replication_on_nets <list of net objects>.
INFO: [Physopt 32-572] Net design_1_i/gemv_q8_0_dma_top_0/inst/core/scaled_shifted[1][0]_i_142_n_0 was not replicated.
Resolution: phys_opt_design can be forced to replicate a net driver using the option -force_replication_on_nets <list of net objects>.
INFO: [Physopt 32-572] Net design_1_i/gemv_q8_0_dma_top_0/inst/core/scaled_shifted[1][0]_i_140_n_0 was not replicated.
Resolution: phys_opt_design can be forced to replicate a net driver using the option -force_replication_on_nets <list of net objects>.
INFO: [Physopt 32-81] Processed net design_1_i/gemv_q8_0_dma_top_0/inst/core/scale_shift_reg_reg[5]_rep__16_n_0. Replicated 1 times.
INFO: [Physopt 32-81] Processed net design_1_i/gemv_q8_0_dma_top_0/inst/core/scaled_shifted[1][0]_i_126_n_0. Replicated 3 times.
INFO: [Physopt 32-572] Net design_1_i/gemv_q8_0_dma_top_0/inst/core/scaled_shifted[1][0]_i_84_n_0 was not replicated.
Resolution: phys_opt_design can be forced to replicate a net driver using the option -force_replication_on_nets <list of net objects>.
INFO: [Physopt 32-81] Processed net design_1_i/gemv_q8_0_dma_top_0/inst/core/scaled_shifted[1][0]_i_85_n_0. Replicated 2 times.
INFO: [Physopt 32-572] Net design_1_i/gemv_q8_0_dma_top_0/inst/core/scaled_shifted[1][0]_i_127_n_0 was not replicated.
Resolution: phys_opt_design can be forced to replicate a net driver using the option -force_replication_on_nets <list of net objects>.
INFO: [Physopt 32-572] Net design_1_i/gemv_q8_0_dma_top_0/inst/core/scaled_shifted[1][0]_i_110_n_0 was not replicated.
Resolution: phys_opt_design can be forced to replicate a net driver using the option -force_replication_on_nets <list of net objects>.
INFO: [Physopt 32-81] Processed net design_1_i/gemv_q8_0_dma_top_0/inst/core/scale_shift_reg_reg[3]_rep__14_n_0. Replicated 2 times.
INFO: [Physopt 32-81] Processed net design_1_i/gemv_q8_0_dma_top_0/inst/core/scale_shift_reg_reg_n_0_[1]. Replicated 2 times.
INFO: [Physopt 32-572] Net design_1_i/gemv_q8_0_dma_top_0/inst/core/scaled_shifted[1][0]_i_58_n_0 was not replicated.
Resolution: phys_opt_design can be forced to replicate a net driver using the option -force_replication_on_nets <list of net objects>.
INFO: [Physopt 32-232] Optimized 7 nets. Created 16 new instances.
INFO: [Physopt 32-775] End 1 Pass. Optimized 7 nets or cells. Created 16 new cells, deleted 0 existing cell and moved 0 existing cell
INFO: [Physopt 32-619] Estimated Timing Summary | WNS=-0.185 | TNS=-0.871 |
Netlist sorting complete. Time (s): cpu = 00:00:00.07 ; elapsed = 00:00:00.06 . Memory (MB): peak = 3135.762 ; gain = 0.000 ; free physical = 52072 ; free virtual = 64104
Phase 3 Fanout Optimization | Checksum: 12de84514

Time (s): cpu = 00:00:36 ; elapsed = 00:00:10 . Memory (MB): peak = 3135.762 ; gain = 0.000 ; free physical = 52072 ; free virtual = 64104

Phase 4 Single Cell Placement Optimization
INFO: [Physopt 32-660] Identified 250 candidate nets for placement-based optimization.
INFO: [Physopt 32-662] Processed net design_1_i/gemv_q8_0_dma_top_0/inst/core/scaled_shifted[3][0]_i_16_n_0.  Did not re-place instance design_1_i/gemv_q8_0_dma_top_0/inst/core/scaled_shifted[3][0]_i_16
INFO: [Physopt 32-662] Processed net design_1_i/gemv_q8_0_dma_top_0/inst/core/scaled_product_reg[3]__0_n_102.  Did not re-place instance design_1_i/gemv_q8_0_dma_top_0/inst/core/scaled_shifted[3][23]_i_7_psdsp
INFO: [Physopt 32-662] Processed net design_1_i/gemv_q8_0_dma_top_0/inst/core/scaled_product_reg[3]__0_n_105.  Did not re-place instance design_1_i/gemv_q8_0_dma_top_0/inst/core/scaled_shifted[3][19]_i_6_psdsp
INFO: [Physopt 32-662] Processed net design_1_i/gemv_q8_0_dma_top_0/inst/core/scaled_shifted[3][0]_i_54_n_0.  Did not re-place instance design_1_i/gemv_q8_0_dma_top_0/inst/core/scaled_shifted[3][0]_i_54
INFO: [Physopt 32-662] Processed net design_1_i/gemv_q8_0_dma_top_0/inst/core/scaled_shifted[3][19]_i_6_n_0.  Did not re-place instance design_1_i/gemv_q8_0_dma_top_0/inst/core/scaled_shifted[3][19]_i_6
INFO: [Physopt 32-663] Processed net design_1_i/gemv_q8_0_dma_top_0/inst/core/scaled_shifted[3][23]_i_7_n_0.  Re-placed instance design_1_i/gemv_q8_0_dma_top_0/inst/core/scaled_shifted[3][23]_i_7
INFO: [Physopt 32-662] Processed net design_1_i/gemv_q8_0_dma_top_0/inst/core/scaled_shifted[3][4]_i_12_n_0.  Did not re-place instance design_1_i/gemv_q8_0_dma_top_0/inst/core/scaled_shifted[3][4]_i_12
INFO: [Physopt 32-662] Processed net design_1_i/gemv_q8_0_dma_top_0/inst/core/scaled_shifted[3][4]_i_13_n_0.  Did not re-place instance design_1_i/gemv_q8_0_dma_top_0/inst/core/scaled_shifted[3][4]_i_13
INFO: [Physopt 32-662] Processed net design_1_i/gemv_q8_0_dma_top_0/inst/core/scaled_shifted[3][4]_i_9_n_0.  Did not re-place instance design_1_i/gemv_q8_0_dma_top_0/inst/core/scaled_shifted[3][4]_i_9
INFO: [Physopt 32-662] Processed net design_1_i/gemv_q8_0_dma_top_0/inst/core/scaled_shifted[3][56]_i_1_n_0.  Did not re-place instance design_1_i/gemv_q8_0_dma_top_0/inst/core/scaled_shifted[3][56]_i_1
INFO: [Physopt 32-663] Processed net design_1_i/gemv_q8_0_dma_top_0/inst/core/scaled_shifted[3][56]_i_2_n_0.  Re-placed instance design_1_i/gemv_q8_0_dma_top_0/inst/core/scaled_shifted[3][56]_i_2
INFO: [Physopt 32-662] Processed net design_1_i/gemv_q8_0_dma_top_0/inst/core/scaled_shifted_reg[3]_5[56].  Did not re-place instance design_1_i/gemv_q8_0_dma_top_0/inst/core/scaled_shifted_reg[3][56]
INFO: [Physopt 32-662] Processed net design_1_i/gemv_q8_0_dma_top_0/inst/core/scaled_shifted[3][0]_i_82_n_0.  Did not re-place instance design_1_i/gemv_q8_0_dma_top_0/inst/core/scaled_shifted[3][0]_i_82
INFO: [Physopt 32-662] Processed net design_1_i/gemv_q8_0_dma_top_0/inst/core/scaled_shifted[3][0]_i_74_n_0.  Did not re-place instance design_1_i/gemv_q8_0_dma_top_0/inst/core/scaled_shifted[3][0]_i_74
INFO: [Physopt 32-662] Processed net design_1_i/gemv_q8_0_dma_top_0/inst/core/scaled_shifted[3][0]_i_42_n_0.  Did not re-place instance design_1_i/gemv_q8_0_dma_top_0/inst/core/scaled_shifted[3][0]_i_42
INFO: [Physopt 32-662] Processed net design_1_i/gemv_q8_0_dma_top_0/inst/core/scaled_shifted[1][0]_i_5_n_0.  Did not re-place instance design_1_i/gemv_q8_0_dma_top_0/inst/core/scaled_shifted[1][0]_i_5
INFO: [Physopt 32-662] Processed net design_1_i/gemv_q8_0_dma_top_0/inst/core/scaled_shifted[1][0]_i_10_n_0.  Did not re-place instance design_1_i/gemv_q8_0_dma_top_0/inst/core/scaled_shifted[1][0]_i_10
INFO: [Physopt 32-662] Processed net design_1_i/gemv_q8_0_dma_top_0/inst/core/scaled_product_reg[1]__0_n_105.  Did not re-place instance design_1_i/gemv_q8_0_dma_top_0/inst/core/scaled_shifted[1][19]_i_6_psdsp
INFO: [Physopt 32-662] Processed net design_1_i/gemv_q8_0_dma_top_0/inst/core/scaled_shifted[1][4]_i_5_n_0.  Did not re-place instance design_1_i/gemv_q8_0_dma_top_0/inst/core/scaled_shifted[1][0]_i_3
INFO: [Physopt 32-662] Processed net design_1_i/gemv_q8_0_dma_top_0/inst/core/scaled_shifted[1][0]_i_98_n_0.  Did not re-place instance design_1_i/gemv_q8_0_dma_top_0/inst/core/scaled_shifted[1][0]_i_98
INFO: [Physopt 32-662] Processed net design_1_i/gemv_q8_0_dma_top_0/inst/core/scaled_shifted[1][19]_i_6_n_0.  Did not re-place instance design_1_i/gemv_q8_0_dma_top_0/inst/core/scaled_shifted[1][19]_i_6
INFO: [Physopt 32-662] Processed net design_1_i/gemv_q8_0_dma_top_0/inst/core/scaled_shifted[1][62]_i_1_n_0.  Did not re-place instance design_1_i/gemv_q8_0_dma_top_0/inst/core/scaled_shifted[1][62]_i_1
INFO: [Physopt 32-662] Processed net design_1_i/gemv_q8_0_dma_top_0/inst/core/scaled_shifted[1][62]_i_2_n_0.  Did not re-place instance design_1_i/gemv_q8_0_dma_top_0/inst/core/scaled_shifted[1][62]_i_2
INFO: [Physopt 32-662] Processed net design_1_i/gemv_q8_0_dma_top_0/inst/core/scaled_shifted_reg[1]_1[62].  Did not re-place instance design_1_i/gemv_q8_0_dma_top_0/inst/core/scaled_shifted_reg[1][62]
INFO: [Physopt 32-662] Processed net design_1_i/gemv_q8_0_dma_top_0/inst/core/scaled_shifted[1][53]_i_1_n_0.  Did not re-place instance design_1_i/gemv_q8_0_dma_top_0/inst/core/scaled_shifted[1][53]_i_1
INFO: [Physopt 32-662] Processed net design_1_i/gemv_q8_0_dma_top_0/inst/core/scaled_shifted[1][53]_i_2_n_0.  Did not re-place instance design_1_i/gemv_q8_0_dma_top_0/inst/core/scaled_shifted[1][53]_i_2
INFO: [Physopt 32-662] Processed net design_1_i/gemv_q8_0_dma_top_0/inst/core/scaled_shifted_reg[1]_1[53].  Did not re-place instance design_1_i/gemv_q8_0_dma_top_0/inst/core/scaled_shifted_reg[1][53]
INFO: [Physopt 32-662] Processed net design_1_i/gemv_q8_0_dma_top_0/inst/core/scaled_shifted[1][0]_i_46_n_0.  Did not re-place instance design_1_i/gemv_q8_0_dma_top_0/inst/core/scaled_shifted[1][0]_i_46
INFO: [Physopt 32-662] Processed net design_1_i/gemv_q8_0_dma_top_0/inst/core/scaled_shifted[1][0]_i_138_n_0.  Did not re-place instance design_1_i/gemv_q8_0_dma_top_0/inst/core/scaled_shifted[1][0]_i_138
INFO: [Physopt 32-662] Processed net design_1_i/gemv_q8_0_dma_top_0/inst/core/scaled_shifted[1][0]_i_82_n_0.  Did not re-place instance design_1_i/gemv_q8_0_dma_top_0/inst/core/scaled_shifted[1][0]_i_82
INFO: [Physopt 32-662] Processed net design_1_i/gemv_q8_0_dma_top_0/inst/core/scaled_shifted[1][0]_i_106_n_0.  Did not re-place instance design_1_i/gemv_q8_0_dma_top_0/inst/core/scaled_shifted[1][0]_i_106
INFO: [Physopt 32-662] Processed net design_1_i/gemv_q8_0_dma_top_0/inst/core/scaled_shifted[3][0]_i_47_n_0.  Did not re-place instance design_1_i/gemv_q8_0_dma_top_0/inst/core/scaled_shifted[3][0]_i_47
INFO: [Physopt 32-662] Processed net design_1_i/gemv_q8_0_dma_top_0/inst/core/scaled_shifted[1][0]_i_54_n_0.  Did not re-place instance design_1_i/gemv_q8_0_dma_top_0/inst/core/scaled_shifted[1][0]_i_54
INFO: [Physopt 32-662] Processed net design_1_i/gemv_q8_0_dma_top_0/inst/core/scaled_shifted[1][0]_i_122_n_0.  Did not re-place instance design_1_i/gemv_q8_0_dma_top_0/inst/core/scaled_shifted[1][0]_i_122
INFO: [Physopt 32-662] Processed net design_1_i/gemv_q8_0_dma_top_0/inst/core/scaled_product_reg_n_0_[3][0].  Did not re-place instance design_1_i/gemv_q8_0_dma_top_0/inst/core/scaled_product_reg[3][0]
INFO: [Physopt 32-662] Processed net design_1_i/gemv_q8_0_dma_top_0/inst/core/scaled_shifted[3][0]_i_14_n_0.  Did not re-place instance design_1_i/gemv_q8_0_dma_top_0/inst/core/scaled_shifted[3][0]_i_14
INFO: [Physopt 32-662] Processed net design_1_i/gemv_q8_0_dma_top_0/inst/core/scaled_shifted[1][0]_i_16_n_0.  Did not re-place instance design_1_i/gemv_q8_0_dma_top_0/inst/core/scaled_shifted[1][0]_i_16
INFO: [Physopt 32-662] Processed net design_1_i/gemv_q8_0_dma_top_0/inst/core/scaled_shifted[3][4]_i_5_n_0.  Did not re-place instance design_1_i/gemv_q8_0_dma_top_0/inst/core/scaled_shifted[3][0]_i_3
INFO: [Physopt 32-662] Processed net design_1_i/gemv_q8_0_dma_top_0/inst/core/scaled_shifted[1][0]_i_6_n_0.  Did not re-place instance design_1_i/gemv_q8_0_dma_top_0/inst/core/scaled_shifted[1][0]_i_6
INFO: [Physopt 32-662] Processed net design_1_i/gemv_q8_0_dma_top_0/inst/core/scaled_shifted[1][55]_i_1_n_0.  Did not re-place instance design_1_i/gemv_q8_0_dma_top_0/inst/core/scaled_shifted[1][55]_i_1
INFO: [Physopt 32-662] Processed net design_1_i/gemv_q8_0_dma_top_0/inst/core/scaled_shifted[1][55]_i_3_n_0.  Did not re-place instance design_1_i/gemv_q8_0_dma_top_0/inst/core/scaled_shifted[1][55]_i_3
INFO: [Physopt 32-662] Processed net design_1_i/gemv_q8_0_dma_top_0/inst/core/scaled_shifted[3][0]_i_6_n_0.  Did not re-place instance design_1_i/gemv_q8_0_dma_top_0/inst/core/scaled_shifted[3][0]_i_6
INFO: [Physopt 32-662] Processed net design_1_i/gemv_q8_0_dma_top_0/inst/core/scaled_shifted[3][63]_i_42_n_0.  Did not re-place instance design_1_i/gemv_q8_0_dma_top_0/inst/core/scaled_shifted[3][63]_i_42
INFO: [Physopt 32-662] Processed net design_1_i/gemv_q8_0_dma_top_0/inst/core/scaled_shifted_reg[1]_1[55].  Did not re-place instance design_1_i/gemv_q8_0_dma_top_0/inst/core/scaled_shifted_reg[1][55]
INFO: [Physopt 32-662] Processed net design_1_i/gemv_q8_0_dma_top_0/inst/core/scaled_product_reg[1]__0_n_102.  Did not re-place instance design_1_i/gemv_q8_0_dma_top_0/inst/core/scaled_shifted[1][23]_i_7_psdsp
INFO: [Physopt 32-662] Processed net design_1_i/gemv_q8_0_dma_top_0/inst/core/scaled_shifted[1][23]_i_7_n_0.  Did not re-place instance design_1_i/gemv_q8_0_dma_top_0/inst/core/scaled_shifted[1][23]_i_7
INFO: [Physopt 32-662] Processed net design_1_i/gemv_q8_0_dma_top_0/inst/core/scaled_product_reg[1]__0_n_104.  Did not re-place instance design_1_i/gemv_q8_0_dma_top_0/inst/core/scaled_shifted[1][19]_i_5_psdsp
INFO: [Physopt 32-662] Processed net design_1_i/gemv_q8_0_dma_top_0/inst/core/scaled_shifted[1][19]_i_5_n_0.  Did not re-place instance design_1_i/gemv_q8_0_dma_top_0/inst/core/scaled_shifted[1][19]_i_5
INFO: [Physopt 32-662] Processed net design_1_i/gemv_q8_0_dma_top_0/inst/core/scaled_shifted[1][0]_i_11_n_0.  Did not re-place instance design_1_i/gemv_q8_0_dma_top_0/inst/core/scaled_shifted[1][0]_i_11
INFO: [Physopt 32-662] Processed net design_1_i/gemv_q8_0_dma_top_0/inst/core/scaled_shifted[1][4]_i_12_n_0.  Did not re-place instance design_1_i/gemv_q8_0_dma_top_0/inst/core/scaled_shifted[1][4]_i_12
INFO: [Physopt 32-662] Processed net design_1_i/gemv_q8_0_dma_top_0/inst/core/scaled_shifted[1][4]_i_9_n_0.  Did not re-place instance design_1_i/gemv_q8_0_dma_top_0/inst/core/scaled_shifted[1][4]_i_9
INFO: [Physopt 32-662] Processed net design_1_i/gemv_q8_0_dma_top_0/inst/core/scaled_shifted[3][58]_i_1_n_0.  Did not re-place instance design_1_i/gemv_q8_0_dma_top_0/inst/core/scaled_shifted[3][58]_i_1
INFO: [Physopt 32-662] Processed net design_1_i/gemv_q8_0_dma_top_0/inst/core/scaled_shifted[3][58]_i_2_n_0.  Did not re-place instance design_1_i/gemv_q8_0_dma_top_0/inst/core/scaled_shifted[3][58]_i_2
INFO: [Physopt 32-662] Processed net design_1_i/gemv_q8_0_dma_top_0/inst/core/scaled_shifted_reg[3]_5[58].  Did not re-place instance design_1_i/gemv_q8_0_dma_top_0/inst/core/scaled_shifted_reg[3][58]
INFO: [Physopt 32-662] Processed net design_1_i/gemv_q8_0_dma_top_0/inst/core/scaled_product_reg[3]__0_n_101.  Did not re-place instance design_1_i/gemv_q8_0_dma_top_0/inst/core/scaled_shifted[3][23]_i_6_psdsp
INFO: [Physopt 32-662] Processed net design_1_i/gemv_q8_0_dma_top_0/inst/core/scaled_shifted[3][23]_i_6_n_0.  Did not re-place instance design_1_i/gemv_q8_0_dma_top_0/inst/core/scaled_shifted[3][23]_i_6
INFO: [Physopt 32-662] Processed net design_1_i/gemv_q8_0_dma_top_0/inst/core/scaled_product_reg[3]__0_n_98.  Did not re-place instance design_1_i/gemv_q8_0_dma_top_0/inst/core/scaled_shifted[3][27]_i_7_psdsp
INFO: [Physopt 32-663] Processed net design_1_i/gemv_q8_0_dma_top_0/inst/core/scaled_shifted[3][27]_i_7_n_0.  Re-placed instance design_1_i/gemv_q8_0_dma_top_0/inst/core/scaled_shifted[3][27]_i_7
INFO: [Physopt 32-662] Processed net design_1_i/gemv_q8_0_dma_top_0/inst/core/scaled_shifted[3][0]_i_5_n_0.  Did not re-place instance design_1_i/gemv_q8_0_dma_top_0/inst/core/scaled_shifted[3][0]_i_5
INFO: [Physopt 32-662] Processed net design_1_i/gemv_q8_0_dma_top_0/inst/core/scaled_shifted[3][0]_i_12_n_0.  Did not re-place instance design_1_i/gemv_q8_0_dma_top_0/inst/core/scaled_shifted[3][0]_i_12
INFO: [Physopt 32-662] Processed net design_1_i/gemv_q8_0_dma_top_0/inst/core/scale_shift_reg_reg[3]_rep__7_n_0.  Did not re-place instance design_1_i/gemv_q8_0_dma_top_0/inst/core/scale_shift_reg_reg[3]_rep__7
INFO: [Physopt 32-662] Processed net design_1_i/gemv_q8_0_dma_top_0/inst/core/scale_shift_reg_reg[4]_rep__16_n_0.  Did not re-place instance design_1_i/gemv_q8_0_dma_top_0/inst/core/scale_shift_reg_reg[4]_rep__16
INFO: [Physopt 32-662] Processed net design_1_i/gemv_q8_0_dma_top_0/inst/core/scaled_shifted[1][0]_i_143_n_0.  Did not re-place instance design_1_i/gemv_q8_0_dma_top_0/inst/core/scaled_shifted[1][0]_i_143
INFO: [Physopt 32-662] Processed net design_1_i/gemv_q8_0_dma_top_0/inst/core/scaled_shifted[14][0]_i_16_n_0.  Did not re-place instance design_1_i/gemv_q8_0_dma_top_0/inst/core/scaled_shifted[14][0]_i_16
INFO: [Physopt 32-662] Processed net design_1_i/gemv_q8_0_dma_top_0/inst/core/scaled_shifted[14][0]_i_95_n_0.  Did not re-place instance design_1_i/gemv_q8_0_dma_top_0/inst/core/scaled_shifted[14][0]_i_95
INFO: [Physopt 32-662] Processed net design_1_i/gemv_q8_0_dma_top_0/inst/core/scaled_shifted[14][4]_i_12_n_0.  Did not re-place instance design_1_i/gemv_q8_0_dma_top_0/inst/core/scaled_shifted[14][4]_i_12
INFO: [Physopt 32-662] Processed net design_1_i/gemv_q8_0_dma_top_0/inst/core/scaled_shifted[14][4]_i_13_n_0.  Did not re-place instance design_1_i/gemv_q8_0_dma_top_0/inst/core/scaled_shifted[14][4]_i_13
INFO: [Physopt 32-662] Processed net design_1_i/gemv_q8_0_dma_top_0/inst/core/scaled_shifted[14][4]_i_9_n_0.  Did not re-place instance design_1_i/gemv_q8_0_dma_top_0/inst/core/scaled_shifted[14][4]_i_9
INFO: [Physopt 32-662] Processed net design_1_i/gemv_q8_0_dma_top_0/inst/core/scaled_shifted[14][58]_i_1_n_0.  Did not re-place instance design_1_i/gemv_q8_0_dma_top_0/inst/core/scaled_shifted[14][58]_i_1
INFO: [Physopt 32-663] Processed net design_1_i/gemv_q8_0_dma_top_0/inst/core/scaled_shifted[14][58]_i_2_n_0.  Re-placed instance design_1_i/gemv_q8_0_dma_top_0/inst/core/scaled_shifted[14][58]_i_2
INFO: [Physopt 32-662] Processed net design_1_i/gemv_q8_0_dma_top_0/inst/core/scaled_shifted_reg_n_0_[14][58].  Did not re-place instance design_1_i/gemv_q8_0_dma_top_0/inst/core/scaled_shifted_reg[14][58]
INFO: [Physopt 32-662] Processed net design_1_i/gemv_q8_0_dma_top_0/inst/core/scaled_shifted[1][0]_i_74_n_0.  Did not re-place instance design_1_i/gemv_q8_0_dma_top_0/inst/core/scaled_shifted[1][0]_i_74
INFO: [Physopt 32-662] Processed net design_1_i/gemv_q8_0_dma_top_0/inst/core/scaled_product_reg[1]__0_n_101.  Did not re-place instance design_1_i/gemv_q8_0_dma_top_0/inst/core/scaled_shifted[1][23]_i_6_psdsp
INFO: [Physopt 32-662] Processed net design_1_i/gemv_q8_0_dma_top_0/inst/core/scaled_shifted[1][23]_i_6_n_0.  Did not re-place instance design_1_i/gemv_q8_0_dma_top_0/inst/core/scaled_shifted[1][23]_i_6
INFO: [Physopt 32-662] Processed net design_1_i/gemv_q8_0_dma_top_0/inst/core/scaled_shifted[3][0]_i_10_n_0.  Did not re-place instance design_1_i/gemv_q8_0_dma_top_0/inst/core/scaled_shifted[3][0]_i_10
INFO: [Physopt 32-662] Processed net design_1_i/gemv_q8_0_dma_top_0/inst/core/scaled_shifted[1][63]_i_43_n_0.  Did not re-place instance design_1_i/gemv_q8_0_dma_top_0/inst/core/scaled_shifted[1][63]_i_43
INFO: [Physopt 32-662] Processed net design_1_i/gemv_q8_0_dma_top_0/inst/core/scaled_product_reg[3]__0_n_100.  Did not re-place instance design_1_i/gemv_q8_0_dma_top_0/inst/core/scaled_shifted[3][23]_i_5_psdsp
INFO: [Physopt 32-662] Processed net design_1_i/gemv_q8_0_dma_top_0/inst/core/scaled_shifted[3][23]_i_5_n_0.  Did not re-place instance design_1_i/gemv_q8_0_dma_top_0/inst/core/scaled_shifted[3][23]_i_5
INFO: [Physopt 32-662] Processed net design_1_i/gemv_q8_0_dma_top_0/inst/core/scaled_product_reg[1][16]__0_n_0.  Did not re-place instance design_1_i/gemv_q8_0_dma_top_0/inst/core/scaled_product_reg[1][16]__0
INFO: [Physopt 32-662] Processed net design_1_i/gemv_q8_0_dma_top_0/inst/core/scaled_shifted[15][0]_i_16_n_0.  Did not re-place instance design_1_i/gemv_q8_0_dma_top_0/inst/core/scaled_shifted[15][0]_i_16
INFO: [Physopt 32-662] Processed net design_1_i/gemv_q8_0_dma_top_0/inst/core/scaled_product_reg[15]__0_n_105.  Did not re-place instance design_1_i/gemv_q8_0_dma_top_0/inst/core/scaled_shifted[15][19]_i_6_psdsp
INFO: [Physopt 32-663] Processed net design_1_i/gemv_q8_0_dma_top_0/inst/core/data1__1[62].  Re-placed instance design_1_i/gemv_q8_0_dma_top_0/inst/core/scaled_shifted[15][62]_i_2
INFO: [Physopt 32-662] Processed net design_1_i/gemv_q8_0_dma_top_0/inst/core/round_shift_i64__2[62].  Did not re-place instance design_1_i/gemv_q8_0_dma_top_0/inst/core/scaled_shifted[15][62]_i_1
INFO: [Physopt 32-662] Processed net design_1_i/gemv_q8_0_dma_top_0/inst/core/scaled_shifted[15][0]_i_58_n_0.  Did not re-place instance design_1_i/gemv_q8_0_dma_top_0/inst/core/scaled_shifted[15][0]_i_58
INFO: [Physopt 32-662] Processed net design_1_i/gemv_q8_0_dma_top_0/inst/core/scaled_shifted[15][19]_i_6_n_0.  Did not re-place instance design_1_i/gemv_q8_0_dma_top_0/inst/core/scaled_shifted[15][19]_i_6
INFO: [Physopt 32-662] Processed net design_1_i/gemv_q8_0_dma_top_0/inst/core/scaled_shifted[15][4]_i_12_n_0.  Did not re-place instance design_1_i/gemv_q8_0_dma_top_0/inst/core/scaled_shifted[15][4]_i_12
INFO: [Physopt 32-662] Processed net design_1_i/gemv_q8_0_dma_top_0/inst/core/scaled_shifted[15][4]_i_13_n_0.  Did not re-place instance design_1_i/gemv_q8_0_dma_top_0/inst/core/scaled_shifted[15][4]_i_13
INFO: [Physopt 32-662] Processed net design_1_i/gemv_q8_0_dma_top_0/inst/core/scaled_shifted[15][4]_i_9_n_0.  Did not re-place instance design_1_i/gemv_q8_0_dma_top_0/inst/core/scaled_shifted[15][4]_i_9
INFO: [Physopt 32-662] Processed net design_1_i/gemv_q8_0_dma_top_0/inst/core/scaled_shifted_reg_n_0_[15][62].  Did not re-place instance design_1_i/gemv_q8_0_dma_top_0/inst/core/scaled_shifted_reg[15][62]
INFO: [Physopt 32-662] Processed net design_1_i/gemv_q8_0_dma_top_0/inst/core/scaled_shifted[1][0]_i_66_n_0.  Did not re-place instance design_1_i/gemv_q8_0_dma_top_0/inst/core/scaled_shifted[1][0]_i_66
INFO: [Physopt 32-662] Processed net design_1_i/gemv_q8_0_dma_top_0/inst/core/scaled_shifted[1][63]_i_55_n_0.  Did not re-place instance design_1_i/gemv_q8_0_dma_top_0/inst/core/scaled_shifted[1][63]_i_55
INFO: [Physopt 32-662] Processed net design_1_i/gemv_q8_0_dma_top_0/inst/core/scaled_shifted[15][0]_i_42_n_0.  Did not re-place instance design_1_i/gemv_q8_0_dma_top_0/inst/core/scaled_shifted[15][0]_i_42
INFO: [Physopt 32-662] Processed net design_1_i/gemv_q8_0_dma_top_0/inst/core/scaled_product_reg[3]__0_n_104.  Did not re-place instance design_1_i/gemv_q8_0_dma_top_0/inst/core/scaled_shifted[3][19]_i_5_psdsp
INFO: [Physopt 32-662] Processed net design_1_i/gemv_q8_0_dma_top_0/inst/core/scaled_shifted[3][19]_i_5_n_0.  Did not re-place instance design_1_i/gemv_q8_0_dma_top_0/inst/core/scaled_shifted[3][19]_i_5
INFO: [Physopt 32-663] Processed net design_1_i/gemv_q8_0_dma_top_0/inst/core/scaled_product_reg[15]__0_n_103.  Re-placed instance design_1_i/gemv_q8_0_dma_top_0/inst/core/scaled_shifted[15][19]_i_4_psdsp
INFO: [Physopt 32-662] Processed net design_1_i/gemv_q8_0_dma_top_0/inst/core/scaled_shifted[15][19]_i_4_n_0.  Did not re-place instance design_1_i/gemv_q8_0_dma_top_0/inst/core/scaled_shifted[15][19]_i_4
INFO: [Physopt 32-662] Processed net design_1_i/gemv_q8_0_dma_top_0/inst/core/scaled_shifted[15][0]_i_90_n_0.  Did not re-place instance design_1_i/gemv_q8_0_dma_top_0/inst/core/scaled_shifted[15][0]_i_90
INFO: [Physopt 32-662] Processed net design_1_i/gemv_q8_0_dma_top_0/inst/core/scaled_shifted[1][57]_i_1_n_0.  Did not re-place instance design_1_i/gemv_q8_0_dma_top_0/inst/core/scaled_shifted[1][57]_i_1
INFO: [Physopt 32-662] Processed net design_1_i/gemv_q8_0_dma_top_0/inst/core/scaled_shifted[1][57]_i_2_n_0.  Did not re-place instance design_1_i/gemv_q8_0_dma_top_0/inst/core/scaled_shifted[1][57]_i_2
INFO: [Physopt 32-662] Processed net design_1_i/gemv_q8_0_dma_top_0/inst/core/scaled_shifted_reg[1]_1[57].  Did not re-place instance design_1_i/gemv_q8_0_dma_top_0/inst/core/scaled_shifted_reg[1][57]
INFO: [Physopt 32-662] Processed net design_1_i/gemv_q8_0_dma_top_0/inst/core/scaled_shifted[15][0]_i_95_n_0.  Did not re-place instance design_1_i/gemv_q8_0_dma_top_0/inst/core/scaled_shifted[15][0]_i_95
INFO: [Physopt 32-662] Processed net design_1_i/gemv_q8_0_dma_top_0/inst/core/scaled_shifted[1][0]_i_15_n_0.  Did not re-place instance design_1_i/gemv_q8_0_dma_top_0/inst/core/scaled_shifted[1][0]_i_15
INFO: [Physopt 32-662] Processed net design_1_i/gemv_q8_0_dma_top_0/inst/core/scaled_shifted[14][0]_i_15_n_0.  Did not re-place instance design_1_i/gemv_q8_0_dma_top_0/inst/core/scaled_shifted[14][0]_i_15
INFO: [Physopt 32-662] Processed net design_1_i/gemv_q8_0_dma_top_0/inst/core/scaled_shifted[14][4]_i_5_n_0.  Did not re-place instance design_1_i/gemv_q8_0_dma_top_0/inst/core/scaled_shifted[14][0]_i_3
INFO: [Physopt 32-662] Processed net design_1_i/gemv_q8_0_dma_top_0/inst/core/scaled_shifted[14][0]_i_6_n_0.  Did not re-place instance design_1_i/gemv_q8_0_dma_top_0/inst/core/scaled_shifted[14][0]_i_6
INFO: [Physopt 32-662] Processed net design_1_i/gemv_q8_0_dma_top_0/inst/core/scaled_shifted[15][0]_i_46_n_0.  Did not re-place instance design_1_i/gemv_q8_0_dma_top_0/inst/core/scaled_shifted[15][0]_i_46
INFO: [Physopt 32-662] Processed net design_1_i/gemv_q8_0_dma_top_0/inst/core/scaled_product_reg[1]__0_n_103.  Did not re-place instance design_1_i/gemv_q8_0_dma_top_0/inst/core/scaled_shifted[1][19]_i_4_psdsp
INFO: [Physopt 32-662] Processed net design_1_i/gemv_q8_0_dma_top_0/inst/core/scaled_shifted[1][0]_i_99_n_0.  Did not re-place instance design_1_i/gemv_q8_0_dma_top_0/inst/core/scaled_shifted[1][0]_i_99
INFO: [Physopt 32-662] Processed net design_1_i/gemv_q8_0_dma_top_0/inst/core/scaled_shifted[1][19]_i_4_n_0.  Did not re-place instance design_1_i/gemv_q8_0_dma_top_0/inst/core/scaled_shifted[1][19]_i_4
INFO: [Physopt 32-662] Processed net design_1_i/gemv_q8_0_dma_top_0/inst/core/scaled_shifted[3][50]_i_1_n_0.  Did not re-place instance design_1_i/gemv_q8_0_dma_top_0/inst/core/scaled_shifted[3][50]_i_1
INFO: [Physopt 32-663] Processed net design_1_i/gemv_q8_0_dma_top_0/inst/core/scaled_shifted[3][50]_i_2_n_0.  Re-placed instance design_1_i/gemv_q8_0_dma_top_0/inst/core/scaled_shifted[3][50]_i_2
INFO: [Physopt 32-662] Processed net design_1_i/gemv_q8_0_dma_top_0/inst/core/scaled_shifted_reg[3]_5[50].  Did not re-place instance design_1_i/gemv_q8_0_dma_top_0/inst/core/scaled_shifted_reg[3][50]
INFO: [Physopt 32-662] Processed net design_1_i/gemv_q8_0_dma_top_0/inst/core/scaled_shifted[15][0]_i_5_n_0.  Did not re-place instance design_1_i/gemv_q8_0_dma_top_0/inst/core/scaled_shifted[15][0]_i_5
INFO: [Physopt 32-662] Processed net design_1_i/gemv_q8_0_dma_top_0/inst/core/scaled_shifted[15][0]_i_11_n_0.  Did not re-place instance design_1_i/gemv_q8_0_dma_top_0/inst/core/scaled_shifted[15][0]_i_11
INFO: [Physopt 32-662] Processed net design_1_i/gemv_q8_0_dma_top_0/inst/core/scaled_shifted[15][4]_i_5_n_0.  Did not re-place instance design_1_i/gemv_q8_0_dma_top_0/inst/core/scaled_shifted[15][0]_i_3
INFO: [Physopt 32-662] Processed net design_1_i/gemv_q8_0_dma_top_0/inst/core/scaled_shifted[1][0]_i_47_n_0.  Did not re-place instance design_1_i/gemv_q8_0_dma_top_0/inst/core/scaled_shifted[1][0]_i_47
INFO: [Physopt 32-662] Processed net design_1_i/gemv_q8_0_dma_top_0/inst/core/scaled_shifted[1][0]_i_139_n_0.  Did not re-place instance design_1_i/gemv_q8_0_dma_top_0/inst/core/scaled_shifted[1][0]_i_139
INFO: [Physopt 32-662] Processed net design_1_i/gemv_q8_0_dma_top_0/inst/core/scaled_shifted[1][0]_i_83_n_0.  Did not re-place instance design_1_i/gemv_q8_0_dma_top_0/inst/core/scaled_shifted[1][0]_i_83
INFO: [Physopt 32-662] Processed net design_1_i/gemv_q8_0_dma_top_0/inst/core/scaled_shifted[1][0]_i_141_n_0.  Did not re-place instance design_1_i/gemv_q8_0_dma_top_0/inst/core/scaled_shifted[1][0]_i_141
INFO: [Physopt 32-662] Processed net design_1_i/gemv_q8_0_dma_top_0/inst/core/scaled_shifted[14][0]_i_93_n_0.  Did not re-place instance design_1_i/gemv_q8_0_dma_top_0/inst/core/scaled_shifted[14][0]_i_93
INFO: [Physopt 32-662] Processed net design_1_i/gemv_q8_0_dma_top_0/inst/core/scaled_shifted[1][51]_i_1_n_0.  Did not re-place instance design_1_i/gemv_q8_0_dma_top_0/inst/core/scaled_shifted[1][51]_i_1
INFO: [Physopt 32-663] Processed net design_1_i/gemv_q8_0_dma_top_0/inst/core/scaled_shifted[1][51]_i_3_n_0.  Re-placed instance design_1_i/gemv_q8_0_dma_top_0/inst/core/scaled_shifted[1][51]_i_3
INFO: [Physopt 32-662] Processed net design_1_i/gemv_q8_0_dma_top_0/inst/core/scaled_shifted_reg[1]_1[51].  Did not re-place instance design_1_i/gemv_q8_0_dma_top_0/inst/core/scaled_shifted_reg[1][51]
INFO: [Physopt 32-662] Processed net design_1_i/gemv_q8_0_dma_top_0/inst/core/scaled_shifted[1][0]_i_107_n_0.  Did not re-place instance design_1_i/gemv_q8_0_dma_top_0/inst/core/scaled_shifted[1][0]_i_107
INFO: [Physopt 32-662] Processed net design_1_i/gemv_q8_0_dma_top_0/inst/core/scaled_shifted[1][4]_i_13_n_0.  Did not re-place instance design_1_i/gemv_q8_0_dma_top_0/inst/core/scaled_shifted[1][4]_i_13
INFO: [Physopt 32-662] Processed net design_1_i/gemv_q8_0_dma_top_0/inst/core/scaled_shifted[1][0]_i_55_n_0.  Did not re-place instance design_1_i/gemv_q8_0_dma_top_0/inst/core/scaled_shifted[1][0]_i_55
INFO: [Physopt 32-663] Processed net design_1_i/gemv_q8_0_dma_top_0/inst/core/scaled_product_reg[1]__0_n_98.  Re-placed instance design_1_i/gemv_q8_0_dma_top_0/inst/core/scaled_shifted[1][27]_i_7_psdsp
INFO: [Physopt 32-663] Processed net design_1_i/gemv_q8_0_dma_top_0/inst/core/scaled_shifted[1][27]_i_7_n_0.  Re-placed instance design_1_i/gemv_q8_0_dma_top_0/inst/core/scaled_shifted[1][27]_i_7
INFO: [Physopt 32-662] Processed net design_1_i/gemv_q8_0_dma_top_0/inst/core/scaled_shifted[15][0]_i_59_n_0.  Did not re-place instance design_1_i/gemv_q8_0_dma_top_0/inst/core/scaled_shifted[15][0]_i_59
INFO: [Physopt 32-662] Processed net design_1_i/gemv_q8_0_dma_top_0/inst/core/scaled_shifted[1][0]_i_123_n_0.  Did not re-place instance design_1_i/gemv_q8_0_dma_top_0/inst/core/scaled_shifted[1][0]_i_123
INFO: [Physopt 32-662] Processed net design_1_i/gemv_q8_0_dma_top_0/inst/core/scaled_product_reg[3]__0_n_103.  Did not re-place instance design_1_i/gemv_q8_0_dma_top_0/inst/core/scaled_shifted[3][19]_i_4_psdsp
INFO: [Physopt 32-662] Processed net design_1_i/gemv_q8_0_dma_top_0/inst/core/scaled_shifted[3][19]_i_4_n_0.  Did not re-place instance design_1_i/gemv_q8_0_dma_top_0/inst/core/scaled_shifted[3][19]_i_4
INFO: [Physopt 32-662] Processed net design_1_i/gemv_q8_0_dma_top_0/inst/core/scaled_shifted[15][0]_i_71_n_0.  Did not re-place instance design_1_i/gemv_q8_0_dma_top_0/inst/core/scaled_shifted[15][0]_i_71
INFO: [Physopt 32-662] Processed net design_1_i/gemv_q8_0_dma_top_0/inst/core/scaled_shifted[1][0]_i_67_n_0.  Did not re-place instance design_1_i/gemv_q8_0_dma_top_0/inst/core/scaled_shifted[1][0]_i_67
INFO: [Physopt 32-663] Processed net design_1_i/gemv_q8_0_dma_top_0/inst/core/scaled_product_reg_n_0_[3][3].  Re-placed instance design_1_i/gemv_q8_0_dma_top_0/inst/core/scaled_product_reg[3][3]
INFO: [Physopt 32-662] Processed net design_1_i/gemv_q8_0_dma_top_0/inst/core/scaled_shifted[15][0]_i_43_n_0.  Did not re-place instance design_1_i/gemv_q8_0_dma_top_0/inst/core/scaled_shifted[15][0]_i_43
INFO: [Physopt 32-662] Processed net design_1_i/gemv_q8_0_dma_top_0/inst/core/scaled_shifted[2][12]_i_12_n_0.  Did not re-place instance design_1_i/gemv_q8_0_dma_top_0/inst/core/scaled_shifted[2][12]_i_12
INFO: [Physopt 32-662] Processed net design_1_i/gemv_q8_0_dma_top_0/inst/core/scaled_shifted[2][24]_i_16_n_0.  Did not re-place instance design_1_i/gemv_q8_0_dma_top_0/inst/core/scaled_shifted[2][24]_i_16
INFO: [Physopt 32-662] Processed net design_1_i/gemv_q8_0_dma_top_0/inst/core/scaled_shifted[15][0]_i_91_n_0.  Did not re-place instance design_1_i/gemv_q8_0_dma_top_0/inst/core/scaled_shifted[15][0]_i_91
INFO: [Physopt 32-662] Processed net design_1_i/gemv_q8_0_dma_top_0/inst/core/scaled_shifted[2][0]_i_95_n_0.  Did not re-place instance design_1_i/gemv_q8_0_dma_top_0/inst/core/scaled_shifted[2][0]_i_95
INFO: [Physopt 32-662] Processed net design_1_i/gemv_q8_0_dma_top_0/inst/core/scaled_shifted[2][54]_i_1_n_0.  Did not re-place instance design_1_i/gemv_q8_0_dma_top_0/inst/core/scaled_shifted[2][54]_i_1
INFO: [Physopt 32-662] Processed net design_1_i/gemv_q8_0_dma_top_0/inst/core/scaled_shifted[2][54]_i_2_n_0.  Did not re-place instance design_1_i/gemv_q8_0_dma_top_0/inst/core/scaled_shifted[2][54]_i_2
INFO: [Physopt 32-662] Processed net design_1_i/gemv_q8_0_dma_top_0/inst/core/scaled_shifted[2][8]_i_6_n_0.  Did not re-place instance design_1_i/gemv_q8_0_dma_top_0/inst/core/scaled_shifted[2][8]_i_6
INFO: [Physopt 32-662] Processed net design_1_i/gemv_q8_0_dma_top_0/inst/core/scaled_shifted_reg[2]_3[54].  Did not re-place instance design_1_i/gemv_q8_0_dma_top_0/inst/core/scaled_shifted_reg[2][54]
INFO: [Physopt 32-662] Processed net design_1_i/gemv_q8_0_dma_top_0/inst/core/scaled_product_reg[15]__0_n_101.  Did not re-place instance design_1_i/gemv_q8_0_dma_top_0/inst/core/scaled_shifted[15][23]_i_6_psdsp
INFO: [Physopt 32-662] Processed net design_1_i/gemv_q8_0_dma_top_0/inst/core/scaled_product_reg_n_0_[1][0].  Did not re-place instance design_1_i/gemv_q8_0_dma_top_0/inst/core/scaled_product_reg[1][0]
INFO: [Physopt 32-662] Processed net design_1_i/gemv_q8_0_dma_top_0/inst/core/scaled_shifted[14][56]_i_1_n_0.  Did not re-place instance design_1_i/gemv_q8_0_dma_top_0/inst/core/scaled_shifted[14][56]_i_1
INFO: [Physopt 32-663] Processed net design_1_i/gemv_q8_0_dma_top_0/inst/core/scaled_shifted[14][56]_i_2_n_0.  Re-placed instance design_1_i/gemv_q8_0_dma_top_0/inst/core/scaled_shifted[14][56]_i_2
INFO: [Physopt 32-662] Processed net design_1_i/gemv_q8_0_dma_top_0/inst/core/scaled_shifted[15][0]_i_63_n_0.  Did not re-place instance design_1_i/gemv_q8_0_dma_top_0/inst/core/scaled_shifted[15][0]_i_63
INFO: [Physopt 32-662] Processed net design_1_i/gemv_q8_0_dma_top_0/inst/core/scaled_shifted[15][23]_i_6_n_0.  Did not re-place instance design_1_i/gemv_q8_0_dma_top_0/inst/core/scaled_shifted[15][23]_i_6
INFO: [Physopt 32-662] Processed net design_1_i/gemv_q8_0_dma_top_0/inst/core/scaled_shifted_reg_n_0_[14][56].  Did not re-place instance design_1_i/gemv_q8_0_dma_top_0/inst/core/scaled_shifted_reg[14][56]
INFO: [Physopt 32-662] Processed net design_1_i/gemv_q8_0_dma_top_0/inst/core/scaled_shifted[3][0]_i_55_n_0.  Did not re-place instance design_1_i/gemv_q8_0_dma_top_0/inst/core/scaled_shifted[3][0]_i_55
INFO: [Physopt 32-662] Processed net design_1_i/gemv_q8_0_dma_top_0/inst/core/scaled_shifted[1][0]_i_87_n_0.  Did not re-place instance design_1_i/gemv_q8_0_dma_top_0/inst/core/scaled_shifted[1][0]_i_87
INFO: [Physopt 32-662] Processed net design_1_i/gemv_q8_0_dma_top_0/inst/core/scaled_shifted[3][0]_i_67_n_0.  Did not re-place instance design_1_i/gemv_q8_0_dma_top_0/inst/core/scaled_shifted[3][0]_i_67
INFO: [Physopt 32-662] Processed net design_1_i/gemv_q8_0_dma_top_0/inst/core/scaled_shifted[15][0]_i_75_n_0.  Did not re-place instance design_1_i/gemv_q8_0_dma_top_0/inst/core/scaled_shifted[15][0]_i_75
INFO: [Physopt 32-662] Processed net design_1_i/gemv_q8_0_dma_top_0/inst/core/scaled_shifted[1][0]_i_136_n_0.  Did not re-place instance design_1_i/gemv_q8_0_dma_top_0/inst/core/scaled_shifted[1][0]_i_136
INFO: [Physopt 32-662] Processed net design_1_i/gemv_q8_0_dma_top_0/inst/core/scaled_shifted[3][0]_i_83_n_0.  Did not re-place instance design_1_i/gemv_q8_0_dma_top_0/inst/core/scaled_shifted[3][0]_i_83
INFO: [Physopt 32-662] Processed net design_1_i/gemv_q8_0_dma_top_0/inst/core/scaled_shifted[14][0]_i_14_n_0.  Did not re-place instance design_1_i/gemv_q8_0_dma_top_0/inst/core/scaled_shifted[14][0]_i_14
INFO: [Physopt 32-662] Processed net design_1_i/gemv_q8_0_dma_top_0/inst/core/scaled_shifted[15][0]_i_47_n_0.  Did not re-place instance design_1_i/gemv_q8_0_dma_top_0/inst/core/scaled_shifted[15][0]_i_47
INFO: [Physopt 32-662] Processed net design_1_i/gemv_q8_0_dma_top_0/inst/core/scaled_product_reg[1]__0_n_100.  Did not re-place instance design_1_i/gemv_q8_0_dma_top_0/inst/core/scaled_shifted[1][23]_i_5_psdsp
INFO: [Physopt 32-662] Processed net design_1_i/gemv_q8_0_dma_top_0/inst/core/scaled_product_reg[3][16]__0_n_0.  Did not re-place instance design_1_i/gemv_q8_0_dma_top_0/inst/core/scaled_product_reg[3][16]__0
INFO: [Physopt 32-662] Processed net design_1_i/gemv_q8_0_dma_top_0/inst/core/scaled_shifted[1][23]_i_5_n_0.  Did not re-place instance design_1_i/gemv_q8_0_dma_top_0/inst/core/scaled_shifted[1][23]_i_5
INFO: [Physopt 32-662] Processed net design_1_i/gemv_q8_0_dma_top_0/inst/core/scaled_shifted[1][0]_i_104_n_0.  Did not re-place instance design_1_i/gemv_q8_0_dma_top_0/inst/core/scaled_shifted[1][0]_i_104
INFO: [Physopt 32-662] Processed net design_1_i/gemv_q8_0_dma_top_0/inst/core/scaled_shifted[3][0]_i_75_n_0.  Did not re-place instance design_1_i/gemv_q8_0_dma_top_0/inst/core/scaled_shifted[3][0]_i_75
INFO: [Physopt 32-662] Processed net design_1_i/gemv_q8_0_dma_top_0/inst/core/scaled_shifted[3][52]_i_1_n_0.  Did not re-place instance design_1_i/gemv_q8_0_dma_top_0/inst/core/scaled_shifted[3][52]_i_1
INFO: [Physopt 32-662] Processed net design_1_i/gemv_q8_0_dma_top_0/inst/core/scaled_shifted[3][52]_i_2_n_0.  Did not re-place instance design_1_i/gemv_q8_0_dma_top_0/inst/core/scaled_shifted[3][52]_i_2
INFO: [Physopt 32-662] Processed net design_1_i/gemv_q8_0_dma_top_0/inst/core/scaled_shifted_reg[3]_5[52].  Did not re-place instance design_1_i/gemv_q8_0_dma_top_0/inst/core/scaled_shifted_reg[3][52]
INFO: [Physopt 32-662] Processed net design_1_i/gemv_q8_0_dma_top_0/inst/core/scaled_shifted[14][8]_i_14_n_0.  Did not re-place instance design_1_i/gemv_q8_0_dma_top_0/inst/core/scaled_shifted[14][8]_i_14
INFO: [Physopt 32-662] Processed net design_1_i/gemv_q8_0_dma_top_0/inst/core/scaled_shifted[2][58]_i_1_n_0.  Did not re-place instance design_1_i/gemv_q8_0_dma_top_0/inst/core/scaled_shifted[2][58]_i_1
INFO: [Physopt 32-662] Processed net design_1_i/gemv_q8_0_dma_top_0/inst/core/scaled_shifted[2][58]_i_2_n_0.  Did not re-place instance design_1_i/gemv_q8_0_dma_top_0/inst/core/scaled_shifted[2][58]_i_2
INFO: [Physopt 32-662] Processed net design_1_i/gemv_q8_0_dma_top_0/inst/core/scaled_shifted_reg[2]_3[58].  Did not re-place instance design_1_i/gemv_q8_0_dma_top_0/inst/core/scaled_shifted_reg[2][58]
INFO: [Physopt 32-662] Processed net design_1_i/gemv_q8_0_dma_top_0/inst/core/scaled_shifted[15][0]_i_55_n_0.  Did not re-place instance design_1_i/gemv_q8_0_dma_top_0/inst/core/scaled_shifted[15][0]_i_55
INFO: [Physopt 32-662] Processed net design_1_i/gemv_q8_0_dma_top_0/inst/core/scaled_shifted[1][0]_i_52_n_0.  Did not re-place instance design_1_i/gemv_q8_0_dma_top_0/inst/core/scaled_shifted[1][0]_i_52
INFO: [Physopt 32-662] Processed net design_1_i/gemv_q8_0_dma_top_0/inst/core/scaled_shifted[3][0]_i_63_n_0.  Did not re-place instance design_1_i/gemv_q8_0_dma_top_0/inst/core/scaled_shifted[3][0]_i_63
INFO: [Physopt 32-662] Processed net design_1_i/gemv_q8_0_dma_top_0/inst/core/scaled_product_reg[15]__0_n_102.  Did not re-place instance design_1_i/gemv_q8_0_dma_top_0/inst/core/scaled_shifted[15][23]_i_7_psdsp
INFO: [Physopt 32-662] Processed net design_1_i/gemv_q8_0_dma_top_0/inst/core/scaled_shifted[15][23]_i_7_n_0.  Did not re-place instance design_1_i/gemv_q8_0_dma_top_0/inst/core/scaled_shifted[15][23]_i_7
INFO: [Physopt 32-662] Processed net design_1_i/gemv_q8_0_dma_top_0/inst/core/scaled_shifted[1][0]_i_120_n_0.  Did not re-place instance design_1_i/gemv_q8_0_dma_top_0/inst/core/scaled_shifted[1][0]_i_120
INFO: [Physopt 32-662] Processed net design_1_i/gemv_q8_0_dma_top_0/inst/core/scaled_shifted[1][0]_i_14_n_0.  Did not re-place instance design_1_i/gemv_q8_0_dma_top_0/inst/core/scaled_shifted[1][0]_i_14
INFO: [Physopt 32-662] Processed net design_1_i/gemv_q8_0_dma_top_0/inst/core/scaled_shifted[1][8]_i_14_n_0.  Did not re-place instance design_1_i/gemv_q8_0_dma_top_0/inst/core/scaled_shifted[1][8]_i_14
INFO: [Physopt 32-662] Processed net design_1_i/gemv_q8_0_dma_top_0/inst/core/scaled_shifted[3][0]_i_43_n_0.  Did not re-place instance design_1_i/gemv_q8_0_dma_top_0/inst/core/scaled_shifted[3][0]_i_43
INFO: [Physopt 32-662] Processed net design_1_i/gemv_q8_0_dma_top_0/inst/core/scaled_shifted[1][0]_i_86_n_0.  Did not re-place instance design_1_i/gemv_q8_0_dma_top_0/inst/core/scaled_shifted[1][0]_i_86
INFO: [Physopt 32-662] Processed net design_1_i/gemv_q8_0_dma_top_0/inst/core/scaled_shifted[14][0]_i_66_n_0.  Did not re-place instance design_1_i/gemv_q8_0_dma_top_0/inst/core/scaled_shifted[14][0]_i_66
INFO: [Physopt 32-662] Processed net design_1_i/gemv_q8_0_dma_top_0/inst/core/scaled_shifted[1][0]_i_12_n_0.  Did not re-place instance design_1_i/gemv_q8_0_dma_top_0/inst/core/scaled_shifted[1][0]_i_12
INFO: [Physopt 32-662] Processed net design_1_i/gemv_q8_0_dma_top_0/inst/core/scaled_shifted[3][0]_i_71_n_0.  Did not re-place instance design_1_i/gemv_q8_0_dma_top_0/inst/core/scaled_shifted[3][0]_i_71
INFO: [Physopt 32-662] Processed net design_1_i/gemv_q8_0_dma_top_0/inst/core/scaled_shifted[12][0]_i_12_n_0.  Did not re-place instance design_1_i/gemv_q8_0_dma_top_0/inst/core/scaled_shifted[12][0]_i_12
INFO: [Physopt 32-662] Processed net design_1_i/gemv_q8_0_dma_top_0/inst/core/scaled_shifted[12][0]_i_5_n_0.  Did not re-place instance design_1_i/gemv_q8_0_dma_top_0/inst/core/scaled_shifted[12][0]_i_5
INFO: [Physopt 32-662] Processed net design_1_i/gemv_q8_0_dma_top_0/inst/core/scaled_shifted[12][4]_i_5_n_0.  Did not re-place instance design_1_i/gemv_q8_0_dma_top_0/inst/core/scaled_shifted[12][0]_i_3
INFO: [Physopt 32-662] Processed net design_1_i/gemv_q8_0_dma_top_0/inst/core/scaled_shifted[12][0]_i_95_n_0.  Did not re-place instance design_1_i/gemv_q8_0_dma_top_0/inst/core/scaled_shifted[12][0]_i_95
INFO: [Physopt 32-662] Processed net design_1_i/gemv_q8_0_dma_top_0/inst/core/scaled_shifted[12][58]_i_1_n_0.  Did not re-place instance design_1_i/gemv_q8_0_dma_top_0/inst/core/scaled_shifted[12][58]_i_1
INFO: [Physopt 32-662] Processed net design_1_i/gemv_q8_0_dma_top_0/inst/core/scaled_shifted[12][58]_i_2_n_0.  Did not re-place instance design_1_i/gemv_q8_0_dma_top_0/inst/core/scaled_shifted[12][58]_i_2
INFO: [Physopt 32-662] Processed net design_1_i/gemv_q8_0_dma_top_0/inst/core/scaled_shifted_reg_n_0_[12][58].  Did not re-place instance design_1_i/gemv_q8_0_dma_top_0/inst/core/scaled_shifted_reg[12][58]
INFO: [Physopt 32-662] Processed net design_1_i/gemv_q8_0_dma_top_0/inst/core/scaled_shifted[1][0]_i_142_n_0.  Did not re-place instance design_1_i/gemv_q8_0_dma_top_0/inst/core/scaled_shifted[1][0]_i_142
INFO: [Physopt 32-662] Processed net design_1_i/gemv_q8_0_dma_top_0/inst/core/scaled_shifted[14][0]_i_94_n_0.  Did not re-place instance design_1_i/gemv_q8_0_dma_top_0/inst/core/scaled_shifted[14][0]_i_94
INFO: [Physopt 32-662] Processed net design_1_i/gemv_q8_0_dma_top_0/inst/core/scaled_shifted[1][0]_i_140_n_0.  Did not re-place instance design_1_i/gemv_q8_0_dma_top_0/inst/core/scaled_shifted[1][0]_i_140
INFO: [Physopt 32-662] Processed net design_1_i/gemv_q8_0_dma_top_0/inst/core/scaled_shifted[15][0]_i_40_n_0.  Did not re-place instance design_1_i/gemv_q8_0_dma_top_0/inst/core/scaled_shifted[15][0]_i_40
INFO: [Physopt 32-662] Processed net design_1_i/gemv_q8_0_dma_top_0/inst/core/scaled_shifted[15][0]_i_92_n_0.  Did not re-place instance design_1_i/gemv_q8_0_dma_top_0/inst/core/scaled_shifted[15][0]_i_92
INFO: [Physopt 32-662] Processed net design_1_i/gemv_q8_0_dma_top_0/inst/core/scaled_product_reg[3]__0_n_97.  Did not re-place instance design_1_i/gemv_q8_0_dma_top_0/inst/core/scaled_shifted[3][27]_i_6_psdsp
INFO: [Physopt 32-662] Processed net design_1_i/gemv_q8_0_dma_top_0/inst/core/scaled_shifted[15][0]_i_93_n_0.  Did not re-place instance design_1_i/gemv_q8_0_dma_top_0/inst/core/scaled_shifted[15][0]_i_93
INFO: [Physopt 32-662] Processed net design_1_i/gemv_q8_0_dma_top_0/inst/core/scaled_shifted[3][27]_i_6_n_0.  Did not re-place instance design_1_i/gemv_q8_0_dma_top_0/inst/core/scaled_shifted[3][27]_i_6
INFO: [Physopt 32-662] Processed net design_1_i/gemv_q8_0_dma_top_0/inst/core/scaled_product_reg[3]__0_n_94.  Did not re-place instance design_1_i/gemv_q8_0_dma_top_0/inst/core/scaled_shifted[3][31]_i_7_psdsp
INFO: [Physopt 32-663] Processed net design_1_i/gemv_q8_0_dma_top_0/inst/core/scaled_shifted[3][31]_i_7_n_0.  Re-placed instance design_1_i/gemv_q8_0_dma_top_0/inst/core/scaled_shifted[3][31]_i_7
INFO: [Physopt 32-662] Processed net design_1_i/gemv_q8_0_dma_top_0/inst/core/scaled_shifted[12][52]_i_1_n_0.  Did not re-place instance design_1_i/gemv_q8_0_dma_top_0/inst/core/scaled_shifted[12][52]_i_1
INFO: [Physopt 32-663] Processed net design_1_i/gemv_q8_0_dma_top_0/inst/core/scaled_shifted[12][52]_i_2_n_0.  Re-placed instance design_1_i/gemv_q8_0_dma_top_0/inst/core/scaled_shifted[12][52]_i_2
INFO: [Physopt 32-662] Processed net design_1_i/gemv_q8_0_dma_top_0/inst/core/scaled_shifted_reg_n_0_[12][52].  Did not re-place instance design_1_i/gemv_q8_0_dma_top_0/inst/core/scaled_shifted_reg[12][52]
INFO: [Physopt 32-662] Processed net design_1_i/gemv_q8_0_dma_top_0/inst/core/scaled_shifted[3][0]_i_94_n_0.  Did not re-place instance design_1_i/gemv_q8_0_dma_top_0/inst/core/scaled_shifted[3][0]_i_94
INFO: [Physopt 32-662] Processed net design_1_i/gemv_q8_0_dma_top_0/inst/core/scaled_shifted[15][0]_i_44_n_0.  Did not re-place instance design_1_i/gemv_q8_0_dma_top_0/inst/core/scaled_shifted[15][0]_i_44
INFO: [Physopt 32-662] Processed net design_1_i/gemv_q8_0_dma_top_0/inst/core/scale_shift_reg_reg[5]_rep__16_n_0.  Did not re-place instance design_1_i/gemv_q8_0_dma_top_0/inst/core/scale_shift_reg_reg[5]_rep__16
INFO: [Physopt 32-662] Processed net design_1_i/gemv_q8_0_dma_top_0/inst/core/scaled_product_reg[1]__0_n_97.  Did not re-place instance design_1_i/gemv_q8_0_dma_top_0/inst/core/scaled_shifted[1][27]_i_6_psdsp
INFO: [Physopt 32-662] Processed net design_1_i/gemv_q8_0_dma_top_0/inst/core/scaled_shifted[1][27]_i_6_n_0.  Did not re-place instance design_1_i/gemv_q8_0_dma_top_0/inst/core/scaled_shifted[1][27]_i_6
INFO: [Physopt 32-662] Processed net design_1_i/gemv_q8_0_dma_top_0/inst/core/scaled_shifted[15][0]_i_70_n_0.  Did not re-place instance design_1_i/gemv_q8_0_dma_top_0/inst/core/scaled_shifted[15][0]_i_70
INFO: [Physopt 32-662] Processed net design_1_i/gemv_q8_0_dma_top_0/inst/core/scaled_shifted[1][0]_i_13_n_0.  Did not re-place instance design_1_i/gemv_q8_0_dma_top_0/inst/core/scaled_shifted[1][0]_i_13
INFO: [Physopt 32-662] Processed net design_1_i/gemv_q8_0_dma_top_0/inst/core/scaled_shifted[2][0]_i_94_n_0.  Did not re-place instance design_1_i/gemv_q8_0_dma_top_0/inst/core/scaled_shifted[2][0]_i_94
INFO: [Physopt 32-662] Processed net design_1_i/gemv_q8_0_dma_top_0/inst/core/scaled_product_reg[3]__0_n_96.  Did not re-place instance design_1_i/gemv_q8_0_dma_top_0/inst/core/scaled_shifted[3][27]_i_5_psdsp
INFO: [Physopt 32-662] Processed net design_1_i/gemv_q8_0_dma_top_0/inst/core/scaled_shifted[3][27]_i_5_n_0.  Did not re-place instance design_1_i/gemv_q8_0_dma_top_0/inst/core/scaled_shifted[3][27]_i_5
INFO: [Physopt 32-662] Processed net design_1_i/gemv_q8_0_dma_top_0/inst/core/scaled_shifted[1][0]_i_17_n_0.  Did not re-place instance design_1_i/gemv_q8_0_dma_top_0/inst/core/scaled_shifted[1][0]_i_17
INFO: [Physopt 32-662] Processed net design_1_i/gemv_q8_0_dma_top_0/inst/core/scaled_shifted[15][0]_i_67_n_0.  Did not re-place instance design_1_i/gemv_q8_0_dma_top_0/inst/core/scaled_shifted[15][0]_i_67
INFO: [Physopt 32-662] Processed net design_1_i/gemv_q8_0_dma_top_0/inst/core/scaled_shifted[1][0]_i_18_n_0.  Did not re-place instance design_1_i/gemv_q8_0_dma_top_0/inst/core/scaled_shifted[1][0]_i_18
INFO: [Physopt 32-662] Processed net design_1_i/gemv_q8_0_dma_top_0/inst/core/scaled_shifted[1][0]_i_7_n_0.  Did not re-place instance design_1_i/gemv_q8_0_dma_top_0/inst/core/scaled_shifted[1][0]_i_7
INFO: [Physopt 32-662] Processed net design_1_i/gemv_q8_0_dma_top_0/inst/core/scaled_product_reg[3]__0_n_99.  Did not re-place instance design_1_i/gemv_q8_0_dma_top_0/inst/core/scaled_shifted[3][23]_i_4_psdsp
INFO: [Physopt 32-662] Processed net design_1_i/gemv_q8_0_dma_top_0/inst/core/scaled_product_reg_n_0_[1][3].  Did not re-place instance design_1_i/gemv_q8_0_dma_top_0/inst/core/scaled_product_reg[1][3]
INFO: [Physopt 32-662] Processed net design_1_i/gemv_q8_0_dma_top_0/inst/core/scaled_shifted[3][23]_i_4_n_0.  Did not re-place instance design_1_i/gemv_q8_0_dma_top_0/inst/core/scaled_shifted[3][23]_i_4
INFO: [Physopt 32-662] Processed net design_1_i/gemv_q8_0_dma_top_0/inst/core/scaled_shifted[14][0]_i_10_n_0.  Did not re-place instance design_1_i/gemv_q8_0_dma_top_0/inst/core/scaled_shifted[14][0]_i_10
INFO: [Physopt 32-662] Processed net design_1_i/gemv_q8_0_dma_top_0/inst/core/scaled_shifted[14][0]_i_5_n_0.  Did not re-place instance design_1_i/gemv_q8_0_dma_top_0/inst/core/scaled_shifted[14][0]_i_5
INFO: [Physopt 32-662] Processed net design_1_i/gemv_q8_0_dma_top_0/inst/core/scaled_shifted[15][0]_i_62_n_0.  Did not re-place instance design_1_i/gemv_q8_0_dma_top_0/inst/core/scaled_shifted[15][0]_i_62
INFO: [Physopt 32-662] Processed net design_1_i/gemv_q8_0_dma_top_0/inst/core/scaled_shifted[12][50]_i_1_n_0.  Did not re-place instance design_1_i/gemv_q8_0_dma_top_0/inst/core/scaled_shifted[12][50]_i_1
INFO: [Physopt 32-662] Processed net design_1_i/gemv_q8_0_dma_top_0/inst/core/scaled_shifted[12][50]_i_2_n_0.  Did not re-place instance design_1_i/gemv_q8_0_dma_top_0/inst/core/scaled_shifted[12][50]_i_2
INFO: [Physopt 32-662] Processed net design_1_i/gemv_q8_0_dma_top_0/inst/core/scaled_shifted[1][0]_i_75_n_0.  Did not re-place instance design_1_i/gemv_q8_0_dma_top_0/inst/core/scaled_shifted[1][0]_i_75
INFO: [Physopt 32-662] Processed net design_1_i/gemv_q8_0_dma_top_0/inst/core/scaled_shifted[3][63]_i_43_n_0.  Did not re-place instance design_1_i/gemv_q8_0_dma_top_0/inst/core/scaled_shifted[3][63]_i_43
INFO: [Physopt 32-662] Processed net design_1_i/gemv_q8_0_dma_top_0/inst/core/scaled_shifted_reg_n_0_[12][50].  Did not re-place instance design_1_i/gemv_q8_0_dma_top_0/inst/core/scaled_shifted_reg[12][50]
INFO: [Physopt 32-662] Processed net design_1_i/gemv_q8_0_dma_top_0/inst/core/scaled_shifted[14][0]_i_92_n_0.  Did not re-place instance design_1_i/gemv_q8_0_dma_top_0/inst/core/scaled_shifted[14][0]_i_92
INFO: [Physopt 32-662] Processed net design_1_i/gemv_q8_0_dma_top_0/inst/core/scaled_shifted[15][0]_i_74_n_0.  Did not re-place instance design_1_i/gemv_q8_0_dma_top_0/inst/core/scaled_shifted[15][0]_i_74
INFO: [Physopt 32-662] Processed net design_1_i/gemv_q8_0_dma_top_0/inst/core/scaled_shifted[15][0]_i_94_n_0.  Did not re-place instance design_1_i/gemv_q8_0_dma_top_0/inst/core/scaled_shifted[15][0]_i_94
INFO: [Physopt 32-662] Processed net design_1_i/gemv_q8_0_dma_top_0/inst/core/scaled_shifted[15][0]_i_6_n_0.  Did not re-place instance design_1_i/gemv_q8_0_dma_top_0/inst/core/scaled_shifted[15][0]_i_6
INFO: [Physopt 32-662] Processed net design_1_i/gemv_q8_0_dma_top_0/inst/core/scaled_shifted[14][8]_i_13_n_0.  Did not re-place instance design_1_i/gemv_q8_0_dma_top_0/inst/core/scaled_shifted[14][8]_i_13
INFO: [Physopt 32-662] Processed net design_1_i/gemv_q8_0_dma_top_0/inst/core/scaled_shifted[14][0]_i_67_n_0.  Did not re-place instance design_1_i/gemv_q8_0_dma_top_0/inst/core/scaled_shifted[14][0]_i_67
INFO: [Physopt 32-662] Processed net design_1_i/gemv_q8_0_dma_top_0/inst/core/scaled_shifted[14][8]_i_8_n_0.  Did not re-place instance design_1_i/gemv_q8_0_dma_top_0/inst/core/scaled_shifted[14][8]_i_8
INFO: [Physopt 32-662] Processed net design_1_i/gemv_q8_0_dma_top_0/inst/core/scaled_shifted[15][0]_i_82_n_0.  Did not re-place instance design_1_i/gemv_q8_0_dma_top_0/inst/core/scaled_shifted[15][0]_i_82
INFO: [Physopt 32-662] Processed net design_1_i/gemv_q8_0_dma_top_0/inst/core/scaled_product_reg[15][16]__0_n_0.  Did not re-place instance design_1_i/gemv_q8_0_dma_top_0/inst/core/scaled_product_reg[15][16]__0
INFO: [Physopt 32-662] Processed net design_1_i/gemv_q8_0_dma_top_0/inst/core/scaled_shifted[2][0]_i_66_n_0.  Did not re-place instance design_1_i/gemv_q8_0_dma_top_0/inst/core/scaled_shifted[2][0]_i_66
INFO: [Physopt 32-662] Processed net design_1_i/gemv_q8_0_dma_top_0/inst/core/scaled_shifted[1][0]_i_84_n_0.  Did not re-place instance design_1_i/gemv_q8_0_dma_top_0/inst/core/scaled_shifted[1][0]_i_84
INFO: [Physopt 32-662] Processed net design_1_i/gemv_q8_0_dma_top_0/inst/core/scaled_shifted[14][0]_i_64_n_0.  Did not re-place instance design_1_i/gemv_q8_0_dma_top_0/inst/core/scaled_shifted[14][0]_i_64
INFO: [Physopt 32-662] Processed net design_1_i/gemv_q8_0_dma_top_0/inst/core/scaled_shifted[15][0]_i_54_n_0.  Did not re-place instance design_1_i/gemv_q8_0_dma_top_0/inst/core/scaled_shifted[15][0]_i_54
INFO: [Physopt 32-662] Processed net design_1_i/gemv_q8_0_dma_top_0/inst/core/scaled_shifted[3][0]_i_52_n_0.  Did not re-place instance design_1_i/gemv_q8_0_dma_top_0/inst/core/scaled_shifted[3][0]_i_52
INFO: [Physopt 32-662] Processed net design_1_i/gemv_q8_0_dma_top_0/inst/core/scaled_shifted[14][4]_i_8_n_0.  Did not re-place instance design_1_i/gemv_q8_0_dma_top_0/inst/core/scaled_shifted[14][4]_i_8
INFO: [Physopt 32-662] Processed net design_1_i/gemv_q8_0_dma_top_0/inst/core/scaled_shifted[3][0]_i_80_n_0.  Did not re-place instance design_1_i/gemv_q8_0_dma_top_0/inst/core/scaled_shifted[3][0]_i_80
INFO: [Physopt 32-662] Processed net design_1_i/gemv_q8_0_dma_top_0/inst/core/scaled_product_reg_n_0_[1][1].  Did not re-place instance design_1_i/gemv_q8_0_dma_top_0/inst/core/scaled_product_reg[1][1]
INFO: [Physopt 32-662] Processed net design_1_i/gemv_q8_0_dma_top_0/inst/core/scaled_shifted[1][0]_i_97_n_0.  Did not re-place instance design_1_i/gemv_q8_0_dma_top_0/inst/core/scaled_shifted[1][0]_i_97
INFO: [Physopt 32-662] Processed net design_1_i/gemv_q8_0_dma_top_0/inst/core/scaled_product_reg_n_0_[3][8].  Did not re-place instance design_1_i/gemv_q8_0_dma_top_0/inst/core/scaled_product_reg[3][8]
INFO: [Physopt 32-662] Processed net design_1_i/gemv_q8_0_dma_top_0/inst/core/scaled_shifted[12][0]_i_14_n_0.  Did not re-place instance design_1_i/gemv_q8_0_dma_top_0/inst/core/scaled_shifted[12][0]_i_14
INFO: [Physopt 32-662] Processed net design_1_i/gemv_q8_0_dma_top_0/inst/core/scaled_shifted[12][0]_i_6_n_0.  Did not re-place instance design_1_i/gemv_q8_0_dma_top_0/inst/core/scaled_shifted[12][0]_i_6
INFO: [Physopt 32-661] Optimized 14 nets.  Re-placed 14 instances.
INFO: [Physopt 32-775] End 1 Pass. Optimized 14 nets or cells. Created 0 new cell, deleted 0 existing cell and moved 14 existing cells
INFO: [Physopt 32-619] Estimated Timing Summary | WNS=-0.171 | TNS=-0.779 |
Netlist sorting complete. Time (s): cpu = 00:00:00.07 ; elapsed = 00:00:00.03 . Memory (MB): peak = 3135.762 ; gain = 0.000 ; free physical = 52070 ; free virtual = 64102
Phase 4 Single Cell Placement Optimization | Checksum: 1e5fe9b72

Time (s): cpu = 00:01:07 ; elapsed = 00:00:15 . Memory (MB): peak = 3135.762 ; gain = 0.000 ; free physical = 52069 ; free virtual = 64101

Phase 5 Multi Cell Placement Optimization
INFO: [Physopt 32-660] Identified 100 candidate nets for placement-based optimization.
INFO: [Physopt 32-662] Processed net design_1_i/gemv_q8_0_dma_top_0/inst/core/scaled_shifted[3][0]_i_16_n_0.  Did not re-place instance design_1_i/gemv_q8_0_dma_top_0/inst/core/scaled_shifted[3][0]_i_16/O
INFO: [Physopt 32-662] Processed net design_1_i/gemv_q8_0_dma_top_0/inst/core/scaled_product_reg[3]__0_n_105.  Did not re-place instance design_1_i/gemv_q8_0_dma_top_0/inst/core/scaled_shifted[3][19]_i_6_psdsp/Q
INFO: [Physopt 32-662] Processed net design_1_i/gemv_q8_0_dma_top_0/inst/core/scaled_shifted[3][4]_i_12_n_0.  Did not re-place instance design_1_i/gemv_q8_0_dma_top_0/inst/core/scaled_shifted[3][4]_i_12/O
INFO: [Physopt 32-662] Processed net design_1_i/gemv_q8_0_dma_top_0/inst/core/scaled_shifted[3][4]_i_13_n_0.  Did not re-place instance design_1_i/gemv_q8_0_dma_top_0/inst/core/scaled_shifted[3][4]_i_13/O
INFO: [Physopt 32-662] Processed net design_1_i/gemv_q8_0_dma_top_0/inst/core/scaled_shifted[3][56]_i_1_n_0.  Did not re-place instance design_1_i/gemv_q8_0_dma_top_0/inst/core/scaled_shifted[3][56]_i_1/O
INFO: [Physopt 32-662] Processed net design_1_i/gemv_q8_0_dma_top_0/inst/core/scaled_shifted[3][56]_i_2_n_0.  Did not re-place instance design_1_i/gemv_q8_0_dma_top_0/inst/core/scaled_shifted[3][56]_i_2/O
INFO: [Physopt 32-662] Processed net design_1_i/gemv_q8_0_dma_top_0/inst/core/scaled_shifted[1][0]_i_5_n_0.  Did not re-place instance design_1_i/gemv_q8_0_dma_top_0/inst/core/scaled_shifted[1][0]_i_5/O
INFO: [Physopt 32-662] Processed net design_1_i/gemv_q8_0_dma_top_0/inst/core/scaled_shifted[1][0]_i_10_n_0.  Did not re-place instance design_1_i/gemv_q8_0_dma_top_0/inst/core/scaled_shifted[1][0]_i_10/O
INFO: [Physopt 32-662] Processed net design_1_i/gemv_q8_0_dma_top_0/inst/core/scaled_product_reg[1]__0_n_105.  Did not re-place instance design_1_i/gemv_q8_0_dma_top_0/inst/core/scaled_shifted[1][19]_i_6_psdsp/Q
INFO: [Physopt 32-662] Processed net design_1_i/gemv_q8_0_dma_top_0/inst/core/scaled_shifted[1][62]_i_1_n_0.  Did not re-place instance design_1_i/gemv_q8_0_dma_top_0/inst/core/scaled_shifted[1][62]_i_1/O
INFO: [Physopt 32-662] Processed net design_1_i/gemv_q8_0_dma_top_0/inst/core/scaled_shifted[1][62]_i_2_n_0.  Did not re-place instance design_1_i/gemv_q8_0_dma_top_0/inst/core/scaled_shifted[1][62]_i_2/O
INFO: [Physopt 32-662] Processed net design_1_i/gemv_q8_0_dma_top_0/inst/core/scaled_shifted[1][53]_i_1_n_0.  Did not re-place instance design_1_i/gemv_q8_0_dma_top_0/inst/core/scaled_shifted[1][53]_i_1/O
INFO: [Physopt 32-662] Processed net design_1_i/gemv_q8_0_dma_top_0/inst/core/scaled_shifted[1][53]_i_2_n_0.  Did not re-place instance design_1_i/gemv_q8_0_dma_top_0/inst/core/scaled_shifted[1][53]_i_2/O
INFO: [Physopt 32-663] Processed net design_1_i/gemv_q8_0_dma_top_0/inst/core/scaled_product_reg[3]__0_n_102.  Re-placed instance design_1_i/gemv_q8_0_dma_top_0/inst/core/scaled_shifted[3][23]_i_7_psdsp/Q
INFO: [Physopt 32-662] Processed net design_1_i/gemv_q8_0_dma_top_0/inst/core/scaled_product_reg_n_0_[3][0].  Did not re-place instance design_1_i/gemv_q8_0_dma_top_0/inst/core/scaled_product_reg[3][0]/Q
INFO: [Physopt 32-662] Processed net design_1_i/gemv_q8_0_dma_top_0/inst/core/scaled_shifted[1][0]_i_16_n_0.  Did not re-place instance design_1_i/gemv_q8_0_dma_top_0/inst/core/scaled_shifted[1][0]_i_16/O
INFO: [Physopt 32-662] Processed net design_1_i/gemv_q8_0_dma_top_0/inst/core/scaled_shifted[1][0]_i_6_n_0.  Did not re-place instance design_1_i/gemv_q8_0_dma_top_0/inst/core/scaled_shifted[1][0]_i_6/O
INFO: [Physopt 32-662] Processed net design_1_i/gemv_q8_0_dma_top_0/inst/core/scaled_shifted[1][55]_i_1_n_0.  Did not re-place instance design_1_i/gemv_q8_0_dma_top_0/inst/core/scaled_shifted[1][55]_i_1/O
INFO: [Physopt 32-662] Processed net design_1_i/gemv_q8_0_dma_top_0/inst/core/scaled_shifted[1][55]_i_3_n_0.  Did not re-place instance design_1_i/gemv_q8_0_dma_top_0/inst/core/scaled_shifted[1][55]_i_3/O
INFO: [Physopt 32-662] Processed net design_1_i/gemv_q8_0_dma_top_0/inst/core/scaled_product_reg[1]__0_n_102.  Did not re-place instance design_1_i/gemv_q8_0_dma_top_0/inst/core/scaled_shifted[1][23]_i_7_psdsp/Q
INFO: [Physopt 32-662] Processed net design_1_i/gemv_q8_0_dma_top_0/inst/core/scaled_shifted[3][0]_i_14_n_0.  Did not re-place instance design_1_i/gemv_q8_0_dma_top_0/inst/core/scaled_shifted[3][0]_i_14/O
INFO: [Physopt 32-662] Processed net design_1_i/gemv_q8_0_dma_top_0/inst/core/scaled_shifted[3][0]_i_6_n_0.  Did not re-place instance design_1_i/gemv_q8_0_dma_top_0/inst/core/scaled_shifted[3][0]_i_6/O
INFO: [Physopt 32-662] Processed net design_1_i/gemv_q8_0_dma_top_0/inst/core/scaled_product_reg[1]__0_n_104.  Did not re-place instance design_1_i/gemv_q8_0_dma_top_0/inst/core/scaled_shifted[1][19]_i_5_psdsp/Q
INFO: [Physopt 32-662] Processed net design_1_i/gemv_q8_0_dma_top_0/inst/core/scaled_shifted[1][0]_i_11_n_0.  Did not re-place instance design_1_i/gemv_q8_0_dma_top_0/inst/core/scaled_shifted[1][0]_i_11/O
INFO: [Physopt 32-662] Processed net design_1_i/gemv_q8_0_dma_top_0/inst/core/scaled_shifted[1][4]_i_12_n_0.  Did not re-place instance design_1_i/gemv_q8_0_dma_top_0/inst/core/scaled_shifted[1][4]_i_12/O
INFO: [Physopt 32-662] Processed net design_1_i/gemv_q8_0_dma_top_0/inst/core/scaled_shifted[3][58]_i_1_n_0.  Did not re-place instance design_1_i/gemv_q8_0_dma_top_0/inst/core/scaled_shifted[3][58]_i_1/O
INFO: [Physopt 32-662] Processed net design_1_i/gemv_q8_0_dma_top_0/inst/core/scaled_shifted[3][58]_i_2_n_0.  Did not re-place instance design_1_i/gemv_q8_0_dma_top_0/inst/core/scaled_shifted[3][58]_i_2/O
INFO: [Physopt 32-662] Processed net design_1_i/gemv_q8_0_dma_top_0/inst/core/scaled_product_reg[3]__0_n_101.  Did not re-place instance design_1_i/gemv_q8_0_dma_top_0/inst/core/scaled_shifted[3][23]_i_6_psdsp/Q
INFO: [Physopt 32-662] Processed net design_1_i/gemv_q8_0_dma_top_0/inst/core/scaled_product_reg[1]__0_n_101.  Did not re-place instance design_1_i/gemv_q8_0_dma_top_0/inst/core/scaled_shifted[1][23]_i_6_psdsp/Q
INFO: [Physopt 32-662] Processed net design_1_i/gemv_q8_0_dma_top_0/inst/core/scaled_shifted[3][0]_i_5_n_0.  Did not re-place instance design_1_i/gemv_q8_0_dma_top_0/inst/core/scaled_shifted[3][0]_i_5/O
INFO: [Physopt 32-662] Processed net design_1_i/gemv_q8_0_dma_top_0/inst/core/scaled_shifted[3][0]_i_12_n_0.  Did not re-place instance design_1_i/gemv_q8_0_dma_top_0/inst/core/scaled_shifted[3][0]_i_12/O
INFO: [Physopt 32-662] Processed net design_1_i/gemv_q8_0_dma_top_0/inst/core/scaled_shifted[3][0]_i_10_n_0.  Did not re-place instance design_1_i/gemv_q8_0_dma_top_0/inst/core/scaled_shifted[3][0]_i_10/O
INFO: [Physopt 32-662] Processed net design_1_i/gemv_q8_0_dma_top_0/inst/core/scaled_product_reg[3]__0_n_100.  Did not re-place instance design_1_i/gemv_q8_0_dma_top_0/inst/core/scaled_shifted[3][23]_i_5_psdsp/Q
INFO: [Physopt 32-662] Processed net design_1_i/gemv_q8_0_dma_top_0/inst/core/scale_shift_reg_reg[3]_rep__7_n_0.  Did not re-place instance design_1_i/gemv_q8_0_dma_top_0/inst/core/scale_shift_reg_reg[3]_rep__7/Q
INFO: [Physopt 32-662] Processed net design_1_i/gemv_q8_0_dma_top_0/inst/core/scale_shift_reg_reg[4]_rep__16_n_0.  Did not re-place instance design_1_i/gemv_q8_0_dma_top_0/inst/core/scale_shift_reg_reg[4]_rep__16/Q
INFO: [Physopt 32-662] Processed net design_1_i/gemv_q8_0_dma_top_0/inst/core/scaled_shifted[1][0]_i_143_n_0.  Did not re-place instance design_1_i/gemv_q8_0_dma_top_0/inst/core/scaled_shifted[1][0]_i_143/O
INFO: [Physopt 32-662] Processed net design_1_i/gemv_q8_0_dma_top_0/inst/core/scaled_shifted[14][0]_i_16_n_0.  Did not re-place instance design_1_i/gemv_q8_0_dma_top_0/inst/core/scaled_shifted[14][0]_i_16/O
INFO: [Physopt 32-662] Processed net design_1_i/gemv_q8_0_dma_top_0/inst/core/scaled_shifted[14][4]_i_12_n_0.  Did not re-place instance design_1_i/gemv_q8_0_dma_top_0/inst/core/scaled_shifted[14][4]_i_12/O
INFO: [Physopt 32-662] Processed net design_1_i/gemv_q8_0_dma_top_0/inst/core/scaled_shifted[14][4]_i_13_n_0.  Did not re-place instance design_1_i/gemv_q8_0_dma_top_0/inst/core/scaled_shifted[14][4]_i_13/O
INFO: [Physopt 32-662] Processed net design_1_i/gemv_q8_0_dma_top_0/inst/core/scaled_shifted[14][58]_i_1_n_0.  Did not re-place instance design_1_i/gemv_q8_0_dma_top_0/inst/core/scaled_shifted[14][58]_i_1/O
INFO: [Physopt 32-662] Processed net design_1_i/gemv_q8_0_dma_top_0/inst/core/scaled_shifted[14][58]_i_2_n_0.  Did not re-place instance design_1_i/gemv_q8_0_dma_top_0/inst/core/scaled_shifted[14][58]_i_2/O
INFO: [Physopt 32-662] Processed net design_1_i/gemv_q8_0_dma_top_0/inst/core/scaled_shifted[1][57]_i_1_n_0.  Did not re-place instance design_1_i/gemv_q8_0_dma_top_0/inst/core/scaled_shifted[1][57]_i_1/O
INFO: [Physopt 32-662] Processed net design_1_i/gemv_q8_0_dma_top_0/inst/core/scaled_shifted[1][57]_i_2_n_0.  Did not re-place instance design_1_i/gemv_q8_0_dma_top_0/inst/core/scaled_shifted[1][57]_i_2/O
INFO: [Physopt 32-663] Processed net design_1_i/gemv_q8_0_dma_top_0/inst/core/scaled_product_reg[3]__0_n_98.  Re-placed instance design_1_i/gemv_q8_0_dma_top_0/inst/core/scaled_shifted[3][27]_i_7_psdsp/Q
INFO: [Physopt 32-662] Processed net design_1_i/gemv_q8_0_dma_top_0/inst/core/scaled_shifted[1][0]_i_15_n_0.  Did not re-place instance design_1_i/gemv_q8_0_dma_top_0/inst/core/scaled_shifted[1][0]_i_15/O
INFO: [Physopt 32-662] Processed net design_1_i/gemv_q8_0_dma_top_0/inst/core/scaled_shifted[15][0]_i_16_n_0.  Did not re-place instance design_1_i/gemv_q8_0_dma_top_0/inst/core/scaled_shifted[15][0]_i_16/O
INFO: [Physopt 32-662] Processed net design_1_i/gemv_q8_0_dma_top_0/inst/core/scaled_product_reg[15]__0_n_105.  Did not re-place instance design_1_i/gemv_q8_0_dma_top_0/inst/core/scaled_shifted[15][19]_i_6_psdsp/Q
INFO: [Physopt 32-662] Processed net design_1_i/gemv_q8_0_dma_top_0/inst/core/scaled_product_reg[1]__0_n_103.  Did not re-place instance design_1_i/gemv_q8_0_dma_top_0/inst/core/scaled_shifted[1][19]_i_4_psdsp/Q
INFO: [Physopt 32-662] Processed net design_1_i/gemv_q8_0_dma_top_0/inst/core/data1__1[62].  Did not re-place instance design_1_i/gemv_q8_0_dma_top_0/inst/core/scaled_shifted[15][62]_i_2/O
INFO: [Physopt 32-662] Processed net design_1_i/gemv_q8_0_dma_top_0/inst/core/round_shift_i64__2[62].  Did not re-place instance design_1_i/gemv_q8_0_dma_top_0/inst/core/scaled_shifted[15][62]_i_1/O
INFO: [Physopt 32-662] Processed net design_1_i/gemv_q8_0_dma_top_0/inst/core/scaled_shifted[15][4]_i_12_n_0.  Did not re-place instance design_1_i/gemv_q8_0_dma_top_0/inst/core/scaled_shifted[15][4]_i_12/O
INFO: [Physopt 32-662] Processed net design_1_i/gemv_q8_0_dma_top_0/inst/core/scaled_shifted[15][4]_i_13_n_0.  Did not re-place instance design_1_i/gemv_q8_0_dma_top_0/inst/core/scaled_shifted[15][4]_i_13/O
INFO: [Physopt 32-662] Processed net design_1_i/gemv_q8_0_dma_top_0/inst/core/scaled_product_reg[3]__0_n_104.  Did not re-place instance design_1_i/gemv_q8_0_dma_top_0/inst/core/scaled_shifted[3][19]_i_5_psdsp/Q
INFO: [Physopt 32-661] Optimized 2 nets.  Re-placed 4 instances.
INFO: [Physopt 32-775] End 1 Pass. Optimized 2 nets or cells. Created 0 new cell, deleted 0 existing cell and moved 4 existing cells
INFO: [Physopt 32-619] Estimated Timing Summary | WNS=-0.171 | TNS=-0.779 |
Netlist sorting complete. Time (s): cpu = 00:00:00 ; elapsed = 00:00:00 . Memory (MB): peak = 3135.762 ; gain = 0.000 ; free physical = 52003 ; free virtual = 64035
Phase 5 Multi Cell Placement Optimization | Checksum: 10c576a95

Time (s): cpu = 00:01:20 ; elapsed = 00:00:17 . Memory (MB): peak = 3135.762 ; gain = 0.000 ; free physical = 52004 ; free virtual = 64035

Phase 6 Rewire
INFO: [Physopt 32-246] Starting Signal Push optimization...
INFO: [Physopt 32-241] No nets found for rewiring () optimization.
INFO: [Physopt 32-232] Optimized 0 net. Created 0 new instance.
INFO: [Physopt 32-775] End 1 Pass. Optimized 0 net or cell. Created 0 new cell, deleted 0 existing cell and moved 0 existing cell
Netlist sorting complete. Time (s): cpu = 00:00:00 ; elapsed = 00:00:00.01 . Memory (MB): peak = 3135.762 ; gain = 0.000 ; free physical = 52003 ; free virtual = 64035
Phase 6 Rewire | Checksum: 10c576a95

Time (s): cpu = 00:01:20 ; elapsed = 00:00:17 . Memory (MB): peak = 3135.762 ; gain = 0.000 ; free physical = 52003 ; free virtual = 64035

Phase 7 Critical Cell Optimization
INFO: [Physopt 32-46] Identified 30 candidate nets for critical-cell optimization.
INFO: [Physopt 32-572] Net design_1_i/gemv_q8_0_dma_top_0/inst/core/scaled_shifted[3][0]_i_16_n_0 was not replicated.
Resolution: phys_opt_design can be forced to replicate a net driver using the option -force_replication_on_nets <list of net objects>.
INFO: [Physopt 32-572] Net design_1_i/gemv_q8_0_dma_top_0/inst/core/scaled_product_reg[3]__0_n_105 was not replicated.
Resolution: phys_opt_design can be forced to replicate a net driver using the option -force_replication_on_nets <list of net objects>.
INFO: [Physopt 32-572] Net design_1_i/gemv_q8_0_dma_top_0/inst/core/scaled_shifted[1][0]_i_5_n_0 was not replicated.
Resolution: phys_opt_design can be forced to replicate a net driver using the option -force_replication_on_nets <list of net objects>.
INFO: [Physopt 32-572] Net design_1_i/gemv_q8_0_dma_top_0/inst/core/scaled_shifted[1][0]_i_10_n_0 was not replicated.
Resolution: phys_opt_design can be forced to replicate a net driver using the option -force_replication_on_nets <list of net objects>.
INFO: [Physopt 32-572] Net design_1_i/gemv_q8_0_dma_top_0/inst/core/scaled_product_reg[1]__0_n_105 was not replicated.
Resolution: phys_opt_design can be forced to replicate a net driver using the option -force_replication_on_nets <list of net objects>.
INFO: [Physopt 32-572] Net design_1_i/gemv_q8_0_dma_top_0/inst/core/scaled_shifted[1][4]_i_5_n_0 was not replicated.
Resolution: phys_opt_design can be forced to replicate a net driver using the option -force_replication_on_nets <list of net objects>.
INFO: [Physopt 32-601] Processed net design_1_i/gemv_q8_0_dma_top_0/inst/core/scaled_product_reg[3]__0_n_102. Net driver design_1_i/gemv_q8_0_dma_top_0/inst/core/scaled_shifted[3][23]_i_7_psdsp was replaced.
INFO: [Physopt 32-572] Net design_1_i/gemv_q8_0_dma_top_0/inst/core/scaled_shifted[1][0]_i_16_n_0 was not replicated.
Resolution: phys_opt_design can be forced to replicate a net driver using the option -force_replication_on_nets <list of net objects>.
INFO: [Physopt 32-572] Net design_1_i/gemv_q8_0_dma_top_0/inst/core/scaled_product_reg[1]__0_n_102 was not replicated.
Resolution: phys_opt_design can be forced to replicate a net driver using the option -force_replication_on_nets <list of net objects>.
INFO: [Physopt 32-572] Net design_1_i/gemv_q8_0_dma_top_0/inst/core/scaled_shifted[3][0]_i_14_n_0 was not replicated.
Resolution: phys_opt_design can be forced to replicate a net driver using the option -force_replication_on_nets <list of net objects>.
INFO: [Physopt 32-572] Net design_1_i/gemv_q8_0_dma_top_0/inst/core/scaled_shifted[3][4]_i_5_n_0 was not replicated.
Resolution: phys_opt_design can be forced to replicate a net driver using the option -force_replication_on_nets <list of net objects>.
INFO: [Physopt 32-572] Net design_1_i/gemv_q8_0_dma_top_0/inst/core/scaled_product_reg[1]__0_n_104 was not replicated.
Resolution: phys_opt_design can be forced to replicate a net driver using the option -force_replication_on_nets <list of net objects>.
INFO: [Physopt 32-572] Net design_1_i/gemv_q8_0_dma_top_0/inst/core/scaled_shifted[1][0]_i_11_n_0 was not replicated.
Resolution: phys_opt_design can be forced to replicate a net driver using the option -force_replication_on_nets <list of net objects>.
INFO: [Physopt 32-572] Net design_1_i/gemv_q8_0_dma_top_0/inst/core/scaled_product_reg[3]__0_n_101 was not replicated.
Resolution: phys_opt_design can be forced to replicate a net driver using the option -force_replication_on_nets <list of net objects>.
INFO: [Physopt 32-572] Net design_1_i/gemv_q8_0_dma_top_0/inst/core/scaled_product_reg[1]__0_n_101 was not replicated.
Resolution: phys_opt_design can be forced to replicate a net driver using the option -force_replication_on_nets <list of net objects>.
INFO: [Physopt 32-572] Net design_1_i/gemv_q8_0_dma_top_0/inst/core/scaled_shifted[3][0]_i_5_n_0 was not replicated.
Resolution: phys_opt_design can be forced to replicate a net driver using the option -force_replication_on_nets <list of net objects>.
INFO: [Physopt 32-571] Net design_1_i/gemv_q8_0_dma_top_0/inst/core/scaled_shifted[3][0]_i_12_n_0 was not replicated.
INFO: [Physopt 32-571] Net design_1_i/gemv_q8_0_dma_top_0/inst/core/scaled_shifted[3][0]_i_10_n_0 was not replicated.
INFO: [Physopt 32-572] Net design_1_i/gemv_q8_0_dma_top_0/inst/core/scaled_product_reg[3]__0_n_100 was not replicated.
Resolution: phys_opt_design can be forced to replicate a net driver using the option -force_replication_on_nets <list of net objects>.
INFO: [Physopt 32-572] Net design_1_i/gemv_q8_0_dma_top_0/inst/core/scaled_shifted[14][0]_i_16_n_0 was not replicated.
Resolution: phys_opt_design can be forced to replicate a net driver using the option -force_replication_on_nets <list of net objects>.
INFO: [Physopt 32-572] Net design_1_i/gemv_q8_0_dma_top_0/inst/core/scaled_shifted[1][0]_i_15_n_0 was not replicated.
Resolution: phys_opt_design can be forced to replicate a net driver using the option -force_replication_on_nets <list of net objects>.
INFO: [Physopt 32-571] Net design_1_i/gemv_q8_0_dma_top_0/inst/core/scaled_shifted[15][0]_i_16_n_0 was not replicated.
INFO: [Physopt 32-572] Net design_1_i/gemv_q8_0_dma_top_0/inst/core/scaled_product_reg[15]__0_n_105 was not replicated.
Resolution: phys_opt_design can be forced to replicate a net driver using the option -force_replication_on_nets <list of net objects>.
INFO: [Physopt 32-572] Net design_1_i/gemv_q8_0_dma_top_0/inst/core/scaled_product_reg[1]__0_n_103 was not replicated.
Resolution: phys_opt_design can be forced to replicate a net driver using the option -force_replication_on_nets <list of net objects>.
INFO: [Physopt 32-572] Net design_1_i/gemv_q8_0_dma_top_0/inst/core/scaled_product_reg[3]__0_n_104 was not replicated.
Resolution: phys_opt_design can be forced to replicate a net driver using the option -force_replication_on_nets <list of net objects>.
INFO: [Physopt 32-571] Net design_1_i/gemv_q8_0_dma_top_0/inst/core/scaled_shifted[15][0]_i_5_n_0 was not replicated.
INFO: [Physopt 32-571] Net design_1_i/gemv_q8_0_dma_top_0/inst/core/scaled_shifted[15][0]_i_11_n_0 was not replicated.
INFO: [Physopt 32-571] Net design_1_i/gemv_q8_0_dma_top_0/inst/core/scaled_shifted[15][4]_i_5_n_0 was not replicated.
INFO: [Physopt 32-571] Net design_1_i/gemv_q8_0_dma_top_0/inst/core/scaled_shifted[2][12]_i_12_n_0 was not replicated.
INFO: [Physopt 32-232] Optimized 1 net. Created 0 new instance.
INFO: [Physopt 32-775] End 1 Pass. Optimized 1 net or cell. Created 0 new cell, deleted 0 existing cell and moved 0 existing cell
INFO: [Physopt 32-619] Estimated Timing Summary | WNS=-0.171 | TNS=-0.779 |
Netlist sorting complete. Time (s): cpu = 00:00:00.02 ; elapsed = 00:00:00.03 . Memory (MB): peak = 3135.762 ; gain = 0.000 ; free physical = 52031 ; free virtual = 64063
Phase 7 Critical Cell Optimization | Checksum: 1823f235b

Time (s): cpu = 00:01:28 ; elapsed = 00:00:19 . Memory (MB): peak = 3135.762 ; gain = 0.000 ; free physical = 52031 ; free virtual = 64063

Phase 8 Fanout Optimization
INFO: [Physopt 32-76] Pass 1. Identified 15 candidate nets for fanout optimization.
INFO: [Physopt 32-81] Processed net design_1_i/gemv_q8_0_dma_top_0/inst/core/scale_shift_reg_reg[3]_rep__7_n_0. Replicated 1 times.
INFO: [Physopt 32-572] Net design_1_i/gemv_q8_0_dma_top_0/inst/core/scale_shift_reg_reg[4]_rep__16_n_0 was not replicated.
Resolution: phys_opt_design can be forced to replicate a net driver using the option -force_replication_on_nets <list of net objects>.
INFO: [Physopt 32-572] Net design_1_i/gemv_q8_0_dma_top_0/inst/core/scaled_shifted[1][0]_i_143_n_0 was not replicated.
Resolution: phys_opt_design can be forced to replicate a net driver using the option -force_replication_on_nets <list of net objects>.
INFO: [Physopt 32-572] Net design_1_i/gemv_q8_0_dma_top_0/inst/core/scaled_shifted[1][0]_i_141_n_0 was not replicated.
Resolution: phys_opt_design can be forced to replicate a net driver using the option -force_replication_on_nets <list of net objects>.
INFO: [Physopt 32-572] Net design_1_i/gemv_q8_0_dma_top_0/inst/core/scaled_shifted[1][0]_i_87_n_0 was not replicated.
Resolution: phys_opt_design can be forced to replicate a net driver using the option -force_replication_on_nets <list of net objects>.
INFO: [Physopt 32-572] Net design_1_i/gemv_q8_0_dma_top_0/inst/core/scaled_shifted[1][0]_i_86_n_0 was not replicated.
Resolution: phys_opt_design can be forced to replicate a net driver using the option -force_replication_on_nets <list of net objects>.
INFO: [Physopt 32-572] Net design_1_i/gemv_q8_0_dma_top_0/inst/core/scaled_shifted[1][0]_i_140_n_0 was not replicated.
Resolution: phys_opt_design can be forced to replicate a net driver using the option -force_replication_on_nets <list of net objects>.
INFO: [Physopt 32-572] Net design_1_i/gemv_q8_0_dma_top_0/inst/core/scaled_shifted[1][0]_i_142_n_0 was not replicated.
Resolution: phys_opt_design can be forced to replicate a net driver using the option -force_replication_on_nets <list of net objects>.
INFO: [Physopt 32-81] Processed net design_1_i/gemv_q8_0_dma_top_0/inst/core/scale_shift_reg_reg[5]_rep__16_n_0. Replicated 1 times.
INFO: [Physopt 32-572] Net design_1_i/gemv_q8_0_dma_top_0/inst/core/scaled_shifted[1][0]_i_84_n_0 was not replicated.
Resolution: phys_opt_design can be forced to replicate a net driver using the option -force_replication_on_nets <list of net objects>.
INFO: [Physopt 32-572] Net design_1_i/gemv_q8_0_dma_top_0/inst/core/scaled_shifted[1][0]_i_110_n_0 was not replicated.
Resolution: phys_opt_design can be forced to replicate a net driver using the option -force_replication_on_nets <list of net objects>.
INFO: [Physopt 32-572] Net design_1_i/gemv_q8_0_dma_top_0/inst/core/scaled_shifted[1][0]_i_127_n_0 was not replicated.
Resolution: phys_opt_design can be forced to replicate a net driver using the option -force_replication_on_nets <list of net objects>.
INFO: [Physopt 32-572] Net design_1_i/gemv_q8_0_dma_top_0/inst/core/scaled_shifted[1][0]_i_58_n_0 was not replicated.
Resolution: phys_opt_design can be forced to replicate a net driver using the option -force_replication_on_nets <list of net objects>.
INFO: [Physopt 32-232] Optimized 2 nets. Created 2 new instances.
INFO: [Physopt 32-775] End 1 Pass. Optimized 2 nets or cells. Created 2 new cells, deleted 0 existing cell and moved 0 existing cell
INFO: [Physopt 32-619] Estimated Timing Summary | WNS=-0.171 | TNS=-0.779 |
Netlist sorting complete. Time (s): cpu = 00:00:00.06 ; elapsed = 00:00:00.06 . Memory (MB): peak = 3135.762 ; gain = 0.000 ; free physical = 52039 ; free virtual = 64071
Phase 8 Fanout Optimization | Checksum: e37be5aa

Time (s): cpu = 00:01:49 ; elapsed = 00:00:25 . Memory (MB): peak = 3135.762 ; gain = 0.000 ; free physical = 52039 ; free virtual = 64071

Phase 9 Single Cell Placement Optimization
INFO: [Physopt 32-660] Identified 250 candidate nets for placement-based optimization.
INFO: [Physopt 32-662] Processed net design_1_i/gemv_q8_0_dma_top_0/inst/core/scaled_shifted[3][0]_i_16_n_0.  Did not re-place instance design_1_i/gemv_q8_0_dma_top_0/inst/core/scaled_shifted[3][0]_i_16
INFO: [Physopt 32-662] Processed net design_1_i/gemv_q8_0_dma_top_0/inst/core/scaled_product_reg[3]__0_n_105.  Did not re-place instance design_1_i/gemv_q8_0_dma_top_0/inst/core/scaled_shifted[3][19]_i_6_psdsp
INFO: [Physopt 32-662] Processed net design_1_i/gemv_q8_0_dma_top_0/inst/core/scaled_shifted[3][0]_i_54_n_0.  Did not re-place instance design_1_i/gemv_q8_0_dma_top_0/inst/core/scaled_shifted[3][0]_i_54
INFO: [Physopt 32-662] Processed net design_1_i/gemv_q8_0_dma_top_0/inst/core/scaled_shifted[3][19]_i_6_n_0.  Did not re-place instance design_1_i/gemv_q8_0_dma_top_0/inst/core/scaled_shifted[3][19]_i_6
INFO: [Physopt 32-662] Processed net design_1_i/gemv_q8_0_dma_top_0/inst/core/scaled_shifted[3][4]_i_12_n_0.  Did not re-place instance design_1_i/gemv_q8_0_dma_top_0/inst/core/scaled_shifted[3][4]_i_12
INFO: [Physopt 32-662] Processed net design_1_i/gemv_q8_0_dma_top_0/inst/core/scaled_shifted[3][4]_i_13_n_0.  Did not re-place instance design_1_i/gemv_q8_0_dma_top_0/inst/core/scaled_shifted[3][4]_i_13
INFO: [Physopt 32-662] Processed net design_1_i/gemv_q8_0_dma_top_0/inst/core/scaled_shifted[3][4]_i_9_n_0.  Did not re-place instance design_1_i/gemv_q8_0_dma_top_0/inst/core/scaled_shifted[3][4]_i_9
INFO: [Physopt 32-662] Processed net design_1_i/gemv_q8_0_dma_top_0/inst/core/scaled_shifted[3][56]_i_1_n_0.  Did not re-place instance design_1_i/gemv_q8_0_dma_top_0/inst/core/scaled_shifted[3][56]_i_1
INFO: [Physopt 32-662] Processed net design_1_i/gemv_q8_0_dma_top_0/inst/core/scaled_shifted[3][56]_i_2_n_0.  Did not re-place instance design_1_i/gemv_q8_0_dma_top_0/inst/core/scaled_shifted[3][56]_i_2
INFO: [Physopt 32-662] Processed net design_1_i/gemv_q8_0_dma_top_0/inst/core/scaled_shifted_reg[3]_5[56].  Did not re-place instance design_1_i/gemv_q8_0_dma_top_0/inst/core/scaled_shifted_reg[3][56]
INFO: [Physopt 32-662] Processed net design_1_i/gemv_q8_0_dma_top_0/inst/core/scaled_shifted[3][0]_i_82_n_0.  Did not re-place instance design_1_i/gemv_q8_0_dma_top_0/inst/core/scaled_shifted[3][0]_i_82
INFO: [Physopt 32-662] Processed net design_1_i/gemv_q8_0_dma_top_0/inst/core/scaled_shifted[1][0]_i_5_n_0.  Did not re-place instance design_1_i/gemv_q8_0_dma_top_0/inst/core/scaled_shifted[1][0]_i_5
INFO: [Physopt 32-662] Processed net design_1_i/gemv_q8_0_dma_top_0/inst/core/scaled_shifted[1][0]_i_10_n_0.  Did not re-place instance design_1_i/gemv_q8_0_dma_top_0/inst/core/scaled_shifted[1][0]_i_10
INFO: [Physopt 32-662] Processed net design_1_i/gemv_q8_0_dma_top_0/inst/core/scaled_product_reg[1]__0_n_105.  Did not re-place instance design_1_i/gemv_q8_0_dma_top_0/inst/core/scaled_shifted[1][19]_i_6_psdsp
INFO: [Physopt 32-662] Processed net design_1_i/gemv_q8_0_dma_top_0/inst/core/scaled_shifted[1][4]_i_5_n_0.  Did not re-place instance design_1_i/gemv_q8_0_dma_top_0/inst/core/scaled_shifted[1][0]_i_3
INFO: [Physopt 32-662] Processed net design_1_i/gemv_q8_0_dma_top_0/inst/core/scaled_shifted[1][0]_i_98_n_0.  Did not re-place instance design_1_i/gemv_q8_0_dma_top_0/inst/core/scaled_shifted[1][0]_i_98
INFO: [Physopt 32-662] Processed net design_1_i/gemv_q8_0_dma_top_0/inst/core/scaled_shifted[1][19]_i_6_n_0.  Did not re-place instance design_1_i/gemv_q8_0_dma_top_0/inst/core/scaled_shifted[1][19]_i_6
INFO: [Physopt 32-662] Processed net design_1_i/gemv_q8_0_dma_top_0/inst/core/scaled_shifted[1][62]_i_1_n_0.  Did not re-place instance design_1_i/gemv_q8_0_dma_top_0/inst/core/scaled_shifted[1][62]_i_1
INFO: [Physopt 32-662] Processed net design_1_i/gemv_q8_0_dma_top_0/inst/core/scaled_shifted[1][62]_i_2_n_0.  Did not re-place instance design_1_i/gemv_q8_0_dma_top_0/inst/core/scaled_shifted[1][62]_i_2
INFO: [Physopt 32-662] Processed net design_1_i/gemv_q8_0_dma_top_0/inst/core/scaled_shifted_reg[1]_1[62].  Did not re-place instance design_1_i/gemv_q8_0_dma_top_0/inst/core/scaled_shifted_reg[1][62]
INFO: [Physopt 32-662] Processed net design_1_i/gemv_q8_0_dma_top_0/inst/core/scaled_shifted[1][53]_i_1_n_0.  Did not re-place instance design_1_i/gemv_q8_0_dma_top_0/inst/core/scaled_shifted[1][53]_i_1
INFO: [Physopt 32-662] Processed net design_1_i/gemv_q8_0_dma_top_0/inst/core/scaled_shifted[1][53]_i_2_n_0.  Did not re-place instance design_1_i/gemv_q8_0_dma_top_0/inst/core/scaled_shifted[1][53]_i_2
INFO: [Physopt 32-662] Processed net design_1_i/gemv_q8_0_dma_top_0/inst/core/scaled_shifted_reg[1]_1[53].  Did not re-place instance design_1_i/gemv_q8_0_dma_top_0/inst/core/scaled_shifted_reg[1][53]
INFO: [Physopt 32-662] Processed net design_1_i/gemv_q8_0_dma_top_0/inst/core/scaled_shifted[1][0]_i_46_n_0.  Did not re-place instance design_1_i/gemv_q8_0_dma_top_0/inst/core/scaled_shifted[1][0]_i_46
INFO: [Physopt 32-662] Processed net design_1_i/gemv_q8_0_dma_top_0/inst/core/scaled_shifted[3][0]_i_74_n_0.  Did not re-place instance design_1_i/gemv_q8_0_dma_top_0/inst/core/scaled_shifted[3][0]_i_74
INFO: [Physopt 32-662] Processed net design_1_i/gemv_q8_0_dma_top_0/inst/core/scaled_shifted[1][0]_i_138_n_0.  Did not re-place instance design_1_i/gemv_q8_0_dma_top_0/inst/core/scaled_shifted[1][0]_i_138
INFO: [Physopt 32-662] Processed net design_1_i/gemv_q8_0_dma_top_0/inst/core/scaled_shifted[1][0]_i_82_n_0.  Did not re-place instance design_1_i/gemv_q8_0_dma_top_0/inst/core/scaled_shifted[1][0]_i_82
INFO: [Physopt 32-662] Processed net design_1_i/gemv_q8_0_dma_top_0/inst/core/scaled_shifted[1][0]_i_106_n_0.  Did not re-place instance design_1_i/gemv_q8_0_dma_top_0/inst/core/scaled_shifted[1][0]_i_106
INFO: [Physopt 32-662] Processed net design_1_i/gemv_q8_0_dma_top_0/inst/core/scaled_shifted[3][0]_i_42_n_0.  Did not re-place instance design_1_i/gemv_q8_0_dma_top_0/inst/core/scaled_shifted[3][0]_i_42
INFO: [Physopt 32-662] Processed net design_1_i/gemv_q8_0_dma_top_0/inst/core/scaled_shifted[1][0]_i_54_n_0.  Did not re-place instance design_1_i/gemv_q8_0_dma_top_0/inst/core/scaled_shifted[1][0]_i_54
INFO: [Physopt 32-662] Processed net design_1_i/gemv_q8_0_dma_top_0/inst/core/scaled_shifted[1][0]_i_122_n_0.  Did not re-place instance design_1_i/gemv_q8_0_dma_top_0/inst/core/scaled_shifted[1][0]_i_122
INFO: [Physopt 32-662] Processed net design_1_i/gemv_q8_0_dma_top_0/inst/core/scaled_shifted[3][0]_i_47_n_0.  Did not re-place instance design_1_i/gemv_q8_0_dma_top_0/inst/core/scaled_shifted[3][0]_i_47
INFO: [Physopt 32-662] Processed net design_1_i/gemv_q8_0_dma_top_0/inst/core/scaled_product_reg_n_0_[3][0].  Did not re-place instance design_1_i/gemv_q8_0_dma_top_0/inst/core/scaled_product_reg[3][0]
INFO: [Physopt 32-662] Processed net design_1_i/gemv_q8_0_dma_top_0/inst/core/scaled_shifted[1][0]_i_16_n_0.  Did not re-place instance design_1_i/gemv_q8_0_dma_top_0/inst/core/scaled_shifted[1][0]_i_16
INFO: [Physopt 32-662] Processed net design_1_i/gemv_q8_0_dma_top_0/inst/core/scaled_shifted[1][0]_i_6_n_0.  Did not re-place instance design_1_i/gemv_q8_0_dma_top_0/inst/core/scaled_shifted[1][0]_i_6
INFO: [Physopt 32-662] Processed net design_1_i/gemv_q8_0_dma_top_0/inst/core/scaled_shifted[1][55]_i_1_n_0.  Did not re-place instance design_1_i/gemv_q8_0_dma_top_0/inst/core/scaled_shifted[1][55]_i_1
INFO: [Physopt 32-662] Processed net design_1_i/gemv_q8_0_dma_top_0/inst/core/scaled_shifted[1][55]_i_3_n_0.  Did not re-place instance design_1_i/gemv_q8_0_dma_top_0/inst/core/scaled_shifted[1][55]_i_3
INFO: [Physopt 32-662] Processed net design_1_i/gemv_q8_0_dma_top_0/inst/core/scaled_shifted_reg[1]_1[55].  Did not re-place instance design_1_i/gemv_q8_0_dma_top_0/inst/core/scaled_shifted_reg[1][55]
INFO: [Physopt 32-662] Processed net design_1_i/gemv_q8_0_dma_top_0/inst/core/scaled_product_reg[1]__0_n_102.  Did not re-place instance design_1_i/gemv_q8_0_dma_top_0/inst/core/scaled_shifted[1][23]_i_7_psdsp
INFO: [Physopt 32-662] Processed net design_1_i/gemv_q8_0_dma_top_0/inst/core/scaled_shifted[1][23]_i_7_n_0.  Did not re-place instance design_1_i/gemv_q8_0_dma_top_0/inst/core/scaled_shifted[1][23]_i_7
INFO: [Physopt 32-662] Processed net design_1_i/gemv_q8_0_dma_top_0/inst/core/scaled_shifted[3][0]_i_14_n_0.  Did not re-place instance design_1_i/gemv_q8_0_dma_top_0/inst/core/scaled_shifted[3][0]_i_14
INFO: [Physopt 32-662] Processed net design_1_i/gemv_q8_0_dma_top_0/inst/core/scaled_shifted[3][4]_i_5_n_0.  Did not re-place instance design_1_i/gemv_q8_0_dma_top_0/inst/core/scaled_shifted[3][0]_i_3
INFO: [Physopt 32-662] Processed net design_1_i/gemv_q8_0_dma_top_0/inst/core/scaled_shifted[3][0]_i_6_n_0.  Did not re-place instance design_1_i/gemv_q8_0_dma_top_0/inst/core/scaled_shifted[3][0]_i_6
INFO: [Physopt 32-662] Processed net design_1_i/gemv_q8_0_dma_top_0/inst/core/scaled_shifted[3][63]_i_42_n_0.  Did not re-place instance design_1_i/gemv_q8_0_dma_top_0/inst/core/scaled_shifted[3][63]_i_42
INFO: [Physopt 32-662] Processed net design_1_i/gemv_q8_0_dma_top_0/inst/core/scaled_product_reg[1]__0_n_104.  Did not re-place instance design_1_i/gemv_q8_0_dma_top_0/inst/core/scaled_shifted[1][19]_i_5_psdsp
INFO: [Physopt 32-662] Processed net design_1_i/gemv_q8_0_dma_top_0/inst/core/scaled_shifted[1][19]_i_5_n_0.  Did not re-place instance design_1_i/gemv_q8_0_dma_top_0/inst/core/scaled_shifted[1][19]_i_5
INFO: [Physopt 32-662] Processed net design_1_i/gemv_q8_0_dma_top_0/inst/core/scaled_shifted[1][0]_i_11_n_0.  Did not re-place instance design_1_i/gemv_q8_0_dma_top_0/inst/core/scaled_shifted[1][0]_i_11
INFO: [Physopt 32-662] Processed net design_1_i/gemv_q8_0_dma_top_0/inst/core/scaled_shifted[1][4]_i_12_n_0.  Did not re-place instance design_1_i/gemv_q8_0_dma_top_0/inst/core/scaled_shifted[1][4]_i_12
INFO: [Physopt 32-662] Processed net design_1_i/gemv_q8_0_dma_top_0/inst/core/scaled_shifted[1][4]_i_9_n_0.  Did not re-place instance design_1_i/gemv_q8_0_dma_top_0/inst/core/scaled_shifted[1][4]_i_9
INFO: [Physopt 32-662] Processed net design_1_i/gemv_q8_0_dma_top_0/inst/core/scaled_shifted[3][58]_i_1_n_0.  Did not re-place instance design_1_i/gemv_q8_0_dma_top_0/inst/core/scaled_shifted[3][58]_i_1
INFO: [Physopt 32-662] Processed net design_1_i/gemv_q8_0_dma_top_0/inst/core/scaled_shifted[3][58]_i_2_n_0.  Did not re-place instance design_1_i/gemv_q8_0_dma_top_0/inst/core/scaled_shifted[3][58]_i_2
INFO: [Physopt 32-662] Processed net design_1_i/gemv_q8_0_dma_top_0/inst/core/scaled_shifted_reg[3]_5[58].  Did not re-place instance design_1_i/gemv_q8_0_dma_top_0/inst/core/scaled_shifted_reg[3][58]
INFO: [Physopt 32-662] Processed net design_1_i/gemv_q8_0_dma_top_0/inst/core/scaled_shifted[1][0]_i_74_n_0.  Did not re-place instance design_1_i/gemv_q8_0_dma_top_0/inst/core/scaled_shifted[1][0]_i_74
INFO: [Physopt 32-662] Processed net design_1_i/gemv_q8_0_dma_top_0/inst/core/scaled_product_reg[3]__0_n_101.  Did not re-place instance design_1_i/gemv_q8_0_dma_top_0/inst/core/scaled_shifted[3][23]_i_6_psdsp
INFO: [Physopt 32-662] Processed net design_1_i/gemv_q8_0_dma_top_0/inst/core/scaled_shifted[3][23]_i_6_n_0.  Did not re-place instance design_1_i/gemv_q8_0_dma_top_0/inst/core/scaled_shifted[3][23]_i_6
INFO: [Physopt 32-662] Processed net design_1_i/gemv_q8_0_dma_top_0/inst/core/scaled_product_reg[1]__0_n_101.  Did not re-place instance design_1_i/gemv_q8_0_dma_top_0/inst/core/scaled_shifted[1][23]_i_6_psdsp
INFO: [Physopt 32-662] Processed net design_1_i/gemv_q8_0_dma_top_0/inst/core/scaled_shifted[1][23]_i_6_n_0.  Did not re-place instance design_1_i/gemv_q8_0_dma_top_0/inst/core/scaled_shifted[1][23]_i_6
INFO: [Physopt 32-662] Processed net design_1_i/gemv_q8_0_dma_top_0/inst/core/scaled_shifted[3][0]_i_5_n_0.  Did not re-place instance design_1_i/gemv_q8_0_dma_top_0/inst/core/scaled_shifted[3][0]_i_5
INFO: [Physopt 32-662] Processed net design_1_i/gemv_q8_0_dma_top_0/inst/core/scaled_shifted[3][0]_i_12_n_0.  Did not re-place instance design_1_i/gemv_q8_0_dma_top_0/inst/core/scaled_shifted[3][0]_i_12
INFO: [Physopt 32-662] Processed net design_1_i/gemv_q8_0_dma_top_0/inst/core/scaled_shifted[1][63]_i_43_n_0.  Did not re-place instance design_1_i/gemv_q8_0_dma_top_0/inst/core/scaled_shifted[1][63]_i_43
INFO: [Physopt 32-662] Processed net design_1_i/gemv_q8_0_dma_top_0/inst/core/scaled_product_reg[1][16]__0_n_0.  Did not re-place instance design_1_i/gemv_q8_0_dma_top_0/inst/core/scaled_product_reg[1][16]__0
INFO: [Physopt 32-662] Processed net design_1_i/gemv_q8_0_dma_top_0/inst/core/scaled_shifted[3][0]_i_10_n_0.  Did not re-place instance design_1_i/gemv_q8_0_dma_top_0/inst/core/scaled_shifted[3][0]_i_10
INFO: [Physopt 32-662] Processed net design_1_i/gemv_q8_0_dma_top_0/inst/core/scaled_shifted[1][0]_i_66_n_0.  Did not re-place instance design_1_i/gemv_q8_0_dma_top_0/inst/core/scaled_shifted[1][0]_i_66
INFO: [Physopt 32-662] Processed net design_1_i/gemv_q8_0_dma_top_0/inst/core/scaled_product_reg[3]__0_n_100.  Did not re-place instance design_1_i/gemv_q8_0_dma_top_0/inst/core/scaled_shifted[3][23]_i_5_psdsp
INFO: [Physopt 32-662] Processed net design_1_i/gemv_q8_0_dma_top_0/inst/core/scaled_shifted[3][23]_i_5_n_0.  Did not re-place instance design_1_i/gemv_q8_0_dma_top_0/inst/core/scaled_shifted[3][23]_i_5
INFO: [Physopt 32-662] Processed net design_1_i/gemv_q8_0_dma_top_0/inst/core/scale_shift_reg_reg[3]_rep__7_n_0.  Did not re-place instance design_1_i/gemv_q8_0_dma_top_0/inst/core/scale_shift_reg_reg[3]_rep__7
INFO: [Physopt 32-662] Processed net design_1_i/gemv_q8_0_dma_top_0/inst/core/scale_shift_reg_reg[4]_rep__16_n_0.  Did not re-place instance design_1_i/gemv_q8_0_dma_top_0/inst/core/scale_shift_reg_reg[4]_rep__16
INFO: [Physopt 32-662] Processed net design_1_i/gemv_q8_0_dma_top_0/inst/core/scaled_shifted[1][0]_i_143_n_0.  Did not re-place instance design_1_i/gemv_q8_0_dma_top_0/inst/core/scaled_shifted[1][0]_i_143
INFO: [Physopt 32-662] Processed net design_1_i/gemv_q8_0_dma_top_0/inst/core/scaled_shifted[14][0]_i_16_n_0.  Did not re-place instance design_1_i/gemv_q8_0_dma_top_0/inst/core/scaled_shifted[14][0]_i_16
INFO: [Physopt 32-662] Processed net design_1_i/gemv_q8_0_dma_top_0/inst/core/scaled_shifted[14][0]_i_95_n_0.  Did not re-place instance design_1_i/gemv_q8_0_dma_top_0/inst/core/scaled_shifted[14][0]_i_95
INFO: [Physopt 32-662] Processed net design_1_i/gemv_q8_0_dma_top_0/inst/core/scaled_shifted[14][4]_i_12_n_0.  Did not re-place instance design_1_i/gemv_q8_0_dma_top_0/inst/core/scaled_shifted[14][4]_i_12
INFO: [Physopt 32-662] Processed net design_1_i/gemv_q8_0_dma_top_0/inst/core/scaled_shifted[14][4]_i_13_n_0.  Did not re-place instance design_1_i/gemv_q8_0_dma_top_0/inst/core/scaled_shifted[14][4]_i_13
INFO: [Physopt 32-662] Processed net design_1_i/gemv_q8_0_dma_top_0/inst/core/scaled_shifted[14][4]_i_9_n_0.  Did not re-place instance design_1_i/gemv_q8_0_dma_top_0/inst/core/scaled_shifted[14][4]_i_9
INFO: [Physopt 32-662] Processed net design_1_i/gemv_q8_0_dma_top_0/inst/core/scaled_shifted[14][58]_i_1_n_0.  Did not re-place instance design_1_i/gemv_q8_0_dma_top_0/inst/core/scaled_shifted[14][58]_i_1
INFO: [Physopt 32-662] Processed net design_1_i/gemv_q8_0_dma_top_0/inst/core/scaled_shifted[14][58]_i_2_n_0.  Did not re-place instance design_1_i/gemv_q8_0_dma_top_0/inst/core/scaled_shifted[14][58]_i_2
INFO: [Physopt 32-662] Processed net design_1_i/gemv_q8_0_dma_top_0/inst/core/scaled_shifted[1][63]_i_55_n_0.  Did not re-place instance design_1_i/gemv_q8_0_dma_top_0/inst/core/scaled_shifted[1][63]_i_55
INFO: [Physopt 32-662] Processed net design_1_i/gemv_q8_0_dma_top_0/inst/core/scaled_shifted_reg_n_0_[14][58].  Did not re-place instance design_1_i/gemv_q8_0_dma_top_0/inst/core/scaled_shifted_reg[14][58]
INFO: [Physopt 32-662] Processed net design_1_i/gemv_q8_0_dma_top_0/inst/core/scaled_shifted[1][57]_i_1_n_0.  Did not re-place instance design_1_i/gemv_q8_0_dma_top_0/inst/core/scaled_shifted[1][57]_i_1
INFO: [Physopt 32-662] Processed net design_1_i/gemv_q8_0_dma_top_0/inst/core/scaled_shifted[1][57]_i_2_n_0.  Did not re-place instance design_1_i/gemv_q8_0_dma_top_0/inst/core/scaled_shifted[1][57]_i_2
INFO: [Physopt 32-662] Processed net design_1_i/gemv_q8_0_dma_top_0/inst/core/scaled_shifted_reg[1]_1[57].  Did not re-place instance design_1_i/gemv_q8_0_dma_top_0/inst/core/scaled_shifted_reg[1][57]
INFO: [Physopt 32-662] Processed net design_1_i/gemv_q8_0_dma_top_0/inst/core/scaled_shifted[1][0]_i_15_n_0.  Did not re-place instance design_1_i/gemv_q8_0_dma_top_0/inst/core/scaled_shifted[1][0]_i_15
INFO: [Physopt 32-662] Processed net design_1_i/gemv_q8_0_dma_top_0/inst/core/scaled_shifted[15][0]_i_16_n_0.  Did not re-place instance design_1_i/gemv_q8_0_dma_top_0/inst/core/scaled_shifted[15][0]_i_16
INFO: [Physopt 32-662] Processed net design_1_i/gemv_q8_0_dma_top_0/inst/core/scaled_product_reg[15]__0_n_105.  Did not re-place instance design_1_i/gemv_q8_0_dma_top_0/inst/core/scaled_shifted[15][19]_i_6_psdsp
INFO: [Physopt 32-662] Processed net design_1_i/gemv_q8_0_dma_top_0/inst/core/scaled_product_reg[1]__0_n_103.  Did not re-place instance design_1_i/gemv_q8_0_dma_top_0/inst/core/scaled_shifted[1][19]_i_4_psdsp
INFO: [Physopt 32-662] Processed net design_1_i/gemv_q8_0_dma_top_0/inst/core/data1__1[62].  Did not re-place instance design_1_i/gemv_q8_0_dma_top_0/inst/core/scaled_shifted[15][62]_i_2
INFO: [Physopt 32-662] Processed net design_1_i/gemv_q8_0_dma_top_0/inst/core/round_shift_i64__2[62].  Did not re-place instance design_1_i/gemv_q8_0_dma_top_0/inst/core/scaled_shifted[15][62]_i_1
INFO: [Physopt 32-662] Processed net design_1_i/gemv_q8_0_dma_top_0/inst/core/scaled_shifted[15][0]_i_58_n_0.  Did not re-place instance design_1_i/gemv_q8_0_dma_top_0/inst/core/scaled_shifted[15][0]_i_58
INFO: [Physopt 32-662] Processed net design_1_i/gemv_q8_0_dma_top_0/inst/core/scaled_shifted[15][19]_i_6_n_0.  Did not re-place instance design_1_i/gemv_q8_0_dma_top_0/inst/core/scaled_shifted[15][19]_i_6
INFO: [Physopt 32-662] Processed net design_1_i/gemv_q8_0_dma_top_0/inst/core/scaled_shifted[15][4]_i_12_n_0.  Did not re-place instance design_1_i/gemv_q8_0_dma_top_0/inst/core/scaled_shifted[15][4]_i_12
INFO: [Physopt 32-662] Processed net design_1_i/gemv_q8_0_dma_top_0/inst/core/scaled_shifted[15][4]_i_13_n_0.  Did not re-place instance design_1_i/gemv_q8_0_dma_top_0/inst/core/scaled_shifted[15][4]_i_13
INFO: [Physopt 32-662] Processed net design_1_i/gemv_q8_0_dma_top_0/inst/core/scaled_shifted[15][4]_i_9_n_0.  Did not re-place instance design_1_i/gemv_q8_0_dma_top_0/inst/core/scaled_shifted[15][4]_i_9
INFO: [Physopt 32-662] Processed net design_1_i/gemv_q8_0_dma_top_0/inst/core/scaled_shifted[1][0]_i_99_n_0.  Did not re-place instance design_1_i/gemv_q8_0_dma_top_0/inst/core/scaled_shifted[1][0]_i_99
INFO: [Physopt 32-662] Processed net design_1_i/gemv_q8_0_dma_top_0/inst/core/scaled_shifted[1][19]_i_4_n_0.  Did not re-place instance design_1_i/gemv_q8_0_dma_top_0/inst/core/scaled_shifted[1][19]_i_4
INFO: [Physopt 32-662] Processed net design_1_i/gemv_q8_0_dma_top_0/inst/core/scaled_shifted_reg_n_0_[15][62].  Did not re-place instance design_1_i/gemv_q8_0_dma_top_0/inst/core/scaled_shifted_reg[15][62]
INFO: [Physopt 32-662] Processed net design_1_i/gemv_q8_0_dma_top_0/inst/core/scaled_product_reg[3]__0_n_104.  Did not re-place instance design_1_i/gemv_q8_0_dma_top_0/inst/core/scaled_shifted[3][19]_i_5_psdsp
INFO: [Physopt 32-662] Processed net design_1_i/gemv_q8_0_dma_top_0/inst/core/scaled_shifted[3][19]_i_5_n_0.  Did not re-place instance design_1_i/gemv_q8_0_dma_top_0/inst/core/scaled_shifted[3][19]_i_5
INFO: [Physopt 32-662] Processed net design_1_i/gemv_q8_0_dma_top_0/inst/core/scaled_shifted[1][0]_i_47_n_0.  Did not re-place instance design_1_i/gemv_q8_0_dma_top_0/inst/core/scaled_shifted[1][0]_i_47
INFO: [Physopt 32-662] Processed net design_1_i/gemv_q8_0_dma_top_0/inst/core/scaled_shifted[15][0]_i_42_n_0.  Did not re-place instance design_1_i/gemv_q8_0_dma_top_0/inst/core/scaled_shifted[15][0]_i_42
INFO: [Physopt 32-662] Processed net design_1_i/gemv_q8_0_dma_top_0/inst/core/scaled_shifted[1][0]_i_139_n_0.  Did not re-place instance design_1_i/gemv_q8_0_dma_top_0/inst/core/scaled_shifted[1][0]_i_139
INFO: [Physopt 32-662] Processed net design_1_i/gemv_q8_0_dma_top_0/inst/core/scaled_shifted[15][0]_i_90_n_0.  Did not re-place instance design_1_i/gemv_q8_0_dma_top_0/inst/core/scaled_shifted[15][0]_i_90
INFO: [Physopt 32-662] Processed net design_1_i/gemv_q8_0_dma_top_0/inst/core/scaled_shifted[1][0]_i_83_n_0.  Did not re-place instance design_1_i/gemv_q8_0_dma_top_0/inst/core/scaled_shifted[1][0]_i_83
INFO: [Physopt 32-662] Processed net design_1_i/gemv_q8_0_dma_top_0/inst/core/scaled_shifted[1][0]_i_107_n_0.  Did not re-place instance design_1_i/gemv_q8_0_dma_top_0/inst/core/scaled_shifted[1][0]_i_107
INFO: [Physopt 32-662] Processed net design_1_i/gemv_q8_0_dma_top_0/inst/core/scaled_shifted[15][0]_i_95_n_0.  Did not re-place instance design_1_i/gemv_q8_0_dma_top_0/inst/core/scaled_shifted[15][0]_i_95
INFO: [Physopt 32-662] Processed net design_1_i/gemv_q8_0_dma_top_0/inst/core/scaled_shifted[1][4]_i_13_n_0.  Did not re-place instance design_1_i/gemv_q8_0_dma_top_0/inst/core/scaled_shifted[1][4]_i_13
INFO: [Physopt 32-662] Processed net design_1_i/gemv_q8_0_dma_top_0/inst/core/scaled_shifted[1][0]_i_55_n_0.  Did not re-place instance design_1_i/gemv_q8_0_dma_top_0/inst/core/scaled_shifted[1][0]_i_55
INFO: [Physopt 32-662] Processed net design_1_i/gemv_q8_0_dma_top_0/inst/core/scaled_shifted[15][0]_i_46_n_0.  Did not re-place instance design_1_i/gemv_q8_0_dma_top_0/inst/core/scaled_shifted[15][0]_i_46
INFO: [Physopt 32-662] Processed net design_1_i/gemv_q8_0_dma_top_0/inst/core/scaled_shifted[1][0]_i_123_n_0.  Did not re-place instance design_1_i/gemv_q8_0_dma_top_0/inst/core/scaled_shifted[1][0]_i_123
INFO: [Physopt 32-662] Processed net design_1_i/gemv_q8_0_dma_top_0/inst/core/scaled_product_reg[15]__0_n_103.  Did not re-place instance design_1_i/gemv_q8_0_dma_top_0/inst/core/scaled_shifted[15][19]_i_4_psdsp
INFO: [Physopt 32-662] Processed net design_1_i/gemv_q8_0_dma_top_0/inst/core/scaled_shifted[15][19]_i_4_n_0.  Did not re-place instance design_1_i/gemv_q8_0_dma_top_0/inst/core/scaled_shifted[15][19]_i_4
INFO: [Physopt 32-662] Processed net design_1_i/gemv_q8_0_dma_top_0/inst/core/scaled_shifted[1][0]_i_67_n_0.  Did not re-place instance design_1_i/gemv_q8_0_dma_top_0/inst/core/scaled_shifted[1][0]_i_67
INFO: [Physopt 32-662] Processed net design_1_i/gemv_q8_0_dma_top_0/inst/core/scaled_shifted[1][51]_i_1_n_0.  Did not re-place instance design_1_i/gemv_q8_0_dma_top_0/inst/core/scaled_shifted[1][51]_i_1
INFO: [Physopt 32-662] Processed net design_1_i/gemv_q8_0_dma_top_0/inst/core/scaled_shifted[1][51]_i_3_n_0.  Did not re-place instance design_1_i/gemv_q8_0_dma_top_0/inst/core/scaled_shifted[1][51]_i_3
INFO: [Physopt 32-662] Processed net design_1_i/gemv_q8_0_dma_top_0/inst/core/scaled_shifted_reg[1]_1[51].  Did not re-place instance design_1_i/gemv_q8_0_dma_top_0/inst/core/scaled_shifted_reg[1][51]
INFO: [Physopt 32-662] Processed net design_1_i/gemv_q8_0_dma_top_0/inst/core/scaled_shifted[15][0]_i_5_n_0.  Did not re-place instance design_1_i/gemv_q8_0_dma_top_0/inst/core/scaled_shifted[15][0]_i_5
INFO: [Physopt 32-662] Processed net design_1_i/gemv_q8_0_dma_top_0/inst/core/scaled_shifted[15][0]_i_11_n_0.  Did not re-place instance design_1_i/gemv_q8_0_dma_top_0/inst/core/scaled_shifted[15][0]_i_11
INFO: [Physopt 32-662] Processed net design_1_i/gemv_q8_0_dma_top_0/inst/core/scaled_shifted[15][4]_i_5_n_0.  Did not re-place instance design_1_i/gemv_q8_0_dma_top_0/inst/core/scaled_shifted[15][0]_i_3
INFO: [Physopt 32-662] Processed net design_1_i/gemv_q8_0_dma_top_0/inst/core/scaled_product_reg[3]__0_n_102.  Did not re-place instance design_1_i/gemv_q8_0_dma_top_0/inst/core/scaled_shifted[3][23]_i_7_psdsp
INFO: [Physopt 32-662] Processed net design_1_i/gemv_q8_0_dma_top_0/inst/core/scaled_shifted[3][23]_i_7_n_0.  Did not re-place instance design_1_i/gemv_q8_0_dma_top_0/inst/core/scaled_shifted[3][23]_i_7
INFO: [Physopt 32-662] Processed net design_1_i/gemv_q8_0_dma_top_0/inst/core/scaled_shifted[2][12]_i_12_n_0.  Did not re-place instance design_1_i/gemv_q8_0_dma_top_0/inst/core/scaled_shifted[2][12]_i_12
INFO: [Physopt 32-662] Processed net design_1_i/gemv_q8_0_dma_top_0/inst/core/scaled_shifted[2][24]_i_16_n_0.  Did not re-place instance design_1_i/gemv_q8_0_dma_top_0/inst/core/scaled_shifted[2][24]_i_16
INFO: [Physopt 32-662] Processed net design_1_i/gemv_q8_0_dma_top_0/inst/core/scaled_shifted[2][0]_i_95_n_0.  Did not re-place instance design_1_i/gemv_q8_0_dma_top_0/inst/core/scaled_shifted[2][0]_i_95
INFO: [Physopt 32-662] Processed net design_1_i/gemv_q8_0_dma_top_0/inst/core/scaled_shifted[2][54]_i_1_n_0.  Did not re-place instance design_1_i/gemv_q8_0_dma_top_0/inst/core/scaled_shifted[2][54]_i_1
INFO: [Physopt 32-662] Processed net design_1_i/gemv_q8_0_dma_top_0/inst/core/scaled_shifted[2][54]_i_2_n_0.  Did not re-place instance design_1_i/gemv_q8_0_dma_top_0/inst/core/scaled_shifted[2][54]_i_2
INFO: [Physopt 32-662] Processed net design_1_i/gemv_q8_0_dma_top_0/inst/core/scaled_shifted[2][8]_i_6_n_0.  Did not re-place instance design_1_i/gemv_q8_0_dma_top_0/inst/core/scaled_shifted[2][8]_i_6
INFO: [Physopt 32-662] Processed net design_1_i/gemv_q8_0_dma_top_0/inst/core/scaled_shifted_reg[2]_3[54].  Did not re-place instance design_1_i/gemv_q8_0_dma_top_0/inst/core/scaled_shifted_reg[2][54]
INFO: [Physopt 32-662] Processed net design_1_i/gemv_q8_0_dma_top_0/inst/core/scaled_shifted[14][0]_i_15_n_0.  Did not re-place instance design_1_i/gemv_q8_0_dma_top_0/inst/core/scaled_shifted[14][0]_i_15
INFO: [Physopt 32-662] Processed net design_1_i/gemv_q8_0_dma_top_0/inst/core/scaled_shifted[14][4]_i_5_n_0.  Did not re-place instance design_1_i/gemv_q8_0_dma_top_0/inst/core/scaled_shifted[14][0]_i_3
INFO: [Physopt 32-662] Processed net design_1_i/gemv_q8_0_dma_top_0/inst/core/scaled_shifted[14][0]_i_6_n_0.  Did not re-place instance design_1_i/gemv_q8_0_dma_top_0/inst/core/scaled_shifted[14][0]_i_6
INFO: [Physopt 32-663] Processed net design_1_i/gemv_q8_0_dma_top_0/inst/core/scaled_product_reg[1]__0_n_98.  Re-placed instance design_1_i/gemv_q8_0_dma_top_0/inst/core/scaled_shifted[1][27]_i_7_psdsp
INFO: [Physopt 32-662] Processed net design_1_i/gemv_q8_0_dma_top_0/inst/core/scaled_shifted[1][27]_i_7_n_0.  Did not re-place instance design_1_i/gemv_q8_0_dma_top_0/inst/core/scaled_shifted[1][27]_i_7
INFO: [Physopt 32-662] Processed net design_1_i/gemv_q8_0_dma_top_0/inst/core/scaled_product_reg_n_0_[1][0].  Did not re-place instance design_1_i/gemv_q8_0_dma_top_0/inst/core/scaled_product_reg[1][0]
INFO: [Physopt 32-662] Processed net design_1_i/gemv_q8_0_dma_top_0/inst/core/scaled_product_reg[3]__0_n_103.  Did not re-place instance design_1_i/gemv_q8_0_dma_top_0/inst/core/scaled_shifted[3][19]_i_4_psdsp
INFO: [Physopt 32-662] Processed net design_1_i/gemv_q8_0_dma_top_0/inst/core/scaled_shifted[3][19]_i_4_n_0.  Did not re-place instance design_1_i/gemv_q8_0_dma_top_0/inst/core/scaled_shifted[3][19]_i_4
INFO: [Physopt 32-662] Processed net design_1_i/gemv_q8_0_dma_top_0/inst/core/scaled_shifted[1][0]_i_136_n_0.  Did not re-place instance design_1_i/gemv_q8_0_dma_top_0/inst/core/scaled_shifted[1][0]_i_136
INFO: [Physopt 32-662] Processed net design_1_i/gemv_q8_0_dma_top_0/inst/core/scaled_shifted[15][0]_i_59_n_0.  Did not re-place instance design_1_i/gemv_q8_0_dma_top_0/inst/core/scaled_shifted[15][0]_i_59
INFO: [Physopt 32-662] Processed net design_1_i/gemv_q8_0_dma_top_0/inst/core/scaled_product_reg[1]__0_n_100.  Did not re-place instance design_1_i/gemv_q8_0_dma_top_0/inst/core/scaled_shifted[1][23]_i_5_psdsp
INFO: [Physopt 32-662] Processed net design_1_i/gemv_q8_0_dma_top_0/inst/core/scaled_shifted[1][23]_i_5_n_0.  Did not re-place instance design_1_i/gemv_q8_0_dma_top_0/inst/core/scaled_shifted[1][23]_i_5
INFO: [Physopt 32-662] Processed net design_1_i/gemv_q8_0_dma_top_0/inst/core/scaled_shifted[1][0]_i_141_n_0.  Did not re-place instance design_1_i/gemv_q8_0_dma_top_0/inst/core/scaled_shifted[1][0]_i_141
INFO: [Physopt 32-662] Processed net design_1_i/gemv_q8_0_dma_top_0/inst/core/scaled_shifted[14][0]_i_93_n_0.  Did not re-place instance design_1_i/gemv_q8_0_dma_top_0/inst/core/scaled_shifted[14][0]_i_93
INFO: [Physopt 32-662] Processed net design_1_i/gemv_q8_0_dma_top_0/inst/core/scaled_shifted[1][0]_i_104_n_0.  Did not re-place instance design_1_i/gemv_q8_0_dma_top_0/inst/core/scaled_shifted[1][0]_i_104
INFO: [Physopt 32-662] Processed net design_1_i/gemv_q8_0_dma_top_0/inst/core/scaled_shifted[3][52]_i_1_n_0.  Did not re-place instance design_1_i/gemv_q8_0_dma_top_0/inst/core/scaled_shifted[3][52]_i_1
INFO: [Physopt 32-662] Processed net design_1_i/gemv_q8_0_dma_top_0/inst/core/scaled_shifted[3][52]_i_2_n_0.  Did not re-place instance design_1_i/gemv_q8_0_dma_top_0/inst/core/scaled_shifted[3][52]_i_2
INFO: [Physopt 32-662] Processed net design_1_i/gemv_q8_0_dma_top_0/inst/core/scaled_shifted_reg[3]_5[52].  Did not re-place instance design_1_i/gemv_q8_0_dma_top_0/inst/core/scaled_shifted_reg[3][52]
INFO: [Physopt 32-662] Processed net design_1_i/gemv_q8_0_dma_top_0/inst/core/scaled_shifted[15][0]_i_71_n_0.  Did not re-place instance design_1_i/gemv_q8_0_dma_top_0/inst/core/scaled_shifted[15][0]_i_71
INFO: [Physopt 32-662] Processed net design_1_i/gemv_q8_0_dma_top_0/inst/core/scaled_shifted[2][58]_i_1_n_0.  Did not re-place instance design_1_i/gemv_q8_0_dma_top_0/inst/core/scaled_shifted[2][58]_i_1
INFO: [Physopt 32-662] Processed net design_1_i/gemv_q8_0_dma_top_0/inst/core/scaled_shifted[2][58]_i_2_n_0.  Did not re-place instance design_1_i/gemv_q8_0_dma_top_0/inst/core/scaled_shifted[2][58]_i_2
INFO: [Physopt 32-662] Processed net design_1_i/gemv_q8_0_dma_top_0/inst/core/scaled_shifted_reg[2]_3[58].  Did not re-place instance design_1_i/gemv_q8_0_dma_top_0/inst/core/scaled_shifted_reg[2][58]
INFO: [Physopt 32-662] Processed net design_1_i/gemv_q8_0_dma_top_0/inst/core/scaled_shifted[1][0]_i_52_n_0.  Did not re-place instance design_1_i/gemv_q8_0_dma_top_0/inst/core/scaled_shifted[1][0]_i_52
INFO: [Physopt 32-662] Processed net design_1_i/gemv_q8_0_dma_top_0/inst/core/scaled_shifted[15][0]_i_43_n_0.  Did not re-place instance design_1_i/gemv_q8_0_dma_top_0/inst/core/scaled_shifted[15][0]_i_43
INFO: [Physopt 32-662] Processed net design_1_i/gemv_q8_0_dma_top_0/inst/core/scaled_shifted[3][0]_i_55_n_0.  Did not re-place instance design_1_i/gemv_q8_0_dma_top_0/inst/core/scaled_shifted[3][0]_i_55
INFO: [Physopt 32-662] Processed net design_1_i/gemv_q8_0_dma_top_0/inst/core/scaled_shifted[1][0]_i_87_n_0.  Did not re-place instance design_1_i/gemv_q8_0_dma_top_0/inst/core/scaled_shifted[1][0]_i_87
INFO: [Physopt 32-662] Processed net design_1_i/gemv_q8_0_dma_top_0/inst/core/scaled_shifted[1][0]_i_120_n_0.  Did not re-place instance design_1_i/gemv_q8_0_dma_top_0/inst/core/scaled_shifted[1][0]_i_120
INFO: [Physopt 32-662] Processed net design_1_i/gemv_q8_0_dma_top_0/inst/core/scaled_shifted[3][0]_i_67_n_0.  Did not re-place instance design_1_i/gemv_q8_0_dma_top_0/inst/core/scaled_shifted[3][0]_i_67
INFO: [Physopt 32-662] Processed net design_1_i/gemv_q8_0_dma_top_0/inst/core/scaled_shifted[1][0]_i_14_n_0.  Did not re-place instance design_1_i/gemv_q8_0_dma_top_0/inst/core/scaled_shifted[1][0]_i_14
INFO: [Physopt 32-662] Processed net design_1_i/gemv_q8_0_dma_top_0/inst/core/scaled_shifted[1][8]_i_14_n_0.  Did not re-place instance design_1_i/gemv_q8_0_dma_top_0/inst/core/scaled_shifted[1][8]_i_14
INFO: [Physopt 32-662] Processed net design_1_i/gemv_q8_0_dma_top_0/inst/core/scaled_shifted[15][0]_i_91_n_0.  Did not re-place instance design_1_i/gemv_q8_0_dma_top_0/inst/core/scaled_shifted[15][0]_i_91
INFO: [Physopt 32-662] Processed net design_1_i/gemv_q8_0_dma_top_0/inst/core/scaled_shifted[14][56]_i_1_n_0.  Did not re-place instance design_1_i/gemv_q8_0_dma_top_0/inst/core/scaled_shifted[14][56]_i_1
INFO: [Physopt 32-662] Processed net design_1_i/gemv_q8_0_dma_top_0/inst/core/scaled_shifted[14][56]_i_2_n_0.  Did not re-place instance design_1_i/gemv_q8_0_dma_top_0/inst/core/scaled_shifted[14][56]_i_2
INFO: [Physopt 32-662] Processed net design_1_i/gemv_q8_0_dma_top_0/inst/core/scaled_shifted[3][0]_i_83_n_0.  Did not re-place instance design_1_i/gemv_q8_0_dma_top_0/inst/core/scaled_shifted[3][0]_i_83
INFO: [Physopt 32-662] Processed net design_1_i/gemv_q8_0_dma_top_0/inst/core/scaled_shifted_reg_n_0_[14][56].  Did not re-place instance design_1_i/gemv_q8_0_dma_top_0/inst/core/scaled_shifted_reg[14][56]
INFO: [Physopt 32-662] Processed net design_1_i/gemv_q8_0_dma_top_0/inst/core/scaled_product_reg[15]__0_n_101.  Did not re-place instance design_1_i/gemv_q8_0_dma_top_0/inst/core/scaled_shifted[15][23]_i_6_psdsp
INFO: [Physopt 32-662] Processed net design_1_i/gemv_q8_0_dma_top_0/inst/core/scaled_shifted[15][0]_i_63_n_0.  Did not re-place instance design_1_i/gemv_q8_0_dma_top_0/inst/core/scaled_shifted[15][0]_i_63
INFO: [Physopt 32-662] Processed net design_1_i/gemv_q8_0_dma_top_0/inst/core/scaled_shifted[15][23]_i_6_n_0.  Did not re-place instance design_1_i/gemv_q8_0_dma_top_0/inst/core/scaled_shifted[15][23]_i_6
INFO: [Physopt 32-662] Processed net design_1_i/gemv_q8_0_dma_top_0/inst/core/scaled_shifted[1][0]_i_12_n_0.  Did not re-place instance design_1_i/gemv_q8_0_dma_top_0/inst/core/scaled_shifted[1][0]_i_12
INFO: [Physopt 32-662] Processed net design_1_i/gemv_q8_0_dma_top_0/inst/core/scaled_product_reg[3][16]__0_n_0.  Did not re-place instance design_1_i/gemv_q8_0_dma_top_0/inst/core/scaled_product_reg[3][16]__0
INFO: [Physopt 32-662] Processed net design_1_i/gemv_q8_0_dma_top_0/inst/core/scaled_shifted[15][0]_i_75_n_0.  Did not re-place instance design_1_i/gemv_q8_0_dma_top_0/inst/core/scaled_shifted[15][0]_i_75
INFO: [Physopt 32-662] Processed net design_1_i/gemv_q8_0_dma_top_0/inst/core/scaled_shifted[3][0]_i_75_n_0.  Did not re-place instance design_1_i/gemv_q8_0_dma_top_0/inst/core/scaled_shifted[3][0]_i_75
INFO: [Physopt 32-662] Processed net design_1_i/gemv_q8_0_dma_top_0/inst/core/scaled_shifted[12][0]_i_12_n_0.  Did not re-place instance design_1_i/gemv_q8_0_dma_top_0/inst/core/scaled_shifted[12][0]_i_12
INFO: [Physopt 32-662] Processed net design_1_i/gemv_q8_0_dma_top_0/inst/core/scaled_shifted[12][0]_i_5_n_0.  Did not re-place instance design_1_i/gemv_q8_0_dma_top_0/inst/core/scaled_shifted[12][0]_i_5
INFO: [Physopt 32-662] Processed net design_1_i/gemv_q8_0_dma_top_0/inst/core/scaled_shifted[12][4]_i_5_n_0.  Did not re-place instance design_1_i/gemv_q8_0_dma_top_0/inst/core/scaled_shifted[12][0]_i_3
INFO: [Physopt 32-662] Processed net design_1_i/gemv_q8_0_dma_top_0/inst/core/scaled_shifted[12][0]_i_95_n_0.  Did not re-place instance design_1_i/gemv_q8_0_dma_top_0/inst/core/scaled_shifted[12][0]_i_95
INFO: [Physopt 32-662] Processed net design_1_i/gemv_q8_0_dma_top_0/inst/core/scaled_shifted[12][58]_i_1_n_0.  Did not re-place instance design_1_i/gemv_q8_0_dma_top_0/inst/core/scaled_shifted[12][58]_i_1
INFO: [Physopt 32-662] Processed net design_1_i/gemv_q8_0_dma_top_0/inst/core/scaled_shifted[12][58]_i_2_n_0.  Did not re-place instance design_1_i/gemv_q8_0_dma_top_0/inst/core/scaled_shifted[12][58]_i_2
INFO: [Physopt 32-662] Processed net design_1_i/gemv_q8_0_dma_top_0/inst/core/scaled_shifted[15][0]_i_47_n_0.  Did not re-place instance design_1_i/gemv_q8_0_dma_top_0/inst/core/scaled_shifted[15][0]_i_47
INFO: [Physopt 32-662] Processed net design_1_i/gemv_q8_0_dma_top_0/inst/core/scaled_shifted_reg_n_0_[12][58].  Did not re-place instance design_1_i/gemv_q8_0_dma_top_0/inst/core/scaled_shifted_reg[12][58]
INFO: [Physopt 32-662] Processed net design_1_i/gemv_q8_0_dma_top_0/inst/core/scaled_shifted[3][0]_i_63_n_0.  Did not re-place instance design_1_i/gemv_q8_0_dma_top_0/inst/core/scaled_shifted[3][0]_i_63
INFO: [Physopt 32-662] Processed net design_1_i/gemv_q8_0_dma_top_0/inst/core/scaled_shifted[3][50]_i_1_n_0.  Did not re-place instance design_1_i/gemv_q8_0_dma_top_0/inst/core/scaled_shifted[3][50]_i_1
INFO: [Physopt 32-662] Processed net design_1_i/gemv_q8_0_dma_top_0/inst/core/scaled_shifted[3][50]_i_2_n_0.  Did not re-place instance design_1_i/gemv_q8_0_dma_top_0/inst/core/scaled_shifted[3][50]_i_2
INFO: [Physopt 32-662] Processed net design_1_i/gemv_q8_0_dma_top_0/inst/core/scaled_shifted_reg[3]_5[50].  Did not re-place instance design_1_i/gemv_q8_0_dma_top_0/inst/core/scaled_shifted_reg[3][50]
INFO: [Physopt 32-662] Processed net design_1_i/gemv_q8_0_dma_top_0/inst/core/scaled_shifted[15][0]_i_55_n_0.  Did not re-place instance design_1_i/gemv_q8_0_dma_top_0/inst/core/scaled_shifted[15][0]_i_55
INFO: [Physopt 32-662] Processed net design_1_i/gemv_q8_0_dma_top_0/inst/core/scaled_shifted[3][0]_i_43_n_0.  Did not re-place instance design_1_i/gemv_q8_0_dma_top_0/inst/core/scaled_shifted[3][0]_i_43
INFO: [Physopt 32-662] Processed net design_1_i/gemv_q8_0_dma_top_0/inst/core/scaled_shifted[14][0]_i_14_n_0.  Did not re-place instance design_1_i/gemv_q8_0_dma_top_0/inst/core/scaled_shifted[14][0]_i_14
INFO: [Physopt 32-662] Processed net design_1_i/gemv_q8_0_dma_top_0/inst/core/scaled_product_reg[15]__0_n_102.  Did not re-place instance design_1_i/gemv_q8_0_dma_top_0/inst/core/scaled_shifted[15][23]_i_7_psdsp
INFO: [Physopt 32-662] Processed net design_1_i/gemv_q8_0_dma_top_0/inst/core/scaled_shifted[15][23]_i_7_n_0.  Did not re-place instance design_1_i/gemv_q8_0_dma_top_0/inst/core/scaled_shifted[15][23]_i_7
INFO: [Physopt 32-662] Processed net design_1_i/gemv_q8_0_dma_top_0/inst/core/scaled_shifted[3][0]_i_71_n_0.  Did not re-place instance design_1_i/gemv_q8_0_dma_top_0/inst/core/scaled_shifted[3][0]_i_71
INFO: [Physopt 32-662] Processed net design_1_i/gemv_q8_0_dma_top_0/inst/core/scaled_shifted[14][8]_i_14_n_0.  Did not re-place instance design_1_i/gemv_q8_0_dma_top_0/inst/core/scaled_shifted[14][8]_i_14
INFO: [Physopt 32-662] Processed net design_1_i/gemv_q8_0_dma_top_0/inst/core/scaled_product_reg[1]__0_n_97.  Did not re-place instance design_1_i/gemv_q8_0_dma_top_0/inst/core/scaled_shifted[1][27]_i_6_psdsp
INFO: [Physopt 32-662] Processed net design_1_i/gemv_q8_0_dma_top_0/inst/core/scaled_product_reg[3]__0_n_97.  Did not re-place instance design_1_i/gemv_q8_0_dma_top_0/inst/core/scaled_shifted[3][27]_i_6_psdsp
INFO: [Physopt 32-662] Processed net design_1_i/gemv_q8_0_dma_top_0/inst/core/scaled_shifted[1][27]_i_6_n_0.  Did not re-place instance design_1_i/gemv_q8_0_dma_top_0/inst/core/scaled_shifted[1][27]_i_6
INFO: [Physopt 32-662] Processed net design_1_i/gemv_q8_0_dma_top_0/inst/core/scaled_shifted[3][27]_i_6_n_0.  Did not re-place instance design_1_i/gemv_q8_0_dma_top_0/inst/core/scaled_shifted[3][27]_i_6
INFO: [Physopt 32-662] Processed net design_1_i/gemv_q8_0_dma_top_0/inst/core/scaled_shifted[1][0]_i_86_n_0.  Did not re-place instance design_1_i/gemv_q8_0_dma_top_0/inst/core/scaled_shifted[1][0]_i_86
INFO: [Physopt 32-662] Processed net design_1_i/gemv_q8_0_dma_top_0/inst/core/scaled_shifted[14][0]_i_66_n_0.  Did not re-place instance design_1_i/gemv_q8_0_dma_top_0/inst/core/scaled_shifted[14][0]_i_66
INFO: [Physopt 32-662] Processed net design_1_i/gemv_q8_0_dma_top_0/inst/core/scaled_shifted[1][0]_i_140_n_0.  Did not re-place instance design_1_i/gemv_q8_0_dma_top_0/inst/core/scaled_shifted[1][0]_i_140
INFO: [Physopt 32-662] Processed net design_1_i/gemv_q8_0_dma_top_0/inst/core/scaled_shifted[15][0]_i_40_n_0.  Did not re-place instance design_1_i/gemv_q8_0_dma_top_0/inst/core/scaled_shifted[15][0]_i_40
INFO: [Physopt 32-662] Processed net design_1_i/gemv_q8_0_dma_top_0/inst/core/scaled_shifted[15][0]_i_92_n_0.  Did not re-place instance design_1_i/gemv_q8_0_dma_top_0/inst/core/scaled_shifted[15][0]_i_92
INFO: [Physopt 32-662] Processed net design_1_i/gemv_q8_0_dma_top_0/inst/core/scaled_shifted[1][0]_i_13_n_0.  Did not re-place instance design_1_i/gemv_q8_0_dma_top_0/inst/core/scaled_shifted[1][0]_i_13
INFO: [Physopt 32-662] Processed net design_1_i/gemv_q8_0_dma_top_0/inst/core/scaled_shifted[1][0]_i_142_n_0.  Did not re-place instance design_1_i/gemv_q8_0_dma_top_0/inst/core/scaled_shifted[1][0]_i_142
INFO: [Physopt 32-662] Processed net design_1_i/gemv_q8_0_dma_top_0/inst/core/scaled_shifted[3][0]_i_94_n_0.  Did not re-place instance design_1_i/gemv_q8_0_dma_top_0/inst/core/scaled_shifted[3][0]_i_94
INFO: [Physopt 32-662] Processed net design_1_i/gemv_q8_0_dma_top_0/inst/core/scaled_shifted[15][0]_i_93_n_0.  Did not re-place instance design_1_i/gemv_q8_0_dma_top_0/inst/core/scaled_shifted[15][0]_i_93
INFO: [Physopt 32-662] Processed net design_1_i/gemv_q8_0_dma_top_0/inst/core/scaled_shifted[2][0]_i_94_n_0.  Did not re-place instance design_1_i/gemv_q8_0_dma_top_0/inst/core/scaled_shifted[2][0]_i_94
INFO: [Physopt 32-662] Processed net design_1_i/gemv_q8_0_dma_top_0/inst/core/scaled_shifted[1][0]_i_17_n_0.  Did not re-place instance design_1_i/gemv_q8_0_dma_top_0/inst/core/scaled_shifted[1][0]_i_17
INFO: [Physopt 32-662] Processed net design_1_i/gemv_q8_0_dma_top_0/inst/core/scaled_shifted[1][0]_i_18_n_0.  Did not re-place instance design_1_i/gemv_q8_0_dma_top_0/inst/core/scaled_shifted[1][0]_i_18
INFO: [Physopt 32-662] Processed net design_1_i/gemv_q8_0_dma_top_0/inst/core/scaled_shifted[1][0]_i_7_n_0.  Did not re-place instance design_1_i/gemv_q8_0_dma_top_0/inst/core/scaled_shifted[1][0]_i_7
INFO: [Physopt 32-662] Processed net design_1_i/gemv_q8_0_dma_top_0/inst/core/scaled_product_reg_n_0_[1][3].  Did not re-place instance design_1_i/gemv_q8_0_dma_top_0/inst/core/scaled_product_reg[1][3]
INFO: [Physopt 32-662] Processed net design_1_i/gemv_q8_0_dma_top_0/inst/core/scaled_shifted[12][50]_i_1_n_0.  Did not re-place instance design_1_i/gemv_q8_0_dma_top_0/inst/core/scaled_shifted[12][50]_i_1
INFO: [Physopt 32-662] Processed net design_1_i/gemv_q8_0_dma_top_0/inst/core/scaled_shifted[12][50]_i_2_n_0.  Did not re-place instance design_1_i/gemv_q8_0_dma_top_0/inst/core/scaled_shifted[12][50]_i_2
INFO: [Physopt 32-662] Processed net design_1_i/gemv_q8_0_dma_top_0/inst/core/scaled_shifted[1][0]_i_75_n_0.  Did not re-place instance design_1_i/gemv_q8_0_dma_top_0/inst/core/scaled_shifted[1][0]_i_75
INFO: [Physopt 32-662] Processed net design_1_i/gemv_q8_0_dma_top_0/inst/core/scaled_shifted_reg_n_0_[12][50].  Did not re-place instance design_1_i/gemv_q8_0_dma_top_0/inst/core/scaled_shifted_reg[12][50]
INFO: [Physopt 32-662] Processed net design_1_i/gemv_q8_0_dma_top_0/inst/core/scaled_shifted[14][0]_i_94_n_0.  Did not re-place instance design_1_i/gemv_q8_0_dma_top_0/inst/core/scaled_shifted[14][0]_i_94
INFO: [Physopt 32-662] Processed net design_1_i/gemv_q8_0_dma_top_0/inst/core/scaled_shifted[15][0]_i_44_n_0.  Did not re-place instance design_1_i/gemv_q8_0_dma_top_0/inst/core/scaled_shifted[15][0]_i_44
INFO: [Physopt 32-662] Processed net design_1_i/gemv_q8_0_dma_top_0/inst/core/scale_shift_reg_reg[5]_rep__16_n_0.  Did not re-place instance design_1_i/gemv_q8_0_dma_top_0/inst/core/scale_shift_reg_reg[5]_rep__16
INFO: [Physopt 32-662] Processed net design_1_i/gemv_q8_0_dma_top_0/inst/core/scaled_shifted[2][0]_i_66_n_0.  Did not re-place instance design_1_i/gemv_q8_0_dma_top_0/inst/core/scaled_shifted[2][0]_i_66
INFO: [Physopt 32-662] Processed net design_1_i/gemv_q8_0_dma_top_0/inst/core/scaled_product_reg[3]__0_n_96.  Did not re-place instance design_1_i/gemv_q8_0_dma_top_0/inst/core/scaled_shifted[3][27]_i_5_psdsp
INFO: [Physopt 32-662] Processed net design_1_i/gemv_q8_0_dma_top_0/inst/core/scaled_shifted[15][0]_i_70_n_0.  Did not re-place instance design_1_i/gemv_q8_0_dma_top_0/inst/core/scaled_shifted[15][0]_i_70
INFO: [Physopt 32-662] Processed net design_1_i/gemv_q8_0_dma_top_0/inst/core/scaled_shifted[3][27]_i_5_n_0.  Did not re-place instance design_1_i/gemv_q8_0_dma_top_0/inst/core/scaled_shifted[3][27]_i_5
INFO: [Physopt 32-662] Processed net design_1_i/gemv_q8_0_dma_top_0/inst/core/scaled_product_reg[3]__0_n_99.  Did not re-place instance design_1_i/gemv_q8_0_dma_top_0/inst/core/scaled_shifted[3][23]_i_4_psdsp
INFO: [Physopt 32-662] Processed net design_1_i/gemv_q8_0_dma_top_0/inst/core/scaled_shifted[3][23]_i_4_n_0.  Did not re-place instance design_1_i/gemv_q8_0_dma_top_0/inst/core/scaled_shifted[3][23]_i_4
INFO: [Physopt 32-662] Processed net design_1_i/gemv_q8_0_dma_top_0/inst/core/scaled_shifted[3][63]_i_43_n_0.  Did not re-place instance design_1_i/gemv_q8_0_dma_top_0/inst/core/scaled_shifted[3][63]_i_43
INFO: [Physopt 32-662] Processed net design_1_i/gemv_q8_0_dma_top_0/inst/core/scaled_product_reg_n_0_[1][1].  Did not re-place instance design_1_i/gemv_q8_0_dma_top_0/inst/core/scaled_product_reg[1][1]
INFO: [Physopt 32-662] Processed net design_1_i/gemv_q8_0_dma_top_0/inst/core/scaled_shifted[1][0]_i_97_n_0.  Did not re-place instance design_1_i/gemv_q8_0_dma_top_0/inst/core/scaled_shifted[1][0]_i_97
INFO: [Physopt 32-662] Processed net design_1_i/gemv_q8_0_dma_top_0/inst/core/scaled_shifted[12][0]_i_14_n_0.  Did not re-place instance design_1_i/gemv_q8_0_dma_top_0/inst/core/scaled_shifted[12][0]_i_14
INFO: [Physopt 32-663] Processed net design_1_i/gemv_q8_0_dma_top_0/inst/core/scaled_product_reg[3]__0_n_94.  Re-placed instance design_1_i/gemv_q8_0_dma_top_0/inst/core/scaled_shifted[3][31]_i_7_psdsp
INFO: [Physopt 32-662] Processed net design_1_i/gemv_q8_0_dma_top_0/inst/core/scaled_shifted[12][0]_i_6_n_0.  Did not re-place instance design_1_i/gemv_q8_0_dma_top_0/inst/core/scaled_shifted[12][0]_i_6
INFO: [Physopt 32-662] Processed net design_1_i/gemv_q8_0_dma_top_0/inst/core/scaled_shifted[15][0]_i_67_n_0.  Did not re-place instance design_1_i/gemv_q8_0_dma_top_0/inst/core/scaled_shifted[15][0]_i_67
INFO: [Physopt 32-662] Processed net design_1_i/gemv_q8_0_dma_top_0/inst/core/scaled_shifted[3][31]_i_7_n_0.  Did not re-place instance design_1_i/gemv_q8_0_dma_top_0/inst/core/scaled_shifted[3][31]_i_7
INFO: [Physopt 32-662] Processed net design_1_i/gemv_q8_0_dma_top_0/inst/core/scaled_shifted[12][0]_i_10_n_0.  Did not re-place instance design_1_i/gemv_q8_0_dma_top_0/inst/core/scaled_shifted[12][0]_i_10
INFO: [Physopt 32-662] Processed net design_1_i/gemv_q8_0_dma_top_0/inst/core/scaled_shifted[1][0]_i_45_n_0.  Did not re-place instance design_1_i/gemv_q8_0_dma_top_0/inst/core/scaled_shifted[1][0]_i_45
INFO: [Physopt 32-662] Processed net design_1_i/gemv_q8_0_dma_top_0/inst/core/scaled_shifted[15][0]_i_62_n_0.  Did not re-place instance design_1_i/gemv_q8_0_dma_top_0/inst/core/scaled_shifted[15][0]_i_62
INFO: [Physopt 32-662] Processed net design_1_i/gemv_q8_0_dma_top_0/inst/core/scaled_product_reg[1]__0_n_99.  Did not re-place instance design_1_i/gemv_q8_0_dma_top_0/inst/core/scaled_shifted[1][23]_i_4_psdsp
INFO: [Physopt 32-662] Processed net design_1_i/gemv_q8_0_dma_top_0/inst/core/scaled_shifted[1][23]_i_4_n_0.  Did not re-place instance design_1_i/gemv_q8_0_dma_top_0/inst/core/scaled_shifted[1][23]_i_4
INFO: [Physopt 32-662] Processed net design_1_i/gemv_q8_0_dma_top_0/inst/core/scaled_shifted[1][0]_i_137_n_0.  Did not re-place instance design_1_i/gemv_q8_0_dma_top_0/inst/core/scaled_shifted[1][0]_i_137
INFO: [Physopt 32-662] Processed net design_1_i/gemv_q8_0_dma_top_0/inst/core/scaled_shifted[1][0]_i_84_n_0.  Did not re-place instance design_1_i/gemv_q8_0_dma_top_0/inst/core/scaled_shifted[1][0]_i_84
INFO: [Physopt 32-662] Processed net design_1_i/gemv_q8_0_dma_top_0/inst/core/scaled_shifted[15][0]_i_74_n_0.  Did not re-place instance design_1_i/gemv_q8_0_dma_top_0/inst/core/scaled_shifted[15][0]_i_74
INFO: [Physopt 32-662] Processed net design_1_i/gemv_q8_0_dma_top_0/inst/core/scaled_shifted[2][0]_i_64_n_0.  Did not re-place instance design_1_i/gemv_q8_0_dma_top_0/inst/core/scaled_shifted[2][0]_i_64
INFO: [Physopt 32-662] Processed net design_1_i/gemv_q8_0_dma_top_0/inst/core/scaled_shifted[15][0]_i_94_n_0.  Did not re-place instance design_1_i/gemv_q8_0_dma_top_0/inst/core/scaled_shifted[15][0]_i_94
INFO: [Physopt 32-662] Processed net design_1_i/gemv_q8_0_dma_top_0/inst/core/scaled_shifted[12][8]_i_14_n_0.  Did not re-place instance design_1_i/gemv_q8_0_dma_top_0/inst/core/scaled_shifted[12][8]_i_14
INFO: [Physopt 32-662] Processed net design_1_i/gemv_q8_0_dma_top_0/inst/core/scaled_shifted[12][4]_i_12_n_0.  Did not re-place instance design_1_i/gemv_q8_0_dma_top_0/inst/core/scaled_shifted[12][4]_i_12
INFO: [Physopt 32-662] Processed net design_1_i/gemv_q8_0_dma_top_0/inst/core/scaled_shifted[12][4]_i_9_n_0.  Did not re-place instance design_1_i/gemv_q8_0_dma_top_0/inst/core/scaled_shifted[12][4]_i_9
INFO: [Physopt 32-662] Processed net design_1_i/gemv_q8_0_dma_top_0/inst/core/scaled_shifted[3][0]_i_52_n_0.  Did not re-place instance design_1_i/gemv_q8_0_dma_top_0/inst/core/scaled_shifted[3][0]_i_52
INFO: [Physopt 32-662] Processed net design_1_i/gemv_q8_0_dma_top_0/inst/core/scaled_shifted[15][0]_i_6_n_0.  Did not re-place instance design_1_i/gemv_q8_0_dma_top_0/inst/core/scaled_shifted[15][0]_i_6
INFO: [Physopt 32-662] Processed net design_1_i/gemv_q8_0_dma_top_0/inst/core/scaled_shifted[1][0]_i_105_n_0.  Did not re-place instance design_1_i/gemv_q8_0_dma_top_0/inst/core/scaled_shifted[1][0]_i_105
INFO: [Physopt 32-662] Processed net design_1_i/gemv_q8_0_dma_top_0/inst/core/scaled_shifted[1][63]_i_56_n_0.  Did not re-place instance design_1_i/gemv_q8_0_dma_top_0/inst/core/scaled_shifted[1][63]_i_56
INFO: [Physopt 32-662] Processed net design_1_i/gemv_q8_0_dma_top_0/inst/core/scaled_shifted[15][0]_i_82_n_0.  Did not re-place instance design_1_i/gemv_q8_0_dma_top_0/inst/core/scaled_shifted[15][0]_i_82
INFO: [Physopt 32-662] Processed net design_1_i/gemv_q8_0_dma_top_0/inst/core/scaled_shifted[3][0]_i_80_n_0.  Did not re-place instance design_1_i/gemv_q8_0_dma_top_0/inst/core/scaled_shifted[3][0]_i_80
INFO: [Physopt 32-662] Processed net design_1_i/gemv_q8_0_dma_top_0/inst/core/scaled_shifted[3][54]_i_1_n_0.  Did not re-place instance design_1_i/gemv_q8_0_dma_top_0/inst/core/scaled_shifted[3][54]_i_1
INFO: [Physopt 32-662] Processed net design_1_i/gemv_q8_0_dma_top_0/inst/core/scaled_shifted[3][54]_i_2_n_0.  Did not re-place instance design_1_i/gemv_q8_0_dma_top_0/inst/core/scaled_shifted[3][54]_i_2
INFO: [Physopt 32-662] Processed net design_1_i/gemv_q8_0_dma_top_0/inst/core/scaled_shifted_reg[3]_5[54].  Did not re-place instance design_1_i/gemv_q8_0_dma_top_0/inst/core/scaled_shifted_reg[3][54]
INFO: [Physopt 32-662] Processed net design_1_i/gemv_q8_0_dma_top_0/inst/core/scaled_shifted[1][0]_i_110_n_0.  Did not re-place instance design_1_i/gemv_q8_0_dma_top_0/inst/core/scaled_shifted[1][0]_i_110
INFO: [Physopt 32-662] Processed net design_1_i/gemv_q8_0_dma_top_0/inst/core/scaled_shifted[14][0]_i_10_n_0.  Did not re-place instance design_1_i/gemv_q8_0_dma_top_0/inst/core/scaled_shifted[14][0]_i_10
INFO: [Physopt 32-662] Processed net design_1_i/gemv_q8_0_dma_top_0/inst/core/scaled_shifted[14][0]_i_5_n_0.  Did not re-place instance design_1_i/gemv_q8_0_dma_top_0/inst/core/scaled_shifted[14][0]_i_5
INFO: [Physopt 32-661] Optimized 2 nets.  Re-placed 2 instances.
INFO: [Physopt 32-775] End 1 Pass. Optimized 2 nets or cells. Created 0 new cell, deleted 0 existing cell and moved 2 existing cells
INFO: [Physopt 32-619] Estimated Timing Summary | WNS=-0.171 | TNS=-0.779 |
Netlist sorting complete. Time (s): cpu = 00:00:00.07 ; elapsed = 00:00:00.03 . Memory (MB): peak = 3135.762 ; gain = 0.000 ; free physical = 52049 ; free virtual = 64081
Phase 9 Single Cell Placement Optimization | Checksum: 1601b31b4

Time (s): cpu = 00:02:19 ; elapsed = 00:00:30 . Memory (MB): peak = 3135.762 ; gain = 0.000 ; free physical = 52049 ; free virtual = 64081

Phase 10 Multi Cell Placement Optimization
INFO: [Physopt 32-660] Identified 100 candidate nets for placement-based optimization.
INFO: [Physopt 32-662] Processed net design_1_i/gemv_q8_0_dma_top_0/inst/core/scaled_shifted[3][0]_i_16_n_0.  Did not re-place instance design_1_i/gemv_q8_0_dma_top_0/inst/core/scaled_shifted[3][0]_i_16/O
INFO: [Physopt 32-662] Processed net design_1_i/gemv_q8_0_dma_top_0/inst/core/scaled_product_reg[3]__0_n_105.  Did not re-place instance design_1_i/gemv_q8_0_dma_top_0/inst/core/scaled_shifted[3][19]_i_6_psdsp/Q
INFO: [Physopt 32-662] Processed net design_1_i/gemv_q8_0_dma_top_0/inst/core/scaled_shifted[3][4]_i_12_n_0.  Did not re-place instance design_1_i/gemv_q8_0_dma_top_0/inst/core/scaled_shifted[3][4]_i_12/O
INFO: [Physopt 32-662] Processed net design_1_i/gemv_q8_0_dma_top_0/inst/core/scaled_shifted[3][4]_i_13_n_0.  Did not re-place instance design_1_i/gemv_q8_0_dma_top_0/inst/core/scaled_shifted[3][4]_i_13/O
INFO: [Physopt 32-662] Processed net design_1_i/gemv_q8_0_dma_top_0/inst/core/scaled_shifted[3][56]_i_1_n_0.  Did not re-place instance design_1_i/gemv_q8_0_dma_top_0/inst/core/scaled_shifted[3][56]_i_1/O
INFO: [Physopt 32-662] Processed net design_1_i/gemv_q8_0_dma_top_0/inst/core/scaled_shifted[3][56]_i_2_n_0.  Did not re-place instance design_1_i/gemv_q8_0_dma_top_0/inst/core/scaled_shifted[3][56]_i_2/O
INFO: [Physopt 32-662] Processed net design_1_i/gemv_q8_0_dma_top_0/inst/core/scaled_shifted[1][0]_i_5_n_0.  Did not re-place instance design_1_i/gemv_q8_0_dma_top_0/inst/core/scaled_shifted[1][0]_i_5/O
INFO: [Physopt 32-662] Processed net design_1_i/gemv_q8_0_dma_top_0/inst/core/scaled_shifted[1][0]_i_10_n_0.  Did not re-place instance design_1_i/gemv_q8_0_dma_top_0/inst/core/scaled_shifted[1][0]_i_10/O
INFO: [Physopt 32-662] Processed net design_1_i/gemv_q8_0_dma_top_0/inst/core/scaled_product_reg[1]__0_n_105.  Did not re-place instance design_1_i/gemv_q8_0_dma_top_0/inst/core/scaled_shifted[1][19]_i_6_psdsp/Q
INFO: [Physopt 32-662] Processed net design_1_i/gemv_q8_0_dma_top_0/inst/core/scaled_shifted[1][62]_i_1_n_0.  Did not re-place instance design_1_i/gemv_q8_0_dma_top_0/inst/core/scaled_shifted[1][62]_i_1/O
INFO: [Physopt 32-662] Processed net design_1_i/gemv_q8_0_dma_top_0/inst/core/scaled_shifted[1][62]_i_2_n_0.  Did not re-place instance design_1_i/gemv_q8_0_dma_top_0/inst/core/scaled_shifted[1][62]_i_2/O
INFO: [Physopt 32-662] Processed net design_1_i/gemv_q8_0_dma_top_0/inst/core/scaled_shifted[1][53]_i_1_n_0.  Did not re-place instance design_1_i/gemv_q8_0_dma_top_0/inst/core/scaled_shifted[1][53]_i_1/O
INFO: [Physopt 32-662] Processed net design_1_i/gemv_q8_0_dma_top_0/inst/core/scaled_shifted[1][53]_i_2_n_0.  Did not re-place instance design_1_i/gemv_q8_0_dma_top_0/inst/core/scaled_shifted[1][53]_i_2/O
INFO: [Physopt 32-662] Processed net design_1_i/gemv_q8_0_dma_top_0/inst/core/scaled_product_reg_n_0_[3][0].  Did not re-place instance design_1_i/gemv_q8_0_dma_top_0/inst/core/scaled_product_reg[3][0]/Q
INFO: [Physopt 32-662] Processed net design_1_i/gemv_q8_0_dma_top_0/inst/core/scaled_shifted[1][0]_i_16_n_0.  Did not re-place instance design_1_i/gemv_q8_0_dma_top_0/inst/core/scaled_shifted[1][0]_i_16/O
INFO: [Physopt 32-662] Processed net design_1_i/gemv_q8_0_dma_top_0/inst/core/scaled_shifted[1][0]_i_6_n_0.  Did not re-place instance design_1_i/gemv_q8_0_dma_top_0/inst/core/scaled_shifted[1][0]_i_6/O
INFO: [Physopt 32-662] Processed net design_1_i/gemv_q8_0_dma_top_0/inst/core/scaled_shifted[1][55]_i_1_n_0.  Did not re-place instance design_1_i/gemv_q8_0_dma_top_0/inst/core/scaled_shifted[1][55]_i_1/O
INFO: [Physopt 32-662] Processed net design_1_i/gemv_q8_0_dma_top_0/inst/core/scaled_shifted[1][55]_i_3_n_0.  Did not re-place instance design_1_i/gemv_q8_0_dma_top_0/inst/core/scaled_shifted[1][55]_i_3/O
INFO: [Physopt 32-662] Processed net design_1_i/gemv_q8_0_dma_top_0/inst/core/scaled_product_reg[1]__0_n_102.  Did not re-place instance design_1_i/gemv_q8_0_dma_top_0/inst/core/scaled_shifted[1][23]_i_7_psdsp/Q
INFO: [Physopt 32-662] Processed net design_1_i/gemv_q8_0_dma_top_0/inst/core/scaled_shifted[3][0]_i_14_n_0.  Did not re-place instance design_1_i/gemv_q8_0_dma_top_0/inst/core/scaled_shifted[3][0]_i_14/O
INFO: [Physopt 32-662] Processed net design_1_i/gemv_q8_0_dma_top_0/inst/core/scaled_shifted[3][0]_i_6_n_0.  Did not re-place instance design_1_i/gemv_q8_0_dma_top_0/inst/core/scaled_shifted[3][0]_i_6/O
INFO: [Physopt 32-662] Processed net design_1_i/gemv_q8_0_dma_top_0/inst/core/scaled_product_reg[1]__0_n_104.  Did not re-place instance design_1_i/gemv_q8_0_dma_top_0/inst/core/scaled_shifted[1][19]_i_5_psdsp/Q
INFO: [Physopt 32-662] Processed net design_1_i/gemv_q8_0_dma_top_0/inst/core/scaled_shifted[1][0]_i_11_n_0.  Did not re-place instance design_1_i/gemv_q8_0_dma_top_0/inst/core/scaled_shifted[1][0]_i_11/O
INFO: [Physopt 32-662] Processed net design_1_i/gemv_q8_0_dma_top_0/inst/core/scaled_shifted[1][4]_i_12_n_0.  Did not re-place instance design_1_i/gemv_q8_0_dma_top_0/inst/core/scaled_shifted[1][4]_i_12/O
INFO: [Physopt 32-662] Processed net design_1_i/gemv_q8_0_dma_top_0/inst/core/scaled_shifted[3][58]_i_1_n_0.  Did not re-place instance design_1_i/gemv_q8_0_dma_top_0/inst/core/scaled_shifted[3][58]_i_1/O
INFO: [Physopt 32-662] Processed net design_1_i/gemv_q8_0_dma_top_0/inst/core/scaled_shifted[3][58]_i_2_n_0.  Did not re-place instance design_1_i/gemv_q8_0_dma_top_0/inst/core/scaled_shifted[3][58]_i_2/O
INFO: [Physopt 32-662] Processed net design_1_i/gemv_q8_0_dma_top_0/inst/core/scaled_product_reg[3]__0_n_101.  Did not re-place instance design_1_i/gemv_q8_0_dma_top_0/inst/core/scaled_shifted[3][23]_i_6_psdsp/Q
INFO: [Physopt 32-662] Processed net design_1_i/gemv_q8_0_dma_top_0/inst/core/scaled_product_reg[1]__0_n_101.  Did not re-place instance design_1_i/gemv_q8_0_dma_top_0/inst/core/scaled_shifted[1][23]_i_6_psdsp/Q
INFO: [Physopt 32-662] Processed net design_1_i/gemv_q8_0_dma_top_0/inst/core/scaled_shifted[3][0]_i_5_n_0.  Did not re-place instance design_1_i/gemv_q8_0_dma_top_0/inst/core/scaled_shifted[3][0]_i_5/O
INFO: [Physopt 32-662] Processed net design_1_i/gemv_q8_0_dma_top_0/inst/core/scaled_shifted[3][0]_i_12_n_0.  Did not re-place instance design_1_i/gemv_q8_0_dma_top_0/inst/core/scaled_shifted[3][0]_i_12/O
INFO: [Physopt 32-662] Processed net design_1_i/gemv_q8_0_dma_top_0/inst/core/scaled_shifted[3][0]_i_10_n_0.  Did not re-place instance design_1_i/gemv_q8_0_dma_top_0/inst/core/scaled_shifted[3][0]_i_10/O
INFO: [Physopt 32-662] Processed net design_1_i/gemv_q8_0_dma_top_0/inst/core/scaled_product_reg[3]__0_n_100.  Did not re-place instance design_1_i/gemv_q8_0_dma_top_0/inst/core/scaled_shifted[3][23]_i_5_psdsp/Q
INFO: [Physopt 32-662] Processed net design_1_i/gemv_q8_0_dma_top_0/inst/core/scale_shift_reg_reg[3]_rep__7_n_0.  Did not re-place instance design_1_i/gemv_q8_0_dma_top_0/inst/core/scale_shift_reg_reg[3]_rep__7/Q
INFO: [Physopt 32-662] Processed net design_1_i/gemv_q8_0_dma_top_0/inst/core/scale_shift_reg_reg[4]_rep__16_n_0.  Did not re-place instance design_1_i/gemv_q8_0_dma_top_0/inst/core/scale_shift_reg_reg[4]_rep__16/Q
INFO: [Physopt 32-662] Processed net design_1_i/gemv_q8_0_dma_top_0/inst/core/scaled_shifted[1][0]_i_143_n_0.  Did not re-place instance design_1_i/gemv_q8_0_dma_top_0/inst/core/scaled_shifted[1][0]_i_143/O
INFO: [Physopt 32-662] Processed net design_1_i/gemv_q8_0_dma_top_0/inst/core/scaled_shifted[14][0]_i_16_n_0.  Did not re-place instance design_1_i/gemv_q8_0_dma_top_0/inst/core/scaled_shifted[14][0]_i_16/O
INFO: [Physopt 32-662] Processed net design_1_i/gemv_q8_0_dma_top_0/inst/core/scaled_shifted[14][4]_i_12_n_0.  Did not re-place instance design_1_i/gemv_q8_0_dma_top_0/inst/core/scaled_shifted[14][4]_i_12/O
INFO: [Physopt 32-662] Processed net design_1_i/gemv_q8_0_dma_top_0/inst/core/scaled_shifted[14][4]_i_13_n_0.  Did not re-place instance design_1_i/gemv_q8_0_dma_top_0/inst/core/scaled_shifted[14][4]_i_13/O
INFO: [Physopt 32-662] Processed net design_1_i/gemv_q8_0_dma_top_0/inst/core/scaled_shifted[14][58]_i_1_n_0.  Did not re-place instance design_1_i/gemv_q8_0_dma_top_0/inst/core/scaled_shifted[14][58]_i_1/O
INFO: [Physopt 32-662] Processed net design_1_i/gemv_q8_0_dma_top_0/inst/core/scaled_shifted[14][58]_i_2_n_0.  Did not re-place instance design_1_i/gemv_q8_0_dma_top_0/inst/core/scaled_shifted[14][58]_i_2/O
INFO: [Physopt 32-662] Processed net design_1_i/gemv_q8_0_dma_top_0/inst/core/scaled_shifted[1][57]_i_1_n_0.  Did not re-place instance design_1_i/gemv_q8_0_dma_top_0/inst/core/scaled_shifted[1][57]_i_1/O
INFO: [Physopt 32-662] Processed net design_1_i/gemv_q8_0_dma_top_0/inst/core/scaled_shifted[1][57]_i_2_n_0.  Did not re-place instance design_1_i/gemv_q8_0_dma_top_0/inst/core/scaled_shifted[1][57]_i_2/O
INFO: [Physopt 32-662] Processed net design_1_i/gemv_q8_0_dma_top_0/inst/core/scaled_shifted[1][0]_i_15_n_0.  Did not re-place instance design_1_i/gemv_q8_0_dma_top_0/inst/core/scaled_shifted[1][0]_i_15/O
INFO: [Physopt 32-662] Processed net design_1_i/gemv_q8_0_dma_top_0/inst/core/scaled_shifted[15][0]_i_16_n_0.  Did not re-place instance design_1_i/gemv_q8_0_dma_top_0/inst/core/scaled_shifted[15][0]_i_16/O
INFO: [Physopt 32-662] Processed net design_1_i/gemv_q8_0_dma_top_0/inst/core/scaled_product_reg[15]__0_n_105.  Did not re-place instance design_1_i/gemv_q8_0_dma_top_0/inst/core/scaled_shifted[15][19]_i_6_psdsp/Q
INFO: [Physopt 32-662] Processed net design_1_i/gemv_q8_0_dma_top_0/inst/core/scaled_product_reg[1]__0_n_103.  Did not re-place instance design_1_i/gemv_q8_0_dma_top_0/inst/core/scaled_shifted[1][19]_i_4_psdsp/Q
INFO: [Physopt 32-662] Processed net design_1_i/gemv_q8_0_dma_top_0/inst/core/data1__1[62].  Did not re-place instance design_1_i/gemv_q8_0_dma_top_0/inst/core/scaled_shifted[15][62]_i_2/O
INFO: [Physopt 32-662] Processed net design_1_i/gemv_q8_0_dma_top_0/inst/core/round_shift_i64__2[62].  Did not re-place instance design_1_i/gemv_q8_0_dma_top_0/inst/core/scaled_shifted[15][62]_i_1/O
INFO: [Physopt 32-662] Processed net design_1_i/gemv_q8_0_dma_top_0/inst/core/scaled_shifted[15][4]_i_12_n_0.  Did not re-place instance design_1_i/gemv_q8_0_dma_top_0/inst/core/scaled_shifted[15][4]_i_12/O
INFO: [Physopt 32-662] Processed net design_1_i/gemv_q8_0_dma_top_0/inst/core/scaled_shifted[15][4]_i_13_n_0.  Did not re-place instance design_1_i/gemv_q8_0_dma_top_0/inst/core/scaled_shifted[15][4]_i_13/O
INFO: [Physopt 32-662] Processed net design_1_i/gemv_q8_0_dma_top_0/inst/core/scaled_product_reg[3]__0_n_104.  Did not re-place instance design_1_i/gemv_q8_0_dma_top_0/inst/core/scaled_shifted[3][19]_i_5_psdsp/Q
INFO: [Physopt 32-661] Optimized 0 net.  Re-placed 0 instance.
INFO: [Physopt 32-775] End 1 Pass. Optimized 0 net or cell. Created 0 new cell, deleted 0 existing cell and moved 0 existing cell
Netlist sorting complete. Time (s): cpu = 00:00:00.01 ; elapsed = 00:00:00.01 . Memory (MB): peak = 3135.762 ; gain = 0.000 ; free physical = 52040 ; free virtual = 64075
Phase 10 Multi Cell Placement Optimization | Checksum: c14e2c3d

Time (s): cpu = 00:02:31 ; elapsed = 00:00:32 . Memory (MB): peak = 3135.762 ; gain = 0.000 ; free physical = 52032 ; free virtual = 64067

Phase 11 Rewire
INFO: [Physopt 32-246] Starting Signal Push optimization...
INFO: [Physopt 32-241] No nets found for rewiring () optimization.
INFO: [Physopt 32-232] Optimized 0 net. Created 0 new instance.
INFO: [Physopt 32-775] End 1 Pass. Optimized 0 net or cell. Created 0 new cell, deleted 0 existing cell and moved 0 existing cell
Netlist sorting complete. Time (s): cpu = 00:00:00.01 ; elapsed = 00:00:00 . Memory (MB): peak = 3135.762 ; gain = 0.000 ; free physical = 52041 ; free virtual = 64076
Phase 11 Rewire | Checksum: c14e2c3d

Time (s): cpu = 00:02:31 ; elapsed = 00:00:32 . Memory (MB): peak = 3135.762 ; gain = 0.000 ; free physical = 52041 ; free virtual = 64076

Phase 12 Critical Cell Optimization
INFO: [Physopt 32-46] Identified 30 candidate nets for critical-cell optimization.
INFO: [Physopt 32-571] Net design_1_i/gemv_q8_0_dma_top_0/inst/core/scaled_shifted[2][24]_i_16_n_0 was not replicated.
INFO: [Physopt 32-571] Net design_1_i/gemv_q8_0_dma_top_0/inst/core/scaled_shifted[14][0]_i_15_n_0 was not replicated.
INFO: [Physopt 32-571] Net design_1_i/gemv_q8_0_dma_top_0/inst/core/scaled_shifted[14][4]_i_5_n_0 was not replicated.
INFO: [Physopt 32-571] Net design_1_i/gemv_q8_0_dma_top_0/inst/core/scaled_product_reg[3]__0_n_103 was not replicated.
INFO: [Physopt 32-571] Net design_1_i/gemv_q8_0_dma_top_0/inst/core/scaled_shifted[1][0]_i_14_n_0 was not replicated.
INFO: [Physopt 32-571] Net design_1_i/gemv_q8_0_dma_top_0/inst/core/scaled_shifted[1][8]_i_14_n_0 was not replicated.
INFO: [Physopt 32-571] Net design_1_i/gemv_q8_0_dma_top_0/inst/core/scaled_product_reg[15]__0_n_101 was not replicated.
INFO: [Physopt 32-571] Net design_1_i/gemv_q8_0_dma_top_0/inst/core/scaled_shifted[1][0]_i_12_n_0 was not replicated.
INFO: [Physopt 32-571] Net design_1_i/gemv_q8_0_dma_top_0/inst/core/scaled_shifted[12][0]_i_12_n_0 was not replicated.
INFO: [Physopt 32-571] Net design_1_i/gemv_q8_0_dma_top_0/inst/core/scaled_shifted[12][0]_i_5_n_0 was not replicated.
INFO: [Physopt 32-571] Net design_1_i/gemv_q8_0_dma_top_0/inst/core/scaled_shifted[12][4]_i_5_n_0 was not replicated.
INFO: [Physopt 32-571] Net design_1_i/gemv_q8_0_dma_top_0/inst/core/scaled_shifted[14][0]_i_14_n_0 was not replicated.
INFO: [Physopt 32-571] Net design_1_i/gemv_q8_0_dma_top_0/inst/core/scaled_product_reg[15]__0_n_102 was not replicated.
INFO: [Physopt 32-571] Net design_1_i/gemv_q8_0_dma_top_0/inst/core/scaled_shifted[14][8]_i_14_n_0 was not replicated.
INFO: [Physopt 32-571] Net design_1_i/gemv_q8_0_dma_top_0/inst/core/scaled_product_reg[1]__0_n_97 was not replicated.
INFO: [Physopt 32-571] Net design_1_i/gemv_q8_0_dma_top_0/inst/core/scaled_product_reg[3]__0_n_97 was not replicated.
INFO: [Physopt 32-571] Net design_1_i/gemv_q8_0_dma_top_0/inst/core/scaled_shifted[1][0]_i_17_n_0 was not replicated.
INFO: [Physopt 32-571] Net design_1_i/gemv_q8_0_dma_top_0/inst/core/scaled_shifted[1][0]_i_18_n_0 was not replicated.
INFO: [Physopt 32-571] Net design_1_i/gemv_q8_0_dma_top_0/inst/core/scaled_shifted[1][0]_i_7_n_0 was not replicated.
INFO: [Physopt 32-571] Net design_1_i/gemv_q8_0_dma_top_0/inst/core/scaled_product_reg[3]__0_n_96 was not replicated.
INFO: [Physopt 32-571] Net design_1_i/gemv_q8_0_dma_top_0/inst/core/scaled_product_reg[3]__0_n_99 was not replicated.
INFO: [Physopt 32-571] Net design_1_i/gemv_q8_0_dma_top_0/inst/core/scaled_shifted[12][0]_i_14_n_0 was not replicated.
INFO: [Physopt 32-571] Net design_1_i/gemv_q8_0_dma_top_0/inst/core/scaled_shifted[12][0]_i_10_n_0 was not replicated.
INFO: [Physopt 32-571] Net design_1_i/gemv_q8_0_dma_top_0/inst/core/scaled_product_reg[1]__0_n_99 was not replicated.
INFO: [Physopt 32-571] Net design_1_i/gemv_q8_0_dma_top_0/inst/core/scaled_shifted[12][8]_i_14_n_0 was not replicated.
INFO: [Physopt 32-571] Net design_1_i/gemv_q8_0_dma_top_0/inst/core/scaled_shifted[14][0]_i_10_n_0 was not replicated.
INFO: [Physopt 32-571] Net design_1_i/gemv_q8_0_dma_top_0/inst/core/scaled_shifted[14][0]_i_5_n_0 was not replicated.
INFO: [Physopt 32-571] Net design_1_i/gemv_q8_0_dma_top_0/inst/core/scaled_shifted[2][16]_i_10_n_0 was not replicated.
INFO: [Physopt 32-232] Optimized 0 net. Created 0 new instance.
INFO: [Physopt 32-775] End 1 Pass. Optimized 0 net or cell. Created 0 new cell, deleted 0 existing cell and moved 0 existing cell
Phase 12 Critical Cell Optimization | Checksum: c14e2c3d

Time (s): cpu = 00:02:31 ; elapsed = 00:00:32 . Memory (MB): peak = 3135.762 ; gain = 0.000 ; free physical = 52039 ; free virtual = 64074

Phase 13 SLR Crossing Optimization
Phase 13 SLR Crossing Optimization | Checksum: c14e2c3d

Time (s): cpu = 00:02:32 ; elapsed = 00:00:32 . Memory (MB): peak = 3135.762 ; gain = 0.000 ; free physical = 52039 ; free virtual = 64074

Phase 14 Fanout Optimization
INFO: [Physopt 32-64] No nets found for fanout-optimization.
INFO: [Physopt 32-232] Optimized 0 net. Created 0 new instance.
INFO: [Physopt 32-775] End 1 Pass. Optimized 0 net or cell. Created 0 new cell, deleted 0 existing cell and moved 0 existing cell
Phase 14 Fanout Optimization | Checksum: c14e2c3d

Time (s): cpu = 00:02:32 ; elapsed = 00:00:32 . Memory (MB): peak = 3135.762 ; gain = 0.000 ; free physical = 52044 ; free virtual = 64078

Phase 15 Single Cell Placement Optimization
INFO: [Physopt 32-660] Identified 250 candidate nets for placement-based optimization.
INFO: [Physopt 32-662] Processed net design_1_i/gemv_q8_0_dma_top_0/inst/core/scaled_shifted[3][0]_i_16_n_0.  Did not re-place instance design_1_i/gemv_q8_0_dma_top_0/inst/core/scaled_shifted[3][0]_i_16
INFO: [Physopt 32-662] Processed net design_1_i/gemv_q8_0_dma_top_0/inst/core/scaled_product_reg[3]__0_n_105.  Did not re-place instance design_1_i/gemv_q8_0_dma_top_0/inst/core/scaled_shifted[3][19]_i_6_psdsp
INFO: [Physopt 32-662] Processed net design_1_i/gemv_q8_0_dma_top_0/inst/core/scaled_shifted[3][0]_i_54_n_0.  Did not re-place instance design_1_i/gemv_q8_0_dma_top_0/inst/core/scaled_shifted[3][0]_i_54
INFO: [Physopt 32-662] Processed net design_1_i/gemv_q8_0_dma_top_0/inst/core/scaled_shifted[3][19]_i_6_n_0.  Did not re-place instance design_1_i/gemv_q8_0_dma_top_0/inst/core/scaled_shifted[3][19]_i_6
INFO: [Physopt 32-662] Processed net design_1_i/gemv_q8_0_dma_top_0/inst/core/scaled_shifted[3][4]_i_12_n_0.  Did not re-place instance design_1_i/gemv_q8_0_dma_top_0/inst/core/scaled_shifted[3][4]_i_12
INFO: [Physopt 32-662] Processed net design_1_i/gemv_q8_0_dma_top_0/inst/core/scaled_shifted[3][4]_i_13_n_0.  Did not re-place instance design_1_i/gemv_q8_0_dma_top_0/inst/core/scaled_shifted[3][4]_i_13
INFO: [Physopt 32-662] Processed net design_1_i/gemv_q8_0_dma_top_0/inst/core/scaled_shifted[3][4]_i_9_n_0.  Did not re-place instance design_1_i/gemv_q8_0_dma_top_0/inst/core/scaled_shifted[3][4]_i_9
INFO: [Physopt 32-662] Processed net design_1_i/gemv_q8_0_dma_top_0/inst/core/scaled_shifted[3][56]_i_1_n_0.  Did not re-place instance design_1_i/gemv_q8_0_dma_top_0/inst/core/scaled_shifted[3][56]_i_1
INFO: [Physopt 32-662] Processed net design_1_i/gemv_q8_0_dma_top_0/inst/core/scaled_shifted[3][56]_i_2_n_0.  Did not re-place instance design_1_i/gemv_q8_0_dma_top_0/inst/core/scaled_shifted[3][56]_i_2
INFO: [Physopt 32-662] Processed net design_1_i/gemv_q8_0_dma_top_0/inst/core/scaled_shifted_reg[3]_5[56].  Did not re-place instance design_1_i/gemv_q8_0_dma_top_0/inst/core/scaled_shifted_reg[3][56]
INFO: [Physopt 32-662] Processed net design_1_i/gemv_q8_0_dma_top_0/inst/core/scaled_shifted[3][0]_i_82_n_0.  Did not re-place instance design_1_i/gemv_q8_0_dma_top_0/inst/core/scaled_shifted[3][0]_i_82
INFO: [Physopt 32-662] Processed net design_1_i/gemv_q8_0_dma_top_0/inst/core/scaled_shifted[1][0]_i_5_n_0.  Did not re-place instance design_1_i/gemv_q8_0_dma_top_0/inst/core/scaled_shifted[1][0]_i_5
INFO: [Physopt 32-662] Processed net design_1_i/gemv_q8_0_dma_top_0/inst/core/scaled_shifted[1][0]_i_10_n_0.  Did not re-place instance design_1_i/gemv_q8_0_dma_top_0/inst/core/scaled_shifted[1][0]_i_10
INFO: [Physopt 32-662] Processed net design_1_i/gemv_q8_0_dma_top_0/inst/core/scaled_product_reg[1]__0_n_105.  Did not re-place instance design_1_i/gemv_q8_0_dma_top_0/inst/core/scaled_shifted[1][19]_i_6_psdsp
INFO: [Physopt 32-662] Processed net design_1_i/gemv_q8_0_dma_top_0/inst/core/scaled_shifted[1][4]_i_5_n_0.  Did not re-place instance design_1_i/gemv_q8_0_dma_top_0/inst/core/scaled_shifted[1][0]_i_3
INFO: [Physopt 32-662] Processed net design_1_i/gemv_q8_0_dma_top_0/inst/core/scaled_shifted[1][0]_i_98_n_0.  Did not re-place instance design_1_i/gemv_q8_0_dma_top_0/inst/core/scaled_shifted[1][0]_i_98
INFO: [Physopt 32-662] Processed net design_1_i/gemv_q8_0_dma_top_0/inst/core/scaled_shifted[1][19]_i_6_n_0.  Did not re-place instance design_1_i/gemv_q8_0_dma_top_0/inst/core/scaled_shifted[1][19]_i_6
INFO: [Physopt 32-662] Processed net design_1_i/gemv_q8_0_dma_top_0/inst/core/scaled_shifted[1][62]_i_1_n_0.  Did not re-place instance design_1_i/gemv_q8_0_dma_top_0/inst/core/scaled_shifted[1][62]_i_1
INFO: [Physopt 32-662] Processed net design_1_i/gemv_q8_0_dma_top_0/inst/core/scaled_shifted[1][62]_i_2_n_0.  Did not re-place instance design_1_i/gemv_q8_0_dma_top_0/inst/core/scaled_shifted[1][62]_i_2
INFO: [Physopt 32-662] Processed net design_1_i/gemv_q8_0_dma_top_0/inst/core/scaled_shifted_reg[1]_1[62].  Did not re-place instance design_1_i/gemv_q8_0_dma_top_0/inst/core/scaled_shifted_reg[1][62]
INFO: [Physopt 32-662] Processed net design_1_i/gemv_q8_0_dma_top_0/inst/core/scaled_shifted[1][53]_i_1_n_0.  Did not re-place instance design_1_i/gemv_q8_0_dma_top_0/inst/core/scaled_shifted[1][53]_i_1
INFO: [Physopt 32-662] Processed net design_1_i/gemv_q8_0_dma_top_0/inst/core/scaled_shifted[1][53]_i_2_n_0.  Did not re-place instance design_1_i/gemv_q8_0_dma_top_0/inst/core/scaled_shifted[1][53]_i_2
INFO: [Physopt 32-662] Processed net design_1_i/gemv_q8_0_dma_top_0/inst/core/scaled_shifted_reg[1]_1[53].  Did not re-place instance design_1_i/gemv_q8_0_dma_top_0/inst/core/scaled_shifted_reg[1][53]
INFO: [Physopt 32-662] Processed net design_1_i/gemv_q8_0_dma_top_0/inst/core/scaled_shifted[1][0]_i_46_n_0.  Did not re-place instance design_1_i/gemv_q8_0_dma_top_0/inst/core/scaled_shifted[1][0]_i_46
INFO: [Physopt 32-662] Processed net design_1_i/gemv_q8_0_dma_top_0/inst/core/scaled_shifted[3][0]_i_74_n_0.  Did not re-place instance design_1_i/gemv_q8_0_dma_top_0/inst/core/scaled_shifted[3][0]_i_74
INFO: [Physopt 32-662] Processed net design_1_i/gemv_q8_0_dma_top_0/inst/core/scaled_shifted[1][0]_i_138_n_0.  Did not re-place instance design_1_i/gemv_q8_0_dma_top_0/inst/core/scaled_shifted[1][0]_i_138
INFO: [Physopt 32-662] Processed net design_1_i/gemv_q8_0_dma_top_0/inst/core/scaled_shifted[1][0]_i_82_n_0.  Did not re-place instance design_1_i/gemv_q8_0_dma_top_0/inst/core/scaled_shifted[1][0]_i_82
INFO: [Physopt 32-662] Processed net design_1_i/gemv_q8_0_dma_top_0/inst/core/scaled_shifted[1][0]_i_106_n_0.  Did not re-place instance design_1_i/gemv_q8_0_dma_top_0/inst/core/scaled_shifted[1][0]_i_106
INFO: [Physopt 32-662] Processed net design_1_i/gemv_q8_0_dma_top_0/inst/core/scaled_shifted[3][0]_i_42_n_0.  Did not re-place instance design_1_i/gemv_q8_0_dma_top_0/inst/core/scaled_shifted[3][0]_i_42
INFO: [Physopt 32-662] Processed net design_1_i/gemv_q8_0_dma_top_0/inst/core/scaled_shifted[1][0]_i_54_n_0.  Did not re-place instance design_1_i/gemv_q8_0_dma_top_0/inst/core/scaled_shifted[1][0]_i_54
INFO: [Physopt 32-662] Processed net design_1_i/gemv_q8_0_dma_top_0/inst/core/scaled_shifted[1][0]_i_122_n_0.  Did not re-place instance design_1_i/gemv_q8_0_dma_top_0/inst/core/scaled_shifted[1][0]_i_122
INFO: [Physopt 32-662] Processed net design_1_i/gemv_q8_0_dma_top_0/inst/core/scaled_shifted[3][0]_i_47_n_0.  Did not re-place instance design_1_i/gemv_q8_0_dma_top_0/inst/core/scaled_shifted[3][0]_i_47
INFO: [Physopt 32-662] Processed net design_1_i/gemv_q8_0_dma_top_0/inst/core/scaled_product_reg_n_0_[3][0].  Did not re-place instance design_1_i/gemv_q8_0_dma_top_0/inst/core/scaled_product_reg[3][0]
INFO: [Physopt 32-662] Processed net design_1_i/gemv_q8_0_dma_top_0/inst/core/scaled_shifted[1][0]_i_16_n_0.  Did not re-place instance design_1_i/gemv_q8_0_dma_top_0/inst/core/scaled_shifted[1][0]_i_16
INFO: [Physopt 32-662] Processed net design_1_i/gemv_q8_0_dma_top_0/inst/core/scaled_shifted[1][0]_i_6_n_0.  Did not re-place instance design_1_i/gemv_q8_0_dma_top_0/inst/core/scaled_shifted[1][0]_i_6
INFO: [Physopt 32-662] Processed net design_1_i/gemv_q8_0_dma_top_0/inst/core/scaled_shifted[1][55]_i_1_n_0.  Did not re-place instance design_1_i/gemv_q8_0_dma_top_0/inst/core/scaled_shifted[1][55]_i_1
INFO: [Physopt 32-662] Processed net design_1_i/gemv_q8_0_dma_top_0/inst/core/scaled_shifted[1][55]_i_3_n_0.  Did not re-place instance design_1_i/gemv_q8_0_dma_top_0/inst/core/scaled_shifted[1][55]_i_3
INFO: [Physopt 32-662] Processed net design_1_i/gemv_q8_0_dma_top_0/inst/core/scaled_shifted_reg[1]_1[55].  Did not re-place instance design_1_i/gemv_q8_0_dma_top_0/inst/core/scaled_shifted_reg[1][55]
INFO: [Physopt 32-662] Processed net design_1_i/gemv_q8_0_dma_top_0/inst/core/scaled_product_reg[1]__0_n_102.  Did not re-place instance design_1_i/gemv_q8_0_dma_top_0/inst/core/scaled_shifted[1][23]_i_7_psdsp
INFO: [Physopt 32-662] Processed net design_1_i/gemv_q8_0_dma_top_0/inst/core/scaled_shifted[1][23]_i_7_n_0.  Did not re-place instance design_1_i/gemv_q8_0_dma_top_0/inst/core/scaled_shifted[1][23]_i_7
INFO: [Physopt 32-662] Processed net design_1_i/gemv_q8_0_dma_top_0/inst/core/scaled_shifted[3][0]_i_14_n_0.  Did not re-place instance design_1_i/gemv_q8_0_dma_top_0/inst/core/scaled_shifted[3][0]_i_14
INFO: [Physopt 32-662] Processed net design_1_i/gemv_q8_0_dma_top_0/inst/core/scaled_shifted[3][4]_i_5_n_0.  Did not re-place instance design_1_i/gemv_q8_0_dma_top_0/inst/core/scaled_shifted[3][0]_i_3
INFO: [Physopt 32-662] Processed net design_1_i/gemv_q8_0_dma_top_0/inst/core/scaled_shifted[3][0]_i_6_n_0.  Did not re-place instance design_1_i/gemv_q8_0_dma_top_0/inst/core/scaled_shifted[3][0]_i_6
INFO: [Physopt 32-662] Processed net design_1_i/gemv_q8_0_dma_top_0/inst/core/scaled_shifted[3][63]_i_42_n_0.  Did not re-place instance design_1_i/gemv_q8_0_dma_top_0/inst/core/scaled_shifted[3][63]_i_42
INFO: [Physopt 32-662] Processed net design_1_i/gemv_q8_0_dma_top_0/inst/core/scaled_product_reg[1]__0_n_104.  Did not re-place instance design_1_i/gemv_q8_0_dma_top_0/inst/core/scaled_shifted[1][19]_i_5_psdsp
INFO: [Physopt 32-662] Processed net design_1_i/gemv_q8_0_dma_top_0/inst/core/scaled_shifted[1][19]_i_5_n_0.  Did not re-place instance design_1_i/gemv_q8_0_dma_top_0/inst/core/scaled_shifted[1][19]_i_5
INFO: [Physopt 32-662] Processed net design_1_i/gemv_q8_0_dma_top_0/inst/core/scaled_shifted[1][0]_i_11_n_0.  Did not re-place instance design_1_i/gemv_q8_0_dma_top_0/inst/core/scaled_shifted[1][0]_i_11
INFO: [Physopt 32-662] Processed net design_1_i/gemv_q8_0_dma_top_0/inst/core/scaled_shifted[1][4]_i_12_n_0.  Did not re-place instance design_1_i/gemv_q8_0_dma_top_0/inst/core/scaled_shifted[1][4]_i_12
INFO: [Physopt 32-662] Processed net design_1_i/gemv_q8_0_dma_top_0/inst/core/scaled_shifted[1][4]_i_9_n_0.  Did not re-place instance design_1_i/gemv_q8_0_dma_top_0/inst/core/scaled_shifted[1][4]_i_9
INFO: [Physopt 32-662] Processed net design_1_i/gemv_q8_0_dma_top_0/inst/core/scaled_shifted[3][58]_i_1_n_0.  Did not re-place instance design_1_i/gemv_q8_0_dma_top_0/inst/core/scaled_shifted[3][58]_i_1
INFO: [Physopt 32-662] Processed net design_1_i/gemv_q8_0_dma_top_0/inst/core/scaled_shifted[3][58]_i_2_n_0.  Did not re-place instance design_1_i/gemv_q8_0_dma_top_0/inst/core/scaled_shifted[3][58]_i_2
INFO: [Physopt 32-662] Processed net design_1_i/gemv_q8_0_dma_top_0/inst/core/scaled_shifted_reg[3]_5[58].  Did not re-place instance design_1_i/gemv_q8_0_dma_top_0/inst/core/scaled_shifted_reg[3][58]
INFO: [Physopt 32-662] Processed net design_1_i/gemv_q8_0_dma_top_0/inst/core/scaled_shifted[1][0]_i_74_n_0.  Did not re-place instance design_1_i/gemv_q8_0_dma_top_0/inst/core/scaled_shifted[1][0]_i_74
INFO: [Physopt 32-662] Processed net design_1_i/gemv_q8_0_dma_top_0/inst/core/scaled_product_reg[3]__0_n_101.  Did not re-place instance design_1_i/gemv_q8_0_dma_top_0/inst/core/scaled_shifted[3][23]_i_6_psdsp
INFO: [Physopt 32-662] Processed net design_1_i/gemv_q8_0_dma_top_0/inst/core/scaled_shifted[3][23]_i_6_n_0.  Did not re-place instance design_1_i/gemv_q8_0_dma_top_0/inst/core/scaled_shifted[3][23]_i_6
INFO: [Physopt 32-662] Processed net design_1_i/gemv_q8_0_dma_top_0/inst/core/scaled_product_reg[1]__0_n_101.  Did not re-place instance design_1_i/gemv_q8_0_dma_top_0/inst/core/scaled_shifted[1][23]_i_6_psdsp
INFO: [Physopt 32-662] Processed net design_1_i/gemv_q8_0_dma_top_0/inst/core/scaled_shifted[1][23]_i_6_n_0.  Did not re-place instance design_1_i/gemv_q8_0_dma_top_0/inst/core/scaled_shifted[1][23]_i_6
INFO: [Physopt 32-662] Processed net design_1_i/gemv_q8_0_dma_top_0/inst/core/scaled_shifted[3][0]_i_5_n_0.  Did not re-place instance design_1_i/gemv_q8_0_dma_top_0/inst/core/scaled_shifted[3][0]_i_5
INFO: [Physopt 32-662] Processed net design_1_i/gemv_q8_0_dma_top_0/inst/core/scaled_shifted[3][0]_i_12_n_0.  Did not re-place instance design_1_i/gemv_q8_0_dma_top_0/inst/core/scaled_shifted[3][0]_i_12
INFO: [Physopt 32-662] Processed net design_1_i/gemv_q8_0_dma_top_0/inst/core/scaled_shifted[1][63]_i_43_n_0.  Did not re-place instance design_1_i/gemv_q8_0_dma_top_0/inst/core/scaled_shifted[1][63]_i_43
INFO: [Physopt 32-662] Processed net design_1_i/gemv_q8_0_dma_top_0/inst/core/scaled_product_reg[1][16]__0_n_0.  Did not re-place instance design_1_i/gemv_q8_0_dma_top_0/inst/core/scaled_product_reg[1][16]__0
INFO: [Physopt 32-662] Processed net design_1_i/gemv_q8_0_dma_top_0/inst/core/scaled_shifted[3][0]_i_10_n_0.  Did not re-place instance design_1_i/gemv_q8_0_dma_top_0/inst/core/scaled_shifted[3][0]_i_10
INFO: [Physopt 32-662] Processed net design_1_i/gemv_q8_0_dma_top_0/inst/core/scaled_shifted[1][0]_i_66_n_0.  Did not re-place instance design_1_i/gemv_q8_0_dma_top_0/inst/core/scaled_shifted[1][0]_i_66
INFO: [Physopt 32-662] Processed net design_1_i/gemv_q8_0_dma_top_0/inst/core/scaled_product_reg[3]__0_n_100.  Did not re-place instance design_1_i/gemv_q8_0_dma_top_0/inst/core/scaled_shifted[3][23]_i_5_psdsp
INFO: [Physopt 32-662] Processed net design_1_i/gemv_q8_0_dma_top_0/inst/core/scaled_shifted[3][23]_i_5_n_0.  Did not re-place instance design_1_i/gemv_q8_0_dma_top_0/inst/core/scaled_shifted[3][23]_i_5
INFO: [Physopt 32-662] Processed net design_1_i/gemv_q8_0_dma_top_0/inst/core/scale_shift_reg_reg[3]_rep__7_n_0.  Did not re-place instance design_1_i/gemv_q8_0_dma_top_0/inst/core/scale_shift_reg_reg[3]_rep__7
INFO: [Physopt 32-662] Processed net design_1_i/gemv_q8_0_dma_top_0/inst/core/scale_shift_reg_reg[4]_rep__16_n_0.  Did not re-place instance design_1_i/gemv_q8_0_dma_top_0/inst/core/scale_shift_reg_reg[4]_rep__16
INFO: [Physopt 32-662] Processed net design_1_i/gemv_q8_0_dma_top_0/inst/core/scaled_shifted[1][0]_i_143_n_0.  Did not re-place instance design_1_i/gemv_q8_0_dma_top_0/inst/core/scaled_shifted[1][0]_i_143
INFO: [Physopt 32-662] Processed net design_1_i/gemv_q8_0_dma_top_0/inst/core/scaled_shifted[14][0]_i_16_n_0.  Did not re-place instance design_1_i/gemv_q8_0_dma_top_0/inst/core/scaled_shifted[14][0]_i_16
INFO: [Physopt 32-662] Processed net design_1_i/gemv_q8_0_dma_top_0/inst/core/scaled_shifted[14][0]_i_95_n_0.  Did not re-place instance design_1_i/gemv_q8_0_dma_top_0/inst/core/scaled_shifted[14][0]_i_95
INFO: [Physopt 32-662] Processed net design_1_i/gemv_q8_0_dma_top_0/inst/core/scaled_shifted[14][4]_i_12_n_0.  Did not re-place instance design_1_i/gemv_q8_0_dma_top_0/inst/core/scaled_shifted[14][4]_i_12
INFO: [Physopt 32-662] Processed net design_1_i/gemv_q8_0_dma_top_0/inst/core/scaled_shifted[14][4]_i_13_n_0.  Did not re-place instance design_1_i/gemv_q8_0_dma_top_0/inst/core/scaled_shifted[14][4]_i_13
INFO: [Physopt 32-662] Processed net design_1_i/gemv_q8_0_dma_top_0/inst/core/scaled_shifted[14][4]_i_9_n_0.  Did not re-place instance design_1_i/gemv_q8_0_dma_top_0/inst/core/scaled_shifted[14][4]_i_9
INFO: [Physopt 32-662] Processed net design_1_i/gemv_q8_0_dma_top_0/inst/core/scaled_shifted[14][58]_i_1_n_0.  Did not re-place instance design_1_i/gemv_q8_0_dma_top_0/inst/core/scaled_shifted[14][58]_i_1
INFO: [Physopt 32-662] Processed net design_1_i/gemv_q8_0_dma_top_0/inst/core/scaled_shifted[14][58]_i_2_n_0.  Did not re-place instance design_1_i/gemv_q8_0_dma_top_0/inst/core/scaled_shifted[14][58]_i_2
INFO: [Physopt 32-662] Processed net design_1_i/gemv_q8_0_dma_top_0/inst/core/scaled_shifted[1][63]_i_55_n_0.  Did not re-place instance design_1_i/gemv_q8_0_dma_top_0/inst/core/scaled_shifted[1][63]_i_55
INFO: [Physopt 32-662] Processed net design_1_i/gemv_q8_0_dma_top_0/inst/core/scaled_shifted_reg_n_0_[14][58].  Did not re-place instance design_1_i/gemv_q8_0_dma_top_0/inst/core/scaled_shifted_reg[14][58]
INFO: [Physopt 32-662] Processed net design_1_i/gemv_q8_0_dma_top_0/inst/core/scaled_shifted[1][57]_i_1_n_0.  Did not re-place instance design_1_i/gemv_q8_0_dma_top_0/inst/core/scaled_shifted[1][57]_i_1
INFO: [Physopt 32-662] Processed net design_1_i/gemv_q8_0_dma_top_0/inst/core/scaled_shifted[1][57]_i_2_n_0.  Did not re-place instance design_1_i/gemv_q8_0_dma_top_0/inst/core/scaled_shifted[1][57]_i_2
INFO: [Physopt 32-662] Processed net design_1_i/gemv_q8_0_dma_top_0/inst/core/scaled_shifted_reg[1]_1[57].  Did not re-place instance design_1_i/gemv_q8_0_dma_top_0/inst/core/scaled_shifted_reg[1][57]
INFO: [Physopt 32-662] Processed net design_1_i/gemv_q8_0_dma_top_0/inst/core/scaled_shifted[1][0]_i_15_n_0.  Did not re-place instance design_1_i/gemv_q8_0_dma_top_0/inst/core/scaled_shifted[1][0]_i_15
INFO: [Physopt 32-662] Processed net design_1_i/gemv_q8_0_dma_top_0/inst/core/scaled_shifted[15][0]_i_16_n_0.  Did not re-place instance design_1_i/gemv_q8_0_dma_top_0/inst/core/scaled_shifted[15][0]_i_16
INFO: [Physopt 32-662] Processed net design_1_i/gemv_q8_0_dma_top_0/inst/core/scaled_product_reg[15]__0_n_105.  Did not re-place instance design_1_i/gemv_q8_0_dma_top_0/inst/core/scaled_shifted[15][19]_i_6_psdsp
INFO: [Physopt 32-662] Processed net design_1_i/gemv_q8_0_dma_top_0/inst/core/scaled_product_reg[1]__0_n_103.  Did not re-place instance design_1_i/gemv_q8_0_dma_top_0/inst/core/scaled_shifted[1][19]_i_4_psdsp
INFO: [Physopt 32-662] Processed net design_1_i/gemv_q8_0_dma_top_0/inst/core/data1__1[62].  Did not re-place instance design_1_i/gemv_q8_0_dma_top_0/inst/core/scaled_shifted[15][62]_i_2
INFO: [Physopt 32-662] Processed net design_1_i/gemv_q8_0_dma_top_0/inst/core/round_shift_i64__2[62].  Did not re-place instance design_1_i/gemv_q8_0_dma_top_0/inst/core/scaled_shifted[15][62]_i_1
INFO: [Physopt 32-662] Processed net design_1_i/gemv_q8_0_dma_top_0/inst/core/scaled_shifted[15][0]_i_58_n_0.  Did not re-place instance design_1_i/gemv_q8_0_dma_top_0/inst/core/scaled_shifted[15][0]_i_58
INFO: [Physopt 32-662] Processed net design_1_i/gemv_q8_0_dma_top_0/inst/core/scaled_shifted[15][19]_i_6_n_0.  Did not re-place instance design_1_i/gemv_q8_0_dma_top_0/inst/core/scaled_shifted[15][19]_i_6
INFO: [Physopt 32-662] Processed net design_1_i/gemv_q8_0_dma_top_0/inst/core/scaled_shifted[15][4]_i_12_n_0.  Did not re-place instance design_1_i/gemv_q8_0_dma_top_0/inst/core/scaled_shifted[15][4]_i_12
INFO: [Physopt 32-662] Processed net design_1_i/gemv_q8_0_dma_top_0/inst/core/scaled_shifted[15][4]_i_13_n_0.  Did not re-place instance design_1_i/gemv_q8_0_dma_top_0/inst/core/scaled_shifted[15][4]_i_13
INFO: [Physopt 32-662] Processed net design_1_i/gemv_q8_0_dma_top_0/inst/core/scaled_shifted[15][4]_i_9_n_0.  Did not re-place instance design_1_i/gemv_q8_0_dma_top_0/inst/core/scaled_shifted[15][4]_i_9
INFO: [Physopt 32-662] Processed net design_1_i/gemv_q8_0_dma_top_0/inst/core/scaled_shifted[1][0]_i_99_n_0.  Did not re-place instance design_1_i/gemv_q8_0_dma_top_0/inst/core/scaled_shifted[1][0]_i_99
INFO: [Physopt 32-662] Processed net design_1_i/gemv_q8_0_dma_top_0/inst/core/scaled_shifted[1][19]_i_4_n_0.  Did not re-place instance design_1_i/gemv_q8_0_dma_top_0/inst/core/scaled_shifted[1][19]_i_4
INFO: [Physopt 32-662] Processed net design_1_i/gemv_q8_0_dma_top_0/inst/core/scaled_shifted_reg_n_0_[15][62].  Did not re-place instance design_1_i/gemv_q8_0_dma_top_0/inst/core/scaled_shifted_reg[15][62]
INFO: [Physopt 32-662] Processed net design_1_i/gemv_q8_0_dma_top_0/inst/core/scaled_product_reg[3]__0_n_104.  Did not re-place instance design_1_i/gemv_q8_0_dma_top_0/inst/core/scaled_shifted[3][19]_i_5_psdsp
INFO: [Physopt 32-662] Processed net design_1_i/gemv_q8_0_dma_top_0/inst/core/scaled_shifted[3][19]_i_5_n_0.  Did not re-place instance design_1_i/gemv_q8_0_dma_top_0/inst/core/scaled_shifted[3][19]_i_5
INFO: [Physopt 32-662] Processed net design_1_i/gemv_q8_0_dma_top_0/inst/core/scaled_shifted[1][0]_i_47_n_0.  Did not re-place instance design_1_i/gemv_q8_0_dma_top_0/inst/core/scaled_shifted[1][0]_i_47
INFO: [Physopt 32-662] Processed net design_1_i/gemv_q8_0_dma_top_0/inst/core/scaled_shifted[15][0]_i_42_n_0.  Did not re-place instance design_1_i/gemv_q8_0_dma_top_0/inst/core/scaled_shifted[15][0]_i_42
INFO: [Physopt 32-662] Processed net design_1_i/gemv_q8_0_dma_top_0/inst/core/scaled_shifted[1][0]_i_139_n_0.  Did not re-place instance design_1_i/gemv_q8_0_dma_top_0/inst/core/scaled_shifted[1][0]_i_139
INFO: [Physopt 32-662] Processed net design_1_i/gemv_q8_0_dma_top_0/inst/core/scaled_shifted[15][0]_i_90_n_0.  Did not re-place instance design_1_i/gemv_q8_0_dma_top_0/inst/core/scaled_shifted[15][0]_i_90
INFO: [Physopt 32-662] Processed net design_1_i/gemv_q8_0_dma_top_0/inst/core/scaled_shifted[1][0]_i_83_n_0.  Did not re-place instance design_1_i/gemv_q8_0_dma_top_0/inst/core/scaled_shifted[1][0]_i_83
INFO: [Physopt 32-662] Processed net design_1_i/gemv_q8_0_dma_top_0/inst/core/scaled_shifted[1][0]_i_107_n_0.  Did not re-place instance design_1_i/gemv_q8_0_dma_top_0/inst/core/scaled_shifted[1][0]_i_107
INFO: [Physopt 32-662] Processed net design_1_i/gemv_q8_0_dma_top_0/inst/core/scaled_shifted[15][0]_i_95_n_0.  Did not re-place instance design_1_i/gemv_q8_0_dma_top_0/inst/core/scaled_shifted[15][0]_i_95
INFO: [Physopt 32-662] Processed net design_1_i/gemv_q8_0_dma_top_0/inst/core/scaled_shifted[1][4]_i_13_n_0.  Did not re-place instance design_1_i/gemv_q8_0_dma_top_0/inst/core/scaled_shifted[1][4]_i_13
INFO: [Physopt 32-662] Processed net design_1_i/gemv_q8_0_dma_top_0/inst/core/scaled_shifted[1][0]_i_55_n_0.  Did not re-place instance design_1_i/gemv_q8_0_dma_top_0/inst/core/scaled_shifted[1][0]_i_55
INFO: [Physopt 32-662] Processed net design_1_i/gemv_q8_0_dma_top_0/inst/core/scaled_shifted[15][0]_i_46_n_0.  Did not re-place instance design_1_i/gemv_q8_0_dma_top_0/inst/core/scaled_shifted[15][0]_i_46
INFO: [Physopt 32-662] Processed net design_1_i/gemv_q8_0_dma_top_0/inst/core/scaled_shifted[1][0]_i_123_n_0.  Did not re-place instance design_1_i/gemv_q8_0_dma_top_0/inst/core/scaled_shifted[1][0]_i_123
INFO: [Physopt 32-662] Processed net design_1_i/gemv_q8_0_dma_top_0/inst/core/scaled_product_reg[15]__0_n_103.  Did not re-place instance design_1_i/gemv_q8_0_dma_top_0/inst/core/scaled_shifted[15][19]_i_4_psdsp
INFO: [Physopt 32-662] Processed net design_1_i/gemv_q8_0_dma_top_0/inst/core/scaled_shifted[15][19]_i_4_n_0.  Did not re-place instance design_1_i/gemv_q8_0_dma_top_0/inst/core/scaled_shifted[15][19]_i_4
INFO: [Physopt 32-662] Processed net design_1_i/gemv_q8_0_dma_top_0/inst/core/scaled_shifted[1][0]_i_67_n_0.  Did not re-place instance design_1_i/gemv_q8_0_dma_top_0/inst/core/scaled_shifted[1][0]_i_67
INFO: [Physopt 32-662] Processed net design_1_i/gemv_q8_0_dma_top_0/inst/core/scaled_shifted[1][51]_i_1_n_0.  Did not re-place instance design_1_i/gemv_q8_0_dma_top_0/inst/core/scaled_shifted[1][51]_i_1
INFO: [Physopt 32-662] Processed net design_1_i/gemv_q8_0_dma_top_0/inst/core/scaled_shifted[1][51]_i_3_n_0.  Did not re-place instance design_1_i/gemv_q8_0_dma_top_0/inst/core/scaled_shifted[1][51]_i_3
INFO: [Physopt 32-662] Processed net design_1_i/gemv_q8_0_dma_top_0/inst/core/scaled_shifted_reg[1]_1[51].  Did not re-place instance design_1_i/gemv_q8_0_dma_top_0/inst/core/scaled_shifted_reg[1][51]
INFO: [Physopt 32-662] Processed net design_1_i/gemv_q8_0_dma_top_0/inst/core/scaled_shifted[15][0]_i_5_n_0.  Did not re-place instance design_1_i/gemv_q8_0_dma_top_0/inst/core/scaled_shifted[15][0]_i_5
INFO: [Physopt 32-662] Processed net design_1_i/gemv_q8_0_dma_top_0/inst/core/scaled_shifted[15][0]_i_11_n_0.  Did not re-place instance design_1_i/gemv_q8_0_dma_top_0/inst/core/scaled_shifted[15][0]_i_11
INFO: [Physopt 32-662] Processed net design_1_i/gemv_q8_0_dma_top_0/inst/core/scaled_shifted[15][4]_i_5_n_0.  Did not re-place instance design_1_i/gemv_q8_0_dma_top_0/inst/core/scaled_shifted[15][0]_i_3
INFO: [Physopt 32-662] Processed net design_1_i/gemv_q8_0_dma_top_0/inst/core/scaled_product_reg[3]__0_n_102.  Did not re-place instance design_1_i/gemv_q8_0_dma_top_0/inst/core/scaled_shifted[3][23]_i_7_psdsp
INFO: [Physopt 32-662] Processed net design_1_i/gemv_q8_0_dma_top_0/inst/core/scaled_shifted[3][23]_i_7_n_0.  Did not re-place instance design_1_i/gemv_q8_0_dma_top_0/inst/core/scaled_shifted[3][23]_i_7
INFO: [Physopt 32-662] Processed net design_1_i/gemv_q8_0_dma_top_0/inst/core/scaled_shifted[2][12]_i_12_n_0.  Did not re-place instance design_1_i/gemv_q8_0_dma_top_0/inst/core/scaled_shifted[2][12]_i_12
INFO: [Physopt 32-662] Processed net design_1_i/gemv_q8_0_dma_top_0/inst/core/scaled_shifted[2][24]_i_16_n_0.  Did not re-place instance design_1_i/gemv_q8_0_dma_top_0/inst/core/scaled_shifted[2][24]_i_16
INFO: [Physopt 32-662] Processed net design_1_i/gemv_q8_0_dma_top_0/inst/core/scaled_shifted[2][0]_i_95_n_0.  Did not re-place instance design_1_i/gemv_q8_0_dma_top_0/inst/core/scaled_shifted[2][0]_i_95
INFO: [Physopt 32-662] Processed net design_1_i/gemv_q8_0_dma_top_0/inst/core/scaled_shifted[2][54]_i_1_n_0.  Did not re-place instance design_1_i/gemv_q8_0_dma_top_0/inst/core/scaled_shifted[2][54]_i_1
INFO: [Physopt 32-662] Processed net design_1_i/gemv_q8_0_dma_top_0/inst/core/scaled_shifted[2][54]_i_2_n_0.  Did not re-place instance design_1_i/gemv_q8_0_dma_top_0/inst/core/scaled_shifted[2][54]_i_2
INFO: [Physopt 32-662] Processed net design_1_i/gemv_q8_0_dma_top_0/inst/core/scaled_shifted[2][8]_i_6_n_0.  Did not re-place instance design_1_i/gemv_q8_0_dma_top_0/inst/core/scaled_shifted[2][8]_i_6
INFO: [Physopt 32-662] Processed net design_1_i/gemv_q8_0_dma_top_0/inst/core/scaled_shifted_reg[2]_3[54].  Did not re-place instance design_1_i/gemv_q8_0_dma_top_0/inst/core/scaled_shifted_reg[2][54]
INFO: [Physopt 32-662] Processed net design_1_i/gemv_q8_0_dma_top_0/inst/core/scaled_shifted[14][0]_i_15_n_0.  Did not re-place instance design_1_i/gemv_q8_0_dma_top_0/inst/core/scaled_shifted[14][0]_i_15
INFO: [Physopt 32-662] Processed net design_1_i/gemv_q8_0_dma_top_0/inst/core/scaled_shifted[14][4]_i_5_n_0.  Did not re-place instance design_1_i/gemv_q8_0_dma_top_0/inst/core/scaled_shifted[14][0]_i_3
INFO: [Physopt 32-662] Processed net design_1_i/gemv_q8_0_dma_top_0/inst/core/scaled_shifted[14][0]_i_6_n_0.  Did not re-place instance design_1_i/gemv_q8_0_dma_top_0/inst/core/scaled_shifted[14][0]_i_6
INFO: [Physopt 32-662] Processed net design_1_i/gemv_q8_0_dma_top_0/inst/core/scaled_product_reg_n_0_[1][0].  Did not re-place instance design_1_i/gemv_q8_0_dma_top_0/inst/core/scaled_product_reg[1][0]
INFO: [Physopt 32-662] Processed net design_1_i/gemv_q8_0_dma_top_0/inst/core/scaled_product_reg[3]__0_n_103.  Did not re-place instance design_1_i/gemv_q8_0_dma_top_0/inst/core/scaled_shifted[3][19]_i_4_psdsp
INFO: [Physopt 32-662] Processed net design_1_i/gemv_q8_0_dma_top_0/inst/core/scaled_shifted[3][19]_i_4_n_0.  Did not re-place instance design_1_i/gemv_q8_0_dma_top_0/inst/core/scaled_shifted[3][19]_i_4
INFO: [Physopt 32-662] Processed net design_1_i/gemv_q8_0_dma_top_0/inst/core/scaled_shifted[1][0]_i_136_n_0.  Did not re-place instance design_1_i/gemv_q8_0_dma_top_0/inst/core/scaled_shifted[1][0]_i_136
INFO: [Physopt 32-662] Processed net design_1_i/gemv_q8_0_dma_top_0/inst/core/scaled_shifted[15][0]_i_59_n_0.  Did not re-place instance design_1_i/gemv_q8_0_dma_top_0/inst/core/scaled_shifted[15][0]_i_59
INFO: [Physopt 32-662] Processed net design_1_i/gemv_q8_0_dma_top_0/inst/core/scaled_product_reg[1]__0_n_100.  Did not re-place instance design_1_i/gemv_q8_0_dma_top_0/inst/core/scaled_shifted[1][23]_i_5_psdsp
INFO: [Physopt 32-662] Processed net design_1_i/gemv_q8_0_dma_top_0/inst/core/scaled_shifted[1][23]_i_5_n_0.  Did not re-place instance design_1_i/gemv_q8_0_dma_top_0/inst/core/scaled_shifted[1][23]_i_5
INFO: [Physopt 32-662] Processed net design_1_i/gemv_q8_0_dma_top_0/inst/core/scaled_shifted[1][0]_i_141_n_0.  Did not re-place instance design_1_i/gemv_q8_0_dma_top_0/inst/core/scaled_shifted[1][0]_i_141
INFO: [Physopt 32-662] Processed net design_1_i/gemv_q8_0_dma_top_0/inst/core/scaled_shifted[14][0]_i_93_n_0.  Did not re-place instance design_1_i/gemv_q8_0_dma_top_0/inst/core/scaled_shifted[14][0]_i_93
INFO: [Physopt 32-662] Processed net design_1_i/gemv_q8_0_dma_top_0/inst/core/scaled_shifted[1][0]_i_104_n_0.  Did not re-place instance design_1_i/gemv_q8_0_dma_top_0/inst/core/scaled_shifted[1][0]_i_104
INFO: [Physopt 32-662] Processed net design_1_i/gemv_q8_0_dma_top_0/inst/core/scaled_shifted[3][52]_i_1_n_0.  Did not re-place instance design_1_i/gemv_q8_0_dma_top_0/inst/core/scaled_shifted[3][52]_i_1
INFO: [Physopt 32-662] Processed net design_1_i/gemv_q8_0_dma_top_0/inst/core/scaled_shifted[3][52]_i_2_n_0.  Did not re-place instance design_1_i/gemv_q8_0_dma_top_0/inst/core/scaled_shifted[3][52]_i_2
INFO: [Physopt 32-662] Processed net design_1_i/gemv_q8_0_dma_top_0/inst/core/scaled_shifted_reg[3]_5[52].  Did not re-place instance design_1_i/gemv_q8_0_dma_top_0/inst/core/scaled_shifted_reg[3][52]
INFO: [Physopt 32-662] Processed net design_1_i/gemv_q8_0_dma_top_0/inst/core/scaled_shifted[15][0]_i_71_n_0.  Did not re-place instance design_1_i/gemv_q8_0_dma_top_0/inst/core/scaled_shifted[15][0]_i_71
INFO: [Physopt 32-662] Processed net design_1_i/gemv_q8_0_dma_top_0/inst/core/scaled_shifted[2][58]_i_1_n_0.  Did not re-place instance design_1_i/gemv_q8_0_dma_top_0/inst/core/scaled_shifted[2][58]_i_1
INFO: [Physopt 32-662] Processed net design_1_i/gemv_q8_0_dma_top_0/inst/core/scaled_shifted[2][58]_i_2_n_0.  Did not re-place instance design_1_i/gemv_q8_0_dma_top_0/inst/core/scaled_shifted[2][58]_i_2
INFO: [Physopt 32-662] Processed net design_1_i/gemv_q8_0_dma_top_0/inst/core/scaled_shifted_reg[2]_3[58].  Did not re-place instance design_1_i/gemv_q8_0_dma_top_0/inst/core/scaled_shifted_reg[2][58]
INFO: [Physopt 32-662] Processed net design_1_i/gemv_q8_0_dma_top_0/inst/core/scaled_shifted[1][0]_i_52_n_0.  Did not re-place instance design_1_i/gemv_q8_0_dma_top_0/inst/core/scaled_shifted[1][0]_i_52
INFO: [Physopt 32-662] Processed net design_1_i/gemv_q8_0_dma_top_0/inst/core/scaled_shifted[15][0]_i_43_n_0.  Did not re-place instance design_1_i/gemv_q8_0_dma_top_0/inst/core/scaled_shifted[15][0]_i_43
INFO: [Physopt 32-662] Processed net design_1_i/gemv_q8_0_dma_top_0/inst/core/scaled_shifted[3][0]_i_55_n_0.  Did not re-place instance design_1_i/gemv_q8_0_dma_top_0/inst/core/scaled_shifted[3][0]_i_55
INFO: [Physopt 32-662] Processed net design_1_i/gemv_q8_0_dma_top_0/inst/core/scaled_shifted[1][0]_i_87_n_0.  Did not re-place instance design_1_i/gemv_q8_0_dma_top_0/inst/core/scaled_shifted[1][0]_i_87
INFO: [Physopt 32-662] Processed net design_1_i/gemv_q8_0_dma_top_0/inst/core/scaled_shifted[1][0]_i_120_n_0.  Did not re-place instance design_1_i/gemv_q8_0_dma_top_0/inst/core/scaled_shifted[1][0]_i_120
INFO: [Physopt 32-662] Processed net design_1_i/gemv_q8_0_dma_top_0/inst/core/scaled_shifted[3][0]_i_67_n_0.  Did not re-place instance design_1_i/gemv_q8_0_dma_top_0/inst/core/scaled_shifted[3][0]_i_67
INFO: [Physopt 32-662] Processed net design_1_i/gemv_q8_0_dma_top_0/inst/core/scaled_shifted[1][0]_i_14_n_0.  Did not re-place instance design_1_i/gemv_q8_0_dma_top_0/inst/core/scaled_shifted[1][0]_i_14
INFO: [Physopt 32-662] Processed net design_1_i/gemv_q8_0_dma_top_0/inst/core/scaled_shifted[1][8]_i_14_n_0.  Did not re-place instance design_1_i/gemv_q8_0_dma_top_0/inst/core/scaled_shifted[1][8]_i_14
INFO: [Physopt 32-662] Processed net design_1_i/gemv_q8_0_dma_top_0/inst/core/scaled_shifted[15][0]_i_91_n_0.  Did not re-place instance design_1_i/gemv_q8_0_dma_top_0/inst/core/scaled_shifted[15][0]_i_91
INFO: [Physopt 32-662] Processed net design_1_i/gemv_q8_0_dma_top_0/inst/core/scaled_shifted[14][56]_i_1_n_0.  Did not re-place instance design_1_i/gemv_q8_0_dma_top_0/inst/core/scaled_shifted[14][56]_i_1
INFO: [Physopt 32-662] Processed net design_1_i/gemv_q8_0_dma_top_0/inst/core/scaled_shifted[14][56]_i_2_n_0.  Did not re-place instance design_1_i/gemv_q8_0_dma_top_0/inst/core/scaled_shifted[14][56]_i_2
INFO: [Physopt 32-662] Processed net design_1_i/gemv_q8_0_dma_top_0/inst/core/scaled_shifted[3][0]_i_83_n_0.  Did not re-place instance design_1_i/gemv_q8_0_dma_top_0/inst/core/scaled_shifted[3][0]_i_83
INFO: [Physopt 32-662] Processed net design_1_i/gemv_q8_0_dma_top_0/inst/core/scaled_shifted_reg_n_0_[14][56].  Did not re-place instance design_1_i/gemv_q8_0_dma_top_0/inst/core/scaled_shifted_reg[14][56]
INFO: [Physopt 32-662] Processed net design_1_i/gemv_q8_0_dma_top_0/inst/core/scaled_product_reg[15]__0_n_101.  Did not re-place instance design_1_i/gemv_q8_0_dma_top_0/inst/core/scaled_shifted[15][23]_i_6_psdsp
INFO: [Physopt 32-662] Processed net design_1_i/gemv_q8_0_dma_top_0/inst/core/scaled_shifted[15][0]_i_63_n_0.  Did not re-place instance design_1_i/gemv_q8_0_dma_top_0/inst/core/scaled_shifted[15][0]_i_63
INFO: [Physopt 32-662] Processed net design_1_i/gemv_q8_0_dma_top_0/inst/core/scaled_shifted[15][23]_i_6_n_0.  Did not re-place instance design_1_i/gemv_q8_0_dma_top_0/inst/core/scaled_shifted[15][23]_i_6
INFO: [Physopt 32-662] Processed net design_1_i/gemv_q8_0_dma_top_0/inst/core/scaled_shifted[1][0]_i_12_n_0.  Did not re-place instance design_1_i/gemv_q8_0_dma_top_0/inst/core/scaled_shifted[1][0]_i_12
INFO: [Physopt 32-662] Processed net design_1_i/gemv_q8_0_dma_top_0/inst/core/scaled_product_reg[3][16]__0_n_0.  Did not re-place instance design_1_i/gemv_q8_0_dma_top_0/inst/core/scaled_product_reg[3][16]__0
INFO: [Physopt 32-662] Processed net design_1_i/gemv_q8_0_dma_top_0/inst/core/scaled_shifted[15][0]_i_75_n_0.  Did not re-place instance design_1_i/gemv_q8_0_dma_top_0/inst/core/scaled_shifted[15][0]_i_75
INFO: [Physopt 32-662] Processed net design_1_i/gemv_q8_0_dma_top_0/inst/core/scaled_shifted[3][0]_i_75_n_0.  Did not re-place instance design_1_i/gemv_q8_0_dma_top_0/inst/core/scaled_shifted[3][0]_i_75
INFO: [Physopt 32-662] Processed net design_1_i/gemv_q8_0_dma_top_0/inst/core/scaled_shifted[12][0]_i_12_n_0.  Did not re-place instance design_1_i/gemv_q8_0_dma_top_0/inst/core/scaled_shifted[12][0]_i_12
INFO: [Physopt 32-662] Processed net design_1_i/gemv_q8_0_dma_top_0/inst/core/scaled_shifted[12][0]_i_5_n_0.  Did not re-place instance design_1_i/gemv_q8_0_dma_top_0/inst/core/scaled_shifted[12][0]_i_5
INFO: [Physopt 32-662] Processed net design_1_i/gemv_q8_0_dma_top_0/inst/core/scaled_shifted[12][4]_i_5_n_0.  Did not re-place instance design_1_i/gemv_q8_0_dma_top_0/inst/core/scaled_shifted[12][0]_i_3
INFO: [Physopt 32-662] Processed net design_1_i/gemv_q8_0_dma_top_0/inst/core/scaled_shifted[12][0]_i_95_n_0.  Did not re-place instance design_1_i/gemv_q8_0_dma_top_0/inst/core/scaled_shifted[12][0]_i_95
INFO: [Physopt 32-662] Processed net design_1_i/gemv_q8_0_dma_top_0/inst/core/scaled_shifted[12][58]_i_1_n_0.  Did not re-place instance design_1_i/gemv_q8_0_dma_top_0/inst/core/scaled_shifted[12][58]_i_1
INFO: [Physopt 32-662] Processed net design_1_i/gemv_q8_0_dma_top_0/inst/core/scaled_shifted[12][58]_i_2_n_0.  Did not re-place instance design_1_i/gemv_q8_0_dma_top_0/inst/core/scaled_shifted[12][58]_i_2
INFO: [Physopt 32-662] Processed net design_1_i/gemv_q8_0_dma_top_0/inst/core/scaled_shifted[15][0]_i_47_n_0.  Did not re-place instance design_1_i/gemv_q8_0_dma_top_0/inst/core/scaled_shifted[15][0]_i_47
INFO: [Physopt 32-662] Processed net design_1_i/gemv_q8_0_dma_top_0/inst/core/scaled_shifted_reg_n_0_[12][58].  Did not re-place instance design_1_i/gemv_q8_0_dma_top_0/inst/core/scaled_shifted_reg[12][58]
INFO: [Physopt 32-662] Processed net design_1_i/gemv_q8_0_dma_top_0/inst/core/scaled_shifted[3][0]_i_63_n_0.  Did not re-place instance design_1_i/gemv_q8_0_dma_top_0/inst/core/scaled_shifted[3][0]_i_63
INFO: [Physopt 32-662] Processed net design_1_i/gemv_q8_0_dma_top_0/inst/core/scaled_shifted[3][50]_i_1_n_0.  Did not re-place instance design_1_i/gemv_q8_0_dma_top_0/inst/core/scaled_shifted[3][50]_i_1
INFO: [Physopt 32-662] Processed net design_1_i/gemv_q8_0_dma_top_0/inst/core/scaled_shifted[3][50]_i_2_n_0.  Did not re-place instance design_1_i/gemv_q8_0_dma_top_0/inst/core/scaled_shifted[3][50]_i_2
INFO: [Physopt 32-662] Processed net design_1_i/gemv_q8_0_dma_top_0/inst/core/scaled_shifted_reg[3]_5[50].  Did not re-place instance design_1_i/gemv_q8_0_dma_top_0/inst/core/scaled_shifted_reg[3][50]
INFO: [Physopt 32-662] Processed net design_1_i/gemv_q8_0_dma_top_0/inst/core/scaled_shifted[15][0]_i_55_n_0.  Did not re-place instance design_1_i/gemv_q8_0_dma_top_0/inst/core/scaled_shifted[15][0]_i_55
INFO: [Physopt 32-662] Processed net design_1_i/gemv_q8_0_dma_top_0/inst/core/scaled_shifted[3][0]_i_43_n_0.  Did not re-place instance design_1_i/gemv_q8_0_dma_top_0/inst/core/scaled_shifted[3][0]_i_43
INFO: [Physopt 32-662] Processed net design_1_i/gemv_q8_0_dma_top_0/inst/core/scaled_shifted[14][0]_i_14_n_0.  Did not re-place instance design_1_i/gemv_q8_0_dma_top_0/inst/core/scaled_shifted[14][0]_i_14
INFO: [Physopt 32-662] Processed net design_1_i/gemv_q8_0_dma_top_0/inst/core/scaled_product_reg[15]__0_n_102.  Did not re-place instance design_1_i/gemv_q8_0_dma_top_0/inst/core/scaled_shifted[15][23]_i_7_psdsp
INFO: [Physopt 32-662] Processed net design_1_i/gemv_q8_0_dma_top_0/inst/core/scaled_shifted[15][23]_i_7_n_0.  Did not re-place instance design_1_i/gemv_q8_0_dma_top_0/inst/core/scaled_shifted[15][23]_i_7
INFO: [Physopt 32-662] Processed net design_1_i/gemv_q8_0_dma_top_0/inst/core/scaled_shifted[3][0]_i_71_n_0.  Did not re-place instance design_1_i/gemv_q8_0_dma_top_0/inst/core/scaled_shifted[3][0]_i_71
INFO: [Physopt 32-662] Processed net design_1_i/gemv_q8_0_dma_top_0/inst/core/scaled_shifted[14][8]_i_14_n_0.  Did not re-place instance design_1_i/gemv_q8_0_dma_top_0/inst/core/scaled_shifted[14][8]_i_14
INFO: [Physopt 32-662] Processed net design_1_i/gemv_q8_0_dma_top_0/inst/core/scaled_product_reg[1]__0_n_97.  Did not re-place instance design_1_i/gemv_q8_0_dma_top_0/inst/core/scaled_shifted[1][27]_i_6_psdsp
INFO: [Physopt 32-662] Processed net design_1_i/gemv_q8_0_dma_top_0/inst/core/scaled_product_reg[3]__0_n_97.  Did not re-place instance design_1_i/gemv_q8_0_dma_top_0/inst/core/scaled_shifted[3][27]_i_6_psdsp
INFO: [Physopt 32-662] Processed net design_1_i/gemv_q8_0_dma_top_0/inst/core/scaled_shifted[1][27]_i_6_n_0.  Did not re-place instance design_1_i/gemv_q8_0_dma_top_0/inst/core/scaled_shifted[1][27]_i_6
INFO: [Physopt 32-662] Processed net design_1_i/gemv_q8_0_dma_top_0/inst/core/scaled_shifted[3][27]_i_6_n_0.  Did not re-place instance design_1_i/gemv_q8_0_dma_top_0/inst/core/scaled_shifted[3][27]_i_6
INFO: [Physopt 32-662] Processed net design_1_i/gemv_q8_0_dma_top_0/inst/core/scaled_shifted[1][0]_i_86_n_0.  Did not re-place instance design_1_i/gemv_q8_0_dma_top_0/inst/core/scaled_shifted[1][0]_i_86
INFO: [Physopt 32-662] Processed net design_1_i/gemv_q8_0_dma_top_0/inst/core/scaled_shifted[14][0]_i_66_n_0.  Did not re-place instance design_1_i/gemv_q8_0_dma_top_0/inst/core/scaled_shifted[14][0]_i_66
INFO: [Physopt 32-662] Processed net design_1_i/gemv_q8_0_dma_top_0/inst/core/scaled_shifted[1][0]_i_140_n_0.  Did not re-place instance design_1_i/gemv_q8_0_dma_top_0/inst/core/scaled_shifted[1][0]_i_140
INFO: [Physopt 32-662] Processed net design_1_i/gemv_q8_0_dma_top_0/inst/core/scaled_shifted[15][0]_i_40_n_0.  Did not re-place instance design_1_i/gemv_q8_0_dma_top_0/inst/core/scaled_shifted[15][0]_i_40
INFO: [Physopt 32-662] Processed net design_1_i/gemv_q8_0_dma_top_0/inst/core/scaled_shifted[15][0]_i_92_n_0.  Did not re-place instance design_1_i/gemv_q8_0_dma_top_0/inst/core/scaled_shifted[15][0]_i_92
INFO: [Physopt 32-662] Processed net design_1_i/gemv_q8_0_dma_top_0/inst/core/scaled_shifted[1][0]_i_13_n_0.  Did not re-place instance design_1_i/gemv_q8_0_dma_top_0/inst/core/scaled_shifted[1][0]_i_13
INFO: [Physopt 32-662] Processed net design_1_i/gemv_q8_0_dma_top_0/inst/core/scaled_shifted[1][0]_i_142_n_0.  Did not re-place instance design_1_i/gemv_q8_0_dma_top_0/inst/core/scaled_shifted[1][0]_i_142
INFO: [Physopt 32-662] Processed net design_1_i/gemv_q8_0_dma_top_0/inst/core/scaled_shifted[3][0]_i_94_n_0.  Did not re-place instance design_1_i/gemv_q8_0_dma_top_0/inst/core/scaled_shifted[3][0]_i_94
INFO: [Physopt 32-662] Processed net design_1_i/gemv_q8_0_dma_top_0/inst/core/scaled_shifted[15][0]_i_93_n_0.  Did not re-place instance design_1_i/gemv_q8_0_dma_top_0/inst/core/scaled_shifted[15][0]_i_93
INFO: [Physopt 32-662] Processed net design_1_i/gemv_q8_0_dma_top_0/inst/core/scaled_shifted[2][0]_i_94_n_0.  Did not re-place instance design_1_i/gemv_q8_0_dma_top_0/inst/core/scaled_shifted[2][0]_i_94
INFO: [Physopt 32-662] Processed net design_1_i/gemv_q8_0_dma_top_0/inst/core/scaled_shifted[1][0]_i_17_n_0.  Did not re-place instance design_1_i/gemv_q8_0_dma_top_0/inst/core/scaled_shifted[1][0]_i_17
INFO: [Physopt 32-662] Processed net design_1_i/gemv_q8_0_dma_top_0/inst/core/scaled_shifted[1][0]_i_18_n_0.  Did not re-place instance design_1_i/gemv_q8_0_dma_top_0/inst/core/scaled_shifted[1][0]_i_18
INFO: [Physopt 32-662] Processed net design_1_i/gemv_q8_0_dma_top_0/inst/core/scaled_shifted[1][0]_i_7_n_0.  Did not re-place instance design_1_i/gemv_q8_0_dma_top_0/inst/core/scaled_shifted[1][0]_i_7
INFO: [Physopt 32-662] Processed net design_1_i/gemv_q8_0_dma_top_0/inst/core/scaled_product_reg_n_0_[1][3].  Did not re-place instance design_1_i/gemv_q8_0_dma_top_0/inst/core/scaled_product_reg[1][3]
INFO: [Physopt 32-662] Processed net design_1_i/gemv_q8_0_dma_top_0/inst/core/scaled_shifted[12][50]_i_1_n_0.  Did not re-place instance design_1_i/gemv_q8_0_dma_top_0/inst/core/scaled_shifted[12][50]_i_1
INFO: [Physopt 32-662] Processed net design_1_i/gemv_q8_0_dma_top_0/inst/core/scaled_shifted[12][50]_i_2_n_0.  Did not re-place instance design_1_i/gemv_q8_0_dma_top_0/inst/core/scaled_shifted[12][50]_i_2
INFO: [Physopt 32-662] Processed net design_1_i/gemv_q8_0_dma_top_0/inst/core/scaled_shifted[1][0]_i_75_n_0.  Did not re-place instance design_1_i/gemv_q8_0_dma_top_0/inst/core/scaled_shifted[1][0]_i_75
INFO: [Physopt 32-662] Processed net design_1_i/gemv_q8_0_dma_top_0/inst/core/scaled_shifted_reg_n_0_[12][50].  Did not re-place instance design_1_i/gemv_q8_0_dma_top_0/inst/core/scaled_shifted_reg[12][50]
INFO: [Physopt 32-662] Processed net design_1_i/gemv_q8_0_dma_top_0/inst/core/scaled_shifted[14][0]_i_94_n_0.  Did not re-place instance design_1_i/gemv_q8_0_dma_top_0/inst/core/scaled_shifted[14][0]_i_94
INFO: [Physopt 32-662] Processed net design_1_i/gemv_q8_0_dma_top_0/inst/core/scaled_shifted[15][0]_i_44_n_0.  Did not re-place instance design_1_i/gemv_q8_0_dma_top_0/inst/core/scaled_shifted[15][0]_i_44
INFO: [Physopt 32-662] Processed net design_1_i/gemv_q8_0_dma_top_0/inst/core/scale_shift_reg_reg[5]_rep__16_n_0.  Did not re-place instance design_1_i/gemv_q8_0_dma_top_0/inst/core/scale_shift_reg_reg[5]_rep__16
INFO: [Physopt 32-662] Processed net design_1_i/gemv_q8_0_dma_top_0/inst/core/scaled_shifted[2][0]_i_66_n_0.  Did not re-place instance design_1_i/gemv_q8_0_dma_top_0/inst/core/scaled_shifted[2][0]_i_66
INFO: [Physopt 32-662] Processed net design_1_i/gemv_q8_0_dma_top_0/inst/core/scaled_product_reg[3]__0_n_96.  Did not re-place instance design_1_i/gemv_q8_0_dma_top_0/inst/core/scaled_shifted[3][27]_i_5_psdsp
INFO: [Physopt 32-662] Processed net design_1_i/gemv_q8_0_dma_top_0/inst/core/scaled_shifted[15][0]_i_70_n_0.  Did not re-place instance design_1_i/gemv_q8_0_dma_top_0/inst/core/scaled_shifted[15][0]_i_70
INFO: [Physopt 32-662] Processed net design_1_i/gemv_q8_0_dma_top_0/inst/core/scaled_shifted[3][27]_i_5_n_0.  Did not re-place instance design_1_i/gemv_q8_0_dma_top_0/inst/core/scaled_shifted[3][27]_i_5
INFO: [Physopt 32-662] Processed net design_1_i/gemv_q8_0_dma_top_0/inst/core/scaled_product_reg[3]__0_n_99.  Did not re-place instance design_1_i/gemv_q8_0_dma_top_0/inst/core/scaled_shifted[3][23]_i_4_psdsp
INFO: [Physopt 32-662] Processed net design_1_i/gemv_q8_0_dma_top_0/inst/core/scaled_shifted[3][23]_i_4_n_0.  Did not re-place instance design_1_i/gemv_q8_0_dma_top_0/inst/core/scaled_shifted[3][23]_i_4
INFO: [Physopt 32-662] Processed net design_1_i/gemv_q8_0_dma_top_0/inst/core/scaled_shifted[3][63]_i_43_n_0.  Did not re-place instance design_1_i/gemv_q8_0_dma_top_0/inst/core/scaled_shifted[3][63]_i_43
INFO: [Physopt 32-662] Processed net design_1_i/gemv_q8_0_dma_top_0/inst/core/scaled_product_reg_n_0_[1][1].  Did not re-place instance design_1_i/gemv_q8_0_dma_top_0/inst/core/scaled_product_reg[1][1]
INFO: [Physopt 32-662] Processed net design_1_i/gemv_q8_0_dma_top_0/inst/core/scaled_shifted[1][0]_i_97_n_0.  Did not re-place instance design_1_i/gemv_q8_0_dma_top_0/inst/core/scaled_shifted[1][0]_i_97
INFO: [Physopt 32-662] Processed net design_1_i/gemv_q8_0_dma_top_0/inst/core/scaled_shifted[12][0]_i_14_n_0.  Did not re-place instance design_1_i/gemv_q8_0_dma_top_0/inst/core/scaled_shifted[12][0]_i_14
INFO: [Physopt 32-662] Processed net design_1_i/gemv_q8_0_dma_top_0/inst/core/scaled_shifted[12][0]_i_6_n_0.  Did not re-place instance design_1_i/gemv_q8_0_dma_top_0/inst/core/scaled_shifted[12][0]_i_6
INFO: [Physopt 32-662] Processed net design_1_i/gemv_q8_0_dma_top_0/inst/core/scaled_shifted[15][0]_i_67_n_0.  Did not re-place instance design_1_i/gemv_q8_0_dma_top_0/inst/core/scaled_shifted[15][0]_i_67
INFO: [Physopt 32-662] Processed net design_1_i/gemv_q8_0_dma_top_0/inst/core/scaled_shifted[12][0]_i_10_n_0.  Did not re-place instance design_1_i/gemv_q8_0_dma_top_0/inst/core/scaled_shifted[12][0]_i_10
INFO: [Physopt 32-662] Processed net design_1_i/gemv_q8_0_dma_top_0/inst/core/scaled_shifted[1][0]_i_45_n_0.  Did not re-place instance design_1_i/gemv_q8_0_dma_top_0/inst/core/scaled_shifted[1][0]_i_45
INFO: [Physopt 32-662] Processed net design_1_i/gemv_q8_0_dma_top_0/inst/core/scaled_shifted[15][0]_i_62_n_0.  Did not re-place instance design_1_i/gemv_q8_0_dma_top_0/inst/core/scaled_shifted[15][0]_i_62
INFO: [Physopt 32-662] Processed net design_1_i/gemv_q8_0_dma_top_0/inst/core/scaled_product_reg[1]__0_n_99.  Did not re-place instance design_1_i/gemv_q8_0_dma_top_0/inst/core/scaled_shifted[1][23]_i_4_psdsp
INFO: [Physopt 32-662] Processed net design_1_i/gemv_q8_0_dma_top_0/inst/core/scaled_shifted[1][23]_i_4_n_0.  Did not re-place instance design_1_i/gemv_q8_0_dma_top_0/inst/core/scaled_shifted[1][23]_i_4
INFO: [Physopt 32-662] Processed net design_1_i/gemv_q8_0_dma_top_0/inst/core/scaled_shifted[1][0]_i_137_n_0.  Did not re-place instance design_1_i/gemv_q8_0_dma_top_0/inst/core/scaled_shifted[1][0]_i_137
INFO: [Physopt 32-662] Processed net design_1_i/gemv_q8_0_dma_top_0/inst/core/scaled_shifted[1][0]_i_84_n_0.  Did not re-place instance design_1_i/gemv_q8_0_dma_top_0/inst/core/scaled_shifted[1][0]_i_84
INFO: [Physopt 32-662] Processed net design_1_i/gemv_q8_0_dma_top_0/inst/core/scaled_shifted[15][0]_i_74_n_0.  Did not re-place instance design_1_i/gemv_q8_0_dma_top_0/inst/core/scaled_shifted[15][0]_i_74
INFO: [Physopt 32-662] Processed net design_1_i/gemv_q8_0_dma_top_0/inst/core/scaled_shifted[2][0]_i_64_n_0.  Did not re-place instance design_1_i/gemv_q8_0_dma_top_0/inst/core/scaled_shifted[2][0]_i_64
INFO: [Physopt 32-662] Processed net design_1_i/gemv_q8_0_dma_top_0/inst/core/scaled_shifted[15][0]_i_94_n_0.  Did not re-place instance design_1_i/gemv_q8_0_dma_top_0/inst/core/scaled_shifted[15][0]_i_94
INFO: [Physopt 32-662] Processed net design_1_i/gemv_q8_0_dma_top_0/inst/core/scaled_shifted[12][8]_i_14_n_0.  Did not re-place instance design_1_i/gemv_q8_0_dma_top_0/inst/core/scaled_shifted[12][8]_i_14
INFO: [Physopt 32-662] Processed net design_1_i/gemv_q8_0_dma_top_0/inst/core/scaled_shifted[12][4]_i_12_n_0.  Did not re-place instance design_1_i/gemv_q8_0_dma_top_0/inst/core/scaled_shifted[12][4]_i_12
INFO: [Physopt 32-662] Processed net design_1_i/gemv_q8_0_dma_top_0/inst/core/scaled_shifted[12][4]_i_9_n_0.  Did not re-place instance design_1_i/gemv_q8_0_dma_top_0/inst/core/scaled_shifted[12][4]_i_9
INFO: [Physopt 32-662] Processed net design_1_i/gemv_q8_0_dma_top_0/inst/core/scaled_shifted[3][0]_i_52_n_0.  Did not re-place instance design_1_i/gemv_q8_0_dma_top_0/inst/core/scaled_shifted[3][0]_i_52
INFO: [Physopt 32-662] Processed net design_1_i/gemv_q8_0_dma_top_0/inst/core/scaled_shifted[15][0]_i_6_n_0.  Did not re-place instance design_1_i/gemv_q8_0_dma_top_0/inst/core/scaled_shifted[15][0]_i_6
INFO: [Physopt 32-662] Processed net design_1_i/gemv_q8_0_dma_top_0/inst/core/scaled_shifted[1][0]_i_105_n_0.  Did not re-place instance design_1_i/gemv_q8_0_dma_top_0/inst/core/scaled_shifted[1][0]_i_105
INFO: [Physopt 32-662] Processed net design_1_i/gemv_q8_0_dma_top_0/inst/core/scaled_shifted[1][63]_i_56_n_0.  Did not re-place instance design_1_i/gemv_q8_0_dma_top_0/inst/core/scaled_shifted[1][63]_i_56
INFO: [Physopt 32-662] Processed net design_1_i/gemv_q8_0_dma_top_0/inst/core/scaled_shifted[15][0]_i_82_n_0.  Did not re-place instance design_1_i/gemv_q8_0_dma_top_0/inst/core/scaled_shifted[15][0]_i_82
INFO: [Physopt 32-662] Processed net design_1_i/gemv_q8_0_dma_top_0/inst/core/scaled_shifted[3][0]_i_80_n_0.  Did not re-place instance design_1_i/gemv_q8_0_dma_top_0/inst/core/scaled_shifted[3][0]_i_80
INFO: [Physopt 32-662] Processed net design_1_i/gemv_q8_0_dma_top_0/inst/core/scaled_shifted[3][54]_i_1_n_0.  Did not re-place instance design_1_i/gemv_q8_0_dma_top_0/inst/core/scaled_shifted[3][54]_i_1
INFO: [Physopt 32-662] Processed net design_1_i/gemv_q8_0_dma_top_0/inst/core/scaled_shifted[3][54]_i_2_n_0.  Did not re-place instance design_1_i/gemv_q8_0_dma_top_0/inst/core/scaled_shifted[3][54]_i_2
INFO: [Physopt 32-662] Processed net design_1_i/gemv_q8_0_dma_top_0/inst/core/scaled_shifted_reg[3]_5[54].  Did not re-place instance design_1_i/gemv_q8_0_dma_top_0/inst/core/scaled_shifted_reg[3][54]
INFO: [Physopt 32-662] Processed net design_1_i/gemv_q8_0_dma_top_0/inst/core/scaled_shifted[1][0]_i_110_n_0.  Did not re-place instance design_1_i/gemv_q8_0_dma_top_0/inst/core/scaled_shifted[1][0]_i_110
INFO: [Physopt 32-662] Processed net design_1_i/gemv_q8_0_dma_top_0/inst/core/scaled_shifted[14][0]_i_10_n_0.  Did not re-place instance design_1_i/gemv_q8_0_dma_top_0/inst/core/scaled_shifted[14][0]_i_10
INFO: [Physopt 32-662] Processed net design_1_i/gemv_q8_0_dma_top_0/inst/core/scaled_shifted[14][0]_i_5_n_0.  Did not re-place instance design_1_i/gemv_q8_0_dma_top_0/inst/core/scaled_shifted[14][0]_i_5
INFO: [Physopt 32-662] Processed net design_1_i/gemv_q8_0_dma_top_0/inst/core/scaled_shifted[2][16]_i_10_n_0.  Did not re-place instance design_1_i/gemv_q8_0_dma_top_0/inst/core/scaled_shifted[2][16]_i_10
INFO: [Physopt 32-662] Processed net design_1_i/gemv_q8_0_dma_top_0/inst/core/scaled_shifted[2][28]_i_14_n_0.  Did not re-place instance design_1_i/gemv_q8_0_dma_top_0/inst/core/scaled_shifted[2][28]_i_14
INFO: [Physopt 32-662] Processed net design_1_i/gemv_q8_0_dma_top_0/inst/core/scaled_shifted[8][0]_i_5_n_0.  Did not re-place instance design_1_i/gemv_q8_0_dma_top_0/inst/core/scaled_shifted[8][0]_i_5
INFO: [Physopt 32-662] Processed net design_1_i/gemv_q8_0_dma_top_0/inst/core/scaled_shifted[8][0]_i_11_n_0.  Did not re-place instance design_1_i/gemv_q8_0_dma_top_0/inst/core/scaled_shifted[8][0]_i_11
INFO: [Physopt 32-661] Optimized 0 net.  Re-placed 0 instance.
INFO: [Physopt 32-775] End 1 Pass. Optimized 0 net or cell. Created 0 new cell, deleted 0 existing cell and moved 0 existing cell
Netlist sorting complete. Time (s): cpu = 00:00:00.02 ; elapsed = 00:00:00.01 . Memory (MB): peak = 3135.762 ; gain = 0.000 ; free physical = 52031 ; free virtual = 64063
Phase 15 Single Cell Placement Optimization | Checksum: 1394eb744

Time (s): cpu = 00:03:02 ; elapsed = 00:00:37 . Memory (MB): peak = 3135.762 ; gain = 0.000 ; free physical = 52030 ; free virtual = 64063

Phase 16 Multi Cell Placement Optimization
INFO: [Physopt 32-660] Identified 100 candidate nets for placement-based optimization.
INFO: [Physopt 32-662] Processed net design_1_i/gemv_q8_0_dma_top_0/inst/core/scaled_shifted[3][0]_i_16_n_0.  Did not re-place instance design_1_i/gemv_q8_0_dma_top_0/inst/core/scaled_shifted[3][0]_i_16/O
INFO: [Physopt 32-662] Processed net design_1_i/gemv_q8_0_dma_top_0/inst/core/scaled_product_reg[3]__0_n_105.  Did not re-place instance design_1_i/gemv_q8_0_dma_top_0/inst/core/scaled_shifted[3][19]_i_6_psdsp/Q
INFO: [Physopt 32-662] Processed net design_1_i/gemv_q8_0_dma_top_0/inst/core/scaled_shifted[3][4]_i_12_n_0.  Did not re-place instance design_1_i/gemv_q8_0_dma_top_0/inst/core/scaled_shifted[3][4]_i_12/O
INFO: [Physopt 32-662] Processed net design_1_i/gemv_q8_0_dma_top_0/inst/core/scaled_shifted[3][4]_i_13_n_0.  Did not re-place instance design_1_i/gemv_q8_0_dma_top_0/inst/core/scaled_shifted[3][4]_i_13/O
INFO: [Physopt 32-662] Processed net design_1_i/gemv_q8_0_dma_top_0/inst/core/scaled_shifted[3][56]_i_1_n_0.  Did not re-place instance design_1_i/gemv_q8_0_dma_top_0/inst/core/scaled_shifted[3][56]_i_1/O
INFO: [Physopt 32-662] Processed net design_1_i/gemv_q8_0_dma_top_0/inst/core/scaled_shifted[3][56]_i_2_n_0.  Did not re-place instance design_1_i/gemv_q8_0_dma_top_0/inst/core/scaled_shifted[3][56]_i_2/O
INFO: [Physopt 32-662] Processed net design_1_i/gemv_q8_0_dma_top_0/inst/core/scaled_shifted[1][0]_i_5_n_0.  Did not re-place instance design_1_i/gemv_q8_0_dma_top_0/inst/core/scaled_shifted[1][0]_i_5/O
INFO: [Physopt 32-662] Processed net design_1_i/gemv_q8_0_dma_top_0/inst/core/scaled_shifted[1][0]_i_10_n_0.  Did not re-place instance design_1_i/gemv_q8_0_dma_top_0/inst/core/scaled_shifted[1][0]_i_10/O
INFO: [Physopt 32-662] Processed net design_1_i/gemv_q8_0_dma_top_0/inst/core/scaled_product_reg[1]__0_n_105.  Did not re-place instance design_1_i/gemv_q8_0_dma_top_0/inst/core/scaled_shifted[1][19]_i_6_psdsp/Q
INFO: [Physopt 32-662] Processed net design_1_i/gemv_q8_0_dma_top_0/inst/core/scaled_shifted[1][62]_i_1_n_0.  Did not re-place instance design_1_i/gemv_q8_0_dma_top_0/inst/core/scaled_shifted[1][62]_i_1/O
INFO: [Physopt 32-662] Processed net design_1_i/gemv_q8_0_dma_top_0/inst/core/scaled_shifted[1][62]_i_2_n_0.  Did not re-place instance design_1_i/gemv_q8_0_dma_top_0/inst/core/scaled_shifted[1][62]_i_2/O
INFO: [Physopt 32-662] Processed net design_1_i/gemv_q8_0_dma_top_0/inst/core/scaled_shifted[1][53]_i_1_n_0.  Did not re-place instance design_1_i/gemv_q8_0_dma_top_0/inst/core/scaled_shifted[1][53]_i_1/O
INFO: [Physopt 32-662] Processed net design_1_i/gemv_q8_0_dma_top_0/inst/core/scaled_shifted[1][53]_i_2_n_0.  Did not re-place instance design_1_i/gemv_q8_0_dma_top_0/inst/core/scaled_shifted[1][53]_i_2/O
INFO: [Physopt 32-662] Processed net design_1_i/gemv_q8_0_dma_top_0/inst/core/scaled_product_reg_n_0_[3][0].  Did not re-place instance design_1_i/gemv_q8_0_dma_top_0/inst/core/scaled_product_reg[3][0]/Q
INFO: [Physopt 32-662] Processed net design_1_i/gemv_q8_0_dma_top_0/inst/core/scaled_shifted[1][0]_i_16_n_0.  Did not re-place instance design_1_i/gemv_q8_0_dma_top_0/inst/core/scaled_shifted[1][0]_i_16/O
INFO: [Physopt 32-662] Processed net design_1_i/gemv_q8_0_dma_top_0/inst/core/scaled_shifted[1][0]_i_6_n_0.  Did not re-place instance design_1_i/gemv_q8_0_dma_top_0/inst/core/scaled_shifted[1][0]_i_6/O
INFO: [Physopt 32-662] Processed net design_1_i/gemv_q8_0_dma_top_0/inst/core/scaled_shifted[1][55]_i_1_n_0.  Did not re-place instance design_1_i/gemv_q8_0_dma_top_0/inst/core/scaled_shifted[1][55]_i_1/O
INFO: [Physopt 32-662] Processed net design_1_i/gemv_q8_0_dma_top_0/inst/core/scaled_shifted[1][55]_i_3_n_0.  Did not re-place instance design_1_i/gemv_q8_0_dma_top_0/inst/core/scaled_shifted[1][55]_i_3/O
INFO: [Physopt 32-662] Processed net design_1_i/gemv_q8_0_dma_top_0/inst/core/scaled_product_reg[1]__0_n_102.  Did not re-place instance design_1_i/gemv_q8_0_dma_top_0/inst/core/scaled_shifted[1][23]_i_7_psdsp/Q
INFO: [Physopt 32-662] Processed net design_1_i/gemv_q8_0_dma_top_0/inst/core/scaled_shifted[3][0]_i_14_n_0.  Did not re-place instance design_1_i/gemv_q8_0_dma_top_0/inst/core/scaled_shifted[3][0]_i_14/O
INFO: [Physopt 32-662] Processed net design_1_i/gemv_q8_0_dma_top_0/inst/core/scaled_shifted[3][0]_i_6_n_0.  Did not re-place instance design_1_i/gemv_q8_0_dma_top_0/inst/core/scaled_shifted[3][0]_i_6/O
INFO: [Physopt 32-662] Processed net design_1_i/gemv_q8_0_dma_top_0/inst/core/scaled_product_reg[1]__0_n_104.  Did not re-place instance design_1_i/gemv_q8_0_dma_top_0/inst/core/scaled_shifted[1][19]_i_5_psdsp/Q
INFO: [Physopt 32-662] Processed net design_1_i/gemv_q8_0_dma_top_0/inst/core/scaled_shifted[1][0]_i_11_n_0.  Did not re-place instance design_1_i/gemv_q8_0_dma_top_0/inst/core/scaled_shifted[1][0]_i_11/O
INFO: [Physopt 32-662] Processed net design_1_i/gemv_q8_0_dma_top_0/inst/core/scaled_shifted[1][4]_i_12_n_0.  Did not re-place instance design_1_i/gemv_q8_0_dma_top_0/inst/core/scaled_shifted[1][4]_i_12/O
INFO: [Physopt 32-662] Processed net design_1_i/gemv_q8_0_dma_top_0/inst/core/scaled_shifted[3][58]_i_1_n_0.  Did not re-place instance design_1_i/gemv_q8_0_dma_top_0/inst/core/scaled_shifted[3][58]_i_1/O
INFO: [Physopt 32-662] Processed net design_1_i/gemv_q8_0_dma_top_0/inst/core/scaled_shifted[3][58]_i_2_n_0.  Did not re-place instance design_1_i/gemv_q8_0_dma_top_0/inst/core/scaled_shifted[3][58]_i_2/O
INFO: [Physopt 32-662] Processed net design_1_i/gemv_q8_0_dma_top_0/inst/core/scaled_product_reg[3]__0_n_101.  Did not re-place instance design_1_i/gemv_q8_0_dma_top_0/inst/core/scaled_shifted[3][23]_i_6_psdsp/Q
INFO: [Physopt 32-662] Processed net design_1_i/gemv_q8_0_dma_top_0/inst/core/scaled_product_reg[1]__0_n_101.  Did not re-place instance design_1_i/gemv_q8_0_dma_top_0/inst/core/scaled_shifted[1][23]_i_6_psdsp/Q
INFO: [Physopt 32-662] Processed net design_1_i/gemv_q8_0_dma_top_0/inst/core/scaled_shifted[3][0]_i_5_n_0.  Did not re-place instance design_1_i/gemv_q8_0_dma_top_0/inst/core/scaled_shifted[3][0]_i_5/O
INFO: [Physopt 32-662] Processed net design_1_i/gemv_q8_0_dma_top_0/inst/core/scaled_shifted[3][0]_i_12_n_0.  Did not re-place instance design_1_i/gemv_q8_0_dma_top_0/inst/core/scaled_shifted[3][0]_i_12/O
INFO: [Physopt 32-662] Processed net design_1_i/gemv_q8_0_dma_top_0/inst/core/scaled_shifted[3][0]_i_10_n_0.  Did not re-place instance design_1_i/gemv_q8_0_dma_top_0/inst/core/scaled_shifted[3][0]_i_10/O
INFO: [Physopt 32-662] Processed net design_1_i/gemv_q8_0_dma_top_0/inst/core/scaled_product_reg[3]__0_n_100.  Did not re-place instance design_1_i/gemv_q8_0_dma_top_0/inst/core/scaled_shifted[3][23]_i_5_psdsp/Q
INFO: [Physopt 32-662] Processed net design_1_i/gemv_q8_0_dma_top_0/inst/core/scale_shift_reg_reg[3]_rep__7_n_0.  Did not re-place instance design_1_i/gemv_q8_0_dma_top_0/inst/core/scale_shift_reg_reg[3]_rep__7/Q
INFO: [Physopt 32-662] Processed net design_1_i/gemv_q8_0_dma_top_0/inst/core/scale_shift_reg_reg[4]_rep__16_n_0.  Did not re-place instance design_1_i/gemv_q8_0_dma_top_0/inst/core/scale_shift_reg_reg[4]_rep__16/Q
INFO: [Physopt 32-662] Processed net design_1_i/gemv_q8_0_dma_top_0/inst/core/scaled_shifted[1][0]_i_143_n_0.  Did not re-place instance design_1_i/gemv_q8_0_dma_top_0/inst/core/scaled_shifted[1][0]_i_143/O
INFO: [Physopt 32-662] Processed net design_1_i/gemv_q8_0_dma_top_0/inst/core/scaled_shifted[14][0]_i_16_n_0.  Did not re-place instance design_1_i/gemv_q8_0_dma_top_0/inst/core/scaled_shifted[14][0]_i_16/O
INFO: [Physopt 32-662] Processed net design_1_i/gemv_q8_0_dma_top_0/inst/core/scaled_shifted[14][4]_i_12_n_0.  Did not re-place instance design_1_i/gemv_q8_0_dma_top_0/inst/core/scaled_shifted[14][4]_i_12/O
INFO: [Physopt 32-662] Processed net design_1_i/gemv_q8_0_dma_top_0/inst/core/scaled_shifted[14][4]_i_13_n_0.  Did not re-place instance design_1_i/gemv_q8_0_dma_top_0/inst/core/scaled_shifted[14][4]_i_13/O
INFO: [Physopt 32-662] Processed net design_1_i/gemv_q8_0_dma_top_0/inst/core/scaled_shifted[14][58]_i_1_n_0.  Did not re-place instance design_1_i/gemv_q8_0_dma_top_0/inst/core/scaled_shifted[14][58]_i_1/O
INFO: [Physopt 32-662] Processed net design_1_i/gemv_q8_0_dma_top_0/inst/core/scaled_shifted[14][58]_i_2_n_0.  Did not re-place instance design_1_i/gemv_q8_0_dma_top_0/inst/core/scaled_shifted[14][58]_i_2/O
INFO: [Physopt 32-662] Processed net design_1_i/gemv_q8_0_dma_top_0/inst/core/scaled_shifted[1][57]_i_1_n_0.  Did not re-place instance design_1_i/gemv_q8_0_dma_top_0/inst/core/scaled_shifted[1][57]_i_1/O
INFO: [Physopt 32-662] Processed net design_1_i/gemv_q8_0_dma_top_0/inst/core/scaled_shifted[1][57]_i_2_n_0.  Did not re-place instance design_1_i/gemv_q8_0_dma_top_0/inst/core/scaled_shifted[1][57]_i_2/O
INFO: [Physopt 32-662] Processed net design_1_i/gemv_q8_0_dma_top_0/inst/core/scaled_shifted[1][0]_i_15_n_0.  Did not re-place instance design_1_i/gemv_q8_0_dma_top_0/inst/core/scaled_shifted[1][0]_i_15/O
INFO: [Physopt 32-662] Processed net design_1_i/gemv_q8_0_dma_top_0/inst/core/scaled_shifted[15][0]_i_16_n_0.  Did not re-place instance design_1_i/gemv_q8_0_dma_top_0/inst/core/scaled_shifted[15][0]_i_16/O
INFO: [Physopt 32-662] Processed net design_1_i/gemv_q8_0_dma_top_0/inst/core/scaled_product_reg[15]__0_n_105.  Did not re-place instance design_1_i/gemv_q8_0_dma_top_0/inst/core/scaled_shifted[15][19]_i_6_psdsp/Q
INFO: [Physopt 32-662] Processed net design_1_i/gemv_q8_0_dma_top_0/inst/core/scaled_product_reg[1]__0_n_103.  Did not re-place instance design_1_i/gemv_q8_0_dma_top_0/inst/core/scaled_shifted[1][19]_i_4_psdsp/Q
INFO: [Physopt 32-662] Processed net design_1_i/gemv_q8_0_dma_top_0/inst/core/data1__1[62].  Did not re-place instance design_1_i/gemv_q8_0_dma_top_0/inst/core/scaled_shifted[15][62]_i_2/O
INFO: [Physopt 32-662] Processed net design_1_i/gemv_q8_0_dma_top_0/inst/core/round_shift_i64__2[62].  Did not re-place instance design_1_i/gemv_q8_0_dma_top_0/inst/core/scaled_shifted[15][62]_i_1/O
INFO: [Physopt 32-662] Processed net design_1_i/gemv_q8_0_dma_top_0/inst/core/scaled_shifted[15][4]_i_12_n_0.  Did not re-place instance design_1_i/gemv_q8_0_dma_top_0/inst/core/scaled_shifted[15][4]_i_12/O
INFO: [Physopt 32-662] Processed net design_1_i/gemv_q8_0_dma_top_0/inst/core/scaled_shifted[15][4]_i_13_n_0.  Did not re-place instance design_1_i/gemv_q8_0_dma_top_0/inst/core/scaled_shifted[15][4]_i_13/O
INFO: [Physopt 32-662] Processed net design_1_i/gemv_q8_0_dma_top_0/inst/core/scaled_product_reg[3]__0_n_104.  Did not re-place instance design_1_i/gemv_q8_0_dma_top_0/inst/core/scaled_shifted[3][19]_i_5_psdsp/Q
INFO: [Physopt 32-661] Optimized 0 net.  Re-placed 0 instance.
INFO: [Physopt 32-775] End 1 Pass. Optimized 0 net or cell. Created 0 new cell, deleted 0 existing cell and moved 0 existing cell
Netlist sorting complete. Time (s): cpu = 00:00:00.01 ; elapsed = 00:00:00 . Memory (MB): peak = 3135.762 ; gain = 0.000 ; free physical = 52070 ; free virtual = 64101
Phase 16 Multi Cell Placement Optimization | Checksum: 179783bb7

Time (s): cpu = 00:03:14 ; elapsed = 00:00:39 . Memory (MB): peak = 3135.762 ; gain = 0.000 ; free physical = 52070 ; free virtual = 64101

Phase 17 Rewire
INFO: [Physopt 32-246] Starting Signal Push optimization...
INFO: [Physopt 32-241] No nets found for rewiring () optimization.
INFO: [Physopt 32-232] Optimized 0 net. Created 0 new instance.
INFO: [Physopt 32-775] End 1 Pass. Optimized 0 net or cell. Created 0 new cell, deleted 0 existing cell and moved 0 existing cell
Netlist sorting complete. Time (s): cpu = 00:00:00.01 ; elapsed = 00:00:00.01 . Memory (MB): peak = 3135.762 ; gain = 0.000 ; free physical = 52066 ; free virtual = 64097
Phase 17 Rewire | Checksum: 179783bb7

Time (s): cpu = 00:03:14 ; elapsed = 00:00:39 . Memory (MB): peak = 3135.762 ; gain = 0.000 ; free physical = 52066 ; free virtual = 64097

Phase 18 Critical Cell Optimization
INFO: [Physopt 32-46] Identified 30 candidate nets for critical-cell optimization.
INFO: [Physopt 32-571] Net design_1_i/gemv_q8_0_dma_top_0/inst/core/scaled_shifted[2][28]_i_14_n_0 was not replicated.
INFO: [Physopt 32-571] Net design_1_i/gemv_q8_0_dma_top_0/inst/core/scaled_shifted[8][0]_i_5_n_0 was not replicated.
INFO: [Physopt 32-571] Net design_1_i/gemv_q8_0_dma_top_0/inst/core/scaled_shifted[8][4]_i_5_n_0 was not replicated.
INFO: [Physopt 32-571] Net design_1_i/gemv_q8_0_dma_top_0/inst/core/scaled_shifted[8][0]_i_14_n_0 was not replicated.
INFO: [Physopt 32-571] Net design_1_i/gemv_q8_0_dma_top_0/inst/core/scaled_shifted[14][8]_i_13_n_0 was not replicated.
INFO: [Physopt 32-571] Net design_1_i/gemv_q8_0_dma_top_0/inst/core/scaled_shifted[2][16]_i_14_n_0 was not replicated.
INFO: [Physopt 32-571] Net design_1_i/gemv_q8_0_dma_top_0/inst/core/scaled_shifted[2][12]_i_10_n_0 was not replicated.
INFO: [Physopt 32-571] Net design_1_i/gemv_q8_0_dma_top_0/inst/core/scaled_shifted[12][0]_i_20_n_0 was not replicated.
INFO: [Physopt 32-571] Net design_1_i/gemv_q8_0_dma_top_0/inst/core/scaled_shifted[12][0]_i_7_n_0 was not replicated.
INFO: [Physopt 32-571] Net design_1_i/gemv_q8_0_dma_top_0/inst/core/scaled_product_reg[1]__0_n_94 was not replicated.
INFO: [Physopt 32-571] Net design_1_i/gemv_q8_0_dma_top_0/inst/core/scaled_product_reg[3]__0_n_98 was not replicated.
INFO: [Physopt 32-571] Net design_1_i/gemv_q8_0_dma_top_0/inst/core/scaled_shifted[3][8]_i_14_n_0 was not replicated.
INFO: [Physopt 32-571] Net design_1_i/gemv_q8_0_dma_top_0/inst/core/scale_shift_reg_reg[3]_rep__14_n_0_repN was not replicated.
INFO: [Physopt 32-571] Net design_1_i/gemv_q8_0_dma_top_0/inst/core/scaled_shifted[1][0]_i_126_n_0_repN was not replicated.
INFO: [Physopt 32-571] Net design_1_i/gemv_q8_0_dma_top_0/inst/core/scaled_shifted[5][0]_i_16_n_0 was not replicated.
INFO: [Physopt 32-571] Net design_1_i/gemv_q8_0_dma_top_0/inst/core/scaled_shifted[15][0]_i_10_n_0 was not replicated.
INFO: [Physopt 32-571] Net design_1_i/gemv_q8_0_dma_top_0/inst/core/scaled_product_reg[5]__0_n_101 was not replicated.
INFO: [Physopt 32-571] Net design_1_i/gemv_q8_0_dma_top_0/inst/core/scaled_shifted[12][0]_i_15_n_0 was not replicated.
INFO: [Physopt 32-571] Net design_1_i/gemv_q8_0_dma_top_0/inst/core/scaled_product_reg[15]__0_n_104 was not replicated.
INFO: [Physopt 32-571] Net design_1_i/gemv_q8_0_dma_top_0/inst/core/scaled_shifted[15][0]_i_15_n_0 was not replicated.
INFO: [Physopt 32-571] Net design_1_i/gemv_q8_0_dma_top_0/inst/core/scaled_shifted[12][0]_i_18_n_0 was not replicated.
INFO: [Physopt 32-571] Net design_1_i/gemv_q8_0_dma_top_0/inst/core/scaled_shifted[8][0]_i_10_n_0 was not replicated.
INFO: [Physopt 32-571] Net design_1_i/gemv_q8_0_dma_top_0/inst/core/scaled_shifted[1][0]_i_43_n_0 was not replicated.
INFO: [Physopt 32-571] Net design_1_i/gemv_q8_0_dma_top_0/inst/core/scaled_shifted[2][20]_i_12_n_0 was not replicated.
INFO: [Physopt 32-571] Net design_1_i/gemv_q8_0_dma_top_0/inst/core/scaled_shifted[2][32]_i_18_n_0 was not replicated.
INFO: [Physopt 32-571] Net design_1_i/gemv_q8_0_dma_top_0/inst/core/scaled_product_reg[1]__0_n_95 was not replicated.
INFO: [Physopt 32-571] Net design_1_i/gemv_q8_0_dma_top_0/inst/core/block_acc[9][31]_i_2_n_0 was not replicated.
INFO: [Physopt 32-232] Optimized 0 net. Created 0 new instance.
INFO: [Physopt 32-775] End 1 Pass. Optimized 0 net or cell. Created 0 new cell, deleted 0 existing cell and moved 0 existing cell
Phase 18 Critical Cell Optimization | Checksum: 179783bb7

Time (s): cpu = 00:03:14 ; elapsed = 00:00:39 . Memory (MB): peak = 3135.762 ; gain = 0.000 ; free physical = 52076 ; free virtual = 64107

Phase 19 DSP Register Optimization
INFO: [Physopt 32-457] Pass 1. Identified 11 candidate cells for DSP register optimization.
INFO: [Physopt 32-665] Processed cell design_1_i/gemv_q8_0_dma_top_0/inst/core/scaled_product_reg[9]. 15 registers were pushed out.
INFO: [Physopt 32-665] Processed cell design_1_i/gemv_q8_0_dma_top_0/inst/core/mul_i32_i32_to_i64_return__4__2. 17 registers were pushed out.
INFO: [Physopt 32-665] Processed cell design_1_i/gemv_q8_0_dma_top_0/inst/core/scaled_product_reg[13]__0. 17 registers were pushed out.
INFO: [Physopt 32-666] Processed cell design_1_i/gemv_q8_0_dma_top_0/inst/core/mul_i32_i32_to_i64_return__7__0. No change.
INFO: [Physopt 32-665] Processed cell design_1_i/gemv_q8_0_dma_top_0/inst/core/scaled_product_reg[0]. 30 registers were pushed out.
INFO: [Physopt 32-666] Processed cell design_1_i/gemv_q8_0_dma_top_0/inst/core/scaled_product_reg[8]__0. No change.
INFO: [Physopt 32-665] Processed cell design_1_i/gemv_q8_0_dma_top_0/inst/core/mul_i32_i32_to_i64_return__1__2. 15 registers were pushed out.
INFO: [Physopt 32-665] Processed cell design_1_i/gemv_q8_0_dma_top_0/inst/core/scaled_product_reg[10]. 30 registers were pushed out.
INFO: [Physopt 32-665] Processed cell design_1_i/gemv_q8_0_dma_top_0/inst/core/mul_i32_i32_to_i64_return__7. 15 registers were pushed out.
INFO: [Physopt 32-665] Processed cell design_1_i/gemv_q8_0_dma_top_0/inst/core/scaled_product_reg[10]__0. 17 registers were pushed out.
INFO: [Physopt 32-665] Processed cell design_1_i/gemv_q8_0_dma_top_0/inst/core/mul_i32_i32_to_i64_return__4__1. 17 registers were pushed out.
INFO: [Physopt 32-775] End 1 Pass. Optimized 9 nets or cells. Created 173 new cells, deleted 0 existing cell and moved 0 existing cell
INFO: [Physopt 32-619] Estimated Timing Summary | WNS=-0.171 | TNS=-1.124 |
Netlist sorting complete. Time (s): cpu = 00:00:00.07 ; elapsed = 00:00:00.08 . Memory (MB): peak = 3135.762 ; gain = 0.000 ; free physical = 52085 ; free virtual = 64118
Phase 19 DSP Register Optimization | Checksum: 1c817de24

Time (s): cpu = 00:03:47 ; elapsed = 00:00:45 . Memory (MB): peak = 3135.762 ; gain = 0.000 ; free physical = 52085 ; free virtual = 64118

Phase 20 BRAM Register Optimization
INFO: [Physopt 32-526] No candidate cells for BRAM register optimization found in the design
INFO: [Physopt 32-775] End 1 Pass. Optimized 0 net or cell. Created 0 new cell, deleted 0 existing cell and moved 0 existing cell
Phase 20 BRAM Register Optimization | Checksum: 1c817de24

Time (s): cpu = 00:03:47 ; elapsed = 00:00:45 . Memory (MB): peak = 3135.762 ; gain = 0.000 ; free physical = 52085 ; free virtual = 64118

Phase 21 URAM Register Optimization
INFO: [Physopt 32-846] No candidate cells for URAM register optimization found in the design
INFO: [Physopt 32-775] End 1 Pass. Optimized 0 net or cell. Created 0 new cell, deleted 0 existing cell and moved 0 existing cell
INFO: [Physopt 32-846] No candidate cells for URAM register optimization found in the design
INFO: [Physopt 32-775] End 1 Pass. Optimized 0 net or cell. Created 0 new cell, deleted 0 existing cell and moved 0 existing cell
Phase 21 URAM Register Optimization | Checksum: 1c817de24

Time (s): cpu = 00:03:47 ; elapsed = 00:00:45 . Memory (MB): peak = 3135.762 ; gain = 0.000 ; free physical = 52095 ; free virtual = 64123

Phase 22 Shift Register Optimization
INFO: [Physopt 32-1401] No candidate cells found for Shift Register optimization.
INFO: [Physopt 32-677] No candidate cells for Shift Register optimization found in the design
INFO: [Physopt 32-775] End 1 Pass. Optimized 0 net or cell. Created 0 new cell, deleted 0 existing cell and moved 0 existing cell
Phase 22 Shift Register Optimization | Checksum: 1c817de24

Time (s): cpu = 00:03:47 ; elapsed = 00:00:45 . Memory (MB): peak = 3135.762 ; gain = 0.000 ; free physical = 52089 ; free virtual = 64122

Phase 23 DSP Register Optimization
INFO: [Physopt 32-456] No candidate cells for DSP register optimization found in the design.
INFO: [Physopt 32-775] End 1 Pass. Optimized 0 net or cell. Created 0 new cell, deleted 0 existing cell and moved 0 existing cell
Phase 23 DSP Register Optimization | Checksum: 1c817de24

Time (s): cpu = 00:03:47 ; elapsed = 00:00:45 . Memory (MB): peak = 3135.762 ; gain = 0.000 ; free physical = 52089 ; free virtual = 64122

Phase 24 BRAM Register Optimization
INFO: [Physopt 32-526] No candidate cells for BRAM register optimization found in the design
INFO: [Physopt 32-775] End 1 Pass. Optimized 0 net or cell. Created 0 new cell, deleted 0 existing cell and moved 0 existing cell
Phase 24 BRAM Register Optimization | Checksum: 1c817de24

Time (s): cpu = 00:03:47 ; elapsed = 00:00:45 . Memory (MB): peak = 3135.762 ; gain = 0.000 ; free physical = 52089 ; free virtual = 64122

Phase 25 URAM Register Optimization
INFO: [Physopt 32-846] No candidate cells for URAM register optimization found in the design
INFO: [Physopt 32-775] End 1 Pass. Optimized 0 net or cell. Created 0 new cell, deleted 0 existing cell and moved 0 existing cell
INFO: [Physopt 32-846] No candidate cells for URAM register optimization found in the design
INFO: [Physopt 32-775] End 1 Pass. Optimized 0 net or cell. Created 0 new cell, deleted 0 existing cell and moved 0 existing cell
Phase 25 URAM Register Optimization | Checksum: 1c817de24

Time (s): cpu = 00:03:47 ; elapsed = 00:00:45 . Memory (MB): peak = 3135.762 ; gain = 0.000 ; free physical = 52085 ; free virtual = 64118

Phase 26 Shift Register Optimization
INFO: [Physopt 32-1401] No candidate cells found for Shift Register optimization.
INFO: [Physopt 32-677] No candidate cells for Shift Register optimization found in the design
INFO: [Physopt 32-775] End 1 Pass. Optimized 0 net or cell. Created 0 new cell, deleted 0 existing cell and moved 0 existing cell
Phase 26 Shift Register Optimization | Checksum: 1c817de24

Time (s): cpu = 00:03:47 ; elapsed = 00:00:45 . Memory (MB): peak = 3135.762 ; gain = 0.000 ; free physical = 52085 ; free virtual = 64118

Phase 27 Critical Pin Optimization
INFO: [Physopt 32-606] Identified 100 candidate nets for critical-pin optimization.
INFO: [Physopt 32-608] Optimized 30 nets.  Swapped 535 pins.
INFO: [Physopt 32-775] End 1 Pass. Optimized 30 nets or cells. Created 0 new cell, deleted 0 existing cell and moved 535 existing cells
INFO: [Physopt 32-619] Estimated Timing Summary | WNS=-0.171 | TNS=-1.097 |
Netlist sorting complete. Time (s): cpu = 00:00:00 ; elapsed = 00:00:00 . Memory (MB): peak = 3135.762 ; gain = 0.000 ; free physical = 52085 ; free virtual = 64118
Phase 27 Critical Pin Optimization | Checksum: 1c817de24

Time (s): cpu = 00:03:47 ; elapsed = 00:00:45 . Memory (MB): peak = 3135.762 ; gain = 0.000 ; free physical = 52087 ; free virtual = 64120

Phase 28 Very High Fanout Optimization
INFO: [Physopt 32-1408] Pass 1. Identified 1 candidate net for high-fanout optimization.
INFO: [Physopt 32-232] Optimized 0 net. Created 0 new instance.
INFO: [Physopt 32-775] End 1 Pass. Optimized 0 net or cell. Created 0 new cell, deleted 0 existing cell and moved 0 existing cell
Phase 28 Very High Fanout Optimization | Checksum: 1c817de24

Time (s): cpu = 00:03:47 ; elapsed = 00:00:45 . Memory (MB): peak = 3135.762 ; gain = 0.000 ; free physical = 52091 ; free virtual = 64124

Phase 29 Single Cell Placement Optimization
INFO: [Physopt 32-660] Identified 250 candidate nets for placement-based optimization.
INFO: [Physopt 32-662] Processed net design_1_i/gemv_q8_0_dma_top_0/inst/core/scaled_shifted[3][0]_i_16_n_0.  Did not re-place instance design_1_i/gemv_q8_0_dma_top_0/inst/core/scaled_shifted[3][0]_i_16
INFO: [Physopt 32-662] Processed net design_1_i/gemv_q8_0_dma_top_0/inst/core/scaled_product_reg[3]__0_n_105.  Did not re-place instance design_1_i/gemv_q8_0_dma_top_0/inst/core/scaled_shifted[3][19]_i_6_psdsp
INFO: [Physopt 32-662] Processed net design_1_i/gemv_q8_0_dma_top_0/inst/core/scaled_shifted[3][0]_i_54_n_0.  Did not re-place instance design_1_i/gemv_q8_0_dma_top_0/inst/core/scaled_shifted[3][0]_i_54
INFO: [Physopt 32-662] Processed net design_1_i/gemv_q8_0_dma_top_0/inst/core/scaled_shifted[3][19]_i_6_n_0.  Did not re-place instance design_1_i/gemv_q8_0_dma_top_0/inst/core/scaled_shifted[3][19]_i_6
INFO: [Physopt 32-662] Processed net design_1_i/gemv_q8_0_dma_top_0/inst/core/scaled_shifted[3][4]_i_12_n_0.  Did not re-place instance design_1_i/gemv_q8_0_dma_top_0/inst/core/scaled_shifted[3][4]_i_12
INFO: [Physopt 32-662] Processed net design_1_i/gemv_q8_0_dma_top_0/inst/core/scaled_shifted[3][4]_i_13_n_0.  Did not re-place instance design_1_i/gemv_q8_0_dma_top_0/inst/core/scaled_shifted[3][4]_i_13
INFO: [Physopt 32-662] Processed net design_1_i/gemv_q8_0_dma_top_0/inst/core/scaled_shifted[3][4]_i_9_n_0.  Did not re-place instance design_1_i/gemv_q8_0_dma_top_0/inst/core/scaled_shifted[3][4]_i_9
INFO: [Physopt 32-662] Processed net design_1_i/gemv_q8_0_dma_top_0/inst/core/scaled_shifted[3][56]_i_1_n_0.  Did not re-place instance design_1_i/gemv_q8_0_dma_top_0/inst/core/scaled_shifted[3][56]_i_1
INFO: [Physopt 32-662] Processed net design_1_i/gemv_q8_0_dma_top_0/inst/core/scaled_shifted[3][56]_i_2_n_0.  Did not re-place instance design_1_i/gemv_q8_0_dma_top_0/inst/core/scaled_shifted[3][56]_i_2
INFO: [Physopt 32-662] Processed net design_1_i/gemv_q8_0_dma_top_0/inst/core/scaled_shifted_reg[3]_5[56].  Did not re-place instance design_1_i/gemv_q8_0_dma_top_0/inst/core/scaled_shifted_reg[3][56]
INFO: [Physopt 32-662] Processed net design_1_i/gemv_q8_0_dma_top_0/inst/core/scaled_shifted[3][0]_i_82_n_0.  Did not re-place instance design_1_i/gemv_q8_0_dma_top_0/inst/core/scaled_shifted[3][0]_i_82
INFO: [Physopt 32-662] Processed net design_1_i/gemv_q8_0_dma_top_0/inst/core/scaled_shifted[1][0]_i_5_n_0.  Did not re-place instance design_1_i/gemv_q8_0_dma_top_0/inst/core/scaled_shifted[1][0]_i_5
INFO: [Physopt 32-662] Processed net design_1_i/gemv_q8_0_dma_top_0/inst/core/scaled_shifted[1][0]_i_10_n_0.  Did not re-place instance design_1_i/gemv_q8_0_dma_top_0/inst/core/scaled_shifted[1][0]_i_10
INFO: [Physopt 32-662] Processed net design_1_i/gemv_q8_0_dma_top_0/inst/core/scaled_product_reg[1]__0_n_105.  Did not re-place instance design_1_i/gemv_q8_0_dma_top_0/inst/core/scaled_shifted[1][19]_i_6_psdsp
INFO: [Physopt 32-662] Processed net design_1_i/gemv_q8_0_dma_top_0/inst/core/scaled_shifted[1][4]_i_5_n_0.  Did not re-place instance design_1_i/gemv_q8_0_dma_top_0/inst/core/scaled_shifted[1][0]_i_3
INFO: [Physopt 32-662] Processed net design_1_i/gemv_q8_0_dma_top_0/inst/core/scaled_shifted[1][0]_i_98_n_0.  Did not re-place instance design_1_i/gemv_q8_0_dma_top_0/inst/core/scaled_shifted[1][0]_i_98
INFO: [Physopt 32-662] Processed net design_1_i/gemv_q8_0_dma_top_0/inst/core/scaled_shifted[1][19]_i_6_n_0.  Did not re-place instance design_1_i/gemv_q8_0_dma_top_0/inst/core/scaled_shifted[1][19]_i_6
INFO: [Physopt 32-662] Processed net design_1_i/gemv_q8_0_dma_top_0/inst/core/scaled_shifted[1][62]_i_1_n_0.  Did not re-place instance design_1_i/gemv_q8_0_dma_top_0/inst/core/scaled_shifted[1][62]_i_1
INFO: [Physopt 32-662] Processed net design_1_i/gemv_q8_0_dma_top_0/inst/core/scaled_shifted[1][62]_i_2_n_0.  Did not re-place instance design_1_i/gemv_q8_0_dma_top_0/inst/core/scaled_shifted[1][62]_i_2
INFO: [Physopt 32-662] Processed net design_1_i/gemv_q8_0_dma_top_0/inst/core/scaled_shifted_reg[1]_1[62].  Did not re-place instance design_1_i/gemv_q8_0_dma_top_0/inst/core/scaled_shifted_reg[1][62]
INFO: [Physopt 32-662] Processed net design_1_i/gemv_q8_0_dma_top_0/inst/core/scaled_shifted[1][53]_i_1_n_0.  Did not re-place instance design_1_i/gemv_q8_0_dma_top_0/inst/core/scaled_shifted[1][53]_i_1
INFO: [Physopt 32-662] Processed net design_1_i/gemv_q8_0_dma_top_0/inst/core/scaled_shifted[1][53]_i_2_n_0.  Did not re-place instance design_1_i/gemv_q8_0_dma_top_0/inst/core/scaled_shifted[1][53]_i_2
INFO: [Physopt 32-662] Processed net design_1_i/gemv_q8_0_dma_top_0/inst/core/scaled_shifted_reg[1]_1[53].  Did not re-place instance design_1_i/gemv_q8_0_dma_top_0/inst/core/scaled_shifted_reg[1][53]
INFO: [Physopt 32-662] Processed net design_1_i/gemv_q8_0_dma_top_0/inst/core/scaled_shifted[1][0]_i_46_n_0.  Did not re-place instance design_1_i/gemv_q8_0_dma_top_0/inst/core/scaled_shifted[1][0]_i_46
INFO: [Physopt 32-662] Processed net design_1_i/gemv_q8_0_dma_top_0/inst/core/scaled_shifted[3][0]_i_74_n_0.  Did not re-place instance design_1_i/gemv_q8_0_dma_top_0/inst/core/scaled_shifted[3][0]_i_74
INFO: [Physopt 32-662] Processed net design_1_i/gemv_q8_0_dma_top_0/inst/core/scaled_shifted[1][0]_i_138_n_0.  Did not re-place instance design_1_i/gemv_q8_0_dma_top_0/inst/core/scaled_shifted[1][0]_i_138
INFO: [Physopt 32-662] Processed net design_1_i/gemv_q8_0_dma_top_0/inst/core/scaled_shifted[1][0]_i_82_n_0.  Did not re-place instance design_1_i/gemv_q8_0_dma_top_0/inst/core/scaled_shifted[1][0]_i_82
INFO: [Physopt 32-663] Processed net design_1_i/gemv_q8_0_dma_top_0/inst/core/scale_shift_reg_reg[3]_rep__7_n_0.  Re-placed instance design_1_i/gemv_q8_0_dma_top_0/inst/core/scale_shift_reg_reg[3]_rep__7
INFO: [Physopt 32-662] Processed net design_1_i/gemv_q8_0_dma_top_0/inst/core/scale_shift_reg_reg[4]_rep__16_n_0.  Did not re-place instance design_1_i/gemv_q8_0_dma_top_0/inst/core/scale_shift_reg_reg[4]_rep__16
INFO: [Physopt 32-662] Processed net design_1_i/gemv_q8_0_dma_top_0/inst/core/scaled_shifted[1][0]_i_143_n_0.  Did not re-place instance design_1_i/gemv_q8_0_dma_top_0/inst/core/scaled_shifted[1][0]_i_143
INFO: [Physopt 32-662] Processed net design_1_i/gemv_q8_0_dma_top_0/inst/core/scaled_shifted[2][20]_i_12_n_0.  Did not re-place instance design_1_i/gemv_q8_0_dma_top_0/inst/core/scaled_shifted[2][20]_i_12
INFO: [Physopt 32-662] Processed net design_1_i/gemv_q8_0_dma_top_0/inst/core/scaled_shifted[2][32]_i_18_n_0.  Did not re-place instance design_1_i/gemv_q8_0_dma_top_0/inst/core/scaled_shifted[2][32]_i_18
INFO: [Physopt 32-662] Processed net design_1_i/gemv_q8_0_dma_top_0/inst/core/scaled_shifted[2][0]_i_95_n_0.  Did not re-place instance design_1_i/gemv_q8_0_dma_top_0/inst/core/scaled_shifted[2][0]_i_95
INFO: [Physopt 32-663] Processed net design_1_i/gemv_q8_0_dma_top_0/inst/core/scaled_shifted[2][20]_i_8_n_0.  Re-placed instance design_1_i/gemv_q8_0_dma_top_0/inst/core/scaled_shifted[2][20]_i_8
INFO: [Physopt 32-663] Processed net design_1_i/gemv_q8_0_dma_top_0/inst/core/scaled_shifted[2][55]_i_1_n_0.  Re-placed instance design_1_i/gemv_q8_0_dma_top_0/inst/core/scaled_shifted[2][55]_i_1
INFO: [Physopt 32-662] Processed net design_1_i/gemv_q8_0_dma_top_0/inst/core/scaled_shifted[2][55]_i_3_n_0.  Did not re-place instance design_1_i/gemv_q8_0_dma_top_0/inst/core/scaled_shifted[2][55]_i_3
INFO: [Physopt 32-662] Processed net design_1_i/gemv_q8_0_dma_top_0/inst/core/scaled_shifted_reg[2]_3[55].  Did not re-place instance design_1_i/gemv_q8_0_dma_top_0/inst/core/scaled_shifted_reg[2][55]
INFO: [Physopt 32-662] Processed net design_1_i/gemv_q8_0_dma_top_0/inst/core/scaled_shifted[1][0]_i_106_n_0.  Did not re-place instance design_1_i/gemv_q8_0_dma_top_0/inst/core/scaled_shifted[1][0]_i_106
INFO: [Physopt 32-663] Processed net design_1_i/gemv_q8_0_dma_top_0/inst/core/scaled_shifted[3][57]_i_1_n_0.  Re-placed instance design_1_i/gemv_q8_0_dma_top_0/inst/core/scaled_shifted[3][57]_i_1
INFO: [Physopt 32-662] Processed net design_1_i/gemv_q8_0_dma_top_0/inst/core/scaled_shifted[3][57]_i_2_n_0.  Did not re-place instance design_1_i/gemv_q8_0_dma_top_0/inst/core/scaled_shifted[3][57]_i_2
INFO: [Physopt 32-662] Processed net design_1_i/gemv_q8_0_dma_top_0/inst/core/scaled_shifted_reg[3]_5[57].  Did not re-place instance design_1_i/gemv_q8_0_dma_top_0/inst/core/scaled_shifted_reg[3][57]
INFO: [Physopt 32-662] Processed net design_1_i/gemv_q8_0_dma_top_0/inst/core/scaled_shifted[3][0]_i_42_n_0.  Did not re-place instance design_1_i/gemv_q8_0_dma_top_0/inst/core/scaled_shifted[3][0]_i_42
INFO: [Physopt 32-662] Processed net design_1_i/gemv_q8_0_dma_top_0/inst/core/scaled_shifted[1][0]_i_54_n_0.  Did not re-place instance design_1_i/gemv_q8_0_dma_top_0/inst/core/scaled_shifted[1][0]_i_54
INFO: [Physopt 32-662] Processed net design_1_i/gemv_q8_0_dma_top_0/inst/core/scaled_shifted[1][0]_i_122_n_0.  Did not re-place instance design_1_i/gemv_q8_0_dma_top_0/inst/core/scaled_shifted[1][0]_i_122
INFO: [Physopt 32-662] Processed net design_1_i/gemv_q8_0_dma_top_0/inst/core/scaled_shifted[2][16]_i_6_n_0.  Did not re-place instance design_1_i/gemv_q8_0_dma_top_0/inst/core/scaled_shifted[2][16]_i_6
INFO: [Physopt 32-662] Processed net design_1_i/gemv_q8_0_dma_top_0/inst/core/scaled_product_reg_n_0_[3][0].  Did not re-place instance design_1_i/gemv_q8_0_dma_top_0/inst/core/scaled_product_reg[3][0]
INFO: [Physopt 32-662] Processed net design_1_i/gemv_q8_0_dma_top_0/inst/core/scaled_shifted[1][0]_i_16_n_0.  Did not re-place instance design_1_i/gemv_q8_0_dma_top_0/inst/core/scaled_shifted[1][0]_i_16
INFO: [Physopt 32-662] Processed net design_1_i/gemv_q8_0_dma_top_0/inst/core/scaled_shifted[1][0]_i_6_n_0.  Did not re-place instance design_1_i/gemv_q8_0_dma_top_0/inst/core/scaled_shifted[1][0]_i_6
INFO: [Physopt 32-662] Processed net design_1_i/gemv_q8_0_dma_top_0/inst/core/scaled_shifted[1][55]_i_1_n_0.  Did not re-place instance design_1_i/gemv_q8_0_dma_top_0/inst/core/scaled_shifted[1][55]_i_1
INFO: [Physopt 32-662] Processed net design_1_i/gemv_q8_0_dma_top_0/inst/core/scaled_shifted[1][55]_i_3_n_0.  Did not re-place instance design_1_i/gemv_q8_0_dma_top_0/inst/core/scaled_shifted[1][55]_i_3
INFO: [Physopt 32-662] Processed net design_1_i/gemv_q8_0_dma_top_0/inst/core/scaled_shifted_reg[1]_1[55].  Did not re-place instance design_1_i/gemv_q8_0_dma_top_0/inst/core/scaled_shifted_reg[1][55]
INFO: [Physopt 32-662] Processed net design_1_i/gemv_q8_0_dma_top_0/inst/core/scaled_shifted[2][8]_i_12_n_0.  Did not re-place instance design_1_i/gemv_q8_0_dma_top_0/inst/core/scaled_shifted[2][8]_i_12
INFO: [Physopt 32-662] Processed net design_1_i/gemv_q8_0_dma_top_0/inst/core/scaled_shifted[2][0]_i_20_n_0.  Did not re-place instance design_1_i/gemv_q8_0_dma_top_0/inst/core/scaled_shifted[2][0]_i_20
INFO: [Physopt 32-662] Processed net design_1_i/gemv_q8_0_dma_top_0/inst/core/scaled_shifted[2][8]_i_7_n_0.  Did not re-place instance design_1_i/gemv_q8_0_dma_top_0/inst/core/scaled_shifted[2][8]_i_7
INFO: [Physopt 32-662] Processed net design_1_i/gemv_q8_0_dma_top_0/inst/core/scaled_shifted[2][8]_i_8_n_0.  Did not re-place instance design_1_i/gemv_q8_0_dma_top_0/inst/core/scaled_shifted[2][8]_i_8
INFO: [Physopt 32-662] Processed net design_1_i/gemv_q8_0_dma_top_0/inst/core/scaled_shifted[2][0]_i_10_n_0.  Did not re-place instance design_1_i/gemv_q8_0_dma_top_0/inst/core/scaled_shifted[2][0]_i_10
INFO: [Physopt 32-662] Processed net design_1_i/gemv_q8_0_dma_top_0/inst/core/scaled_shifted[2][0]_i_5_n_0.  Did not re-place instance design_1_i/gemv_q8_0_dma_top_0/inst/core/scaled_shifted[2][0]_i_5
INFO: [Physopt 32-662] Processed net design_1_i/gemv_q8_0_dma_top_0/inst/core/scaled_shifted[2][4]_i_12_n_0.  Did not re-place instance design_1_i/gemv_q8_0_dma_top_0/inst/core/scaled_shifted[2][4]_i_12
INFO: [Physopt 32-662] Processed net design_1_i/gemv_q8_0_dma_top_0/inst/core/scaled_shifted[2][4]_i_9_n_0.  Did not re-place instance design_1_i/gemv_q8_0_dma_top_0/inst/core/scaled_shifted[2][4]_i_9
INFO: [Physopt 32-663] Processed net design_1_i/gemv_q8_0_dma_top_0/inst/core/scaled_shifted[2][57]_i_1_n_0.  Re-placed instance design_1_i/gemv_q8_0_dma_top_0/inst/core/scaled_shifted[2][57]_i_1
INFO: [Physopt 32-662] Processed net design_1_i/gemv_q8_0_dma_top_0/inst/core/scaled_shifted[2][57]_i_2_n_0.  Did not re-place instance design_1_i/gemv_q8_0_dma_top_0/inst/core/scaled_shifted[2][57]_i_2
INFO: [Physopt 32-662] Processed net design_1_i/gemv_q8_0_dma_top_0/inst/core/scaled_shifted_reg[2]_3[57].  Did not re-place instance design_1_i/gemv_q8_0_dma_top_0/inst/core/scaled_shifted_reg[2][57]
INFO: [Physopt 32-662] Processed net design_1_i/gemv_q8_0_dma_top_0/inst/core/scaled_shifted[2][16]_i_12_n_0.  Did not re-place instance design_1_i/gemv_q8_0_dma_top_0/inst/core/scaled_shifted[2][16]_i_12
INFO: [Physopt 32-662] Processed net design_1_i/gemv_q8_0_dma_top_0/inst/core/scaled_shifted[2][20]_i_16_n_0.  Did not re-place instance design_1_i/gemv_q8_0_dma_top_0/inst/core/scaled_shifted[2][20]_i_16
INFO: [Physopt 32-662] Processed net design_1_i/gemv_q8_0_dma_top_0/inst/core/scaled_shifted[2][12]_i_6_n_0.  Did not re-place instance design_1_i/gemv_q8_0_dma_top_0/inst/core/scaled_shifted[2][12]_i_6
INFO: [Physopt 32-662] Processed net design_1_i/gemv_q8_0_dma_top_0/inst/core/scaled_shifted[2][4]_i_6_n_0.  Did not re-place instance design_1_i/gemv_q8_0_dma_top_0/inst/core/scaled_shifted[2][4]_i_6
INFO: [Physopt 32-662] Processed net design_1_i/gemv_q8_0_dma_top_0/inst/core/scaled_shifted[2][0]_i_18_n_0.  Did not re-place instance design_1_i/gemv_q8_0_dma_top_0/inst/core/scaled_shifted[2][0]_i_18
INFO: [Physopt 32-662] Processed net design_1_i/gemv_q8_0_dma_top_0/inst/core/scaled_shifted[2][12]_i_12_n_0.  Did not re-place instance design_1_i/gemv_q8_0_dma_top_0/inst/core/scaled_shifted[2][12]_i_12
INFO: [Physopt 32-662] Processed net design_1_i/gemv_q8_0_dma_top_0/inst/core/scaled_shifted[2][12]_i_8_n_0.  Did not re-place instance design_1_i/gemv_q8_0_dma_top_0/inst/core/scaled_shifted[2][12]_i_8
INFO: [Physopt 32-662] Processed net design_1_i/gemv_q8_0_dma_top_0/inst/core/scaled_shifted[2][16]_i_11_n_0.  Did not re-place instance design_1_i/gemv_q8_0_dma_top_0/inst/core/scaled_shifted[2][16]_i_11
INFO: [Physopt 32-662] Processed net design_1_i/gemv_q8_0_dma_top_0/inst/core/scaled_shifted[2][28]_i_15_n_0.  Did not re-place instance design_1_i/gemv_q8_0_dma_top_0/inst/core/scaled_shifted[2][28]_i_15
INFO: [Physopt 32-662] Processed net design_1_i/gemv_q8_0_dma_top_0/inst/core/scaled_shifted[2][16]_i_7_n_0.  Did not re-place instance design_1_i/gemv_q8_0_dma_top_0/inst/core/scaled_shifted[2][16]_i_7
INFO: [Physopt 32-662] Processed net design_1_i/gemv_q8_0_dma_top_0/inst/core/scaled_product_reg_n_0_[1][3].  Did not re-place instance design_1_i/gemv_q8_0_dma_top_0/inst/core/scaled_product_reg[1][3]
INFO: [Physopt 32-662] Processed net design_1_i/gemv_q8_0_dma_top_0/inst/core/scaled_shifted[1][23]_i_7_n_0.  Did not re-place instance design_1_i/gemv_q8_0_dma_top_0/inst/core/scaled_shifted[1][23]_i_7
INFO: [Physopt 32-662] Processed net design_1_i/gemv_q8_0_dma_top_0/inst/core/scaled_shifted[1][0]_i_142_n_0.  Did not re-place instance design_1_i/gemv_q8_0_dma_top_0/inst/core/scaled_shifted[1][0]_i_142
INFO: [Physopt 32-662] Processed net design_1_i/gemv_q8_0_dma_top_0/inst/core/scaled_shifted[2][16]_i_13_n_0.  Did not re-place instance design_1_i/gemv_q8_0_dma_top_0/inst/core/scaled_shifted[2][16]_i_13
INFO: [Physopt 32-662] Processed net design_1_i/gemv_q8_0_dma_top_0/inst/core/scaled_shifted[2][40]_i_11_n_0.  Did not re-place instance design_1_i/gemv_q8_0_dma_top_0/inst/core/scaled_shifted[2][40]_i_11
INFO: [Physopt 32-662] Processed net design_1_i/gemv_q8_0_dma_top_0/inst/core/scaled_shifted[2][28]_i_17_n_0.  Did not re-place instance design_1_i/gemv_q8_0_dma_top_0/inst/core/scaled_shifted[2][28]_i_17
INFO: [Physopt 32-662] Processed net design_1_i/gemv_q8_0_dma_top_0/inst/core/scaled_shifted[2][36]_i_14_n_0.  Did not re-place instance design_1_i/gemv_q8_0_dma_top_0/inst/core/scaled_shifted[2][36]_i_14
INFO: [Physopt 32-662] Processed net design_1_i/gemv_q8_0_dma_top_0/inst/core/scaled_shifted[2][44]_i_15_n_0.  Did not re-place instance design_1_i/gemv_q8_0_dma_top_0/inst/core/scaled_shifted[2][44]_i_15
INFO: [Physopt 32-662] Processed net design_1_i/gemv_q8_0_dma_top_0/inst/core/scaled_shifted[2][0]_i_94_n_0.  Did not re-place instance design_1_i/gemv_q8_0_dma_top_0/inst/core/scaled_shifted[2][0]_i_94
INFO: [Physopt 32-662] Processed net design_1_i/gemv_q8_0_dma_top_0/inst/core/scaled_shifted[2][12]_i_7_n_0.  Did not re-place instance design_1_i/gemv_q8_0_dma_top_0/inst/core/scaled_shifted[2][12]_i_7
INFO: [Physopt 32-663] Processed net design_1_i/gemv_q8_0_dma_top_0/inst/core/scaled_shifted[2][40]_i_7_n_0.  Re-placed instance design_1_i/gemv_q8_0_dma_top_0/inst/core/scaled_shifted[2][40]_i_7
INFO: [Physopt 32-662] Processed net design_1_i/gemv_q8_0_dma_top_0/inst/core/scaled_shifted[2][4]_i_5_n_0.  Did not re-place instance design_1_i/gemv_q8_0_dma_top_0/inst/core/scaled_shifted[2][0]_i_3
INFO: [Physopt 32-662] Processed net design_1_i/gemv_q8_0_dma_top_0/inst/core/scaled_shifted[2][12]_i_10_n_0.  Did not re-place instance design_1_i/gemv_q8_0_dma_top_0/inst/core/scaled_shifted[2][12]_i_10
INFO: [Physopt 32-662] Processed net design_1_i/gemv_q8_0_dma_top_0/inst/core/scaled_shifted[2][24]_i_14_n_0.  Did not re-place instance design_1_i/gemv_q8_0_dma_top_0/inst/core/scaled_shifted[2][24]_i_14
INFO: [Physopt 32-662] Processed net design_1_i/gemv_q8_0_dma_top_0/inst/core/scaled_shifted[2][16]_i_10_n_0.  Did not re-place instance design_1_i/gemv_q8_0_dma_top_0/inst/core/scaled_shifted[2][16]_i_10
INFO: [Physopt 32-662] Processed net design_1_i/gemv_q8_0_dma_top_0/inst/core/scaled_shifted[2][20]_i_14_n_0.  Did not re-place instance design_1_i/gemv_q8_0_dma_top_0/inst/core/scaled_shifted[2][20]_i_14
INFO: [Physopt 32-662] Processed net design_1_i/gemv_q8_0_dma_top_0/inst/core/scaled_shifted[2][16]_i_8_n_0.  Did not re-place instance design_1_i/gemv_q8_0_dma_top_0/inst/core/scaled_shifted[2][16]_i_8
INFO: [Physopt 32-662] Processed net design_1_i/gemv_q8_0_dma_top_0/inst/core/scaled_shifted[2][24]_i_16_n_0.  Did not re-place instance design_1_i/gemv_q8_0_dma_top_0/inst/core/scaled_shifted[2][24]_i_16
INFO: [Physopt 32-662] Processed net design_1_i/gemv_q8_0_dma_top_0/inst/core/scaled_shifted[1][0]_i_11_n_0.  Did not re-place instance design_1_i/gemv_q8_0_dma_top_0/inst/core/scaled_shifted[1][0]_i_11
INFO: [Physopt 32-663] Processed net design_1_i/gemv_q8_0_dma_top_0/inst/core/scaled_product_reg[1]__0_n_104.  Re-placed instance design_1_i/gemv_q8_0_dma_top_0/inst/core/scaled_shifted[1][19]_i_5_psdsp
INFO: [Physopt 32-662] Processed net design_1_i/gemv_q8_0_dma_top_0/inst/core/scaled_shifted[1][19]_i_5_n_0.  Did not re-place instance design_1_i/gemv_q8_0_dma_top_0/inst/core/scaled_shifted[1][19]_i_5
INFO: [Physopt 32-663] Processed net design_1_i/gemv_q8_0_dma_top_0/inst/core/scaled_product_reg[1]__0_n_102.  Re-placed instance design_1_i/gemv_q8_0_dma_top_0/inst/core/scaled_shifted[1][23]_i_7_psdsp
INFO: [Physopt 32-662] Processed net design_1_i/gemv_q8_0_dma_top_0/inst/core/scaled_shifted[1][0]_i_86_n_0.  Did not re-place instance design_1_i/gemv_q8_0_dma_top_0/inst/core/scaled_shifted[1][0]_i_86
INFO: [Physopt 32-662] Processed net design_1_i/gemv_q8_0_dma_top_0/inst/core/scaled_shifted[1][0]_i_14_n_0.  Did not re-place instance design_1_i/gemv_q8_0_dma_top_0/inst/core/scaled_shifted[1][0]_i_14
INFO: [Physopt 32-662] Processed net design_1_i/gemv_q8_0_dma_top_0/inst/core/scaled_shifted[1][8]_i_14_n_0.  Did not re-place instance design_1_i/gemv_q8_0_dma_top_0/inst/core/scaled_shifted[1][8]_i_14
INFO: [Physopt 32-662] Processed net design_1_i/gemv_q8_0_dma_top_0/inst/core/scaled_shifted[1][4]_i_12_n_0.  Did not re-place instance design_1_i/gemv_q8_0_dma_top_0/inst/core/scaled_shifted[1][4]_i_12
INFO: [Physopt 32-662] Processed net design_1_i/gemv_q8_0_dma_top_0/inst/core/scaled_shifted[1][4]_i_9_n_0.  Did not re-place instance design_1_i/gemv_q8_0_dma_top_0/inst/core/scaled_shifted[1][4]_i_9
INFO: [Physopt 32-662] Processed net design_1_i/gemv_q8_0_dma_top_0/inst/core/scaled_shifted[2][0]_i_66_n_0.  Did not re-place instance design_1_i/gemv_q8_0_dma_top_0/inst/core/scaled_shifted[2][0]_i_66
INFO: [Physopt 32-662] Processed net design_1_i/gemv_q8_0_dma_top_0/inst/core/scaled_shifted[2][0]_i_15_n_0.  Did not re-place instance design_1_i/gemv_q8_0_dma_top_0/inst/core/scaled_shifted[2][0]_i_15
INFO: [Physopt 32-662] Processed net design_1_i/gemv_q8_0_dma_top_0/inst/core/scaled_shifted[2][0]_i_6_n_0.  Did not re-place instance design_1_i/gemv_q8_0_dma_top_0/inst/core/scaled_shifted[2][0]_i_6
INFO: [Physopt 32-662] Processed net design_1_i/gemv_q8_0_dma_top_0/inst/core/scaled_product_reg_n_0_[1][1].  Did not re-place instance design_1_i/gemv_q8_0_dma_top_0/inst/core/scaled_product_reg[1][1]
INFO: [Physopt 32-662] Processed net design_1_i/gemv_q8_0_dma_top_0/inst/core/scaled_shifted[2][24]_i_12_n_0.  Did not re-place instance design_1_i/gemv_q8_0_dma_top_0/inst/core/scaled_shifted[2][24]_i_12
INFO: [Physopt 32-662] Processed net design_1_i/gemv_q8_0_dma_top_0/inst/core/scaled_shifted[2][36]_i_19_n_0.  Did not re-place instance design_1_i/gemv_q8_0_dma_top_0/inst/core/scaled_shifted[2][36]_i_19
INFO: [Physopt 32-662] Processed net design_1_i/gemv_q8_0_dma_top_0/inst/core/scaled_shifted[2][20]_i_6_n_0.  Did not re-place instance design_1_i/gemv_q8_0_dma_top_0/inst/core/scaled_shifted[2][20]_i_6
INFO: [Physopt 32-662] Processed net design_1_i/gemv_q8_0_dma_top_0/inst/core/scaled_shifted[2][28]_i_14_n_0.  Did not re-place instance design_1_i/gemv_q8_0_dma_top_0/inst/core/scaled_shifted[2][28]_i_14
INFO: [Physopt 32-662] Processed net design_1_i/gemv_q8_0_dma_top_0/inst/core/scaled_shifted[1][0]_i_84_n_0.  Did not re-place instance design_1_i/gemv_q8_0_dma_top_0/inst/core/scaled_shifted[1][0]_i_84
INFO: [Physopt 32-662] Processed net design_1_i/gemv_q8_0_dma_top_0/inst/core/scaled_shifted[2][28]_i_12_n_0.  Did not re-place instance design_1_i/gemv_q8_0_dma_top_0/inst/core/scaled_shifted[2][28]_i_12
INFO: [Physopt 32-662] Processed net design_1_i/gemv_q8_0_dma_top_0/inst/core/scaled_shifted[2][40]_i_18_n_0.  Did not re-place instance design_1_i/gemv_q8_0_dma_top_0/inst/core/scaled_shifted[2][40]_i_18
INFO: [Physopt 32-662] Processed net design_1_i/gemv_q8_0_dma_top_0/inst/core/scaled_shifted[2][0]_i_64_n_0.  Did not re-place instance design_1_i/gemv_q8_0_dma_top_0/inst/core/scaled_shifted[2][0]_i_64
INFO: [Physopt 32-662] Processed net design_1_i/gemv_q8_0_dma_top_0/inst/core/scaled_shifted[2][24]_i_6_n_0.  Did not re-place instance design_1_i/gemv_q8_0_dma_top_0/inst/core/scaled_shifted[2][24]_i_6
INFO: [Physopt 32-662] Processed net design_1_i/gemv_q8_0_dma_top_0/inst/core/scaled_shifted[2][20]_i_15_n_0.  Did not re-place instance design_1_i/gemv_q8_0_dma_top_0/inst/core/scaled_shifted[2][20]_i_15
INFO: [Physopt 32-662] Processed net design_1_i/gemv_q8_0_dma_top_0/inst/core/scaled_shifted[2][0]_i_12_n_0.  Did not re-place instance design_1_i/gemv_q8_0_dma_top_0/inst/core/scaled_shifted[2][0]_i_12
INFO: [Physopt 32-662] Processed net design_1_i/gemv_q8_0_dma_top_0/inst/core/scaled_shifted[2][0]_i_11_n_0.  Did not re-place instance design_1_i/gemv_q8_0_dma_top_0/inst/core/scaled_shifted[2][0]_i_11
INFO: [Physopt 32-662] Processed net design_1_i/gemv_q8_0_dma_top_0/inst/core/scaled_shifted[2][0]_i_14_n_0.  Did not re-place instance design_1_i/gemv_q8_0_dma_top_0/inst/core/scaled_shifted[2][0]_i_14
INFO: [Physopt 32-662] Processed net design_1_i/gemv_q8_0_dma_top_0/inst/core/scaled_shifted[1][0]_i_74_n_0.  Did not re-place instance design_1_i/gemv_q8_0_dma_top_0/inst/core/scaled_shifted[1][0]_i_74
INFO: [Physopt 32-662] Processed net design_1_i/gemv_q8_0_dma_top_0/inst/core/scaled_shifted[3][0]_i_7_n_0.  Did not re-place instance design_1_i/gemv_q8_0_dma_top_0/inst/core/scaled_shifted[3][0]_i_7
INFO: [Physopt 32-662] Processed net design_1_i/gemv_q8_0_dma_top_0/inst/core/scaled_shifted[3][0]_i_20_n_0.  Did not re-place instance design_1_i/gemv_q8_0_dma_top_0/inst/core/scaled_shifted[3][0]_i_20
INFO: [Physopt 32-662] Processed net design_1_i/gemv_q8_0_dma_top_0/inst/core/scaled_shifted[3][4]_i_5_n_0.  Did not re-place instance design_1_i/gemv_q8_0_dma_top_0/inst/core/scaled_shifted[3][0]_i_3
INFO: [Physopt 32-662] Processed net design_1_i/gemv_q8_0_dma_top_0/inst/core/scaled_shifted[2][16]_i_14_n_0.  Did not re-place instance design_1_i/gemv_q8_0_dma_top_0/inst/core/scaled_shifted[2][16]_i_14
INFO: [Physopt 32-662] Processed net design_1_i/gemv_q8_0_dma_top_0/inst/core/scaled_shifted[2][4]_i_11_n_0.  Did not re-place instance design_1_i/gemv_q8_0_dma_top_0/inst/core/scaled_shifted[2][4]_i_11
INFO: [Physopt 32-662] Processed net design_1_i/gemv_q8_0_dma_top_0/inst/core/scaled_product_reg[3]__0_n_101.  Did not re-place instance design_1_i/gemv_q8_0_dma_top_0/inst/core/scaled_shifted[3][23]_i_6_psdsp
INFO: [Physopt 32-662] Processed net design_1_i/gemv_q8_0_dma_top_0/inst/core/scaled_shifted[2][4]_i_8_n_0.  Did not re-place instance design_1_i/gemv_q8_0_dma_top_0/inst/core/scaled_shifted[2][4]_i_8
INFO: [Physopt 32-662] Processed net design_1_i/gemv_q8_0_dma_top_0/inst/core/scaled_shifted[3][23]_i_6_n_0.  Did not re-place instance design_1_i/gemv_q8_0_dma_top_0/inst/core/scaled_shifted[3][23]_i_6
INFO: [Physopt 32-662] Processed net design_1_i/gemv_q8_0_dma_top_0/inst/core/scaled_shifted[2][0]_i_7_n_0.  Did not re-place instance design_1_i/gemv_q8_0_dma_top_0/inst/core/scaled_shifted[2][0]_i_7
INFO: [Physopt 32-662] Processed net design_1_i/gemv_q8_0_dma_top_0/inst/core/scaled_product_reg[1]__0_n_101.  Did not re-place instance design_1_i/gemv_q8_0_dma_top_0/inst/core/scaled_shifted[1][23]_i_6_psdsp
INFO: [Physopt 32-662] Processed net design_1_i/gemv_q8_0_dma_top_0/inst/core/scaled_shifted[1][23]_i_6_n_0.  Did not re-place instance design_1_i/gemv_q8_0_dma_top_0/inst/core/scaled_shifted[1][23]_i_6
INFO: [Physopt 32-662] Processed net design_1_i/gemv_q8_0_dma_top_0/inst/core/scaled_shifted[2][44]_i_13_n_0.  Did not re-place instance design_1_i/gemv_q8_0_dma_top_0/inst/core/scaled_shifted[2][44]_i_13
INFO: [Physopt 32-662] Processed net design_1_i/gemv_q8_0_dma_top_0/inst/core/scaled_shifted[3][0]_i_5_n_0.  Did not re-place instance design_1_i/gemv_q8_0_dma_top_0/inst/core/scaled_shifted[3][0]_i_5
INFO: [Physopt 32-662] Processed net design_1_i/gemv_q8_0_dma_top_0/inst/core/scaled_shifted[2][40]_i_17_n_0.  Did not re-place instance design_1_i/gemv_q8_0_dma_top_0/inst/core/scaled_shifted[2][40]_i_17
INFO: [Physopt 32-662] Processed net design_1_i/gemv_q8_0_dma_top_0/inst/core/scaled_shifted[3][0]_i_12_n_0.  Did not re-place instance design_1_i/gemv_q8_0_dma_top_0/inst/core/scaled_shifted[3][0]_i_12
INFO: [Physopt 32-662] Processed net design_1_i/gemv_q8_0_dma_top_0/inst/core/scaled_shifted[2][46]_i_28_n_0.  Did not re-place instance design_1_i/gemv_q8_0_dma_top_0/inst/core/scaled_shifted[2][46]_i_28
INFO: [Physopt 32-662] Processed net design_1_i/gemv_q8_0_dma_top_0/inst/core/scaled_shifted[2][44]_i_7_n_0.  Did not re-place instance design_1_i/gemv_q8_0_dma_top_0/inst/core/scaled_shifted[2][44]_i_7
INFO: [Physopt 32-662] Processed net design_1_i/gemv_q8_0_dma_top_0/inst/core/scaled_shifted[1][63]_i_43_n_0.  Did not re-place instance design_1_i/gemv_q8_0_dma_top_0/inst/core/scaled_shifted[1][63]_i_43
INFO: [Physopt 32-662] Processed net design_1_i/gemv_q8_0_dma_top_0/inst/core/scale_shift_reg_reg[5]_rep__16_n_0.  Did not re-place instance design_1_i/gemv_q8_0_dma_top_0/inst/core/scale_shift_reg_reg[5]_rep__16
INFO: [Physopt 32-662] Processed net design_1_i/gemv_q8_0_dma_top_0/inst/core/scaled_shifted[2][8]_i_10_n_0.  Did not re-place instance design_1_i/gemv_q8_0_dma_top_0/inst/core/scaled_shifted[2][8]_i_10
INFO: [Physopt 32-662] Processed net design_1_i/gemv_q8_0_dma_top_0/inst/core/scaled_shifted[2][0]_i_24_n_0.  Did not re-place instance design_1_i/gemv_q8_0_dma_top_0/inst/core/scaled_shifted[2][0]_i_24
INFO: [Physopt 32-662] Processed net design_1_i/gemv_q8_0_dma_top_0/inst/core/scaled_shifted[2][0]_i_16_n_0.  Did not re-place instance design_1_i/gemv_q8_0_dma_top_0/inst/core/scaled_shifted[2][0]_i_16
INFO: [Physopt 32-662] Processed net design_1_i/gemv_q8_0_dma_top_0/inst/core/scaled_shifted[2][4]_i_13_n_0.  Did not re-place instance design_1_i/gemv_q8_0_dma_top_0/inst/core/scaled_shifted[2][4]_i_13
INFO: [Physopt 32-662] Processed net design_1_i/gemv_q8_0_dma_top_0/inst/core/scaled_product_reg[1][16]__0_n_0.  Did not re-place instance design_1_i/gemv_q8_0_dma_top_0/inst/core/scaled_product_reg[1][16]__0
INFO: [Physopt 32-662] Processed net design_1_i/gemv_q8_0_dma_top_0/inst/core/scaled_shifted[2][8]_i_14_n_0.  Did not re-place instance design_1_i/gemv_q8_0_dma_top_0/inst/core/scaled_shifted[2][8]_i_14
INFO: [Physopt 32-663] Processed net design_1_i/gemv_q8_0_dma_top_0/inst/core/scaled_shifted[1][0]_i_43_n_0.  Re-placed instance design_1_i/gemv_q8_0_dma_top_0/inst/core/scaled_shifted[1][0]_i_43
INFO: [Physopt 32-662] Processed net design_1_i/gemv_q8_0_dma_top_0/inst/core/scaled_shifted[2][0]_i_43_n_0.  Did not re-place instance design_1_i/gemv_q8_0_dma_top_0/inst/core/scaled_shifted[2][0]_i_43
INFO: [Physopt 32-662] Processed net design_1_i/gemv_q8_0_dma_top_0/inst/core/scaled_shifted[2][4]_i_7_n_0.  Did not re-place instance design_1_i/gemv_q8_0_dma_top_0/inst/core/scaled_shifted[2][4]_i_7
INFO: [Physopt 32-662] Processed net design_1_i/gemv_q8_0_dma_top_0/inst/core/scaled_shifted[3][0]_i_10_n_0.  Did not re-place instance design_1_i/gemv_q8_0_dma_top_0/inst/core/scaled_shifted[3][0]_i_10
INFO: [Physopt 32-662] Processed net design_1_i/gemv_q8_0_dma_top_0/inst/core/scaled_shifted[3][63]_i_42_n_0.  Did not re-place instance design_1_i/gemv_q8_0_dma_top_0/inst/core/scaled_shifted[3][63]_i_42
INFO: [Physopt 32-662] Processed net design_1_i/gemv_q8_0_dma_top_0/inst/core/scaled_shifted[1][0]_i_127_n_0.  Did not re-place instance design_1_i/gemv_q8_0_dma_top_0/inst/core/scaled_shifted[1][0]_i_127
INFO: [Physopt 32-662] Processed net design_1_i/gemv_q8_0_dma_top_0/inst/core/scaled_shifted[1][0]_i_66_n_0.  Did not re-place instance design_1_i/gemv_q8_0_dma_top_0/inst/core/scaled_shifted[1][0]_i_66
INFO: [Physopt 32-663] Processed net design_1_i/gemv_q8_0_dma_top_0/inst/core/scaled_shifted[2][0]_i_87_n_0.  Re-placed instance design_1_i/gemv_q8_0_dma_top_0/inst/core/scaled_shifted[2][0]_i_87
INFO: [Physopt 32-662] Processed net design_1_i/gemv_q8_0_dma_top_0/inst/core/scaled_shifted[1][63]_i_55_n_0.  Did not re-place instance design_1_i/gemv_q8_0_dma_top_0/inst/core/scaled_shifted[1][63]_i_55
INFO: [Physopt 32-662] Processed net design_1_i/gemv_q8_0_dma_top_0/inst/core/scaled_shifted[2][12]_i_5_n_0.  Did not re-place instance design_1_i/gemv_q8_0_dma_top_0/inst/core/scaled_shifted[2][12]_i_5
INFO: [Physopt 32-662] Processed net design_1_i/gemv_q8_0_dma_top_0/inst/core/scaled_shifted[1][57]_i_1_n_0.  Did not re-place instance design_1_i/gemv_q8_0_dma_top_0/inst/core/scaled_shifted[1][57]_i_1
INFO: [Physopt 32-662] Processed net design_1_i/gemv_q8_0_dma_top_0/inst/core/scaled_shifted[1][57]_i_2_n_0.  Did not re-place instance design_1_i/gemv_q8_0_dma_top_0/inst/core/scaled_shifted[1][57]_i_2
INFO: [Physopt 32-662] Processed net design_1_i/gemv_q8_0_dma_top_0/inst/core/scaled_shifted_reg[1]_1[57].  Did not re-place instance design_1_i/gemv_q8_0_dma_top_0/inst/core/scaled_shifted_reg[1][57]
INFO: [Physopt 32-662] Processed net design_1_i/gemv_q8_0_dma_top_0/inst/core/scaled_shifted[2][0]_i_17_n_0.  Did not re-place instance design_1_i/gemv_q8_0_dma_top_0/inst/core/scaled_shifted[2][0]_i_17
INFO: [Physopt 32-662] Processed net design_1_i/gemv_q8_0_dma_top_0/inst/core/scaled_shifted[2][24]_i_8_n_0.  Did not re-place instance design_1_i/gemv_q8_0_dma_top_0/inst/core/scaled_shifted[2][24]_i_8
INFO: [Physopt 32-662] Processed net design_1_i/gemv_q8_0_dma_top_0/inst/core/scaled_shifted[1][0]_i_15_n_0.  Did not re-place instance design_1_i/gemv_q8_0_dma_top_0/inst/core/scaled_shifted[1][0]_i_15
INFO: [Physopt 32-662] Processed net design_1_i/gemv_q8_0_dma_top_0/inst/core/scaled_product_reg_n_0_[2][0].  Did not re-place instance design_1_i/gemv_q8_0_dma_top_0/inst/core/scaled_product_reg[2][0]
INFO: [Physopt 32-662] Processed net design_1_i/gemv_q8_0_dma_top_0/inst/core/scaled_shifted[2][0]_i_91_n_0.  Did not re-place instance design_1_i/gemv_q8_0_dma_top_0/inst/core/scaled_shifted[2][0]_i_91
INFO: [Physopt 32-662] Processed net design_1_i/gemv_q8_0_dma_top_0/inst/core/scaled_shifted[2][19]_i_6_n_0.  Did not re-place instance design_1_i/gemv_q8_0_dma_top_0/inst/core/scaled_shifted[2][19]_i_6
INFO: [Physopt 32-663] Processed net design_1_i/gemv_q8_0_dma_top_0/inst/core/scaled_shifted[1][0]_i_87_n_0.  Re-placed instance design_1_i/gemv_q8_0_dma_top_0/inst/core/scaled_shifted[1][0]_i_87
INFO: [Physopt 32-662] Processed net design_1_i/gemv_q8_0_dma_top_0/inst/core/scaled_shifted[15][0]_i_16_n_0.  Did not re-place instance design_1_i/gemv_q8_0_dma_top_0/inst/core/scaled_shifted[15][0]_i_16
INFO: [Physopt 32-662] Processed net design_1_i/gemv_q8_0_dma_top_0/inst/core/scaled_product_reg[15]__0_n_105.  Did not re-place instance design_1_i/gemv_q8_0_dma_top_0/inst/core/scaled_shifted[15][19]_i_6_psdsp
INFO: [Physopt 32-662] Processed net design_1_i/gemv_q8_0_dma_top_0/inst/core/scaled_product_reg[1]__0_n_103.  Did not re-place instance design_1_i/gemv_q8_0_dma_top_0/inst/core/scaled_shifted[1][19]_i_4_psdsp
INFO: [Physopt 32-662] Processed net design_1_i/gemv_q8_0_dma_top_0/inst/core/data1__1[62].  Did not re-place instance design_1_i/gemv_q8_0_dma_top_0/inst/core/scaled_shifted[15][62]_i_2
INFO: [Physopt 32-662] Processed net design_1_i/gemv_q8_0_dma_top_0/inst/core/round_shift_i64__2[62].  Did not re-place instance design_1_i/gemv_q8_0_dma_top_0/inst/core/scaled_shifted[15][62]_i_1
INFO: [Physopt 32-662] Processed net design_1_i/gemv_q8_0_dma_top_0/inst/core/scaled_shifted[15][0]_i_58_n_0.  Did not re-place instance design_1_i/gemv_q8_0_dma_top_0/inst/core/scaled_shifted[15][0]_i_58
INFO: [Physopt 32-662] Processed net design_1_i/gemv_q8_0_dma_top_0/inst/core/scaled_shifted[15][19]_i_6_n_0.  Did not re-place instance design_1_i/gemv_q8_0_dma_top_0/inst/core/scaled_shifted[15][19]_i_6
INFO: [Physopt 32-662] Processed net design_1_i/gemv_q8_0_dma_top_0/inst/core/scaled_shifted[15][4]_i_12_n_0.  Did not re-place instance design_1_i/gemv_q8_0_dma_top_0/inst/core/scaled_shifted[15][4]_i_12
INFO: [Physopt 32-662] Processed net design_1_i/gemv_q8_0_dma_top_0/inst/core/scaled_shifted[15][4]_i_13_n_0.  Did not re-place instance design_1_i/gemv_q8_0_dma_top_0/inst/core/scaled_shifted[15][4]_i_13
INFO: [Physopt 32-662] Processed net design_1_i/gemv_q8_0_dma_top_0/inst/core/scaled_shifted[15][4]_i_9_n_0.  Did not re-place instance design_1_i/gemv_q8_0_dma_top_0/inst/core/scaled_shifted[15][4]_i_9
INFO: [Physopt 32-662] Processed net design_1_i/gemv_q8_0_dma_top_0/inst/core/scaled_shifted[1][0]_i_99_n_0.  Did not re-place instance design_1_i/gemv_q8_0_dma_top_0/inst/core/scaled_shifted[1][0]_i_99
INFO: [Physopt 32-662] Processed net design_1_i/gemv_q8_0_dma_top_0/inst/core/scaled_shifted[1][19]_i_4_n_0.  Did not re-place instance design_1_i/gemv_q8_0_dma_top_0/inst/core/scaled_shifted[1][19]_i_4
INFO: [Physopt 32-662] Processed net design_1_i/gemv_q8_0_dma_top_0/inst/core/scaled_shifted[2][0]_i_67_n_0.  Did not re-place instance design_1_i/gemv_q8_0_dma_top_0/inst/core/scaled_shifted[2][0]_i_67
INFO: [Physopt 32-662] Processed net design_1_i/gemv_q8_0_dma_top_0/inst/core/scaled_shifted_reg_n_0_[15][62].  Did not re-place instance design_1_i/gemv_q8_0_dma_top_0/inst/core/scaled_shifted_reg[15][62]
INFO: [Physopt 32-662] Processed net design_1_i/gemv_q8_0_dma_top_0/inst/core/scaled_shifted[2][20]_i_17_n_0.  Did not re-place instance design_1_i/gemv_q8_0_dma_top_0/inst/core/scaled_shifted[2][20]_i_17
INFO: [Physopt 32-662] Processed net design_1_i/gemv_q8_0_dma_top_0/inst/core/scaled_product_reg[3]__0_n_104.  Did not re-place instance design_1_i/gemv_q8_0_dma_top_0/inst/core/scaled_shifted[3][19]_i_5_psdsp
INFO: [Physopt 32-662] Processed net design_1_i/gemv_q8_0_dma_top_0/inst/core/scaled_shifted[3][19]_i_5_n_0.  Did not re-place instance design_1_i/gemv_q8_0_dma_top_0/inst/core/scaled_shifted[3][19]_i_5
INFO: [Physopt 32-662] Processed net design_1_i/gemv_q8_0_dma_top_0/inst/core/scaled_shifted[2][0]_i_22_n_0.  Did not re-place instance design_1_i/gemv_q8_0_dma_top_0/inst/core/scaled_shifted[2][0]_i_22
INFO: [Physopt 32-662] Processed net design_1_i/gemv_q8_0_dma_top_0/inst/core/scaled_shifted[1][0]_i_47_n_0.  Did not re-place instance design_1_i/gemv_q8_0_dma_top_0/inst/core/scaled_shifted[1][0]_i_47
INFO: [Physopt 32-662] Processed net design_1_i/gemv_q8_0_dma_top_0/inst/core/scaled_shifted[2][28]_i_16_n_0.  Did not re-place instance design_1_i/gemv_q8_0_dma_top_0/inst/core/scaled_shifted[2][28]_i_16
INFO: [Physopt 32-662] Processed net design_1_i/gemv_q8_0_dma_top_0/inst/core/scaled_shifted[2][28]_i_13_n_0.  Did not re-place instance design_1_i/gemv_q8_0_dma_top_0/inst/core/scaled_shifted[2][28]_i_13
INFO: [Physopt 32-662] Processed net design_1_i/gemv_q8_0_dma_top_0/inst/core/scaled_shifted[2][40]_i_20_n_0.  Did not re-place instance design_1_i/gemv_q8_0_dma_top_0/inst/core/scaled_shifted[2][40]_i_20
INFO: [Physopt 32-662] Processed net design_1_i/gemv_q8_0_dma_top_0/inst/core/scaled_shifted[15][0]_i_42_n_0.  Did not re-place instance design_1_i/gemv_q8_0_dma_top_0/inst/core/scaled_shifted[15][0]_i_42
INFO: [Physopt 32-662] Processed net design_1_i/gemv_q8_0_dma_top_0/inst/core/scaled_shifted[1][0]_i_139_n_0.  Did not re-place instance design_1_i/gemv_q8_0_dma_top_0/inst/core/scaled_shifted[1][0]_i_139
INFO: [Physopt 32-662] Processed net design_1_i/gemv_q8_0_dma_top_0/inst/core/scaled_shifted[2][24]_i_7_n_0.  Did not re-place instance design_1_i/gemv_q8_0_dma_top_0/inst/core/scaled_shifted[2][24]_i_7
INFO: [Physopt 32-663] Processed net design_1_i/gemv_q8_0_dma_top_0/inst/core/scaled_shifted[1][0]_i_85_n_0_repN.  Re-placed instance design_1_i/gemv_q8_0_dma_top_0/inst/core/scaled_shifted[1][0]_i_85_replica
INFO: [Physopt 32-662] Processed net design_1_i/gemv_q8_0_dma_top_0/inst/core/scaled_shifted[2][8]_i_11_n_0.  Did not re-place instance design_1_i/gemv_q8_0_dma_top_0/inst/core/scaled_shifted[2][8]_i_11
INFO: [Physopt 32-662] Processed net design_1_i/gemv_q8_0_dma_top_0/inst/core/scaled_shifted[2][0]_i_65_n_0.  Did not re-place instance design_1_i/gemv_q8_0_dma_top_0/inst/core/scaled_shifted[2][0]_i_65
INFO: [Physopt 32-662] Processed net design_1_i/gemv_q8_0_dma_top_0/inst/core/scaled_shifted[2][8]_i_6_n_0.  Did not re-place instance design_1_i/gemv_q8_0_dma_top_0/inst/core/scaled_shifted[2][8]_i_6
INFO: [Physopt 32-662] Processed net design_1_i/gemv_q8_0_dma_top_0/inst/core/scaled_shifted[15][0]_i_90_n_0.  Did not re-place instance design_1_i/gemv_q8_0_dma_top_0/inst/core/scaled_shifted[15][0]_i_90
INFO: [Physopt 32-662] Processed net design_1_i/gemv_q8_0_dma_top_0/inst/core/scaled_shifted[1][0]_i_83_n_0.  Did not re-place instance design_1_i/gemv_q8_0_dma_top_0/inst/core/scaled_shifted[1][0]_i_83
INFO: [Physopt 32-662] Processed net design_1_i/gemv_q8_0_dma_top_0/inst/core/scaled_shifted[3][0]_i_19_n_0.  Did not re-place instance design_1_i/gemv_q8_0_dma_top_0/inst/core/scaled_shifted[3][0]_i_19
INFO: [Physopt 32-662] Processed net design_1_i/gemv_q8_0_dma_top_0/inst/core/scaled_shifted[1][0]_i_107_n_0.  Did not re-place instance design_1_i/gemv_q8_0_dma_top_0/inst/core/scaled_shifted[1][0]_i_107
INFO: [Physopt 32-662] Processed net design_1_i/gemv_q8_0_dma_top_0/inst/core/scaled_shifted[15][0]_i_95_n_0.  Did not re-place instance design_1_i/gemv_q8_0_dma_top_0/inst/core/scaled_shifted[15][0]_i_95
INFO: [Physopt 32-662] Processed net design_1_i/gemv_q8_0_dma_top_0/inst/core/scaled_shifted[1][4]_i_13_n_0.  Did not re-place instance design_1_i/gemv_q8_0_dma_top_0/inst/core/scaled_shifted[1][4]_i_13
INFO: [Physopt 32-662] Processed net design_1_i/gemv_q8_0_dma_top_0/inst/core/scaled_shifted[1][0]_i_55_n_0.  Did not re-place instance design_1_i/gemv_q8_0_dma_top_0/inst/core/scaled_shifted[1][0]_i_55
INFO: [Physopt 32-662] Processed net design_1_i/gemv_q8_0_dma_top_0/inst/core/scaled_shifted[15][0]_i_46_n_0.  Did not re-place instance design_1_i/gemv_q8_0_dma_top_0/inst/core/scaled_shifted[15][0]_i_46
INFO: [Physopt 32-662] Processed net design_1_i/gemv_q8_0_dma_top_0/inst/core/scaled_shifted[1][0]_i_123_n_0.  Did not re-place instance design_1_i/gemv_q8_0_dma_top_0/inst/core/scaled_shifted[1][0]_i_123
INFO: [Physopt 32-662] Processed net design_1_i/gemv_q8_0_dma_top_0/inst/core/scaled_product_reg[15]__0_n_103.  Did not re-place instance design_1_i/gemv_q8_0_dma_top_0/inst/core/scaled_shifted[15][19]_i_4_psdsp
INFO: [Physopt 32-662] Processed net design_1_i/gemv_q8_0_dma_top_0/inst/core/scaled_shifted[15][19]_i_4_n_0.  Did not re-place instance design_1_i/gemv_q8_0_dma_top_0/inst/core/scaled_shifted[15][19]_i_4
INFO: [Physopt 32-662] Processed net design_1_i/gemv_q8_0_dma_top_0/inst/core/scaled_shifted[1][0]_i_67_n_0.  Did not re-place instance design_1_i/gemv_q8_0_dma_top_0/inst/core/scaled_shifted[1][0]_i_67
INFO: [Physopt 32-663] Processed net design_1_i/gemv_q8_0_dma_top_0/inst/core/scaled_shifted[1][0]_i_70_n_0_repN.  Re-placed instance design_1_i/gemv_q8_0_dma_top_0/inst/core/scaled_shifted[1][0]_i_70_replica
INFO: [Physopt 32-662] Processed net design_1_i/gemv_q8_0_dma_top_0/inst/core/scaled_shifted[1][51]_i_1_n_0.  Did not re-place instance design_1_i/gemv_q8_0_dma_top_0/inst/core/scaled_shifted[1][51]_i_1
INFO: [Physopt 32-662] Processed net design_1_i/gemv_q8_0_dma_top_0/inst/core/scaled_shifted[1][51]_i_3_n_0.  Did not re-place instance design_1_i/gemv_q8_0_dma_top_0/inst/core/scaled_shifted[1][51]_i_3
INFO: [Physopt 32-662] Processed net design_1_i/gemv_q8_0_dma_top_0/inst/core/scaled_shifted[2][0]_i_58_n_0.  Did not re-place instance design_1_i/gemv_q8_0_dma_top_0/inst/core/scaled_shifted[2][0]_i_58
INFO: [Physopt 32-662] Processed net design_1_i/gemv_q8_0_dma_top_0/inst/core/scaled_shifted_reg[1]_1[51].  Did not re-place instance design_1_i/gemv_q8_0_dma_top_0/inst/core/scaled_shifted_reg[1][51]
INFO: [Physopt 32-662] Processed net design_1_i/gemv_q8_0_dma_top_0/inst/core/scaled_shifted[15][0]_i_5_n_0.  Did not re-place instance design_1_i/gemv_q8_0_dma_top_0/inst/core/scaled_shifted[15][0]_i_5
INFO: [Physopt 32-662] Processed net design_1_i/gemv_q8_0_dma_top_0/inst/core/scaled_shifted[15][0]_i_11_n_0.  Did not re-place instance design_1_i/gemv_q8_0_dma_top_0/inst/core/scaled_shifted[15][0]_i_11
INFO: [Physopt 32-662] Processed net design_1_i/gemv_q8_0_dma_top_0/inst/core/scaled_shifted[15][4]_i_5_n_0.  Did not re-place instance design_1_i/gemv_q8_0_dma_top_0/inst/core/scaled_shifted[15][0]_i_3
INFO: [Physopt 32-662] Processed net design_1_i/gemv_q8_0_dma_top_0/inst/core/scaled_product_reg[3]__0_n_102.  Did not re-place instance design_1_i/gemv_q8_0_dma_top_0/inst/core/scaled_shifted[3][23]_i_7_psdsp
INFO: [Physopt 32-662] Processed net design_1_i/gemv_q8_0_dma_top_0/inst/core/scaled_shifted[3][23]_i_7_n_0.  Did not re-place instance design_1_i/gemv_q8_0_dma_top_0/inst/core/scaled_shifted[3][23]_i_7
INFO: [Physopt 32-662] Processed net design_1_i/gemv_q8_0_dma_top_0/inst/core/scaled_product_reg_n_0_[1][0].  Did not re-place instance design_1_i/gemv_q8_0_dma_top_0/inst/core/scaled_product_reg[1][0]
INFO: [Physopt 32-663] Processed net design_1_i/gemv_q8_0_dma_top_0/inst/core/scaled_shifted[1][0]_i_140_n_0.  Re-placed instance design_1_i/gemv_q8_0_dma_top_0/inst/core/scaled_shifted[1][0]_i_140
INFO: [Physopt 32-662] Processed net design_1_i/gemv_q8_0_dma_top_0/inst/core/scaled_shifted[2][0]_i_92_n_0.  Did not re-place instance design_1_i/gemv_q8_0_dma_top_0/inst/core/scaled_shifted[2][0]_i_92
INFO: [Physopt 32-662] Processed net design_1_i/gemv_q8_0_dma_top_0/inst/core/scaled_shifted[2][12]_i_11_n_0.  Did not re-place instance design_1_i/gemv_q8_0_dma_top_0/inst/core/scaled_shifted[2][12]_i_11
INFO: [Physopt 32-662] Processed net design_1_i/gemv_q8_0_dma_top_0/inst/core/scaled_shifted[2][24]_i_15_n_0.  Did not re-place instance design_1_i/gemv_q8_0_dma_top_0/inst/core/scaled_shifted[2][24]_i_15
INFO: [Physopt 32-662] Processed net design_1_i/gemv_q8_0_dma_top_0/inst/core/scaled_product_reg[3]__0_n_103.  Did not re-place instance design_1_i/gemv_q8_0_dma_top_0/inst/core/scaled_shifted[3][19]_i_4_psdsp
INFO: [Physopt 32-662] Processed net design_1_i/gemv_q8_0_dma_top_0/inst/core/scaled_shifted[3][19]_i_4_n_0.  Did not re-place instance design_1_i/gemv_q8_0_dma_top_0/inst/core/scaled_shifted[3][19]_i_4
INFO: [Physopt 32-662] Processed net design_1_i/gemv_q8_0_dma_top_0/inst/core/scaled_shifted[1][0]_i_136_n_0.  Did not re-place instance design_1_i/gemv_q8_0_dma_top_0/inst/core/scaled_shifted[1][0]_i_136
INFO: [Physopt 32-663] Processed net design_1_i/gemv_q8_0_dma_top_0/inst/core/scaled_shifted[1][0]_i_141_n_0.  Re-placed instance design_1_i/gemv_q8_0_dma_top_0/inst/core/scaled_shifted[1][0]_i_141
INFO: [Physopt 32-662] Processed net design_1_i/gemv_q8_0_dma_top_0/inst/core/scaled_shifted[2][20]_i_13_n_0.  Did not re-place instance design_1_i/gemv_q8_0_dma_top_0/inst/core/scaled_shifted[2][20]_i_13
INFO: [Physopt 32-662] Processed net design_1_i/gemv_q8_0_dma_top_0/inst/core/scaled_shifted[2][32]_i_19_n_0.  Did not re-place instance design_1_i/gemv_q8_0_dma_top_0/inst/core/scaled_shifted[2][32]_i_19
INFO: [Physopt 32-662] Processed net design_1_i/gemv_q8_0_dma_top_0/inst/core/scaled_shifted[2][0]_i_93_n_0.  Did not re-place instance design_1_i/gemv_q8_0_dma_top_0/inst/core/scaled_shifted[2][0]_i_93
INFO: [Physopt 32-662] Processed net design_1_i/gemv_q8_0_dma_top_0/inst/core/scaled_shifted[2][44]_i_11_n_0.  Did not re-place instance design_1_i/gemv_q8_0_dma_top_0/inst/core/scaled_shifted[2][44]_i_11
INFO: [Physopt 32-662] Processed net design_1_i/gemv_q8_0_dma_top_0/inst/core/scaled_shifted[2][0]_i_88_n_0.  Did not re-place instance design_1_i/gemv_q8_0_dma_top_0/inst/core/scaled_shifted[2][0]_i_88
INFO: [Physopt 32-662] Processed net design_1_i/gemv_q8_0_dma_top_0/inst/core/scaled_shifted[15][0]_i_59_n_0.  Did not re-place instance design_1_i/gemv_q8_0_dma_top_0/inst/core/scaled_shifted[15][0]_i_59
INFO: [Physopt 32-662] Processed net design_1_i/gemv_q8_0_dma_top_0/inst/core/scaled_product_reg[1]__0_n_100.  Did not re-place instance design_1_i/gemv_q8_0_dma_top_0/inst/core/scaled_shifted[1][23]_i_5_psdsp
INFO: [Physopt 32-663] Processed net design_1_i/gemv_q8_0_dma_top_0/inst/core/scaled_shifted[1][23]_i_5_n_0.  Re-placed instance design_1_i/gemv_q8_0_dma_top_0/inst/core/scaled_shifted[1][23]_i_5
INFO: [Physopt 32-662] Processed net design_1_i/gemv_q8_0_dma_top_0/inst/core/scaled_shifted[1][0]_i_104_n_0.  Did not re-place instance design_1_i/gemv_q8_0_dma_top_0/inst/core/scaled_shifted[1][0]_i_104
INFO: [Physopt 32-662] Processed net design_1_i/gemv_q8_0_dma_top_0/inst/core/scaled_shifted[3][52]_i_1_n_0.  Did not re-place instance design_1_i/gemv_q8_0_dma_top_0/inst/core/scaled_shifted[3][52]_i_1
INFO: [Physopt 32-662] Processed net design_1_i/gemv_q8_0_dma_top_0/inst/core/scaled_shifted[3][52]_i_2_n_0.  Did not re-place instance design_1_i/gemv_q8_0_dma_top_0/inst/core/scaled_shifted[3][52]_i_2
INFO: [Physopt 32-662] Processed net design_1_i/gemv_q8_0_dma_top_0/inst/core/scaled_shifted_reg[3]_5[52].  Did not re-place instance design_1_i/gemv_q8_0_dma_top_0/inst/core/scaled_shifted_reg[3][52]
INFO: [Physopt 32-662] Processed net design_1_i/gemv_q8_0_dma_top_0/inst/core/scaled_shifted[15][0]_i_71_n_0.  Did not re-place instance design_1_i/gemv_q8_0_dma_top_0/inst/core/scaled_shifted[15][0]_i_71
INFO: [Physopt 32-662] Processed net design_1_i/gemv_q8_0_dma_top_0/inst/core/scaled_shifted[1][0]_i_52_n_0.  Did not re-place instance design_1_i/gemv_q8_0_dma_top_0/inst/core/scaled_shifted[1][0]_i_52
INFO: [Physopt 32-662] Processed net design_1_i/gemv_q8_0_dma_top_0/inst/core/scaled_shifted[15][0]_i_43_n_0.  Did not re-place instance design_1_i/gemv_q8_0_dma_top_0/inst/core/scaled_shifted[15][0]_i_43
INFO: [Physopt 32-662] Processed net design_1_i/gemv_q8_0_dma_top_0/inst/core/scaled_shifted[3][0]_i_55_n_0.  Did not re-place instance design_1_i/gemv_q8_0_dma_top_0/inst/core/scaled_shifted[3][0]_i_55
INFO: [Physopt 32-662] Processed net design_1_i/gemv_q8_0_dma_top_0/inst/core/scaled_shifted[1][0]_i_120_n_0.  Did not re-place instance design_1_i/gemv_q8_0_dma_top_0/inst/core/scaled_shifted[1][0]_i_120
INFO: [Physopt 32-662] Processed net design_1_i/gemv_q8_0_dma_top_0/inst/core/scaled_shifted[3][0]_i_67_n_0.  Did not re-place instance design_1_i/gemv_q8_0_dma_top_0/inst/core/scaled_shifted[3][0]_i_67
INFO: [Physopt 32-663] Processed net design_1_i/gemv_q8_0_dma_top_0/inst/core/scaled_shifted[1][0]_i_134_n_0.  Re-placed instance design_1_i/gemv_q8_0_dma_top_0/inst/core/scaled_shifted[1][0]_i_134
INFO: [Physopt 32-662] Processed net design_1_i/gemv_q8_0_dma_top_0/inst/core/scaled_shifted[2][8]_i_13_n_0.  Did not re-place instance design_1_i/gemv_q8_0_dma_top_0/inst/core/scaled_shifted[2][8]_i_13
INFO: [Physopt 32-662] Processed net design_1_i/gemv_q8_0_dma_top_0/inst/core/scaled_shifted[15][0]_i_91_n_0.  Did not re-place instance design_1_i/gemv_q8_0_dma_top_0/inst/core/scaled_shifted[15][0]_i_91
INFO: [Physopt 32-662] Processed net design_1_i/gemv_q8_0_dma_top_0/inst/core/scaled_shifted[2][0]_i_90_n_0.  Did not re-place instance design_1_i/gemv_q8_0_dma_top_0/inst/core/scaled_shifted[2][0]_i_90
INFO: [Physopt 32-662] Processed net design_1_i/gemv_q8_0_dma_top_0/inst/core/scaled_shifted[3][0]_i_83_n_0.  Did not re-place instance design_1_i/gemv_q8_0_dma_top_0/inst/core/scaled_shifted[3][0]_i_83
INFO: [Physopt 32-662] Processed net design_1_i/gemv_q8_0_dma_top_0/inst/core/scaled_product_reg[15]__0_n_101.  Did not re-place instance design_1_i/gemv_q8_0_dma_top_0/inst/core/scaled_shifted[15][23]_i_6_psdsp
INFO: [Physopt 32-662] Processed net design_1_i/gemv_q8_0_dma_top_0/inst/core/scaled_shifted[15][0]_i_63_n_0.  Did not re-place instance design_1_i/gemv_q8_0_dma_top_0/inst/core/scaled_shifted[15][0]_i_63
INFO: [Physopt 32-662] Processed net design_1_i/gemv_q8_0_dma_top_0/inst/core/scaled_shifted[15][23]_i_6_n_0.  Did not re-place instance design_1_i/gemv_q8_0_dma_top_0/inst/core/scaled_shifted[15][23]_i_6
INFO: [Physopt 32-662] Processed net design_1_i/gemv_q8_0_dma_top_0/inst/core/scaled_shifted[3][0]_i_47_n_0.  Did not re-place instance design_1_i/gemv_q8_0_dma_top_0/inst/core/scaled_shifted[3][0]_i_47
INFO: [Physopt 32-662] Processed net design_1_i/gemv_q8_0_dma_top_0/inst/core/scaled_shifted[1][0]_i_12_n_0.  Did not re-place instance design_1_i/gemv_q8_0_dma_top_0/inst/core/scaled_shifted[1][0]_i_12
INFO: [Physopt 32-661] Optimized 17 nets.  Re-placed 17 instances.
INFO: [Physopt 32-775] End 1 Pass. Optimized 17 nets or cells. Created 0 new cell, deleted 0 existing cell and moved 17 existing cells
INFO: [Physopt 32-619] Estimated Timing Summary | WNS=-0.171 | TNS=-0.746 |
Netlist sorting complete. Time (s): cpu = 00:00:00.02 ; elapsed = 00:00:00.01 . Memory (MB): peak = 3135.762 ; gain = 0.000 ; free physical = 52079 ; free virtual = 64112
Phase 29 Single Cell Placement Optimization | Checksum: 1ea349e5e

Time (s): cpu = 00:04:18 ; elapsed = 00:00:50 . Memory (MB): peak = 3135.762 ; gain = 0.000 ; free physical = 52079 ; free virtual = 64112

Phase 30 Multi Cell Placement Optimization
INFO: [Physopt 32-660] Identified 100 candidate nets for placement-based optimization.
INFO: [Physopt 32-662] Processed net design_1_i/gemv_q8_0_dma_top_0/inst/core/scaled_shifted[3][0]_i_16_n_0.  Did not re-place instance design_1_i/gemv_q8_0_dma_top_0/inst/core/scaled_shifted[3][0]_i_16/O
INFO: [Physopt 32-662] Processed net design_1_i/gemv_q8_0_dma_top_0/inst/core/scaled_product_reg[3]__0_n_105.  Did not re-place instance design_1_i/gemv_q8_0_dma_top_0/inst/core/scaled_shifted[3][19]_i_6_psdsp/Q
INFO: [Physopt 32-662] Processed net design_1_i/gemv_q8_0_dma_top_0/inst/core/scaled_shifted[3][4]_i_12_n_0.  Did not re-place instance design_1_i/gemv_q8_0_dma_top_0/inst/core/scaled_shifted[3][4]_i_12/O
INFO: [Physopt 32-662] Processed net design_1_i/gemv_q8_0_dma_top_0/inst/core/scaled_shifted[3][4]_i_13_n_0.  Did not re-place instance design_1_i/gemv_q8_0_dma_top_0/inst/core/scaled_shifted[3][4]_i_13/O
INFO: [Physopt 32-662] Processed net design_1_i/gemv_q8_0_dma_top_0/inst/core/scaled_shifted[3][56]_i_1_n_0.  Did not re-place instance design_1_i/gemv_q8_0_dma_top_0/inst/core/scaled_shifted[3][56]_i_1/O
INFO: [Physopt 32-662] Processed net design_1_i/gemv_q8_0_dma_top_0/inst/core/scaled_shifted[3][56]_i_2_n_0.  Did not re-place instance design_1_i/gemv_q8_0_dma_top_0/inst/core/scaled_shifted[3][56]_i_2/O
INFO: [Physopt 32-662] Processed net design_1_i/gemv_q8_0_dma_top_0/inst/core/scaled_shifted[1][0]_i_5_n_0.  Did not re-place instance design_1_i/gemv_q8_0_dma_top_0/inst/core/scaled_shifted[1][0]_i_5/O
INFO: [Physopt 32-662] Processed net design_1_i/gemv_q8_0_dma_top_0/inst/core/scaled_shifted[1][0]_i_10_n_0.  Did not re-place instance design_1_i/gemv_q8_0_dma_top_0/inst/core/scaled_shifted[1][0]_i_10/O
INFO: [Physopt 32-662] Processed net design_1_i/gemv_q8_0_dma_top_0/inst/core/scaled_product_reg[1]__0_n_105.  Did not re-place instance design_1_i/gemv_q8_0_dma_top_0/inst/core/scaled_shifted[1][19]_i_6_psdsp/Q
INFO: [Physopt 32-662] Processed net design_1_i/gemv_q8_0_dma_top_0/inst/core/scaled_shifted[1][62]_i_1_n_0.  Did not re-place instance design_1_i/gemv_q8_0_dma_top_0/inst/core/scaled_shifted[1][62]_i_1/O
INFO: [Physopt 32-662] Processed net design_1_i/gemv_q8_0_dma_top_0/inst/core/scaled_shifted[1][62]_i_2_n_0.  Did not re-place instance design_1_i/gemv_q8_0_dma_top_0/inst/core/scaled_shifted[1][62]_i_2/O
INFO: [Physopt 32-662] Processed net design_1_i/gemv_q8_0_dma_top_0/inst/core/scaled_shifted[1][53]_i_1_n_0.  Did not re-place instance design_1_i/gemv_q8_0_dma_top_0/inst/core/scaled_shifted[1][53]_i_1/O
INFO: [Physopt 32-662] Processed net design_1_i/gemv_q8_0_dma_top_0/inst/core/scaled_shifted[1][53]_i_2_n_0.  Did not re-place instance design_1_i/gemv_q8_0_dma_top_0/inst/core/scaled_shifted[1][53]_i_2/O
INFO: [Physopt 32-662] Processed net design_1_i/gemv_q8_0_dma_top_0/inst/core/scaled_product_reg[1]__0_n_98.  Did not re-place instance design_1_i/gemv_q8_0_dma_top_0/inst/core/scaled_shifted[1][27]_i_7_psdsp/Q
INFO: [Physopt 32-662] Processed net design_1_i/gemv_q8_0_dma_top_0/inst/core/scaled_product_reg_n_0_[3][0].  Did not re-place instance design_1_i/gemv_q8_0_dma_top_0/inst/core/scaled_product_reg[3][0]/Q
INFO: [Physopt 32-662] Processed net design_1_i/gemv_q8_0_dma_top_0/inst/core/scaled_shifted[1][0]_i_16_n_0.  Did not re-place instance design_1_i/gemv_q8_0_dma_top_0/inst/core/scaled_shifted[1][0]_i_16/O
INFO: [Physopt 32-662] Processed net design_1_i/gemv_q8_0_dma_top_0/inst/core/scaled_shifted[1][0]_i_6_n_0.  Did not re-place instance design_1_i/gemv_q8_0_dma_top_0/inst/core/scaled_shifted[1][0]_i_6/O
INFO: [Physopt 32-662] Processed net design_1_i/gemv_q8_0_dma_top_0/inst/core/scaled_shifted[1][55]_i_1_n_0.  Did not re-place instance design_1_i/gemv_q8_0_dma_top_0/inst/core/scaled_shifted[1][55]_i_1/O
INFO: [Physopt 32-662] Processed net design_1_i/gemv_q8_0_dma_top_0/inst/core/scaled_shifted[1][55]_i_3_n_0.  Did not re-place instance design_1_i/gemv_q8_0_dma_top_0/inst/core/scaled_shifted[1][55]_i_3/O
INFO: [Physopt 32-662] Processed net design_1_i/gemv_q8_0_dma_top_0/inst/core/scaled_product_reg_n_0_[1][3].  Did not re-place instance design_1_i/gemv_q8_0_dma_top_0/inst/core/scaled_product_reg[1][3]/Q
INFO: [Physopt 32-662] Processed net design_1_i/gemv_q8_0_dma_top_0/inst/core/scaled_shifted[1][0]_i_11_n_0.  Did not re-place instance design_1_i/gemv_q8_0_dma_top_0/inst/core/scaled_shifted[1][0]_i_11/O
INFO: [Physopt 32-662] Processed net design_1_i/gemv_q8_0_dma_top_0/inst/core/scaled_shifted[1][0]_i_14_n_0.  Did not re-place instance design_1_i/gemv_q8_0_dma_top_0/inst/core/scaled_shifted[1][0]_i_14/O
INFO: [Physopt 32-662] Processed net design_1_i/gemv_q8_0_dma_top_0/inst/core/scaled_shifted[1][8]_i_14_n_0.  Did not re-place instance design_1_i/gemv_q8_0_dma_top_0/inst/core/scaled_shifted[1][8]_i_14/O
INFO: [Physopt 32-662] Processed net design_1_i/gemv_q8_0_dma_top_0/inst/core/scaled_shifted[1][4]_i_12_n_0.  Did not re-place instance design_1_i/gemv_q8_0_dma_top_0/inst/core/scaled_shifted[1][4]_i_12/O
INFO: [Physopt 32-662] Processed net design_1_i/gemv_q8_0_dma_top_0/inst/core/scaled_product_reg_n_0_[1][1].  Did not re-place instance design_1_i/gemv_q8_0_dma_top_0/inst/core/scaled_product_reg[1][1]/Q
INFO: [Physopt 32-662] Processed net design_1_i/gemv_q8_0_dma_top_0/inst/core/scaled_shifted[3][58]_i_1_n_0.  Did not re-place instance design_1_i/gemv_q8_0_dma_top_0/inst/core/scaled_shifted[3][58]_i_1/O
INFO: [Physopt 32-662] Processed net design_1_i/gemv_q8_0_dma_top_0/inst/core/scaled_shifted[3][58]_i_2_n_0.  Did not re-place instance design_1_i/gemv_q8_0_dma_top_0/inst/core/scaled_shifted[3][58]_i_2/O
INFO: [Physopt 32-662] Processed net design_1_i/gemv_q8_0_dma_top_0/inst/core/scaled_shifted[3][0]_i_7_n_0.  Did not re-place instance design_1_i/gemv_q8_0_dma_top_0/inst/core/scaled_shifted[3][0]_i_7/O
INFO: [Physopt 32-662] Processed net design_1_i/gemv_q8_0_dma_top_0/inst/core/scaled_shifted[3][0]_i_20_n_0.  Did not re-place instance design_1_i/gemv_q8_0_dma_top_0/inst/core/scaled_shifted[3][0]_i_20/O
INFO: [Physopt 32-662] Processed net design_1_i/gemv_q8_0_dma_top_0/inst/core/scaled_product_reg[3]__0_n_101.  Did not re-place instance design_1_i/gemv_q8_0_dma_top_0/inst/core/scaled_shifted[3][23]_i_6_psdsp/Q
INFO: [Physopt 32-662] Processed net design_1_i/gemv_q8_0_dma_top_0/inst/core/scaled_product_reg[1]__0_n_101.  Did not re-place instance design_1_i/gemv_q8_0_dma_top_0/inst/core/scaled_shifted[1][23]_i_6_psdsp/Q
INFO: [Physopt 32-662] Processed net design_1_i/gemv_q8_0_dma_top_0/inst/core/scaled_shifted[3][0]_i_5_n_0.  Did not re-place instance design_1_i/gemv_q8_0_dma_top_0/inst/core/scaled_shifted[3][0]_i_5/O
INFO: [Physopt 32-662] Processed net design_1_i/gemv_q8_0_dma_top_0/inst/core/scaled_shifted[3][0]_i_12_n_0.  Did not re-place instance design_1_i/gemv_q8_0_dma_top_0/inst/core/scaled_shifted[3][0]_i_12/O
INFO: [Physopt 32-662] Processed net design_1_i/gemv_q8_0_dma_top_0/inst/core/scaled_shifted[3][0]_i_10_n_0.  Did not re-place instance design_1_i/gemv_q8_0_dma_top_0/inst/core/scaled_shifted[3][0]_i_10/O
INFO: [Physopt 32-662] Processed net design_1_i/gemv_q8_0_dma_top_0/inst/core/scaled_shifted[1][57]_i_1_n_0.  Did not re-place instance design_1_i/gemv_q8_0_dma_top_0/inst/core/scaled_shifted[1][57]_i_1/O
INFO: [Physopt 32-662] Processed net design_1_i/gemv_q8_0_dma_top_0/inst/core/scaled_shifted[1][57]_i_2_n_0.  Did not re-place instance design_1_i/gemv_q8_0_dma_top_0/inst/core/scaled_shifted[1][57]_i_2/O
INFO: [Physopt 32-662] Processed net design_1_i/gemv_q8_0_dma_top_0/inst/core/scaled_shifted[1][0]_i_15_n_0.  Did not re-place instance design_1_i/gemv_q8_0_dma_top_0/inst/core/scaled_shifted[1][0]_i_15/O
INFO: [Physopt 32-662] Processed net design_1_i/gemv_q8_0_dma_top_0/inst/core/scaled_shifted[15][0]_i_16_n_0.  Did not re-place instance design_1_i/gemv_q8_0_dma_top_0/inst/core/scaled_shifted[15][0]_i_16/O
INFO: [Physopt 32-662] Processed net design_1_i/gemv_q8_0_dma_top_0/inst/core/scaled_product_reg[15]__0_n_105.  Did not re-place instance design_1_i/gemv_q8_0_dma_top_0/inst/core/scaled_shifted[15][19]_i_6_psdsp/Q
INFO: [Physopt 32-662] Processed net design_1_i/gemv_q8_0_dma_top_0/inst/core/scaled_product_reg[1]__0_n_103.  Did not re-place instance design_1_i/gemv_q8_0_dma_top_0/inst/core/scaled_shifted[1][19]_i_4_psdsp/Q
INFO: [Physopt 32-662] Processed net design_1_i/gemv_q8_0_dma_top_0/inst/core/data1__1[62].  Did not re-place instance design_1_i/gemv_q8_0_dma_top_0/inst/core/scaled_shifted[15][62]_i_2/O
INFO: [Physopt 32-662] Processed net design_1_i/gemv_q8_0_dma_top_0/inst/core/round_shift_i64__2[62].  Did not re-place instance design_1_i/gemv_q8_0_dma_top_0/inst/core/scaled_shifted[15][62]_i_1/O
INFO: [Physopt 32-662] Processed net design_1_i/gemv_q8_0_dma_top_0/inst/core/scaled_shifted[15][4]_i_12_n_0.  Did not re-place instance design_1_i/gemv_q8_0_dma_top_0/inst/core/scaled_shifted[15][4]_i_12/O
INFO: [Physopt 32-662] Processed net design_1_i/gemv_q8_0_dma_top_0/inst/core/scaled_shifted[15][4]_i_13_n_0.  Did not re-place instance design_1_i/gemv_q8_0_dma_top_0/inst/core/scaled_shifted[15][4]_i_13/O
INFO: [Physopt 32-662] Processed net design_1_i/gemv_q8_0_dma_top_0/inst/core/scaled_product_reg[3]__0_n_104.  Did not re-place instance design_1_i/gemv_q8_0_dma_top_0/inst/core/scaled_shifted[3][19]_i_5_psdsp/Q
INFO: [Physopt 32-662] Processed net design_1_i/gemv_q8_0_dma_top_0/inst/core/scaled_shifted[3][0]_i_19_n_0.  Did not re-place instance design_1_i/gemv_q8_0_dma_top_0/inst/core/scaled_shifted[3][0]_i_19/O
INFO: [Physopt 32-662] Processed net design_1_i/gemv_q8_0_dma_top_0/inst/core/scale_shift_reg_reg[4]_rep__16_n_0.  Did not re-place instance design_1_i/gemv_q8_0_dma_top_0/inst/core/scale_shift_reg_reg[4]_rep__16/Q
INFO: [Physopt 32-662] Processed net design_1_i/gemv_q8_0_dma_top_0/inst/core/scaled_shifted[1][0]_i_143_n_0.  Did not re-place instance design_1_i/gemv_q8_0_dma_top_0/inst/core/scaled_shifted[1][0]_i_143/O
INFO: [Physopt 32-662] Processed net design_1_i/gemv_q8_0_dma_top_0/inst/core/scaled_shifted[1][4]_i_13_n_0.  Did not re-place instance design_1_i/gemv_q8_0_dma_top_0/inst/core/scaled_shifted[1][4]_i_13/O
INFO: [Physopt 32-662] Processed net design_1_i/gemv_q8_0_dma_top_0/inst/core/scaled_shifted[2][28]_i_14_n_0.  Did not re-place instance design_1_i/gemv_q8_0_dma_top_0/inst/core/scaled_shifted[2][28]_i_14/O
INFO: [Physopt 32-662] Processed net design_1_i/gemv_q8_0_dma_top_0/inst/core/scaled_shifted[2][20]_i_10_n_0.  Did not re-place instance design_1_i/gemv_q8_0_dma_top_0/inst/core/scaled_shifted[2][20]_i_10/O
INFO: [Physopt 32-661] Optimized 0 net.  Re-placed 0 instance.
INFO: [Physopt 32-775] End 1 Pass. Optimized 0 net or cell. Created 0 new cell, deleted 0 existing cell and moved 0 existing cell
Netlist sorting complete. Time (s): cpu = 00:00:00.02 ; elapsed = 00:00:00.01 . Memory (MB): peak = 3135.762 ; gain = 0.000 ; free physical = 52053 ; free virtual = 64087
Phase 30 Multi Cell Placement Optimization | Checksum: 1c2ffbf65

Time (s): cpu = 00:04:29 ; elapsed = 00:00:52 . Memory (MB): peak = 3135.762 ; gain = 0.000 ; free physical = 52053 ; free virtual = 64087

Phase 31 SLR Crossing Optimization
Phase 31 SLR Crossing Optimization | Checksum: 1c2ffbf65

Time (s): cpu = 00:04:29 ; elapsed = 00:00:52 . Memory (MB): peak = 3135.762 ; gain = 0.000 ; free physical = 52053 ; free virtual = 64087

Phase 32 Critical Path Optimization
INFO: [Physopt 32-619] Estimated Timing Summary | WNS=-0.171 | TNS=-0.746 |
INFO: [Physopt 32-702] Processed net design_1_i/gemv_q8_0_dma_top_0/inst/core/scaled_shifted_reg[3]_5[56]. Optimizations did not improve timing on the net.
INFO: [Physopt 32-702] Processed net design_1_i/processing_system7_0/inst/FCLK_CLK_unbuffered[0]. Optimizations did not improve timing on the net.
INFO: [Physopt 32-702] Processed net design_1_i/gemv_q8_0_dma_top_0/inst/core/scaled_shifted[3][56]_i_2_n_0. Optimizations did not improve timing on the net.
INFO: [Physopt 32-702] Processed net design_1_i/gemv_q8_0_dma_top_0/inst/core/p_1_in__0[56]. Optimizations did not improve timing on the net.
INFO: [Physopt 32-702] Processed net design_1_i/gemv_q8_0_dma_top_0/inst/core/scaled_shifted_reg[3][52]_i_4_n_0. Optimizations did not improve timing on the net.
INFO: [Physopt 32-702] Processed net design_1_i/gemv_q8_0_dma_top_0/inst/core/scaled_shifted_reg[3][46]_i_3_n_0. Optimizations did not improve timing on the net.
INFO: [Physopt 32-702] Processed net design_1_i/gemv_q8_0_dma_top_0/inst/core/scaled_shifted_reg[3][44]_i_3_n_0. Optimizations did not improve timing on the net.
INFO: [Physopt 32-702] Processed net design_1_i/gemv_q8_0_dma_top_0/inst/core/scaled_shifted_reg[3][40]_i_3_n_0. Optimizations did not improve timing on the net.
INFO: [Physopt 32-702] Processed net design_1_i/gemv_q8_0_dma_top_0/inst/core/scaled_shifted_reg[3][36]_i_3_n_0. Optimizations did not improve timing on the net.
INFO: [Physopt 32-702] Processed net design_1_i/gemv_q8_0_dma_top_0/inst/core/scaled_shifted_reg[3][32]_i_3_n_0. Optimizations did not improve timing on the net.
INFO: [Physopt 32-702] Processed net design_1_i/gemv_q8_0_dma_top_0/inst/core/scaled_shifted_reg[3][28]_i_3_n_0. Optimizations did not improve timing on the net.
INFO: [Physopt 32-702] Processed net design_1_i/gemv_q8_0_dma_top_0/inst/core/scaled_shifted_reg[3][24]_i_3_n_0. Optimizations did not improve timing on the net.
INFO: [Physopt 32-702] Processed net design_1_i/gemv_q8_0_dma_top_0/inst/core/scaled_shifted_reg[3][20]_i_3_n_0. Optimizations did not improve timing on the net.
INFO: [Physopt 32-702] Processed net design_1_i/gemv_q8_0_dma_top_0/inst/core/scaled_shifted_reg[3][16]_i_3_n_0. Optimizations did not improve timing on the net.
INFO: [Physopt 32-702] Processed net design_1_i/gemv_q8_0_dma_top_0/inst/core/scaled_shifted_reg[3][12]_i_3_n_0. Optimizations did not improve timing on the net.
INFO: [Physopt 32-702] Processed net design_1_i/gemv_q8_0_dma_top_0/inst/core/scaled_shifted_reg[3][8]_i_3_n_0. Optimizations did not improve timing on the net.
INFO: [Physopt 32-702] Processed net design_1_i/gemv_q8_0_dma_top_0/inst/core/scaled_shifted_reg[3][4]_i_3_n_0. Optimizations did not improve timing on the net.
INFO: [Physopt 32-702] Processed net design_1_i/gemv_q8_0_dma_top_0/inst/core/scaled_shifted[3][4]_i_9_n_0. Optimizations did not improve timing on the net.
INFO: [Physopt 32-702] Processed net design_1_i/gemv_q8_0_dma_top_0/inst/core/scaled_shifted[3][4]_i_12_n_0. Optimizations did not improve timing on the net.
INFO: [Physopt 32-710] Processed net design_1_i/gemv_q8_0_dma_top_0/inst/core/scaled_shifted[3][4]_i_12_n_0. Critical path length was reduced through logic transformation on cell design_1_i/gemv_q8_0_dma_top_0/inst/core/scaled_shifted[3][4]_i_12_comp.
INFO: [Physopt 32-735] Processed net design_1_i/gemv_q8_0_dma_top_0/inst/core/scaled_shifted[3][4]_i_13_n_0. Optimization improves timing on the net.
INFO: [Physopt 32-619] Estimated Timing Summary | WNS=-0.166 | TNS=-0.562 |
INFO: [Physopt 32-702] Processed net design_1_i/gemv_q8_0_dma_top_0/inst/core/scaled_shifted_reg[1]_1[62]. Optimizations did not improve timing on the net.
INFO: [Physopt 32-702] Processed net design_1_i/gemv_q8_0_dma_top_0/inst/core/scaled_shifted[1][62]_i_2_n_0. Optimizations did not improve timing on the net.
INFO: [Physopt 32-702] Processed net design_1_i/gemv_q8_0_dma_top_0/inst/core/p_1_in[62]. Optimizations did not improve timing on the net.
INFO: [Physopt 32-702] Processed net design_1_i/gemv_q8_0_dma_top_0/inst/core/scaled_shifted_reg[1][60]_i_3_n_0. Optimizations did not improve timing on the net.
INFO: [Physopt 32-702] Processed net design_1_i/gemv_q8_0_dma_top_0/inst/core/scaled_shifted_reg[1][60]_i_5_n_0. Optimizations did not improve timing on the net.
INFO: [Physopt 32-702] Processed net design_1_i/gemv_q8_0_dma_top_0/inst/core/scaled_shifted_reg[1][52]_i_4_n_0. Optimizations did not improve timing on the net.
INFO: [Physopt 32-702] Processed net design_1_i/gemv_q8_0_dma_top_0/inst/core/scaled_shifted_reg[1][46]_i_3_n_0. Optimizations did not improve timing on the net.
INFO: [Physopt 32-702] Processed net design_1_i/gemv_q8_0_dma_top_0/inst/core/scaled_shifted_reg[1][44]_i_3_n_0. Optimizations did not improve timing on the net.
INFO: [Physopt 32-702] Processed net design_1_i/gemv_q8_0_dma_top_0/inst/core/scaled_shifted_reg[1][40]_i_3_n_0. Optimizations did not improve timing on the net.
INFO: [Physopt 32-702] Processed net design_1_i/gemv_q8_0_dma_top_0/inst/core/scaled_shifted_reg[1][36]_i_3_n_0. Optimizations did not improve timing on the net.
INFO: [Physopt 32-702] Processed net design_1_i/gemv_q8_0_dma_top_0/inst/core/scaled_shifted_reg[1][32]_i_3_n_0. Optimizations did not improve timing on the net.
INFO: [Physopt 32-702] Processed net design_1_i/gemv_q8_0_dma_top_0/inst/core/scaled_shifted_reg[1][28]_i_3_n_0. Optimizations did not improve timing on the net.
INFO: [Physopt 32-702] Processed net design_1_i/gemv_q8_0_dma_top_0/inst/core/scaled_shifted_reg[1][24]_i_3_n_0. Optimizations did not improve timing on the net.
INFO: [Physopt 32-702] Processed net design_1_i/gemv_q8_0_dma_top_0/inst/core/scaled_shifted_reg[1][20]_i_3_n_0. Optimizations did not improve timing on the net.
INFO: [Physopt 32-702] Processed net design_1_i/gemv_q8_0_dma_top_0/inst/core/scaled_shifted_reg[1][16]_i_3_n_0. Optimizations did not improve timing on the net.
INFO: [Physopt 32-702] Processed net design_1_i/gemv_q8_0_dma_top_0/inst/core/scaled_shifted_reg[1][12]_i_3_n_0. Optimizations did not improve timing on the net.
INFO: [Physopt 32-702] Processed net design_1_i/gemv_q8_0_dma_top_0/inst/core/scaled_shifted_reg[1][8]_i_3_n_0. Optimizations did not improve timing on the net.
INFO: [Physopt 32-702] Processed net design_1_i/gemv_q8_0_dma_top_0/inst/core/scaled_shifted_reg[1][4]_i_3_n_0. Optimizations did not improve timing on the net.
INFO: [Physopt 32-702] Processed net design_1_i/gemv_q8_0_dma_top_0/inst/core/scaled_shifted[1][4]_i_5_n_0. Optimizations did not improve timing on the net.
INFO: [Physopt 32-702] Processed net design_1_i/gemv_q8_0_dma_top_0/inst/core/scaled_shifted[1][0]_i_5_n_0. Optimizations did not improve timing on the net.
INFO: [Physopt 32-702] Processed net design_1_i/gemv_q8_0_dma_top_0/inst/core/scaled_shifted[1][0]_i_10_n_0. Optimizations did not improve timing on the net.
INFO: [Physopt 32-702] Processed net design_1_i/gemv_q8_0_dma_top_0/inst/core/scaled_shifted_reg[1][63]_i_28_n_4. Optimizations did not improve timing on the net.
INFO: [Physopt 32-702] Processed net design_1_i/gemv_q8_0_dma_top_0/inst/core/scaled_shifted_reg[1][63]_i_40_n_0. Optimizations did not improve timing on the net.
INFO: [Physopt 32-702] Processed net design_1_i/gemv_q8_0_dma_top_0/inst/core/scaled_shifted_reg[1][0]_i_29_n_0. Optimizations did not improve timing on the net.
INFO: [Physopt 32-702] Processed net design_1_i/gemv_q8_0_dma_top_0/inst/core/scaled_shifted_reg[1][0]_i_36_n_0. Optimizations did not improve timing on the net.
INFO: [Physopt 32-702] Processed net design_1_i/gemv_q8_0_dma_top_0/inst/core/scaled_shifted_reg[1][0]_i_27_n_0. Optimizations did not improve timing on the net.
INFO: [Physopt 32-702] Processed net design_1_i/gemv_q8_0_dma_top_0/inst/core/scaled_shifted_reg[1][0]_i_34_n_0. Optimizations did not improve timing on the net.
INFO: [Physopt 32-702] Processed net design_1_i/gemv_q8_0_dma_top_0/inst/core/scaled_shifted_reg[1][0]_i_31_n_0. Optimizations did not improve timing on the net.
INFO: [Physopt 32-702] Processed net design_1_i/gemv_q8_0_dma_top_0/inst/core/scaled_shifted_reg[1][0]_i_38_n_0. Optimizations did not improve timing on the net.
INFO: [Physopt 32-702] Processed net design_1_i/gemv_q8_0_dma_top_0/inst/core/scaled_shifted_reg[1][0]_i_26_n_0. Optimizations did not improve timing on the net.
INFO: [Physopt 32-702] Processed net design_1_i/gemv_q8_0_dma_top_0/inst/core/scaled_shifted_reg[1][0]_i_33_n_0. Optimizations did not improve timing on the net.
INFO: [Physopt 32-702] Processed net design_1_i/gemv_q8_0_dma_top_0/inst/core/scaled_shifted[1][0]_i_98_n_0. Optimizations did not improve timing on the net.
INFO: [Physopt 32-702] Processed net design_1_i/gemv_q8_0_dma_top_0/inst/core/scaled_product_reg[1]__1[25]. Optimizations did not improve timing on the net.
INFO: [Physopt 32-702] Processed net design_1_i/gemv_q8_0_dma_top_0/inst/core/scaled_shifted_reg[1][23]_i_2_n_0. Optimizations did not improve timing on the net.
INFO: [Physopt 32-702] Processed net design_1_i/gemv_q8_0_dma_top_0/inst/core/scaled_shifted_reg[1][19]_i_2_n_0. Optimizations did not improve timing on the net.
INFO: [Physopt 32-702] Processed net design_1_i/gemv_q8_0_dma_top_0/inst/core/scaled_shifted[1][19]_i_6_n_0. Optimizations did not improve timing on the net.
INFO: [Physopt 32-702] Processed net design_1_i/gemv_q8_0_dma_top_0/inst/core/scaled_shifted[1][62]_i_1_n_0. Optimizations did not improve timing on the net.
INFO: [Physopt 32-702] Processed net design_1_i/gemv_q8_0_dma_top_0/inst/core/scaled_product_reg[1]__0_n_105. Optimizations did not improve timing on the net.
INFO: [Physopt 32-702] Processed net design_1_i/gemv_q8_0_dma_top_0/inst/core/scaled_shifted_reg[1]_1[62]. Optimizations did not improve timing on the net.
INFO: [Physopt 32-702] Processed net design_1_i/processing_system7_0/inst/FCLK_CLK_unbuffered[0]. Optimizations did not improve timing on the net.
INFO: [Physopt 32-702] Processed net design_1_i/gemv_q8_0_dma_top_0/inst/core/scaled_shifted[1][62]_i_2_n_0. Optimizations did not improve timing on the net.
INFO: [Physopt 32-702] Processed net design_1_i/gemv_q8_0_dma_top_0/inst/core/p_1_in[62]. Optimizations did not improve timing on the net.
INFO: [Physopt 32-702] Processed net design_1_i/gemv_q8_0_dma_top_0/inst/core/scaled_shifted[1][4]_i_5_n_0. Optimizations did not improve timing on the net.
INFO: [Physopt 32-702] Processed net design_1_i/gemv_q8_0_dma_top_0/inst/core/scaled_shifted[1][0]_i_5_n_0. Optimizations did not improve timing on the net.
INFO: [Physopt 32-702] Processed net design_1_i/gemv_q8_0_dma_top_0/inst/core/scaled_shifted[1][0]_i_10_n_0. Optimizations did not improve timing on the net.
INFO: [Physopt 32-702] Processed net design_1_i/gemv_q8_0_dma_top_0/inst/core/scaled_shifted_reg[1][63]_i_28_n_4. Optimizations did not improve timing on the net.
INFO: [Physopt 32-702] Processed net design_1_i/gemv_q8_0_dma_top_0/inst/core/scaled_shifted[1][0]_i_98_n_0. Optimizations did not improve timing on the net.
INFO: [Physopt 32-702] Processed net design_1_i/gemv_q8_0_dma_top_0/inst/core/scaled_product_reg[1]__1[25]. Optimizations did not improve timing on the net.
INFO: [Physopt 32-702] Processed net design_1_i/gemv_q8_0_dma_top_0/inst/core/scaled_shifted[1][19]_i_6_n_0. Optimizations did not improve timing on the net.
INFO: [Physopt 32-702] Processed net design_1_i/gemv_q8_0_dma_top_0/inst/core/scaled_shifted[1][62]_i_1_n_0. Optimizations did not improve timing on the net.
INFO: [Physopt 32-702] Processed net design_1_i/gemv_q8_0_dma_top_0/inst/core/scaled_product_reg[1]__0_n_105. Optimizations did not improve timing on the net.
INFO: [Physopt 32-619] Estimated Timing Summary | WNS=-0.166 | TNS=-0.562 |
Netlist sorting complete. Time (s): cpu = 00:00:00.06 ; elapsed = 00:00:00.05 . Memory (MB): peak = 3135.762 ; gain = 0.000 ; free physical = 52019 ; free virtual = 64053
Phase 32 Critical Path Optimization | Checksum: 1c2ffbf65

Time (s): cpu = 00:04:36 ; elapsed = 00:00:54 . Memory (MB): peak = 3135.762 ; gain = 0.000 ; free physical = 52019 ; free virtual = 64053

Phase 33 Critical Path Optimization
INFO: [Physopt 32-619] Estimated Timing Summary | WNS=-0.166 | TNS=-0.562 |
INFO: [Physopt 32-702] Processed net design_1_i/gemv_q8_0_dma_top_0/inst/core/scaled_shifted_reg[1]_1[62]. Optimizations did not improve timing on the net.
INFO: [Physopt 32-702] Processed net design_1_i/processing_system7_0/inst/FCLK_CLK_unbuffered[0]. Optimizations did not improve timing on the net.
INFO: [Physopt 32-702] Processed net design_1_i/gemv_q8_0_dma_top_0/inst/core/scaled_shifted[1][62]_i_2_n_0. Optimizations did not improve timing on the net.
INFO: [Physopt 32-702] Processed net design_1_i/gemv_q8_0_dma_top_0/inst/core/p_1_in[62]. Optimizations did not improve timing on the net.
INFO: [Physopt 32-702] Processed net design_1_i/gemv_q8_0_dma_top_0/inst/core/scaled_shifted_reg[1][60]_i_3_n_0. Optimizations did not improve timing on the net.
INFO: [Physopt 32-702] Processed net design_1_i/gemv_q8_0_dma_top_0/inst/core/scaled_shifted_reg[1][60]_i_5_n_0. Optimizations did not improve timing on the net.
INFO: [Physopt 32-702] Processed net design_1_i/gemv_q8_0_dma_top_0/inst/core/scaled_shifted_reg[1][52]_i_4_n_0. Optimizations did not improve timing on the net.
INFO: [Physopt 32-702] Processed net design_1_i/gemv_q8_0_dma_top_0/inst/core/scaled_shifted_reg[1][46]_i_3_n_0. Optimizations did not improve timing on the net.
INFO: [Physopt 32-702] Processed net design_1_i/gemv_q8_0_dma_top_0/inst/core/scaled_shifted_reg[1][44]_i_3_n_0. Optimizations did not improve timing on the net.
INFO: [Physopt 32-702] Processed net design_1_i/gemv_q8_0_dma_top_0/inst/core/scaled_shifted_reg[1][40]_i_3_n_0. Optimizations did not improve timing on the net.
INFO: [Physopt 32-702] Processed net design_1_i/gemv_q8_0_dma_top_0/inst/core/scaled_shifted_reg[1][36]_i_3_n_0. Optimizations did not improve timing on the net.
INFO: [Physopt 32-702] Processed net design_1_i/gemv_q8_0_dma_top_0/inst/core/scaled_shifted_reg[1][32]_i_3_n_0. Optimizations did not improve timing on the net.
INFO: [Physopt 32-702] Processed net design_1_i/gemv_q8_0_dma_top_0/inst/core/scaled_shifted_reg[1][28]_i_3_n_0. Optimizations did not improve timing on the net.
INFO: [Physopt 32-702] Processed net design_1_i/gemv_q8_0_dma_top_0/inst/core/scaled_shifted_reg[1][24]_i_3_n_0. Optimizations did not improve timing on the net.
INFO: [Physopt 32-702] Processed net design_1_i/gemv_q8_0_dma_top_0/inst/core/scaled_shifted_reg[1][20]_i_3_n_0. Optimizations did not improve timing on the net.
INFO: [Physopt 32-702] Processed net design_1_i/gemv_q8_0_dma_top_0/inst/core/scaled_shifted_reg[1][16]_i_3_n_0. Optimizations did not improve timing on the net.
INFO: [Physopt 32-702] Processed net design_1_i/gemv_q8_0_dma_top_0/inst/core/scaled_shifted_reg[1][12]_i_3_n_0. Optimizations did not improve timing on the net.
INFO: [Physopt 32-702] Processed net design_1_i/gemv_q8_0_dma_top_0/inst/core/scaled_shifted_reg[1][8]_i_3_n_0. Optimizations did not improve timing on the net.
INFO: [Physopt 32-702] Processed net design_1_i/gemv_q8_0_dma_top_0/inst/core/scaled_shifted_reg[1][4]_i_3_n_0. Optimizations did not improve timing on the net.
INFO: [Physopt 32-702] Processed net design_1_i/gemv_q8_0_dma_top_0/inst/core/scaled_shifted[1][4]_i_5_n_0. Optimizations did not improve timing on the net.
INFO: [Physopt 32-702] Processed net design_1_i/gemv_q8_0_dma_top_0/inst/core/scaled_shifted[1][0]_i_5_n_0. Optimizations did not improve timing on the net.
INFO: [Physopt 32-702] Processed net design_1_i/gemv_q8_0_dma_top_0/inst/core/scaled_shifted[1][0]_i_10_n_0. Optimizations did not improve timing on the net.
INFO: [Physopt 32-702] Processed net design_1_i/gemv_q8_0_dma_top_0/inst/core/scaled_shifted_reg[1][63]_i_28_n_4. Optimizations did not improve timing on the net.
INFO: [Physopt 32-702] Processed net design_1_i/gemv_q8_0_dma_top_0/inst/core/scaled_shifted_reg[1][63]_i_40_n_0. Optimizations did not improve timing on the net.
INFO: [Physopt 32-702] Processed net design_1_i/gemv_q8_0_dma_top_0/inst/core/scaled_shifted_reg[1][0]_i_29_n_0. Optimizations did not improve timing on the net.
INFO: [Physopt 32-702] Processed net design_1_i/gemv_q8_0_dma_top_0/inst/core/scaled_shifted_reg[1][0]_i_36_n_0. Optimizations did not improve timing on the net.
INFO: [Physopt 32-702] Processed net design_1_i/gemv_q8_0_dma_top_0/inst/core/scaled_shifted_reg[1][0]_i_27_n_0. Optimizations did not improve timing on the net.
INFO: [Physopt 32-702] Processed net design_1_i/gemv_q8_0_dma_top_0/inst/core/scaled_shifted_reg[1][0]_i_34_n_0. Optimizations did not improve timing on the net.
INFO: [Physopt 32-702] Processed net design_1_i/gemv_q8_0_dma_top_0/inst/core/scaled_shifted_reg[1][0]_i_31_n_0. Optimizations did not improve timing on the net.
INFO: [Physopt 32-702] Processed net design_1_i/gemv_q8_0_dma_top_0/inst/core/scaled_shifted_reg[1][0]_i_38_n_0. Optimizations did not improve timing on the net.
INFO: [Physopt 32-702] Processed net design_1_i/gemv_q8_0_dma_top_0/inst/core/scaled_shifted_reg[1][0]_i_26_n_0. Optimizations did not improve timing on the net.
INFO: [Physopt 32-702] Processed net design_1_i/gemv_q8_0_dma_top_0/inst/core/scaled_shifted_reg[1][0]_i_33_n_0. Optimizations did not improve timing on the net.
INFO: [Physopt 32-702] Processed net design_1_i/gemv_q8_0_dma_top_0/inst/core/scaled_shifted[1][0]_i_98_n_0. Optimizations did not improve timing on the net.
INFO: [Physopt 32-702] Processed net design_1_i/gemv_q8_0_dma_top_0/inst/core/scaled_product_reg[1]__1[25]. Optimizations did not improve timing on the net.
INFO: [Physopt 32-702] Processed net design_1_i/gemv_q8_0_dma_top_0/inst/core/scaled_shifted_reg[1][23]_i_2_n_0. Optimizations did not improve timing on the net.
INFO: [Physopt 32-702] Processed net design_1_i/gemv_q8_0_dma_top_0/inst/core/scaled_shifted_reg[1][19]_i_2_n_0. Optimizations did not improve timing on the net.
INFO: [Physopt 32-702] Processed net design_1_i/gemv_q8_0_dma_top_0/inst/core/scaled_shifted[1][19]_i_6_n_0. Optimizations did not improve timing on the net.
INFO: [Physopt 32-702] Processed net design_1_i/gemv_q8_0_dma_top_0/inst/core/scaled_shifted[1][62]_i_1_n_0. Optimizations did not improve timing on the net.
INFO: [Physopt 32-702] Processed net design_1_i/gemv_q8_0_dma_top_0/inst/core/scaled_product_reg[1]__0_n_105. Optimizations did not improve timing on the net.
INFO: [Physopt 32-702] Processed net design_1_i/gemv_q8_0_dma_top_0/inst/core/scaled_shifted_reg[1]_1[62]. Optimizations did not improve timing on the net.
INFO: [Physopt 32-702] Processed net design_1_i/processing_system7_0/inst/FCLK_CLK_unbuffered[0]. Optimizations did not improve timing on the net.
INFO: [Physopt 32-702] Processed net design_1_i/gemv_q8_0_dma_top_0/inst/core/scaled_shifted[1][62]_i_2_n_0. Optimizations did not improve timing on the net.
INFO: [Physopt 32-702] Processed net design_1_i/gemv_q8_0_dma_top_0/inst/core/p_1_in[62]. Optimizations did not improve timing on the net.
INFO: [Physopt 32-702] Processed net design_1_i/gemv_q8_0_dma_top_0/inst/core/scaled_shifted[1][4]_i_5_n_0. Optimizations did not improve timing on the net.
INFO: [Physopt 32-702] Processed net design_1_i/gemv_q8_0_dma_top_0/inst/core/scaled_shifted[1][0]_i_5_n_0. Optimizations did not improve timing on the net.
INFO: [Physopt 32-702] Processed net design_1_i/gemv_q8_0_dma_top_0/inst/core/scaled_shifted[1][0]_i_10_n_0. Optimizations did not improve timing on the net.
INFO: [Physopt 32-702] Processed net design_1_i/gemv_q8_0_dma_top_0/inst/core/scaled_shifted_reg[1][63]_i_28_n_4. Optimizations did not improve timing on the net.
INFO: [Physopt 32-702] Processed net design_1_i/gemv_q8_0_dma_top_0/inst/core/scaled_shifted[1][0]_i_98_n_0. Optimizations did not improve timing on the net.
INFO: [Physopt 32-702] Processed net design_1_i/gemv_q8_0_dma_top_0/inst/core/scaled_product_reg[1]__1[25]. Optimizations did not improve timing on the net.
INFO: [Physopt 32-702] Processed net design_1_i/gemv_q8_0_dma_top_0/inst/core/scaled_shifted[1][19]_i_6_n_0. Optimizations did not improve timing on the net.
INFO: [Physopt 32-702] Processed net design_1_i/gemv_q8_0_dma_top_0/inst/core/scaled_shifted[1][62]_i_1_n_0. Optimizations did not improve timing on the net.
INFO: [Physopt 32-702] Processed net design_1_i/gemv_q8_0_dma_top_0/inst/core/scaled_product_reg[1]__0_n_105. Optimizations did not improve timing on the net.
INFO: [Physopt 32-619] Estimated Timing Summary | WNS=-0.166 | TNS=-0.562 |
Netlist sorting complete. Time (s): cpu = 00:00:00.04 ; elapsed = 00:00:00.03 . Memory (MB): peak = 3135.762 ; gain = 0.000 ; free physical = 52070 ; free virtual = 64103
Phase 33 Critical Path Optimization | Checksum: 1c2ffbf65

Time (s): cpu = 00:04:42 ; elapsed = 00:00:55 . Memory (MB): peak = 3135.762 ; gain = 0.000 ; free physical = 52070 ; free virtual = 64103

Phase 34 BRAM Enable Optimization
Phase 34 BRAM Enable Optimization | Checksum: 1c2ffbf65

Time (s): cpu = 00:04:42 ; elapsed = 00:00:55 . Memory (MB): peak = 3135.762 ; gain = 0.000 ; free physical = 52070 ; free virtual = 64103
INFO: [Physopt 32-960] Skip hold-fix as initial WHS does not violate hold threshold 250 ps
Netlist sorting complete. Time (s): cpu = 00:00:00 ; elapsed = 00:00:00 . Memory (MB): peak = 3135.762 ; gain = 0.000 ; free physical = 52070 ; free virtual = 64103
INFO: [Physopt 32-603] Post Physical Optimization Timing Summary | WNS=-0.166 | TNS=-0.562 |

Summary of Physical Synthesis Optimizations
============================================


----------------------------------------------------------------------------------------------------------------------------------------------------------------------
|  Optimization            |  WNS Gain (ns)  |  TNS Gain (ns)  |  Added Cells  |  Removed Cells  |  Optimized Cells/Nets  |  Dont Touch  |  Iterations  |  Elapsed   |
----------------------------------------------------------------------------------------------------------------------------------------------------------------------
|  Fanout                  |          0.000  |          0.004  |           18  |              0  |                     9  |           0  |           3  |  00:00:14  |
|  Single Cell Placement   |          0.014  |          0.442  |            0  |              0  |                    33  |           0  |           4  |  00:00:19  |
|  Multi Cell Placement    |          0.000  |          0.000  |            0  |              0  |                     2  |           0  |           4  |  00:00:08  |
|  Rewire                  |          0.000  |          0.000  |            0  |              0  |                     0  |           0  |           3  |  00:00:00  |
|  Critical Cell           |          0.000  |          0.000  |            0  |              0  |                     1  |           0  |           3  |  00:00:02  |
|  SLR Crossing            |          0.000  |          0.000  |            0  |              0  |                     0  |           0  |           3  |  00:00:00  |
|  DSP Register            |          0.000  |         -0.690  |          173  |              0  |                     9  |           0  |           2  |  00:00:06  |
|  BRAM Register           |          0.000  |          0.000  |            0  |              0  |                     0  |           0  |           2  |  00:00:00  |
|  URAM Register           |          0.000  |          0.000  |            0  |              0  |                     0  |           0  |           2  |  00:00:00  |
|  Shift Register          |          0.000  |          0.000  |            0  |              0  |                     0  |           0  |           2  |  00:00:00  |
|  Critical Pin            |          0.000  |          0.028  |            0  |              0  |                    30  |           0  |           1  |  00:00:00  |
|  Very High Fanout        |          0.000  |          0.000  |            0  |              0  |                     0  |           0  |           1  |  00:00:00  |
|  BRAM Enable             |          0.000  |          0.000  |            0  |              0  |                     0  |           0  |           1  |  00:00:00  |
|  Critical Path           |          0.005  |          0.184  |            0  |              0  |                     1  |           0  |           2  |  00:00:04  |
|  Total                   |          0.019  |         -0.032  |          191  |              0  |                    85  |           0  |          33  |  00:00:53  |
----------------------------------------------------------------------------------------------------------------------------------------------------------------------


Netlist sorting complete. Time (s): cpu = 00:00:00 ; elapsed = 00:00:00 . Memory (MB): peak = 3135.762 ; gain = 0.000 ; free physical = 52061 ; free virtual = 64095
Ending Physical Synthesis Task | Checksum: 19aa5fe1a

Time (s): cpu = 00:04:42 ; elapsed = 00:00:55 . Memory (MB): peak = 3135.762 ; gain = 0.000 ; free physical = 52053 ; free virtual = 64087
INFO: [Common 17-83] Releasing license: Implementation
1761 Infos, 4 Warnings, 0 Critical Warnings and 0 Errors encountered.
phys_opt_design completed successfully
phys_opt_design: Time (s): cpu = 00:04:49 ; elapsed = 00:00:57 . Memory (MB): peak = 3135.762 ; gain = 0.000 ; free physical = 52053 ; free virtual = 64087
INFO: [Timing 38-480] Writing timing data to binary archive.
Write ShapeDB Complete: Time (s): cpu = 00:00:00.17 ; elapsed = 00:00:00.03 . Memory (MB): peak = 3160.090 ; gain = 16.320 ; free physical = 52030 ; free virtual = 64069
Wrote PlaceDB: Time (s): cpu = 00:00:03 ; elapsed = 00:00:01 . Memory (MB): peak = 3160.090 ; gain = 16.320 ; free physical = 51928 ; free virtual = 64007
Wrote PulsedLatchDB: Time (s): cpu = 00:00:00 ; elapsed = 00:00:00 . Memory (MB): peak = 3160.090 ; gain = 0.000 ; free physical = 51928 ; free virtual = 64007
Writing XDEF routing.
Writing XDEF routing logical nets.
Writing XDEF routing special nets.
Wrote RouteStorage: Time (s): cpu = 00:00:00.03 ; elapsed = 00:00:00.03 . Memory (MB): peak = 3160.090 ; gain = 0.000 ; free physical = 51915 ; free virtual = 63995
Wrote Netlist Cache: Time (s): cpu = 00:00:00.02 ; elapsed = 00:00:00.02 . Memory (MB): peak = 3160.090 ; gain = 0.000 ; free physical = 51927 ; free virtual = 64010
Wrote Device Cache: Time (s): cpu = 00:00:00.01 ; elapsed = 00:00:00.01 . Memory (MB): peak = 3160.090 ; gain = 0.000 ; free physical = 51927 ; free virtual = 64011
Write Physdb Complete: Time (s): cpu = 00:00:03 ; elapsed = 00:00:01 . Memory (MB): peak = 3160.090 ; gain = 16.320 ; free physical = 51919 ; free virtual = 64003
INFO: [Common 17-1381] The checkpoint '/home/pjs/Desktop/smollm2-zybo/hw/vivado_project/GPTalk.runs/impl_1/design_1_wrapper_physopt.dcp' has been generated.
Command: route_design -directive AggressiveExplore -tns_cleanup
Attempting to get a license for feature 'Implementation' and/or device 'xc7z020'
INFO: [Common 17-349] Got license for feature 'Implementation' and/or device 'xc7z020'
INFO: [DRC 23-27] Running DRC with 8 threads
INFO: [Vivado_Tcl 4-198] DRC finished with 0 Errors
INFO: [Vivado_Tcl 4-199] Please refer to the DRC report (report_drc) for more information.


Starting Routing Task
INFO: [Route 35-270] Using Router directive 'AggressiveExplore'.
INFO: [Route 35-254] Multithreading enabled for route_design using a maximum of 8 CPUs

Phase 1 Build RT Design
Checksum: PlaceDB: a9e1173b ConstDB: 0 ShapeSum: 6afc3354 RouteDB: 15f972f0
Post Restoration Checksum: NetGraph: 742c00ef | NumContArr: 20706407 | Constraints: c2a8fa9d | Timing: c2a8fa9d
Phase 1 Build RT Design | Checksum: 219ee5a30

Time (s): cpu = 00:00:19 ; elapsed = 00:00:11 . Memory (MB): peak = 3226.527 ; gain = 0.000 ; free physical = 51970 ; free virtual = 64016

Phase 2 Router Initialization

Phase 2.1 Fix Topology Constraints
Phase 2.1 Fix Topology Constraints | Checksum: 219ee5a30

Time (s): cpu = 00:00:19 ; elapsed = 00:00:11 . Memory (MB): peak = 3226.527 ; gain = 0.000 ; free physical = 51969 ; free virtual = 64015

Phase 2.2 Pre Route Cleanup
Phase 2.2 Pre Route Cleanup | Checksum: 219ee5a30

Time (s): cpu = 00:00:20 ; elapsed = 00:00:11 . Memory (MB): peak = 3226.527 ; gain = 0.000 ; free physical = 51969 ; free virtual = 64015
 Number of Nodes with overlaps = 0

Phase 2.3 Update Timing
Phase 2.3 Update Timing | Checksum: 323e9be5f

Time (s): cpu = 00:00:31 ; elapsed = 00:00:14 . Memory (MB): peak = 3262.723 ; gain = 36.195 ; free physical = 51919 ; free virtual = 63967
INFO: [Route 35-416] Intermediate Timing Summary | WNS=-0.026 | TNS=-0.051 | WHS=-0.353 | THS=-641.974|


Router Utilization Summary
  Global Vertical Routing Utilization    = 0 %
  Global Horizontal Routing Utilization  = 0 %
  Routable Net Status*
  *Does not include unroutable nets such as driverless and loadless.
  Run report_route_status for detailed report.
  Number of Failed Nets               = 37249
    (Failed Nets is the sum of unrouted and partially routed nets)
  Number of Unrouted Nets             = 37249
  Number of Partially Routed Nets     = 0
  Number of Node Overlaps             = 0

Phase 2 Router Initialization | Checksum: 36a8c4ea2

Time (s): cpu = 00:00:36 ; elapsed = 00:00:15 . Memory (MB): peak = 3302.723 ; gain = 76.195 ; free physical = 51847 ; free virtual = 63893

Phase 3 Global Routing
Phase 3 Global Routing | Checksum: 36a8c4ea2

Time (s): cpu = 00:00:36 ; elapsed = 00:00:15 . Memory (MB): peak = 3302.723 ; gain = 76.195 ; free physical = 51842 ; free virtual = 63894

Phase 4 Initial Routing

Phase 4.1 Initial Net Routing Pass
Phase 4.1 Initial Net Routing Pass | Checksum: 2ddaf5489

Time (s): cpu = 00:00:48 ; elapsed = 00:00:19 . Memory (MB): peak = 3388.301 ; gain = 161.773 ; free physical = 51689 ; free virtual = 63735
Phase 4 Initial Routing | Checksum: 2ddaf5489

Time (s): cpu = 00:00:48 ; elapsed = 00:00:19 . Memory (MB): peak = 3388.301 ; gain = 161.773 ; free physical = 51714 ; free virtual = 63754

Phase 5 Rip-up And Reroute

Phase 5.1 Global Iteration 0
 Number of Nodes with overlaps = 13221
 Number of Nodes with overlaps = 3530
 Number of Nodes with overlaps = 1143
 Number of Nodes with overlaps = 395
 Number of Nodes with overlaps = 102
 Number of Nodes with overlaps = 49
 Number of Nodes with overlaps = 37
 Number of Nodes with overlaps = 19
 Number of Nodes with overlaps = 8
 Number of Nodes with overlaps = 4
 Number of Nodes with overlaps = 0
INFO: [Route 35-416] Intermediate Timing Summary | WNS=-0.828 | TNS=-35.396| WHS=N/A    | THS=N/A    |

Phase 5.1 Global Iteration 0 | Checksum: 2e5d8f810

Time (s): cpu = 00:02:24 ; elapsed = 00:00:50 . Memory (MB): peak = 3388.301 ; gain = 161.773 ; free physical = 51829 ; free virtual = 63876

Phase 5.2 Global Iteration 1
 Number of Nodes with overlaps = 1149
 Number of Nodes with overlaps = 559
 Number of Nodes with overlaps = 206
 Number of Nodes with overlaps = 59
 Number of Nodes with overlaps = 42
 Number of Nodes with overlaps = 26
 Number of Nodes with overlaps = 18
 Number of Nodes with overlaps = 3
 Number of Nodes with overlaps = 5
 Number of Nodes with overlaps = 1
 Number of Nodes with overlaps = 3
 Number of Nodes with overlaps = 0
INFO: [Route 35-416] Intermediate Timing Summary | WNS=-0.799 | TNS=-32.759| WHS=N/A    | THS=N/A    |

Phase 5.2 Global Iteration 1 | Checksum: 1e901a36d

Time (s): cpu = 00:02:49 ; elapsed = 00:01:01 . Memory (MB): peak = 3388.301 ; gain = 161.773 ; free physical = 51798 ; free virtual = 63844

Phase 5.3 Global Iteration 2
 Number of Nodes with overlaps = 1662
 Number of Nodes with overlaps = 967
 Number of Nodes with overlaps = 355
 Number of Nodes with overlaps = 186
 Number of Nodes with overlaps = 82
 Number of Nodes with overlaps = 60
 Number of Nodes with overlaps = 40
 Number of Nodes with overlaps = 29
 Number of Nodes with overlaps = 14
 Number of Nodes with overlaps = 8
 Number of Nodes with overlaps = 6
 Number of Nodes with overlaps = 0
INFO: [Route 35-416] Intermediate Timing Summary | WNS=-0.702 | TNS=-16.578| WHS=N/A    | THS=N/A    |

Phase 5.3 Global Iteration 2 | Checksum: 30ecf8809

Time (s): cpu = 00:03:24 ; elapsed = 00:01:14 . Memory (MB): peak = 3388.301 ; gain = 161.773 ; free physical = 51799 ; free virtual = 63852

Phase 5.4 Global Iteration 3
 Number of Nodes with overlaps = 1526
 Number of Nodes with overlaps = 759
 Number of Nodes with overlaps = 378
 Number of Nodes with overlaps = 168
 Number of Nodes with overlaps = 71
 Number of Nodes with overlaps = 31
 Number of Nodes with overlaps = 15
 Number of Nodes with overlaps = 13
 Number of Nodes with overlaps = 12
 Number of Nodes with overlaps = 5
 Number of Nodes with overlaps = 3
 Number of Nodes with overlaps = 1
 Number of Nodes with overlaps = 0
INFO: [Route 35-416] Intermediate Timing Summary | WNS=-0.597 | TNS=-14.922| WHS=N/A    | THS=N/A    |

Phase 5.4 Global Iteration 3 | Checksum: 2b2aea686

Time (s): cpu = 00:04:02 ; elapsed = 00:01:31 . Memory (MB): peak = 3388.301 ; gain = 161.773 ; free physical = 51788 ; free virtual = 63832

Phase 5.5 Global Iteration 4
 Number of Nodes with overlaps = 1895
 Number of Nodes with overlaps = 774
 Number of Nodes with overlaps = 262
 Number of Nodes with overlaps = 173
 Number of Nodes with overlaps = 55
 Number of Nodes with overlaps = 28
 Number of Nodes with overlaps = 18
 Number of Nodes with overlaps = 11
 Number of Nodes with overlaps = 7
 Number of Nodes with overlaps = 8
 Number of Nodes with overlaps = 3
 Number of Nodes with overlaps = 3
 Number of Nodes with overlaps = 2
 Number of Nodes with overlaps = 3
 Number of Nodes with overlaps = 0
INFO: [Route 35-416] Intermediate Timing Summary | WNS=-0.614 | TNS=-18.274| WHS=N/A    | THS=N/A    |

Phase 5.5 Global Iteration 4 | Checksum: 1e0e95b8a

Time (s): cpu = 00:04:35 ; elapsed = 00:01:45 . Memory (MB): peak = 3388.301 ; gain = 161.773 ; free physical = 51815 ; free virtual = 63859
Phase 5 Rip-up And Reroute | Checksum: 1e0e95b8a

Time (s): cpu = 00:04:35 ; elapsed = 00:01:45 . Memory (MB): peak = 3388.301 ; gain = 161.773 ; free physical = 51815 ; free virtual = 63859

Phase 6 Delay and Skew Optimization

Phase 6.1 TNS Cleanup

Phase 6.1.1 Delay CleanUp

Phase 6.1.1.1 Update Timing
Phase 6.1.1.1 Update Timing | Checksum: 1e5083725

Time (s): cpu = 00:04:37 ; elapsed = 00:01:46 . Memory (MB): peak = 3388.301 ; gain = 161.773 ; free physical = 51827 ; free virtual = 63871
INFO: [Route 35-416] Intermediate Timing Summary | WNS=-0.597 | TNS=-14.743| WHS=N/A    | THS=N/A    |

 Number of Nodes with overlaps = 0

Phase 6.1.1.2 Update Timing
Phase 6.1.1.2 Update Timing | Checksum: 2417bd145

Time (s): cpu = 00:04:38 ; elapsed = 00:01:46 . Memory (MB): peak = 3388.301 ; gain = 161.773 ; free physical = 51820 ; free virtual = 63864
INFO: [Route 35-416] Intermediate Timing Summary | WNS=-0.597 | TNS=-14.386| WHS=N/A    | THS=N/A    |

 Number of Nodes with overlaps = 0

Phase 6.1.1.3 Update Timing
Phase 6.1.1.3 Update Timing | Checksum: 3020f5d01

Time (s): cpu = 00:04:39 ; elapsed = 00:01:46 . Memory (MB): peak = 3388.301 ; gain = 161.773 ; free physical = 51810 ; free virtual = 63854
INFO: [Route 35-416] Intermediate Timing Summary | WNS=-0.597 | TNS=-14.386| WHS=N/A    | THS=N/A    |

 Number of Nodes with overlaps = 0

Phase 6.1.1.4 Update Timing
Phase 6.1.1.4 Update Timing | Checksum: 25bd6a863

Time (s): cpu = 00:04:39 ; elapsed = 00:01:46 . Memory (MB): peak = 3388.301 ; gain = 161.773 ; free physical = 51821 ; free virtual = 63868
INFO: [Route 35-416] Intermediate Timing Summary | WNS=-0.597 | TNS=-14.386| WHS=N/A    | THS=N/A    |

Phase 6.1.1 Delay CleanUp | Checksum: 2b71ff60d

Time (s): cpu = 00:04:40 ; elapsed = 00:01:46 . Memory (MB): peak = 3388.301 ; gain = 161.773 ; free physical = 51823 ; free virtual = 63870
Phase 6.1 TNS Cleanup | Checksum: 2b71ff60d

Time (s): cpu = 00:04:40 ; elapsed = 00:01:46 . Memory (MB): peak = 3388.301 ; gain = 161.773 ; free physical = 51823 ; free virtual = 63869

Phase 6.2 Clock Skew Optimization
Phase 6.2 Clock Skew Optimization | Checksum: 2b71ff60d

Time (s): cpu = 00:04:40 ; elapsed = 00:01:46 . Memory (MB): peak = 3388.301 ; gain = 161.773 ; free physical = 51819 ; free virtual = 63865
Phase 6 Delay and Skew Optimization | Checksum: 2b71ff60d

Time (s): cpu = 00:04:40 ; elapsed = 00:01:46 . Memory (MB): peak = 3388.301 ; gain = 161.773 ; free physical = 51819 ; free virtual = 63865

Phase 7 Post Hold Fix

Phase 7.1 Hold Fix Iter
INFO: [Route 35-416] Intermediate Timing Summary | WNS=-0.597 | TNS=-14.386| WHS=0.025  | THS=0.000  |

Phase 7.1 Hold Fix Iter | Checksum: 2878357d0

Time (s): cpu = 00:04:43 ; elapsed = 00:01:47 . Memory (MB): peak = 3388.301 ; gain = 161.773 ; free physical = 51813 ; free virtual = 63860
Phase 7 Post Hold Fix | Checksum: 2878357d0

Time (s): cpu = 00:04:43 ; elapsed = 00:01:47 . Memory (MB): peak = 3388.301 ; gain = 161.773 ; free physical = 51813 ; free virtual = 63860

Phase 8 Timing Verification

Phase 8.1 Update Timing
Phase 8.1 Update Timing | Checksum: 2878357d0

Time (s): cpu = 00:04:47 ; elapsed = 00:01:48 . Memory (MB): peak = 3388.301 ; gain = 161.773 ; free physical = 51813 ; free virtual = 63859
INFO: [Route 35-416] Intermediate Timing Summary | WNS=-0.597 | TNS=-14.386| WHS=0.025  | THS=0.000  |

Phase 8 Timing Verification | Checksum: 2878357d0

Time (s): cpu = 00:04:47 ; elapsed = 00:01:48 . Memory (MB): peak = 3388.301 ; gain = 161.773 ; free physical = 51812 ; free virtual = 63859

Phase 9 Route finalize

Router Utilization Summary
  Global Vertical Routing Utilization    = 16.7847 %
  Global Horizontal Routing Utilization  = 17.5634 %
  Routable Net Status*
  *Does not include unroutable nets such as driverless and loadless.
  Run report_route_status for detailed report.
  Number of Failed Nets               = 0
    (Failed Nets is the sum of unrouted and partially routed nets)
  Number of Unrouted Nets             = 0
  Number of Partially Routed Nets     = 0
  Number of Node Overlaps             = 0


--GLOBAL Congestion:
Utilization threshold used for congestion level computation: 0.85
Congestion Report
North Dir 1x1 Area, Max Cong = 91.8919%, Congestion bounded by tiles (Lower Left Tile -> Upper Right Tile):
   INT_L_X60Y92 -> INT_L_X60Y92
   INT_L_X62Y68 -> INT_L_X62Y68
   INT_R_X31Y65 -> INT_R_X31Y65
   INT_R_X61Y61 -> INT_R_X61Y61
South Dir 8x8 Area, Max Cong = 86.3879%, Congestion bounded by tiles (Lower Left Tile -> Upper Right Tile):
   INT_L_X56Y62 -> INT_R_X63Y69
   INT_L_X56Y54 -> INT_R_X63Y61
East Dir 2x2 Area, Max Cong = 89.7059%, Congestion bounded by tiles (Lower Left Tile -> Upper Right Tile):
   INT_L_X26Y42 -> INT_R_X27Y43
   INT_L_X38Y42 -> INT_R_X39Y43
   INT_L_X38Y40 -> INT_R_X39Y41
West Dir 1x1 Area, Max Cong = 92.6471%, Congestion bounded by tiles (Lower Left Tile -> Upper Right Tile):
   INT_L_X30Y75 -> INT_L_X30Y75
   INT_R_X41Y74 -> INT_R_X41Y74
   INT_R_X41Y68 -> INT_R_X41Y68
   INT_R_X43Y62 -> INT_R_X43Y62
   INT_L_X64Y60 -> INT_L_X64Y60

------------------------------
Reporting congestion hotspots
------------------------------
Direction: North
----------------
Congested clusters found at Level 0
Effective congestion level: 0 Aspect Ratio: 1 Sparse Ratio: 1
Direction: South
----------------
Congested clusters found at Level 3
Effective congestion level: 4 Aspect Ratio: 0.5 Sparse Ratio: 0.5
Direction: East
----------------
Congested clusters found at Level 0
Effective congestion level: 2 Aspect Ratio: 0.8 Sparse Ratio: 0.75
Direction: West
----------------
Congested clusters found at Level 0
Effective congestion level: 2 Aspect Ratio: 0.75 Sparse Ratio: 0.5

Phase 9 Route finalize | Checksum: 2878357d0

Time (s): cpu = 00:04:47 ; elapsed = 00:01:48 . Memory (MB): peak = 3388.301 ; gain = 161.773 ; free physical = 51821 ; free virtual = 63867

Phase 10 Verifying routed nets

 Verification completed successfully
Phase 10 Verifying routed nets | Checksum: 2878357d0

Time (s): cpu = 00:04:47 ; elapsed = 00:01:48 . Memory (MB): peak = 3388.301 ; gain = 161.773 ; free physical = 51828 ; free virtual = 63875

Phase 11 Depositing Routes
Phase 11 Depositing Routes | Checksum: 1cb3ce66c

Time (s): cpu = 00:04:50 ; elapsed = 00:01:49 . Memory (MB): peak = 3388.301 ; gain = 161.773 ; free physical = 51807 ; free virtual = 63853

Phase 12 Incr Placement Change
Netlist sorting complete. Time (s): cpu = 00:00:00 ; elapsed = 00:00:00.01 . Memory (MB): peak = 3388.301 ; gain = 0.000 ; free physical = 51804 ; free virtual = 63851
INFO: [Place 30-746] Post Placement Timing Summary WNS=-0.489. For the most accurate timing information please run report_timing.
Ending IncrPlace Task | Checksum: 16a0b9569

Time (s): cpu = 00:00:22 ; elapsed = 00:00:09 . Memory (MB): peak = 3388.301 ; gain = 0.000 ; free physical = 51783 ; free virtual = 63829
Phase 12 Incr Placement Change | Checksum: 16a0b9569

Time (s): cpu = 00:05:12 ; elapsed = 00:01:58 . Memory (MB): peak = 3388.301 ; gain = 161.773 ; free physical = 51775 ; free virtual = 63822

Phase 13 Build RT Design
Checksum: PlaceDB: 3ad82867 ConstDB: 0 ShapeSum: ceded656 RouteDB: 605496ac
Post Restoration Checksum: NetGraph: 841f8361 | NumContArr: 762e9f18 | Constraints: c2a8fa9d | Timing: c2a8fa9d
Phase 13 Build RT Design | Checksum: 27fa017b3

Time (s): cpu = 00:05:22 ; elapsed = 00:02:00 . Memory (MB): peak = 3388.301 ; gain = 161.773 ; free physical = 51782 ; free virtual = 63829

Phase 14 Router Initialization

Phase 14.1 Fix Topology Constraints
Phase 14.1 Fix Topology Constraints | Checksum: 27fa017b3

Time (s): cpu = 00:05:22 ; elapsed = 00:02:00 . Memory (MB): peak = 3388.301 ; gain = 161.773 ; free physical = 51793 ; free virtual = 63838

Phase 14.2 Pre Route Cleanup
Phase 14.2 Pre Route Cleanup | Checksum: 294ddb35e

Time (s): cpu = 00:05:22 ; elapsed = 00:02:00 . Memory (MB): peak = 3388.301 ; gain = 161.773 ; free physical = 51793 ; free virtual = 63838
 Number of Nodes with overlaps = 0

Phase 14.3 Update Timing
Phase 14.3 Update Timing | Checksum: 20658909a

Time (s): cpu = 00:05:35 ; elapsed = 00:02:03 . Memory (MB): peak = 3388.301 ; gain = 161.773 ; free physical = 51788 ; free virtual = 63835
INFO: [Route 35-416] Intermediate Timing Summary | WNS=-0.476 | TNS=-8.987 | WHS=-0.353 | THS=-640.553|


Router Utilization Summary
  Global Vertical Routing Utilization    = 16.7647 %
  Global Horizontal Routing Utilization  = 17.5449 %
  Routable Net Status*
  *Does not include unroutable nets such as driverless and loadless.
  Run report_route_status for detailed report.
  Number of Failed Nets               = 121
    (Failed Nets is the sum of unrouted and partially routed nets)
  Number of Unrouted Nets             = 34
  Number of Partially Routed Nets     = 87
  Number of Node Overlaps             = 0

Phase 14 Router Initialization | Checksum: 1a710ff8d

Time (s): cpu = 00:05:40 ; elapsed = 00:02:05 . Memory (MB): peak = 3388.301 ; gain = 161.773 ; free physical = 51769 ; free virtual = 63814

Phase 15 Global Routing
Phase 15 Global Routing | Checksum: 1a710ff8d

Time (s): cpu = 00:05:41 ; elapsed = 00:02:05 . Memory (MB): peak = 3388.301 ; gain = 161.773 ; free physical = 51769 ; free virtual = 63814

Phase 16 Initial Routing

Phase 16.1 Initial Net Routing Pass
Phase 16.1 Initial Net Routing Pass | Checksum: 1ca241128

Time (s): cpu = 00:05:42 ; elapsed = 00:02:05 . Memory (MB): peak = 3388.301 ; gain = 161.773 ; free physical = 51769 ; free virtual = 63813
Phase 16 Initial Routing | Checksum: 1ca241128

Time (s): cpu = 00:05:42 ; elapsed = 00:02:05 . Memory (MB): peak = 3388.301 ; gain = 161.773 ; free physical = 51771 ; free virtual = 63815

Phase 17 Rip-up And Reroute

Phase 17.1 Global Iteration 0
 Number of Nodes with overlaps = 1643
 Number of Nodes with overlaps = 773
 Number of Nodes with overlaps = 393
 Number of Nodes with overlaps = 144
 Number of Nodes with overlaps = 61
 Number of Nodes with overlaps = 19
 Number of Nodes with overlaps = 10
 Number of Nodes with overlaps = 4
 Number of Nodes with overlaps = 0
INFO: [Route 35-416] Intermediate Timing Summary | WNS=-0.650 | TNS=-30.306| WHS=N/A    | THS=N/A    |

Phase 17.1 Global Iteration 0 | Checksum: 2d824bd10

Time (s): cpu = 00:06:08 ; elapsed = 00:02:15 . Memory (MB): peak = 3388.301 ; gain = 161.773 ; free physical = 51748 ; free virtual = 63793

Phase 17.2 Global Iteration 1
 Number of Nodes with overlaps = 2052
 Number of Nodes with overlaps = 1210
 Number of Nodes with overlaps = 578
 Number of Nodes with overlaps = 214
 Number of Nodes with overlaps = 136
 Number of Nodes with overlaps = 82
 Number of Nodes with overlaps = 46
 Number of Nodes with overlaps = 27
 Number of Nodes with overlaps = 14
 Number of Nodes with overlaps = 12
 Number of Nodes with overlaps = 4
 Number of Nodes with overlaps = 1
 Number of Nodes with overlaps = 0
INFO: [Route 35-416] Intermediate Timing Summary | WNS=-0.485 | TNS=-12.177| WHS=N/A    | THS=N/A    |

Phase 17.2 Global Iteration 1 | Checksum: 211e56233

Time (s): cpu = 00:06:37 ; elapsed = 00:02:25 . Memory (MB): peak = 3388.301 ; gain = 161.773 ; free physical = 51745 ; free virtual = 63792

Phase 17.3 Global Iteration 2
 Number of Nodes with overlaps = 2250
 Number of Nodes with overlaps = 1228
 Number of Nodes with overlaps = 515
 Number of Nodes with overlaps = 299
 Number of Nodes with overlaps = 119
 Number of Nodes with overlaps = 73
 Number of Nodes with overlaps = 51
 Number of Nodes with overlaps = 23
 Number of Nodes with overlaps = 11
 Number of Nodes with overlaps = 8
 Number of Nodes with overlaps = 5
 Number of Nodes with overlaps = 3
 Number of Nodes with overlaps = 2
 Number of Nodes with overlaps = 1
 Number of Nodes with overlaps = 0
INFO: [Route 35-416] Intermediate Timing Summary | WNS=-0.657 | TNS=-18.215| WHS=N/A    | THS=N/A    |

Phase 17.3 Global Iteration 2 | Checksum: 231abd99b

Time (s): cpu = 00:07:10 ; elapsed = 00:02:38 . Memory (MB): peak = 3388.301 ; gain = 161.773 ; free physical = 51779 ; free virtual = 63827
Phase 17 Rip-up And Reroute | Checksum: 231abd99b

Time (s): cpu = 00:07:10 ; elapsed = 00:02:38 . Memory (MB): peak = 3388.301 ; gain = 161.773 ; free physical = 51779 ; free virtual = 63826

Phase 18 Delay and Skew Optimization

Phase 18.1 TNS Cleanup

Phase 18.1.1 Delay CleanUp

Phase 18.1.1.1 Update Timing
Phase 18.1.1.1 Update Timing | Checksum: 270cf0e12

Time (s): cpu = 00:07:13 ; elapsed = 00:02:38 . Memory (MB): peak = 3388.301 ; gain = 161.773 ; free physical = 51773 ; free virtual = 63821
INFO: [Route 35-416] Intermediate Timing Summary | WNS=-0.485 | TNS=-11.956| WHS=N/A    | THS=N/A    |

 Number of Nodes with overlaps = 0

Phase 18.1.1.2 Update Timing
Phase 18.1.1.2 Update Timing | Checksum: 283b4fc17

Time (s): cpu = 00:07:15 ; elapsed = 00:02:39 . Memory (MB): peak = 3388.301 ; gain = 161.773 ; free physical = 51782 ; free virtual = 63830
INFO: [Route 35-416] Intermediate Timing Summary | WNS=-0.459 | TNS=-14.465| WHS=N/A    | THS=N/A    |

 Number of Nodes with overlaps = 0

Phase 18.1.1.3 Update Timing
Phase 18.1.1.3 Update Timing | Checksum: 24712a6e1

Time (s): cpu = 00:07:16 ; elapsed = 00:02:39 . Memory (MB): peak = 3388.301 ; gain = 161.773 ; free physical = 51763 ; free virtual = 63811
INFO: [Route 35-416] Intermediate Timing Summary | WNS=-0.459 | TNS=-14.375| WHS=N/A    | THS=N/A    |

 Number of Nodes with overlaps = 0

Phase 18.1.1.4 Update Timing
Phase 18.1.1.4 Update Timing | Checksum: 2464f3fc3

Time (s): cpu = 00:07:17 ; elapsed = 00:02:40 . Memory (MB): peak = 3388.301 ; gain = 161.773 ; free physical = 51761 ; free virtual = 63809
INFO: [Route 35-416] Intermediate Timing Summary | WNS=-0.459 | TNS=-14.375| WHS=N/A    | THS=N/A    |

 Number of Nodes with overlaps = 0

Phase 18.1.1.5 Update Timing
Phase 18.1.1.5 Update Timing | Checksum: 1f3c23407

Time (s): cpu = 00:07:17 ; elapsed = 00:02:40 . Memory (MB): peak = 3388.301 ; gain = 161.773 ; free physical = 51764 ; free virtual = 63812
INFO: [Route 35-416] Intermediate Timing Summary | WNS=-0.459 | TNS=-14.375| WHS=N/A    | THS=N/A    |

Phase 18.1.1 Delay CleanUp | Checksum: 1dd2236ab

Time (s): cpu = 00:07:18 ; elapsed = 00:02:40 . Memory (MB): peak = 3388.301 ; gain = 161.773 ; free physical = 51760 ; free virtual = 63808
Phase 18.1 TNS Cleanup | Checksum: 1dd2236ab

Time (s): cpu = 00:07:18 ; elapsed = 00:02:40 . Memory (MB): peak = 3388.301 ; gain = 161.773 ; free physical = 51760 ; free virtual = 63808

Phase 18.2 Clock Skew Optimization
Phase 18.2 Clock Skew Optimization | Checksum: 1dd2236ab

Time (s): cpu = 00:07:18 ; elapsed = 00:02:40 . Memory (MB): peak = 3388.301 ; gain = 161.773 ; free physical = 51771 ; free virtual = 63819
Phase 18 Delay and Skew Optimization | Checksum: 1dd2236ab

Time (s): cpu = 00:07:18 ; elapsed = 00:02:40 . Memory (MB): peak = 3388.301 ; gain = 161.773 ; free physical = 51771 ; free virtual = 63819

Phase 19 Post Hold Fix

Phase 19.1 Hold Fix Iter
INFO: [Route 35-416] Intermediate Timing Summary | WNS=-0.459 | TNS=-14.375| WHS=0.025  | THS=0.000  |

Phase 19.1 Hold Fix Iter | Checksum: 2732db930

Time (s): cpu = 00:07:21 ; elapsed = 00:02:41 . Memory (MB): peak = 3388.301 ; gain = 161.773 ; free physical = 51770 ; free virtual = 63815
Phase 19 Post Hold Fix | Checksum: 2732db930

Time (s): cpu = 00:07:21 ; elapsed = 00:02:41 . Memory (MB): peak = 3388.301 ; gain = 161.773 ; free physical = 51769 ; free virtual = 63815

Phase 20 Timing Verification

Phase 20.1 Update Timing
Phase 20.1 Update Timing | Checksum: 28db249ac

Time (s): cpu = 00:07:25 ; elapsed = 00:02:41 . Memory (MB): peak = 3388.301 ; gain = 161.773 ; free physical = 51763 ; free virtual = 63813
INFO: [Route 35-416] Intermediate Timing Summary | WNS=-0.459 | TNS=-14.375| WHS=0.025  | THS=0.000  |

Phase 20 Timing Verification | Checksum: 28db249ac

Time (s): cpu = 00:07:25 ; elapsed = 00:02:41 . Memory (MB): peak = 3388.301 ; gain = 161.773 ; free physical = 51767 ; free virtual = 63815

Phase 21 Route finalize

Router Utilization Summary
  Global Vertical Routing Utilization    = 16.5608 %
  Global Horizontal Routing Utilization  = 17.4393 %
  Routable Net Status*
  *Does not include unroutable nets such as driverless and loadless.
  Run report_route_status for detailed report.
  Number of Failed Nets               = 0
    (Failed Nets is the sum of unrouted and partially routed nets)
  Number of Unrouted Nets             = 0
  Number of Partially Routed Nets     = 0
  Number of Node Overlaps             = 0


--GLOBAL Congestion:
Utilization threshold used for congestion level computation: 0.85
Congestion Report
North Dir 1x1 Area, Max Cong = 85.5856%, Congestion bounded by tiles (Lower Left Tile -> Upper Right Tile):
   INT_R_X31Y65 -> INT_R_X31Y65
South Dir 8x8 Area, Max Cong = 85.4448%, Congestion bounded by tiles (Lower Left Tile -> Upper Right Tile):
   INT_L_X56Y54 -> INT_R_X63Y61
East Dir 2x2 Area, Max Cong = 90.0735%, Congestion bounded by tiles (Lower Left Tile -> Upper Right Tile):
   INT_L_X24Y46 -> INT_R_X25Y47
   INT_L_X26Y42 -> INT_R_X27Y43
   INT_L_X38Y42 -> INT_R_X39Y43
   INT_L_X38Y40 -> INT_R_X39Y41
West Dir 1x1 Area, Max Cong = 92.6471%, Congestion bounded by tiles (Lower Left Tile -> Upper Right Tile):
   INT_R_X41Y74 -> INT_R_X41Y74
   INT_R_X43Y62 -> INT_R_X43Y62
   INT_R_X59Y62 -> INT_R_X59Y62
   INT_L_X64Y62 -> INT_L_X64Y62
   INT_L_X64Y60 -> INT_L_X64Y60

------------------------------
Reporting congestion hotspots
------------------------------
Direction: North
----------------
Congested clusters found at Level 0
Effective congestion level: 0 Aspect Ratio: 1 Sparse Ratio: 1
Direction: South
----------------
Congested clusters found at Level 3
Effective congestion level: 4 Aspect Ratio: 0.5 Sparse Ratio: 0.5
Direction: East
----------------
Congested clusters found at Level 0
Effective congestion level: 2 Aspect Ratio: 0.333333 Sparse Ratio: 1.0625
Direction: West
----------------
Congested clusters found at Level 0
Effective congestion level: 1 Aspect Ratio: 1 Sparse Ratio: 1.5

Phase 21 Route finalize | Checksum: 28db249ac

Time (s): cpu = 00:07:26 ; elapsed = 00:02:42 . Memory (MB): peak = 3388.301 ; gain = 161.773 ; free physical = 51759 ; free virtual = 63807

Phase 22 Verifying routed nets

 Verification completed successfully
Phase 22 Verifying routed nets | Checksum: 28db249ac

Time (s): cpu = 00:07:26 ; elapsed = 00:02:42 . Memory (MB): peak = 3388.301 ; gain = 161.773 ; free physical = 51759 ; free virtual = 63807

Phase 23 Depositing Routes
Phase 23 Depositing Routes | Checksum: 2f0c9dd68

Time (s): cpu = 00:07:28 ; elapsed = 00:02:43 . Memory (MB): peak = 3388.301 ; gain = 161.773 ; free physical = 51778 ; free virtual = 63826
INFO: [Route 72-16] Aggressive Explore Summary
+======+========+=====+=======+=====+========+==============+===================+
| Pass |  WNS   | TNS |  WHS  | THS | Status | Elapsed Time | Solution Selected |
+======+========+=====+=======+=====+========+==============+===================+
|  1   | -0.597 |  -  | 0.025 |  -  |  Pass  |   00:01:38   |                   |
|  2   | -0.459 |  -  | 0.025 |  -  |  Pass  |   00:00:42   |         x         |
+------+--------+-----+-------+-----+--------+--------------+-------------------+


Phase 24 Post Process Routing
Phase 24 Post Process Routing | Checksum: 2f0c9dd68

Time (s): cpu = 00:07:28 ; elapsed = 00:02:43 . Memory (MB): peak = 3388.301 ; gain = 161.773 ; free physical = 51778 ; free virtual = 63826

Phase 25 Post Router Timing
INFO: [Route 35-20] Post Routing Timing Summary | WNS=-0.457 | TNS=-13.938| WHS=0.025  | THS=0.000  |

Phase 25 Post Router Timing | Checksum: 2d6fb0fb7

Time (s): cpu = 00:07:39 ; elapsed = 00:02:45 . Memory (MB): peak = 3388.301 ; gain = 161.773 ; free physical = 51785 ; free virtual = 63833
WARNING: [Route 35-39] The design did not meet timing requirements. Please run report_timing_summary for detailed reports.
Resolution: Verify that the timing was met or had small violations at all previous steps (synthesis, placement, power_opt, and phys_opt). Run report_timing_summary and analyze individual timing paths.
INFO: [Route 35-253] TNS is the sum of the worst slack violation on every endpoint in the design. Review the paths with the biggest WNS violations in the timing reports and modify your constraints or your design to improve both WNS and TNS.
Total Elapsed time in route_design: 164.73 secs

Phase 26 Post-Route Event Processing
Phase 26 Post-Route Event Processing | Checksum: 17c3aa344

Time (s): cpu = 00:07:40 ; elapsed = 00:02:45 . Memory (MB): peak = 3388.301 ; gain = 161.773 ; free physical = 51777 ; free virtual = 63824
INFO: [Route 35-16] Router Completed Successfully
Ending Routing Task | Checksum: 17c3aa344

Time (s): cpu = 00:07:40 ; elapsed = 00:02:45 . Memory (MB): peak = 3388.301 ; gain = 161.773 ; free physical = 51784 ; free virtual = 63824

Routing Is Done.
INFO: [Common 17-83] Releasing license: Implementation
1798 Infos, 5 Warnings, 0 Critical Warnings and 0 Errors encountered.
route_design completed successfully
route_design: Time (s): cpu = 00:07:41 ; elapsed = 00:02:45 . Memory (MB): peak = 3388.301 ; gain = 228.211 ; free physical = 51784 ; free virtual = 63832
INFO: [Vivado 12-24828] Executing command : report_drc -file design_1_wrapper_drc_routed.rpt -pb design_1_wrapper_drc_routed.pb -rpx design_1_wrapper_drc_routed.rpx
Command: report_drc -file design_1_wrapper_drc_routed.rpt -pb design_1_wrapper_drc_routed.pb -rpx design_1_wrapper_drc_routed.rpx
INFO: [IP_Flow 19-1839] IP Catalog is up to date.
INFO: [DRC 23-27] Running DRC with 8 threads
INFO: [Vivado_Tcl 2-168] The results of DRC are in file /home/pjs/Desktop/smollm2-zybo/hw/vivado_project/GPTalk.runs/impl_1/design_1_wrapper_drc_routed.rpt.
report_drc completed successfully
INFO: [Vivado 12-24828] Executing command : report_methodology -file design_1_wrapper_methodology_drc_routed.rpt -pb design_1_wrapper_methodology_drc_routed.pb -rpx design_1_wrapper_methodology_drc_routed.rpx
Command: report_methodology -file design_1_wrapper_methodology_drc_routed.rpt -pb design_1_wrapper_methodology_drc_routed.pb -rpx design_1_wrapper_methodology_drc_routed.rpx
INFO: [Timing 38-35] Done setting XDC timing constraints.
INFO: [DRC 23-133] Running Methodology with 8 threads
INFO: [Vivado_Tcl 2-1520] The results of Report Methodology are in file /home/pjs/Desktop/smollm2-zybo/hw/vivado_project/GPTalk.runs/impl_1/design_1_wrapper_methodology_drc_routed.rpt.
report_methodology completed successfully
INFO: [Vivado 12-24828] Executing command : report_timing_summary -max_paths 10 -report_unconstrained -file design_1_wrapper_timing_summary_routed.rpt -pb design_1_wrapper_timing_summary_routed.pb -rpx design_1_wrapper_timing_summary_routed.rpx
INFO: [Timing 38-35] Done setting XDC timing constraints.
INFO: [Timing 38-91] UpdateTimingParams: Speed grade: -1, Delay Type: min_max.
INFO: [Timing 38-191] Multithreading enabled for timing update using a maximum of 8 CPUs
INFO: [Vivado 12-24838] Running report commands "report_bus_skew, report_incremental_reuse, report_route_status" in parallel.
Running report generation with 3 threads.
INFO: [Vivado 12-24828] Executing command : report_incremental_reuse -file design_1_wrapper_incremental_reuse_routed.rpt
INFO: [Vivado_Tcl 4-1062] Incremental flow is disabled. No incremental reuse Info to report.
INFO: [Vivado 12-24828] Executing command : report_bus_skew -warn_on_violation -file design_1_wrapper_bus_skew_routed.rpt -pb design_1_wrapper_bus_skew_routed.pb -rpx design_1_wrapper_bus_skew_routed.rpx
INFO: [Timing 38-91] UpdateTimingParams: Speed grade: -1, Delay Type: min_max.
INFO: [Timing 38-191] Multithreading enabled for timing update using a maximum of 8 CPUs
INFO: [Vivado 12-24828] Executing command : report_route_status -file design_1_wrapper_route_status.rpt -pb design_1_wrapper_route_status.pb
INFO: [Vivado 12-24828] Executing command : report_power -file design_1_wrapper_power_routed.rpt -pb design_1_wrapper_power_summary_routed.pb -rpx design_1_wrapper_power_routed.rpx
Command: report_power -file design_1_wrapper_power_routed.rpt -pb design_1_wrapper_power_summary_routed.pb -rpx design_1_wrapper_power_routed.rpx
Running Vector-less Activity Propagation...

Finished Running Vector-less Activity Propagation
WARNING: [Power 33-332] Found switching activity that implies high-fanout reset nets being asserted for excessive periods of time which may result in inaccurate power analysis.
Resolution: To review and fix problems, please run Power Constraints Advisor in the GUI from Tools > Power Constraints Advisor or run report_power with the -advisory option to generate a text report.
1818 Infos, 6 Warnings, 0 Critical Warnings and 0 Errors encountered.
report_power completed successfully
report_power: Time (s): cpu = 00:00:13 ; elapsed = 00:00:05 . Memory (MB): peak = 3475.352 ; gain = 87.051 ; free physical = 51680 ; free virtual = 63740
INFO: [Vivado 12-24828] Executing command : report_clock_utilization -file design_1_wrapper_clock_utilization_routed.rpt
generate_parallel_reports: Time (s): cpu = 00:00:55 ; elapsed = 00:00:15 . Memory (MB): peak = 3475.352 ; gain = 87.051 ; free physical = 51689 ; free virtual = 63748
INFO: [Timing 38-480] Writing timing data to binary archive.
Write ShapeDB Complete: Time (s): cpu = 00:00:00.33 ; elapsed = 00:00:00.07 . Memory (MB): peak = 3475.352 ; gain = 0.000 ; free physical = 51682 ; free virtual = 63752
Wrote PlaceDB: Time (s): cpu = 00:00:03 ; elapsed = 00:00:01 . Memory (MB): peak = 3475.352 ; gain = 0.000 ; free physical = 51628 ; free virtual = 63734
Wrote PulsedLatchDB: Time (s): cpu = 00:00:00 ; elapsed = 00:00:00 . Memory (MB): peak = 3475.352 ; gain = 0.000 ; free physical = 51628 ; free virtual = 63734
Writing XDEF routing.
Writing XDEF routing logical nets.
Writing XDEF routing special nets.
Wrote RouteStorage: Time (s): cpu = 00:00:00.28 ; elapsed = 00:00:00.16 . Memory (MB): peak = 3475.352 ; gain = 0.000 ; free physical = 51615 ; free virtual = 63728
Wrote Netlist Cache: Time (s): cpu = 00:00:00.02 ; elapsed = 00:00:00.02 . Memory (MB): peak = 3475.352 ; gain = 0.000 ; free physical = 51622 ; free virtual = 63738
Wrote Device Cache: Time (s): cpu = 00:00:00.01 ; elapsed = 00:00:00.01 . Memory (MB): peak = 3475.352 ; gain = 0.000 ; free physical = 51627 ; free virtual = 63745
Write Physdb Complete: Time (s): cpu = 00:00:03 ; elapsed = 00:00:01 . Memory (MB): peak = 3475.352 ; gain = 0.000 ; free physical = 51629 ; free virtual = 63739
INFO: [Common 17-1381] The checkpoint '/home/pjs/Desktop/smollm2-zybo/hw/vivado_project/GPTalk.runs/impl_1/design_1_wrapper_routed.dcp' has been generated.
Command: phys_opt_design -directive AggressiveExplore
Attempting to get a license for feature 'Implementation' and/or device 'xc7z020'
INFO: [Common 17-349] Got license for feature 'Implementation' and/or device 'xc7z020'
INFO: [Vivado_Tcl 4-241] Physical synthesis in post route mode 
INFO: [Vivado_Tcl 4-137] Directive used for phys_opt_design is: AggressiveExplore
INFO: [Vivado_Tcl 4-1435] PhysOpt_Tcl_Interface Runtime Before Starting Physical Synthesis Task | CPU: 0.44s |  WALL: 0.43s
INFO: [DRC 23-27] Running DRC with 8 threads
INFO: [Vivado_Tcl 4-198] DRC finished with 0 Errors
INFO: [Vivado_Tcl 4-199] Please refer to the DRC report (report_drc) for more information.
Netlist sorting complete. Time (s): cpu = 00:00:00 ; elapsed = 00:00:00.01 . Memory (MB): peak = 3475.352 ; gain = 0.000 ; free physical = 51660 ; free virtual = 63737

Starting Physical Synthesis Task

Phase 1 Physical Synthesis Initialization
INFO: [Physopt 32-721] Multithreading enabled for phys_opt_design using a maximum of 8 CPUs
INFO: [Physopt 32-668] Current Timing Summary | WNS=-0.457 | TNS=-13.938 | WHS=0.025 | THS=0.000 |
Phase 1 Physical Synthesis Initialization | Checksum: 12d121779

Time (s): cpu = 00:00:11 ; elapsed = 00:00:02 . Memory (MB): peak = 3475.352 ; gain = 0.000 ; free physical = 51685 ; free virtual = 63760

Phase 2 Critical Path Optimization
INFO: [Physopt 32-668] Current Timing Summary | WNS=-0.457 | TNS=-13.938 | WHS=0.025 | THS=0.000 |
INFO: [Physopt 32-953] Path group WNS did not improve. Path group: clk_fpga_0. Processed net: design_1_i/gemv_q8_0_dma_top_0/inst/core/scaled_shifted_reg[5]_9[54].
INFO: [Physopt 32-953] Path group WNS did not improve. Path group: clk_fpga_0. Processed net: design_1_i/processing_system7_0/inst/FCLK_CLK_unbuffered[0].
INFO: [Physopt 32-953] Path group WNS did not improve. Path group: clk_fpga_0. Processed net: design_1_i/gemv_q8_0_dma_top_0/inst/core/scaled_shifted[5][54]_i_2_n_0.
INFO: [Physopt 32-953] Path group WNS did not improve. Path group: clk_fpga_0. Processed net: design_1_i/gemv_q8_0_dma_top_0/inst/core/scaled_shifted_reg[5][60]_i_5_n_6.
INFO: [Physopt 32-608] Optimized 1 net.  Swapped 26 pins.
INFO: [Physopt 32-952] Improved path group WNS = -0.423. Path group: clk_fpga_0. Processed net: design_1_i/gemv_q8_0_dma_top_0/inst/core/scaled_shifted[5][40]_i_7_n_0.
INFO: [Physopt 32-953] Path group WNS did not improve. Path group: clk_fpga_0. Processed net: design_1_i/gemv_q8_0_dma_top_0/inst/core/scaled_shifted[5][4]_i_9_n_0.
INFO: [Physopt 32-953] Path group WNS did not improve. Path group: clk_fpga_0. Processed net: design_1_i/gemv_q8_0_dma_top_0/inst/core/scaled_shifted[5][4]_i_12_n_0.
INFO: [Physopt 32-608] Optimized 1 net.  Swapped 20 pins.
INFO: [Physopt 32-952] Improved path group WNS = -0.419. Path group: clk_fpga_0. Processed net: design_1_i/gemv_q8_0_dma_top_0/inst/core/scaled_shifted[5][8]_i_14_n_0.
INFO: [Physopt 32-953] Path group WNS did not improve. Path group: clk_fpga_0. Processed net: design_1_i/gemv_q8_0_dma_top_0/inst/core/scaled_shifted[5][4]_i_5_n_0.
INFO: [Physopt 32-953] Path group WNS did not improve. Path group: clk_fpga_0. Processed net: design_1_i/gemv_q8_0_dma_top_0/inst/core/scaled_shifted[5][0]_i_5_n_0.
INFO: [Physopt 32-953] Path group WNS did not improve. Path group: clk_fpga_0. Processed net: design_1_i/gemv_q8_0_dma_top_0/inst/core/scaled_shifted[5][0]_i_11_n_0.
INFO: [Physopt 32-953] Path group WNS did not improve. Path group: clk_fpga_0. Processed net: design_1_i/gemv_q8_0_dma_top_0/inst/core/scaled_shifted_reg[5][0]_i_29_n_4.
INFO: [Physopt 32-953] Path group WNS did not improve. Path group: clk_fpga_0. Processed net: design_1_i/gemv_q8_0_dma_top_0/inst/core/scaled_shifted[5][0]_i_67_n_0.
INFO: [Physopt 32-953] Path group WNS did not improve. Path group: clk_fpga_0. Processed net: design_1_i/gemv_q8_0_dma_top_0/inst/core/scaled_shifted[1][0]_i_87_n_0.
INFO: [Physopt 32-953] Path group WNS did not improve. Path group: clk_fpga_0. Processed net: design_1_i/gemv_q8_0_dma_top_0/inst/core/scaled_shifted[5][54]_i_1_n_0.
INFO: [Physopt 32-703] Processed net design_1_i/gemv_q8_0_dma_top_0/inst/core/scale_shift_reg_reg[3]_rep__7_n_0. Clock skew was adjusted for instance design_1_i/gemv_q8_0_dma_top_0/inst/core/scale_shift_reg_reg[3]_rep__7.
INFO: [Physopt 32-952] Improved path group WNS = -0.413. Path group: clk_fpga_0. Processed net: design_1_i/gemv_q8_0_dma_top_0/inst/core/scale_shift_reg_reg[3]_rep__7_n_0.
INFO: [Physopt 32-953] Path group WNS did not improve. Path group: clk_fpga_0. Processed net: design_1_i/gemv_q8_0_dma_top_0/inst/core/scaled_shifted_reg[8]_13[58].
INFO: [Physopt 32-953] Path group WNS did not improve. Path group: clk_fpga_0. Processed net: design_1_i/gemv_q8_0_dma_top_0/inst/core/data1[58].
INFO: [Physopt 32-953] Path group WNS did not improve. Path group: clk_fpga_0. Processed net: design_1_i/gemv_q8_0_dma_top_0/inst/core/scaled_shifted_reg[8][60]_i_3_n_6.
INFO: [Physopt 32-953] Path group WNS did not improve. Path group: clk_fpga_0. Processed net: design_1_i/gemv_q8_0_dma_top_0/inst/core/scaled_shifted[8][4]_i_5_n_0.
INFO: [Physopt 32-608] Optimized 1 net.  Swapped 24 pins.
INFO: [Physopt 32-952] Improved path group WNS = -0.413. Path group: clk_fpga_0. Processed net: design_1_i/gemv_q8_0_dma_top_0/inst/core/scaled_shifted[8][0]_i_6_n_0.
INFO: [Physopt 32-953] Path group WNS did not improve. Path group: clk_fpga_0. Processed net: design_1_i/gemv_q8_0_dma_top_0/inst/core/scaled_shifted_reg_n_0_[15][62].
INFO: [Physopt 32-953] Path group WNS did not improve. Path group: clk_fpga_0. Processed net: design_1_i/gemv_q8_0_dma_top_0/inst/core/data1__1[62].
INFO: [Physopt 32-953] Path group WNS did not improve. Path group: clk_fpga_0. Processed net: design_1_i/gemv_q8_0_dma_top_0/inst/core/p_1_in__2[62].
INFO: [Physopt 32-953] Path group WNS did not improve. Path group: clk_fpga_0. Processed net: design_1_i/gemv_q8_0_dma_top_0/inst/core/scaled_shifted[15][4]_i_5_n_0.
INFO: [Physopt 32-953] Path group WNS did not improve. Path group: clk_fpga_0. Processed net: design_1_i/gemv_q8_0_dma_top_0/inst/core/scaled_shifted[15][0]_i_8_n_0.
INFO: [Physopt 32-953] Path group WNS did not improve. Path group: clk_fpga_0. Processed net: design_1_i/gemv_q8_0_dma_top_0/inst/core/scaled_shifted[15][0]_i_22_n_0.
INFO: [Physopt 32-953] Path group WNS did not improve. Path group: clk_fpga_0. Processed net: design_1_i/gemv_q8_0_dma_top_0/inst/core/scaled_shifted_reg[15][63]_i_23_n_7.
INFO: [Physopt 32-953] Path group WNS did not improve. Path group: clk_fpga_0. Processed net: design_1_i/gemv_q8_0_dma_top_0/inst/core/scaled_shifted[15][0]_i_50_n_0.
INFO: [Physopt 32-710] Processed net design_1_i/gemv_q8_0_dma_top_0/inst/core/scaled_shifted[15][0]_i_50_n_0. Critical path length was reduced through logic transformation on cell design_1_i/gemv_q8_0_dma_top_0/inst/core/scaled_shifted[15][0]_i_50_comp.
INFO: [Physopt 32-952] Improved path group WNS = -0.386. Path group: clk_fpga_0. Processed net: design_1_i/gemv_q8_0_dma_top_0/inst/core/scaled_shifted[1][0]_i_58_n_0.
INFO: [Physopt 32-953] Path group WNS did not improve. Path group: clk_fpga_0. Processed net: design_1_i/gemv_q8_0_dma_top_0/inst/core/scaled_shifted_reg[6]_11[58].
INFO: [Physopt 32-953] Path group WNS did not improve. Path group: clk_fpga_0. Processed net: design_1_i/gemv_q8_0_dma_top_0/inst/core/scaled_shifted[6][58]_i_2_n_0.
INFO: [Physopt 32-953] Path group WNS did not improve. Path group: clk_fpga_0. Processed net: design_1_i/gemv_q8_0_dma_top_0/inst/core/scaled_shifted_reg[6][60]_i_3_n_6.
INFO: [Physopt 32-953] Path group WNS did not improve. Path group: clk_fpga_0. Processed net: design_1_i/gemv_q8_0_dma_top_0/inst/core/scaled_shifted[6][4]_i_9_n_0.
INFO: [Physopt 32-953] Path group WNS did not improve. Path group: clk_fpga_0. Processed net: design_1_i/gemv_q8_0_dma_top_0/inst/core/scaled_shifted[6][4]_i_12_n_0.
INFO: [Physopt 32-953] Path group WNS did not improve. Path group: clk_fpga_0. Processed net: design_1_i/gemv_q8_0_dma_top_0/inst/core/scaled_shifted[6][0]_i_5_n_0.
INFO: [Physopt 32-953] Path group WNS did not improve. Path group: clk_fpga_0. Processed net: design_1_i/gemv_q8_0_dma_top_0/inst/core/scaled_shifted[6][0]_i_10_n_0.
INFO: [Physopt 32-953] Path group WNS did not improve. Path group: clk_fpga_0. Processed net: design_1_i/gemv_q8_0_dma_top_0/inst/core/scaled_shifted_reg[6][63]_i_23_n_4.
INFO: [Physopt 32-953] Path group WNS did not improve. Path group: clk_fpga_0. Processed net: design_1_i/gemv_q8_0_dma_top_0/inst/core/scaled_shifted[6][0]_i_50_n_0.
INFO: [Physopt 32-710] Processed net design_1_i/gemv_q8_0_dma_top_0/inst/core/scaled_shifted[6][0]_i_50_n_0. Critical path length was reduced through logic transformation on cell design_1_i/gemv_q8_0_dma_top_0/inst/core/scaled_shifted[6][0]_i_50_comp.
INFO: [Physopt 32-952] Improved path group WNS = -0.384. Path group: clk_fpga_0. Processed net: design_1_i/gemv_q8_0_dma_top_0/inst/core/scaled_shifted[1][0]_i_58_n_0.
INFO: [Physopt 32-703] Processed net design_1_i/gemv_q8_0_dma_top_0/inst/core/scale_shift_reg_reg[4]_rep__16_n_0. Clock skew was adjusted for instance design_1_i/gemv_q8_0_dma_top_0/inst/core/scale_shift_reg_reg[4]_rep__16.
INFO: [Physopt 32-952] Improved path group WNS = -0.363. Path group: clk_fpga_0. Processed net: design_1_i/gemv_q8_0_dma_top_0/inst/core/scale_shift_reg_reg[4]_rep__16_n_0.
INFO: [Physopt 32-703] Processed net design_1_i/gemv_q8_0_dma_top_0/inst/core/scale_shift_reg_reg[5]_rep__16_n_0. Clock skew was adjusted for instance design_1_i/gemv_q8_0_dma_top_0/inst/core/scale_shift_reg_reg[5]_rep__16.
INFO: [Physopt 32-952] Improved path group WNS = -0.349. Path group: clk_fpga_0. Processed net: design_1_i/gemv_q8_0_dma_top_0/inst/core/scale_shift_reg_reg[5]_rep__16_n_0.
INFO: [Physopt 32-608] Optimized 1 net.  Swapped 14 pins.
INFO: [Physopt 32-952] Improved path group WNS = -0.346. Path group: clk_fpga_0. Processed net: design_1_i/gemv_q8_0_dma_top_0/inst/core/scaled_shifted[5][0]_i_90_n_0.
INFO: [Physopt 32-710] Processed net design_1_i/gemv_q8_0_dma_top_0/inst/core/scaled_shifted[15][0]_i_50_n_0. Critical path length was reduced through logic transformation on cell design_1_i/gemv_q8_0_dma_top_0/inst/core/scaled_shifted[15][0]_i_50_comp_1.
INFO: [Physopt 32-952] Improved path group WNS = -0.345. Path group: clk_fpga_0. Processed net: design_1_i/gemv_q8_0_dma_top_0/inst/core/scaled_shifted[1][0]_i_58_n_0_repN.
INFO: [Physopt 32-953] Path group WNS did not improve. Path group: clk_fpga_0. Processed net: design_1_i/gemv_q8_0_dma_top_0/inst/core/scaled_shifted_reg[1]_1[55].
INFO: [Physopt 32-953] Path group WNS did not improve. Path group: clk_fpga_0. Processed net: design_1_i/gemv_q8_0_dma_top_0/inst/core/scaled_shifted[1][55]_i_3_n_0.
INFO: [Physopt 32-953] Path group WNS did not improve. Path group: clk_fpga_0. Processed net: design_1_i/gemv_q8_0_dma_top_0/inst/core/p_1_in[55].
INFO: [Physopt 32-608] Optimized 1 net.  Swapped 25 pins.
INFO: [Physopt 32-952] Improved path group WNS = -0.290. Path group: clk_fpga_0. Processed net: design_1_i/gemv_q8_0_dma_top_0/inst/core/scaled_shifted[1][4]_i_8_n_0.
INFO: [Physopt 32-953] Path group WNS did not improve. Path group: clk_fpga_0. Processed net: design_1_i/gemv_q8_0_dma_top_0/inst/core/scaled_shifted_reg[7]_23[58].
INFO: [Physopt 32-953] Path group WNS did not improve. Path group: clk_fpga_0. Processed net: design_1_i/gemv_q8_0_dma_top_0/inst/core/scaled_shifted[7][58]_i_2_n_0.
INFO: [Physopt 32-953] Path group WNS did not improve. Path group: clk_fpga_0. Processed net: design_1_i/gemv_q8_0_dma_top_0/inst/core/scaled_shifted_reg[7][60]_i_3_n_6.
INFO: [Physopt 32-953] Path group WNS did not improve. Path group: clk_fpga_0. Processed net: design_1_i/gemv_q8_0_dma_top_0/inst/core/scaled_shifted[7][4]_i_5_n_0.
INFO: [Physopt 32-953] Path group WNS did not improve. Path group: clk_fpga_0. Processed net: design_1_i/gemv_q8_0_dma_top_0/inst/core/scaled_shifted[7][0]_i_5_n_0.
INFO: [Physopt 32-663] Processed net design_1_i/gemv_q8_0_dma_top_0/inst/core/scaled_shifted[7][0]_i_10_n_0.  Re-placed instance design_1_i/gemv_q8_0_dma_top_0/inst/core/scaled_shifted[7][0]_i_10
INFO: [Physopt 32-952] Improved path group WNS = -0.258. Path group: clk_fpga_0. Processed net: design_1_i/gemv_q8_0_dma_top_0/inst/core/scaled_shifted[7][0]_i_10_n_0.
INFO: [Physopt 32-953] Path group WNS did not improve. Path group: clk_fpga_0. Processed net: design_1_i/gemv_q8_0_dma_top_0/inst/core/scaled_shifted[5][0]_i_90_n_0.
INFO: [Physopt 32-953] Path group WNS did not improve. Path group: clk_fpga_0. Processed net: design_1_i/gemv_q8_0_dma_top_0/inst/core/scaled_product_reg[5]__1[33].
INFO: [Physopt 32-703] Processed net design_1_i/gemv_q8_0_dma_top_0/inst/core/scaled_product_reg[5]__0_n_105. Clock skew was adjusted for instance design_1_i/gemv_q8_0_dma_top_0/inst/core/scaled_shifted[5][19]_i_6_psdsp.
INFO: [Physopt 32-952] Improved path group WNS = -0.254. Path group: clk_fpga_0. Processed net: design_1_i/gemv_q8_0_dma_top_0/inst/core/scaled_product_reg[5]__0_n_105.
INFO: [Physopt 32-703] Processed net design_1_i/gemv_q8_0_dma_top_0/inst/core/scale_shift_reg_reg_n_0_[1]_repN. Clock skew was adjusted for instance design_1_i/gemv_q8_0_dma_top_0/inst/core/scale_shift_reg_reg[1]_replica.
INFO: [Physopt 32-952] Improved path group WNS = -0.252. Path group: clk_fpga_0. Processed net: design_1_i/gemv_q8_0_dma_top_0/inst/core/scale_shift_reg_reg_n_0_[1]_repN.
INFO: [Physopt 32-953] Path group WNS did not improve. Path group: clk_fpga_0. Processed net: design_1_i/gemv_q8_0_dma_top_0/inst/core/scaled_shifted[5][23]_i_6_n_0.
INFO: [Physopt 32-703] Processed net design_1_i/gemv_q8_0_dma_top_0/inst/core/scaled_product_reg[5]__0_n_101. Clock skew was adjusted for instance design_1_i/gemv_q8_0_dma_top_0/inst/core/scaled_shifted[5][23]_i_6_psdsp.
INFO: [Physopt 32-952] Improved path group WNS = -0.249. Path group: clk_fpga_0. Processed net: design_1_i/gemv_q8_0_dma_top_0/inst/core/scaled_product_reg[5]__0_n_101.
INFO: [Physopt 32-953] Path group WNS did not improve. Path group: clk_fpga_0. Processed net: design_1_i/gemv_q8_0_dma_top_0/inst/core/scaled_shifted[1][0]_i_58_n_0_repN_1.
INFO: [Physopt 32-953] Path group WNS did not improve. Path group: clk_fpga_0. Processed net: design_1_i/gemv_q8_0_dma_top_0/inst/core/scaled_shifted[6][58]_i_1_n_0.
INFO: [Physopt 32-703] Processed net design_1_i/gemv_q8_0_dma_top_0/inst/core/scale_shift_reg_reg[3]_rep__14_n_0_repN. Clock skew was adjusted for instance design_1_i/gemv_q8_0_dma_top_0/inst/core/scale_shift_reg_reg[3]_rep__14_replica.
INFO: [Physopt 32-952] Improved path group WNS = -0.194. Path group: clk_fpga_0. Processed net: design_1_i/gemv_q8_0_dma_top_0/inst/core/scale_shift_reg_reg[3]_rep__14_n_0_repN.
INFO: [Physopt 32-953] Path group WNS did not improve. Path group: clk_fpga_0. Processed net: design_1_i/gemv_q8_0_dma_top_0/inst/core/scaled_shifted[15][0]_i_55_n_0.
INFO: [Physopt 32-953] Path group WNS did not improve. Path group: clk_fpga_0. Processed net: design_1_i/gemv_q8_0_dma_top_0/inst/core/scaled_product_reg[15]__1[52].
INFO: [Physopt 32-953] Path group WNS did not improve. Path group: clk_fpga_0. Processed net: design_1_i/gemv_q8_0_dma_top_0/inst/core/round_shift_i64__2[62].
INFO: [Physopt 32-703] Processed net design_1_i/gemv_q8_0_dma_top_0/inst/core/scaled_product_reg[15]__0_n_105. Clock skew was adjusted for instance design_1_i/gemv_q8_0_dma_top_0/inst/core/scaled_shifted[15][19]_i_6_psdsp.
INFO: [Physopt 32-952] Improved path group WNS = -0.189. Path group: clk_fpga_0. Processed net: design_1_i/gemv_q8_0_dma_top_0/inst/core/scaled_product_reg[15]__0_n_105.
INFO: [Physopt 32-953] Path group WNS did not improve. Path group: clk_fpga_0. Processed net: design_1_i/gemv_q8_0_dma_top_0/inst/core/scaled_shifted[5][19]_i_5_n_0.
INFO: [Physopt 32-703] Processed net design_1_i/gemv_q8_0_dma_top_0/inst/core/scaled_product_reg[5]__0_n_104. Clock skew was adjusted for instance design_1_i/gemv_q8_0_dma_top_0/inst/core/scaled_shifted[5][19]_i_5_psdsp.
INFO: [Physopt 32-952] Improved path group WNS = -0.181. Path group: clk_fpga_0. Processed net: design_1_i/gemv_q8_0_dma_top_0/inst/core/scaled_product_reg[5]__0_n_104.
INFO: [Physopt 32-953] Path group WNS did not improve. Path group: clk_fpga_0. Processed net: design_1_i/gemv_q8_0_dma_top_0/inst/core/scaled_shifted[1][4]_i_5_n_0.
INFO: [Physopt 32-953] Path group WNS did not improve. Path group: clk_fpga_0. Processed net: design_1_i/gemv_q8_0_dma_top_0/inst/core/scaled_shifted[1][0]_i_5_n_0.
INFO: [Physopt 32-953] Path group WNS did not improve. Path group: clk_fpga_0. Processed net: design_1_i/gemv_q8_0_dma_top_0/inst/core/scaled_shifted[1][0]_i_10_n_0.
INFO: [Physopt 32-953] Path group WNS did not improve. Path group: clk_fpga_0. Processed net: design_1_i/gemv_q8_0_dma_top_0/inst/core/scaled_shifted_reg[1][63]_i_28_n_4.
INFO: [Physopt 32-608] Optimized 1 net.  Swapped 12 pins.
INFO: [Physopt 32-952] Improved path group WNS = -0.170. Path group: clk_fpga_0. Processed net: design_1_i/gemv_q8_0_dma_top_0/inst/core/scaled_shifted[1][63]_i_43_n_0.
INFO: [Physopt 32-953] Path group WNS did not improve. Path group: clk_fpga_0. Processed net: design_1_i/gemv_q8_0_dma_top_0/inst/core/scaled_shifted[15][19]_i_4_n_0.
INFO: [Physopt 32-703] Processed net design_1_i/gemv_q8_0_dma_top_0/inst/core/scaled_product_reg[15]__0_n_103. Clock skew was adjusted for instance design_1_i/gemv_q8_0_dma_top_0/inst/core/scaled_shifted[15][19]_i_4_psdsp.
INFO: [Physopt 32-952] Improved path group WNS = -0.168. Path group: clk_fpga_0. Processed net: design_1_i/gemv_q8_0_dma_top_0/inst/core/scaled_product_reg[15]__0_n_103.
INFO: [Physopt 32-703] Processed net design_1_i/gemv_q8_0_dma_top_0/inst/core/scaled_product_reg[5]__0_n_102. Clock skew was adjusted for instance design_1_i/gemv_q8_0_dma_top_0/inst/core/scaled_shifted[5][23]_i_7_psdsp.
INFO: [Physopt 32-952] Improved path group WNS = -0.167. Path group: clk_fpga_0. Processed net: design_1_i/gemv_q8_0_dma_top_0/inst/core/scaled_product_reg[5]__0_n_102.
INFO: [Physopt 32-953] Path group WNS did not improve. Path group: clk_fpga_0. Processed net: design_1_i/gemv_q8_0_dma_top_0/inst/core/scaled_shifted[7][0]_i_12_n_0.
INFO: [Physopt 32-953] Path group WNS did not improve. Path group: clk_fpga_0. Processed net: design_1_i/gemv_q8_0_dma_top_0/inst/core/scaled_shifted_reg[7][63]_i_31_n_4.
INFO: [Physopt 32-953] Path group WNS did not improve. Path group: clk_fpga_0. Processed net: design_1_i/gemv_q8_0_dma_top_0/inst/core/scaled_shifted[7][63]_i_49_n_0.
INFO: [Physopt 32-953] Path group WNS did not improve. Path group: clk_fpga_0. Processed net: design_1_i/gemv_q8_0_dma_top_0/inst/core/scaled_product_reg[7]__1[57].
INFO: [Physopt 32-953] Path group WNS did not improve. Path group: clk_fpga_0. Processed net: design_1_i/gemv_q8_0_dma_top_0/inst/core/scaled_shifted[7][19]_i_4_n_0.
INFO: [Physopt 32-953] Path group WNS did not improve. Path group: clk_fpga_0. Processed net: design_1_i/gemv_q8_0_dma_top_0/inst/core/round_shift_i64__1[58].
INFO: [Physopt 32-703] Processed net design_1_i/gemv_q8_0_dma_top_0/inst/core/scaled_product_reg[7]__0_n_103. Clock skew was adjusted for instance design_1_i/gemv_q8_0_dma_top_0/inst/core/scaled_shifted[7][19]_i_4_psdsp.
INFO: [Physopt 32-952] Improved path group WNS = -0.165. Path group: clk_fpga_0. Processed net: design_1_i/gemv_q8_0_dma_top_0/inst/core/scaled_product_reg[7]__0_n_103.
INFO: [Physopt 32-953] Path group WNS did not improve. Path group: clk_fpga_0. Processed net: design_1_i/gemv_q8_0_dma_top_0/inst/core/scaled_shifted[1][0]_i_6_n_0.
INFO: [Physopt 32-608] Optimized 1 net.  Swapped 21 pins.
INFO: [Physopt 32-952] Improved path group WNS = -0.160. Path group: clk_fpga_0. Processed net: design_1_i/gemv_q8_0_dma_top_0/inst/core/scaled_shifted[1][0]_i_14_n_0.
INFO: [Physopt 32-703] Processed net design_1_i/gemv_q8_0_dma_top_0/inst/core/scale_shift_reg_reg[4]_rep__16_n_0. Clock skew was adjusted for instance design_1_i/gemv_q8_0_dma_top_0/inst/core/scale_shift_reg_reg[4]_rep__16.
INFO: [Physopt 32-952] Improved path group WNS = -0.139. Path group: clk_fpga_0. Processed net: design_1_i/gemv_q8_0_dma_top_0/inst/core/scale_shift_reg_reg[4]_rep__16_n_0.
INFO: [Physopt 32-703] Processed net design_1_i/gemv_q8_0_dma_top_0/inst/core/scale_shift_reg_reg[5]_rep__16_n_0. Clock skew was adjusted for instance design_1_i/gemv_q8_0_dma_top_0/inst/core/scale_shift_reg_reg[5]_rep__16.
INFO: [Physopt 32-952] Improved path group WNS = -0.135. Path group: clk_fpga_0. Processed net: design_1_i/gemv_q8_0_dma_top_0/inst/core/scale_shift_reg_reg[5]_rep__16_n_0.
INFO: [Physopt 32-953] Path group WNS did not improve. Path group: clk_fpga_0. Processed net: design_1_i/gemv_q8_0_dma_top_0/inst/core/scaled_shifted[15][23]_i_6_n_0.
INFO: [Physopt 32-703] Processed net design_1_i/gemv_q8_0_dma_top_0/inst/core/scaled_product_reg[15]__0_n_101. Clock skew was adjusted for instance design_1_i/gemv_q8_0_dma_top_0/inst/core/scaled_shifted[15][23]_i_6_psdsp.
INFO: [Physopt 32-952] Improved path group WNS = -0.088. Path group: clk_fpga_0. Processed net: design_1_i/gemv_q8_0_dma_top_0/inst/core/scaled_product_reg[15]__0_n_101.
INFO: [Physopt 32-953] Path group WNS did not improve. Path group: clk_fpga_0. Processed net: design_1_i/gemv_q8_0_dma_top_0/inst/core/scaled_shifted[7][23]_i_6_n_0.
INFO: [Physopt 32-703] Processed net design_1_i/gemv_q8_0_dma_top_0/inst/core/scaled_product_reg_n_0_[7][4]. Clock skew was adjusted for instance design_1_i/gemv_q8_0_dma_top_0/inst/core/scaled_product_reg[7][4].
INFO: [Physopt 32-952] Improved path group WNS = -0.079. Path group: clk_fpga_0. Processed net: design_1_i/gemv_q8_0_dma_top_0/inst/core/scaled_product_reg_n_0_[7][4].
INFO: [Physopt 32-953] Path group WNS did not improve. Path group: clk_fpga_0. Processed net: design_1_i/gemv_q8_0_dma_top_0/inst/core/scaled_shifted[1][0]_i_82_n_0.
INFO: [Physopt 32-953] Path group WNS did not improve. Path group: clk_fpga_0. Processed net: design_1_i/gemv_q8_0_dma_top_0/inst/core/scaled_product_reg[1]__1[37].
INFO: [Physopt 32-953] Path group WNS did not improve. Path group: clk_fpga_0. Processed net: design_1_i/gemv_q8_0_dma_top_0/inst/core/scaled_shifted[1][19]_i_6_n_0.
INFO: [Physopt 32-953] Path group WNS did not improve. Path group: clk_fpga_0. Processed net: design_1_i/gemv_q8_0_dma_top_0/inst/core/scaled_shifted[1][55]_i_1_n_0.
INFO: [Physopt 32-703] Processed net design_1_i/gemv_q8_0_dma_top_0/inst/core/scaled_product_reg[1]__0_n_105. Clock skew was adjusted for instance design_1_i/gemv_q8_0_dma_top_0/inst/core/scaled_shifted[1][19]_i_6_psdsp.
INFO: [Physopt 32-952] Improved path group WNS = -0.072. Path group: clk_fpga_0. Processed net: design_1_i/gemv_q8_0_dma_top_0/inst/core/scaled_product_reg[1]__0_n_105.
INFO: [Physopt 32-953] Path group WNS did not improve. Path group: clk_fpga_0. Processed net: design_1_i/gemv_q8_0_dma_top_0/inst/core/scaled_shifted_reg_n_0_[10][54].
INFO: [Physopt 32-953] Path group WNS did not improve. Path group: clk_fpga_0. Processed net: design_1_i/gemv_q8_0_dma_top_0/inst/core/scaled_shifted[10][54]_i_2_n_0.
INFO: [Physopt 32-953] Path group WNS did not improve. Path group: clk_fpga_0. Processed net: design_1_i/gemv_q8_0_dma_top_0/inst/core/p_1_in__1[54].
INFO: [Physopt 32-953] Path group WNS did not improve. Path group: clk_fpga_0. Processed net: design_1_i/gemv_q8_0_dma_top_0/inst/core/scaled_shifted[10][4]_i_5_n_0.
INFO: [Physopt 32-608] Optimized 1 net.  Swapped 24 pins.
INFO: [Physopt 32-952] Improved path group WNS = -0.061. Path group: clk_fpga_0. Processed net: design_1_i/gemv_q8_0_dma_top_0/inst/core/scaled_shifted[10][0]_i_5_n_0.
INFO: [Physopt 32-953] Path group WNS did not improve. Path group: clk_fpga_0. Processed net: design_1_i/gemv_q8_0_dma_top_0/inst/core/scaled_shifted_reg[2]_3[58].
INFO: [Physopt 32-953] Path group WNS did not improve. Path group: clk_fpga_0. Processed net: design_1_i/gemv_q8_0_dma_top_0/inst/core/scaled_shifted[2][58]_i_2_n_0.
INFO: [Physopt 32-953] Path group WNS did not improve. Path group: clk_fpga_0. Processed net: design_1_i/gemv_q8_0_dma_top_0/inst/core/scaled_shifted_reg[2][60]_i_3_n_6.
INFO: [Physopt 32-953] Path group WNS did not improve. Path group: clk_fpga_0. Processed net: design_1_i/gemv_q8_0_dma_top_0/inst/core/scaled_shifted[2][12]_i_7_n_0.
INFO: [Physopt 32-953] Path group WNS did not improve. Path group: clk_fpga_0. Processed net: design_1_i/gemv_q8_0_dma_top_0/inst/core/scaled_shifted[2][12]_i_11_n_0.
INFO: [Physopt 32-953] Path group WNS did not improve. Path group: clk_fpga_0. Processed net: design_1_i/gemv_q8_0_dma_top_0/inst/core/scaled_shifted[2][24]_i_15_n_0.
INFO: [Physopt 32-952] Improved path group WNS = -0.051. Path group: clk_fpga_0. Processed net: design_1_i/gemv_q8_0_dma_top_0/inst/core/scaled_shifted_reg[2][63]_i_23_n_4.
INFO: [Physopt 32-953] Path group WNS did not improve. Path group: clk_fpga_0. Processed net: design_1_i/gemv_q8_0_dma_top_0/inst/core/scaled_shifted_reg[2][63]_i_23_n_4.
INFO: [Physopt 32-608] Optimized 1 net.  Swapped 14 pins.
INFO: [Physopt 32-952] Improved path group WNS = -0.045. Path group: clk_fpga_0. Processed net: design_1_i/gemv_q8_0_dma_top_0/inst/core/scaled_shifted[2][0]_i_90_n_0.
INFO: [Physopt 32-953] Path group WNS did not improve. Path group: clk_fpga_0. Processed net: design_1_i/gemv_q8_0_dma_top_0/inst/core/scaled_shifted[10][0]_i_5_n_0.
INFO: [Physopt 32-953] Path group WNS did not improve. Path group: clk_fpga_0. Processed net: design_1_i/gemv_q8_0_dma_top_0/inst/core/scaled_shifted[10][0]_i_10_n_0.
INFO: [Physopt 32-953] Path group WNS did not improve. Path group: clk_fpga_0. Processed net: design_1_i/gemv_q8_0_dma_top_0/inst/core/scaled_shifted_reg[10][63]_i_23_n_4.
INFO: [Physopt 32-953] Path group WNS did not improve. Path group: clk_fpga_0. Processed net: design_1_i/gemv_q8_0_dma_top_0/inst/core/scaled_shifted[10][0]_i_78_n_0.
INFO: [Physopt 32-953] Path group WNS did not improve. Path group: clk_fpga_0. Processed net: design_1_i/gemv_q8_0_dma_top_0/inst/core/scaled_product_reg[10]__1[21].
INFO: [Physopt 32-953] Path group WNS did not improve. Path group: clk_fpga_0. Processed net: design_1_i/gemv_q8_0_dma_top_0/inst/core/scaled_shifted[10][19]_i_6_n_0.
INFO: [Physopt 32-953] Path group WNS did not improve. Path group: clk_fpga_0. Processed net: design_1_i/gemv_q8_0_dma_top_0/inst/core/scaled_shifted[10][54]_i_1_n_0.
INFO: [Physopt 32-703] Processed net design_1_i/gemv_q8_0_dma_top_0/inst/core/scaled_product_reg[10]__0_n_105. Clock skew was adjusted for instance design_1_i/gemv_q8_0_dma_top_0/inst/core/scaled_shifted[10][19]_i_6_psdsp.
INFO: [Physopt 32-952] Improved path group WNS = -0.041. Path group: clk_fpga_0. Processed net: design_1_i/gemv_q8_0_dma_top_0/inst/core/scaled_product_reg[10]__0_n_105.
INFO: [Physopt 32-953] Path group WNS did not improve. Path group: clk_fpga_0. Processed net: design_1_i/gemv_q8_0_dma_top_0/inst/core/scaled_shifted_reg_n_0_[0][54].
INFO: [Physopt 32-953] Path group WNS did not improve. Path group: clk_fpga_0. Processed net: design_1_i/gemv_q8_0_dma_top_0/inst/core/data1__0[54].
INFO: [Physopt 32-953] Path group WNS did not improve. Path group: clk_fpga_0. Processed net: design_1_i/gemv_q8_0_dma_top_0/inst/core/scaled_shifted_reg[0][60]_i_5_n_6.
INFO: [Physopt 32-953] Path group WNS did not improve. Path group: clk_fpga_0. Processed net: design_1_i/gemv_q8_0_dma_top_0/inst/core/scaled_shifted[0][4]_i_9_n_0.
INFO: [Physopt 32-953] Path group WNS did not improve. Path group: clk_fpga_0. Processed net: design_1_i/gemv_q8_0_dma_top_0/inst/core/scaled_shifted[0][4]_i_12_n_0.
INFO: [Physopt 32-608] Optimized 1 net.  Swapped 24 pins.
INFO: [Physopt 32-952] Improved path group WNS = -0.040. Path group: clk_fpga_0. Processed net: design_1_i/gemv_q8_0_dma_top_0/inst/core/scaled_shifted[0][0]_i_5_n_0.
INFO: [Physopt 32-663] Processed net design_1_i/gemv_q8_0_dma_top_0/inst/core/block_acc[4][23]_i_1_psdsp_n_1.  Re-placed instance design_1_i/gemv_q8_0_dma_top_0/inst/core/block_acc[4][23]_i_1_psdsp_1
INFO: [Physopt 32-952] Improved path group WNS = -0.034. Path group: clk_fpga_0. Processed net: design_1_i/gemv_q8_0_dma_top_0/inst/core/block_acc[4][23]_i_1_psdsp_n_1.
INFO: [Physopt 32-703] Processed net design_1_i/gemv_q8_0_dma_top_0/inst/core/scaled_product_reg[5]__0_n_105. Clock skew was adjusted for instance design_1_i/gemv_q8_0_dma_top_0/inst/core/scaled_shifted[5][19]_i_6_psdsp.
INFO: [Physopt 32-952] Improved path group WNS = -0.030. Path group: clk_fpga_0. Processed net: design_1_i/gemv_q8_0_dma_top_0/inst/core/scaled_product_reg[5]__0_n_105.
INFO: [Physopt 32-703] Processed net design_1_i/gemv_q8_0_dma_top_0/inst/core/scale_shift_reg_reg_n_0_[1]_repN. Clock skew was adjusted for instance design_1_i/gemv_q8_0_dma_top_0/inst/core/scale_shift_reg_reg[1]_replica.
INFO: [Physopt 32-952] Improved path group WNS = -0.028. Path group: clk_fpga_0. Processed net: design_1_i/gemv_q8_0_dma_top_0/inst/core/scale_shift_reg_reg_n_0_[1]_repN.
INFO: [Physopt 32-703] Processed net design_1_i/gemv_q8_0_dma_top_0/inst/core/scaled_product_reg[5]__0_n_101. Clock skew was adjusted for instance design_1_i/gemv_q8_0_dma_top_0/inst/core/scaled_shifted[5][23]_i_6_psdsp.
INFO: [Physopt 32-952] Improved path group WNS = -0.025. Path group: clk_fpga_0. Processed net: design_1_i/gemv_q8_0_dma_top_0/inst/core/scaled_product_reg[5]__0_n_101.
INFO: [Physopt 32-703] Processed net design_1_i/gemv_q8_0_dma_top_0/inst/core/scale_shift_reg_reg[3]_rep__14_n_0_repN. Clock skew was adjusted for instance design_1_i/gemv_q8_0_dma_top_0/inst/core/scale_shift_reg_reg[3]_rep__14_replica.
INFO: [Physopt 32-952] Improved path group WNS = -0.022. Path group: clk_fpga_0. Processed net: design_1_i/gemv_q8_0_dma_top_0/inst/core/scale_shift_reg_reg[3]_rep__14_n_0_repN.
INFO: [Physopt 32-953] Path group WNS did not improve. Path group: clk_fpga_0. Processed net: design_1_i/gemv_q8_0_dma_top_0/inst/core/scaled_shifted[15][27]_i_6_n_0.
INFO: [Physopt 32-703] Processed net design_1_i/gemv_q8_0_dma_top_0/inst/core/scaled_product_reg[15]__0_n_97. Clock skew was adjusted for instance design_1_i/gemv_q8_0_dma_top_0/inst/core/scaled_shifted[15][27]_i_6_psdsp.
INFO: [Physopt 32-952] Improved path group WNS = -0.019. Path group: clk_fpga_0. Processed net: design_1_i/gemv_q8_0_dma_top_0/inst/core/scaled_product_reg[15]__0_n_97.
INFO: [Physopt 32-953] Path group WNS did not improve. Path group: clk_fpga_0. Processed net: design_1_i/gemv_q8_0_dma_top_0/inst/core/scaled_shifted[2][0]_i_90_n_0.
INFO: [Physopt 32-952] Improved path group WNS = -0.017. Path group: clk_fpga_0. Processed net: design_1_i/gemv_q8_0_dma_top_0/inst/core/scaled_shifted[1][0]_i_134_n_0.
INFO: [Physopt 32-953] Path group WNS did not improve. Path group: clk_fpga_0. Processed net: design_1_i/gemv_q8_0_dma_top_0/inst/core/scaled_shifted[5][31]_i_5_n_0.
INFO: [Physopt 32-703] Processed net design_1_i/gemv_q8_0_dma_top_0/inst/core/scaled_product_reg[5]__0_n_92. Clock skew was adjusted for instance design_1_i/gemv_q8_0_dma_top_0/inst/core/scaled_shifted[5][31]_i_5_psdsp.
INFO: [Physopt 32-952] Improved path group WNS = -0.016. Path group: clk_fpga_0. Processed net: design_1_i/gemv_q8_0_dma_top_0/inst/core/scaled_product_reg[5]__0_n_92.
INFO: [Physopt 32-953] Path group WNS did not improve. Path group: clk_fpga_0. Processed net: design_1_i/gemv_q8_0_dma_top_0/inst/core/scaled_shifted_reg[3]_5[50].
INFO: [Physopt 32-953] Path group WNS did not improve. Path group: clk_fpga_0. Processed net: design_1_i/gemv_q8_0_dma_top_0/inst/core/scaled_shifted[3][50]_i_2_n_0.
INFO: [Physopt 32-953] Path group WNS did not improve. Path group: clk_fpga_0. Processed net: design_1_i/gemv_q8_0_dma_top_0/inst/core/p_1_in__0[50].
INFO: [Physopt 32-953] Path group WNS did not improve. Path group: clk_fpga_0. Processed net: design_1_i/gemv_q8_0_dma_top_0/inst/core/scaled_shifted[3][4]_i_5_n_0.
INFO: [Physopt 32-953] Path group WNS did not improve. Path group: clk_fpga_0. Processed net: design_1_i/gemv_q8_0_dma_top_0/inst/core/scaled_shifted[3][0]_i_5_n_0.
INFO: [Common 17-14] Message 'Physopt 32-953' appears 100 times and further instances of the messages will be disabled. Use the Tcl command set_msg_config to change the current settings.
INFO: [Physopt 32-703] Processed net design_1_i/gemv_q8_0_dma_top_0/inst/core/scaled_product_reg[3]__0_n_105. Clock skew was adjusted for instance design_1_i/gemv_q8_0_dma_top_0/inst/core/scaled_shifted[3][19]_i_6_psdsp.
INFO: [Physopt 32-952] Improved path group WNS = -0.015. Path group: clk_fpga_0. Processed net: design_1_i/gemv_q8_0_dma_top_0/inst/core/scaled_product_reg[3]__0_n_105.
INFO: [Physopt 32-703] Processed net design_1_i/gemv_q8_0_dma_top_0/inst/core/scaled_product_reg_n_0_[1][3]. Clock skew was adjusted for instance design_1_i/gemv_q8_0_dma_top_0/inst/core/scaled_product_reg[1][3].
INFO: [Physopt 32-952] Improved path group WNS = -0.015. Path group: clk_fpga_0. Processed net: design_1_i/gemv_q8_0_dma_top_0/inst/core/scaled_product_reg_n_0_[1][3].
INFO: [Physopt 32-703] Processed net design_1_i/gemv_q8_0_dma_top_0/inst/core/scaled_product_reg[0][16]__0_n_0. Clock skew was adjusted for instance design_1_i/gemv_q8_0_dma_top_0/inst/core/scaled_product_reg[0][16]__0.
INFO: [Physopt 32-952] Improved path group WNS = -0.010. Path group: clk_fpga_0. Processed net: design_1_i/gemv_q8_0_dma_top_0/inst/core/scaled_product_reg[0][16]__0_n_0.
INFO: [Physopt 32-703] Processed net design_1_i/gemv_q8_0_dma_top_0/inst/core/scaled_product_reg[15]__0_n_100. Clock skew was adjusted for instance design_1_i/gemv_q8_0_dma_top_0/inst/core/scaled_shifted[15][23]_i_5_psdsp.
INFO: [Physopt 32-952] Improved path group WNS = -0.009. Path group: clk_fpga_0. Processed net: design_1_i/gemv_q8_0_dma_top_0/inst/core/scaled_product_reg[15]__0_n_100.
INFO: [Physopt 32-663] Processed net design_1_i/gemv_q8_0_dma_top_0/inst/core/block_acc[4][22]_i_1_psdsp_n_1.  Re-placed instance design_1_i/gemv_q8_0_dma_top_0/inst/core/block_acc[4][22]_i_1_psdsp_1
INFO: [Physopt 32-952] Improved path group WNS = -0.008. Path group: clk_fpga_0. Processed net: design_1_i/gemv_q8_0_dma_top_0/inst/core/block_acc[4][22]_i_1_psdsp_n_1.
INFO: [Physopt 32-703] Processed net design_1_i/gemv_q8_0_dma_top_0/inst/core/scaled_product_reg_n_0_[15][8]. Clock skew was adjusted for instance design_1_i/gemv_q8_0_dma_top_0/inst/core/scaled_product_reg[15][8].
INFO: [Physopt 32-952] Improved path group WNS = -0.002. Path group: clk_fpga_0. Processed net: design_1_i/gemv_q8_0_dma_top_0/inst/core/scaled_product_reg_n_0_[15][8].
INFO: [Physopt 32-703] Processed net design_1_i/gemv_q8_0_dma_top_0/inst/core/scaled_product_reg_n_0_[15][5]. Clock skew was adjusted for instance design_1_i/gemv_q8_0_dma_top_0/inst/core/scaled_product_reg[15][5].
INFO: [Physopt 32-735] Processed net design_1_i/gemv_q8_0_dma_top_0/inst/core/scaled_product_reg_n_0_[15][5]. Optimization improves timing on the net.
INFO: [Physopt 32-668] Current Timing Summary | WNS=0.000 | TNS=0.000 | WHS=0.025 | THS=0.000 |
INFO: [Physopt 32-668] Current Timing Summary | WNS=0.000 | TNS=0.000 | WHS=0.025 | THS=0.000 |
Netlist sorting complete. Time (s): cpu = 00:00:00 ; elapsed = 00:00:00.01 . Memory (MB): peak = 3503.375 ; gain = 0.000 ; free physical = 51612 ; free virtual = 63689
Phase 2 Critical Path Optimization | Checksum: 1b570cee2

Time (s): cpu = 00:04:32 ; elapsed = 00:02:29 . Memory (MB): peak = 3503.375 ; gain = 28.023 ; free physical = 51611 ; free virtual = 63688

Phase 3 Hold Fix Optimization
INFO: [Physopt 32-668] Current Timing Summary | WNS=0.000 | TNS=0.000 | WHS=0.025 | THS=0.000 |
INFO: [Physopt 32-45] Identified 0 candidate net for hold slack optimization.
INFO: [Physopt 32-234] Optimized 0 nets. Inserted 0 new ZHOLD_DELAYs. Calibrated 0 existing ZHOLD_DELAYs. Inserted 0 buffers.

INFO: [Physopt 32-668] Current Timing Summary | WNS=0.000 | TNS=0.000 | WHS=0.025 | THS=0.000 |
Phase 3 Hold Fix Optimization | Checksum: 1b570cee2

Time (s): cpu = 00:04:32 ; elapsed = 00:02:29 . Memory (MB): peak = 3503.375 ; gain = 28.023 ; free physical = 51611 ; free virtual = 63689
Netlist sorting complete. Time (s): cpu = 00:00:00 ; elapsed = 00:00:00.01 . Memory (MB): peak = 3503.375 ; gain = 0.000 ; free physical = 51611 ; free virtual = 63689
INFO: [Physopt 32-669] Post Physical Optimization Timing Summary | WNS=0.000 | TNS=0.000 | WHS=0.025 | THS=0.000 |

Summary of Physical Synthesis Optimizations
============================================


-------------------------------------------------------------------------------------------------------------------------------------------------------------
|  Optimization   |  WNS Gain (ns)  |  TNS Gain (ns)  |  Added Cells  |  Removed Cells  |  Optimized Cells/Nets  |  Dont Touch  |  Iterations  |  Elapsed   |
-------------------------------------------------------------------------------------------------------------------------------------------------------------
|  Critical Path  |          0.457  |         13.938  |            0  |              0  |                    48  |           0  |           1  |  00:02:27  |
-------------------------------------------------------------------------------------------------------------------------------------------------------------


Summary of Hold Fix Optimizations
=================================


--------------------------------------------------------------------------------------------------------------------------------------------------------------
|  Optimization               |  WHS Gain (ns)  |  THS Gain (ns)  |  Added LUTs  |  Added FFs  |  Optimized Nets  |  Dont Touch  |  Iterations  |  Elapsed   |
--------------------------------------------------------------------------------------------------------------------------------------------------------------
|  LUT1 and ZHOLD Insertion   |          0.000  |          0.000  |           0  |          0  |               0  |           0  |           0  |  00:00:00  |
|  Total                      |          0.000  |          0.000  |           0  |          0  |               0  |           0  |           0  |  00:00:00  |
--------------------------------------------------------------------------------------------------------------------------------------------------------------


Netlist sorting complete. Time (s): cpu = 00:00:00 ; elapsed = 00:00:00.01 . Memory (MB): peak = 3503.375 ; gain = 0.000 ; free physical = 51617 ; free virtual = 63695
Ending Physical Synthesis Task | Checksum: 1b570cee2

Time (s): cpu = 00:04:33 ; elapsed = 00:02:29 . Memory (MB): peak = 3503.375 ; gain = 28.023 ; free physical = 51607 ; free virtual = 63685
INFO: [Common 17-83] Releasing license: Implementation
2034 Infos, 6 Warnings, 0 Critical Warnings and 0 Errors encountered.
phys_opt_design completed successfully
phys_opt_design: Time (s): cpu = 00:04:34 ; elapsed = 00:02:30 . Memory (MB): peak = 3503.375 ; gain = 28.023 ; free physical = 51614 ; free virtual = 63691
INFO: [Vivado 12-24828] Executing command : report_timing_summary -max_paths 10 -report_unconstrained -warn_on_violation -file design_1_wrapper_timing_summary_postroute_physopted.rpt -pb design_1_wrapper_timing_summary_postroute_physopted.pb -rpx design_1_wrapper_timing_summary_postroute_physopted.rpx
INFO: [Timing 38-91] UpdateTimingParams: Speed grade: -1, Delay Type: min_max.
INFO: [Timing 38-191] Multithreading enabled for timing update using a maximum of 8 CPUs
INFO: [Vivado 12-24828] Executing command : report_bus_skew -warn_on_violation -file design_1_wrapper_bus_skew_postroute_physopted.rpt -pb design_1_wrapper_bus_skew_postroute_physopted.pb -rpx design_1_wrapper_bus_skew_postroute_physopted.rpx
INFO: [Timing 38-91] UpdateTimingParams: Speed grade: -1, Delay Type: min_max.
INFO: [Timing 38-191] Multithreading enabled for timing update using a maximum of 8 CPUs
INFO: [Timing 38-480] Writing timing data to binary archive.
Write ShapeDB Complete: Time (s): cpu = 00:00:00.21 ; elapsed = 00:00:00.05 . Memory (MB): peak = 3503.375 ; gain = 0.000 ; free physical = 51587 ; free virtual = 63671
Wrote PlaceDB: Time (s): cpu = 00:00:03 ; elapsed = 00:00:01 . Memory (MB): peak = 3503.375 ; gain = 0.000 ; free physical = 51520 ; free virtual = 63644
Wrote PulsedLatchDB: Time (s): cpu = 00:00:00 ; elapsed = 00:00:00 . Memory (MB): peak = 3503.375 ; gain = 0.000 ; free physical = 51520 ; free virtual = 63644
Writing XDEF routing.
Writing XDEF routing logical nets.
Writing XDEF routing special nets.
Wrote RouteStorage: Time (s): cpu = 00:00:00.3 ; elapsed = 00:00:00.17 . Memory (MB): peak = 3503.375 ; gain = 0.000 ; free physical = 51484 ; free virtual = 63614
Wrote Netlist Cache: Time (s): cpu = 00:00:00.03 ; elapsed = 00:00:00.02 . Memory (MB): peak = 3503.375 ; gain = 0.000 ; free physical = 51477 ; free virtual = 63611
Wrote Device Cache: Time (s): cpu = 00:00:00 ; elapsed = 00:00:00.01 . Memory (MB): peak = 3503.375 ; gain = 0.000 ; free physical = 51477 ; free virtual = 63611
Write Physdb Complete: Time (s): cpu = 00:00:03 ; elapsed = 00:00:01 . Memory (MB): peak = 3503.375 ; gain = 0.000 ; free physical = 51492 ; free virtual = 63626
INFO: [Common 17-1381] The checkpoint '/home/pjs/Desktop/smollm2-zybo/hw/vivado_project/GPTalk.runs/impl_1/design_1_wrapper_postroute_physopt.dcp' has been generated.
INFO: [Memdata 28-208] The XPM instance: <design_1_i/s2mm_axis_fifo/inst/gen_fifo.xpm_fifo_axis_inst/xpm_fifo_base_inst/gen_sdpram.xpm_memory_base_inst> is part of IP: <design_1_i/s2mm_axis_fifo>. This XPM instance will be excluded from the .mmi because updatemem is prohibited from making changes to an XPM that is part of an IP.
INFO: [Memdata 28-208] The XPM instance: <design_1_i/mm2s_axis_fifo/inst/gen_fifo.xpm_fifo_axis_inst/xpm_fifo_base_inst/gen_sdpram.xpm_memory_base_inst> is part of IP: <design_1_i/mm2s_axis_fifo>. This XPM instance will be excluded from the .mmi because updatemem is prohibited from making changes to an XPM that is part of an IP.
INFO: [Memdata 28-167] Found XPM memory block design_1_i/axi_hp0_smc/inst/s01_nodes/s01_w_node/inst/inst_mi_handler/gen_normal_area.inst_fifo_node_payld/gen_xpm_memory_fifo.inst_fifo/gen_mem_rep[0].inst_xpm_memory/xpm_memory_base_inst with a P_MEMORY_PRIMITIVE property set to distributed. A value of block is required. You will not be able to use the updatemem program to update the bitstream with new data for the design_1_i/axi_hp0_smc/inst/s01_nodes/s01_w_node/inst/inst_mi_handler/gen_normal_area.inst_fifo_node_payld/gen_xpm_memory_fifo.inst_fifo/gen_mem_rep[0].inst_xpm_memory/xpm_memory_base_inst block.
INFO: [Memdata 28-167] Found XPM memory block design_1_i/axi_hp0_smc/inst/s01_nodes/s01_w_node/inst/inst_mi_handler/gen_normal_area.gen_fifo_req.inst_fifo_req/gen_xpm_memory_fifo.inst_fifo/gen_mem_rep[0].inst_xpm_memory/xpm_memory_base_inst with a P_MEMORY_PRIMITIVE property set to distributed. A value of block is required. You will not be able to use the updatemem program to update the bitstream with new data for the design_1_i/axi_hp0_smc/inst/s01_nodes/s01_w_node/inst/inst_mi_handler/gen_normal_area.gen_fifo_req.inst_fifo_req/gen_xpm_memory_fifo.inst_fifo/gen_mem_rep[0].inst_xpm_memory/xpm_memory_base_inst block.
INFO: [Memdata 28-167] Found XPM memory block design_1_i/axi_hp0_smc/inst/s01_nodes/s01_b_node/inst/inst_mi_handler/gen_normal_area.inst_fifo_node_payld/gen_xpm_memory_fifo.inst_fifo/gen_mem_rep[0].inst_xpm_memory/xpm_memory_base_inst with a P_MEMORY_PRIMITIVE property set to distributed. A value of block is required. You will not be able to use the updatemem program to update the bitstream with new data for the design_1_i/axi_hp0_smc/inst/s01_nodes/s01_b_node/inst/inst_mi_handler/gen_normal_area.inst_fifo_node_payld/gen_xpm_memory_fifo.inst_fifo/gen_mem_rep[0].inst_xpm_memory/xpm_memory_base_inst block.
INFO: [Memdata 28-167] Found XPM memory block design_1_i/axi_hp0_smc/inst/s01_nodes/s01_aw_node/inst/inst_mi_handler/gen_normal_area.inst_fifo_node_payld/gen_xpm_memory_fifo.inst_fifo/gen_mem_rep[0].inst_xpm_memory/xpm_memory_base_inst with a P_MEMORY_PRIMITIVE property set to distributed. A value of block is required. You will not be able to use the updatemem program to update the bitstream with new data for the design_1_i/axi_hp0_smc/inst/s01_nodes/s01_aw_node/inst/inst_mi_handler/gen_normal_area.inst_fifo_node_payld/gen_xpm_memory_fifo.inst_fifo/gen_mem_rep[0].inst_xpm_memory/xpm_memory_base_inst block.
INFO: [Memdata 28-167] Found XPM memory block design_1_i/axi_hp0_smc/inst/s00_nodes/s00_r_node/inst/inst_mi_handler/gen_normal_area.inst_fifo_node_payld/gen_xpm_memory_fifo.inst_fifo/gen_mem_rep[0].inst_xpm_memory/xpm_memory_base_inst with a P_MEMORY_PRIMITIVE property set to distributed. A value of block is required. You will not be able to use the updatemem program to update the bitstream with new data for the design_1_i/axi_hp0_smc/inst/s00_nodes/s00_r_node/inst/inst_mi_handler/gen_normal_area.inst_fifo_node_payld/gen_xpm_memory_fifo.inst_fifo/gen_mem_rep[0].inst_xpm_memory/xpm_memory_base_inst block.
INFO: [Memdata 28-167] Found XPM memory block design_1_i/axi_hp0_smc/inst/s00_nodes/s00_ar_node/inst/inst_mi_handler/gen_normal_area.inst_fifo_node_payld/gen_xpm_memory_fifo.inst_fifo/gen_mem_rep[0].inst_xpm_memory/xpm_memory_base_inst with a P_MEMORY_PRIMITIVE property set to distributed. A value of block is required. You will not be able to use the updatemem program to update the bitstream with new data for the design_1_i/axi_hp0_smc/inst/s00_nodes/s00_ar_node/inst/inst_mi_handler/gen_normal_area.inst_fifo_node_payld/gen_xpm_memory_fifo.inst_fifo/gen_mem_rep[0].inst_xpm_memory/xpm_memory_base_inst block.
INFO: [Memdata 28-167] Found XPM memory block design_1_i/axi_hp0_smc/inst/m00_nodes/m00_w_node/inst/inst_si_handler/gen_si_handler.gen_request_fifos.gen_req_fifo[1].inst_req_fifo/gen_xpm_memory_fifo.inst_fifo/gen_mem_rep[0].inst_xpm_memory/xpm_memory_base_inst with a P_MEMORY_PRIMITIVE property set to distributed. A value of block is required. You will not be able to use the updatemem program to update the bitstream with new data for the design_1_i/axi_hp0_smc/inst/m00_nodes/m00_w_node/inst/inst_si_handler/gen_si_handler.gen_request_fifos.gen_req_fifo[1].inst_req_fifo/gen_xpm_memory_fifo.inst_fifo/gen_mem_rep[0].inst_xpm_memory/xpm_memory_base_inst block.
INFO: [Memdata 28-167] Found XPM memory block design_1_i/axi_hp0_smc/inst/m00_nodes/m00_w_node/inst/inst_mi_handler/gen_normal_area.inst_fifo_node_payld/gen_xpm_memory_fifo.inst_fifo/gen_mem_rep[0].inst_xpm_memory/xpm_memory_base_inst with a P_MEMORY_PRIMITIVE property set to distributed. A value of block is required. You will not be able to use the updatemem program to update the bitstream with new data for the design_1_i/axi_hp0_smc/inst/m00_nodes/m00_w_node/inst/inst_mi_handler/gen_normal_area.inst_fifo_node_payld/gen_xpm_memory_fifo.inst_fifo/gen_mem_rep[0].inst_xpm_memory/xpm_memory_base_inst block.
INFO: [Memdata 28-167] Found XPM memory block design_1_i/axi_hp0_smc/inst/m00_nodes/m00_r_node/inst/inst_mi_handler/gen_normal_area.inst_fifo_node_payld/gen_xpm_memory_fifo.inst_fifo/gen_mem_rep[0].inst_xpm_memory/xpm_memory_base_inst with a P_MEMORY_PRIMITIVE property set to distributed. A value of block is required. You will not be able to use the updatemem program to update the bitstream with new data for the design_1_i/axi_hp0_smc/inst/m00_nodes/m00_r_node/inst/inst_mi_handler/gen_normal_area.inst_fifo_node_payld/gen_xpm_memory_fifo.inst_fifo/gen_mem_rep[0].inst_xpm_memory/xpm_memory_base_inst block.
INFO: [Memdata 28-167] Found XPM memory block design_1_i/axi_hp0_smc/inst/m00_nodes/m00_r_node/inst/inst_mi_handler/gen_normal_area.gen_fifo_req.inst_fifo_req/gen_xpm_memory_fifo.inst_fifo/gen_mem_rep[0].inst_xpm_memory/xpm_memory_base_inst with a P_MEMORY_PRIMITIVE property set to distributed. A value of block is required. You will not be able to use the updatemem program to update the bitstream with new data for the design_1_i/axi_hp0_smc/inst/m00_nodes/m00_r_node/inst/inst_mi_handler/gen_normal_area.gen_fifo_req.inst_fifo_req/gen_xpm_memory_fifo.inst_fifo/gen_mem_rep[0].inst_xpm_memory/xpm_memory_base_inst block.
INFO: [Memdata 28-167] Found XPM memory block design_1_i/axi_hp0_smc/inst/m00_nodes/m00_b_node/inst/inst_mi_handler/gen_normal_area.inst_fifo_node_payld/gen_xpm_memory_fifo.inst_fifo/gen_mem_rep[0].inst_xpm_memory/xpm_memory_base_inst with a P_MEMORY_PRIMITIVE property set to distributed. A value of block is required. You will not be able to use the updatemem program to update the bitstream with new data for the design_1_i/axi_hp0_smc/inst/m00_nodes/m00_b_node/inst/inst_mi_handler/gen_normal_area.inst_fifo_node_payld/gen_xpm_memory_fifo.inst_fifo/gen_mem_rep[0].inst_xpm_memory/xpm_memory_base_inst block.
INFO: [Memdata 28-167] Found XPM memory block design_1_i/axi_hp0_smc/inst/m00_nodes/m00_b_node/inst/inst_mi_handler/gen_normal_area.gen_fifo_req.inst_fifo_req/gen_xpm_memory_fifo.inst_fifo/gen_mem_rep[0].inst_xpm_memory/xpm_memory_base_inst with a P_MEMORY_PRIMITIVE property set to distributed. A value of block is required. You will not be able to use the updatemem program to update the bitstream with new data for the design_1_i/axi_hp0_smc/inst/m00_nodes/m00_b_node/inst/inst_mi_handler/gen_normal_area.gen_fifo_req.inst_fifo_req/gen_xpm_memory_fifo.inst_fifo/gen_mem_rep[0].inst_xpm_memory/xpm_memory_base_inst block.
INFO: [Memdata 28-167] Found XPM memory block design_1_i/axi_hp0_smc/inst/m00_nodes/m00_aw_node/inst/inst_mi_handler/gen_normal_area.inst_fifo_node_payld/gen_xpm_memory_fifo.inst_fifo/gen_mem_rep[0].inst_xpm_memory/xpm_memory_base_inst with a P_MEMORY_PRIMITIVE property set to distributed. A value of block is required. You will not be able to use the updatemem program to update the bitstream with new data for the design_1_i/axi_hp0_smc/inst/m00_nodes/m00_aw_node/inst/inst_mi_handler/gen_normal_area.inst_fifo_node_payld/gen_xpm_memory_fifo.inst_fifo/gen_mem_rep[0].inst_xpm_memory/xpm_memory_base_inst block.
INFO: [Memdata 28-167] Found XPM memory block design_1_i/axi_hp0_smc/inst/m00_nodes/m00_ar_node/inst/inst_mi_handler/gen_normal_area.inst_fifo_node_payld/gen_xpm_memory_fifo.inst_fifo/gen_mem_rep[0].inst_xpm_memory/xpm_memory_base_inst with a P_MEMORY_PRIMITIVE property set to distributed. A value of block is required. You will not be able to use the updatemem program to update the bitstream with new data for the design_1_i/axi_hp0_smc/inst/m00_nodes/m00_ar_node/inst/inst_mi_handler/gen_normal_area.inst_fifo_node_payld/gen_xpm_memory_fifo.inst_fifo/gen_mem_rep[0].inst_xpm_memory/xpm_memory_base_inst block.
INFO: [Memdata 28-167] Found XPM memory block design_1_i/axi_dma_0/U0/I_PRMRY_DATAMOVER/GEN_S2MM_FULL.I_S2MM_FULL_WRAPPER/GEN_ENABLE_INDET_BTT_SF.I_INDET_BTT/I_XD_FIFO/NON_BLK_MEM.I_SYNC_FIFOGEN_FIFO/xpm_fifo_instance.xpm_fifo_sync_inst/xpm_fifo_base_inst/gen_sdpram.xpm_memory_base_inst with a P_MEMORY_PRIMITIVE property set to auto. A value of block is required. You will not be able to use the updatemem program to update the bitstream with new data for the design_1_i/axi_dma_0/U0/I_PRMRY_DATAMOVER/GEN_S2MM_FULL.I_S2MM_FULL_WRAPPER/GEN_ENABLE_INDET_BTT_SF.I_INDET_BTT/I_XD_FIFO/NON_BLK_MEM.I_SYNC_FIFOGEN_FIFO/xpm_fifo_instance.xpm_fifo_sync_inst/xpm_fifo_base_inst/gen_sdpram.xpm_memory_base_inst block.
INFO: [Memdata 28-208] The XPM instance: <design_1_i/axi_dma_0/U0/I_PRMRY_DATAMOVER/GEN_S2MM_FULL.I_S2MM_FULL_WRAPPER/GEN_ENABLE_INDET_BTT_SF.I_INDET_BTT/I_DATA_FIFO/BLK_MEM.I_SYNC_FIFOGEN_FIFO/xpm_fifo_instance.xpm_fifo_sync_inst/xpm_fifo_base_inst/gen_sdpram.xpm_memory_base_inst> is part of IP: <design_1_i/axi_dma_0>. This XPM instance will be excluded from the .mmi because updatemem is prohibited from making changes to an XPM that is part of an IP.
INFO: [Memdata 28-208] The XPM instance: <design_1_i/axi_dma_0/U0/I_PRMRY_DATAMOVER/GEN_MM2S_FULL.I_MM2S_FULL_WRAPPER/GEN_INCLUDE_MM2S_SF.I_RD_SF/I_DATA_FIFO/BLK_MEM.I_SYNC_FIFOGEN_FIFO/xpm_fifo_instance.xpm_fifo_sync_inst/xpm_fifo_base_inst/gen_sdpram.xpm_memory_base_inst> is part of IP: <design_1_i/axi_dma_0>. This XPM instance will be excluded from the .mmi because updatemem is prohibited from making changes to an XPM that is part of an IP.
INFO: [Memdata 28-167] Found XPM memory block design_1_i/axi_ctrl_smc/inst/s00_nodes/s00_w_node/inst/inst_mi_handler/gen_normal_area.inst_fifo_node_payld/gen_xpm_memory_fifo.inst_fifo/gen_mem_rep[0].inst_xpm_memory/xpm_memory_base_inst with a P_MEMORY_PRIMITIVE property set to distributed. A value of block is required. You will not be able to use the updatemem program to update the bitstream with new data for the design_1_i/axi_ctrl_smc/inst/s00_nodes/s00_w_node/inst/inst_mi_handler/gen_normal_area.inst_fifo_node_payld/gen_xpm_memory_fifo.inst_fifo/gen_mem_rep[0].inst_xpm_memory/xpm_memory_base_inst block.
INFO: [Memdata 28-167] Found XPM memory block design_1_i/axi_ctrl_smc/inst/s00_nodes/s00_w_node/inst/inst_mi_handler/gen_normal_area.gen_fifo_req.inst_fifo_req/gen_xpm_memory_fifo.inst_fifo/gen_mem_rep[0].inst_xpm_memory/xpm_memory_base_inst with a P_MEMORY_PRIMITIVE property set to distributed. A value of block is required. You will not be able to use the updatemem program to update the bitstream with new data for the design_1_i/axi_ctrl_smc/inst/s00_nodes/s00_w_node/inst/inst_mi_handler/gen_normal_area.gen_fifo_req.inst_fifo_req/gen_xpm_memory_fifo.inst_fifo/gen_mem_rep[0].inst_xpm_memory/xpm_memory_base_inst block.
INFO: [Memdata 28-167] Found XPM memory block design_1_i/axi_ctrl_smc/inst/s00_nodes/s00_r_node/inst/inst_mi_handler/gen_normal_area.inst_fifo_node_payld/gen_xpm_memory_fifo.inst_fifo/gen_mem_rep[0].inst_xpm_memory/xpm_memory_base_inst with a P_MEMORY_PRIMITIVE property set to distributed. A value of block is required. You will not be able to use the updatemem program to update the bitstream with new data for the design_1_i/axi_ctrl_smc/inst/s00_nodes/s00_r_node/inst/inst_mi_handler/gen_normal_area.inst_fifo_node_payld/gen_xpm_memory_fifo.inst_fifo/gen_mem_rep[0].inst_xpm_memory/xpm_memory_base_inst block.
INFO: [Memdata 28-167] Found XPM memory block design_1_i/axi_ctrl_smc/inst/s00_nodes/s00_b_node/inst/inst_mi_handler/gen_normal_area.inst_fifo_node_payld/gen_xpm_memory_fifo.inst_fifo/gen_mem_rep[0].inst_xpm_memory/xpm_memory_base_inst with a P_MEMORY_PRIMITIVE property set to distributed. A value of block is required. You will not be able to use the updatemem program to update the bitstream with new data for the design_1_i/axi_ctrl_smc/inst/s00_nodes/s00_b_node/inst/inst_mi_handler/gen_normal_area.inst_fifo_node_payld/gen_xpm_memory_fifo.inst_fifo/gen_mem_rep[0].inst_xpm_memory/xpm_memory_base_inst block.
INFO: [Memdata 28-167] Found XPM memory block design_1_i/axi_ctrl_smc/inst/s00_nodes/s00_aw_node/inst/inst_mi_handler/gen_normal_area.inst_fifo_node_payld/gen_xpm_memory_fifo.inst_fifo/gen_mem_rep[0].inst_xpm_memory/xpm_memory_base_inst with a P_MEMORY_PRIMITIVE property set to distributed. A value of block is required. You will not be able to use the updatemem program to update the bitstream with new data for the design_1_i/axi_ctrl_smc/inst/s00_nodes/s00_aw_node/inst/inst_mi_handler/gen_normal_area.inst_fifo_node_payld/gen_xpm_memory_fifo.inst_fifo/gen_mem_rep[0].inst_xpm_memory/xpm_memory_base_inst block.
INFO: [Memdata 28-167] Found XPM memory block design_1_i/axi_ctrl_smc/inst/s00_nodes/s00_aw_node/inst/inst_mi_handler/gen_normal_area.gen_fifo_req.inst_fifo_req/gen_xpm_memory_fifo.inst_fifo/gen_mem_rep[0].inst_xpm_memory/xpm_memory_base_inst with a P_MEMORY_PRIMITIVE property set to distributed. A value of block is required. You will not be able to use the updatemem program to update the bitstream with new data for the design_1_i/axi_ctrl_smc/inst/s00_nodes/s00_aw_node/inst/inst_mi_handler/gen_normal_area.gen_fifo_req.inst_fifo_req/gen_xpm_memory_fifo.inst_fifo/gen_mem_rep[0].inst_xpm_memory/xpm_memory_base_inst block.
INFO: [Memdata 28-167] Found XPM memory block design_1_i/axi_ctrl_smc/inst/s00_nodes/s00_ar_node/inst/inst_mi_handler/gen_normal_area.inst_fifo_node_payld/gen_xpm_memory_fifo.inst_fifo/gen_mem_rep[0].inst_xpm_memory/xpm_memory_base_inst with a P_MEMORY_PRIMITIVE property set to distributed. A value of block is required. You will not be able to use the updatemem program to update the bitstream with new data for the design_1_i/axi_ctrl_smc/inst/s00_nodes/s00_ar_node/inst/inst_mi_handler/gen_normal_area.inst_fifo_node_payld/gen_xpm_memory_fifo.inst_fifo/gen_mem_rep[0].inst_xpm_memory/xpm_memory_base_inst block.
INFO: [Memdata 28-167] Found XPM memory block design_1_i/axi_ctrl_smc/inst/s00_nodes/s00_ar_node/inst/inst_mi_handler/gen_normal_area.gen_fifo_req.inst_fifo_req/gen_xpm_memory_fifo.inst_fifo/gen_mem_rep[0].inst_xpm_memory/xpm_memory_base_inst with a P_MEMORY_PRIMITIVE property set to distributed. A value of block is required. You will not be able to use the updatemem program to update the bitstream with new data for the design_1_i/axi_ctrl_smc/inst/s00_nodes/s00_ar_node/inst/inst_mi_handler/gen_normal_area.gen_fifo_req.inst_fifo_req/gen_xpm_memory_fifo.inst_fifo/gen_mem_rep[0].inst_xpm_memory/xpm_memory_base_inst block.
INFO: [Memdata 28-167] Found XPM memory block design_1_i/axi_ctrl_smc/inst/m02_nodes/m02_w_node/inst/inst_mi_handler/gen_normal_area.inst_fifo_node_payld/gen_xpm_memory_fifo.inst_fifo/gen_mem_rep[0].inst_xpm_memory/xpm_memory_base_inst with a P_MEMORY_PRIMITIVE property set to distributed. A value of block is required. You will not be able to use the updatemem program to update the bitstream with new data for the design_1_i/axi_ctrl_smc/inst/m02_nodes/m02_w_node/inst/inst_mi_handler/gen_normal_area.inst_fifo_node_payld/gen_xpm_memory_fifo.inst_fifo/gen_mem_rep[0].inst_xpm_memory/xpm_memory_base_inst block.
INFO: [Memdata 28-167] Found XPM memory block design_1_i/axi_ctrl_smc/inst/m02_nodes/m02_r_node/inst/inst_mi_handler/gen_normal_area.inst_fifo_node_payld/gen_xpm_memory_fifo.inst_fifo/gen_mem_rep[0].inst_xpm_memory/xpm_memory_base_inst with a P_MEMORY_PRIMITIVE property set to distributed. A value of block is required. You will not be able to use the updatemem program to update the bitstream with new data for the design_1_i/axi_ctrl_smc/inst/m02_nodes/m02_r_node/inst/inst_mi_handler/gen_normal_area.inst_fifo_node_payld/gen_xpm_memory_fifo.inst_fifo/gen_mem_rep[0].inst_xpm_memory/xpm_memory_base_inst block.
INFO: [Memdata 28-167] Found XPM memory block design_1_i/axi_ctrl_smc/inst/m02_nodes/m02_b_node/inst/inst_mi_handler/gen_normal_area.inst_fifo_node_payld/gen_xpm_memory_fifo.inst_fifo/gen_mem_rep[0].inst_xpm_memory/xpm_memory_base_inst with a P_MEMORY_PRIMITIVE property set to distributed. A value of block is required. You will not be able to use the updatemem program to update the bitstream with new data for the design_1_i/axi_ctrl_smc/inst/m02_nodes/m02_b_node/inst/inst_mi_handler/gen_normal_area.inst_fifo_node_payld/gen_xpm_memory_fifo.inst_fifo/gen_mem_rep[0].inst_xpm_memory/xpm_memory_base_inst block.
INFO: [Memdata 28-167] Found XPM memory block design_1_i/axi_ctrl_smc/inst/m02_nodes/m02_aw_node/inst/inst_mi_handler/gen_normal_area.inst_fifo_node_payld/gen_xpm_memory_fifo.inst_fifo/gen_mem_rep[0].inst_xpm_memory/xpm_memory_base_inst with a P_MEMORY_PRIMITIVE property set to distributed. A value of block is required. You will not be able to use the updatemem program to update the bitstream with new data for the design_1_i/axi_ctrl_smc/inst/m02_nodes/m02_aw_node/inst/inst_mi_handler/gen_normal_area.inst_fifo_node_payld/gen_xpm_memory_fifo.inst_fifo/gen_mem_rep[0].inst_xpm_memory/xpm_memory_base_inst block.
INFO: [Memdata 28-167] Found XPM memory block design_1_i/axi_ctrl_smc/inst/m02_nodes/m02_ar_node/inst/inst_mi_handler/gen_normal_area.inst_fifo_node_payld/gen_xpm_memory_fifo.inst_fifo/gen_mem_rep[0].inst_xpm_memory/xpm_memory_base_inst with a P_MEMORY_PRIMITIVE property set to distributed. A value of block is required. You will not be able to use the updatemem program to update the bitstream with new data for the design_1_i/axi_ctrl_smc/inst/m02_nodes/m02_ar_node/inst/inst_mi_handler/gen_normal_area.inst_fifo_node_payld/gen_xpm_memory_fifo.inst_fifo/gen_mem_rep[0].inst_xpm_memory/xpm_memory_base_inst block.
INFO: [Memdata 28-167] Found XPM memory block design_1_i/axi_ctrl_smc/inst/m01_nodes/m01_w_node/inst/inst_mi_handler/gen_normal_area.inst_fifo_node_payld/gen_xpm_memory_fifo.inst_fifo/gen_mem_rep[0].inst_xpm_memory/xpm_memory_base_inst with a P_MEMORY_PRIMITIVE property set to distributed. A value of block is required. You will not be able to use the updatemem program to update the bitstream with new data for the design_1_i/axi_ctrl_smc/inst/m01_nodes/m01_w_node/inst/inst_mi_handler/gen_normal_area.inst_fifo_node_payld/gen_xpm_memory_fifo.inst_fifo/gen_mem_rep[0].inst_xpm_memory/xpm_memory_base_inst block.
INFO: [Memdata 28-167] Found XPM memory block design_1_i/axi_ctrl_smc/inst/m01_nodes/m01_r_node/inst/inst_mi_handler/gen_normal_area.inst_fifo_node_payld/gen_xpm_memory_fifo.inst_fifo/gen_mem_rep[0].inst_xpm_memory/xpm_memory_base_inst with a P_MEMORY_PRIMITIVE property set to distributed. A value of block is required. You will not be able to use the updatemem program to update the bitstream with new data for the design_1_i/axi_ctrl_smc/inst/m01_nodes/m01_r_node/inst/inst_mi_handler/gen_normal_area.inst_fifo_node_payld/gen_xpm_memory_fifo.inst_fifo/gen_mem_rep[0].inst_xpm_memory/xpm_memory_base_inst block.
INFO: [Memdata 28-167] Found XPM memory block design_1_i/axi_ctrl_smc/inst/m01_nodes/m01_b_node/inst/inst_mi_handler/gen_normal_area.inst_fifo_node_payld/gen_xpm_memory_fifo.inst_fifo/gen_mem_rep[0].inst_xpm_memory/xpm_memory_base_inst with a P_MEMORY_PRIMITIVE property set to distributed. A value of block is required. You will not be able to use the updatemem program to update the bitstream with new data for the design_1_i/axi_ctrl_smc/inst/m01_nodes/m01_b_node/inst/inst_mi_handler/gen_normal_area.inst_fifo_node_payld/gen_xpm_memory_fifo.inst_fifo/gen_mem_rep[0].inst_xpm_memory/xpm_memory_base_inst block.
INFO: [Memdata 28-167] Found XPM memory block design_1_i/axi_ctrl_smc/inst/m01_nodes/m01_aw_node/inst/inst_mi_handler/gen_normal_area.inst_fifo_node_payld/gen_xpm_memory_fifo.inst_fifo/gen_mem_rep[0].inst_xpm_memory/xpm_memory_base_inst with a P_MEMORY_PRIMITIVE property set to distributed. A value of block is required. You will not be able to use the updatemem program to update the bitstream with new data for the design_1_i/axi_ctrl_smc/inst/m01_nodes/m01_aw_node/inst/inst_mi_handler/gen_normal_area.inst_fifo_node_payld/gen_xpm_memory_fifo.inst_fifo/gen_mem_rep[0].inst_xpm_memory/xpm_memory_base_inst block.
INFO: [Memdata 28-167] Found XPM memory block design_1_i/axi_ctrl_smc/inst/m01_nodes/m01_ar_node/inst/inst_mi_handler/gen_normal_area.inst_fifo_node_payld/gen_xpm_memory_fifo.inst_fifo/gen_mem_rep[0].inst_xpm_memory/xpm_memory_base_inst with a P_MEMORY_PRIMITIVE property set to distributed. A value of block is required. You will not be able to use the updatemem program to update the bitstream with new data for the design_1_i/axi_ctrl_smc/inst/m01_nodes/m01_ar_node/inst/inst_mi_handler/gen_normal_area.inst_fifo_node_payld/gen_xpm_memory_fifo.inst_fifo/gen_mem_rep[0].inst_xpm_memory/xpm_memory_base_inst block.
INFO: [Memdata 28-167] Found XPM memory block design_1_i/axi_ctrl_smc/inst/m00_nodes/m00_w_node/inst/inst_mi_handler/gen_normal_area.inst_fifo_node_payld/gen_xpm_memory_fifo.inst_fifo/gen_mem_rep[0].inst_xpm_memory/xpm_memory_base_inst with a P_MEMORY_PRIMITIVE property set to distributed. A value of block is required. You will not be able to use the updatemem program to update the bitstream with new data for the design_1_i/axi_ctrl_smc/inst/m00_nodes/m00_w_node/inst/inst_mi_handler/gen_normal_area.inst_fifo_node_payld/gen_xpm_memory_fifo.inst_fifo/gen_mem_rep[0].inst_xpm_memory/xpm_memory_base_inst block.
INFO: [Memdata 28-167] Found XPM memory block design_1_i/axi_ctrl_smc/inst/m00_nodes/m00_r_node/inst/inst_mi_handler/gen_normal_area.inst_fifo_node_payld/gen_xpm_memory_fifo.inst_fifo/gen_mem_rep[0].inst_xpm_memory/xpm_memory_base_inst with a P_MEMORY_PRIMITIVE property set to distributed. A value of block is required. You will not be able to use the updatemem program to update the bitstream with new data for the design_1_i/axi_ctrl_smc/inst/m00_nodes/m00_r_node/inst/inst_mi_handler/gen_normal_area.inst_fifo_node_payld/gen_xpm_memory_fifo.inst_fifo/gen_mem_rep[0].inst_xpm_memory/xpm_memory_base_inst block.
INFO: [Memdata 28-167] Found XPM memory block design_1_i/axi_ctrl_smc/inst/m00_nodes/m00_b_node/inst/inst_mi_handler/gen_normal_area.inst_fifo_node_payld/gen_xpm_memory_fifo.inst_fifo/gen_mem_rep[0].inst_xpm_memory/xpm_memory_base_inst with a P_MEMORY_PRIMITIVE property set to distributed. A value of block is required. You will not be able to use the updatemem program to update the bitstream with new data for the design_1_i/axi_ctrl_smc/inst/m00_nodes/m00_b_node/inst/inst_mi_handler/gen_normal_area.inst_fifo_node_payld/gen_xpm_memory_fifo.inst_fifo/gen_mem_rep[0].inst_xpm_memory/xpm_memory_base_inst block.
INFO: [Memdata 28-167] Found XPM memory block design_1_i/axi_ctrl_smc/inst/m00_nodes/m00_aw_node/inst/inst_mi_handler/gen_normal_area.inst_fifo_node_payld/gen_xpm_memory_fifo.inst_fifo/gen_mem_rep[0].inst_xpm_memory/xpm_memory_base_inst with a P_MEMORY_PRIMITIVE property set to distributed. A value of block is required. You will not be able to use the updatemem program to update the bitstream with new data for the design_1_i/axi_ctrl_smc/inst/m00_nodes/m00_aw_node/inst/inst_mi_handler/gen_normal_area.inst_fifo_node_payld/gen_xpm_memory_fifo.inst_fifo/gen_mem_rep[0].inst_xpm_memory/xpm_memory_base_inst block.
INFO: [Memdata 28-167] Found XPM memory block design_1_i/axi_ctrl_smc/inst/m00_nodes/m00_ar_node/inst/inst_mi_handler/gen_normal_area.inst_fifo_node_payld/gen_xpm_memory_fifo.inst_fifo/gen_mem_rep[0].inst_xpm_memory/xpm_memory_base_inst with a P_MEMORY_PRIMITIVE property set to distributed. A value of block is required. You will not be able to use the updatemem program to update the bitstream with new data for the design_1_i/axi_ctrl_smc/inst/m00_nodes/m00_ar_node/inst/inst_mi_handler/gen_normal_area.inst_fifo_node_payld/gen_xpm_memory_fifo.inst_fifo/gen_mem_rep[0].inst_xpm_memory/xpm_memory_base_inst block.
Command: write_bitstream -force design_1_wrapper.bit
Attempting to get a license for feature 'Implementation' and/or device 'xc7z020'
INFO: [Common 17-349] Got license for feature 'Implementation' and/or device 'xc7z020'
Running DRC as a precondition to command write_bitstream
INFO: [IP_Flow 19-1839] IP Catalog is up to date.
INFO: [DRC 23-27] Running DRC with 8 threads
INFO: [Vivado 12-3199] DRC finished with 0 Errors
INFO: [Vivado 12-3200] Please refer to the DRC report (report_drc) for more information.
INFO: [Designutils 20-2272] Running write_bitstream with 8 threads.
Loading data files...
Loading site data...
Loading route data...
Processing options...
Creating bitmap...
Creating bitstream...
Writing bitstream ./design_1_wrapper.bit...
INFO: [Vivado 12-1842] Bitgen Completed Successfully.
INFO: [Project 1-1876] WebTalk data collection is mandatory when using a ULT device. To see the specific WebTalk data collected for your design, open the usage_statistics_webtalk.html or usage_statistics_webtalk.xml file in the implementation directory.
INFO: [Common 17-83] Releasing license: Implementation
2093 Infos, 6 Warnings, 0 Critical Warnings and 0 Errors encountered.
write_bitstream completed successfully
write_bitstream: Time (s): cpu = 00:00:36 ; elapsed = 00:00:09 . Memory (MB): peak = 3752.840 ; gain = 89.387 ; free physical = 51300 ; free virtual = 63398
INFO: [Common 17-206] Exiting Vivado at Mon Jun 29 11:22:44 2026...
[Mon Jun 29 11:22:45 2026] impl_1 finished
wait_on_runs: Time (s): cpu = 00:25:19 ; elapsed = 00:11:39 . Memory (MB): peak = 1923.988 ; gain = 0.000 ; free physical = 53838 ; free virtual = 65935
# assert_run_complete impl_1
# open_run impl_1
INFO: [Device 21-403] Loading part xc7z020clg400-1
Netlist sorting complete. Time (s): cpu = 00:00:00.22 ; elapsed = 00:00:00.22 . Memory (MB): peak = 1923.988 ; gain = 0.000 ; free physical = 53640 ; free virtual = 65737
INFO: [Netlist 29-17] Analyzing 2012 Unisim elements for replacement
INFO: [Netlist 29-28] Unisim Transformation completed in 0 CPU seconds
INFO: [Project 1-479] Netlist was created with Vivado 2024.2.2
INFO: [Project 1-570] Preparing netlist for logic optimization
Read ShapeDB Complete: Time (s): cpu = 00:00:00.04 ; elapsed = 00:00:00.03 . Memory (MB): peak = 2067.426 ; gain = 7.250 ; free physical = 53514 ; free virtual = 65612
INFO: [Timing 38-478] Restoring timing data from binary archive.
INFO: [Timing 38-479] Binary timing data restore complete.
INFO: [Project 1-856] Restoring constraints from binary archive.
INFO: [Project 1-853] Binary constraint restore complete.
INFO: [Designutils 20-5722] Start Reading Physical Databases.
Reading placement.
Read Netlist Cache: Time (s): cpu = 00:00:00.02 ; elapsed = 00:00:00.01 . Memory (MB): peak = 2700.395 ; gain = 0.000 ; free physical = 52970 ; free virtual = 65067
Reading placer database...
Read Device Cache: Time (s): cpu = 00:00:00.01 ; elapsed = 00:00:00.01 . Memory (MB): peak = 2700.395 ; gain = 0.000 ; free physical = 52970 ; free virtual = 65067
Read PlaceDB: Time (s): cpu = 00:00:00.59 ; elapsed = 00:00:00.6 . Memory (MB): peak = 2721.332 ; gain = 20.938 ; free physical = 52936 ; free virtual = 65034
Read PulsedLatchDB: Time (s): cpu = 00:00:00 ; elapsed = 00:00:00 . Memory (MB): peak = 2721.332 ; gain = 0.000 ; free physical = 52936 ; free virtual = 65034
Reading routing.
Read RouteStorage: Time (s): cpu = 00:00:00.49 ; elapsed = 00:00:00.16 . Memory (MB): peak = 2743.176 ; gain = 21.844 ; free physical = 52919 ; free virtual = 65016
Read Physdb Files: Time (s): cpu = 00:00:01 ; elapsed = 00:00:00.78 . Memory (MB): peak = 2743.176 ; gain = 42.781 ; free physical = 52919 ; free virtual = 65016
Restored from archive | CPU: 1.170000 secs | Memory: 49.560631 MB |
Finished XDEF File Restore: Time (s): cpu = 00:00:01 ; elapsed = 00:00:00.8 . Memory (MB): peak = 2743.176 ; gain = 42.781 ; free physical = 52919 ; free virtual = 65016
Generating merged BMM file for the design top 'design_1_wrapper'...
Netlist sorting complete. Time (s): cpu = 00:00:00 ; elapsed = 00:00:00 . Memory (MB): peak = 2758.020 ; gain = 0.000 ; free physical = 52919 ; free virtual = 65016
INFO: [Project 1-111] Unisim Transformation Summary:
  A total of 226 instances were transformed.
  RAM16X1D => RAM32X1D (RAMD32(x2)): 1 instance 
  RAM32M => RAM32M (RAMD32(x6), RAMS32(x2)): 216 instances
  RAM32X1D => RAM32X1D (RAMD32(x2)): 9 instances

open_run: Time (s): cpu = 00:00:08 ; elapsed = 00:00:08 . Memory (MB): peak = 2758.020 ; gain = 834.031 ; free physical = 52919 ; free virtual = 65016
# set report_prefix [file join $report_dir "gptalk_dma_${clk_label}mhz"]
# set timing_report "${report_prefix}_timing_summary.rpt"
# set util_report "${report_prefix}_util_hier.rpt"
# set route_report "${report_prefix}_route_status.rpt"
# set congestion_report "${report_prefix}_congestion.rpt"
# set qor_report "${report_prefix}_qor_suggestions.rpt"
# set check_timing_report "${report_prefix}_check_timing.rpt"
# report_or_warn "hierarchical utilization" [list report_utilization -hierarchical -file $util_report]
REPORT_OK: hierarchical utilization
# report_or_warn "timing summary" [list report_timing_summary -delay_type max -max_paths 50 -file $timing_report]
INFO: [Timing 38-91] UpdateTimingParams: Speed grade: -1, Delay Type: max.
INFO: [Timing 38-191] Multithreading enabled for timing update using a maximum of 8 CPUs
REPORT_OK: timing summary
# report_or_warn "route status" [list report_route_status -file $route_report]
REPORT_OK: route status
# report_or_warn "congestion" [list report_design_analysis -congestion -file $congestion_report]
REPORT_OK: congestion
# report_or_warn "qor suggestions" [list report_qor_suggestions -file $qor_report]
Command: report_qor_suggestions -file /home/pjs/Desktop/smollm2-zybo/reports/gptalk_dma_75mhz_qor_suggestions.rpt
Congestion Prediction Time (s): cpu = 00:00:00.56 ; elapsed = 00:00:00.56 . Memory (MB): peak = 3205.891 ; gain = 0.000 ; free physical = 52659 ; free virtual = 64760
INFO: [Implflow 47-1309] PredResultString: 1:49.72:50.28
INFO: [Implflow 47-1276] The design is not compatible for suggesting strategy, as it was not run using vivado implementation default or vivado implementation explore strategy.
report_qor_suggestions completed successfully
REPORT_OK: qor suggestions
# report_or_warn "check timing" [list check_timing -verbose -file $check_timing_report]
REPORT_OK: check timing
WARNING: [Vivado 12-975] No timing paths matched 'get_timing_paths -delay_type max -slack_lesser_than 0 -max_paths 10000'.
# foreach {setup_wns setup_tns setup_fail_count} [timing_slack_summary max] {break}
WARNING: [Vivado 12-975] No timing paths matched 'get_timing_paths -delay_type min -slack_lesser_than 0 -max_paths 10000'.
# foreach {hold_whs hold_ths hold_fail_count} [timing_slack_summary min] {break}
# set timing_pass 1
# if {$setup_wns eq "N/A" || $hold_whs eq "N/A"} {
#     set timing_pass 0
# } elseif {double($setup_wns) < 0.0 || double($hold_whs) < 0.0} {
#     set timing_pass 0
# }
# file copy -force $timing_report [file join $report_dir full_gemv_timing_summary.rpt]
# file copy -force $util_report [file join $report_dir full_gemv_util_hier.rpt]
# file copy -force $route_report [file join $report_dir full_gemv_route_status.rpt]
# if {[file exists $congestion_report]} {
#     file copy -force $congestion_report [file join $report_dir full_gemv_congestion.rpt]
# }
# if {[file exists $qor_report]} {
#     file copy -force $qor_report [file join $report_dir full_gemv_qor_suggestions.rpt]
# }
# set verify_log [file join $log_dir s02_bitstream_xsa_verify.txt]
# set verify_fd [open $verify_log w]
# puts $verify_fd "S02 bitstream/XSA verify"
# puts $verify_fd "Active Vivado project: $project_xpr"
# puts $verify_fd [format "PL clock target: %.3f MHz" $pl_clk_mhz]
# puts $verify_fd "PL clock actual FREQ_HZ: $actual_freq_hz"
# puts $verify_fd "Full GEMV DMA datapath: expected in GPTalk BD, not smoke-only"
# puts $verify_fd "GEMV control base: 0x43C00000"
# puts $verify_fd "AXI DMA base:      0x40400000"
# puts $verify_fd "Input BRAM base:   0x42000000"
# puts $verify_fd "setup WNS(ns): $setup_wns"
# puts $verify_fd "setup TNS approx(ns): [format %.3f $setup_tns]"
# puts $verify_fd "setup failing paths sampled: $setup_fail_count"
# puts $verify_fd "hold WHS(ns): $hold_whs"
# puts $verify_fd "hold THS approx(ns): [format %.3f $hold_ths]"
# puts $verify_fd "hold failing paths sampled: $hold_fail_count"
# puts $verify_fd "timing pass: $timing_pass"
# puts $verify_fd "timing report: $timing_report"
# puts $verify_fd "util report: $util_report"
# puts $verify_fd "route report: $route_report"
# puts $verify_fd "congestion report: $congestion_report"
# puts $verify_fd "qor suggestions: $qor_report"
# close $verify_fd
# if {!$timing_pass} {
#     catch {source [file join $script_dir report_failed_impl.tcl]}
#     error "Timing constraints are not met for ${clk_label}MHz: setup WNS=$setup_wns hold WHS=$hold_whs"
# }
# set bit_candidates [glob -nocomplain [file join $project_dir GPTalk.runs impl_1 *.bit]]
# if {[llength $bit_candidates] == 0} {
#     error "bitstream not found under [file join $project_dir GPTalk.runs impl_1]"
# }
# set bit_file [lindex $bit_candidates 0]
# set export_bit_file [file join $export_dir "GPTalk_dma_${clk_label}MHz.bit"]
# set latest_bit_file [file join $export_dir GPTalk_dma.bit]
# file copy -force $bit_file $export_bit_file
# file copy -force $bit_file $latest_bit_file
# set xsa_file [file join $export_dir "GPTalk_dma_${clk_label}MHz.xsa"]
# set latest_xsa_file [file join $export_dir GPTalk_dma.xsa]
# write_hw_platform -fixed -include_bit -force -file $xsa_file
INFO: [Project 1-1918] Creating Hardware Platform: /home/pjs/Desktop/smollm2-zybo/hw/vivado_project/export/GPTalk_dma_75MHz.xsa ...
WARNING: [Project 1-645] Board images not set in Hardware Platform.
INFO: [Project 1-1943] The Hardware Platform can be used for Hardware
INFO: [Project 1-1941] Successfully created Hardware Platform: /home/pjs/Desktop/smollm2-zybo/hw/vivado_project/export/GPTalk_dma_75MHz.xsa
INFO: [Hsi 55-2053] elapsed time for repository (/tools/Xilinx/Vivado/2024.2/data/embeddedsw) loading 0 seconds
# file copy -force $xsa_file $latest_xsa_file
# set verify_fd [open $verify_log a]
# puts $verify_fd "write_bitstream: PASS"
# puts $verify_fd "bitstream: $bit_file"
# puts $verify_fd "export bitstream: $export_bit_file"
# puts $verify_fd "latest bitstream: $latest_bit_file"
# puts $verify_fd "XSA: $xsa_file"
# puts $verify_fd "latest XSA: $latest_xsa_file"
# close $verify_fd
# set result_doc [file join $internal_docs_dir hw_dma_bringup_result.md]
# set result_fd [open $result_doc w]
# puts $result_fd "# S02 GPTalk DMA build result"
# puts $result_fd ""
# puts $result_fd "- Active Vivado project: `$project_xpr`"
# puts $result_fd [format "- PL clock target: %.3f MHz" $pl_clk_mhz]
# puts $result_fd "- PL clock actual FREQ_HZ: `$actual_freq_hz`"
# puts $result_fd "- Full GEMV DMA datapath: yes, not smoke-only"
# puts $result_fd "- Bitstream: `$export_bit_file`"
# puts $result_fd "- Latest bitstream alias: `$latest_bit_file`"
# puts $result_fd "- XSA: `$xsa_file`"
# puts $result_fd "- Latest XSA alias: `$latest_xsa_file`"
# puts $result_fd "- GEMV control base: `0x43C00000`"
# puts $result_fd "- AXI DMA base: `0x40400000`"
# puts $result_fd "- Input BRAM base: `0x42000000`"
# puts $result_fd "- Setup WNS(ns): `$setup_wns`"
# puts $result_fd "- Setup TNS approx(ns): `[format %.3f $setup_tns]`"
# puts $result_fd "- Hold WHS(ns): `$hold_whs`"
# puts $result_fd "- Hold THS approx(ns): `[format %.3f $hold_ths]`"
# puts $result_fd "- Timing pass: `$timing_pass`"
# puts $result_fd "- Strategy log: `$strategy_log`"
# puts $result_fd "- Timing report: `$timing_report`"
# puts $result_fd "- Utilization report: `$util_report`"
# puts $result_fd "- Route status report: `$route_report`"
# close $result_fd
# set active_doc [file join $docs_dir 00_ACTIVE_KR.md]
# set doc_fd [open $active_doc a]
# puts $doc_fd ""
# puts $doc_fd "## S02 빌드 산출물 기록"
# puts $doc_fd ""
# puts $doc_fd "- 기록 시각: [clock format [clock seconds] -format {%Y-%m-%d %H:%M:%S %Z}]"
# puts $doc_fd [format "- PL clock target: `%.3f MHz`" $pl_clk_mhz]
# puts $doc_fd "- PL clock actual FREQ_HZ: `$actual_freq_hz`"
# puts $doc_fd "- Bitstream: `$export_bit_file`"
# puts $doc_fd "- XSA: `$xsa_file`"
# puts $doc_fd "- Latest bitstream alias: `$latest_bit_file`"
# puts $doc_fd "- Latest XSA alias: `$latest_xsa_file`"
# puts $doc_fd "- Timing: setup WNS `$setup_wns` ns, hold WHS `$hold_whs` ns"
# puts $doc_fd "- Strategy log: `$strategy_log`"
# puts $doc_fd "- S02 verify log: `$verify_log`"
# close $doc_fd
# puts "BIT_FILE=$export_bit_file"
BIT_FILE=/home/pjs/Desktop/smollm2-zybo/hw/vivado_project/export/GPTalk_dma_75MHz.bit
# puts "LATEST_BIT_FILE=$latest_bit_file"
LATEST_BIT_FILE=/home/pjs/Desktop/smollm2-zybo/hw/vivado_project/export/GPTalk_dma.bit
# puts "XSA_FILE=$xsa_file"
XSA_FILE=/home/pjs/Desktop/smollm2-zybo/hw/vivado_project/export/GPTalk_dma_75MHz.xsa
# puts "LATEST_XSA_FILE=$latest_xsa_file"
LATEST_XSA_FILE=/home/pjs/Desktop/smollm2-zybo/hw/vivado_project/export/GPTalk_dma.xsa
# puts "STRATEGY_LOG=$strategy_log"
STRATEGY_LOG=/home/pjs/Desktop/smollm2-zybo/logs/vivado_impl_strategy.txt
# puts "S02_VERIFY_LOG=$verify_log"
S02_VERIFY_LOG=/home/pjs/Desktop/smollm2-zybo/logs/s02_bitstream_xsa_verify.txt
# puts "SETUP_WNS_NS=$setup_wns"
SETUP_WNS_NS=0.000
# puts [format "SETUP_TNS_APPROX_NS=%.3f" $setup_tns]
SETUP_TNS_APPROX_NS=0.000
# puts "HOLD_WHS_NS=$hold_whs"
HOLD_WHS_NS=0.025
# puts [format "HOLD_THS_APPROX_NS=%.3f" $hold_ths]
HOLD_THS_APPROX_NS=0.000
INFO: [Common 17-206] Exiting Vivado at Mon Jun 29 11:23:04 2026...
