
****** Vivado v2024.2.2 (64-bit)
  **** SW Build 6060944 on Thu Mar 06 19:10:09 MST 2025
  **** IP Build 6050500 on Thu Mar  6 23:33:39 MST 2025
  **** SharedData Build 6060542 on Thu Mar 06 10:31:07 MST 2025
  **** Start of session at: Mon Jun 29 10:57:20 2026
    ** Copyright 1986-2022 Xilinx, Inc. All Rights Reserved.
    ** Copyright 2022-2025 Advanced Micro Devices, Inc. All Rights Reserved.

Sourcing tcl script '/home/pjs/.Xilinx/Vivado/Vivado_init.tcl'
source scripts/build_gptalk_dma_bitstream.tcl
# set script_dir [file normalize [file dirname [info script]]]
# set repo_root [file normalize [file join $script_dir ..]]
# set project_xpr [file join $repo_root hw vivado_project GPTalk.xpr]
# set project_dir [file dirname $project_xpr]
# set log_dir [file join $repo_root logs]
# set report_dir [file join $repo_root reports]
# set docs_dir [file join $repo_root docs]
# set internal_docs_dir [file join $docs_dir internal]
# set export_dir [file join $project_dir export]
# file mkdir $log_dir
# file mkdir $report_dir
# file mkdir $docs_dir
# file mkdir $internal_docs_dir
# file mkdir $export_dir
# if {![file exists $project_xpr]} {
#     error "Active Vivado project is missing: $project_xpr"
# }
# proc env_default {name default_value} {
#     if {[info exists ::env($name)] && $::env($name) ne ""} {
#         return $::env($name)
#     }
#     return $default_value
# }
# proc clock_label {clk_mhz} {
#     if {[expr {abs($clk_mhz - round($clk_mhz)) < 0.001}]} {
#         return [format "%d" [expr {int(round($clk_mhz))}]]
#     }
#     set label [format "%.3f" $clk_mhz]
#     regsub {0+$} $label "" label
#     regsub {\.$} $label "" label
#     regsub -all {\.} $label "p" label
#     return $label
# }
# set pl_clk_mhz_raw [env_default GPTALK_PL_CLK_MHZ 50]
# if {![string is double -strict $pl_clk_mhz_raw]} {
#     error "GPTALK_PL_CLK_MHZ must be numeric, got: $pl_clk_mhz_raw"
# }
# set pl_clk_mhz [expr {double($pl_clk_mhz_raw)}]
# if {$pl_clk_mhz <= 0.0} {
#     error "GPTALK_PL_CLK_MHZ must be positive, got: $pl_clk_mhz_raw"
# }
# set clk_label [clock_label $pl_clk_mhz]
# set jobs_raw [env_default GPTALK_VIVADO_JOBS 8]
# if {![string is integer -strict $jobs_raw] || $jobs_raw <= 0} {
#     error "GPTALK_VIVADO_JOBS must be a positive integer, got: $jobs_raw"
# }
# set vivado_jobs $jobs_raw
# set fallback_log {}
# proc try_run_strategy {run_name label candidates} {
#     global fallback_log
#     foreach candidate $candidates {
#         if {[catch {set_property strategy $candidate [get_runs $run_name]} msg]} {
#             lappend fallback_log "$label fallback: $candidate rejected: $msg"
#         } else {
#             return $candidate
#         }
#     }
#     lappend fallback_log "$label fallback: no candidate accepted; leaving unchanged"
#     return "unchanged"
# }
# proc try_step_directive {run_name prop_name label candidates} {
#     global fallback_log
#     foreach candidate $candidates {
#         if {[catch {set_property $prop_name $candidate [get_runs $run_name]} msg]} {
#             lappend fallback_log "$label fallback: $candidate rejected: $msg"
#         } else {
#             return $candidate
#         }
#     }
#     lappend fallback_log "$label fallback: no candidate accepted; leaving unchanged"
#     return "unchanged"
# }
# proc report_or_warn {label command} {
#     if {[catch {uplevel 1 $command} msg]} {
#         puts "WARN: $label failed: $msg"
#         return 0
#     }
#     puts "REPORT_OK: $label"
#     return 1
# }
# proc assert_run_complete {run_name} {
#     set progress [get_property PROGRESS [get_runs $run_name]]
#     set status [get_property STATUS [get_runs $run_name]]
#     if {$progress ne "100%"} {
#         error "$run_name did not complete: progress=$progress status=$status"
#     }
#     if {![string match "*Complete*" $status]} {
#         error "$run_name failed: $status"
#     }
# }
# proc timing_slack_summary {delay_type} {
#     set worst "N/A"
#     set total 0.0
#     set count 0
#     set worst_paths [get_timing_paths -delay_type $delay_type -max_paths 1]
#     if {[llength $worst_paths] > 0} {
#         set worst [get_property SLACK [lindex $worst_paths 0]]
#     }
#     set violating_paths [get_timing_paths -delay_type $delay_type -slack_lesser_than 0 -max_paths 10000]
#     foreach path $violating_paths {
#         set slack [get_property SLACK $path]
#         if {[string is double -strict $slack] && $slack < 0.0} {
#             set total [expr {$total + double($slack)}]
#             incr count
#         }
#     }
#     return [list $worst $total $count]
# }
# open_project $project_xpr
Scanning sources...
Finished scanning sources
INFO: [IP_Flow 19-234] Refreshing IP repositories
INFO: [IP_Flow 19-1704] No user IP repositories specified
INFO: [IP_Flow 19-2313] Loaded Vivado IP repository '/tools/Xilinx/Vivado/2024.2/data/ip'.
INFO: [Project 1-5579] Found utility IPs instantiated in one or more block designs which have equivalent inline hdl with improved performance and reduced diskspace. It is recommended to migrate these utility IPs to inline hdl using the command upgrade_project -migrate_to_inline_hdl. The utility IPs may be deprecated in future releases. More information on inline hdl is available in UG994.
# set_property target_language Verilog [current_project]
# set bd_name "design_1"
# set bd_file [file join $project_dir GPTalk.srcs sources_1 bd $bd_name ${bd_name}.bd]
# if {![file exists $bd_file]} {
#     error "Block design is missing: $bd_file"
# }
# open_bd_design /home/pjs/Desktop/smollm2-zybo/hw/vivado_project/GPTalk.srcs/sources_1/bd/design_1/design_1.bd
Reading block design file </home/pjs/Desktop/smollm2-zybo/hw/vivado_project/GPTalk.srcs/sources_1/bd/design_1/design_1.bd>...
Adding component instance block -- xilinx.com:ip:processing_system7:5.5 - processing_system7_0
Adding component instance block -- xilinx.com:ip:proc_sys_reset:5.0 - rst_ps7_0_50M
Adding component instance block -- xilinx.com:ip:smartconnect:1.0 - axi_ctrl_smc
Adding component instance block -- xilinx.com:ip:smartconnect:1.0 - axi_hp0_smc
Adding component instance block -- xilinx.com:ip:axi_dma:7.1 - axi_dma_0
Adding component instance block -- xilinx.com:ip:axis_data_fifo:2.0 - mm2s_axis_fifo
Adding component instance block -- xilinx.com:ip:axis_data_fifo:2.0 - s2mm_axis_fifo
Adding component instance block -- xilinx.com:ip:axi_bram_ctrl:4.1 - axi_input_bram_ctrl
Adding component instance block -- xilinx.com:ip:blk_mem_gen:8.4 - input_vector_bram
Adding component instance block -- xilinx.com:module_ref:gemv_q8_0_dma_top:1.0 - gemv_q8_0_dma_top_0
Successfully read diagram <design_1> from block design file </home/pjs/Desktop/smollm2-zybo/hw/vivado_project/GPTalk.srcs/sources_1/bd/design_1/design_1.bd>
# set ps7 [get_bd_cells -quiet processing_system7_0]
# if {[llength $ps7] == 0} {
#     error "processing_system7_0 is missing from $bd_name"
# }
# if {[llength [get_bd_cells -quiet gemv_q8_0_dma_top_0]]} {
#     catch {update_module_reference [get_bd_cells gemv_q8_0_dma_top_0]}
# }
# set_property CONFIG.PCW_FPGA0_PERIPHERAL_FREQMHZ [format "%.6f" $pl_clk_mhz] $ps7
# validate_bd_design
INFO: [BD 5-943] Reserving offset range <0x43C0_0000 [ 4K ]> from slave interface '/axi_ctrl_smc/S00_AXI' to master interface '/axi_ctrl_smc/M00_AXI'. This will be used by smartconnect on path for routing.
INFO: [BD 5-943] Reserving offset range <0x4040_0000 [ 64K ]> from slave interface '/axi_ctrl_smc/S00_AXI' to master interface '/axi_ctrl_smc/M01_AXI'. This will be used by smartconnect on path for routing.
INFO: [BD 5-943] Reserving offset range <0x4200_0000 [ 64K ]> from slave interface '/axi_ctrl_smc/S00_AXI' to master interface '/axi_ctrl_smc/M02_AXI'. This will be used by smartconnect on path for routing.
INFO: [xilinx.com:ip:smartconnect:1.0-1] design_1_axi_ctrl_smc_0: SmartConnect design_1_axi_ctrl_smc_0 is in High-performance Mode.
INFO: [Ipptcl 7-1463] No Compatible Board Interface found. Board Tab not created in customize GUI
INFO: [BD 5-943] Reserving offset range <0x0000_0000 [ 1G ]> from slave interface '/axi_hp0_smc/S00_AXI' to master interface '/axi_hp0_smc/M00_AXI'. This will be used by smartconnect on path for routing.
INFO: [BD 5-943] Reserving offset range <0x0000_0000 [ 1G ]> from slave interface '/axi_hp0_smc/S01_AXI' to master interface '/axi_hp0_smc/M00_AXI'. This will be used by smartconnect on path for routing.
INFO: [xilinx.com:ip:smartconnect:1.0-1] design_1_axi_hp0_smc_0: SmartConnect design_1_axi_hp0_smc_0 is in High-performance Mode.
WARNING: [filemgmt 56-443] The ECC Algorithm string is empty. Setting the Memory Map to default ECC value to ECC_NONE.
# save_bd_design
Wrote  : </home/pjs/Desktop/smollm2-zybo/hw/vivado_project/GPTalk.srcs/sources_1/bd/design_1/design_1.bd> 
# generate_target all [get_files $bd_file]
INFO: [BD 41-1662] The design 'design_1.bd' is already validated. Therefore parameter propagation will not be re-run.
WARNING: [filemgmt 56-443] The ECC Algorithm string is empty. Setting the Memory Map to default ECC value to ECC_NONE.
WARNING: [filemgmt 56-443] The ECC Algorithm string is empty. Setting the Memory Map to default ECC value to ECC_NONE.
WARNING: [BD 41-2384] Width mismatch when connecting pin: '/input_vector_bram/addra'(32) to pin: '/axi_input_bram_ctrl/bram_addr_a'(16) - Only lower order bits will be connected.
Verilog Output written to : /home/pjs/Desktop/smollm2-zybo/hw/vivado_project/GPTalk.gen/sources_1/bd/design_1/synth/design_1.v
WARNING: [BD 41-2384] Width mismatch when connecting pin: '/input_vector_bram/addra'(32) to pin: '/axi_input_bram_ctrl/bram_addr_a'(16) - Only lower order bits will be connected.
Verilog Output written to : /home/pjs/Desktop/smollm2-zybo/hw/vivado_project/GPTalk.gen/sources_1/bd/design_1/sim/design_1.v
Verilog Output written to : /home/pjs/Desktop/smollm2-zybo/hw/vivado_project/GPTalk.gen/sources_1/bd/design_1/hdl/design_1_wrapper.v
INFO: [IP_Flow 19-5611] Unable to find an associated reset port for the interface 'M_AXI_GP0'. A default connection has been created.
INFO: [IP_Flow 19-5611] Unable to find an associated reset port for the interface 'S_AXI_HP0'. A default connection has been created.
INFO: [BD 41-1029] Generation completed for the IP Integrator block processing_system7_0 .
INFO: [BD 41-1029] Generation completed for the IP Integrator block rst_ps7_0_50M .
Exporting to file /home/pjs/Desktop/smollm2-zybo/hw/vivado_project/GPTalk.gen/sources_1/bd/design_1/ip/design_1_axi_ctrl_smc_0/bd_0/hw_handoff/design_1_axi_ctrl_smc_0.hwh
Generated Hardware Definition File /home/pjs/Desktop/smollm2-zybo/hw/vivado_project/GPTalk.gen/sources_1/bd/design_1/ip/design_1_axi_ctrl_smc_0/bd_0/synth/design_1_axi_ctrl_smc_0.hwdef
INFO: [BD 41-1029] Generation completed for the IP Integrator block axi_ctrl_smc .
Exporting to file /home/pjs/Desktop/smollm2-zybo/hw/vivado_project/GPTalk.gen/sources_1/bd/design_1/ip/design_1_axi_hp0_smc_0/bd_0/hw_handoff/design_1_axi_hp0_smc_0.hwh
Generated Hardware Definition File /home/pjs/Desktop/smollm2-zybo/hw/vivado_project/GPTalk.gen/sources_1/bd/design_1/ip/design_1_axi_hp0_smc_0/bd_0/synth/design_1_axi_hp0_smc_0.hwdef
INFO: [BD 41-1029] Generation completed for the IP Integrator block axi_hp0_smc .
INFO: [BD 41-1029] Generation completed for the IP Integrator block axi_dma_0 .
INFO: [BD 41-1029] Generation completed for the IP Integrator block mm2s_axis_fifo .
INFO: [BD 41-1029] Generation completed for the IP Integrator block s2mm_axis_fifo .
INFO: [BD 41-1029] Generation completed for the IP Integrator block axi_input_bram_ctrl .
INFO: [BD 41-1029] Generation completed for the IP Integrator block input_vector_bram .
INFO: [BD 41-1029] Generation completed for the IP Integrator block gemv_q8_0_dma_top_0 .
Exporting to file /home/pjs/Desktop/smollm2-zybo/hw/vivado_project/GPTalk.gen/sources_1/bd/design_1/hw_handoff/design_1.hwh
Generated Hardware Definition File /home/pjs/Desktop/smollm2-zybo/hw/vivado_project/GPTalk.gen/sources_1/bd/design_1/synth/design_1.hwdef
generate_target: Time (s): cpu = 00:00:09 ; elapsed = 00:00:09 . Memory (MB): peak = 1661.715 ; gain = 14.293 ; free physical = 54802 ; free virtual = 66074
# update_compile_order -fileset sources_1
# if {[llength [get_files -quiet [file join $project_dir GPTalk.gen sources_1 bd $bd_name hdl ${bd_name}_wrapper.v]]]} {
#     set_property top ${bd_name}_wrapper [current_fileset]
# }
# set synth_strategy [try_run_strategy synth_1 "synth_1 strategy" [list \
#     "Flow_PerfOptimized_high" \
#     "Flow_AreaOptimized_high" \
#     "Vivado Synthesis Defaults" \
# ]]
# set impl_strategy [try_run_strategy impl_1 "impl_1 strategy" [list \
#     "Performance_ExplorePostRoutePhysOpt" \
#     "Performance_Explore" \
#     "Performance_NetDelay_high" \
#     "Performance_WLBlockPlacement" \
#     "Vivado Implementation Defaults" \
# ]]
# set opt_directive [try_step_directive impl_1 STEPS.OPT_DESIGN.ARGS.DIRECTIVE "opt_design directive" [list Explore ExploreWithRemap AddRemap Default]]
# set place_directive [try_step_directive impl_1 STEPS.PLACE_DESIGN.ARGS.DIRECTIVE "place_design directive" [list ExtraNetDelay_high ExtraPostPlacementOpt Explore WLDrivenBlockPlacement Default]]
# set phys_directive [try_step_directive impl_1 STEPS.PHYS_OPT_DESIGN.ARGS.DIRECTIVE "phys_opt_design directive" [list AggressiveExplore Explore AggressiveFanoutOpt Default]]
# set route_directive [try_step_directive impl_1 STEPS.ROUTE_DESIGN.ARGS.DIRECTIVE "route_design directive" [list AggressiveExplore Explore NoTimingRelaxation Default]]
# if {[catch {set_property STEPS.PHYS_OPT_DESIGN.IS_ENABLED true [get_runs impl_1]} msg]} {
#     lappend fallback_log "phys_opt_design enable rejected: $msg"
# }
# if {[catch {set_property STEPS.POST_ROUTE_PHYS_OPT_DESIGN.IS_ENABLED true [get_runs impl_1]} msg]} {
#     lappend fallback_log "post_route_phys_opt_design enable rejected: $msg"
# }
# set post_route_phys_directive [try_step_directive impl_1 STEPS.POST_ROUTE_PHYS_OPT_DESIGN.ARGS.DIRECTIVE "post_route_phys_opt_design directive" [list AggressiveExplore Explore Default]]
# set strategy_log [file join $log_dir vivado_impl_strategy.txt]
# set strategy_fd [open $strategy_log w]
# puts $strategy_fd "GPTalk DMA Vivado build strategy"
# puts $strategy_fd "Project: $project_xpr"
# puts $strategy_fd [format "PL clock target: %.3f MHz" $pl_clk_mhz]
# puts $strategy_fd "Vivado jobs: $vivado_jobs"
# puts $strategy_fd "synth_1 strategy: $synth_strategy"
# puts $strategy_fd "impl_1 strategy: $impl_strategy"
# puts $strategy_fd "opt_design directive: $opt_directive"
# puts $strategy_fd "place_design directive: $place_directive"
# puts $strategy_fd "phys_opt_design directive: $phys_directive"
# puts $strategy_fd "route_design directive: $route_directive"
# puts $strategy_fd "post_route_phys_opt_design directive: $post_route_phys_directive"
# puts $strategy_fd ""
# puts $strategy_fd "Fallback notes:"
# if {[llength $fallback_log] == 0} {
#     puts $strategy_fd "- none"
# } else {
#     foreach item $fallback_log {
#         puts $strategy_fd "- $item"
#     }
# }
# close $strategy_fd
# reset_run synth_1
# launch_runs synth_1 -jobs $vivado_jobs
INFO: [IP_Flow 19-6930] IPCACHE: runCacheChecks() number of threads = 8
INFO: [IP_Flow 19-6921] IPCACHE: Adding cache check func to thread queue for IP design_1_axi_ctrl_smc_0
INFO: [IP_Flow 19-6921] IPCACHE: Adding cache check func to thread queue for IP design_1_axi_dma_0_0
INFO: [IP_Flow 19-6921] IPCACHE: Adding cache check func to thread queue for IP design_1_axi_hp0_smc_0
INFO: [IP_Flow 19-6921] IPCACHE: Adding cache check func to thread queue for IP design_1_axi_input_bram_ctrl_0
INFO: [IP_Flow 19-6921] IPCACHE: Adding cache check func to thread queue for IP design_1_input_vector_bram_0
INFO: [IP_Flow 19-6921] IPCACHE: Adding cache check func to thread queue for IP design_1_mm2s_axis_fifo_0
INFO: [IP_Flow 19-6921] IPCACHE: Adding cache check func to thread queue for IP design_1_rst_ps7_0_50M_0
INFO: [IP_Flow 19-6921] IPCACHE: Adding cache check func to thread queue for IP design_1_s2mm_axis_fifo_0
INFO: [IP_Flow 19-8020] IPCACHE: runCacheChecks() calling threadPool finishWork()
INFO: [IP_Flow 19-6924] IPCACHE: Running cache check for IP inst: design_1_axi_ctrl_smc_0
INFO: [IP_Flow 19-6924] IPCACHE: Running cache check for IP inst: design_1_axi_dma_0_0
INFO: [IP_Flow 19-6924] IPCACHE: Running cache check for IP inst: design_1_axi_hp0_smc_0
INFO: [IP_Flow 19-6924] IPCACHE: Running cache check for IP inst: design_1_axi_input_bram_ctrl_0
INFO: [IP_Flow 19-6924] IPCACHE: Running cache check for IP inst: design_1_input_vector_bram_0
INFO: [IP_Flow 19-6924] IPCACHE: Running cache check for IP inst: design_1_rst_ps7_0_50M_0
INFO: [IP_Flow 19-6924] IPCACHE: Running cache check for IP inst: design_1_mm2s_axis_fifo_0
INFO: [IP_Flow 19-6924] IPCACHE: Running cache check for IP inst: design_1_s2mm_axis_fifo_0
WARNING: [Vivado 12-7122] Auto Incremental Compile:: No reference checkpoint was found in run synth_1. Auto-incremental flow will not be run, the standard flow will be run instead.
[Mon Jun 29 10:57:39 2026] Launched design_1_s2mm_axis_fifo_0_synth_1, design_1_axi_input_bram_ctrl_0_synth_1, design_1_input_vector_bram_0_synth_1, design_1_gemv_q8_0_dma_top_0_0_synth_1, design_1_mm2s_axis_fifo_0_synth_1, design_1_axi_dma_0_0_synth_1, design_1_axi_hp0_smc_0_synth_1, design_1_axi_ctrl_smc_0_synth_1, design_1_rst_ps7_0_50M_0_synth_1, design_1_processing_system7_0_0_synth_1...
Run output will be captured here:
design_1_s2mm_axis_fifo_0_synth_1: /home/pjs/Desktop/smollm2-zybo/hw/vivado_project/GPTalk.runs/design_1_s2mm_axis_fifo_0_synth_1/runme.log
design_1_axi_input_bram_ctrl_0_synth_1: /home/pjs/Desktop/smollm2-zybo/hw/vivado_project/GPTalk.runs/design_1_axi_input_bram_ctrl_0_synth_1/runme.log
design_1_input_vector_bram_0_synth_1: /home/pjs/Desktop/smollm2-zybo/hw/vivado_project/GPTalk.runs/design_1_input_vector_bram_0_synth_1/runme.log
design_1_gemv_q8_0_dma_top_0_0_synth_1: /home/pjs/Desktop/smollm2-zybo/hw/vivado_project/GPTalk.runs/design_1_gemv_q8_0_dma_top_0_0_synth_1/runme.log
design_1_mm2s_axis_fifo_0_synth_1: /home/pjs/Desktop/smollm2-zybo/hw/vivado_project/GPTalk.runs/design_1_mm2s_axis_fifo_0_synth_1/runme.log
design_1_axi_dma_0_0_synth_1: /home/pjs/Desktop/smollm2-zybo/hw/vivado_project/GPTalk.runs/design_1_axi_dma_0_0_synth_1/runme.log
design_1_axi_hp0_smc_0_synth_1: /home/pjs/Desktop/smollm2-zybo/hw/vivado_project/GPTalk.runs/design_1_axi_hp0_smc_0_synth_1/runme.log
design_1_axi_ctrl_smc_0_synth_1: /home/pjs/Desktop/smollm2-zybo/hw/vivado_project/GPTalk.runs/design_1_axi_ctrl_smc_0_synth_1/runme.log
design_1_rst_ps7_0_50M_0_synth_1: /home/pjs/Desktop/smollm2-zybo/hw/vivado_project/GPTalk.runs/design_1_rst_ps7_0_50M_0_synth_1/runme.log
design_1_processing_system7_0_0_synth_1: /home/pjs/Desktop/smollm2-zybo/hw/vivado_project/GPTalk.runs/design_1_processing_system7_0_0_synth_1/runme.log
[Mon Jun 29 10:57:39 2026] Launched synth_1...
Run output will be captured here: /home/pjs/Desktop/smollm2-zybo/hw/vivado_project/GPTalk.runs/synth_1/runme.log
# wait_on_run synth_1
[Mon Jun 29 10:57:39 2026] Waiting for synth_1 to finish...

*** Running vivado
    with args -log design_1_wrapper.vds -m64 -product Vivado -mode batch -messageDb vivado.pb -notrace -source design_1_wrapper.tcl


****** Vivado v2024.2.2 (64-bit)
  **** SW Build 6060944 on Thu Mar 06 19:10:09 MST 2025
  **** IP Build 6050500 on Thu Mar  6 23:33:39 MST 2025
  **** SharedData Build 6060542 on Thu Mar 06 10:31:07 MST 2025
  **** Start of session at: Mon Jun 29 10:59:42 2026
    ** Copyright 1986-2022 Xilinx, Inc. All Rights Reserved.
    ** Copyright 2022-2025 Advanced Micro Devices, Inc. All Rights Reserved.

Sourcing tcl script '/home/pjs/.Xilinx/Vivado/Vivado_init.tcl'
source design_1_wrapper.tcl -notrace
INFO: [IP_Flow 19-234] Refreshing IP repositories
INFO: [IP_Flow 19-1704] No user IP repositories specified
INFO: [IP_Flow 19-2313] Loaded Vivado IP repository '/tools/Xilinx/Vivado/2024.2/data/ip'.
Command: synth_design -top design_1_wrapper -part xc7z020clg400-1 -directive PerformanceOptimized -fsm_extraction one_hot -keep_equivalent_registers -resource_sharing off -no_lc -shreg_min_size 5
Starting synth_design
Attempting to get a license for feature 'Synthesis' and/or device 'xc7z020'
INFO: [Common 17-349] Got license for feature 'Synthesis' and/or device 'xc7z020'
INFO: [Device 21-403] Loading part xc7z020clg400-1
INFO: [Synth 8-7079] Multithreading enabled for synth_design using a maximum of 7 processes.
INFO: [Synth 8-7078] Launching helper process for spawning children vivado processes
INFO: [Synth 8-7075] Helper process launched with PID 186739
---------------------------------------------------------------------------------
Starting RTL Elaboration : Time (s): cpu = 00:00:02 ; elapsed = 00:00:02 . Memory (MB): peak = 2039.492 ; gain = 397.145 ; free physical = 53268 ; free virtual = 64726
---------------------------------------------------------------------------------
INFO: [Synth 8-6157] synthesizing module 'design_1_wrapper' [/home/pjs/Desktop/smollm2-zybo/hw/vivado_project/GPTalk.gen/sources_1/bd/design_1/hdl/design_1_wrapper.v:13]
INFO: [Synth 8-6157] synthesizing module 'design_1' [/home/pjs/Desktop/smollm2-zybo/hw/vivado_project/GPTalk.gen/sources_1/bd/design_1/synth/design_1.v:13]
INFO: [Synth 8-6157] synthesizing module 'design_1_axi_ctrl_smc_0' [/home/pjs/Desktop/smollm2-zybo/hw/vivado_project/GPTalk.runs/synth_1/.Xil/Vivado-186678-pjs-laptop/realtime/design_1_axi_ctrl_smc_0_stub.v:6]
INFO: [Synth 8-6155] done synthesizing module 'design_1_axi_ctrl_smc_0' (0#1) [/home/pjs/Desktop/smollm2-zybo/hw/vivado_project/GPTalk.runs/synth_1/.Xil/Vivado-186678-pjs-laptop/realtime/design_1_axi_ctrl_smc_0_stub.v:6]
WARNING: [Synth 8-7071] port 'M01_AXI_awprot' of module 'design_1_axi_ctrl_smc_0' is unconnected for instance 'axi_ctrl_smc' [/home/pjs/Desktop/smollm2-zybo/hw/vivado_project/GPTalk.gen/sources_1/bd/design_1/synth/design_1.v:283]
WARNING: [Synth 8-7071] port 'M01_AXI_wstrb' of module 'design_1_axi_ctrl_smc_0' is unconnected for instance 'axi_ctrl_smc' [/home/pjs/Desktop/smollm2-zybo/hw/vivado_project/GPTalk.gen/sources_1/bd/design_1/synth/design_1.v:283]
WARNING: [Synth 8-7071] port 'M01_AXI_arprot' of module 'design_1_axi_ctrl_smc_0' is unconnected for instance 'axi_ctrl_smc' [/home/pjs/Desktop/smollm2-zybo/hw/vivado_project/GPTalk.gen/sources_1/bd/design_1/synth/design_1.v:283]
WARNING: [Synth 8-7071] port 'M02_AXI_awqos' of module 'design_1_axi_ctrl_smc_0' is unconnected for instance 'axi_ctrl_smc' [/home/pjs/Desktop/smollm2-zybo/hw/vivado_project/GPTalk.gen/sources_1/bd/design_1/synth/design_1.v:283]
WARNING: [Synth 8-7071] port 'M02_AXI_arqos' of module 'design_1_axi_ctrl_smc_0' is unconnected for instance 'axi_ctrl_smc' [/home/pjs/Desktop/smollm2-zybo/hw/vivado_project/GPTalk.gen/sources_1/bd/design_1/synth/design_1.v:283]
WARNING: [Synth 8-7023] instance 'axi_ctrl_smc' of module 'design_1_axi_ctrl_smc_0' has 111 connections declared, but only 106 given [/home/pjs/Desktop/smollm2-zybo/hw/vivado_project/GPTalk.gen/sources_1/bd/design_1/synth/design_1.v:283]
INFO: [Synth 8-6157] synthesizing module 'design_1_axi_dma_0_0' [/home/pjs/Desktop/smollm2-zybo/hw/vivado_project/GPTalk.runs/synth_1/.Xil/Vivado-186678-pjs-laptop/realtime/design_1_axi_dma_0_0_stub.v:6]
INFO: [Synth 8-6155] done synthesizing module 'design_1_axi_dma_0_0' (0#1) [/home/pjs/Desktop/smollm2-zybo/hw/vivado_project/GPTalk.runs/synth_1/.Xil/Vivado-186678-pjs-laptop/realtime/design_1_axi_dma_0_0_stub.v:6]
WARNING: [Synth 8-7071] port 'mm2s_prmry_reset_out_n' of module 'design_1_axi_dma_0_0' is unconnected for instance 'axi_dma_0' [/home/pjs/Desktop/smollm2-zybo/hw/vivado_project/GPTalk.gen/sources_1/bd/design_1/synth/design_1.v:390]
WARNING: [Synth 8-7071] port 's2mm_prmry_reset_out_n' of module 'design_1_axi_dma_0_0' is unconnected for instance 'axi_dma_0' [/home/pjs/Desktop/smollm2-zybo/hw/vivado_project/GPTalk.gen/sources_1/bd/design_1/synth/design_1.v:390]
WARNING: [Synth 8-7071] port 'mm2s_introut' of module 'design_1_axi_dma_0_0' is unconnected for instance 'axi_dma_0' [/home/pjs/Desktop/smollm2-zybo/hw/vivado_project/GPTalk.gen/sources_1/bd/design_1/synth/design_1.v:390]
WARNING: [Synth 8-7071] port 's2mm_introut' of module 'design_1_axi_dma_0_0' is unconnected for instance 'axi_dma_0' [/home/pjs/Desktop/smollm2-zybo/hw/vivado_project/GPTalk.gen/sources_1/bd/design_1/synth/design_1.v:390]
WARNING: [Synth 8-7071] port 'axi_dma_tstvec' of module 'design_1_axi_dma_0_0' is unconnected for instance 'axi_dma_0' [/home/pjs/Desktop/smollm2-zybo/hw/vivado_project/GPTalk.gen/sources_1/bd/design_1/synth/design_1.v:390]
WARNING: [Synth 8-7023] instance 'axi_dma_0' of module 'design_1_axi_dma_0_0' has 64 connections declared, but only 59 given [/home/pjs/Desktop/smollm2-zybo/hw/vivado_project/GPTalk.gen/sources_1/bd/design_1/synth/design_1.v:390]
INFO: [Synth 8-6157] synthesizing module 'design_1_axi_hp0_smc_0' [/home/pjs/Desktop/smollm2-zybo/hw/vivado_project/GPTalk.runs/synth_1/.Xil/Vivado-186678-pjs-laptop/realtime/design_1_axi_hp0_smc_0_stub.v:6]
INFO: [Synth 8-6155] done synthesizing module 'design_1_axi_hp0_smc_0' (0#1) [/home/pjs/Desktop/smollm2-zybo/hw/vivado_project/GPTalk.runs/synth_1/.Xil/Vivado-186678-pjs-laptop/realtime/design_1_axi_hp0_smc_0_stub.v:6]
INFO: [Synth 8-6157] synthesizing module 'design_1_axi_input_bram_ctrl_0' [/home/pjs/Desktop/smollm2-zybo/hw/vivado_project/GPTalk.runs/synth_1/.Xil/Vivado-186678-pjs-laptop/realtime/design_1_axi_input_bram_ctrl_0_stub.v:6]
INFO: [Synth 8-6155] done synthesizing module 'design_1_axi_input_bram_ctrl_0' (0#1) [/home/pjs/Desktop/smollm2-zybo/hw/vivado_project/GPTalk.runs/synth_1/.Xil/Vivado-186678-pjs-laptop/realtime/design_1_axi_input_bram_ctrl_0_stub.v:6]
INFO: [Synth 8-6157] synthesizing module 'design_1_gemv_q8_0_dma_top_0_0' [/home/pjs/Desktop/smollm2-zybo/hw/vivado_project/GPTalk.runs/synth_1/.Xil/Vivado-186678-pjs-laptop/realtime/design_1_gemv_q8_0_dma_top_0_0_stub.v:6]
INFO: [Synth 8-6155] done synthesizing module 'design_1_gemv_q8_0_dma_top_0_0' (0#1) [/home/pjs/Desktop/smollm2-zybo/hw/vivado_project/GPTalk.runs/synth_1/.Xil/Vivado-186678-pjs-laptop/realtime/design_1_gemv_q8_0_dma_top_0_0_stub.v:6]
INFO: [Synth 8-6157] synthesizing module 'design_1_input_vector_bram_0' [/home/pjs/Desktop/smollm2-zybo/hw/vivado_project/GPTalk.runs/synth_1/.Xil/Vivado-186678-pjs-laptop/realtime/design_1_input_vector_bram_0_stub.v:6]
INFO: [Synth 8-6155] done synthesizing module 'design_1_input_vector_bram_0' (0#1) [/home/pjs/Desktop/smollm2-zybo/hw/vivado_project/GPTalk.runs/synth_1/.Xil/Vivado-186678-pjs-laptop/realtime/design_1_input_vector_bram_0_stub.v:6]
WARNING: [Synth 8-7071] port 'rsta_busy' of module 'design_1_input_vector_bram_0' is unconnected for instance 'input_vector_bram' [/home/pjs/Desktop/smollm2-zybo/hw/vivado_project/GPTalk.gen/sources_1/bd/design_1/synth/design_1.v:601]
WARNING: [Synth 8-7071] port 'rstb_busy' of module 'design_1_input_vector_bram_0' is unconnected for instance 'input_vector_bram' [/home/pjs/Desktop/smollm2-zybo/hw/vivado_project/GPTalk.gen/sources_1/bd/design_1/synth/design_1.v:601]
WARNING: [Synth 8-7023] instance 'input_vector_bram' of module 'design_1_input_vector_bram_0' has 16 connections declared, but only 14 given [/home/pjs/Desktop/smollm2-zybo/hw/vivado_project/GPTalk.gen/sources_1/bd/design_1/synth/design_1.v:601]
INFO: [Synth 8-6157] synthesizing module 'design_1_mm2s_axis_fifo_0' [/home/pjs/Desktop/smollm2-zybo/hw/vivado_project/GPTalk.runs/synth_1/.Xil/Vivado-186678-pjs-laptop/realtime/design_1_mm2s_axis_fifo_0_stub.v:6]
INFO: [Synth 8-6155] done synthesizing module 'design_1_mm2s_axis_fifo_0' (0#1) [/home/pjs/Desktop/smollm2-zybo/hw/vivado_project/GPTalk.runs/synth_1/.Xil/Vivado-186678-pjs-laptop/realtime/design_1_mm2s_axis_fifo_0_stub.v:6]
INFO: [Synth 8-6157] synthesizing module 'design_1_processing_system7_0_0' [/home/pjs/Desktop/smollm2-zybo/hw/vivado_project/GPTalk.runs/synth_1/.Xil/Vivado-186678-pjs-laptop/realtime/design_1_processing_system7_0_0_stub.v:6]
INFO: [Synth 8-6155] done synthesizing module 'design_1_processing_system7_0_0' (0#1) [/home/pjs/Desktop/smollm2-zybo/hw/vivado_project/GPTalk.runs/synth_1/.Xil/Vivado-186678-pjs-laptop/realtime/design_1_processing_system7_0_0_stub.v:6]
WARNING: [Synth 8-7071] port 'USB0_PORT_INDCTL' of module 'design_1_processing_system7_0_0' is unconnected for instance 'processing_system7_0' [/home/pjs/Desktop/smollm2-zybo/hw/vivado_project/GPTalk.gen/sources_1/bd/design_1/synth/design_1.v:631]
WARNING: [Synth 8-7071] port 'USB0_VBUS_PWRSELECT' of module 'design_1_processing_system7_0_0' is unconnected for instance 'processing_system7_0' [/home/pjs/Desktop/smollm2-zybo/hw/vivado_project/GPTalk.gen/sources_1/bd/design_1/synth/design_1.v:631]
WARNING: [Synth 8-7071] port 'S_AXI_HP0_BID' of module 'design_1_processing_system7_0_0' is unconnected for instance 'processing_system7_0' [/home/pjs/Desktop/smollm2-zybo/hw/vivado_project/GPTalk.gen/sources_1/bd/design_1/synth/design_1.v:631]
WARNING: [Synth 8-7071] port 'S_AXI_HP0_RID' of module 'design_1_processing_system7_0_0' is unconnected for instance 'processing_system7_0' [/home/pjs/Desktop/smollm2-zybo/hw/vivado_project/GPTalk.gen/sources_1/bd/design_1/synth/design_1.v:631]
WARNING: [Synth 8-7071] port 'S_AXI_HP0_RCOUNT' of module 'design_1_processing_system7_0_0' is unconnected for instance 'processing_system7_0' [/home/pjs/Desktop/smollm2-zybo/hw/vivado_project/GPTalk.gen/sources_1/bd/design_1/synth/design_1.v:631]
WARNING: [Synth 8-7071] port 'S_AXI_HP0_WCOUNT' of module 'design_1_processing_system7_0_0' is unconnected for instance 'processing_system7_0' [/home/pjs/Desktop/smollm2-zybo/hw/vivado_project/GPTalk.gen/sources_1/bd/design_1/synth/design_1.v:631]
WARNING: [Synth 8-7071] port 'S_AXI_HP0_RACOUNT' of module 'design_1_processing_system7_0_0' is unconnected for instance 'processing_system7_0' [/home/pjs/Desktop/smollm2-zybo/hw/vivado_project/GPTalk.gen/sources_1/bd/design_1/synth/design_1.v:631]
WARNING: [Synth 8-7071] port 'S_AXI_HP0_WACOUNT' of module 'design_1_processing_system7_0_0' is unconnected for instance 'processing_system7_0' [/home/pjs/Desktop/smollm2-zybo/hw/vivado_project/GPTalk.gen/sources_1/bd/design_1/synth/design_1.v:631]
WARNING: [Synth 8-7023] instance 'processing_system7_0' of module 'design_1_processing_system7_0_0' has 110 connections declared, but only 102 given [/home/pjs/Desktop/smollm2-zybo/hw/vivado_project/GPTalk.gen/sources_1/bd/design_1/synth/design_1.v:631]
INFO: [Synth 8-6157] synthesizing module 'design_1_rst_ps7_0_50M_0' [/home/pjs/Desktop/smollm2-zybo/hw/vivado_project/GPTalk.runs/synth_1/.Xil/Vivado-186678-pjs-laptop/realtime/design_1_rst_ps7_0_50M_0_stub.v:6]
INFO: [Synth 8-6155] done synthesizing module 'design_1_rst_ps7_0_50M_0' (0#1) [/home/pjs/Desktop/smollm2-zybo/hw/vivado_project/GPTalk.runs/synth_1/.Xil/Vivado-186678-pjs-laptop/realtime/design_1_rst_ps7_0_50M_0_stub.v:6]
WARNING: [Synth 8-7071] port 'mb_reset' of module 'design_1_rst_ps7_0_50M_0' is unconnected for instance 'rst_ps7_0_50M' [/home/pjs/Desktop/smollm2-zybo/hw/vivado_project/GPTalk.gen/sources_1/bd/design_1/synth/design_1.v:734]
WARNING: [Synth 8-7071] port 'bus_struct_reset' of module 'design_1_rst_ps7_0_50M_0' is unconnected for instance 'rst_ps7_0_50M' [/home/pjs/Desktop/smollm2-zybo/hw/vivado_project/GPTalk.gen/sources_1/bd/design_1/synth/design_1.v:734]
WARNING: [Synth 8-7071] port 'peripheral_reset' of module 'design_1_rst_ps7_0_50M_0' is unconnected for instance 'rst_ps7_0_50M' [/home/pjs/Desktop/smollm2-zybo/hw/vivado_project/GPTalk.gen/sources_1/bd/design_1/synth/design_1.v:734]
WARNING: [Synth 8-7071] port 'interconnect_aresetn' of module 'design_1_rst_ps7_0_50M_0' is unconnected for instance 'rst_ps7_0_50M' [/home/pjs/Desktop/smollm2-zybo/hw/vivado_project/GPTalk.gen/sources_1/bd/design_1/synth/design_1.v:734]
WARNING: [Synth 8-7023] instance 'rst_ps7_0_50M' of module 'design_1_rst_ps7_0_50M_0' has 10 connections declared, but only 6 given [/home/pjs/Desktop/smollm2-zybo/hw/vivado_project/GPTalk.gen/sources_1/bd/design_1/synth/design_1.v:734]
INFO: [Synth 8-6157] synthesizing module 'design_1_s2mm_axis_fifo_0' [/home/pjs/Desktop/smollm2-zybo/hw/vivado_project/GPTalk.runs/synth_1/.Xil/Vivado-186678-pjs-laptop/realtime/design_1_s2mm_axis_fifo_0_stub.v:6]
INFO: [Synth 8-6155] done synthesizing module 'design_1_s2mm_axis_fifo_0' (0#1) [/home/pjs/Desktop/smollm2-zybo/hw/vivado_project/GPTalk.runs/synth_1/.Xil/Vivado-186678-pjs-laptop/realtime/design_1_s2mm_axis_fifo_0_stub.v:6]
INFO: [Synth 8-6155] done synthesizing module 'design_1' (0#1) [/home/pjs/Desktop/smollm2-zybo/hw/vivado_project/GPTalk.gen/sources_1/bd/design_1/synth/design_1.v:13]
INFO: [Synth 8-6155] done synthesizing module 'design_1_wrapper' (0#1) [/home/pjs/Desktop/smollm2-zybo/hw/vivado_project/GPTalk.gen/sources_1/bd/design_1/hdl/design_1_wrapper.v:13]
---------------------------------------------------------------------------------
Finished RTL Elaboration : Time (s): cpu = 00:00:03 ; elapsed = 00:00:03 . Memory (MB): peak = 2119.430 ; gain = 477.082 ; free physical = 53172 ; free virtual = 64625
---------------------------------------------------------------------------------
---------------------------------------------------------------------------------
Start Handling Custom Attributes
---------------------------------------------------------------------------------
---------------------------------------------------------------------------------
Finished Handling Custom Attributes : Time (s): cpu = 00:00:03 ; elapsed = 00:00:03 . Memory (MB): peak = 2134.273 ; gain = 491.926 ; free physical = 53170 ; free virtual = 64629
---------------------------------------------------------------------------------
---------------------------------------------------------------------------------
Finished RTL Optimization Phase 1 : Time (s): cpu = 00:00:03 ; elapsed = 00:00:03 . Memory (MB): peak = 2134.273 ; gain = 491.926 ; free physical = 53172 ; free virtual = 64623
---------------------------------------------------------------------------------
Netlist sorting complete. Time (s): cpu = 00:00:00 ; elapsed = 00:00:00 . Memory (MB): peak = 2134.273 ; gain = 0.000 ; free physical = 53170 ; free virtual = 64629
INFO: [Project 1-570] Preparing netlist for logic optimization

Processing XDC Constraints
Initializing timing engine
Parsing XDC File [/home/pjs/Desktop/smollm2-zybo/hw/vivado_project/GPTalk.gen/sources_1/bd/design_1/ip/design_1_processing_system7_0_0/design_1_processing_system7_0_0/design_1_processing_system7_0_0_in_context.xdc] for cell 'design_1_i/processing_system7_0'
Finished Parsing XDC File [/home/pjs/Desktop/smollm2-zybo/hw/vivado_project/GPTalk.gen/sources_1/bd/design_1/ip/design_1_processing_system7_0_0/design_1_processing_system7_0_0/design_1_processing_system7_0_0_in_context.xdc] for cell 'design_1_i/processing_system7_0'
Parsing XDC File [/home/pjs/Desktop/smollm2-zybo/hw/vivado_project/GPTalk.gen/sources_1/bd/design_1/ip/design_1_rst_ps7_0_50M_0/design_1_rst_ps7_0_50M_0/design_1_rst_ps7_0_50M_0_in_context.xdc] for cell 'design_1_i/rst_ps7_0_50M'
Finished Parsing XDC File [/home/pjs/Desktop/smollm2-zybo/hw/vivado_project/GPTalk.gen/sources_1/bd/design_1/ip/design_1_rst_ps7_0_50M_0/design_1_rst_ps7_0_50M_0/design_1_rst_ps7_0_50M_0_in_context.xdc] for cell 'design_1_i/rst_ps7_0_50M'
Parsing XDC File [/home/pjs/Desktop/smollm2-zybo/hw/vivado_project/GPTalk.gen/sources_1/bd/design_1/ip/design_1_axi_ctrl_smc_0/design_1_axi_ctrl_smc_0/design_1_axi_ctrl_smc_0_in_context.xdc] for cell 'design_1_i/axi_ctrl_smc'
Finished Parsing XDC File [/home/pjs/Desktop/smollm2-zybo/hw/vivado_project/GPTalk.gen/sources_1/bd/design_1/ip/design_1_axi_ctrl_smc_0/design_1_axi_ctrl_smc_0/design_1_axi_ctrl_smc_0_in_context.xdc] for cell 'design_1_i/axi_ctrl_smc'
Parsing XDC File [/home/pjs/Desktop/smollm2-zybo/hw/vivado_project/GPTalk.gen/sources_1/bd/design_1/ip/design_1_axi_hp0_smc_0/design_1_axi_hp0_smc_0/design_1_axi_hp0_smc_0_in_context.xdc] for cell 'design_1_i/axi_hp0_smc'
Finished Parsing XDC File [/home/pjs/Desktop/smollm2-zybo/hw/vivado_project/GPTalk.gen/sources_1/bd/design_1/ip/design_1_axi_hp0_smc_0/design_1_axi_hp0_smc_0/design_1_axi_hp0_smc_0_in_context.xdc] for cell 'design_1_i/axi_hp0_smc'
Parsing XDC File [/home/pjs/Desktop/smollm2-zybo/hw/vivado_project/GPTalk.gen/sources_1/bd/design_1/ip/design_1_axi_dma_0_0/design_1_axi_dma_0_0/design_1_axi_dma_0_0_in_context.xdc] for cell 'design_1_i/axi_dma_0'
Finished Parsing XDC File [/home/pjs/Desktop/smollm2-zybo/hw/vivado_project/GPTalk.gen/sources_1/bd/design_1/ip/design_1_axi_dma_0_0/design_1_axi_dma_0_0/design_1_axi_dma_0_0_in_context.xdc] for cell 'design_1_i/axi_dma_0'
Parsing XDC File [/home/pjs/Desktop/smollm2-zybo/hw/vivado_project/GPTalk.gen/sources_1/bd/design_1/ip/design_1_mm2s_axis_fifo_0/design_1_mm2s_axis_fifo_0/design_1_s2mm_axis_fifo_0_in_context.xdc] for cell 'design_1_i/mm2s_axis_fifo'
Finished Parsing XDC File [/home/pjs/Desktop/smollm2-zybo/hw/vivado_project/GPTalk.gen/sources_1/bd/design_1/ip/design_1_mm2s_axis_fifo_0/design_1_mm2s_axis_fifo_0/design_1_s2mm_axis_fifo_0_in_context.xdc] for cell 'design_1_i/mm2s_axis_fifo'
Parsing XDC File [/home/pjs/Desktop/smollm2-zybo/hw/vivado_project/GPTalk.gen/sources_1/bd/design_1/ip/design_1_s2mm_axis_fifo_0/design_1_s2mm_axis_fifo_0/design_1_s2mm_axis_fifo_0_in_context.xdc] for cell 'design_1_i/s2mm_axis_fifo'
Finished Parsing XDC File [/home/pjs/Desktop/smollm2-zybo/hw/vivado_project/GPTalk.gen/sources_1/bd/design_1/ip/design_1_s2mm_axis_fifo_0/design_1_s2mm_axis_fifo_0/design_1_s2mm_axis_fifo_0_in_context.xdc] for cell 'design_1_i/s2mm_axis_fifo'
Parsing XDC File [/home/pjs/Desktop/smollm2-zybo/hw/vivado_project/GPTalk.gen/sources_1/bd/design_1/ip/design_1_axi_input_bram_ctrl_0/design_1_axi_input_bram_ctrl_0/design_1_axi_input_bram_ctrl_0_in_context.xdc] for cell 'design_1_i/axi_input_bram_ctrl'
Finished Parsing XDC File [/home/pjs/Desktop/smollm2-zybo/hw/vivado_project/GPTalk.gen/sources_1/bd/design_1/ip/design_1_axi_input_bram_ctrl_0/design_1_axi_input_bram_ctrl_0/design_1_axi_input_bram_ctrl_0_in_context.xdc] for cell 'design_1_i/axi_input_bram_ctrl'
Parsing XDC File [/home/pjs/Desktop/smollm2-zybo/hw/vivado_project/GPTalk.gen/sources_1/bd/design_1/ip/design_1_input_vector_bram_0/design_1_input_vector_bram_0/design_1_input_vector_bram_0_in_context.xdc] for cell 'design_1_i/input_vector_bram'
Finished Parsing XDC File [/home/pjs/Desktop/smollm2-zybo/hw/vivado_project/GPTalk.gen/sources_1/bd/design_1/ip/design_1_input_vector_bram_0/design_1_input_vector_bram_0/design_1_input_vector_bram_0_in_context.xdc] for cell 'design_1_i/input_vector_bram'
Parsing XDC File [/home/pjs/Desktop/smollm2-zybo/hw/vivado_project/GPTalk.gen/sources_1/bd/design_1/ip/design_1_gemv_q8_0_dma_top_0_0/design_1_gemv_q8_0_dma_top_0_0/design_1_gemv_q8_0_dma_top_0_0_in_context.xdc] for cell 'design_1_i/gemv_q8_0_dma_top_0'
Finished Parsing XDC File [/home/pjs/Desktop/smollm2-zybo/hw/vivado_project/GPTalk.gen/sources_1/bd/design_1/ip/design_1_gemv_q8_0_dma_top_0_0/design_1_gemv_q8_0_dma_top_0_0/design_1_gemv_q8_0_dma_top_0_0_in_context.xdc] for cell 'design_1_i/gemv_q8_0_dma_top_0'
Parsing XDC File [/home/pjs/Desktop/smollm2-zybo/hw/vivado_project/GPTalk.srcs/constrs_1/imports/Downloads/Zybo-Z7-Master.xdc]
Finished Parsing XDC File [/home/pjs/Desktop/smollm2-zybo/hw/vivado_project/GPTalk.srcs/constrs_1/imports/Downloads/Zybo-Z7-Master.xdc]
Parsing XDC File [/home/pjs/Desktop/smollm2-zybo/hw/vivado_project/GPTalk.runs/synth_1/dont_touch.xdc]
Finished Parsing XDC File [/home/pjs/Desktop/smollm2-zybo/hw/vivado_project/GPTalk.runs/synth_1/dont_touch.xdc]
Completed Processing XDC Constraints

Netlist sorting complete. Time (s): cpu = 00:00:00 ; elapsed = 00:00:00 . Memory (MB): peak = 2191.199 ; gain = 0.000 ; free physical = 53165 ; free virtual = 64624
INFO: [Project 1-111] Unisim Transformation Summary:
No Unisim elements were transformed.

Constraint Validation Runtime : Time (s): cpu = 00:00:00.01 ; elapsed = 00:00:00 . Memory (MB): peak = 2191.199 ; gain = 0.000 ; free physical = 53165 ; free virtual = 64623
---------------------------------------------------------------------------------
Finished Constraint Validation : Time (s): cpu = 00:00:06 ; elapsed = 00:00:06 . Memory (MB): peak = 2191.199 ; gain = 548.852 ; free physical = 53200 ; free virtual = 64659
---------------------------------------------------------------------------------
---------------------------------------------------------------------------------
Start Loading Part and Timing Information
---------------------------------------------------------------------------------
Loading part: xc7z020clg400-1
---------------------------------------------------------------------------------
Finished Loading Part and Timing Information : Time (s): cpu = 00:00:06 ; elapsed = 00:00:06 . Memory (MB): peak = 2199.203 ; gain = 556.855 ; free physical = 53200 ; free virtual = 64659
---------------------------------------------------------------------------------
---------------------------------------------------------------------------------
Start Applying 'set_property' XDC Constraints
---------------------------------------------------------------------------------
Applied set_property IO_BUFFER_TYPE = NONE for DDR_addr[0]. (constraint file  /home/pjs/Desktop/smollm2-zybo/hw/vivado_project/GPTalk.gen/sources_1/bd/design_1/ip/design_1_processing_system7_0_0/design_1_processing_system7_0_0/design_1_processing_system7_0_0_in_context.xdc, line 2).
Applied set_property CLOCK_BUFFER_TYPE = NONE for DDR_addr[0]. (constraint file  /home/pjs/Desktop/smollm2-zybo/hw/vivado_project/GPTalk.gen/sources_1/bd/design_1/ip/design_1_processing_system7_0_0/design_1_processing_system7_0_0/design_1_processing_system7_0_0_in_context.xdc, line 3).
Applied set_property IO_BUFFER_TYPE = NONE for DDR_addr[10]. (constraint file  /home/pjs/Desktop/smollm2-zybo/hw/vivado_project/GPTalk.gen/sources_1/bd/design_1/ip/design_1_processing_system7_0_0/design_1_processing_system7_0_0/design_1_processing_system7_0_0_in_context.xdc, line 4).
Applied set_property CLOCK_BUFFER_TYPE = NONE for DDR_addr[10]. (constraint file  /home/pjs/Desktop/smollm2-zybo/hw/vivado_project/GPTalk.gen/sources_1/bd/design_1/ip/design_1_processing_system7_0_0/design_1_processing_system7_0_0/design_1_processing_system7_0_0_in_context.xdc, line 5).
Applied set_property IO_BUFFER_TYPE = NONE for DDR_addr[11]. (constraint file  /home/pjs/Desktop/smollm2-zybo/hw/vivado_project/GPTalk.gen/sources_1/bd/design_1/ip/design_1_processing_system7_0_0/design_1_processing_system7_0_0/design_1_processing_system7_0_0_in_context.xdc, line 6).
Applied set_property CLOCK_BUFFER_TYPE = NONE for DDR_addr[11]. (constraint file  /home/pjs/Desktop/smollm2-zybo/hw/vivado_project/GPTalk.gen/sources_1/bd/design_1/ip/design_1_processing_system7_0_0/design_1_processing_system7_0_0/design_1_processing_system7_0_0_in_context.xdc, line 7).
Applied set_property IO_BUFFER_TYPE = NONE for DDR_addr[12]. (constraint file  /home/pjs/Desktop/smollm2-zybo/hw/vivado_project/GPTalk.gen/sources_1/bd/design_1/ip/design_1_processing_system7_0_0/design_1_processing_system7_0_0/design_1_processing_system7_0_0_in_context.xdc, line 8).
Applied set_property CLOCK_BUFFER_TYPE = NONE for DDR_addr[12]. (constraint file  /home/pjs/Desktop/smollm2-zybo/hw/vivado_project/GPTalk.gen/sources_1/bd/design_1/ip/design_1_processing_system7_0_0/design_1_processing_system7_0_0/design_1_processing_system7_0_0_in_context.xdc, line 9).
Applied set_property IO_BUFFER_TYPE = NONE for DDR_addr[13]. (constraint file  /home/pjs/Desktop/smollm2-zybo/hw/vivado_project/GPTalk.gen/sources_1/bd/design_1/ip/design_1_processing_system7_0_0/design_1_processing_system7_0_0/design_1_processing_system7_0_0_in_context.xdc, line 10).
Applied set_property CLOCK_BUFFER_TYPE = NONE for DDR_addr[13]. (constraint file  /home/pjs/Desktop/smollm2-zybo/hw/vivado_project/GPTalk.gen/sources_1/bd/design_1/ip/design_1_processing_system7_0_0/design_1_processing_system7_0_0/design_1_processing_system7_0_0_in_context.xdc, line 11).
Applied set_property IO_BUFFER_TYPE = NONE for DDR_addr[14]. (constraint file  /home/pjs/Desktop/smollm2-zybo/hw/vivado_project/GPTalk.gen/sources_1/bd/design_1/ip/design_1_processing_system7_0_0/design_1_processing_system7_0_0/design_1_processing_system7_0_0_in_context.xdc, line 12).
Applied set_property CLOCK_BUFFER_TYPE = NONE for DDR_addr[14]. (constraint file  /home/pjs/Desktop/smollm2-zybo/hw/vivado_project/GPTalk.gen/sources_1/bd/design_1/ip/design_1_processing_system7_0_0/design_1_processing_system7_0_0/design_1_processing_system7_0_0_in_context.xdc, line 13).
Applied set_property IO_BUFFER_TYPE = NONE for DDR_addr[1]. (constraint file  /home/pjs/Desktop/smollm2-zybo/hw/vivado_project/GPTalk.gen/sources_1/bd/design_1/ip/design_1_processing_system7_0_0/design_1_processing_system7_0_0/design_1_processing_system7_0_0_in_context.xdc, line 14).
Applied set_property CLOCK_BUFFER_TYPE = NONE for DDR_addr[1]. (constraint file  /home/pjs/Desktop/smollm2-zybo/hw/vivado_project/GPTalk.gen/sources_1/bd/design_1/ip/design_1_processing_system7_0_0/design_1_processing_system7_0_0/design_1_processing_system7_0_0_in_context.xdc, line 15).
Applied set_property IO_BUFFER_TYPE = NONE for DDR_addr[2]. (constraint file  /home/pjs/Desktop/smollm2-zybo/hw/vivado_project/GPTalk.gen/sources_1/bd/design_1/ip/design_1_processing_system7_0_0/design_1_processing_system7_0_0/design_1_processing_system7_0_0_in_context.xdc, line 16).
Applied set_property CLOCK_BUFFER_TYPE = NONE for DDR_addr[2]. (constraint file  /home/pjs/Desktop/smollm2-zybo/hw/vivado_project/GPTalk.gen/sources_1/bd/design_1/ip/design_1_processing_system7_0_0/design_1_processing_system7_0_0/design_1_processing_system7_0_0_in_context.xdc, line 17).
Applied set_property IO_BUFFER_TYPE = NONE for DDR_addr[3]. (constraint file  /home/pjs/Desktop/smollm2-zybo/hw/vivado_project/GPTalk.gen/sources_1/bd/design_1/ip/design_1_processing_system7_0_0/design_1_processing_system7_0_0/design_1_processing_system7_0_0_in_context.xdc, line 18).
Applied set_property CLOCK_BUFFER_TYPE = NONE for DDR_addr[3]. (constraint file  /home/pjs/Desktop/smollm2-zybo/hw/vivado_project/GPTalk.gen/sources_1/bd/design_1/ip/design_1_processing_system7_0_0/design_1_processing_system7_0_0/design_1_processing_system7_0_0_in_context.xdc, line 19).
Applied set_property IO_BUFFER_TYPE = NONE for DDR_addr[4]. (constraint file  /home/pjs/Desktop/smollm2-zybo/hw/vivado_project/GPTalk.gen/sources_1/bd/design_1/ip/design_1_processing_system7_0_0/design_1_processing_system7_0_0/design_1_processing_system7_0_0_in_context.xdc, line 20).
Applied set_property CLOCK_BUFFER_TYPE = NONE for DDR_addr[4]. (constraint file  /home/pjs/Desktop/smollm2-zybo/hw/vivado_project/GPTalk.gen/sources_1/bd/design_1/ip/design_1_processing_system7_0_0/design_1_processing_system7_0_0/design_1_processing_system7_0_0_in_context.xdc, line 21).
Applied set_property IO_BUFFER_TYPE = NONE for DDR_addr[5]. (constraint file  /home/pjs/Desktop/smollm2-zybo/hw/vivado_project/GPTalk.gen/sources_1/bd/design_1/ip/design_1_processing_system7_0_0/design_1_processing_system7_0_0/design_1_processing_system7_0_0_in_context.xdc, line 22).
Applied set_property CLOCK_BUFFER_TYPE = NONE for DDR_addr[5]. (constraint file  /home/pjs/Desktop/smollm2-zybo/hw/vivado_project/GPTalk.gen/sources_1/bd/design_1/ip/design_1_processing_system7_0_0/design_1_processing_system7_0_0/design_1_processing_system7_0_0_in_context.xdc, line 23).
Applied set_property IO_BUFFER_TYPE = NONE for DDR_addr[6]. (constraint file  /home/pjs/Desktop/smollm2-zybo/hw/vivado_project/GPTalk.gen/sources_1/bd/design_1/ip/design_1_processing_system7_0_0/design_1_processing_system7_0_0/design_1_processing_system7_0_0_in_context.xdc, line 24).
Applied set_property CLOCK_BUFFER_TYPE = NONE for DDR_addr[6]. (constraint file  /home/pjs/Desktop/smollm2-zybo/hw/vivado_project/GPTalk.gen/sources_1/bd/design_1/ip/design_1_processing_system7_0_0/design_1_processing_system7_0_0/design_1_processing_system7_0_0_in_context.xdc, line 25).
Applied set_property IO_BUFFER_TYPE = NONE for DDR_addr[7]. (constraint file  /home/pjs/Desktop/smollm2-zybo/hw/vivado_project/GPTalk.gen/sources_1/bd/design_1/ip/design_1_processing_system7_0_0/design_1_processing_system7_0_0/design_1_processing_system7_0_0_in_context.xdc, line 26).
Applied set_property CLOCK_BUFFER_TYPE = NONE for DDR_addr[7]. (constraint file  /home/pjs/Desktop/smollm2-zybo/hw/vivado_project/GPTalk.gen/sources_1/bd/design_1/ip/design_1_processing_system7_0_0/design_1_processing_system7_0_0/design_1_processing_system7_0_0_in_context.xdc, line 27).
Applied set_property IO_BUFFER_TYPE = NONE for DDR_addr[8]. (constraint file  /home/pjs/Desktop/smollm2-zybo/hw/vivado_project/GPTalk.gen/sources_1/bd/design_1/ip/design_1_processing_system7_0_0/design_1_processing_system7_0_0/design_1_processing_system7_0_0_in_context.xdc, line 28).
Applied set_property CLOCK_BUFFER_TYPE = NONE for DDR_addr[8]. (constraint file  /home/pjs/Desktop/smollm2-zybo/hw/vivado_project/GPTalk.gen/sources_1/bd/design_1/ip/design_1_processing_system7_0_0/design_1_processing_system7_0_0/design_1_processing_system7_0_0_in_context.xdc, line 29).
Applied set_property IO_BUFFER_TYPE = NONE for DDR_addr[9]. (constraint file  /home/pjs/Desktop/smollm2-zybo/hw/vivado_project/GPTalk.gen/sources_1/bd/design_1/ip/design_1_processing_system7_0_0/design_1_processing_system7_0_0/design_1_processing_system7_0_0_in_context.xdc, line 30).
Applied set_property CLOCK_BUFFER_TYPE = NONE for DDR_addr[9]. (constraint file  /home/pjs/Desktop/smollm2-zybo/hw/vivado_project/GPTalk.gen/sources_1/bd/design_1/ip/design_1_processing_system7_0_0/design_1_processing_system7_0_0/design_1_processing_system7_0_0_in_context.xdc, line 31).
Applied set_property IO_BUFFER_TYPE = NONE for DDR_ba[0]. (constraint file  /home/pjs/Desktop/smollm2-zybo/hw/vivado_project/GPTalk.gen/sources_1/bd/design_1/ip/design_1_processing_system7_0_0/design_1_processing_system7_0_0/design_1_processing_system7_0_0_in_context.xdc, line 32).
Applied set_property CLOCK_BUFFER_TYPE = NONE for DDR_ba[0]. (constraint file  /home/pjs/Desktop/smollm2-zybo/hw/vivado_project/GPTalk.gen/sources_1/bd/design_1/ip/design_1_processing_system7_0_0/design_1_processing_system7_0_0/design_1_processing_system7_0_0_in_context.xdc, line 33).
Applied set_property IO_BUFFER_TYPE = NONE for DDR_ba[1]. (constraint file  /home/pjs/Desktop/smollm2-zybo/hw/vivado_project/GPTalk.gen/sources_1/bd/design_1/ip/design_1_processing_system7_0_0/design_1_processing_system7_0_0/design_1_processing_system7_0_0_in_context.xdc, line 34).
Applied set_property CLOCK_BUFFER_TYPE = NONE for DDR_ba[1]. (constraint file  /home/pjs/Desktop/smollm2-zybo/hw/vivado_project/GPTalk.gen/sources_1/bd/design_1/ip/design_1_processing_system7_0_0/design_1_processing_system7_0_0/design_1_processing_system7_0_0_in_context.xdc, line 35).
Applied set_property IO_BUFFER_TYPE = NONE for DDR_ba[2]. (constraint file  /home/pjs/Desktop/smollm2-zybo/hw/vivado_project/GPTalk.gen/sources_1/bd/design_1/ip/design_1_processing_system7_0_0/design_1_processing_system7_0_0/design_1_processing_system7_0_0_in_context.xdc, line 36).
Applied set_property CLOCK_BUFFER_TYPE = NONE for DDR_ba[2]. (constraint file  /home/pjs/Desktop/smollm2-zybo/hw/vivado_project/GPTalk.gen/sources_1/bd/design_1/ip/design_1_processing_system7_0_0/design_1_processing_system7_0_0/design_1_processing_system7_0_0_in_context.xdc, line 37).
Applied set_property IO_BUFFER_TYPE = NONE for DDR_cas_n. (constraint file  /home/pjs/Desktop/smollm2-zybo/hw/vivado_project/GPTalk.gen/sources_1/bd/design_1/ip/design_1_processing_system7_0_0/design_1_processing_system7_0_0/design_1_processing_system7_0_0_in_context.xdc, line 38).
Applied set_property CLOCK_BUFFER_TYPE = NONE for DDR_cas_n. (constraint file  /home/pjs/Desktop/smollm2-zybo/hw/vivado_project/GPTalk.gen/sources_1/bd/design_1/ip/design_1_processing_system7_0_0/design_1_processing_system7_0_0/design_1_processing_system7_0_0_in_context.xdc, line 39).
Applied set_property IO_BUFFER_TYPE = NONE for DDR_cke. (constraint file  /home/pjs/Desktop/smollm2-zybo/hw/vivado_project/GPTalk.gen/sources_1/bd/design_1/ip/design_1_processing_system7_0_0/design_1_processing_system7_0_0/design_1_processing_system7_0_0_in_context.xdc, line 40).
Applied set_property CLOCK_BUFFER_TYPE = NONE for DDR_cke. (constraint file  /home/pjs/Desktop/smollm2-zybo/hw/vivado_project/GPTalk.gen/sources_1/bd/design_1/ip/design_1_processing_system7_0_0/design_1_processing_system7_0_0/design_1_processing_system7_0_0_in_context.xdc, line 41).
Applied set_property IO_BUFFER_TYPE = NONE for DDR_cs_n. (constraint file  /home/pjs/Desktop/smollm2-zybo/hw/vivado_project/GPTalk.gen/sources_1/bd/design_1/ip/design_1_processing_system7_0_0/design_1_processing_system7_0_0/design_1_processing_system7_0_0_in_context.xdc, line 42).
Applied set_property CLOCK_BUFFER_TYPE = NONE for DDR_cs_n. (constraint file  /home/pjs/Desktop/smollm2-zybo/hw/vivado_project/GPTalk.gen/sources_1/bd/design_1/ip/design_1_processing_system7_0_0/design_1_processing_system7_0_0/design_1_processing_system7_0_0_in_context.xdc, line 43).
Applied set_property IO_BUFFER_TYPE = NONE for DDR_ck_p. (constraint file  /home/pjs/Desktop/smollm2-zybo/hw/vivado_project/GPTalk.gen/sources_1/bd/design_1/ip/design_1_processing_system7_0_0/design_1_processing_system7_0_0/design_1_processing_system7_0_0_in_context.xdc, line 44).
Applied set_property CLOCK_BUFFER_TYPE = NONE for DDR_ck_p. (constraint file  /home/pjs/Desktop/smollm2-zybo/hw/vivado_project/GPTalk.gen/sources_1/bd/design_1/ip/design_1_processing_system7_0_0/design_1_processing_system7_0_0/design_1_processing_system7_0_0_in_context.xdc, line 45).
Applied set_property IO_BUFFER_TYPE = NONE for DDR_ck_n. (constraint file  /home/pjs/Desktop/smollm2-zybo/hw/vivado_project/GPTalk.gen/sources_1/bd/design_1/ip/design_1_processing_system7_0_0/design_1_processing_system7_0_0/design_1_processing_system7_0_0_in_context.xdc, line 46).
Applied set_property CLOCK_BUFFER_TYPE = NONE for DDR_ck_n. (constraint file  /home/pjs/Desktop/smollm2-zybo/hw/vivado_project/GPTalk.gen/sources_1/bd/design_1/ip/design_1_processing_system7_0_0/design_1_processing_system7_0_0/design_1_processing_system7_0_0_in_context.xdc, line 47).
Applied set_property IO_BUFFER_TYPE = NONE for DDR_dm[0]. (constraint file  /home/pjs/Desktop/smollm2-zybo/hw/vivado_project/GPTalk.gen/sources_1/bd/design_1/ip/design_1_processing_system7_0_0/design_1_processing_system7_0_0/design_1_processing_system7_0_0_in_context.xdc, line 48).
Applied set_property CLOCK_BUFFER_TYPE = NONE for DDR_dm[0]. (constraint file  /home/pjs/Desktop/smollm2-zybo/hw/vivado_project/GPTalk.gen/sources_1/bd/design_1/ip/design_1_processing_system7_0_0/design_1_processing_system7_0_0/design_1_processing_system7_0_0_in_context.xdc, line 49).
Applied set_property IO_BUFFER_TYPE = NONE for DDR_dm[1]. (constraint file  /home/pjs/Desktop/smollm2-zybo/hw/vivado_project/GPTalk.gen/sources_1/bd/design_1/ip/design_1_processing_system7_0_0/design_1_processing_system7_0_0/design_1_processing_system7_0_0_in_context.xdc, line 50).
Applied set_property CLOCK_BUFFER_TYPE = NONE for DDR_dm[1]. (constraint file  /home/pjs/Desktop/smollm2-zybo/hw/vivado_project/GPTalk.gen/sources_1/bd/design_1/ip/design_1_processing_system7_0_0/design_1_processing_system7_0_0/design_1_processing_system7_0_0_in_context.xdc, line 51).
Applied set_property IO_BUFFER_TYPE = NONE for DDR_dm[2]. (constraint file  /home/pjs/Desktop/smollm2-zybo/hw/vivado_project/GPTalk.gen/sources_1/bd/design_1/ip/design_1_processing_system7_0_0/design_1_processing_system7_0_0/design_1_processing_system7_0_0_in_context.xdc, line 52).
Applied set_property CLOCK_BUFFER_TYPE = NONE for DDR_dm[2]. (constraint file  /home/pjs/Desktop/smollm2-zybo/hw/vivado_project/GPTalk.gen/sources_1/bd/design_1/ip/design_1_processing_system7_0_0/design_1_processing_system7_0_0/design_1_processing_system7_0_0_in_context.xdc, line 53).
Applied set_property IO_BUFFER_TYPE = NONE for DDR_dm[3]. (constraint file  /home/pjs/Desktop/smollm2-zybo/hw/vivado_project/GPTalk.gen/sources_1/bd/design_1/ip/design_1_processing_system7_0_0/design_1_processing_system7_0_0/design_1_processing_system7_0_0_in_context.xdc, line 54).
Applied set_property CLOCK_BUFFER_TYPE = NONE for DDR_dm[3]. (constraint file  /home/pjs/Desktop/smollm2-zybo/hw/vivado_project/GPTalk.gen/sources_1/bd/design_1/ip/design_1_processing_system7_0_0/design_1_processing_system7_0_0/design_1_processing_system7_0_0_in_context.xdc, line 55).
Applied set_property IO_BUFFER_TYPE = NONE for DDR_dqs_p[0]. (constraint file  /home/pjs/Desktop/smollm2-zybo/hw/vivado_project/GPTalk.gen/sources_1/bd/design_1/ip/design_1_processing_system7_0_0/design_1_processing_system7_0_0/design_1_processing_system7_0_0_in_context.xdc, line 56).
Applied set_property CLOCK_BUFFER_TYPE = NONE for DDR_dqs_p[0]. (constraint file  /home/pjs/Desktop/smollm2-zybo/hw/vivado_project/GPTalk.gen/sources_1/bd/design_1/ip/design_1_processing_system7_0_0/design_1_processing_system7_0_0/design_1_processing_system7_0_0_in_context.xdc, line 57).
Applied set_property IO_BUFFER_TYPE = NONE for DDR_dqs_p[1]. (constraint file  /home/pjs/Desktop/smollm2-zybo/hw/vivado_project/GPTalk.gen/sources_1/bd/design_1/ip/design_1_processing_system7_0_0/design_1_processing_system7_0_0/design_1_processing_system7_0_0_in_context.xdc, line 58).
Applied set_property CLOCK_BUFFER_TYPE = NONE for DDR_dqs_p[1]. (constraint file  /home/pjs/Desktop/smollm2-zybo/hw/vivado_project/GPTalk.gen/sources_1/bd/design_1/ip/design_1_processing_system7_0_0/design_1_processing_system7_0_0/design_1_processing_system7_0_0_in_context.xdc, line 59).
Applied set_property IO_BUFFER_TYPE = NONE for DDR_dqs_p[2]. (constraint file  /home/pjs/Desktop/smollm2-zybo/hw/vivado_project/GPTalk.gen/sources_1/bd/design_1/ip/design_1_processing_system7_0_0/design_1_processing_system7_0_0/design_1_processing_system7_0_0_in_context.xdc, line 60).
Applied set_property CLOCK_BUFFER_TYPE = NONE for DDR_dqs_p[2]. (constraint file  /home/pjs/Desktop/smollm2-zybo/hw/vivado_project/GPTalk.gen/sources_1/bd/design_1/ip/design_1_processing_system7_0_0/design_1_processing_system7_0_0/design_1_processing_system7_0_0_in_context.xdc, line 61).
Applied set_property IO_BUFFER_TYPE = NONE for DDR_dqs_p[3]. (constraint file  /home/pjs/Desktop/smollm2-zybo/hw/vivado_project/GPTalk.gen/sources_1/bd/design_1/ip/design_1_processing_system7_0_0/design_1_processing_system7_0_0/design_1_processing_system7_0_0_in_context.xdc, line 62).
Applied set_property CLOCK_BUFFER_TYPE = NONE for DDR_dqs_p[3]. (constraint file  /home/pjs/Desktop/smollm2-zybo/hw/vivado_project/GPTalk.gen/sources_1/bd/design_1/ip/design_1_processing_system7_0_0/design_1_processing_system7_0_0/design_1_processing_system7_0_0_in_context.xdc, line 63).
Applied set_property IO_BUFFER_TYPE = NONE for DDR_dqs_n[0]. (constraint file  /home/pjs/Desktop/smollm2-zybo/hw/vivado_project/GPTalk.gen/sources_1/bd/design_1/ip/design_1_processing_system7_0_0/design_1_processing_system7_0_0/design_1_processing_system7_0_0_in_context.xdc, line 64).
Applied set_property CLOCK_BUFFER_TYPE = NONE for DDR_dqs_n[0]. (constraint file  /home/pjs/Desktop/smollm2-zybo/hw/vivado_project/GPTalk.gen/sources_1/bd/design_1/ip/design_1_processing_system7_0_0/design_1_processing_system7_0_0/design_1_processing_system7_0_0_in_context.xdc, line 65).
Applied set_property IO_BUFFER_TYPE = NONE for DDR_dqs_n[1]. (constraint file  /home/pjs/Desktop/smollm2-zybo/hw/vivado_project/GPTalk.gen/sources_1/bd/design_1/ip/design_1_processing_system7_0_0/design_1_processing_system7_0_0/design_1_processing_system7_0_0_in_context.xdc, line 66).
Applied set_property CLOCK_BUFFER_TYPE = NONE for DDR_dqs_n[1]. (constraint file  /home/pjs/Desktop/smollm2-zybo/hw/vivado_project/GPTalk.gen/sources_1/bd/design_1/ip/design_1_processing_system7_0_0/design_1_processing_system7_0_0/design_1_processing_system7_0_0_in_context.xdc, line 67).
Applied set_property IO_BUFFER_TYPE = NONE for DDR_dqs_n[2]. (constraint file  /home/pjs/Desktop/smollm2-zybo/hw/vivado_project/GPTalk.gen/sources_1/bd/design_1/ip/design_1_processing_system7_0_0/design_1_processing_system7_0_0/design_1_processing_system7_0_0_in_context.xdc, line 68).
Applied set_property CLOCK_BUFFER_TYPE = NONE for DDR_dqs_n[2]. (constraint file  /home/pjs/Desktop/smollm2-zybo/hw/vivado_project/GPTalk.gen/sources_1/bd/design_1/ip/design_1_processing_system7_0_0/design_1_processing_system7_0_0/design_1_processing_system7_0_0_in_context.xdc, line 69).
Applied set_property IO_BUFFER_TYPE = NONE for DDR_dqs_n[3]. (constraint file  /home/pjs/Desktop/smollm2-zybo/hw/vivado_project/GPTalk.gen/sources_1/bd/design_1/ip/design_1_processing_system7_0_0/design_1_processing_system7_0_0/design_1_processing_system7_0_0_in_context.xdc, line 70).
Applied set_property CLOCK_BUFFER_TYPE = NONE for DDR_dqs_n[3]. (constraint file  /home/pjs/Desktop/smollm2-zybo/hw/vivado_project/GPTalk.gen/sources_1/bd/design_1/ip/design_1_processing_system7_0_0/design_1_processing_system7_0_0/design_1_processing_system7_0_0_in_context.xdc, line 71).
Applied set_property IO_BUFFER_TYPE = NONE for DDR_dq[0]. (constraint file  /home/pjs/Desktop/smollm2-zybo/hw/vivado_project/GPTalk.gen/sources_1/bd/design_1/ip/design_1_processing_system7_0_0/design_1_processing_system7_0_0/design_1_processing_system7_0_0_in_context.xdc, line 72).
Applied set_property CLOCK_BUFFER_TYPE = NONE for DDR_dq[0]. (constraint file  /home/pjs/Desktop/smollm2-zybo/hw/vivado_project/GPTalk.gen/sources_1/bd/design_1/ip/design_1_processing_system7_0_0/design_1_processing_system7_0_0/design_1_processing_system7_0_0_in_context.xdc, line 73).
Applied set_property IO_BUFFER_TYPE = NONE for DDR_dq[10]. (constraint file  /home/pjs/Desktop/smollm2-zybo/hw/vivado_project/GPTalk.gen/sources_1/bd/design_1/ip/design_1_processing_system7_0_0/design_1_processing_system7_0_0/design_1_processing_system7_0_0_in_context.xdc, line 74).
Applied set_property CLOCK_BUFFER_TYPE = NONE for DDR_dq[10]. (constraint file  /home/pjs/Desktop/smollm2-zybo/hw/vivado_project/GPTalk.gen/sources_1/bd/design_1/ip/design_1_processing_system7_0_0/design_1_processing_system7_0_0/design_1_processing_system7_0_0_in_context.xdc, line 75).
Applied set_property IO_BUFFER_TYPE = NONE for DDR_dq[11]. (constraint file  /home/pjs/Desktop/smollm2-zybo/hw/vivado_project/GPTalk.gen/sources_1/bd/design_1/ip/design_1_processing_system7_0_0/design_1_processing_system7_0_0/design_1_processing_system7_0_0_in_context.xdc, line 76).
Applied set_property CLOCK_BUFFER_TYPE = NONE for DDR_dq[11]. (constraint file  /home/pjs/Desktop/smollm2-zybo/hw/vivado_project/GPTalk.gen/sources_1/bd/design_1/ip/design_1_processing_system7_0_0/design_1_processing_system7_0_0/design_1_processing_system7_0_0_in_context.xdc, line 77).
Applied set_property IO_BUFFER_TYPE = NONE for DDR_dq[12]. (constraint file  /home/pjs/Desktop/smollm2-zybo/hw/vivado_project/GPTalk.gen/sources_1/bd/design_1/ip/design_1_processing_system7_0_0/design_1_processing_system7_0_0/design_1_processing_system7_0_0_in_context.xdc, line 78).
Applied set_property CLOCK_BUFFER_TYPE = NONE for DDR_dq[12]. (constraint file  /home/pjs/Desktop/smollm2-zybo/hw/vivado_project/GPTalk.gen/sources_1/bd/design_1/ip/design_1_processing_system7_0_0/design_1_processing_system7_0_0/design_1_processing_system7_0_0_in_context.xdc, line 79).
Applied set_property IO_BUFFER_TYPE = NONE for DDR_dq[13]. (constraint file  /home/pjs/Desktop/smollm2-zybo/hw/vivado_project/GPTalk.gen/sources_1/bd/design_1/ip/design_1_processing_system7_0_0/design_1_processing_system7_0_0/design_1_processing_system7_0_0_in_context.xdc, line 80).
Applied set_property CLOCK_BUFFER_TYPE = NONE for DDR_dq[13]. (constraint file  /home/pjs/Desktop/smollm2-zybo/hw/vivado_project/GPTalk.gen/sources_1/bd/design_1/ip/design_1_processing_system7_0_0/design_1_processing_system7_0_0/design_1_processing_system7_0_0_in_context.xdc, line 81).
Applied set_property IO_BUFFER_TYPE = NONE for DDR_dq[14]. (constraint file  /home/pjs/Desktop/smollm2-zybo/hw/vivado_project/GPTalk.gen/sources_1/bd/design_1/ip/design_1_processing_system7_0_0/design_1_processing_system7_0_0/design_1_processing_system7_0_0_in_context.xdc, line 82).
Applied set_property CLOCK_BUFFER_TYPE = NONE for DDR_dq[14]. (constraint file  /home/pjs/Desktop/smollm2-zybo/hw/vivado_project/GPTalk.gen/sources_1/bd/design_1/ip/design_1_processing_system7_0_0/design_1_processing_system7_0_0/design_1_processing_system7_0_0_in_context.xdc, line 83).
Applied set_property IO_BUFFER_TYPE = NONE for DDR_dq[15]. (constraint file  /home/pjs/Desktop/smollm2-zybo/hw/vivado_project/GPTalk.gen/sources_1/bd/design_1/ip/design_1_processing_system7_0_0/design_1_processing_system7_0_0/design_1_processing_system7_0_0_in_context.xdc, line 84).
Applied set_property CLOCK_BUFFER_TYPE = NONE for DDR_dq[15]. (constraint file  /home/pjs/Desktop/smollm2-zybo/hw/vivado_project/GPTalk.gen/sources_1/bd/design_1/ip/design_1_processing_system7_0_0/design_1_processing_system7_0_0/design_1_processing_system7_0_0_in_context.xdc, line 85).
Applied set_property IO_BUFFER_TYPE = NONE for DDR_dq[16]. (constraint file  /home/pjs/Desktop/smollm2-zybo/hw/vivado_project/GPTalk.gen/sources_1/bd/design_1/ip/design_1_processing_system7_0_0/design_1_processing_system7_0_0/design_1_processing_system7_0_0_in_context.xdc, line 86).
Applied set_property CLOCK_BUFFER_TYPE = NONE for DDR_dq[16]. (constraint file  /home/pjs/Desktop/smollm2-zybo/hw/vivado_project/GPTalk.gen/sources_1/bd/design_1/ip/design_1_processing_system7_0_0/design_1_processing_system7_0_0/design_1_processing_system7_0_0_in_context.xdc, line 87).
Applied set_property IO_BUFFER_TYPE = NONE for DDR_dq[17]. (constraint file  /home/pjs/Desktop/smollm2-zybo/hw/vivado_project/GPTalk.gen/sources_1/bd/design_1/ip/design_1_processing_system7_0_0/design_1_processing_system7_0_0/design_1_processing_system7_0_0_in_context.xdc, line 88).
Applied set_property CLOCK_BUFFER_TYPE = NONE for DDR_dq[17]. (constraint file  /home/pjs/Desktop/smollm2-zybo/hw/vivado_project/GPTalk.gen/sources_1/bd/design_1/ip/design_1_processing_system7_0_0/design_1_processing_system7_0_0/design_1_processing_system7_0_0_in_context.xdc, line 89).
Applied set_property IO_BUFFER_TYPE = NONE for DDR_dq[18]. (constraint file  /home/pjs/Desktop/smollm2-zybo/hw/vivado_project/GPTalk.gen/sources_1/bd/design_1/ip/design_1_processing_system7_0_0/design_1_processing_system7_0_0/design_1_processing_system7_0_0_in_context.xdc, line 90).
Applied set_property CLOCK_BUFFER_TYPE = NONE for DDR_dq[18]. (constraint file  /home/pjs/Desktop/smollm2-zybo/hw/vivado_project/GPTalk.gen/sources_1/bd/design_1/ip/design_1_processing_system7_0_0/design_1_processing_system7_0_0/design_1_processing_system7_0_0_in_context.xdc, line 91).
Applied set_property IO_BUFFER_TYPE = NONE for DDR_dq[19]. (constraint file  /home/pjs/Desktop/smollm2-zybo/hw/vivado_project/GPTalk.gen/sources_1/bd/design_1/ip/design_1_processing_system7_0_0/design_1_processing_system7_0_0/design_1_processing_system7_0_0_in_context.xdc, line 92).
Applied set_property CLOCK_BUFFER_TYPE = NONE for DDR_dq[19]. (constraint file  /home/pjs/Desktop/smollm2-zybo/hw/vivado_project/GPTalk.gen/sources_1/bd/design_1/ip/design_1_processing_system7_0_0/design_1_processing_system7_0_0/design_1_processing_system7_0_0_in_context.xdc, line 93).
Applied set_property IO_BUFFER_TYPE = NONE for DDR_dq[1]. (constraint file  /home/pjs/Desktop/smollm2-zybo/hw/vivado_project/GPTalk.gen/sources_1/bd/design_1/ip/design_1_processing_system7_0_0/design_1_processing_system7_0_0/design_1_processing_system7_0_0_in_context.xdc, line 94).
Applied set_property CLOCK_BUFFER_TYPE = NONE for DDR_dq[1]. (constraint file  /home/pjs/Desktop/smollm2-zybo/hw/vivado_project/GPTalk.gen/sources_1/bd/design_1/ip/design_1_processing_system7_0_0/design_1_processing_system7_0_0/design_1_processing_system7_0_0_in_context.xdc, line 95).
Applied set_property IO_BUFFER_TYPE = NONE for DDR_dq[20]. (constraint file  /home/pjs/Desktop/smollm2-zybo/hw/vivado_project/GPTalk.gen/sources_1/bd/design_1/ip/design_1_processing_system7_0_0/design_1_processing_system7_0_0/design_1_processing_system7_0_0_in_context.xdc, line 96).
Applied set_property CLOCK_BUFFER_TYPE = NONE for DDR_dq[20]. (constraint file  /home/pjs/Desktop/smollm2-zybo/hw/vivado_project/GPTalk.gen/sources_1/bd/design_1/ip/design_1_processing_system7_0_0/design_1_processing_system7_0_0/design_1_processing_system7_0_0_in_context.xdc, line 97).
Applied set_property IO_BUFFER_TYPE = NONE for DDR_dq[21]. (constraint file  /home/pjs/Desktop/smollm2-zybo/hw/vivado_project/GPTalk.gen/sources_1/bd/design_1/ip/design_1_processing_system7_0_0/design_1_processing_system7_0_0/design_1_processing_system7_0_0_in_context.xdc, line 98).
Applied set_property CLOCK_BUFFER_TYPE = NONE for DDR_dq[21]. (constraint file  /home/pjs/Desktop/smollm2-zybo/hw/vivado_project/GPTalk.gen/sources_1/bd/design_1/ip/design_1_processing_system7_0_0/design_1_processing_system7_0_0/design_1_processing_system7_0_0_in_context.xdc, line 99).
Applied set_property IO_BUFFER_TYPE = NONE for DDR_dq[22]. (constraint file  /home/pjs/Desktop/smollm2-zybo/hw/vivado_project/GPTalk.gen/sources_1/bd/design_1/ip/design_1_processing_system7_0_0/design_1_processing_system7_0_0/design_1_processing_system7_0_0_in_context.xdc, line 100).
Applied set_property CLOCK_BUFFER_TYPE = NONE for DDR_dq[22]. (constraint file  /home/pjs/Desktop/smollm2-zybo/hw/vivado_project/GPTalk.gen/sources_1/bd/design_1/ip/design_1_processing_system7_0_0/design_1_processing_system7_0_0/design_1_processing_system7_0_0_in_context.xdc, line 101).
Applied set_property IO_BUFFER_TYPE = NONE for DDR_dq[23]. (constraint file  /home/pjs/Desktop/smollm2-zybo/hw/vivado_project/GPTalk.gen/sources_1/bd/design_1/ip/design_1_processing_system7_0_0/design_1_processing_system7_0_0/design_1_processing_system7_0_0_in_context.xdc, line 102).
Applied set_property CLOCK_BUFFER_TYPE = NONE for DDR_dq[23]. (constraint file  /home/pjs/Desktop/smollm2-zybo/hw/vivado_project/GPTalk.gen/sources_1/bd/design_1/ip/design_1_processing_system7_0_0/design_1_processing_system7_0_0/design_1_processing_system7_0_0_in_context.xdc, line 103).
Applied set_property IO_BUFFER_TYPE = NONE for DDR_dq[24]. (constraint file  /home/pjs/Desktop/smollm2-zybo/hw/vivado_project/GPTalk.gen/sources_1/bd/design_1/ip/design_1_processing_system7_0_0/design_1_processing_system7_0_0/design_1_processing_system7_0_0_in_context.xdc, line 104).
Applied set_property CLOCK_BUFFER_TYPE = NONE for DDR_dq[24]. (constraint file  /home/pjs/Desktop/smollm2-zybo/hw/vivado_project/GPTalk.gen/sources_1/bd/design_1/ip/design_1_processing_system7_0_0/design_1_processing_system7_0_0/design_1_processing_system7_0_0_in_context.xdc, line 105).
Applied set_property IO_BUFFER_TYPE = NONE for DDR_dq[25]. (constraint file  /home/pjs/Desktop/smollm2-zybo/hw/vivado_project/GPTalk.gen/sources_1/bd/design_1/ip/design_1_processing_system7_0_0/design_1_processing_system7_0_0/design_1_processing_system7_0_0_in_context.xdc, line 106).
Applied set_property CLOCK_BUFFER_TYPE = NONE for DDR_dq[25]. (constraint file  /home/pjs/Desktop/smollm2-zybo/hw/vivado_project/GPTalk.gen/sources_1/bd/design_1/ip/design_1_processing_system7_0_0/design_1_processing_system7_0_0/design_1_processing_system7_0_0_in_context.xdc, line 107).
Applied set_property IO_BUFFER_TYPE = NONE for DDR_dq[26]. (constraint file  /home/pjs/Desktop/smollm2-zybo/hw/vivado_project/GPTalk.gen/sources_1/bd/design_1/ip/design_1_processing_system7_0_0/design_1_processing_system7_0_0/design_1_processing_system7_0_0_in_context.xdc, line 108).
Applied set_property CLOCK_BUFFER_TYPE = NONE for DDR_dq[26]. (constraint file  /home/pjs/Desktop/smollm2-zybo/hw/vivado_project/GPTalk.gen/sources_1/bd/design_1/ip/design_1_processing_system7_0_0/design_1_processing_system7_0_0/design_1_processing_system7_0_0_in_context.xdc, line 109).
Applied set_property IO_BUFFER_TYPE = NONE for DDR_dq[27]. (constraint file  /home/pjs/Desktop/smollm2-zybo/hw/vivado_project/GPTalk.gen/sources_1/bd/design_1/ip/design_1_processing_system7_0_0/design_1_processing_system7_0_0/design_1_processing_system7_0_0_in_context.xdc, line 110).
Applied set_property CLOCK_BUFFER_TYPE = NONE for DDR_dq[27]. (constraint file  /home/pjs/Desktop/smollm2-zybo/hw/vivado_project/GPTalk.gen/sources_1/bd/design_1/ip/design_1_processing_system7_0_0/design_1_processing_system7_0_0/design_1_processing_system7_0_0_in_context.xdc, line 111).
Applied set_property IO_BUFFER_TYPE = NONE for DDR_dq[28]. (constraint file  /home/pjs/Desktop/smollm2-zybo/hw/vivado_project/GPTalk.gen/sources_1/bd/design_1/ip/design_1_processing_system7_0_0/design_1_processing_system7_0_0/design_1_processing_system7_0_0_in_context.xdc, line 112).
Applied set_property CLOCK_BUFFER_TYPE = NONE for DDR_dq[28]. (constraint file  /home/pjs/Desktop/smollm2-zybo/hw/vivado_project/GPTalk.gen/sources_1/bd/design_1/ip/design_1_processing_system7_0_0/design_1_processing_system7_0_0/design_1_processing_system7_0_0_in_context.xdc, line 113).
Applied set_property IO_BUFFER_TYPE = NONE for DDR_dq[29]. (constraint file  /home/pjs/Desktop/smollm2-zybo/hw/vivado_project/GPTalk.gen/sources_1/bd/design_1/ip/design_1_processing_system7_0_0/design_1_processing_system7_0_0/design_1_processing_system7_0_0_in_context.xdc, line 114).
Applied set_property CLOCK_BUFFER_TYPE = NONE for DDR_dq[29]. (constraint file  /home/pjs/Desktop/smollm2-zybo/hw/vivado_project/GPTalk.gen/sources_1/bd/design_1/ip/design_1_processing_system7_0_0/design_1_processing_system7_0_0/design_1_processing_system7_0_0_in_context.xdc, line 115).
Applied set_property IO_BUFFER_TYPE = NONE for DDR_dq[2]. (constraint file  /home/pjs/Desktop/smollm2-zybo/hw/vivado_project/GPTalk.gen/sources_1/bd/design_1/ip/design_1_processing_system7_0_0/design_1_processing_system7_0_0/design_1_processing_system7_0_0_in_context.xdc, line 116).
Applied set_property CLOCK_BUFFER_TYPE = NONE for DDR_dq[2]. (constraint file  /home/pjs/Desktop/smollm2-zybo/hw/vivado_project/GPTalk.gen/sources_1/bd/design_1/ip/design_1_processing_system7_0_0/design_1_processing_system7_0_0/design_1_processing_system7_0_0_in_context.xdc, line 117).
Applied set_property IO_BUFFER_TYPE = NONE for DDR_dq[30]. (constraint file  /home/pjs/Desktop/smollm2-zybo/hw/vivado_project/GPTalk.gen/sources_1/bd/design_1/ip/design_1_processing_system7_0_0/design_1_processing_system7_0_0/design_1_processing_system7_0_0_in_context.xdc, line 118).
Applied set_property CLOCK_BUFFER_TYPE = NONE for DDR_dq[30]. (constraint file  /home/pjs/Desktop/smollm2-zybo/hw/vivado_project/GPTalk.gen/sources_1/bd/design_1/ip/design_1_processing_system7_0_0/design_1_processing_system7_0_0/design_1_processing_system7_0_0_in_context.xdc, line 119).
Applied set_property IO_BUFFER_TYPE = NONE for DDR_dq[31]. (constraint file  /home/pjs/Desktop/smollm2-zybo/hw/vivado_project/GPTalk.gen/sources_1/bd/design_1/ip/design_1_processing_system7_0_0/design_1_processing_system7_0_0/design_1_processing_system7_0_0_in_context.xdc, line 120).
Applied set_property CLOCK_BUFFER_TYPE = NONE for DDR_dq[31]. (constraint file  /home/pjs/Desktop/smollm2-zybo/hw/vivado_project/GPTalk.gen/sources_1/bd/design_1/ip/design_1_processing_system7_0_0/design_1_processing_system7_0_0/design_1_processing_system7_0_0_in_context.xdc, line 121).
Applied set_property IO_BUFFER_TYPE = NONE for DDR_dq[3]. (constraint file  /home/pjs/Desktop/smollm2-zybo/hw/vivado_project/GPTalk.gen/sources_1/bd/design_1/ip/design_1_processing_system7_0_0/design_1_processing_system7_0_0/design_1_processing_system7_0_0_in_context.xdc, line 122).
Applied set_property CLOCK_BUFFER_TYPE = NONE for DDR_dq[3]. (constraint file  /home/pjs/Desktop/smollm2-zybo/hw/vivado_project/GPTalk.gen/sources_1/bd/design_1/ip/design_1_processing_system7_0_0/design_1_processing_system7_0_0/design_1_processing_system7_0_0_in_context.xdc, line 123).
Applied set_property IO_BUFFER_TYPE = NONE for DDR_dq[4]. (constraint file  /home/pjs/Desktop/smollm2-zybo/hw/vivado_project/GPTalk.gen/sources_1/bd/design_1/ip/design_1_processing_system7_0_0/design_1_processing_system7_0_0/design_1_processing_system7_0_0_in_context.xdc, line 124).
Applied set_property CLOCK_BUFFER_TYPE = NONE for DDR_dq[4]. (constraint file  /home/pjs/Desktop/smollm2-zybo/hw/vivado_project/GPTalk.gen/sources_1/bd/design_1/ip/design_1_processing_system7_0_0/design_1_processing_system7_0_0/design_1_processing_system7_0_0_in_context.xdc, line 125).
Applied set_property IO_BUFFER_TYPE = NONE for DDR_dq[5]. (constraint file  /home/pjs/Desktop/smollm2-zybo/hw/vivado_project/GPTalk.gen/sources_1/bd/design_1/ip/design_1_processing_system7_0_0/design_1_processing_system7_0_0/design_1_processing_system7_0_0_in_context.xdc, line 126).
Applied set_property CLOCK_BUFFER_TYPE = NONE for DDR_dq[5]. (constraint file  /home/pjs/Desktop/smollm2-zybo/hw/vivado_project/GPTalk.gen/sources_1/bd/design_1/ip/design_1_processing_system7_0_0/design_1_processing_system7_0_0/design_1_processing_system7_0_0_in_context.xdc, line 127).
Applied set_property IO_BUFFER_TYPE = NONE for DDR_dq[6]. (constraint file  /home/pjs/Desktop/smollm2-zybo/hw/vivado_project/GPTalk.gen/sources_1/bd/design_1/ip/design_1_processing_system7_0_0/design_1_processing_system7_0_0/design_1_processing_system7_0_0_in_context.xdc, line 128).
Applied set_property CLOCK_BUFFER_TYPE = NONE for DDR_dq[6]. (constraint file  /home/pjs/Desktop/smollm2-zybo/hw/vivado_project/GPTalk.gen/sources_1/bd/design_1/ip/design_1_processing_system7_0_0/design_1_processing_system7_0_0/design_1_processing_system7_0_0_in_context.xdc, line 129).
Applied set_property IO_BUFFER_TYPE = NONE for DDR_dq[7]. (constraint file  /home/pjs/Desktop/smollm2-zybo/hw/vivado_project/GPTalk.gen/sources_1/bd/design_1/ip/design_1_processing_system7_0_0/design_1_processing_system7_0_0/design_1_processing_system7_0_0_in_context.xdc, line 130).
Applied set_property CLOCK_BUFFER_TYPE = NONE for DDR_dq[7]. (constraint file  /home/pjs/Desktop/smollm2-zybo/hw/vivado_project/GPTalk.gen/sources_1/bd/design_1/ip/design_1_processing_system7_0_0/design_1_processing_system7_0_0/design_1_processing_system7_0_0_in_context.xdc, line 131).
Applied set_property IO_BUFFER_TYPE = NONE for DDR_dq[8]. (constraint file  /home/pjs/Desktop/smollm2-zybo/hw/vivado_project/GPTalk.gen/sources_1/bd/design_1/ip/design_1_processing_system7_0_0/design_1_processing_system7_0_0/design_1_processing_system7_0_0_in_context.xdc, line 132).
Applied set_property CLOCK_BUFFER_TYPE = NONE for DDR_dq[8]. (constraint file  /home/pjs/Desktop/smollm2-zybo/hw/vivado_project/GPTalk.gen/sources_1/bd/design_1/ip/design_1_processing_system7_0_0/design_1_processing_system7_0_0/design_1_processing_system7_0_0_in_context.xdc, line 133).
Applied set_property IO_BUFFER_TYPE = NONE for DDR_dq[9]. (constraint file  /home/pjs/Desktop/smollm2-zybo/hw/vivado_project/GPTalk.gen/sources_1/bd/design_1/ip/design_1_processing_system7_0_0/design_1_processing_system7_0_0/design_1_processing_system7_0_0_in_context.xdc, line 134).
Applied set_property CLOCK_BUFFER_TYPE = NONE for DDR_dq[9]. (constraint file  /home/pjs/Desktop/smollm2-zybo/hw/vivado_project/GPTalk.gen/sources_1/bd/design_1/ip/design_1_processing_system7_0_0/design_1_processing_system7_0_0/design_1_processing_system7_0_0_in_context.xdc, line 135).
Applied set_property IO_BUFFER_TYPE = NONE for DDR_reset_n. (constraint file  /home/pjs/Desktop/smollm2-zybo/hw/vivado_project/GPTalk.gen/sources_1/bd/design_1/ip/design_1_processing_system7_0_0/design_1_processing_system7_0_0/design_1_processing_system7_0_0_in_context.xdc, line 136).
Applied set_property CLOCK_BUFFER_TYPE = NONE for DDR_reset_n. (constraint file  /home/pjs/Desktop/smollm2-zybo/hw/vivado_project/GPTalk.gen/sources_1/bd/design_1/ip/design_1_processing_system7_0_0/design_1_processing_system7_0_0/design_1_processing_system7_0_0_in_context.xdc, line 137).
Applied set_property IO_BUFFER_TYPE = NONE for DDR_odt. (constraint file  /home/pjs/Desktop/smollm2-zybo/hw/vivado_project/GPTalk.gen/sources_1/bd/design_1/ip/design_1_processing_system7_0_0/design_1_processing_system7_0_0/design_1_processing_system7_0_0_in_context.xdc, line 138).
Applied set_property CLOCK_BUFFER_TYPE = NONE for DDR_odt. (constraint file  /home/pjs/Desktop/smollm2-zybo/hw/vivado_project/GPTalk.gen/sources_1/bd/design_1/ip/design_1_processing_system7_0_0/design_1_processing_system7_0_0/design_1_processing_system7_0_0_in_context.xdc, line 139).
Applied set_property IO_BUFFER_TYPE = NONE for DDR_ras_n. (constraint file  /home/pjs/Desktop/smollm2-zybo/hw/vivado_project/GPTalk.gen/sources_1/bd/design_1/ip/design_1_processing_system7_0_0/design_1_processing_system7_0_0/design_1_processing_system7_0_0_in_context.xdc, line 140).
Applied set_property CLOCK_BUFFER_TYPE = NONE for DDR_ras_n. (constraint file  /home/pjs/Desktop/smollm2-zybo/hw/vivado_project/GPTalk.gen/sources_1/bd/design_1/ip/design_1_processing_system7_0_0/design_1_processing_system7_0_0/design_1_processing_system7_0_0_in_context.xdc, line 141).
Applied set_property IO_BUFFER_TYPE = NONE for FIXED_IO_ddr_vrn. (constraint file  /home/pjs/Desktop/smollm2-zybo/hw/vivado_project/GPTalk.gen/sources_1/bd/design_1/ip/design_1_processing_system7_0_0/design_1_processing_system7_0_0/design_1_processing_system7_0_0_in_context.xdc, line 142).
Applied set_property CLOCK_BUFFER_TYPE = NONE for FIXED_IO_ddr_vrn. (constraint file  /home/pjs/Desktop/smollm2-zybo/hw/vivado_project/GPTalk.gen/sources_1/bd/design_1/ip/design_1_processing_system7_0_0/design_1_processing_system7_0_0/design_1_processing_system7_0_0_in_context.xdc, line 143).
Applied set_property IO_BUFFER_TYPE = NONE for FIXED_IO_ddr_vrp. (constraint file  /home/pjs/Desktop/smollm2-zybo/hw/vivado_project/GPTalk.gen/sources_1/bd/design_1/ip/design_1_processing_system7_0_0/design_1_processing_system7_0_0/design_1_processing_system7_0_0_in_context.xdc, line 144).
Applied set_property CLOCK_BUFFER_TYPE = NONE for FIXED_IO_ddr_vrp. (constraint file  /home/pjs/Desktop/smollm2-zybo/hw/vivado_project/GPTalk.gen/sources_1/bd/design_1/ip/design_1_processing_system7_0_0/design_1_processing_system7_0_0/design_1_processing_system7_0_0_in_context.xdc, line 145).
Applied set_property IO_BUFFER_TYPE = NONE for DDR_we_n. (constraint file  /home/pjs/Desktop/smollm2-zybo/hw/vivado_project/GPTalk.gen/sources_1/bd/design_1/ip/design_1_processing_system7_0_0/design_1_processing_system7_0_0/design_1_processing_system7_0_0_in_context.xdc, line 146).
Applied set_property CLOCK_BUFFER_TYPE = NONE for DDR_we_n. (constraint file  /home/pjs/Desktop/smollm2-zybo/hw/vivado_project/GPTalk.gen/sources_1/bd/design_1/ip/design_1_processing_system7_0_0/design_1_processing_system7_0_0/design_1_processing_system7_0_0_in_context.xdc, line 147).
Applied set_property IO_BUFFER_TYPE = NONE for FIXED_IO_mio[0]. (constraint file  /home/pjs/Desktop/smollm2-zybo/hw/vivado_project/GPTalk.gen/sources_1/bd/design_1/ip/design_1_processing_system7_0_0/design_1_processing_system7_0_0/design_1_processing_system7_0_0_in_context.xdc, line 148).
Applied set_property CLOCK_BUFFER_TYPE = NONE for FIXED_IO_mio[0]. (constraint file  /home/pjs/Desktop/smollm2-zybo/hw/vivado_project/GPTalk.gen/sources_1/bd/design_1/ip/design_1_processing_system7_0_0/design_1_processing_system7_0_0/design_1_processing_system7_0_0_in_context.xdc, line 149).
Applied set_property IO_BUFFER_TYPE = NONE for FIXED_IO_mio[10]. (constraint file  /home/pjs/Desktop/smollm2-zybo/hw/vivado_project/GPTalk.gen/sources_1/bd/design_1/ip/design_1_processing_system7_0_0/design_1_processing_system7_0_0/design_1_processing_system7_0_0_in_context.xdc, line 150).
Applied set_property CLOCK_BUFFER_TYPE = NONE for FIXED_IO_mio[10]. (constraint file  /home/pjs/Desktop/smollm2-zybo/hw/vivado_project/GPTalk.gen/sources_1/bd/design_1/ip/design_1_processing_system7_0_0/design_1_processing_system7_0_0/design_1_processing_system7_0_0_in_context.xdc, line 151).
Applied set_property IO_BUFFER_TYPE = NONE for FIXED_IO_mio[11]. (constraint file  /home/pjs/Desktop/smollm2-zybo/hw/vivado_project/GPTalk.gen/sources_1/bd/design_1/ip/design_1_processing_system7_0_0/design_1_processing_system7_0_0/design_1_processing_system7_0_0_in_context.xdc, line 152).
Applied set_property CLOCK_BUFFER_TYPE = NONE for FIXED_IO_mio[11]. (constraint file  /home/pjs/Desktop/smollm2-zybo/hw/vivado_project/GPTalk.gen/sources_1/bd/design_1/ip/design_1_processing_system7_0_0/design_1_processing_system7_0_0/design_1_processing_system7_0_0_in_context.xdc, line 153).
Applied set_property IO_BUFFER_TYPE = NONE for FIXED_IO_mio[12]. (constraint file  /home/pjs/Desktop/smollm2-zybo/hw/vivado_project/GPTalk.gen/sources_1/bd/design_1/ip/design_1_processing_system7_0_0/design_1_processing_system7_0_0/design_1_processing_system7_0_0_in_context.xdc, line 154).
Applied set_property CLOCK_BUFFER_TYPE = NONE for FIXED_IO_mio[12]. (constraint file  /home/pjs/Desktop/smollm2-zybo/hw/vivado_project/GPTalk.gen/sources_1/bd/design_1/ip/design_1_processing_system7_0_0/design_1_processing_system7_0_0/design_1_processing_system7_0_0_in_context.xdc, line 155).
Applied set_property IO_BUFFER_TYPE = NONE for FIXED_IO_mio[13]. (constraint file  /home/pjs/Desktop/smollm2-zybo/hw/vivado_project/GPTalk.gen/sources_1/bd/design_1/ip/design_1_processing_system7_0_0/design_1_processing_system7_0_0/design_1_processing_system7_0_0_in_context.xdc, line 156).
Applied set_property CLOCK_BUFFER_TYPE = NONE for FIXED_IO_mio[13]. (constraint file  /home/pjs/Desktop/smollm2-zybo/hw/vivado_project/GPTalk.gen/sources_1/bd/design_1/ip/design_1_processing_system7_0_0/design_1_processing_system7_0_0/design_1_processing_system7_0_0_in_context.xdc, line 157).
Applied set_property IO_BUFFER_TYPE = NONE for FIXED_IO_mio[14]. (constraint file  /home/pjs/Desktop/smollm2-zybo/hw/vivado_project/GPTalk.gen/sources_1/bd/design_1/ip/design_1_processing_system7_0_0/design_1_processing_system7_0_0/design_1_processing_system7_0_0_in_context.xdc, line 158).
Applied set_property CLOCK_BUFFER_TYPE = NONE for FIXED_IO_mio[14]. (constraint file  /home/pjs/Desktop/smollm2-zybo/hw/vivado_project/GPTalk.gen/sources_1/bd/design_1/ip/design_1_processing_system7_0_0/design_1_processing_system7_0_0/design_1_processing_system7_0_0_in_context.xdc, line 159).
Applied set_property IO_BUFFER_TYPE = NONE for FIXED_IO_mio[15]. (constraint file  /home/pjs/Desktop/smollm2-zybo/hw/vivado_project/GPTalk.gen/sources_1/bd/design_1/ip/design_1_processing_system7_0_0/design_1_processing_system7_0_0/design_1_processing_system7_0_0_in_context.xdc, line 160).
Applied set_property CLOCK_BUFFER_TYPE = NONE for FIXED_IO_mio[15]. (constraint file  /home/pjs/Desktop/smollm2-zybo/hw/vivado_project/GPTalk.gen/sources_1/bd/design_1/ip/design_1_processing_system7_0_0/design_1_processing_system7_0_0/design_1_processing_system7_0_0_in_context.xdc, line 161).
Applied set_property IO_BUFFER_TYPE = NONE for FIXED_IO_mio[16]. (constraint file  /home/pjs/Desktop/smollm2-zybo/hw/vivado_project/GPTalk.gen/sources_1/bd/design_1/ip/design_1_processing_system7_0_0/design_1_processing_system7_0_0/design_1_processing_system7_0_0_in_context.xdc, line 162).
Applied set_property CLOCK_BUFFER_TYPE = NONE for FIXED_IO_mio[16]. (constraint file  /home/pjs/Desktop/smollm2-zybo/hw/vivado_project/GPTalk.gen/sources_1/bd/design_1/ip/design_1_processing_system7_0_0/design_1_processing_system7_0_0/design_1_processing_system7_0_0_in_context.xdc, line 163).
Applied set_property IO_BUFFER_TYPE = NONE for FIXED_IO_mio[17]. (constraint file  /home/pjs/Desktop/smollm2-zybo/hw/vivado_project/GPTalk.gen/sources_1/bd/design_1/ip/design_1_processing_system7_0_0/design_1_processing_system7_0_0/design_1_processing_system7_0_0_in_context.xdc, line 164).
Applied set_property CLOCK_BUFFER_TYPE = NONE for FIXED_IO_mio[17]. (constraint file  /home/pjs/Desktop/smollm2-zybo/hw/vivado_project/GPTalk.gen/sources_1/bd/design_1/ip/design_1_processing_system7_0_0/design_1_processing_system7_0_0/design_1_processing_system7_0_0_in_context.xdc, line 165).
Applied set_property IO_BUFFER_TYPE = NONE for FIXED_IO_mio[18]. (constraint file  /home/pjs/Desktop/smollm2-zybo/hw/vivado_project/GPTalk.gen/sources_1/bd/design_1/ip/design_1_processing_system7_0_0/design_1_processing_system7_0_0/design_1_processing_system7_0_0_in_context.xdc, line 166).
Applied set_property CLOCK_BUFFER_TYPE = NONE for FIXED_IO_mio[18]. (constraint file  /home/pjs/Desktop/smollm2-zybo/hw/vivado_project/GPTalk.gen/sources_1/bd/design_1/ip/design_1_processing_system7_0_0/design_1_processing_system7_0_0/design_1_processing_system7_0_0_in_context.xdc, line 167).
Applied set_property IO_BUFFER_TYPE = NONE for FIXED_IO_mio[19]. (constraint file  /home/pjs/Desktop/smollm2-zybo/hw/vivado_project/GPTalk.gen/sources_1/bd/design_1/ip/design_1_processing_system7_0_0/design_1_processing_system7_0_0/design_1_processing_system7_0_0_in_context.xdc, line 168).
Applied set_property CLOCK_BUFFER_TYPE = NONE for FIXED_IO_mio[19]. (constraint file  /home/pjs/Desktop/smollm2-zybo/hw/vivado_project/GPTalk.gen/sources_1/bd/design_1/ip/design_1_processing_system7_0_0/design_1_processing_system7_0_0/design_1_processing_system7_0_0_in_context.xdc, line 169).
Applied set_property IO_BUFFER_TYPE = NONE for FIXED_IO_mio[1]. (constraint file  /home/pjs/Desktop/smollm2-zybo/hw/vivado_project/GPTalk.gen/sources_1/bd/design_1/ip/design_1_processing_system7_0_0/design_1_processing_system7_0_0/design_1_processing_system7_0_0_in_context.xdc, line 170).
Applied set_property CLOCK_BUFFER_TYPE = NONE for FIXED_IO_mio[1]. (constraint file  /home/pjs/Desktop/smollm2-zybo/hw/vivado_project/GPTalk.gen/sources_1/bd/design_1/ip/design_1_processing_system7_0_0/design_1_processing_system7_0_0/design_1_processing_system7_0_0_in_context.xdc, line 171).
Applied set_property IO_BUFFER_TYPE = NONE for FIXED_IO_mio[20]. (constraint file  /home/pjs/Desktop/smollm2-zybo/hw/vivado_project/GPTalk.gen/sources_1/bd/design_1/ip/design_1_processing_system7_0_0/design_1_processing_system7_0_0/design_1_processing_system7_0_0_in_context.xdc, line 172).
Applied set_property CLOCK_BUFFER_TYPE = NONE for FIXED_IO_mio[20]. (constraint file  /home/pjs/Desktop/smollm2-zybo/hw/vivado_project/GPTalk.gen/sources_1/bd/design_1/ip/design_1_processing_system7_0_0/design_1_processing_system7_0_0/design_1_processing_system7_0_0_in_context.xdc, line 173).
Applied set_property IO_BUFFER_TYPE = NONE for FIXED_IO_mio[21]. (constraint file  /home/pjs/Desktop/smollm2-zybo/hw/vivado_project/GPTalk.gen/sources_1/bd/design_1/ip/design_1_processing_system7_0_0/design_1_processing_system7_0_0/design_1_processing_system7_0_0_in_context.xdc, line 174).
Applied set_property CLOCK_BUFFER_TYPE = NONE for FIXED_IO_mio[21]. (constraint file  /home/pjs/Desktop/smollm2-zybo/hw/vivado_project/GPTalk.gen/sources_1/bd/design_1/ip/design_1_processing_system7_0_0/design_1_processing_system7_0_0/design_1_processing_system7_0_0_in_context.xdc, line 175).
Applied set_property IO_BUFFER_TYPE = NONE for FIXED_IO_mio[22]. (constraint file  /home/pjs/Desktop/smollm2-zybo/hw/vivado_project/GPTalk.gen/sources_1/bd/design_1/ip/design_1_processing_system7_0_0/design_1_processing_system7_0_0/design_1_processing_system7_0_0_in_context.xdc, line 176).
Applied set_property CLOCK_BUFFER_TYPE = NONE for FIXED_IO_mio[22]. (constraint file  /home/pjs/Desktop/smollm2-zybo/hw/vivado_project/GPTalk.gen/sources_1/bd/design_1/ip/design_1_processing_system7_0_0/design_1_processing_system7_0_0/design_1_processing_system7_0_0_in_context.xdc, line 177).
Applied set_property IO_BUFFER_TYPE = NONE for FIXED_IO_mio[23]. (constraint file  /home/pjs/Desktop/smollm2-zybo/hw/vivado_project/GPTalk.gen/sources_1/bd/design_1/ip/design_1_processing_system7_0_0/design_1_processing_system7_0_0/design_1_processing_system7_0_0_in_context.xdc, line 178).
Applied set_property CLOCK_BUFFER_TYPE = NONE for FIXED_IO_mio[23]. (constraint file  /home/pjs/Desktop/smollm2-zybo/hw/vivado_project/GPTalk.gen/sources_1/bd/design_1/ip/design_1_processing_system7_0_0/design_1_processing_system7_0_0/design_1_processing_system7_0_0_in_context.xdc, line 179).
Applied set_property IO_BUFFER_TYPE = NONE for FIXED_IO_mio[24]. (constraint file  /home/pjs/Desktop/smollm2-zybo/hw/vivado_project/GPTalk.gen/sources_1/bd/design_1/ip/design_1_processing_system7_0_0/design_1_processing_system7_0_0/design_1_processing_system7_0_0_in_context.xdc, line 180).
Applied set_property CLOCK_BUFFER_TYPE = NONE for FIXED_IO_mio[24]. (constraint file  /home/pjs/Desktop/smollm2-zybo/hw/vivado_project/GPTalk.gen/sources_1/bd/design_1/ip/design_1_processing_system7_0_0/design_1_processing_system7_0_0/design_1_processing_system7_0_0_in_context.xdc, line 181).
Applied set_property IO_BUFFER_TYPE = NONE for FIXED_IO_mio[25]. (constraint file  /home/pjs/Desktop/smollm2-zybo/hw/vivado_project/GPTalk.gen/sources_1/bd/design_1/ip/design_1_processing_system7_0_0/design_1_processing_system7_0_0/design_1_processing_system7_0_0_in_context.xdc, line 182).
Applied set_property CLOCK_BUFFER_TYPE = NONE for FIXED_IO_mio[25]. (constraint file  /home/pjs/Desktop/smollm2-zybo/hw/vivado_project/GPTalk.gen/sources_1/bd/design_1/ip/design_1_processing_system7_0_0/design_1_processing_system7_0_0/design_1_processing_system7_0_0_in_context.xdc, line 183).
Applied set_property IO_BUFFER_TYPE = NONE for FIXED_IO_mio[26]. (constraint file  /home/pjs/Desktop/smollm2-zybo/hw/vivado_project/GPTalk.gen/sources_1/bd/design_1/ip/design_1_processing_system7_0_0/design_1_processing_system7_0_0/design_1_processing_system7_0_0_in_context.xdc, line 184).
Applied set_property CLOCK_BUFFER_TYPE = NONE for FIXED_IO_mio[26]. (constraint file  /home/pjs/Desktop/smollm2-zybo/hw/vivado_project/GPTalk.gen/sources_1/bd/design_1/ip/design_1_processing_system7_0_0/design_1_processing_system7_0_0/design_1_processing_system7_0_0_in_context.xdc, line 185).
Applied set_property IO_BUFFER_TYPE = NONE for FIXED_IO_mio[27]. (constraint file  /home/pjs/Desktop/smollm2-zybo/hw/vivado_project/GPTalk.gen/sources_1/bd/design_1/ip/design_1_processing_system7_0_0/design_1_processing_system7_0_0/design_1_processing_system7_0_0_in_context.xdc, line 186).
Applied set_property CLOCK_BUFFER_TYPE = NONE for FIXED_IO_mio[27]. (constraint file  /home/pjs/Desktop/smollm2-zybo/hw/vivado_project/GPTalk.gen/sources_1/bd/design_1/ip/design_1_processing_system7_0_0/design_1_processing_system7_0_0/design_1_processing_system7_0_0_in_context.xdc, line 187).
Applied set_property IO_BUFFER_TYPE = NONE for FIXED_IO_mio[28]. (constraint file  /home/pjs/Desktop/smollm2-zybo/hw/vivado_project/GPTalk.gen/sources_1/bd/design_1/ip/design_1_processing_system7_0_0/design_1_processing_system7_0_0/design_1_processing_system7_0_0_in_context.xdc, line 188).
Applied set_property CLOCK_BUFFER_TYPE = NONE for FIXED_IO_mio[28]. (constraint file  /home/pjs/Desktop/smollm2-zybo/hw/vivado_project/GPTalk.gen/sources_1/bd/design_1/ip/design_1_processing_system7_0_0/design_1_processing_system7_0_0/design_1_processing_system7_0_0_in_context.xdc, line 189).
Applied set_property IO_BUFFER_TYPE = NONE for FIXED_IO_mio[29]. (constraint file  /home/pjs/Desktop/smollm2-zybo/hw/vivado_project/GPTalk.gen/sources_1/bd/design_1/ip/design_1_processing_system7_0_0/design_1_processing_system7_0_0/design_1_processing_system7_0_0_in_context.xdc, line 190).
Applied set_property CLOCK_BUFFER_TYPE = NONE for FIXED_IO_mio[29]. (constraint file  /home/pjs/Desktop/smollm2-zybo/hw/vivado_project/GPTalk.gen/sources_1/bd/design_1/ip/design_1_processing_system7_0_0/design_1_processing_system7_0_0/design_1_processing_system7_0_0_in_context.xdc, line 191).
Applied set_property IO_BUFFER_TYPE = NONE for FIXED_IO_mio[2]. (constraint file  /home/pjs/Desktop/smollm2-zybo/hw/vivado_project/GPTalk.gen/sources_1/bd/design_1/ip/design_1_processing_system7_0_0/design_1_processing_system7_0_0/design_1_processing_system7_0_0_in_context.xdc, line 192).
Applied set_property CLOCK_BUFFER_TYPE = NONE for FIXED_IO_mio[2]. (constraint file  /home/pjs/Desktop/smollm2-zybo/hw/vivado_project/GPTalk.gen/sources_1/bd/design_1/ip/design_1_processing_system7_0_0/design_1_processing_system7_0_0/design_1_processing_system7_0_0_in_context.xdc, line 193).
Applied set_property IO_BUFFER_TYPE = NONE for FIXED_IO_mio[30]. (constraint file  /home/pjs/Desktop/smollm2-zybo/hw/vivado_project/GPTalk.gen/sources_1/bd/design_1/ip/design_1_processing_system7_0_0/design_1_processing_system7_0_0/design_1_processing_system7_0_0_in_context.xdc, line 194).
Applied set_property CLOCK_BUFFER_TYPE = NONE for FIXED_IO_mio[30]. (constraint file  /home/pjs/Desktop/smollm2-zybo/hw/vivado_project/GPTalk.gen/sources_1/bd/design_1/ip/design_1_processing_system7_0_0/design_1_processing_system7_0_0/design_1_processing_system7_0_0_in_context.xdc, line 195).
Applied set_property IO_BUFFER_TYPE = NONE for FIXED_IO_mio[31]. (constraint file  /home/pjs/Desktop/smollm2-zybo/hw/vivado_project/GPTalk.gen/sources_1/bd/design_1/ip/design_1_processing_system7_0_0/design_1_processing_system7_0_0/design_1_processing_system7_0_0_in_context.xdc, line 196).
Applied set_property CLOCK_BUFFER_TYPE = NONE for FIXED_IO_mio[31]. (constraint file  /home/pjs/Desktop/smollm2-zybo/hw/vivado_project/GPTalk.gen/sources_1/bd/design_1/ip/design_1_processing_system7_0_0/design_1_processing_system7_0_0/design_1_processing_system7_0_0_in_context.xdc, line 197).
Applied set_property IO_BUFFER_TYPE = NONE for FIXED_IO_mio[32]. (constraint file  /home/pjs/Desktop/smollm2-zybo/hw/vivado_project/GPTalk.gen/sources_1/bd/design_1/ip/design_1_processing_system7_0_0/design_1_processing_system7_0_0/design_1_processing_system7_0_0_in_context.xdc, line 198).
Applied set_property CLOCK_BUFFER_TYPE = NONE for FIXED_IO_mio[32]. (constraint file  /home/pjs/Desktop/smollm2-zybo/hw/vivado_project/GPTalk.gen/sources_1/bd/design_1/ip/design_1_processing_system7_0_0/design_1_processing_system7_0_0/design_1_processing_system7_0_0_in_context.xdc, line 199).
Applied set_property IO_BUFFER_TYPE = NONE for FIXED_IO_mio[33]. (constraint file  /home/pjs/Desktop/smollm2-zybo/hw/vivado_project/GPTalk.gen/sources_1/bd/design_1/ip/design_1_processing_system7_0_0/design_1_processing_system7_0_0/design_1_processing_system7_0_0_in_context.xdc, line 200).
Applied set_property CLOCK_BUFFER_TYPE = NONE for FIXED_IO_mio[33]. (constraint file  /home/pjs/Desktop/smollm2-zybo/hw/vivado_project/GPTalk.gen/sources_1/bd/design_1/ip/design_1_processing_system7_0_0/design_1_processing_system7_0_0/design_1_processing_system7_0_0_in_context.xdc, line 201).
Applied set_property IO_BUFFER_TYPE = NONE for FIXED_IO_mio[34]. (constraint file  /home/pjs/Desktop/smollm2-zybo/hw/vivado_project/GPTalk.gen/sources_1/bd/design_1/ip/design_1_processing_system7_0_0/design_1_processing_system7_0_0/design_1_processing_system7_0_0_in_context.xdc, line 202).
Applied set_property CLOCK_BUFFER_TYPE = NONE for FIXED_IO_mio[34]. (constraint file  /home/pjs/Desktop/smollm2-zybo/hw/vivado_project/GPTalk.gen/sources_1/bd/design_1/ip/design_1_processing_system7_0_0/design_1_processing_system7_0_0/design_1_processing_system7_0_0_in_context.xdc, line 203).
Applied set_property IO_BUFFER_TYPE = NONE for FIXED_IO_mio[35]. (constraint file  /home/pjs/Desktop/smollm2-zybo/hw/vivado_project/GPTalk.gen/sources_1/bd/design_1/ip/design_1_processing_system7_0_0/design_1_processing_system7_0_0/design_1_processing_system7_0_0_in_context.xdc, line 204).
Applied set_property CLOCK_BUFFER_TYPE = NONE for FIXED_IO_mio[35]. (constraint file  /home/pjs/Desktop/smollm2-zybo/hw/vivado_project/GPTalk.gen/sources_1/bd/design_1/ip/design_1_processing_system7_0_0/design_1_processing_system7_0_0/design_1_processing_system7_0_0_in_context.xdc, line 205).
Applied set_property IO_BUFFER_TYPE = NONE for FIXED_IO_mio[36]. (constraint file  /home/pjs/Desktop/smollm2-zybo/hw/vivado_project/GPTalk.gen/sources_1/bd/design_1/ip/design_1_processing_system7_0_0/design_1_processing_system7_0_0/design_1_processing_system7_0_0_in_context.xdc, line 206).
Applied set_property CLOCK_BUFFER_TYPE = NONE for FIXED_IO_mio[36]. (constraint file  /home/pjs/Desktop/smollm2-zybo/hw/vivado_project/GPTalk.gen/sources_1/bd/design_1/ip/design_1_processing_system7_0_0/design_1_processing_system7_0_0/design_1_processing_system7_0_0_in_context.xdc, line 207).
Applied set_property IO_BUFFER_TYPE = NONE for FIXED_IO_mio[37]. (constraint file  /home/pjs/Desktop/smollm2-zybo/hw/vivado_project/GPTalk.gen/sources_1/bd/design_1/ip/design_1_processing_system7_0_0/design_1_processing_system7_0_0/design_1_processing_system7_0_0_in_context.xdc, line 208).
Applied set_property CLOCK_BUFFER_TYPE = NONE for FIXED_IO_mio[37]. (constraint file  /home/pjs/Desktop/smollm2-zybo/hw/vivado_project/GPTalk.gen/sources_1/bd/design_1/ip/design_1_processing_system7_0_0/design_1_processing_system7_0_0/design_1_processing_system7_0_0_in_context.xdc, line 209).
Applied set_property IO_BUFFER_TYPE = NONE for FIXED_IO_mio[38]. (constraint file  /home/pjs/Desktop/smollm2-zybo/hw/vivado_project/GPTalk.gen/sources_1/bd/design_1/ip/design_1_processing_system7_0_0/design_1_processing_system7_0_0/design_1_processing_system7_0_0_in_context.xdc, line 210).
Applied set_property CLOCK_BUFFER_TYPE = NONE for FIXED_IO_mio[38]. (constraint file  /home/pjs/Desktop/smollm2-zybo/hw/vivado_project/GPTalk.gen/sources_1/bd/design_1/ip/design_1_processing_system7_0_0/design_1_processing_system7_0_0/design_1_processing_system7_0_0_in_context.xdc, line 211).
Applied set_property IO_BUFFER_TYPE = NONE for FIXED_IO_mio[39]. (constraint file  /home/pjs/Desktop/smollm2-zybo/hw/vivado_project/GPTalk.gen/sources_1/bd/design_1/ip/design_1_processing_system7_0_0/design_1_processing_system7_0_0/design_1_processing_system7_0_0_in_context.xdc, line 212).
Applied set_property CLOCK_BUFFER_TYPE = NONE for FIXED_IO_mio[39]. (constraint file  /home/pjs/Desktop/smollm2-zybo/hw/vivado_project/GPTalk.gen/sources_1/bd/design_1/ip/design_1_processing_system7_0_0/design_1_processing_system7_0_0/design_1_processing_system7_0_0_in_context.xdc, line 213).
Applied set_property IO_BUFFER_TYPE = NONE for FIXED_IO_mio[3]. (constraint file  /home/pjs/Desktop/smollm2-zybo/hw/vivado_project/GPTalk.gen/sources_1/bd/design_1/ip/design_1_processing_system7_0_0/design_1_processing_system7_0_0/design_1_processing_system7_0_0_in_context.xdc, line 214).
Applied set_property CLOCK_BUFFER_TYPE = NONE for FIXED_IO_mio[3]. (constraint file  /home/pjs/Desktop/smollm2-zybo/hw/vivado_project/GPTalk.gen/sources_1/bd/design_1/ip/design_1_processing_system7_0_0/design_1_processing_system7_0_0/design_1_processing_system7_0_0_in_context.xdc, line 215).
Applied set_property IO_BUFFER_TYPE = NONE for FIXED_IO_mio[40]. (constraint file  /home/pjs/Desktop/smollm2-zybo/hw/vivado_project/GPTalk.gen/sources_1/bd/design_1/ip/design_1_processing_system7_0_0/design_1_processing_system7_0_0/design_1_processing_system7_0_0_in_context.xdc, line 216).
Applied set_property CLOCK_BUFFER_TYPE = NONE for FIXED_IO_mio[40]. (constraint file  /home/pjs/Desktop/smollm2-zybo/hw/vivado_project/GPTalk.gen/sources_1/bd/design_1/ip/design_1_processing_system7_0_0/design_1_processing_system7_0_0/design_1_processing_system7_0_0_in_context.xdc, line 217).
Applied set_property IO_BUFFER_TYPE = NONE for FIXED_IO_mio[41]. (constraint file  /home/pjs/Desktop/smollm2-zybo/hw/vivado_project/GPTalk.gen/sources_1/bd/design_1/ip/design_1_processing_system7_0_0/design_1_processing_system7_0_0/design_1_processing_system7_0_0_in_context.xdc, line 218).
Applied set_property CLOCK_BUFFER_TYPE = NONE for FIXED_IO_mio[41]. (constraint file  /home/pjs/Desktop/smollm2-zybo/hw/vivado_project/GPTalk.gen/sources_1/bd/design_1/ip/design_1_processing_system7_0_0/design_1_processing_system7_0_0/design_1_processing_system7_0_0_in_context.xdc, line 219).
Applied set_property IO_BUFFER_TYPE = NONE for FIXED_IO_mio[42]. (constraint file  /home/pjs/Desktop/smollm2-zybo/hw/vivado_project/GPTalk.gen/sources_1/bd/design_1/ip/design_1_processing_system7_0_0/design_1_processing_system7_0_0/design_1_processing_system7_0_0_in_context.xdc, line 220).
Applied set_property CLOCK_BUFFER_TYPE = NONE for FIXED_IO_mio[42]. (constraint file  /home/pjs/Desktop/smollm2-zybo/hw/vivado_project/GPTalk.gen/sources_1/bd/design_1/ip/design_1_processing_system7_0_0/design_1_processing_system7_0_0/design_1_processing_system7_0_0_in_context.xdc, line 221).
Applied set_property IO_BUFFER_TYPE = NONE for FIXED_IO_mio[43]. (constraint file  /home/pjs/Desktop/smollm2-zybo/hw/vivado_project/GPTalk.gen/sources_1/bd/design_1/ip/design_1_processing_system7_0_0/design_1_processing_system7_0_0/design_1_processing_system7_0_0_in_context.xdc, line 222).
Applied set_property CLOCK_BUFFER_TYPE = NONE for FIXED_IO_mio[43]. (constraint file  /home/pjs/Desktop/smollm2-zybo/hw/vivado_project/GPTalk.gen/sources_1/bd/design_1/ip/design_1_processing_system7_0_0/design_1_processing_system7_0_0/design_1_processing_system7_0_0_in_context.xdc, line 223).
Applied set_property IO_BUFFER_TYPE = NONE for FIXED_IO_mio[44]. (constraint file  /home/pjs/Desktop/smollm2-zybo/hw/vivado_project/GPTalk.gen/sources_1/bd/design_1/ip/design_1_processing_system7_0_0/design_1_processing_system7_0_0/design_1_processing_system7_0_0_in_context.xdc, line 224).
Applied set_property CLOCK_BUFFER_TYPE = NONE for FIXED_IO_mio[44]. (constraint file  /home/pjs/Desktop/smollm2-zybo/hw/vivado_project/GPTalk.gen/sources_1/bd/design_1/ip/design_1_processing_system7_0_0/design_1_processing_system7_0_0/design_1_processing_system7_0_0_in_context.xdc, line 225).
Applied set_property IO_BUFFER_TYPE = NONE for FIXED_IO_mio[45]. (constraint file  /home/pjs/Desktop/smollm2-zybo/hw/vivado_project/GPTalk.gen/sources_1/bd/design_1/ip/design_1_processing_system7_0_0/design_1_processing_system7_0_0/design_1_processing_system7_0_0_in_context.xdc, line 226).
Applied set_property CLOCK_BUFFER_TYPE = NONE for FIXED_IO_mio[45]. (constraint file  /home/pjs/Desktop/smollm2-zybo/hw/vivado_project/GPTalk.gen/sources_1/bd/design_1/ip/design_1_processing_system7_0_0/design_1_processing_system7_0_0/design_1_processing_system7_0_0_in_context.xdc, line 227).
Applied set_property IO_BUFFER_TYPE = NONE for FIXED_IO_mio[46]. (constraint file  /home/pjs/Desktop/smollm2-zybo/hw/vivado_project/GPTalk.gen/sources_1/bd/design_1/ip/design_1_processing_system7_0_0/design_1_processing_system7_0_0/design_1_processing_system7_0_0_in_context.xdc, line 228).
Applied set_property CLOCK_BUFFER_TYPE = NONE for FIXED_IO_mio[46]. (constraint file  /home/pjs/Desktop/smollm2-zybo/hw/vivado_project/GPTalk.gen/sources_1/bd/design_1/ip/design_1_processing_system7_0_0/design_1_processing_system7_0_0/design_1_processing_system7_0_0_in_context.xdc, line 229).
Applied set_property IO_BUFFER_TYPE = NONE for FIXED_IO_mio[47]. (constraint file  /home/pjs/Desktop/smollm2-zybo/hw/vivado_project/GPTalk.gen/sources_1/bd/design_1/ip/design_1_processing_system7_0_0/design_1_processing_system7_0_0/design_1_processing_system7_0_0_in_context.xdc, line 230).
Applied set_property CLOCK_BUFFER_TYPE = NONE for FIXED_IO_mio[47]. (constraint file  /home/pjs/Desktop/smollm2-zybo/hw/vivado_project/GPTalk.gen/sources_1/bd/design_1/ip/design_1_processing_system7_0_0/design_1_processing_system7_0_0/design_1_processing_system7_0_0_in_context.xdc, line 231).
Applied set_property IO_BUFFER_TYPE = NONE for FIXED_IO_mio[48]. (constraint file  /home/pjs/Desktop/smollm2-zybo/hw/vivado_project/GPTalk.gen/sources_1/bd/design_1/ip/design_1_processing_system7_0_0/design_1_processing_system7_0_0/design_1_processing_system7_0_0_in_context.xdc, line 232).
Applied set_property CLOCK_BUFFER_TYPE = NONE for FIXED_IO_mio[48]. (constraint file  /home/pjs/Desktop/smollm2-zybo/hw/vivado_project/GPTalk.gen/sources_1/bd/design_1/ip/design_1_processing_system7_0_0/design_1_processing_system7_0_0/design_1_processing_system7_0_0_in_context.xdc, line 233).
Applied set_property IO_BUFFER_TYPE = NONE for FIXED_IO_mio[49]. (constraint file  /home/pjs/Desktop/smollm2-zybo/hw/vivado_project/GPTalk.gen/sources_1/bd/design_1/ip/design_1_processing_system7_0_0/design_1_processing_system7_0_0/design_1_processing_system7_0_0_in_context.xdc, line 234).
Applied set_property CLOCK_BUFFER_TYPE = NONE for FIXED_IO_mio[49]. (constraint file  /home/pjs/Desktop/smollm2-zybo/hw/vivado_project/GPTalk.gen/sources_1/bd/design_1/ip/design_1_processing_system7_0_0/design_1_processing_system7_0_0/design_1_processing_system7_0_0_in_context.xdc, line 235).
Applied set_property IO_BUFFER_TYPE = NONE for FIXED_IO_mio[4]. (constraint file  /home/pjs/Desktop/smollm2-zybo/hw/vivado_project/GPTalk.gen/sources_1/bd/design_1/ip/design_1_processing_system7_0_0/design_1_processing_system7_0_0/design_1_processing_system7_0_0_in_context.xdc, line 236).
Applied set_property CLOCK_BUFFER_TYPE = NONE for FIXED_IO_mio[4]. (constraint file  /home/pjs/Desktop/smollm2-zybo/hw/vivado_project/GPTalk.gen/sources_1/bd/design_1/ip/design_1_processing_system7_0_0/design_1_processing_system7_0_0/design_1_processing_system7_0_0_in_context.xdc, line 237).
Applied set_property IO_BUFFER_TYPE = NONE for FIXED_IO_mio[50]. (constraint file  /home/pjs/Desktop/smollm2-zybo/hw/vivado_project/GPTalk.gen/sources_1/bd/design_1/ip/design_1_processing_system7_0_0/design_1_processing_system7_0_0/design_1_processing_system7_0_0_in_context.xdc, line 238).
Applied set_property CLOCK_BUFFER_TYPE = NONE for FIXED_IO_mio[50]. (constraint file  /home/pjs/Desktop/smollm2-zybo/hw/vivado_project/GPTalk.gen/sources_1/bd/design_1/ip/design_1_processing_system7_0_0/design_1_processing_system7_0_0/design_1_processing_system7_0_0_in_context.xdc, line 239).
Applied set_property IO_BUFFER_TYPE = NONE for FIXED_IO_mio[51]. (constraint file  /home/pjs/Desktop/smollm2-zybo/hw/vivado_project/GPTalk.gen/sources_1/bd/design_1/ip/design_1_processing_system7_0_0/design_1_processing_system7_0_0/design_1_processing_system7_0_0_in_context.xdc, line 240).
Applied set_property CLOCK_BUFFER_TYPE = NONE for FIXED_IO_mio[51]. (constraint file  /home/pjs/Desktop/smollm2-zybo/hw/vivado_project/GPTalk.gen/sources_1/bd/design_1/ip/design_1_processing_system7_0_0/design_1_processing_system7_0_0/design_1_processing_system7_0_0_in_context.xdc, line 241).
Applied set_property IO_BUFFER_TYPE = NONE for FIXED_IO_mio[52]. (constraint file  /home/pjs/Desktop/smollm2-zybo/hw/vivado_project/GPTalk.gen/sources_1/bd/design_1/ip/design_1_processing_system7_0_0/design_1_processing_system7_0_0/design_1_processing_system7_0_0_in_context.xdc, line 242).
Applied set_property CLOCK_BUFFER_TYPE = NONE for FIXED_IO_mio[52]. (constraint file  /home/pjs/Desktop/smollm2-zybo/hw/vivado_project/GPTalk.gen/sources_1/bd/design_1/ip/design_1_processing_system7_0_0/design_1_processing_system7_0_0/design_1_processing_system7_0_0_in_context.xdc, line 243).
Applied set_property IO_BUFFER_TYPE = NONE for FIXED_IO_mio[53]. (constraint file  /home/pjs/Desktop/smollm2-zybo/hw/vivado_project/GPTalk.gen/sources_1/bd/design_1/ip/design_1_processing_system7_0_0/design_1_processing_system7_0_0/design_1_processing_system7_0_0_in_context.xdc, line 244).
Applied set_property CLOCK_BUFFER_TYPE = NONE for FIXED_IO_mio[53]. (constraint file  /home/pjs/Desktop/smollm2-zybo/hw/vivado_project/GPTalk.gen/sources_1/bd/design_1/ip/design_1_processing_system7_0_0/design_1_processing_system7_0_0/design_1_processing_system7_0_0_in_context.xdc, line 245).
Applied set_property IO_BUFFER_TYPE = NONE for FIXED_IO_mio[5]. (constraint file  /home/pjs/Desktop/smollm2-zybo/hw/vivado_project/GPTalk.gen/sources_1/bd/design_1/ip/design_1_processing_system7_0_0/design_1_processing_system7_0_0/design_1_processing_system7_0_0_in_context.xdc, line 246).
Applied set_property CLOCK_BUFFER_TYPE = NONE for FIXED_IO_mio[5]. (constraint file  /home/pjs/Desktop/smollm2-zybo/hw/vivado_project/GPTalk.gen/sources_1/bd/design_1/ip/design_1_processing_system7_0_0/design_1_processing_system7_0_0/design_1_processing_system7_0_0_in_context.xdc, line 247).
Applied set_property IO_BUFFER_TYPE = NONE for FIXED_IO_mio[6]. (constraint file  /home/pjs/Desktop/smollm2-zybo/hw/vivado_project/GPTalk.gen/sources_1/bd/design_1/ip/design_1_processing_system7_0_0/design_1_processing_system7_0_0/design_1_processing_system7_0_0_in_context.xdc, line 248).
Applied set_property CLOCK_BUFFER_TYPE = NONE for FIXED_IO_mio[6]. (constraint file  /home/pjs/Desktop/smollm2-zybo/hw/vivado_project/GPTalk.gen/sources_1/bd/design_1/ip/design_1_processing_system7_0_0/design_1_processing_system7_0_0/design_1_processing_system7_0_0_in_context.xdc, line 249).
Applied set_property IO_BUFFER_TYPE = NONE for FIXED_IO_mio[7]. (constraint file  /home/pjs/Desktop/smollm2-zybo/hw/vivado_project/GPTalk.gen/sources_1/bd/design_1/ip/design_1_processing_system7_0_0/design_1_processing_system7_0_0/design_1_processing_system7_0_0_in_context.xdc, line 250).
Applied set_property CLOCK_BUFFER_TYPE = NONE for FIXED_IO_mio[7]. (constraint file  /home/pjs/Desktop/smollm2-zybo/hw/vivado_project/GPTalk.gen/sources_1/bd/design_1/ip/design_1_processing_system7_0_0/design_1_processing_system7_0_0/design_1_processing_system7_0_0_in_context.xdc, line 251).
Applied set_property IO_BUFFER_TYPE = NONE for FIXED_IO_mio[8]. (constraint file  /home/pjs/Desktop/smollm2-zybo/hw/vivado_project/GPTalk.gen/sources_1/bd/design_1/ip/design_1_processing_system7_0_0/design_1_processing_system7_0_0/design_1_processing_system7_0_0_in_context.xdc, line 252).
Applied set_property CLOCK_BUFFER_TYPE = NONE for FIXED_IO_mio[8]. (constraint file  /home/pjs/Desktop/smollm2-zybo/hw/vivado_project/GPTalk.gen/sources_1/bd/design_1/ip/design_1_processing_system7_0_0/design_1_processing_system7_0_0/design_1_processing_system7_0_0_in_context.xdc, line 253).
Applied set_property IO_BUFFER_TYPE = NONE for FIXED_IO_mio[9]. (constraint file  /home/pjs/Desktop/smollm2-zybo/hw/vivado_project/GPTalk.gen/sources_1/bd/design_1/ip/design_1_processing_system7_0_0/design_1_processing_system7_0_0/design_1_processing_system7_0_0_in_context.xdc, line 254).
Applied set_property CLOCK_BUFFER_TYPE = NONE for FIXED_IO_mio[9]. (constraint file  /home/pjs/Desktop/smollm2-zybo/hw/vivado_project/GPTalk.gen/sources_1/bd/design_1/ip/design_1_processing_system7_0_0/design_1_processing_system7_0_0/design_1_processing_system7_0_0_in_context.xdc, line 255).
Applied set_property IO_BUFFER_TYPE = NONE for FIXED_IO_ps_clk. (constraint file  /home/pjs/Desktop/smollm2-zybo/hw/vivado_project/GPTalk.gen/sources_1/bd/design_1/ip/design_1_processing_system7_0_0/design_1_processing_system7_0_0/design_1_processing_system7_0_0_in_context.xdc, line 256).
Applied set_property CLOCK_BUFFER_TYPE = NONE for FIXED_IO_ps_clk. (constraint file  /home/pjs/Desktop/smollm2-zybo/hw/vivado_project/GPTalk.gen/sources_1/bd/design_1/ip/design_1_processing_system7_0_0/design_1_processing_system7_0_0/design_1_processing_system7_0_0_in_context.xdc, line 257).
Applied set_property IO_BUFFER_TYPE = NONE for FIXED_IO_ps_porb. (constraint file  /home/pjs/Desktop/smollm2-zybo/hw/vivado_project/GPTalk.gen/sources_1/bd/design_1/ip/design_1_processing_system7_0_0/design_1_processing_system7_0_0/design_1_processing_system7_0_0_in_context.xdc, line 258).
Applied set_property CLOCK_BUFFER_TYPE = NONE for FIXED_IO_ps_porb. (constraint file  /home/pjs/Desktop/smollm2-zybo/hw/vivado_project/GPTalk.gen/sources_1/bd/design_1/ip/design_1_processing_system7_0_0/design_1_processing_system7_0_0/design_1_processing_system7_0_0_in_context.xdc, line 259).
Applied set_property IO_BUFFER_TYPE = NONE for FIXED_IO_ps_srstb. (constraint file  /home/pjs/Desktop/smollm2-zybo/hw/vivado_project/GPTalk.gen/sources_1/bd/design_1/ip/design_1_processing_system7_0_0/design_1_processing_system7_0_0/design_1_processing_system7_0_0_in_context.xdc, line 260).
Applied set_property CLOCK_BUFFER_TYPE = NONE for FIXED_IO_ps_srstb. (constraint file  /home/pjs/Desktop/smollm2-zybo/hw/vivado_project/GPTalk.gen/sources_1/bd/design_1/ip/design_1_processing_system7_0_0/design_1_processing_system7_0_0/design_1_processing_system7_0_0_in_context.xdc, line 261).
Applied set_property KEEP_HIERARCHY = SOFT for design_1_i. (constraint file  auto generated constraint).
Applied set_property KEEP_HIERARCHY = SOFT for design_1_i/processing_system7_0. (constraint file  auto generated constraint).
Applied set_property KEEP_HIERARCHY = SOFT for design_1_i/rst_ps7_0_50M. (constraint file  auto generated constraint).
Applied set_property KEEP_HIERARCHY = SOFT for design_1_i/axi_ctrl_smc. (constraint file  auto generated constraint).
Applied set_property KEEP_HIERARCHY = SOFT for design_1_i/axi_hp0_smc. (constraint file  auto generated constraint).
Applied set_property KEEP_HIERARCHY = SOFT for design_1_i/axi_dma_0. (constraint file  auto generated constraint).
Applied set_property KEEP_HIERARCHY = SOFT for design_1_i/mm2s_axis_fifo. (constraint file  auto generated constraint).
Applied set_property KEEP_HIERARCHY = SOFT for design_1_i/s2mm_axis_fifo. (constraint file  auto generated constraint).
Applied set_property KEEP_HIERARCHY = SOFT for design_1_i/axi_input_bram_ctrl. (constraint file  auto generated constraint).
Applied set_property KEEP_HIERARCHY = SOFT for design_1_i/input_vector_bram. (constraint file  auto generated constraint).
Applied set_property KEEP_HIERARCHY = SOFT for design_1_i/gemv_q8_0_dma_top_0. (constraint file  auto generated constraint).
---------------------------------------------------------------------------------
Finished applying 'set_property' XDC Constraints : Time (s): cpu = 00:00:06 ; elapsed = 00:00:06 . Memory (MB): peak = 2199.203 ; gain = 556.855 ; free physical = 53211 ; free virtual = 64670
---------------------------------------------------------------------------------
---------------------------------------------------------------------------------
Finished RTL Optimization Phase 2 : Time (s): cpu = 00:00:06 ; elapsed = 00:00:06 . Memory (MB): peak = 2199.203 ; gain = 556.855 ; free physical = 53217 ; free virtual = 64669
---------------------------------------------------------------------------------
---------------------------------------------------------------------------------
Start RTL Component Statistics 
---------------------------------------------------------------------------------
Detailed RTL Component Info : 
---------------------------------------------------------------------------------
Finished RTL Component Statistics 
---------------------------------------------------------------------------------
---------------------------------------------------------------------------------
Start Part Resource Summary
---------------------------------------------------------------------------------
Part Resources:
DSPs: 220 (col length:60)
BRAMs: 280 (col length: RAMB18 60 RAMB36 30)
---------------------------------------------------------------------------------
Finished Part Resource Summary
---------------------------------------------------------------------------------
---------------------------------------------------------------------------------
Start Cross Boundary and Area Optimization
---------------------------------------------------------------------------------
WARNING: [Synth 8-7080] Parallel synthesis criteria is not met
---------------------------------------------------------------------------------
Finished Cross Boundary and Area Optimization : Time (s): cpu = 00:00:07 ; elapsed = 00:00:07 . Memory (MB): peak = 2199.203 ; gain = 556.855 ; free physical = 53195 ; free virtual = 64659
---------------------------------------------------------------------------------
---------------------------------------------------------------------------------
Start Applying XDC Timing Constraints
---------------------------------------------------------------------------------
---------------------------------------------------------------------------------
Finished Applying XDC Timing Constraints : Time (s): cpu = 00:00:09 ; elapsed = 00:00:10 . Memory (MB): peak = 2276.203 ; gain = 633.855 ; free physical = 53126 ; free virtual = 64591
---------------------------------------------------------------------------------
---------------------------------------------------------------------------------
Start Timing Optimization
---------------------------------------------------------------------------------
---------------------------------------------------------------------------------
Finished Timing Optimization : Time (s): cpu = 00:00:09 ; elapsed = 00:00:10 . Memory (MB): peak = 2276.203 ; gain = 633.855 ; free physical = 53126 ; free virtual = 64591
---------------------------------------------------------------------------------
---------------------------------------------------------------------------------
Start Technology Mapping
---------------------------------------------------------------------------------
---------------------------------------------------------------------------------
Finished Technology Mapping : Time (s): cpu = 00:00:09 ; elapsed = 00:00:10 . Memory (MB): peak = 2287.219 ; gain = 644.871 ; free physical = 53120 ; free virtual = 64584
---------------------------------------------------------------------------------
---------------------------------------------------------------------------------
Start IO Insertion
---------------------------------------------------------------------------------
---------------------------------------------------------------------------------
Start Flattening Before IO Insertion
---------------------------------------------------------------------------------
---------------------------------------------------------------------------------
Finished Flattening Before IO Insertion
---------------------------------------------------------------------------------
---------------------------------------------------------------------------------
Start Final Netlist Cleanup
---------------------------------------------------------------------------------
---------------------------------------------------------------------------------
Finished Final Netlist Cleanup
---------------------------------------------------------------------------------
---------------------------------------------------------------------------------
Finished IO Insertion : Time (s): cpu = 00:00:11 ; elapsed = 00:00:11 . Memory (MB): peak = 2448.031 ; gain = 805.684 ; free physical = 52997 ; free virtual = 64465
---------------------------------------------------------------------------------
---------------------------------------------------------------------------------
Start Renaming Generated Instances
---------------------------------------------------------------------------------
---------------------------------------------------------------------------------
Finished Renaming Generated Instances : Time (s): cpu = 00:00:11 ; elapsed = 00:00:11 . Memory (MB): peak = 2448.031 ; gain = 805.684 ; free physical = 52997 ; free virtual = 64465
---------------------------------------------------------------------------------
---------------------------------------------------------------------------------
Start Rebuilding User Hierarchy
---------------------------------------------------------------------------------
---------------------------------------------------------------------------------
Finished Rebuilding User Hierarchy : Time (s): cpu = 00:00:11 ; elapsed = 00:00:11 . Memory (MB): peak = 2448.031 ; gain = 805.684 ; free physical = 52989 ; free virtual = 64457
---------------------------------------------------------------------------------
---------------------------------------------------------------------------------
Start Renaming Generated Ports
---------------------------------------------------------------------------------
---------------------------------------------------------------------------------
Finished Renaming Generated Ports : Time (s): cpu = 00:00:11 ; elapsed = 00:00:11 . Memory (MB): peak = 2448.031 ; gain = 805.684 ; free physical = 52989 ; free virtual = 64457
---------------------------------------------------------------------------------
---------------------------------------------------------------------------------
Start Handling Custom Attributes
---------------------------------------------------------------------------------
---------------------------------------------------------------------------------
Finished Handling Custom Attributes : Time (s): cpu = 00:00:11 ; elapsed = 00:00:11 . Memory (MB): peak = 2448.031 ; gain = 805.684 ; free physical = 52991 ; free virtual = 64455
---------------------------------------------------------------------------------
---------------------------------------------------------------------------------
Start Renaming Generated Nets
---------------------------------------------------------------------------------
---------------------------------------------------------------------------------
Finished Renaming Generated Nets : Time (s): cpu = 00:00:11 ; elapsed = 00:00:11 . Memory (MB): peak = 2448.031 ; gain = 805.684 ; free physical = 52989 ; free virtual = 64457
---------------------------------------------------------------------------------
---------------------------------------------------------------------------------
Start Writing Synthesis Report
---------------------------------------------------------------------------------

Report BlackBoxes: 
+------+--------------------------------+----------+
|      |BlackBox name                   |Instances |
+------+--------------------------------+----------+
|1     |design_1_axi_ctrl_smc_0         |         1|
|2     |design_1_axi_dma_0_0            |         1|
|3     |design_1_axi_hp0_smc_0          |         1|
|4     |design_1_axi_input_bram_ctrl_0  |         1|
|5     |design_1_gemv_q8_0_dma_top_0_0  |         1|
|6     |design_1_input_vector_bram_0    |         1|
|7     |design_1_mm2s_axis_fifo_0       |         1|
|8     |design_1_processing_system7_0_0 |         1|
|9     |design_1_rst_ps7_0_50M_0        |         1|
|10    |design_1_s2mm_axis_fifo_0       |         1|
+------+--------------------------------+----------+

Report Cell Usage: 
+------+------------------------------+------+
|      |Cell                          |Count |
+------+------------------------------+------+
|1     |design_1_axi_ctrl_smc         |     1|
|2     |design_1_axi_dma_0            |     1|
|3     |design_1_axi_hp0_smc          |     1|
|4     |design_1_axi_input_bram_ctrl  |     1|
|5     |design_1_gemv_q8_0_dma_top_0  |     1|
|6     |design_1_input_vector_bram    |     1|
|7     |design_1_mm2s_axis_fifo       |     1|
|8     |design_1_processing_system7_0 |     1|
|9     |design_1_rst_ps7_0_50M        |     1|
|10    |design_1_s2mm_axis_fifo       |     1|
+------+------------------------------+------+
---------------------------------------------------------------------------------
Finished Writing Synthesis Report : Time (s): cpu = 00:00:11 ; elapsed = 00:00:11 . Memory (MB): peak = 2448.031 ; gain = 805.684 ; free physical = 52989 ; free virtual = 64457
---------------------------------------------------------------------------------
Synthesis finished with 0 errors, 0 critical warnings and 1 warnings.
Synthesis Optimization Runtime : Time (s): cpu = 00:00:10 ; elapsed = 00:00:10 . Memory (MB): peak = 2448.031 ; gain = 748.758 ; free physical = 52989 ; free virtual = 64456
Synthesis Optimization Complete : Time (s): cpu = 00:00:11 ; elapsed = 00:00:11 . Memory (MB): peak = 2448.039 ; gain = 805.684 ; free physical = 52989 ; free virtual = 64456
INFO: [Project 1-571] Translating synthesized netlist
Netlist sorting complete. Time (s): cpu = 00:00:00.01 ; elapsed = 00:00:00.01 . Memory (MB): peak = 2448.039 ; gain = 0.000 ; free physical = 53040 ; free virtual = 64507
INFO: [Project 1-570] Preparing netlist for logic optimization
INFO: [Opt 31-138] Pushed 0 inverter(s) to 0 load pin(s).
Netlist sorting complete. Time (s): cpu = 00:00:00 ; elapsed = 00:00:00 . Memory (MB): peak = 2448.039 ; gain = 0.000 ; free physical = 53148 ; free virtual = 64613
INFO: [Project 1-111] Unisim Transformation Summary:
No Unisim elements were transformed.

Synth Design complete | Checksum: 21d531d3
INFO: [Common 17-83] Releasing license: Synthesis
39 Infos, 30 Warnings, 0 Critical Warnings and 0 Errors encountered.
synth_design completed successfully
synth_design: Time (s): cpu = 00:00:16 ; elapsed = 00:00:15 . Memory (MB): peak = 2448.039 ; gain = 965.773 ; free physical = 53148 ; free virtual = 64613
INFO: [Common 17-2834] synth_design peak Physical Memory [PSS] (MB): overall = 1757.804; main = 1638.463; forked = 266.550
INFO: [Common 17-2834] synth_design peak Virtual Memory [VSS] (MB): overall = 3277.613; main = 2448.035; forked = 947.391
INFO: [Common 17-1381] The checkpoint '/home/pjs/Desktop/smollm2-zybo/hw/vivado_project/GPTalk.runs/synth_1/design_1_wrapper.dcp' has been generated.
INFO: [Vivado 12-24828] Executing command : report_utilization -file design_1_wrapper_utilization_synth.rpt -pb design_1_wrapper_utilization_synth.pb
INFO: [Common 17-206] Exiting Vivado at Mon Jun 29 11:00:02 2026...
[Mon Jun 29 11:00:12 2026] synth_1 finished
wait_on_runs: Time (s): cpu = 00:10:18 ; elapsed = 00:02:33 . Memory (MB): peak = 1861.812 ; gain = 0.000 ; free physical = 54644 ; free virtual = 66103
# assert_run_complete synth_1
# reset_run impl_1
# launch_runs impl_1 -to_step write_bitstream -jobs $vivado_jobs
[Mon Jun 29 11:00:15 2026] Launched impl_1...
Run output will be captured here: /home/pjs/Desktop/smollm2-zybo/hw/vivado_project/GPTalk.runs/impl_1/runme.log
# wait_on_run impl_1
[Mon Jun 29 11:00:15 2026] Waiting for impl_1 to finish...

*** Running vivado
    with args -log design_1_wrapper.vdi -applog -m64 -product Vivado -messageDb vivado.pb -mode batch -source design_1_wrapper.tcl -notrace


****** Vivado v2024.2.2 (64-bit)
  **** SW Build 6060944 on Thu Mar 06 19:10:09 MST 2025
  **** IP Build 6050500 on Thu Mar  6 23:33:39 MST 2025
  **** SharedData Build 6060542 on Thu Mar 06 10:31:07 MST 2025
  **** Start of session at: Mon Jun 29 11:00:16 2026
    ** Copyright 1986-2022 Xilinx, Inc. All Rights Reserved.
    ** Copyright 2022-2025 Advanced Micro Devices, Inc. All Rights Reserved.

Sourcing tcl script '/home/pjs/.Xilinx/Vivado/Vivado_init.tcl'
source design_1_wrapper.tcl -notrace
INFO: [IP_Flow 19-234] Refreshing IP repositories
INFO: [IP_Flow 19-1704] No user IP repositories specified
INFO: [IP_Flow 19-2313] Loaded Vivado IP repository '/tools/Xilinx/Vivado/2024.2/data/ip'.
Command: link_design -top design_1_wrapper -part xc7z020clg400-1
Design is defaulting to srcset: sources_1
Design is defaulting to constrset: constrs_1
INFO: [Device 21-403] Loading part xc7z020clg400-1
INFO: [Project 1-454] Reading design checkpoint '/home/pjs/Desktop/smollm2-zybo/hw/vivado_project/GPTalk.gen/sources_1/bd/design_1/ip/design_1_axi_ctrl_smc_0/design_1_axi_ctrl_smc_0.dcp' for cell 'design_1_i/axi_ctrl_smc'
INFO: [Project 1-454] Reading design checkpoint '/home/pjs/Desktop/smollm2-zybo/hw/vivado_project/GPTalk.gen/sources_1/bd/design_1/ip/design_1_axi_dma_0_0/design_1_axi_dma_0_0.dcp' for cell 'design_1_i/axi_dma_0'
INFO: [Project 1-454] Reading design checkpoint '/home/pjs/Desktop/smollm2-zybo/hw/vivado_project/GPTalk.gen/sources_1/bd/design_1/ip/design_1_axi_hp0_smc_0/design_1_axi_hp0_smc_0.dcp' for cell 'design_1_i/axi_hp0_smc'
INFO: [Project 1-454] Reading design checkpoint '/home/pjs/Desktop/smollm2-zybo/hw/vivado_project/GPTalk.gen/sources_1/bd/design_1/ip/design_1_axi_input_bram_ctrl_0/design_1_axi_input_bram_ctrl_0.dcp' for cell 'design_1_i/axi_input_bram_ctrl'
INFO: [Project 1-454] Reading design checkpoint '/home/pjs/Desktop/smollm2-zybo/hw/vivado_project/GPTalk.gen/sources_1/bd/design_1/ip/design_1_gemv_q8_0_dma_top_0_0/design_1_gemv_q8_0_dma_top_0_0.dcp' for cell 'design_1_i/gemv_q8_0_dma_top_0'
INFO: [Project 1-454] Reading design checkpoint '/home/pjs/Desktop/smollm2-zybo/hw/vivado_project/GPTalk.gen/sources_1/bd/design_1/ip/design_1_input_vector_bram_0/design_1_input_vector_bram_0.dcp' for cell 'design_1_i/input_vector_bram'
INFO: [Project 1-454] Reading design checkpoint '/home/pjs/Desktop/smollm2-zybo/hw/vivado_project/GPTalk.gen/sources_1/bd/design_1/ip/design_1_mm2s_axis_fifo_0/design_1_mm2s_axis_fifo_0.dcp' for cell 'design_1_i/mm2s_axis_fifo'
INFO: [Project 1-454] Reading design checkpoint '/home/pjs/Desktop/smollm2-zybo/hw/vivado_project/GPTalk.gen/sources_1/bd/design_1/ip/design_1_processing_system7_0_0/design_1_processing_system7_0_0.dcp' for cell 'design_1_i/processing_system7_0'
INFO: [Project 1-454] Reading design checkpoint '/home/pjs/Desktop/smollm2-zybo/hw/vivado_project/GPTalk.gen/sources_1/bd/design_1/ip/design_1_rst_ps7_0_50M_0/design_1_rst_ps7_0_50M_0.dcp' for cell 'design_1_i/rst_ps7_0_50M'
INFO: [Project 1-454] Reading design checkpoint '/home/pjs/Desktop/smollm2-zybo/hw/vivado_project/GPTalk.gen/sources_1/bd/design_1/ip/design_1_s2mm_axis_fifo_0/design_1_s2mm_axis_fifo_0.dcp' for cell 'design_1_i/s2mm_axis_fifo'
Netlist sorting complete. Time (s): cpu = 00:00:00.24 ; elapsed = 00:00:00.24 . Memory (MB): peak = 1689.547 ; gain = 0.000 ; free physical = 53918 ; free virtual = 65377
INFO: [Netlist 29-17] Analyzing 2039 Unisim elements for replacement
INFO: [Netlist 29-28] Unisim Transformation completed in 0 CPU seconds
INFO: [Project 1-479] Netlist was created with Vivado 2024.2.2
INFO: [Project 1-570] Preparing netlist for logic optimization
Parsing XDC File [/home/pjs/Desktop/smollm2-zybo/hw/vivado_project/GPTalk.gen/sources_1/bd/design_1/ip/design_1_processing_system7_0_0/design_1_processing_system7_0_0.xdc] for cell 'design_1_i/processing_system7_0/inst'
Finished Parsing XDC File [/home/pjs/Desktop/smollm2-zybo/hw/vivado_project/GPTalk.gen/sources_1/bd/design_1/ip/design_1_processing_system7_0_0/design_1_processing_system7_0_0.xdc] for cell 'design_1_i/processing_system7_0/inst'
Parsing XDC File [/home/pjs/Desktop/smollm2-zybo/hw/vivado_project/GPTalk.gen/sources_1/bd/design_1/ip/design_1_rst_ps7_0_50M_0/design_1_rst_ps7_0_50M_0_board.xdc] for cell 'design_1_i/rst_ps7_0_50M/U0'
Finished Parsing XDC File [/home/pjs/Desktop/smollm2-zybo/hw/vivado_project/GPTalk.gen/sources_1/bd/design_1/ip/design_1_rst_ps7_0_50M_0/design_1_rst_ps7_0_50M_0_board.xdc] for cell 'design_1_i/rst_ps7_0_50M/U0'
Parsing XDC File [/home/pjs/Desktop/smollm2-zybo/hw/vivado_project/GPTalk.gen/sources_1/bd/design_1/ip/design_1_rst_ps7_0_50M_0/design_1_rst_ps7_0_50M_0.xdc] for cell 'design_1_i/rst_ps7_0_50M/U0'
Finished Parsing XDC File [/home/pjs/Desktop/smollm2-zybo/hw/vivado_project/GPTalk.gen/sources_1/bd/design_1/ip/design_1_rst_ps7_0_50M_0/design_1_rst_ps7_0_50M_0.xdc] for cell 'design_1_i/rst_ps7_0_50M/U0'
Parsing XDC File [/home/pjs/Desktop/smollm2-zybo/hw/vivado_project/GPTalk.gen/sources_1/bd/design_1/ip/design_1_axi_ctrl_smc_0/bd_0/ip/ip_1/bd_01d9_psr_aclk_0_board.xdc] for cell 'design_1_i/axi_ctrl_smc/inst/clk_map/psr_aclk/U0'
Finished Parsing XDC File [/home/pjs/Desktop/smollm2-zybo/hw/vivado_project/GPTalk.gen/sources_1/bd/design_1/ip/design_1_axi_ctrl_smc_0/bd_0/ip/ip_1/bd_01d9_psr_aclk_0_board.xdc] for cell 'design_1_i/axi_ctrl_smc/inst/clk_map/psr_aclk/U0'
Parsing XDC File [/home/pjs/Desktop/smollm2-zybo/hw/vivado_project/GPTalk.gen/sources_1/bd/design_1/ip/design_1_axi_ctrl_smc_0/bd_0/ip/ip_1/bd_01d9_psr_aclk_0.xdc] for cell 'design_1_i/axi_ctrl_smc/inst/clk_map/psr_aclk/U0'
Finished Parsing XDC File [/home/pjs/Desktop/smollm2-zybo/hw/vivado_project/GPTalk.gen/sources_1/bd/design_1/ip/design_1_axi_ctrl_smc_0/bd_0/ip/ip_1/bd_01d9_psr_aclk_0.xdc] for cell 'design_1_i/axi_ctrl_smc/inst/clk_map/psr_aclk/U0'
Parsing XDC File [/home/pjs/Desktop/smollm2-zybo/hw/vivado_project/GPTalk.gen/sources_1/bd/design_1/ip/design_1_axi_ctrl_smc_0/smartconnect.xdc] for cell 'design_1_i/axi_ctrl_smc/inst'
Finished Parsing XDC File [/home/pjs/Desktop/smollm2-zybo/hw/vivado_project/GPTalk.gen/sources_1/bd/design_1/ip/design_1_axi_ctrl_smc_0/smartconnect.xdc] for cell 'design_1_i/axi_ctrl_smc/inst'
Parsing XDC File [/home/pjs/Desktop/smollm2-zybo/hw/vivado_project/GPTalk.gen/sources_1/bd/design_1/ip/design_1_axi_hp0_smc_0/bd_0/ip/ip_1/bd_9c81_psr_aclk_0_board.xdc] for cell 'design_1_i/axi_hp0_smc/inst/clk_map/psr_aclk/U0'
Finished Parsing XDC File [/home/pjs/Desktop/smollm2-zybo/hw/vivado_project/GPTalk.gen/sources_1/bd/design_1/ip/design_1_axi_hp0_smc_0/bd_0/ip/ip_1/bd_9c81_psr_aclk_0_board.xdc] for cell 'design_1_i/axi_hp0_smc/inst/clk_map/psr_aclk/U0'
Parsing XDC File [/home/pjs/Desktop/smollm2-zybo/hw/vivado_project/GPTalk.gen/sources_1/bd/design_1/ip/design_1_axi_hp0_smc_0/bd_0/ip/ip_1/bd_9c81_psr_aclk_0.xdc] for cell 'design_1_i/axi_hp0_smc/inst/clk_map/psr_aclk/U0'
Finished Parsing XDC File [/home/pjs/Desktop/smollm2-zybo/hw/vivado_project/GPTalk.gen/sources_1/bd/design_1/ip/design_1_axi_hp0_smc_0/bd_0/ip/ip_1/bd_9c81_psr_aclk_0.xdc] for cell 'design_1_i/axi_hp0_smc/inst/clk_map/psr_aclk/U0'
Parsing XDC File [/home/pjs/Desktop/smollm2-zybo/hw/vivado_project/GPTalk.gen/sources_1/bd/design_1/ip/design_1_axi_hp0_smc_0/smartconnect.xdc] for cell 'design_1_i/axi_hp0_smc/inst'
Finished Parsing XDC File [/home/pjs/Desktop/smollm2-zybo/hw/vivado_project/GPTalk.gen/sources_1/bd/design_1/ip/design_1_axi_hp0_smc_0/smartconnect.xdc] for cell 'design_1_i/axi_hp0_smc/inst'
Parsing XDC File [/home/pjs/Desktop/smollm2-zybo/hw/vivado_project/GPTalk.gen/sources_1/bd/design_1/ip/design_1_axi_dma_0_0/design_1_axi_dma_0_0.xdc] for cell 'design_1_i/axi_dma_0/U0'
WARNING: [Vivado_Tcl 4-921] Waiver ID 'CDC-1' -to list should not be empty. [/home/pjs/Desktop/smollm2-zybo/hw/vivado_project/GPTalk.gen/sources_1/bd/design_1/ip/design_1_axi_dma_0_0/design_1_axi_dma_0_0.xdc:52]
WARNING: [Vivado_Tcl 4-921] Waiver ID 'CDC-1' -to list should not be empty. [/home/pjs/Desktop/smollm2-zybo/hw/vivado_project/GPTalk.gen/sources_1/bd/design_1/ip/design_1_axi_dma_0_0/design_1_axi_dma_0_0.xdc:56]
WARNING: [Vivado_Tcl 4-919] Waiver ID 'CDC-1' -from list should not be empty. [/home/pjs/Desktop/smollm2-zybo/hw/vivado_project/GPTalk.gen/sources_1/bd/design_1/ip/design_1_axi_dma_0_0/design_1_axi_dma_0_0.xdc:61]
Finished Parsing XDC File [/home/pjs/Desktop/smollm2-zybo/hw/vivado_project/GPTalk.gen/sources_1/bd/design_1/ip/design_1_axi_dma_0_0/design_1_axi_dma_0_0.xdc] for cell 'design_1_i/axi_dma_0/U0'
Parsing XDC File [/home/pjs/Desktop/smollm2-zybo/hw/vivado_project/GPTalk.srcs/constrs_1/imports/Downloads/Zybo-Z7-Master.xdc]
Finished Parsing XDC File [/home/pjs/Desktop/smollm2-zybo/hw/vivado_project/GPTalk.srcs/constrs_1/imports/Downloads/Zybo-Z7-Master.xdc]
Parsing XDC File [/home/pjs/Desktop/smollm2-zybo/hw/vivado_project/GPTalk.gen/sources_1/bd/design_1/ip/design_1_axi_dma_0_0/design_1_axi_dma_0_0_clocks.xdc] for cell 'design_1_i/axi_dma_0/U0'
Finished Parsing XDC File [/home/pjs/Desktop/smollm2-zybo/hw/vivado_project/GPTalk.gen/sources_1/bd/design_1/ip/design_1_axi_dma_0_0/design_1_axi_dma_0_0_clocks.xdc] for cell 'design_1_i/axi_dma_0/U0'
INFO: [Project 1-1714] 117 XPM XDC files have been applied to the design.
INFO: [Opt 31-138] Pushed 0 inverter(s) to 0 load pin(s).
Generating merged BMM file for the design top 'design_1_wrapper'...
Netlist sorting complete. Time (s): cpu = 00:00:00.01 ; elapsed = 00:00:00 . Memory (MB): peak = 2533.996 ; gain = 0.000 ; free physical = 53253 ; free virtual = 64726
INFO: [Project 1-111] Unisim Transformation Summary:
  A total of 253 instances were transformed.
  RAM16X1D => RAM32X1D (RAMD32(x2)): 1 instance 
  RAM32M => RAM32M (RAMD32(x6), RAMS32(x2)): 243 instances
  RAM32X1D => RAM32X1D (RAMD32(x2)): 9 instances

21 Infos, 3 Warnings, 0 Critical Warnings and 0 Errors encountered.
link_design completed successfully
link_design: Time (s): cpu = 00:00:11 ; elapsed = 00:00:10 . Memory (MB): peak = 2533.996 ; gain = 1052.559 ; free physical = 53253 ; free virtual = 64726
Command: opt_design -directive Explore
INFO: [Vivado_Tcl 4-136] Directive used for opt_design is: Explore
Attempting to get a license for feature 'Implementation' and/or device 'xc7z020'
INFO: [Common 17-349] Got license for feature 'Implementation' and/or device 'xc7z020'
Running DRC as a precondition to command opt_design

Starting DRC Task
INFO: [DRC 23-27] Running DRC with 8 threads
INFO: [Project 1-461] DRC finished with 0 Errors
INFO: [Project 1-462] Please refer to the DRC report (report_drc) for more information.

Time (s): cpu = 00:00:01 ; elapsed = 00:00:00.34 . Memory (MB): peak = 2533.996 ; gain = 0.000 ; free physical = 53220 ; free virtual = 64694

Starting Logic Optimization Task

Phase 1 Initialization

Phase 1.1 Core Generation And Design Setup
Phase 1.1 Core Generation And Design Setup | Checksum: 1ad4d95f6

Time (s): cpu = 00:00:00.03 ; elapsed = 00:00:00.03 . Memory (MB): peak = 2756.980 ; gain = 0.000 ; free physical = 52951 ; free virtual = 64425

Phase 1.2 Setup Constraints And Sort Netlist
Phase 1.2 Setup Constraints And Sort Netlist | Checksum: 1ad4d95f6

Time (s): cpu = 00:00:00.03 ; elapsed = 00:00:00.04 . Memory (MB): peak = 2756.980 ; gain = 0.000 ; free physical = 52951 ; free virtual = 64425
Phase 1 Initialization | Checksum: 1ad4d95f6

Time (s): cpu = 00:00:00.04 ; elapsed = 00:00:00.04 . Memory (MB): peak = 2756.980 ; gain = 0.000 ; free physical = 52951 ; free virtual = 64425

Phase 2 Timer Update And Timing Data Collection

Phase 2.1 Timer Update
INFO: [Timing 38-35] Done setting XDC timing constraints.
Phase 2.1 Timer Update | Checksum: 1ad4d95f6

Time (s): cpu = 00:00:03 ; elapsed = 00:00:00.9 . Memory (MB): peak = 2832.793 ; gain = 75.812 ; free physical = 52910 ; free virtual = 64384

Phase 2.2 Timing Data Collection
Phase 2.2 Timing Data Collection | Checksum: 1ad4d95f6

Time (s): cpu = 00:00:03 ; elapsed = 00:00:00.94 . Memory (MB): peak = 2832.793 ; gain = 75.812 ; free physical = 52906 ; free virtual = 64380
Phase 2 Timer Update And Timing Data Collection | Checksum: 1ad4d95f6

Time (s): cpu = 00:00:03 ; elapsed = 00:00:00.94 . Memory (MB): peak = 2832.793 ; gain = 75.812 ; free physical = 52906 ; free virtual = 64380

Phase 3 Retarget
INFO: [Opt 31-1851] Number of loadless carry chains removed were: 0
INFO: [Opt 31-1834] Total Chains To Be Transformed Were: 0 AND Number of Transformed insts Created are: 0
INFO: [Opt 31-1566] Pulled 25 inverters resulting in an inversion of 101 pins
INFO: [Opt 31-138] Pushed 45 inverter(s) to 247 load pin(s).
INFO: [Opt 31-49] Retargeted 0 cell(s).
Phase 3 Retarget | Checksum: fbd487ce

Time (s): cpu = 00:00:03 ; elapsed = 00:00:01 . Memory (MB): peak = 2832.793 ; gain = 75.812 ; free physical = 52911 ; free virtual = 64382
Retarget | Checksum: fbd487ce
INFO: [Opt 31-389] Phase Retarget created 63 cells and removed 198 cells
INFO: [Opt 31-1021] In phase Retarget, 120 netlist objects are constrained preventing optimization. Please run opt_design with -debug_log to get more detail. 

Phase 4 Constant propagation
INFO: [Opt 31-138] Pushed 1 inverter(s) to 2 load pin(s).
Phase 4 Constant propagation | Checksum: 14e0ad3de

Time (s): cpu = 00:00:03 ; elapsed = 00:00:01 . Memory (MB): peak = 2832.793 ; gain = 75.812 ; free physical = 52909 ; free virtual = 64383
Constant propagation | Checksum: 14e0ad3de
INFO: [Opt 31-389] Phase Constant propagation created 165 cells and removed 582 cells
INFO: [Opt 31-1021] In phase Constant propagation, 120 netlist objects are constrained preventing optimization. Please run opt_design with -debug_log to get more detail. 

Phase 5 Sweep
INFO: [Constraints 18-11670] Building netlist checker database with flags, 0x8
Done building netlist checker database: Time (s): cpu = 00:00:00 ; elapsed = 00:00:00 . Memory (MB): peak = 2832.793 ; gain = 0.000 ; free physical = 52910 ; free virtual = 64384
INFO: [Constraints 18-11670] Building netlist checker database with flags, 0x8
Done building netlist checker database: Time (s): cpu = 00:00:00.01 ; elapsed = 00:00:00 . Memory (MB): peak = 2832.793 ; gain = 0.000 ; free physical = 52910 ; free virtual = 64384
Phase 5 Sweep | Checksum: ef2d5fec

Time (s): cpu = 00:00:04 ; elapsed = 00:00:02 . Memory (MB): peak = 2832.793 ; gain = 75.812 ; free physical = 52910 ; free virtual = 64384
Sweep | Checksum: ef2d5fec
INFO: [Opt 31-389] Phase Sweep created 0 cells and removed 1246 cells
INFO: [Opt 31-1021] In phase Sweep, 151 netlist objects are constrained preventing optimization. Please run opt_design with -debug_log to get more detail. 

Phase 6 BUFG optimization
Phase 6 BUFG optimization | Checksum: ef2d5fec

Time (s): cpu = 00:00:04 ; elapsed = 00:00:02 . Memory (MB): peak = 2864.809 ; gain = 107.828 ; free physical = 52905 ; free virtual = 64380
BUFG optimization | Checksum: ef2d5fec
INFO: [Opt 31-662] Phase BUFG optimization created 0 cells of which 0 are BUFGs and removed 0 cells.

Phase 7 Shift Register Optimization
INFO: [Opt 31-1064] SRL Remap converted 0 SRLs to 0 registers and converted 0 registers of register chains to 0 SRLs
Phase 7 Shift Register Optimization | Checksum: ef2d5fec

Time (s): cpu = 00:00:04 ; elapsed = 00:00:02 . Memory (MB): peak = 2864.809 ; gain = 107.828 ; free physical = 52897 ; free virtual = 64371
Shift Register Optimization | Checksum: ef2d5fec
INFO: [Opt 31-389] Phase Shift Register Optimization created 0 cells and removed 0 cells
INFO: [Opt 31-1555] control_set_opt supports Versal devices only, and device 7z020 is unsupported

Phase 8 Post Processing Netlist
INFO: [Opt 31-1566] Pulled 1 inverters resulting in an inversion of 1 pins
Phase 8 Post Processing Netlist | Checksum: 67acfd04

Time (s): cpu = 00:00:04 ; elapsed = 00:00:02 . Memory (MB): peak = 2864.809 ; gain = 107.828 ; free physical = 52896 ; free virtual = 64371
Post Processing Netlist | Checksum: 67acfd04
INFO: [Opt 31-389] Phase Post Processing Netlist created 0 cells and removed 1 cells
INFO: [Opt 31-1021] In phase Post Processing Netlist, 120 netlist objects are constrained preventing optimization. Please run opt_design with -debug_log to get more detail. 

Phase 9 Finalization

Phase 9.1 Finalizing Design Cores and Updating Shapes
Phase 9.1 Finalizing Design Cores and Updating Shapes | Checksum: 1456f39e8

Time (s): cpu = 00:00:05 ; elapsed = 00:00:03 . Memory (MB): peak = 2864.809 ; gain = 107.828 ; free physical = 52896 ; free virtual = 64371

Phase 9.2 Verifying Netlist Connectivity

Starting Connectivity Check Task

Time (s): cpu = 00:00:00.03 ; elapsed = 00:00:00.03 . Memory (MB): peak = 2864.809 ; gain = 0.000 ; free physical = 52897 ; free virtual = 64371
Phase 9.2 Verifying Netlist Connectivity | Checksum: 1456f39e8

Time (s): cpu = 00:00:05 ; elapsed = 00:00:03 . Memory (MB): peak = 2864.809 ; gain = 107.828 ; free physical = 52897 ; free virtual = 64371
Phase 9 Finalization | Checksum: 1456f39e8

Time (s): cpu = 00:00:05 ; elapsed = 00:00:03 . Memory (MB): peak = 2864.809 ; gain = 107.828 ; free physical = 52897 ; free virtual = 64371
Opt_design Change Summary
=========================


-------------------------------------------------------------------------------------------------------------------------
|  Phase                        |  #Cells created  |  #Cells Removed  |  #Constrained objects preventing optimizations  |
-------------------------------------------------------------------------------------------------------------------------
|  Retarget                     |              63  |             198  |                                            120  |
|  Constant propagation         |             165  |             582  |                                            120  |
|  Sweep                        |               0  |            1246  |                                            151  |
|  BUFG optimization            |               0  |               0  |                                              0  |
|  Shift Register Optimization  |               0  |               0  |                                              0  |
|  Post Processing Netlist      |               0  |               1  |                                            120  |
-------------------------------------------------------------------------------------------------------------------------


Ending Logic Optimization Task | Checksum: 1456f39e8

Time (s): cpu = 00:00:05 ; elapsed = 00:00:03 . Memory (MB): peak = 2864.809 ; gain = 107.828 ; free physical = 52897 ; free virtual = 64371

Starting Netlist Obfuscation Task
Netlist sorting complete. Time (s): cpu = 00:00:00 ; elapsed = 00:00:00 . Memory (MB): peak = 2864.809 ; gain = 0.000 ; free physical = 52897 ; free virtual = 64371
Ending Netlist Obfuscation Task | Checksum: 1456f39e8

Time (s): cpu = 00:00:00.01 ; elapsed = 00:00:00 . Memory (MB): peak = 2864.809 ; gain = 0.000 ; free physical = 52897 ; free virtual = 64371
INFO: [Common 17-83] Releasing license: Implementation
49 Infos, 3 Warnings, 0 Critical Warnings and 0 Errors encountered.
opt_design completed successfully
INFO: [Vivado 12-24828] Executing command : report_drc -file design_1_wrapper_drc_opted.rpt -pb design_1_wrapper_drc_opted.pb -rpx design_1_wrapper_drc_opted.rpx
Command: report_drc -file design_1_wrapper_drc_opted.rpt -pb design_1_wrapper_drc_opted.pb -rpx design_1_wrapper_drc_opted.rpx
INFO: [IP_Flow 19-1839] IP Catalog is up to date.
INFO: [DRC 23-27] Running DRC with 8 threads
INFO: [Vivado_Tcl 2-168] The results of DRC are in file /home/pjs/Desktop/smollm2-zybo/hw/vivado_project/GPTalk.runs/impl_1/design_1_wrapper_drc_opted.rpt.
report_drc completed successfully
INFO: [Timing 38-480] Writing timing data to binary archive.
Wrote PlaceDB: Time (s): cpu = 00:00:00.02 ; elapsed = 00:00:00 . Memory (MB): peak = 2864.809 ; gain = 0.000 ; free physical = 52857 ; free virtual = 64333
Wrote PulsedLatchDB: Time (s): cpu = 00:00:00 ; elapsed = 00:00:00 . Memory (MB): peak = 2864.809 ; gain = 0.000 ; free physical = 52857 ; free virtual = 64333
Writing XDEF routing.
Writing XDEF routing logical nets.
Write ShapeDB Complete: Time (s): cpu = 00:00:00.12 ; elapsed = 00:00:00.03 . Memory (MB): peak = 2864.809 ; gain = 0.000 ; free physical = 52859 ; free virtual = 64338
Writing XDEF routing special nets.
Wrote RouteStorage: Time (s): cpu = 00:00:00.17 ; elapsed = 00:00:00.04 . Memory (MB): peak = 2864.809 ; gain = 0.000 ; free physical = 52866 ; free virtual = 64345
Wrote Netlist Cache: Time (s): cpu = 00:00:00 ; elapsed = 00:00:00 . Memory (MB): peak = 2864.809 ; gain = 0.000 ; free physical = 52866 ; free virtual = 64345
Wrote Device Cache: Time (s): cpu = 00:00:00.02 ; elapsed = 00:00:00.01 . Memory (MB): peak = 2864.809 ; gain = 0.000 ; free physical = 52864 ; free virtual = 64344
Write Physdb Complete: Time (s): cpu = 00:00:00.21 ; elapsed = 00:00:00.06 . Memory (MB): peak = 2864.809 ; gain = 0.000 ; free physical = 52864 ; free virtual = 64344
INFO: [Common 17-1381] The checkpoint '/home/pjs/Desktop/smollm2-zybo/hw/vivado_project/GPTalk.runs/impl_1/design_1_wrapper_opt.dcp' has been generated.
Command: place_design -directive ExtraNetDelay_high
Attempting to get a license for feature 'Implementation' and/or device 'xc7z020'
INFO: [Common 17-349] Got license for feature 'Implementation' and/or device 'xc7z020'
INFO: [Common 17-83] Releasing license: Implementation
INFO: [DRC 23-27] Running DRC with 8 threads
INFO: [Vivado_Tcl 4-198] DRC finished with 0 Errors
INFO: [Vivado_Tcl 4-199] Please refer to the DRC report (report_drc) for more information.
INFO: [Vivado_Tcl 4-2302] The placer was invoked with the 'ExtraNetDelay_high' directive.
Running DRC as a precondition to command place_design
INFO: [DRC 23-27] Running DRC with 8 threads
INFO: [Vivado_Tcl 4-198] DRC finished with 0 Errors
INFO: [Vivado_Tcl 4-199] Please refer to the DRC report (report_drc) for more information.
INFO: [Place 30-611] Multithreading enabled for place_design using a maximum of 8 CPUs

Starting Placer Task

Phase 1 Placer Initialization

Phase 1.1 Placer Initialization Netlist Sorting
Netlist sorting complete. Time (s): cpu = 00:00:00 ; elapsed = 00:00:00 . Memory (MB): peak = 2904.707 ; gain = 0.000 ; free physical = 52847 ; free virtual = 64330
Phase 1.1 Placer Initialization Netlist Sorting | Checksum: b1085b3f

Time (s): cpu = 00:00:00.01 ; elapsed = 00:00:00.01 . Memory (MB): peak = 2904.707 ; gain = 0.000 ; free physical = 52848 ; free virtual = 64324
Netlist sorting complete. Time (s): cpu = 00:00:00 ; elapsed = 00:00:00 . Memory (MB): peak = 2904.707 ; gain = 0.000 ; free physical = 52846 ; free virtual = 64329

Phase 1.2 IO Placement/ Clock Placement/ Build Placer Device
INFO: [Timing 38-35] Done setting XDC timing constraints.
Phase 1.2 IO Placement/ Clock Placement/ Build Placer Device | Checksum: 53f8bed0

Time (s): cpu = 00:00:03 ; elapsed = 00:00:01 . Memory (MB): peak = 2904.707 ; gain = 0.000 ; free physical = 52829 ; free virtual = 64312

Phase 1.3 Build Placer Netlist Model
Phase 1.3 Build Placer Netlist Model | Checksum: 11f26a307

Time (s): cpu = 00:00:10 ; elapsed = 00:00:04 . Memory (MB): peak = 3005.008 ; gain = 100.301 ; free physical = 52636 ; free virtual = 64121

Phase 1.4 Constrain Clocks/Macros
Phase 1.4 Constrain Clocks/Macros | Checksum: 11f26a307

Time (s): cpu = 00:00:10 ; elapsed = 00:00:04 . Memory (MB): peak = 3005.008 ; gain = 100.301 ; free physical = 52636 ; free virtual = 64121
Phase 1 Placer Initialization | Checksum: 11f26a307

Time (s): cpu = 00:00:10 ; elapsed = 00:00:04 . Memory (MB): peak = 3005.008 ; gain = 100.301 ; free physical = 52663 ; free virtual = 64149

Phase 2 Global Placement

Phase 2.1 Floorplanning
Phase 2.1 Floorplanning | Checksum: da39d9f8

Time (s): cpu = 00:00:14 ; elapsed = 00:00:05 . Memory (MB): peak = 3071.727 ; gain = 167.020 ; free physical = 52682 ; free virtual = 64167

Phase 2.2 Update Timing before SLR Path Opt
Phase 2.2 Update Timing before SLR Path Opt | Checksum: 8aafd558

Time (s): cpu = 00:00:16 ; elapsed = 00:00:06 . Memory (MB): peak = 3071.727 ; gain = 167.020 ; free physical = 52665 ; free virtual = 64151

Phase 2.3 Post-Processing in Floorplanning
Phase 2.3 Post-Processing in Floorplanning | Checksum: 8aafd558

Time (s): cpu = 00:00:16 ; elapsed = 00:00:06 . Memory (MB): peak = 3071.727 ; gain = 167.020 ; free physical = 52661 ; free virtual = 64147

Phase 2.4 Global Place Phase1
Phase 2.4 Global Place Phase1 | Checksum: 19c68f478

Time (s): cpu = 00:00:42 ; elapsed = 00:00:14 . Memory (MB): peak = 3087.734 ; gain = 183.027 ; free physical = 52607 ; free virtual = 64093

Phase 2.5 Global Place Phase2

Phase 2.5.1 UpdateTiming Before Physical Synthesis
Phase 2.5.1 UpdateTiming Before Physical Synthesis | Checksum: 2479f6ece

Time (s): cpu = 00:00:45 ; elapsed = 00:00:14 . Memory (MB): peak = 3087.734 ; gain = 183.027 ; free physical = 52654 ; free virtual = 64140

Phase 2.5.2 Physical Synthesis In Placer
INFO: [Physopt 32-1035] Found 0 LUTNM shape to break, 1084 LUT instances to create LUTNM shape
INFO: [Physopt 32-1044] Break lutnm for timing: one critical 0, two critical 0, total 0, new lutff created 0
INFO: [Physopt 32-1138] End 1 Pass. Optimized 428 nets or LUTs. Breaked 0 LUT, combined 428 existing LUTs and moved 0 existing LUT
INFO: [Physopt 32-65] No nets found for high-fanout optimization.
INFO: [Physopt 32-232] Optimized 0 net. Created 0 new instance.
INFO: [Physopt 32-775] End 1 Pass. Optimized 0 net or cell. Created 0 new cell, deleted 0 existing cell and moved 0 existing cell
INFO: [Physopt 32-670] No setup violation found.  DSP Register Optimization was not performed.
INFO: [Physopt 32-670] No setup violation found.  Shift Register to Pipeline Optimization was not performed.
INFO: [Physopt 32-670] No setup violation found.  Shift Register Optimization was not performed.
INFO: [Physopt 32-670] No setup violation found.  BRAM Register Optimization was not performed.
INFO: [Physopt 32-670] No setup violation found.  URAM Register Optimization was not performed.
INFO: [Physopt 32-949] No candidate nets found for dynamic/static region interface net replication
INFO: [Physopt 32-775] End 1 Pass. Optimized 0 net or cell. Created 0 new cell, deleted 0 existing cell and moved 0 existing cell
Netlist sorting complete. Time (s): cpu = 00:00:00.01 ; elapsed = 00:00:00 . Memory (MB): peak = 3087.734 ; gain = 0.000 ; free physical = 52648 ; free virtual = 64137

Summary of Physical Synthesis Optimizations
============================================


-----------------------------------------------------------------------------------------------------------------------------------------------------------
|  Optimization                                     |  Added Cells  |  Removed Cells  |  Optimized Cells/Nets  |  Dont Touch  |  Iterations  |  Elapsed   |
-----------------------------------------------------------------------------------------------------------------------------------------------------------
|  LUT Combining                                    |            0  |            428  |                   428  |           0  |           1  |  00:00:00  |
|  Retime                                           |            0  |              0  |                     0  |           0  |           1  |  00:00:00  |
|  Very High Fanout                                 |            0  |              0  |                     0  |           0  |           1  |  00:00:00  |
|  DSP Register                                     |            0  |              0  |                     0  |           0  |           0  |  00:00:00  |
|  Shift Register to Pipeline                       |            0  |              0  |                     0  |           0  |           0  |  00:00:00  |
|  Shift Register                                   |            0  |              0  |                     0  |           0  |           0  |  00:00:00  |
|  BRAM Register                                    |            0  |              0  |                     0  |           0  |           0  |  00:00:00  |
|  URAM Register                                    |            0  |              0  |                     0  |           0  |           0  |  00:00:00  |
|  Dynamic/Static Region Interface Net Replication  |            0  |              0  |                     0  |           0  |           1  |  00:00:00  |
|  Total                                            |            0  |            428  |                   428  |           0  |           4  |  00:00:00  |
-----------------------------------------------------------------------------------------------------------------------------------------------------------


Phase 2.5.2 Physical Synthesis In Placer | Checksum: 2a262f91b

Time (s): cpu = 00:00:48 ; elapsed = 00:00:16 . Memory (MB): peak = 3087.734 ; gain = 183.027 ; free physical = 52638 ; free virtual = 64127
Phase 2.5 Global Place Phase2 | Checksum: 1c3bbc96e

Time (s): cpu = 00:00:50 ; elapsed = 00:00:16 . Memory (MB): peak = 3087.734 ; gain = 183.027 ; free physical = 52647 ; free virtual = 64136
Phase 2 Global Placement | Checksum: 1c3bbc96e

Time (s): cpu = 00:00:50 ; elapsed = 00:00:16 . Memory (MB): peak = 3087.734 ; gain = 183.027 ; free physical = 52647 ; free virtual = 64137

Phase 3 Detail Placement

Phase 3.1 Commit Multi Column Macros
Phase 3.1 Commit Multi Column Macros | Checksum: 1ec922907

Time (s): cpu = 00:00:52 ; elapsed = 00:00:17 . Memory (MB): peak = 3087.734 ; gain = 183.027 ; free physical = 52622 ; free virtual = 64111

Phase 3.2 Commit Most Macros & LUTRAMs
Phase 3.2 Commit Most Macros & LUTRAMs | Checksum: 1c3bd3adf

Time (s): cpu = 00:00:58 ; elapsed = 00:00:19 . Memory (MB): peak = 3087.734 ; gain = 183.027 ; free physical = 52648 ; free virtual = 64138

Phase 3.3 Area Swap Optimization
Phase 3.3 Area Swap Optimization | Checksum: 1ea0b0e68

Time (s): cpu = 00:00:58 ; elapsed = 00:00:19 . Memory (MB): peak = 3087.734 ; gain = 183.027 ; free physical = 52650 ; free virtual = 64140

Phase 3.4 Pipeline Register Optimization
Phase 3.4 Pipeline Register Optimization | Checksum: 1560cfe1d

Time (s): cpu = 00:00:58 ; elapsed = 00:00:19 . Memory (MB): peak = 3087.734 ; gain = 183.027 ; free physical = 52645 ; free virtual = 64135

Phase 3.5 Small Shape Detail Placement
Phase 3.5 Small Shape Detail Placement | Checksum: 2972ebf96

Time (s): cpu = 00:01:02 ; elapsed = 00:00:22 . Memory (MB): peak = 3087.734 ; gain = 183.027 ; free physical = 52654 ; free virtual = 64147

Phase 3.6 Re-assign LUT pins
Phase 3.6 Re-assign LUT pins | Checksum: 27fe36926

Time (s): cpu = 00:01:03 ; elapsed = 00:00:23 . Memory (MB): peak = 3087.734 ; gain = 183.027 ; free physical = 52664 ; free virtual = 64156

Phase 3.7 Pipeline Register Optimization
Phase 3.7 Pipeline Register Optimization | Checksum: 1c85d2c0d

Time (s): cpu = 00:01:03 ; elapsed = 00:00:23 . Memory (MB): peak = 3087.734 ; gain = 183.027 ; free physical = 52677 ; free virtual = 64170
Phase 3 Detail Placement | Checksum: 1c85d2c0d

Time (s): cpu = 00:01:03 ; elapsed = 00:00:23 . Memory (MB): peak = 3087.734 ; gain = 183.027 ; free physical = 52678 ; free virtual = 64170

Phase 4 Post Placement Optimization and Clean-Up

Phase 4.1 Post Commit Optimization
INFO: [Place 46-20] Placer is running with the ExtraNetDelay_high directive. Post Placement Optimization may take longer to complete with ExtraNetDelay_high compared to other directives.
INFO: [Timing 38-35] Done setting XDC timing constraints.

Phase 4.1.1 Post Placement Optimization
Post Placement Optimization Initialization | Checksum: 22d554ae4

Phase 4.1.1.1 BUFG Insertion

Starting Physical Synthesis Task

Phase 1 Physical Synthesis Initialization
INFO: [Physopt 32-721] Multithreading enabled for phys_opt_design using a maximum of 8 CPUs
INFO: [Physopt 32-619] Estimated Timing Summary | WNS=1.701 | TNS=0.000 |
Phase 1 Physical Synthesis Initialization | Checksum: 2108dcb88

Time (s): cpu = 00:00:01 ; elapsed = 00:00:00.38 . Memory (MB): peak = 3094.523 ; gain = 0.000 ; free physical = 52678 ; free virtual = 64161
INFO: [Place 46-33] Processed net design_1_i/gemv_q8_0_dma_top_0/inst/core/SR[0], BUFG insertion was skipped due to placement/routing conflicts.
INFO: [Place 46-33] Processed net design_1_i/gemv_q8_0_dma_top_0/inst/core/row_acc[7][63]_i_1_n_0, BUFG insertion was skipped due to placement/routing conflicts.
INFO: [Place 46-33] Processed net design_1_i/gemv_q8_0_dma_top_0/inst/core/scaled_shifted, BUFG insertion was skipped due to placement/routing conflicts.
INFO: [Place 46-56] BUFG insertion identified 3 candidate nets. Inserted BUFG: 0, Replicated BUFG Driver: 0, Skipped due to Placement/Routing Conflicts: 3, Skipped due to Timing Degradation: 0, Skipped due to netlist editing failed: 0.
Ending Physical Synthesis Task | Checksum: 20203cb69

Time (s): cpu = 00:00:02 ; elapsed = 00:00:00.62 . Memory (MB): peak = 3094.523 ; gain = 0.000 ; free physical = 52665 ; free virtual = 64155
Phase 4.1.1.1 BUFG Insertion | Checksum: 22d554ae4

Time (s): cpu = 00:01:13 ; elapsed = 00:00:26 . Memory (MB): peak = 3094.523 ; gain = 189.816 ; free physical = 52665 ; free virtual = 64155

Phase 4.1.1.2 Post Placement Timing Optimization
INFO: [Place 30-746] Post Placement Timing Summary WNS=1.701. For the most accurate timing information please run report_timing.
Phase 4.1.1.2 Post Placement Timing Optimization | Checksum: 2387d0319

Time (s): cpu = 00:01:13 ; elapsed = 00:00:26 . Memory (MB): peak = 3094.523 ; gain = 189.816 ; free physical = 52671 ; free virtual = 64161

Time (s): cpu = 00:01:13 ; elapsed = 00:00:26 . Memory (MB): peak = 3094.523 ; gain = 189.816 ; free physical = 52671 ; free virtual = 64161
Phase 4.1 Post Commit Optimization | Checksum: 2387d0319

Time (s): cpu = 00:01:14 ; elapsed = 00:00:26 . Memory (MB): peak = 3094.523 ; gain = 189.816 ; free physical = 52670 ; free virtual = 64160

Phase 4.2 Post Placement Cleanup
Phase 4.2 Post Placement Cleanup | Checksum: 2387d0319

Time (s): cpu = 00:01:14 ; elapsed = 00:00:26 . Memory (MB): peak = 3094.523 ; gain = 189.816 ; free physical = 52653 ; free virtual = 64143

Phase 4.3 Placer Reporting

Phase 4.3.1 Print Estimated Congestion
INFO: [Place 30-612] Post-Placement Estimated Congestion 
 ____________________________________________________
|           | Global Congestion | Short Congestion  |
| Direction | Region Size       | Region Size       |
|___________|___________________|___________________|
|      North|                1x1|                4x4|
|___________|___________________|___________________|
|      South|                1x1|                4x4|
|___________|___________________|___________________|
|       East|                1x1|                2x2|
|___________|___________________|___________________|
|       West|                1x1|                4x4|
|___________|___________________|___________________|

Phase 4.3.1 Print Estimated Congestion | Checksum: 2387d0319

Time (s): cpu = 00:01:14 ; elapsed = 00:00:26 . Memory (MB): peak = 3094.523 ; gain = 189.816 ; free physical = 52653 ; free virtual = 64143
Phase 4.3 Placer Reporting | Checksum: 2387d0319

Time (s): cpu = 00:01:14 ; elapsed = 00:00:26 . Memory (MB): peak = 3094.523 ; gain = 189.816 ; free physical = 52663 ; free virtual = 64153

Phase 4.4 Final Placement Cleanup
Netlist sorting complete. Time (s): cpu = 00:00:00.01 ; elapsed = 00:00:00.02 . Memory (MB): peak = 3094.523 ; gain = 0.000 ; free physical = 52663 ; free virtual = 64153

Time (s): cpu = 00:01:14 ; elapsed = 00:00:26 . Memory (MB): peak = 3094.523 ; gain = 189.816 ; free physical = 52663 ; free virtual = 64153
Phase 4 Post Placement Optimization and Clean-Up | Checksum: 2565a7d00

Time (s): cpu = 00:01:14 ; elapsed = 00:00:26 . Memory (MB): peak = 3094.523 ; gain = 189.816 ; free physical = 52666 ; free virtual = 64157
Ending Placer Task | Checksum: 18b7a66a7

Time (s): cpu = 00:01:15 ; elapsed = 00:00:26 . Memory (MB): peak = 3094.523 ; gain = 189.816 ; free physical = 52668 ; free virtual = 64158
89 Infos, 3 Warnings, 0 Critical Warnings and 0 Errors encountered.
place_design completed successfully
place_design: Time (s): cpu = 00:01:17 ; elapsed = 00:00:27 . Memory (MB): peak = 3094.523 ; gain = 229.715 ; free physical = 52668 ; free virtual = 64158
INFO: [Vivado 12-24838] Running report commands "report_control_sets, report_io, report_utilization" in parallel.
Running report generation with 3 threads.
INFO: [Vivado 12-24828] Executing command : report_io -file design_1_wrapper_io_placed.rpt
report_io: Time (s): cpu = 00:00:00.18 ; elapsed = 00:00:00.1 . Memory (MB): peak = 3094.523 ; gain = 0.000 ; free physical = 52628 ; free virtual = 64118
INFO: [Vivado 12-24828] Executing command : report_control_sets -verbose -file design_1_wrapper_control_sets_placed.rpt
report_control_sets: Time (s): cpu = 00:00:00.22 ; elapsed = 00:00:00.13 . Memory (MB): peak = 3094.523 ; gain = 0.000 ; free physical = 52621 ; free virtual = 64111
INFO: [Vivado 12-24828] Executing command : report_utilization -file design_1_wrapper_utilization_placed.rpt -pb design_1_wrapper_utilization_placed.pb
INFO: [Timing 38-480] Writing timing data to binary archive.
Write ShapeDB Complete: Time (s): cpu = 00:00:00.3 ; elapsed = 00:00:00.07 . Memory (MB): peak = 3094.523 ; gain = 0.000 ; free physical = 52587 ; free virtual = 64087
Wrote PlaceDB: Time (s): cpu = 00:00:03 ; elapsed = 00:00:01 . Memory (MB): peak = 3094.523 ; gain = 0.000 ; free physical = 52548 ; free virtual = 64084
Wrote PulsedLatchDB: Time (s): cpu = 00:00:00 ; elapsed = 00:00:00 . Memory (MB): peak = 3094.523 ; gain = 0.000 ; free physical = 52548 ; free virtual = 64084
Writing XDEF routing.
Writing XDEF routing logical nets.
Writing XDEF routing special nets.
Wrote RouteStorage: Time (s): cpu = 00:00:00.03 ; elapsed = 00:00:00.03 . Memory (MB): peak = 3094.523 ; gain = 0.000 ; free physical = 52548 ; free virtual = 64085
Wrote Netlist Cache: Time (s): cpu = 00:00:00.02 ; elapsed = 00:00:00.02 . Memory (MB): peak = 3094.523 ; gain = 0.000 ; free physical = 52540 ; free virtual = 64080
Wrote Device Cache: Time (s): cpu = 00:00:00 ; elapsed = 00:00:00.01 . Memory (MB): peak = 3094.523 ; gain = 0.000 ; free physical = 52532 ; free virtual = 64072
Write Physdb Complete: Time (s): cpu = 00:00:03 ; elapsed = 00:00:01 . Memory (MB): peak = 3094.523 ; gain = 0.000 ; free physical = 52537 ; free virtual = 64077
INFO: [Common 17-1381] The checkpoint '/home/pjs/Desktop/smollm2-zybo/hw/vivado_project/GPTalk.runs/impl_1/design_1_wrapper_placed.dcp' has been generated.
Command: phys_opt_design -directive AggressiveExplore
Attempting to get a license for feature 'Implementation' and/or device 'xc7z020'
INFO: [Common 17-349] Got license for feature 'Implementation' and/or device 'xc7z020'
INFO: [Vivado_Tcl 4-137] Directive used for phys_opt_design is: AggressiveExplore

Starting Initial Update Timing Task

Time (s): cpu = 00:00:06 ; elapsed = 00:00:02 . Memory (MB): peak = 3094.523 ; gain = 0.000 ; free physical = 52587 ; free virtual = 64089
INFO: [Vivado_Tcl 4-2280] Estimated Timing Summary | WNS= 1.701 | TNS= 0.000 | WHS= -0.280 |
INFO: [Vivado_Tcl 4-383] Design worst setup slack (WNS) is greater than or equal to 0.000 ns. All physical synthesis setup optimizations will be skipped.
INFO: [Vivado_Tcl 4-1435] PhysOpt_Tcl_Interface Runtime Before Starting Physical Synthesis Task | CPU: 6.65s |  WALL: 1.65s
Netlist sorting complete. Time (s): cpu = 00:00:00 ; elapsed = 00:00:00.01 . Memory (MB): peak = 3094.523 ; gain = 0.000 ; free physical = 52587 ; free virtual = 64089

Starting Physical Synthesis Task

Phase 1 Physical Synthesis Initialization
INFO: [Physopt 32-721] Multithreading enabled for phys_opt_design using a maximum of 8 CPUs
INFO: [Physopt 32-619] Estimated Timing Summary | WNS=1.701 | TNS=0.000 |
Phase 1 Physical Synthesis Initialization | Checksum: 1dcf1b218

Time (s): cpu = 00:00:03 ; elapsed = 00:00:00.62 . Memory (MB): peak = 3094.523 ; gain = 0.000 ; free physical = 52624 ; free virtual = 64127

Phase 2 Hold Fix Optimization
INFO: [Physopt 32-668] Estimated Timing Summary | WNS=1.701 | TNS=0.000 | WHS=-0.280 | THS=-6.614 |
INFO: [Physopt 32-45] Identified 1 candidate net for hold slack optimization.
INFO: [Physopt 32-234] Optimized 1 net. Inserted 0 new ZHOLD_DELAYs. Calibrated 0 existing ZHOLD_DELAYs. Inserted 1 buffer.

Netlist sorting complete. Time (s): cpu = 00:00:00.01 ; elapsed = 00:00:00.01 . Memory (MB): peak = 3094.523 ; gain = 0.000 ; free physical = 52645 ; free virtual = 64148
INFO: [Physopt 32-668] Estimated Timing Summary | WNS=1.701 | TNS=0.000 | WHS=-0.129 | THS=-6.334 |
Phase 2 Hold Fix Optimization | Checksum: 1254acffa

Time (s): cpu = 00:00:04 ; elapsed = 00:00:01 . Memory (MB): peak = 3094.523 ; gain = 0.000 ; free physical = 52645 ; free virtual = 64148
Netlist sorting complete. Time (s): cpu = 00:00:00 ; elapsed = 00:00:00 . Memory (MB): peak = 3094.523 ; gain = 0.000 ; free physical = 52644 ; free virtual = 64147
INFO: [Physopt 32-669] Post Physical Optimization Timing Summary | WNS=1.701 | TNS=0.000 | WHS=-0.129 | THS=-6.334 |

Summary of Physical Synthesis Optimizations
============================================


----------------------------------------------------------------------------------------------------------------------------------------------------------------------
|  Optimization            |  WNS Gain (ns)  |  TNS Gain (ns)  |  Added Cells  |  Removed Cells  |  Optimized Cells/Nets  |  Dont Touch  |  Iterations  |  Elapsed   |
----------------------------------------------------------------------------------------------------------------------------------------------------------------------
|  Fanout                  |          0.000  |          0.000  |            0  |              0  |                     0  |           0  |           0  |  00:00:00  |
|  Single Cell Placement   |          0.000  |          0.000  |            0  |              0  |                     0  |           0  |           0  |  00:00:00  |
|  Multi Cell Placement    |          0.000  |          0.000  |            0  |              0  |                     0  |           0  |           0  |  00:00:00  |
|  Rewire                  |          0.000  |          0.000  |            0  |              0  |                     0  |           0  |           0  |  00:00:00  |
|  Critical Cell           |          0.000  |          0.000  |            0  |              0  |                     0  |           0  |           0  |  00:00:00  |
|  SLR Crossing            |          0.000  |          0.000  |            0  |              0  |                     0  |           0  |           0  |  00:00:00  |
|  DSP Register            |          0.000  |          0.000  |            0  |              0  |                     0  |           0  |           0  |  00:00:00  |
|  BRAM Register           |          0.000  |          0.000  |            0  |              0  |                     0  |           0  |           0  |  00:00:00  |
|  URAM Register           |          0.000  |          0.000  |            0  |              0  |                     0  |           0  |           0  |  00:00:00  |
|  Shift Register          |          0.000  |          0.000  |            0  |              0  |                     0  |           0  |           0  |  00:00:00  |
|  Critical Pin            |          0.000  |          0.000  |            0  |              0  |                     0  |           0  |           0  |  00:00:00  |
|  Very High Fanout        |          0.000  |          0.000  |            0  |              0  |                     0  |           0  |           0  |  00:00:00  |
|  Total                   |          0.000  |          0.000  |            0  |              0  |                     0  |           0  |           0  |  00:00:00  |
----------------------------------------------------------------------------------------------------------------------------------------------------------------------


Summary of Hold Fix Optimizations
=================================


--------------------------------------------------------------------------------------------------------------------------------------------------------------
|  Optimization               |  WHS Gain (ns)  |  THS Gain (ns)  |  Added LUTs  |  Added FFs  |  Optimized Nets  |  Dont Touch  |  Iterations  |  Elapsed   |
--------------------------------------------------------------------------------------------------------------------------------------------------------------
|  LUT1 and ZHOLD Insertion   |          0.151  |          0.280  |           1  |          0  |               1  |           0  |           1  |  00:00:00  |
|  Total                      |          0.151  |          0.280  |           1  |          0  |               1  |           0  |           1  |  00:00:00  |
--------------------------------------------------------------------------------------------------------------------------------------------------------------


Netlist sorting complete. Time (s): cpu = 00:00:00.01 ; elapsed = 00:00:00.01 . Memory (MB): peak = 3094.523 ; gain = 0.000 ; free physical = 52644 ; free virtual = 64147
Ending Physical Synthesis Task | Checksum: cef6beb6

Time (s): cpu = 00:00:04 ; elapsed = 00:00:01 . Memory (MB): peak = 3094.523 ; gain = 0.000 ; free physical = 52649 ; free virtual = 64152
INFO: [Common 17-83] Releasing license: Implementation
108 Infos, 3 Warnings, 0 Critical Warnings and 0 Errors encountered.
phys_opt_design completed successfully
INFO: [Timing 38-480] Writing timing data to binary archive.
Write ShapeDB Complete: Time (s): cpu = 00:00:00.21 ; elapsed = 00:00:00.05 . Memory (MB): peak = 3122.719 ; gain = 19.289 ; free physical = 52623 ; free virtual = 64132
Wrote PlaceDB: Time (s): cpu = 00:00:03 ; elapsed = 00:00:01 . Memory (MB): peak = 3122.719 ; gain = 19.289 ; free physical = 52519 ; free virtual = 64066
Wrote PulsedLatchDB: Time (s): cpu = 00:00:00 ; elapsed = 00:00:00 . Memory (MB): peak = 3122.719 ; gain = 0.000 ; free physical = 52519 ; free virtual = 64066
Writing XDEF routing.
Writing XDEF routing logical nets.
Writing XDEF routing special nets.
Wrote RouteStorage: Time (s): cpu = 00:00:00.03 ; elapsed = 00:00:00.03 . Memory (MB): peak = 3122.719 ; gain = 0.000 ; free physical = 52515 ; free virtual = 64062
Wrote Netlist Cache: Time (s): cpu = 00:00:00.02 ; elapsed = 00:00:00.02 . Memory (MB): peak = 3122.719 ; gain = 0.000 ; free physical = 52507 ; free virtual = 64057
Wrote Device Cache: Time (s): cpu = 00:00:00.01 ; elapsed = 00:00:00 . Memory (MB): peak = 3122.719 ; gain = 0.000 ; free physical = 52506 ; free virtual = 64058
Write Physdb Complete: Time (s): cpu = 00:00:03 ; elapsed = 00:00:01 . Memory (MB): peak = 3122.719 ; gain = 19.289 ; free physical = 52502 ; free virtual = 64053
INFO: [Common 17-1381] The checkpoint '/home/pjs/Desktop/smollm2-zybo/hw/vivado_project/GPTalk.runs/impl_1/design_1_wrapper_physopt.dcp' has been generated.
Command: route_design -directive AggressiveExplore -tns_cleanup
Attempting to get a license for feature 'Implementation' and/or device 'xc7z020'
INFO: [Common 17-349] Got license for feature 'Implementation' and/or device 'xc7z020'
INFO: [DRC 23-27] Running DRC with 8 threads
INFO: [Vivado_Tcl 4-198] DRC finished with 0 Errors
INFO: [Vivado_Tcl 4-199] Please refer to the DRC report (report_drc) for more information.


Starting Routing Task
INFO: [Route 35-270] Using Router directive 'AggressiveExplore'.
INFO: [Route 35-254] Multithreading enabled for route_design using a maximum of 8 CPUs

Phase 1 Build RT Design
Checksum: PlaceDB: 66a4dec ConstDB: 0 ShapeSum: 41086426 RouteDB: 15f972f0
Post Restoration Checksum: NetGraph: c7f19e92 | NumContArr: d9f4ba45 | Constraints: c2a8fa9d | Timing: c2a8fa9d
Phase 1 Build RT Design | Checksum: 327384e11

Time (s): cpu = 00:00:19 ; elapsed = 00:00:11 . Memory (MB): peak = 3214.539 ; gain = 23.000 ; free physical = 52477 ; free virtual = 63991

Phase 2 Router Initialization

Phase 2.1 Fix Topology Constraints
Phase 2.1 Fix Topology Constraints | Checksum: 327384e11

Time (s): cpu = 00:00:19 ; elapsed = 00:00:11 . Memory (MB): peak = 3214.539 ; gain = 23.000 ; free physical = 52472 ; free virtual = 63987

Phase 2.2 Pre Route Cleanup
Phase 2.2 Pre Route Cleanup | Checksum: 327384e11

Time (s): cpu = 00:00:19 ; elapsed = 00:00:11 . Memory (MB): peak = 3214.539 ; gain = 23.000 ; free physical = 52472 ; free virtual = 63987
 Number of Nodes with overlaps = 0

Phase 2.3 Update Timing
Phase 2.3 Update Timing | Checksum: 2eae60957

Time (s): cpu = 00:00:29 ; elapsed = 00:00:14 . Memory (MB): peak = 3252.844 ; gain = 61.305 ; free physical = 52453 ; free virtual = 63970
INFO: [Route 35-416] Intermediate Timing Summary | WNS=1.822  | TNS=0.000  | WHS=-0.356 | THS=-743.330|


Router Utilization Summary
  Global Vertical Routing Utilization    = 0 %
  Global Horizontal Routing Utilization  = 0 %
  Routable Net Status*
  *Does not include unroutable nets such as driverless and loadless.
  Run report_route_status for detailed report.
  Number of Failed Nets               = 35462
    (Failed Nets is the sum of unrouted and partially routed nets)
  Number of Unrouted Nets             = 35462
  Number of Partially Routed Nets     = 0
  Number of Node Overlaps             = 0

Phase 2 Router Initialization | Checksum: 33deb863d

Time (s): cpu = 00:00:34 ; elapsed = 00:00:15 . Memory (MB): peak = 3295.844 ; gain = 104.305 ; free physical = 52382 ; free virtual = 63899

Phase 3 Global Routing
Phase 3 Global Routing | Checksum: 33deb863d

Time (s): cpu = 00:00:35 ; elapsed = 00:00:15 . Memory (MB): peak = 3295.844 ; gain = 104.305 ; free physical = 52386 ; free virtual = 63903

Phase 4 Initial Routing

Phase 4.1 Initial Net Routing Pass
Phase 4.1 Initial Net Routing Pass | Checksum: 19670bb8d

Time (s): cpu = 00:00:43 ; elapsed = 00:00:17 . Memory (MB): peak = 3391.336 ; gain = 199.797 ; free physical = 52237 ; free virtual = 63755
Phase 4 Initial Routing | Checksum: 19670bb8d

Time (s): cpu = 00:00:43 ; elapsed = 00:00:18 . Memory (MB): peak = 3391.336 ; gain = 199.797 ; free physical = 52237 ; free virtual = 63755

Phase 5 Rip-up And Reroute

Phase 5.1 Global Iteration 0
 Number of Nodes with overlaps = 5226
 Number of Nodes with overlaps = 500
 Number of Nodes with overlaps = 65
 Number of Nodes with overlaps = 18
 Number of Nodes with overlaps = 4
 Number of Nodes with overlaps = 0
INFO: [Route 35-416] Intermediate Timing Summary | WNS=1.427  | TNS=0.000  | WHS=N/A    | THS=N/A    |

Phase 5.1 Global Iteration 0 | Checksum: 2ce30af3e

Time (s): cpu = 00:01:02 ; elapsed = 00:00:27 . Memory (MB): peak = 3391.336 ; gain = 199.797 ; free physical = 52333 ; free virtual = 63850

Phase 5.2 Global Iteration 1
 Number of Nodes with overlaps = 4
 Number of Nodes with overlaps = 0
INFO: [Route 35-416] Intermediate Timing Summary | WNS=1.427  | TNS=0.000  | WHS=N/A    | THS=N/A    |

Phase 5.2 Global Iteration 1 | Checksum: 1e1b5e186

Time (s): cpu = 00:01:03 ; elapsed = 00:00:27 . Memory (MB): peak = 3391.336 ; gain = 199.797 ; free physical = 52317 ; free virtual = 63834
Phase 5 Rip-up And Reroute | Checksum: 1e1b5e186

Time (s): cpu = 00:01:03 ; elapsed = 00:00:27 . Memory (MB): peak = 3391.336 ; gain = 199.797 ; free physical = 52317 ; free virtual = 63834

Phase 6 Delay and Skew Optimization

Phase 6.1 TNS Cleanup

Phase 6.1.1 Delay CleanUp

Phase 6.1.1.1 Update Timing
Phase 6.1.1.1 Update Timing | Checksum: 2660c87f2

Time (s): cpu = 00:01:05 ; elapsed = 00:00:27 . Memory (MB): peak = 3391.336 ; gain = 199.797 ; free physical = 52326 ; free virtual = 63844
INFO: [Route 35-416] Intermediate Timing Summary | WNS=1.427  | TNS=0.000  | WHS=N/A    | THS=N/A    |

Phase 6.1.1 Delay CleanUp | Checksum: 2660c87f2

Time (s): cpu = 00:01:05 ; elapsed = 00:00:27 . Memory (MB): peak = 3391.336 ; gain = 199.797 ; free physical = 52326 ; free virtual = 63844
Phase 6.1 TNS Cleanup | Checksum: 2660c87f2

Time (s): cpu = 00:01:05 ; elapsed = 00:00:28 . Memory (MB): peak = 3391.336 ; gain = 199.797 ; free physical = 52326 ; free virtual = 63844

Phase 6.2 Clock Skew Optimization
Phase 6.2 Clock Skew Optimization | Checksum: 2660c87f2

Time (s): cpu = 00:01:05 ; elapsed = 00:00:28 . Memory (MB): peak = 3391.336 ; gain = 199.797 ; free physical = 52326 ; free virtual = 63844
Phase 6 Delay and Skew Optimization | Checksum: 2660c87f2

Time (s): cpu = 00:01:05 ; elapsed = 00:00:28 . Memory (MB): peak = 3391.336 ; gain = 199.797 ; free physical = 52322 ; free virtual = 63840

Phase 7 Post Hold Fix

Phase 7.1 Hold Fix Iter
INFO: [Route 35-416] Intermediate Timing Summary | WNS=1.427  | TNS=0.000  | WHS=0.016  | THS=0.000  |

Phase 7.1 Hold Fix Iter | Checksum: 2a4a016e8

Time (s): cpu = 00:01:08 ; elapsed = 00:00:28 . Memory (MB): peak = 3391.336 ; gain = 199.797 ; free physical = 52332 ; free virtual = 63850
Phase 7 Post Hold Fix | Checksum: 2a4a016e8

Time (s): cpu = 00:01:08 ; elapsed = 00:00:28 . Memory (MB): peak = 3391.336 ; gain = 199.797 ; free physical = 52331 ; free virtual = 63850

Phase 8 Route finalize

Router Utilization Summary
  Global Vertical Routing Utilization    = 9.76043 %
  Global Horizontal Routing Utilization  = 13.2472 %
  Routable Net Status*
  *Does not include unroutable nets such as driverless and loadless.
  Run report_route_status for detailed report.
  Number of Failed Nets               = 0
    (Failed Nets is the sum of unrouted and partially routed nets)
  Number of Unrouted Nets             = 0
  Number of Partially Routed Nets     = 0
  Number of Node Overlaps             = 0

Phase 8 Route finalize | Checksum: 2a4a016e8

Time (s): cpu = 00:01:08 ; elapsed = 00:00:28 . Memory (MB): peak = 3391.336 ; gain = 199.797 ; free physical = 52324 ; free virtual = 63841

Phase 9 Verifying routed nets

 Verification completed successfully
Phase 9 Verifying routed nets | Checksum: 2a4a016e8

Time (s): cpu = 00:01:08 ; elapsed = 00:00:28 . Memory (MB): peak = 3391.336 ; gain = 199.797 ; free physical = 52327 ; free virtual = 63845

Phase 10 Depositing Routes
Phase 10 Depositing Routes | Checksum: 2a9d65362

Time (s): cpu = 00:01:10 ; elapsed = 00:00:29 . Memory (MB): peak = 3391.336 ; gain = 199.797 ; free physical = 52324 ; free virtual = 63841
INFO: [Route 72-16] Aggressive Explore Summary
+======+=======+=====+=======+=====+========+==============+===================+
| Pass |  WNS  | TNS |  WHS  | THS | Status | Elapsed Time | Solution Selected |
+======+=======+=====+=======+=====+========+==============+===================+
|  1   | 1.427 |  -  | 0.016 |  -  |  Pass  |   00:00:18   |         x         |
|  2   |   -   |  -  |   -   |  -  |  Skip  |   00:00:00   |                   |
+------+-------+-----+-------+-----+--------+--------------+-------------------+


Phase 11 Post Process Routing
Phase 11 Post Process Routing | Checksum: 2a9d65362

Time (s): cpu = 00:01:11 ; elapsed = 00:00:29 . Memory (MB): peak = 3391.336 ; gain = 199.797 ; free physical = 52323 ; free virtual = 63841

Phase 12 Post Router Timing
INFO: [Route 35-20] Post Routing Timing Summary | WNS=1.427  | TNS=0.000  | WHS=0.016  | THS=0.000  |

Phase 12 Post Router Timing | Checksum: 28a8efb24

Time (s): cpu = 00:01:20 ; elapsed = 00:00:31 . Memory (MB): peak = 3391.336 ; gain = 199.797 ; free physical = 52337 ; free virtual = 63853
INFO: [Route 35-61] The design met the timing requirement.
Total Elapsed time in route_design: 31.05 secs

Phase 13 Post-Route Event Processing
Phase 13 Post-Route Event Processing | Checksum: 1275f694c

Time (s): cpu = 00:01:21 ; elapsed = 00:00:31 . Memory (MB): peak = 3391.336 ; gain = 199.797 ; free physical = 52328 ; free virtual = 63844
INFO: [Route 35-16] Router Completed Successfully
Ending Routing Task | Checksum: 1275f694c

Time (s): cpu = 00:01:21 ; elapsed = 00:00:31 . Memory (MB): peak = 3391.336 ; gain = 199.797 ; free physical = 52333 ; free virtual = 63850

Routing Is Done.
INFO: [Common 17-83] Releasing license: Implementation
126 Infos, 3 Warnings, 0 Critical Warnings and 0 Errors encountered.
route_design completed successfully
route_design: Time (s): cpu = 00:01:22 ; elapsed = 00:00:32 . Memory (MB): peak = 3391.336 ; gain = 268.617 ; free physical = 52329 ; free virtual = 63845
INFO: [Vivado 12-24828] Executing command : report_drc -file design_1_wrapper_drc_routed.rpt -pb design_1_wrapper_drc_routed.pb -rpx design_1_wrapper_drc_routed.rpx
Command: report_drc -file design_1_wrapper_drc_routed.rpt -pb design_1_wrapper_drc_routed.pb -rpx design_1_wrapper_drc_routed.rpx
INFO: [IP_Flow 19-1839] IP Catalog is up to date.
INFO: [DRC 23-27] Running DRC with 8 threads
INFO: [Vivado_Tcl 2-168] The results of DRC are in file /home/pjs/Desktop/smollm2-zybo/hw/vivado_project/GPTalk.runs/impl_1/design_1_wrapper_drc_routed.rpt.
report_drc completed successfully
INFO: [Vivado 12-24828] Executing command : report_methodology -file design_1_wrapper_methodology_drc_routed.rpt -pb design_1_wrapper_methodology_drc_routed.pb -rpx design_1_wrapper_methodology_drc_routed.rpx
Command: report_methodology -file design_1_wrapper_methodology_drc_routed.rpt -pb design_1_wrapper_methodology_drc_routed.pb -rpx design_1_wrapper_methodology_drc_routed.rpx
INFO: [Timing 38-35] Done setting XDC timing constraints.
INFO: [DRC 23-133] Running Methodology with 8 threads
INFO: [Vivado_Tcl 2-1520] The results of Report Methodology are in file /home/pjs/Desktop/smollm2-zybo/hw/vivado_project/GPTalk.runs/impl_1/design_1_wrapper_methodology_drc_routed.rpt.
report_methodology completed successfully
INFO: [Vivado 12-24828] Executing command : report_timing_summary -max_paths 10 -report_unconstrained -file design_1_wrapper_timing_summary_routed.rpt -pb design_1_wrapper_timing_summary_routed.pb -rpx design_1_wrapper_timing_summary_routed.rpx
INFO: [Timing 38-35] Done setting XDC timing constraints.
INFO: [Timing 38-91] UpdateTimingParams: Speed grade: -1, Delay Type: min_max.
INFO: [Timing 38-191] Multithreading enabled for timing update using a maximum of 8 CPUs
INFO: [Vivado 12-24838] Running report commands "report_bus_skew, report_incremental_reuse, report_route_status" in parallel.
Running report generation with 3 threads.
INFO: [Vivado 12-24828] Executing command : report_incremental_reuse -file design_1_wrapper_incremental_reuse_routed.rpt
INFO: [Vivado_Tcl 4-1062] Incremental flow is disabled. No incremental reuse Info to report.
INFO: [Vivado 12-24828] Executing command : report_bus_skew -warn_on_violation -file design_1_wrapper_bus_skew_routed.rpt -pb design_1_wrapper_bus_skew_routed.pb -rpx design_1_wrapper_bus_skew_routed.rpx
INFO: [Timing 38-91] UpdateTimingParams: Speed grade: -1, Delay Type: min_max.
INFO: [Timing 38-191] Multithreading enabled for timing update using a maximum of 8 CPUs
INFO: [Vivado 12-24828] Executing command : report_route_status -file design_1_wrapper_route_status.rpt -pb design_1_wrapper_route_status.pb
INFO: [Vivado 12-24828] Executing command : report_power -file design_1_wrapper_power_routed.rpt -pb design_1_wrapper_power_summary_routed.pb -rpx design_1_wrapper_power_routed.rpx
Command: report_power -file design_1_wrapper_power_routed.rpt -pb design_1_wrapper_power_summary_routed.pb -rpx design_1_wrapper_power_routed.rpx
Running Vector-less Activity Propagation...

Finished Running Vector-less Activity Propagation
WARNING: [Power 33-332] Found switching activity that implies high-fanout reset nets being asserted for excessive periods of time which may result in inaccurate power analysis.
Resolution: To review and fix problems, please run Power Constraints Advisor in the GUI from Tools > Power Constraints Advisor or run report_power with the -advisory option to generate a text report.
146 Infos, 4 Warnings, 0 Critical Warnings and 0 Errors encountered.
report_power completed successfully
INFO: [Vivado 12-24828] Executing command : report_clock_utilization -file design_1_wrapper_clock_utilization_routed.rpt
generate_parallel_reports: Time (s): cpu = 00:00:51 ; elapsed = 00:00:14 . Memory (MB): peak = 3447.363 ; gain = 56.027 ; free physical = 52266 ; free virtual = 63796
INFO: [Timing 38-480] Writing timing data to binary archive.
Write ShapeDB Complete: Time (s): cpu = 00:00:00.22 ; elapsed = 00:00:00.05 . Memory (MB): peak = 3447.363 ; gain = 0.000 ; free physical = 52252 ; free virtual = 63789
Wrote PlaceDB: Time (s): cpu = 00:00:03 ; elapsed = 00:00:00.99 . Memory (MB): peak = 3447.363 ; gain = 0.000 ; free physical = 52164 ; free virtual = 63738
Wrote PulsedLatchDB: Time (s): cpu = 00:00:00 ; elapsed = 00:00:00 . Memory (MB): peak = 3447.363 ; gain = 0.000 ; free physical = 52164 ; free virtual = 63738
Writing XDEF routing.
Writing XDEF routing logical nets.
Writing XDEF routing special nets.
Wrote RouteStorage: Time (s): cpu = 00:00:00.27 ; elapsed = 00:00:00.16 . Memory (MB): peak = 3447.363 ; gain = 0.000 ; free physical = 52189 ; free virtual = 63769
Wrote Netlist Cache: Time (s): cpu = 00:00:00.01 ; elapsed = 00:00:00.02 . Memory (MB): peak = 3447.363 ; gain = 0.000 ; free physical = 52189 ; free virtual = 63772
Wrote Device Cache: Time (s): cpu = 00:00:00.01 ; elapsed = 00:00:00 . Memory (MB): peak = 3447.363 ; gain = 0.000 ; free physical = 52189 ; free virtual = 63773
Write Physdb Complete: Time (s): cpu = 00:00:03 ; elapsed = 00:00:01 . Memory (MB): peak = 3447.363 ; gain = 0.000 ; free physical = 52189 ; free virtual = 63773
INFO: [Common 17-1381] The checkpoint '/home/pjs/Desktop/smollm2-zybo/hw/vivado_project/GPTalk.runs/impl_1/design_1_wrapper_routed.dcp' has been generated.
Command: phys_opt_design -directive AggressiveExplore
Attempting to get a license for feature 'Implementation' and/or device 'xc7z020'
INFO: [Common 17-349] Got license for feature 'Implementation' and/or device 'xc7z020'
INFO: [Vivado_Tcl 4-241] Physical synthesis in post route mode 
INFO: [Vivado_Tcl 4-137] Directive used for phys_opt_design is: AggressiveExplore
INFO: [Vivado_Tcl 4-2280] Estimated Timing Summary | WNS= 1.427 | TNS= 0.000 | WHS= 0.016 |
INFO: [Vivado_Tcl 4-383] Design worst setup slack (WNS) is greater than or equal to 0.000 ns. All physical synthesis setup optimizations will be skipped.
INFO: [Vivado_Tcl 4-2291] Design worst hold slack (WHS) is greater than or equal to 0.000 ns. Hold fix optimization will be skipped.
 
INFO: [Vivado_Tcl 4-232] No setup violation found. The netlist was not modified.
INFO: [Common 17-83] Releasing license: Implementation
157 Infos, 4 Warnings, 0 Critical Warnings and 0 Errors encountered.
phys_opt_design completed successfully
INFO: [Vivado 12-24828] Executing command : report_timing_summary -max_paths 10 -report_unconstrained -warn_on_violation -file design_1_wrapper_timing_summary_postroute_physopted.rpt -pb design_1_wrapper_timing_summary_postroute_physopted.pb -rpx design_1_wrapper_timing_summary_postroute_physopted.rpx
INFO: [Timing 38-91] UpdateTimingParams: Speed grade: -1, Delay Type: min_max.
INFO: [Timing 38-191] Multithreading enabled for timing update using a maximum of 8 CPUs
INFO: [Vivado 12-24828] Executing command : report_bus_skew -warn_on_violation -file design_1_wrapper_bus_skew_postroute_physopted.rpt -pb design_1_wrapper_bus_skew_postroute_physopted.pb -rpx design_1_wrapper_bus_skew_postroute_physopted.rpx
INFO: [Timing 38-91] UpdateTimingParams: Speed grade: -1, Delay Type: min_max.
INFO: [Timing 38-191] Multithreading enabled for timing update using a maximum of 8 CPUs
INFO: [Timing 38-480] Writing timing data to binary archive.
Write ShapeDB Complete: Time (s): cpu = 00:00:00.22 ; elapsed = 00:00:00.05 . Memory (MB): peak = 3447.363 ; gain = 0.000 ; free physical = 52208 ; free virtual = 63762
Wrote PlaceDB: Time (s): cpu = 00:00:03 ; elapsed = 00:00:01 . Memory (MB): peak = 3447.363 ; gain = 0.000 ; free physical = 52158 ; free virtual = 63748
Wrote PulsedLatchDB: Time (s): cpu = 00:00:00 ; elapsed = 00:00:00 . Memory (MB): peak = 3447.363 ; gain = 0.000 ; free physical = 52158 ; free virtual = 63748
Writing XDEF routing.
Writing XDEF routing logical nets.
Writing XDEF routing special nets.
Wrote RouteStorage: Time (s): cpu = 00:00:00.27 ; elapsed = 00:00:00.16 . Memory (MB): peak = 3447.363 ; gain = 0.000 ; free physical = 52145 ; free virtual = 63741
Wrote Netlist Cache: Time (s): cpu = 00:00:00.02 ; elapsed = 00:00:00.02 . Memory (MB): peak = 3447.363 ; gain = 0.000 ; free physical = 52137 ; free virtual = 63737
Wrote Device Cache: Time (s): cpu = 00:00:00 ; elapsed = 00:00:00 . Memory (MB): peak = 3447.363 ; gain = 0.000 ; free physical = 52133 ; free virtual = 63734
Write Physdb Complete: Time (s): cpu = 00:00:03 ; elapsed = 00:00:01 . Memory (MB): peak = 3447.363 ; gain = 0.000 ; free physical = 52146 ; free virtual = 63748
INFO: [Common 17-1381] The checkpoint '/home/pjs/Desktop/smollm2-zybo/hw/vivado_project/GPTalk.runs/impl_1/design_1_wrapper_postroute_physopt.dcp' has been generated.
INFO: [Memdata 28-208] The XPM instance: <design_1_i/s2mm_axis_fifo/inst/gen_fifo.xpm_fifo_axis_inst/xpm_fifo_base_inst/gen_sdpram.xpm_memory_base_inst> is part of IP: <design_1_i/s2mm_axis_fifo>. This XPM instance will be excluded from the .mmi because updatemem is prohibited from making changes to an XPM that is part of an IP.
INFO: [Memdata 28-208] The XPM instance: <design_1_i/mm2s_axis_fifo/inst/gen_fifo.xpm_fifo_axis_inst/xpm_fifo_base_inst/gen_sdpram.xpm_memory_base_inst> is part of IP: <design_1_i/mm2s_axis_fifo>. This XPM instance will be excluded from the .mmi because updatemem is prohibited from making changes to an XPM that is part of an IP.
INFO: [Memdata 28-167] Found XPM memory block design_1_i/axi_hp0_smc/inst/s01_nodes/s01_w_node/inst/inst_mi_handler/gen_normal_area.inst_fifo_node_payld/gen_xpm_memory_fifo.inst_fifo/gen_mem_rep[0].inst_xpm_memory/xpm_memory_base_inst with a P_MEMORY_PRIMITIVE property set to distributed. A value of block is required. You will not be able to use the updatemem program to update the bitstream with new data for the design_1_i/axi_hp0_smc/inst/s01_nodes/s01_w_node/inst/inst_mi_handler/gen_normal_area.inst_fifo_node_payld/gen_xpm_memory_fifo.inst_fifo/gen_mem_rep[0].inst_xpm_memory/xpm_memory_base_inst block.
INFO: [Memdata 28-167] Found XPM memory block design_1_i/axi_hp0_smc/inst/s01_nodes/s01_w_node/inst/inst_mi_handler/gen_normal_area.gen_fifo_req.inst_fifo_req/gen_xpm_memory_fifo.inst_fifo/gen_mem_rep[0].inst_xpm_memory/xpm_memory_base_inst with a P_MEMORY_PRIMITIVE property set to distributed. A value of block is required. You will not be able to use the updatemem program to update the bitstream with new data for the design_1_i/axi_hp0_smc/inst/s01_nodes/s01_w_node/inst/inst_mi_handler/gen_normal_area.gen_fifo_req.inst_fifo_req/gen_xpm_memory_fifo.inst_fifo/gen_mem_rep[0].inst_xpm_memory/xpm_memory_base_inst block.
INFO: [Memdata 28-167] Found XPM memory block design_1_i/axi_hp0_smc/inst/s01_nodes/s01_b_node/inst/inst_mi_handler/gen_normal_area.inst_fifo_node_payld/gen_xpm_memory_fifo.inst_fifo/gen_mem_rep[0].inst_xpm_memory/xpm_memory_base_inst with a P_MEMORY_PRIMITIVE property set to distributed. A value of block is required. You will not be able to use the updatemem program to update the bitstream with new data for the design_1_i/axi_hp0_smc/inst/s01_nodes/s01_b_node/inst/inst_mi_handler/gen_normal_area.inst_fifo_node_payld/gen_xpm_memory_fifo.inst_fifo/gen_mem_rep[0].inst_xpm_memory/xpm_memory_base_inst block.
INFO: [Memdata 28-167] Found XPM memory block design_1_i/axi_hp0_smc/inst/s01_nodes/s01_aw_node/inst/inst_mi_handler/gen_normal_area.inst_fifo_node_payld/gen_xpm_memory_fifo.inst_fifo/gen_mem_rep[0].inst_xpm_memory/xpm_memory_base_inst with a P_MEMORY_PRIMITIVE property set to distributed. A value of block is required. You will not be able to use the updatemem program to update the bitstream with new data for the design_1_i/axi_hp0_smc/inst/s01_nodes/s01_aw_node/inst/inst_mi_handler/gen_normal_area.inst_fifo_node_payld/gen_xpm_memory_fifo.inst_fifo/gen_mem_rep[0].inst_xpm_memory/xpm_memory_base_inst block.
INFO: [Memdata 28-167] Found XPM memory block design_1_i/axi_hp0_smc/inst/s00_nodes/s00_r_node/inst/inst_mi_handler/gen_normal_area.inst_fifo_node_payld/gen_xpm_memory_fifo.inst_fifo/gen_mem_rep[0].inst_xpm_memory/xpm_memory_base_inst with a P_MEMORY_PRIMITIVE property set to distributed. A value of block is required. You will not be able to use the updatemem program to update the bitstream with new data for the design_1_i/axi_hp0_smc/inst/s00_nodes/s00_r_node/inst/inst_mi_handler/gen_normal_area.inst_fifo_node_payld/gen_xpm_memory_fifo.inst_fifo/gen_mem_rep[0].inst_xpm_memory/xpm_memory_base_inst block.
INFO: [Memdata 28-167] Found XPM memory block design_1_i/axi_hp0_smc/inst/s00_nodes/s00_ar_node/inst/inst_mi_handler/gen_normal_area.inst_fifo_node_payld/gen_xpm_memory_fifo.inst_fifo/gen_mem_rep[0].inst_xpm_memory/xpm_memory_base_inst with a P_MEMORY_PRIMITIVE property set to distributed. A value of block is required. You will not be able to use the updatemem program to update the bitstream with new data for the design_1_i/axi_hp0_smc/inst/s00_nodes/s00_ar_node/inst/inst_mi_handler/gen_normal_area.inst_fifo_node_payld/gen_xpm_memory_fifo.inst_fifo/gen_mem_rep[0].inst_xpm_memory/xpm_memory_base_inst block.
INFO: [Memdata 28-167] Found XPM memory block design_1_i/axi_hp0_smc/inst/m00_nodes/m00_w_node/inst/inst_si_handler/gen_si_handler.gen_request_fifos.gen_req_fifo[1].inst_req_fifo/gen_xpm_memory_fifo.inst_fifo/gen_mem_rep[0].inst_xpm_memory/xpm_memory_base_inst with a P_MEMORY_PRIMITIVE property set to distributed. A value of block is required. You will not be able to use the updatemem program to update the bitstream with new data for the design_1_i/axi_hp0_smc/inst/m00_nodes/m00_w_node/inst/inst_si_handler/gen_si_handler.gen_request_fifos.gen_req_fifo[1].inst_req_fifo/gen_xpm_memory_fifo.inst_fifo/gen_mem_rep[0].inst_xpm_memory/xpm_memory_base_inst block.
INFO: [Memdata 28-167] Found XPM memory block design_1_i/axi_hp0_smc/inst/m00_nodes/m00_w_node/inst/inst_mi_handler/gen_normal_area.inst_fifo_node_payld/gen_xpm_memory_fifo.inst_fifo/gen_mem_rep[0].inst_xpm_memory/xpm_memory_base_inst with a P_MEMORY_PRIMITIVE property set to distributed. A value of block is required. You will not be able to use the updatemem program to update the bitstream with new data for the design_1_i/axi_hp0_smc/inst/m00_nodes/m00_w_node/inst/inst_mi_handler/gen_normal_area.inst_fifo_node_payld/gen_xpm_memory_fifo.inst_fifo/gen_mem_rep[0].inst_xpm_memory/xpm_memory_base_inst block.
INFO: [Memdata 28-167] Found XPM memory block design_1_i/axi_hp0_smc/inst/m00_nodes/m00_r_node/inst/inst_mi_handler/gen_normal_area.inst_fifo_node_payld/gen_xpm_memory_fifo.inst_fifo/gen_mem_rep[0].inst_xpm_memory/xpm_memory_base_inst with a P_MEMORY_PRIMITIVE property set to distributed. A value of block is required. You will not be able to use the updatemem program to update the bitstream with new data for the design_1_i/axi_hp0_smc/inst/m00_nodes/m00_r_node/inst/inst_mi_handler/gen_normal_area.inst_fifo_node_payld/gen_xpm_memory_fifo.inst_fifo/gen_mem_rep[0].inst_xpm_memory/xpm_memory_base_inst block.
INFO: [Memdata 28-167] Found XPM memory block design_1_i/axi_hp0_smc/inst/m00_nodes/m00_r_node/inst/inst_mi_handler/gen_normal_area.gen_fifo_req.inst_fifo_req/gen_xpm_memory_fifo.inst_fifo/gen_mem_rep[0].inst_xpm_memory/xpm_memory_base_inst with a P_MEMORY_PRIMITIVE property set to distributed. A value of block is required. You will not be able to use the updatemem program to update the bitstream with new data for the design_1_i/axi_hp0_smc/inst/m00_nodes/m00_r_node/inst/inst_mi_handler/gen_normal_area.gen_fifo_req.inst_fifo_req/gen_xpm_memory_fifo.inst_fifo/gen_mem_rep[0].inst_xpm_memory/xpm_memory_base_inst block.
INFO: [Memdata 28-167] Found XPM memory block design_1_i/axi_hp0_smc/inst/m00_nodes/m00_b_node/inst/inst_mi_handler/gen_normal_area.inst_fifo_node_payld/gen_xpm_memory_fifo.inst_fifo/gen_mem_rep[0].inst_xpm_memory/xpm_memory_base_inst with a P_MEMORY_PRIMITIVE property set to distributed. A value of block is required. You will not be able to use the updatemem program to update the bitstream with new data for the design_1_i/axi_hp0_smc/inst/m00_nodes/m00_b_node/inst/inst_mi_handler/gen_normal_area.inst_fifo_node_payld/gen_xpm_memory_fifo.inst_fifo/gen_mem_rep[0].inst_xpm_memory/xpm_memory_base_inst block.
INFO: [Memdata 28-167] Found XPM memory block design_1_i/axi_hp0_smc/inst/m00_nodes/m00_b_node/inst/inst_mi_handler/gen_normal_area.gen_fifo_req.inst_fifo_req/gen_xpm_memory_fifo.inst_fifo/gen_mem_rep[0].inst_xpm_memory/xpm_memory_base_inst with a P_MEMORY_PRIMITIVE property set to distributed. A value of block is required. You will not be able to use the updatemem program to update the bitstream with new data for the design_1_i/axi_hp0_smc/inst/m00_nodes/m00_b_node/inst/inst_mi_handler/gen_normal_area.gen_fifo_req.inst_fifo_req/gen_xpm_memory_fifo.inst_fifo/gen_mem_rep[0].inst_xpm_memory/xpm_memory_base_inst block.
INFO: [Memdata 28-167] Found XPM memory block design_1_i/axi_hp0_smc/inst/m00_nodes/m00_aw_node/inst/inst_mi_handler/gen_normal_area.inst_fifo_node_payld/gen_xpm_memory_fifo.inst_fifo/gen_mem_rep[0].inst_xpm_memory/xpm_memory_base_inst with a P_MEMORY_PRIMITIVE property set to distributed. A value of block is required. You will not be able to use the updatemem program to update the bitstream with new data for the design_1_i/axi_hp0_smc/inst/m00_nodes/m00_aw_node/inst/inst_mi_handler/gen_normal_area.inst_fifo_node_payld/gen_xpm_memory_fifo.inst_fifo/gen_mem_rep[0].inst_xpm_memory/xpm_memory_base_inst block.
INFO: [Memdata 28-167] Found XPM memory block design_1_i/axi_hp0_smc/inst/m00_nodes/m00_ar_node/inst/inst_mi_handler/gen_normal_area.inst_fifo_node_payld/gen_xpm_memory_fifo.inst_fifo/gen_mem_rep[0].inst_xpm_memory/xpm_memory_base_inst with a P_MEMORY_PRIMITIVE property set to distributed. A value of block is required. You will not be able to use the updatemem program to update the bitstream with new data for the design_1_i/axi_hp0_smc/inst/m00_nodes/m00_ar_node/inst/inst_mi_handler/gen_normal_area.inst_fifo_node_payld/gen_xpm_memory_fifo.inst_fifo/gen_mem_rep[0].inst_xpm_memory/xpm_memory_base_inst block.
INFO: [Memdata 28-167] Found XPM memory block design_1_i/axi_dma_0/U0/I_PRMRY_DATAMOVER/GEN_S2MM_FULL.I_S2MM_FULL_WRAPPER/GEN_ENABLE_INDET_BTT_SF.I_INDET_BTT/I_XD_FIFO/NON_BLK_MEM.I_SYNC_FIFOGEN_FIFO/xpm_fifo_instance.xpm_fifo_sync_inst/xpm_fifo_base_inst/gen_sdpram.xpm_memory_base_inst with a P_MEMORY_PRIMITIVE property set to auto. A value of block is required. You will not be able to use the updatemem program to update the bitstream with new data for the design_1_i/axi_dma_0/U0/I_PRMRY_DATAMOVER/GEN_S2MM_FULL.I_S2MM_FULL_WRAPPER/GEN_ENABLE_INDET_BTT_SF.I_INDET_BTT/I_XD_FIFO/NON_BLK_MEM.I_SYNC_FIFOGEN_FIFO/xpm_fifo_instance.xpm_fifo_sync_inst/xpm_fifo_base_inst/gen_sdpram.xpm_memory_base_inst block.
INFO: [Memdata 28-208] The XPM instance: <design_1_i/axi_dma_0/U0/I_PRMRY_DATAMOVER/GEN_S2MM_FULL.I_S2MM_FULL_WRAPPER/GEN_ENABLE_INDET_BTT_SF.I_INDET_BTT/I_DATA_FIFO/BLK_MEM.I_SYNC_FIFOGEN_FIFO/xpm_fifo_instance.xpm_fifo_sync_inst/xpm_fifo_base_inst/gen_sdpram.xpm_memory_base_inst> is part of IP: <design_1_i/axi_dma_0>. This XPM instance will be excluded from the .mmi because updatemem is prohibited from making changes to an XPM that is part of an IP.
INFO: [Memdata 28-208] The XPM instance: <design_1_i/axi_dma_0/U0/I_PRMRY_DATAMOVER/GEN_MM2S_FULL.I_MM2S_FULL_WRAPPER/GEN_INCLUDE_MM2S_SF.I_RD_SF/I_DATA_FIFO/BLK_MEM.I_SYNC_FIFOGEN_FIFO/xpm_fifo_instance.xpm_fifo_sync_inst/xpm_fifo_base_inst/gen_sdpram.xpm_memory_base_inst> is part of IP: <design_1_i/axi_dma_0>. This XPM instance will be excluded from the .mmi because updatemem is prohibited from making changes to an XPM that is part of an IP.
INFO: [Memdata 28-167] Found XPM memory block design_1_i/axi_ctrl_smc/inst/s00_nodes/s00_w_node/inst/inst_mi_handler/gen_normal_area.inst_fifo_node_payld/gen_xpm_memory_fifo.inst_fifo/gen_mem_rep[0].inst_xpm_memory/xpm_memory_base_inst with a P_MEMORY_PRIMITIVE property set to distributed. A value of block is required. You will not be able to use the updatemem program to update the bitstream with new data for the design_1_i/axi_ctrl_smc/inst/s00_nodes/s00_w_node/inst/inst_mi_handler/gen_normal_area.inst_fifo_node_payld/gen_xpm_memory_fifo.inst_fifo/gen_mem_rep[0].inst_xpm_memory/xpm_memory_base_inst block.
INFO: [Memdata 28-167] Found XPM memory block design_1_i/axi_ctrl_smc/inst/s00_nodes/s00_w_node/inst/inst_mi_handler/gen_normal_area.gen_fifo_req.inst_fifo_req/gen_xpm_memory_fifo.inst_fifo/gen_mem_rep[0].inst_xpm_memory/xpm_memory_base_inst with a P_MEMORY_PRIMITIVE property set to distributed. A value of block is required. You will not be able to use the updatemem program to update the bitstream with new data for the design_1_i/axi_ctrl_smc/inst/s00_nodes/s00_w_node/inst/inst_mi_handler/gen_normal_area.gen_fifo_req.inst_fifo_req/gen_xpm_memory_fifo.inst_fifo/gen_mem_rep[0].inst_xpm_memory/xpm_memory_base_inst block.
INFO: [Memdata 28-167] Found XPM memory block design_1_i/axi_ctrl_smc/inst/s00_nodes/s00_r_node/inst/inst_mi_handler/gen_normal_area.inst_fifo_node_payld/gen_xpm_memory_fifo.inst_fifo/gen_mem_rep[0].inst_xpm_memory/xpm_memory_base_inst with a P_MEMORY_PRIMITIVE property set to distributed. A value of block is required. You will not be able to use the updatemem program to update the bitstream with new data for the design_1_i/axi_ctrl_smc/inst/s00_nodes/s00_r_node/inst/inst_mi_handler/gen_normal_area.inst_fifo_node_payld/gen_xpm_memory_fifo.inst_fifo/gen_mem_rep[0].inst_xpm_memory/xpm_memory_base_inst block.
INFO: [Memdata 28-167] Found XPM memory block design_1_i/axi_ctrl_smc/inst/s00_nodes/s00_b_node/inst/inst_mi_handler/gen_normal_area.inst_fifo_node_payld/gen_xpm_memory_fifo.inst_fifo/gen_mem_rep[0].inst_xpm_memory/xpm_memory_base_inst with a P_MEMORY_PRIMITIVE property set to distributed. A value of block is required. You will not be able to use the updatemem program to update the bitstream with new data for the design_1_i/axi_ctrl_smc/inst/s00_nodes/s00_b_node/inst/inst_mi_handler/gen_normal_area.inst_fifo_node_payld/gen_xpm_memory_fifo.inst_fifo/gen_mem_rep[0].inst_xpm_memory/xpm_memory_base_inst block.
INFO: [Memdata 28-167] Found XPM memory block design_1_i/axi_ctrl_smc/inst/s00_nodes/s00_aw_node/inst/inst_mi_handler/gen_normal_area.inst_fifo_node_payld/gen_xpm_memory_fifo.inst_fifo/gen_mem_rep[0].inst_xpm_memory/xpm_memory_base_inst with a P_MEMORY_PRIMITIVE property set to distributed. A value of block is required. You will not be able to use the updatemem program to update the bitstream with new data for the design_1_i/axi_ctrl_smc/inst/s00_nodes/s00_aw_node/inst/inst_mi_handler/gen_normal_area.inst_fifo_node_payld/gen_xpm_memory_fifo.inst_fifo/gen_mem_rep[0].inst_xpm_memory/xpm_memory_base_inst block.
INFO: [Memdata 28-167] Found XPM memory block design_1_i/axi_ctrl_smc/inst/s00_nodes/s00_aw_node/inst/inst_mi_handler/gen_normal_area.gen_fifo_req.inst_fifo_req/gen_xpm_memory_fifo.inst_fifo/gen_mem_rep[0].inst_xpm_memory/xpm_memory_base_inst with a P_MEMORY_PRIMITIVE property set to distributed. A value of block is required. You will not be able to use the updatemem program to update the bitstream with new data for the design_1_i/axi_ctrl_smc/inst/s00_nodes/s00_aw_node/inst/inst_mi_handler/gen_normal_area.gen_fifo_req.inst_fifo_req/gen_xpm_memory_fifo.inst_fifo/gen_mem_rep[0].inst_xpm_memory/xpm_memory_base_inst block.
INFO: [Memdata 28-167] Found XPM memory block design_1_i/axi_ctrl_smc/inst/s00_nodes/s00_ar_node/inst/inst_mi_handler/gen_normal_area.inst_fifo_node_payld/gen_xpm_memory_fifo.inst_fifo/gen_mem_rep[0].inst_xpm_memory/xpm_memory_base_inst with a P_MEMORY_PRIMITIVE property set to distributed. A value of block is required. You will not be able to use the updatemem program to update the bitstream with new data for the design_1_i/axi_ctrl_smc/inst/s00_nodes/s00_ar_node/inst/inst_mi_handler/gen_normal_area.inst_fifo_node_payld/gen_xpm_memory_fifo.inst_fifo/gen_mem_rep[0].inst_xpm_memory/xpm_memory_base_inst block.
INFO: [Memdata 28-167] Found XPM memory block design_1_i/axi_ctrl_smc/inst/s00_nodes/s00_ar_node/inst/inst_mi_handler/gen_normal_area.gen_fifo_req.inst_fifo_req/gen_xpm_memory_fifo.inst_fifo/gen_mem_rep[0].inst_xpm_memory/xpm_memory_base_inst with a P_MEMORY_PRIMITIVE property set to distributed. A value of block is required. You will not be able to use the updatemem program to update the bitstream with new data for the design_1_i/axi_ctrl_smc/inst/s00_nodes/s00_ar_node/inst/inst_mi_handler/gen_normal_area.gen_fifo_req.inst_fifo_req/gen_xpm_memory_fifo.inst_fifo/gen_mem_rep[0].inst_xpm_memory/xpm_memory_base_inst block.
INFO: [Memdata 28-167] Found XPM memory block design_1_i/axi_ctrl_smc/inst/m02_nodes/m02_w_node/inst/inst_mi_handler/gen_normal_area.inst_fifo_node_payld/gen_xpm_memory_fifo.inst_fifo/gen_mem_rep[0].inst_xpm_memory/xpm_memory_base_inst with a P_MEMORY_PRIMITIVE property set to distributed. A value of block is required. You will not be able to use the updatemem program to update the bitstream with new data for the design_1_i/axi_ctrl_smc/inst/m02_nodes/m02_w_node/inst/inst_mi_handler/gen_normal_area.inst_fifo_node_payld/gen_xpm_memory_fifo.inst_fifo/gen_mem_rep[0].inst_xpm_memory/xpm_memory_base_inst block.
INFO: [Memdata 28-167] Found XPM memory block design_1_i/axi_ctrl_smc/inst/m02_nodes/m02_r_node/inst/inst_mi_handler/gen_normal_area.inst_fifo_node_payld/gen_xpm_memory_fifo.inst_fifo/gen_mem_rep[0].inst_xpm_memory/xpm_memory_base_inst with a P_MEMORY_PRIMITIVE property set to distributed. A value of block is required. You will not be able to use the updatemem program to update the bitstream with new data for the design_1_i/axi_ctrl_smc/inst/m02_nodes/m02_r_node/inst/inst_mi_handler/gen_normal_area.inst_fifo_node_payld/gen_xpm_memory_fifo.inst_fifo/gen_mem_rep[0].inst_xpm_memory/xpm_memory_base_inst block.
INFO: [Memdata 28-167] Found XPM memory block design_1_i/axi_ctrl_smc/inst/m02_nodes/m02_b_node/inst/inst_mi_handler/gen_normal_area.inst_fifo_node_payld/gen_xpm_memory_fifo.inst_fifo/gen_mem_rep[0].inst_xpm_memory/xpm_memory_base_inst with a P_MEMORY_PRIMITIVE property set to distributed. A value of block is required. You will not be able to use the updatemem program to update the bitstream with new data for the design_1_i/axi_ctrl_smc/inst/m02_nodes/m02_b_node/inst/inst_mi_handler/gen_normal_area.inst_fifo_node_payld/gen_xpm_memory_fifo.inst_fifo/gen_mem_rep[0].inst_xpm_memory/xpm_memory_base_inst block.
INFO: [Memdata 28-167] Found XPM memory block design_1_i/axi_ctrl_smc/inst/m02_nodes/m02_aw_node/inst/inst_mi_handler/gen_normal_area.inst_fifo_node_payld/gen_xpm_memory_fifo.inst_fifo/gen_mem_rep[0].inst_xpm_memory/xpm_memory_base_inst with a P_MEMORY_PRIMITIVE property set to distributed. A value of block is required. You will not be able to use the updatemem program to update the bitstream with new data for the design_1_i/axi_ctrl_smc/inst/m02_nodes/m02_aw_node/inst/inst_mi_handler/gen_normal_area.inst_fifo_node_payld/gen_xpm_memory_fifo.inst_fifo/gen_mem_rep[0].inst_xpm_memory/xpm_memory_base_inst block.
INFO: [Memdata 28-167] Found XPM memory block design_1_i/axi_ctrl_smc/inst/m02_nodes/m02_ar_node/inst/inst_mi_handler/gen_normal_area.inst_fifo_node_payld/gen_xpm_memory_fifo.inst_fifo/gen_mem_rep[0].inst_xpm_memory/xpm_memory_base_inst with a P_MEMORY_PRIMITIVE property set to distributed. A value of block is required. You will not be able to use the updatemem program to update the bitstream with new data for the design_1_i/axi_ctrl_smc/inst/m02_nodes/m02_ar_node/inst/inst_mi_handler/gen_normal_area.inst_fifo_node_payld/gen_xpm_memory_fifo.inst_fifo/gen_mem_rep[0].inst_xpm_memory/xpm_memory_base_inst block.
INFO: [Memdata 28-167] Found XPM memory block design_1_i/axi_ctrl_smc/inst/m01_nodes/m01_w_node/inst/inst_mi_handler/gen_normal_area.inst_fifo_node_payld/gen_xpm_memory_fifo.inst_fifo/gen_mem_rep[0].inst_xpm_memory/xpm_memory_base_inst with a P_MEMORY_PRIMITIVE property set to distributed. A value of block is required. You will not be able to use the updatemem program to update the bitstream with new data for the design_1_i/axi_ctrl_smc/inst/m01_nodes/m01_w_node/inst/inst_mi_handler/gen_normal_area.inst_fifo_node_payld/gen_xpm_memory_fifo.inst_fifo/gen_mem_rep[0].inst_xpm_memory/xpm_memory_base_inst block.
INFO: [Memdata 28-167] Found XPM memory block design_1_i/axi_ctrl_smc/inst/m01_nodes/m01_r_node/inst/inst_mi_handler/gen_normal_area.inst_fifo_node_payld/gen_xpm_memory_fifo.inst_fifo/gen_mem_rep[0].inst_xpm_memory/xpm_memory_base_inst with a P_MEMORY_PRIMITIVE property set to distributed. A value of block is required. You will not be able to use the updatemem program to update the bitstream with new data for the design_1_i/axi_ctrl_smc/inst/m01_nodes/m01_r_node/inst/inst_mi_handler/gen_normal_area.inst_fifo_node_payld/gen_xpm_memory_fifo.inst_fifo/gen_mem_rep[0].inst_xpm_memory/xpm_memory_base_inst block.
INFO: [Memdata 28-167] Found XPM memory block design_1_i/axi_ctrl_smc/inst/m01_nodes/m01_b_node/inst/inst_mi_handler/gen_normal_area.inst_fifo_node_payld/gen_xpm_memory_fifo.inst_fifo/gen_mem_rep[0].inst_xpm_memory/xpm_memory_base_inst with a P_MEMORY_PRIMITIVE property set to distributed. A value of block is required. You will not be able to use the updatemem program to update the bitstream with new data for the design_1_i/axi_ctrl_smc/inst/m01_nodes/m01_b_node/inst/inst_mi_handler/gen_normal_area.inst_fifo_node_payld/gen_xpm_memory_fifo.inst_fifo/gen_mem_rep[0].inst_xpm_memory/xpm_memory_base_inst block.
INFO: [Memdata 28-167] Found XPM memory block design_1_i/axi_ctrl_smc/inst/m01_nodes/m01_aw_node/inst/inst_mi_handler/gen_normal_area.inst_fifo_node_payld/gen_xpm_memory_fifo.inst_fifo/gen_mem_rep[0].inst_xpm_memory/xpm_memory_base_inst with a P_MEMORY_PRIMITIVE property set to distributed. A value of block is required. You will not be able to use the updatemem program to update the bitstream with new data for the design_1_i/axi_ctrl_smc/inst/m01_nodes/m01_aw_node/inst/inst_mi_handler/gen_normal_area.inst_fifo_node_payld/gen_xpm_memory_fifo.inst_fifo/gen_mem_rep[0].inst_xpm_memory/xpm_memory_base_inst block.
INFO: [Memdata 28-167] Found XPM memory block design_1_i/axi_ctrl_smc/inst/m01_nodes/m01_ar_node/inst/inst_mi_handler/gen_normal_area.inst_fifo_node_payld/gen_xpm_memory_fifo.inst_fifo/gen_mem_rep[0].inst_xpm_memory/xpm_memory_base_inst with a P_MEMORY_PRIMITIVE property set to distributed. A value of block is required. You will not be able to use the updatemem program to update the bitstream with new data for the design_1_i/axi_ctrl_smc/inst/m01_nodes/m01_ar_node/inst/inst_mi_handler/gen_normal_area.inst_fifo_node_payld/gen_xpm_memory_fifo.inst_fifo/gen_mem_rep[0].inst_xpm_memory/xpm_memory_base_inst block.
INFO: [Memdata 28-167] Found XPM memory block design_1_i/axi_ctrl_smc/inst/m00_nodes/m00_w_node/inst/inst_mi_handler/gen_normal_area.inst_fifo_node_payld/gen_xpm_memory_fifo.inst_fifo/gen_mem_rep[0].inst_xpm_memory/xpm_memory_base_inst with a P_MEMORY_PRIMITIVE property set to distributed. A value of block is required. You will not be able to use the updatemem program to update the bitstream with new data for the design_1_i/axi_ctrl_smc/inst/m00_nodes/m00_w_node/inst/inst_mi_handler/gen_normal_area.inst_fifo_node_payld/gen_xpm_memory_fifo.inst_fifo/gen_mem_rep[0].inst_xpm_memory/xpm_memory_base_inst block.
INFO: [Memdata 28-167] Found XPM memory block design_1_i/axi_ctrl_smc/inst/m00_nodes/m00_r_node/inst/inst_mi_handler/gen_normal_area.inst_fifo_node_payld/gen_xpm_memory_fifo.inst_fifo/gen_mem_rep[0].inst_xpm_memory/xpm_memory_base_inst with a P_MEMORY_PRIMITIVE property set to distributed. A value of block is required. You will not be able to use the updatemem program to update the bitstream with new data for the design_1_i/axi_ctrl_smc/inst/m00_nodes/m00_r_node/inst/inst_mi_handler/gen_normal_area.inst_fifo_node_payld/gen_xpm_memory_fifo.inst_fifo/gen_mem_rep[0].inst_xpm_memory/xpm_memory_base_inst block.
INFO: [Memdata 28-167] Found XPM memory block design_1_i/axi_ctrl_smc/inst/m00_nodes/m00_b_node/inst/inst_mi_handler/gen_normal_area.inst_fifo_node_payld/gen_xpm_memory_fifo.inst_fifo/gen_mem_rep[0].inst_xpm_memory/xpm_memory_base_inst with a P_MEMORY_PRIMITIVE property set to distributed. A value of block is required. You will not be able to use the updatemem program to update the bitstream with new data for the design_1_i/axi_ctrl_smc/inst/m00_nodes/m00_b_node/inst/inst_mi_handler/gen_normal_area.inst_fifo_node_payld/gen_xpm_memory_fifo.inst_fifo/gen_mem_rep[0].inst_xpm_memory/xpm_memory_base_inst block.
INFO: [Memdata 28-167] Found XPM memory block design_1_i/axi_ctrl_smc/inst/m00_nodes/m00_aw_node/inst/inst_mi_handler/gen_normal_area.inst_fifo_node_payld/gen_xpm_memory_fifo.inst_fifo/gen_mem_rep[0].inst_xpm_memory/xpm_memory_base_inst with a P_MEMORY_PRIMITIVE property set to distributed. A value of block is required. You will not be able to use the updatemem program to update the bitstream with new data for the design_1_i/axi_ctrl_smc/inst/m00_nodes/m00_aw_node/inst/inst_mi_handler/gen_normal_area.inst_fifo_node_payld/gen_xpm_memory_fifo.inst_fifo/gen_mem_rep[0].inst_xpm_memory/xpm_memory_base_inst block.
INFO: [Memdata 28-167] Found XPM memory block design_1_i/axi_ctrl_smc/inst/m00_nodes/m00_ar_node/inst/inst_mi_handler/gen_normal_area.inst_fifo_node_payld/gen_xpm_memory_fifo.inst_fifo/gen_mem_rep[0].inst_xpm_memory/xpm_memory_base_inst with a P_MEMORY_PRIMITIVE property set to distributed. A value of block is required. You will not be able to use the updatemem program to update the bitstream with new data for the design_1_i/axi_ctrl_smc/inst/m00_nodes/m00_ar_node/inst/inst_mi_handler/gen_normal_area.inst_fifo_node_payld/gen_xpm_memory_fifo.inst_fifo/gen_mem_rep[0].inst_xpm_memory/xpm_memory_base_inst block.
Command: write_bitstream -force design_1_wrapper.bit
Attempting to get a license for feature 'Implementation' and/or device 'xc7z020'
INFO: [Common 17-349] Got license for feature 'Implementation' and/or device 'xc7z020'
Running DRC as a precondition to command write_bitstream
INFO: [IP_Flow 19-1839] IP Catalog is up to date.
INFO: [DRC 23-27] Running DRC with 8 threads
INFO: [Vivado 12-3199] DRC finished with 0 Errors
INFO: [Vivado 12-3200] Please refer to the DRC report (report_drc) for more information.
INFO: [Designutils 20-2272] Running write_bitstream with 8 threads.
Loading data files...
Loading site data...
Loading route data...
Processing options...
Creating bitmap...
Creating bitstream...
Writing bitstream ./design_1_wrapper.bit...
INFO: [Vivado 12-1842] Bitgen Completed Successfully.
INFO: [Project 1-1876] WebTalk data collection is mandatory when using a ULT device. To see the specific WebTalk data collected for your design, open the usage_statistics_webtalk.html or usage_statistics_webtalk.xml file in the implementation directory.
INFO: [Common 17-83] Releasing license: Implementation
216 Infos, 4 Warnings, 0 Critical Warnings and 0 Errors encountered.
write_bitstream completed successfully
write_bitstream: Time (s): cpu = 00:00:34 ; elapsed = 00:00:18 . Memory (MB): peak = 3713.406 ; gain = 177.973 ; free physical = 51893 ; free virtual = 63460
INFO: [Common 17-206] Exiting Vivado at Mon Jun 29 11:02:21 2026...
[Mon Jun 29 11:02:21 2026] impl_1 finished
wait_on_runs: Time (s): cpu = 00:05:06 ; elapsed = 00:02:06 . Memory (MB): peak = 1869.816 ; gain = 0.000 ; free physical = 54452 ; free virtual = 66019
# assert_run_complete impl_1
# open_run impl_1
INFO: [Device 21-403] Loading part xc7z020clg400-1
Netlist sorting complete. Time (s): cpu = 00:00:00.23 ; elapsed = 00:00:00.23 . Memory (MB): peak = 1910.418 ; gain = 0.000 ; free physical = 54242 ; free virtual = 65808
INFO: [Netlist 29-17] Analyzing 2012 Unisim elements for replacement
INFO: [Netlist 29-28] Unisim Transformation completed in 0 CPU seconds
INFO: [Project 1-479] Netlist was created with Vivado 2024.2.2
INFO: [Project 1-570] Preparing netlist for logic optimization
Read ShapeDB Complete: Time (s): cpu = 00:00:00.03 ; elapsed = 00:00:00.03 . Memory (MB): peak = 2060.137 ; gain = 7.250 ; free physical = 54083 ; free virtual = 65650
INFO: [Timing 38-478] Restoring timing data from binary archive.
INFO: [Timing 38-479] Binary timing data restore complete.
INFO: [Project 1-856] Restoring constraints from binary archive.
INFO: [Project 1-853] Binary constraint restore complete.
INFO: [Designutils 20-5722] Start Reading Physical Databases.
Reading placement.
Read Netlist Cache: Time (s): cpu = 00:00:00.02 ; elapsed = 00:00:00.02 . Memory (MB): peak = 2690.074 ; gain = 0.000 ; free physical = 53518 ; free virtual = 65085
Reading placer database...
Read Device Cache: Time (s): cpu = 00:00:00.01 ; elapsed = 00:00:00 . Memory (MB): peak = 2690.074 ; gain = 0.000 ; free physical = 53518 ; free virtual = 65085
Read PlaceDB: Time (s): cpu = 00:00:00.58 ; elapsed = 00:00:00.59 . Memory (MB): peak = 2711.012 ; gain = 20.938 ; free physical = 53503 ; free virtual = 65069
Read PulsedLatchDB: Time (s): cpu = 00:00:00 ; elapsed = 00:00:00 . Memory (MB): peak = 2711.012 ; gain = 0.000 ; free physical = 53503 ; free virtual = 65069
Reading routing.
Read RouteStorage: Time (s): cpu = 00:00:00.45 ; elapsed = 00:00:00.15 . Memory (MB): peak = 2730.723 ; gain = 19.711 ; free physical = 53478 ; free virtual = 65045
Read Physdb Files: Time (s): cpu = 00:00:01 ; elapsed = 00:00:00.76 . Memory (MB): peak = 2730.723 ; gain = 40.648 ; free physical = 53478 ; free virtual = 65045
Restored from archive | CPU: 1.110000 secs | Memory: 47.791161 MB |
Finished XDEF File Restore: Time (s): cpu = 00:00:01 ; elapsed = 00:00:00.78 . Memory (MB): peak = 2730.723 ; gain = 40.648 ; free physical = 53480 ; free virtual = 65039
Generating merged BMM file for the design top 'design_1_wrapper'...
Netlist sorting complete. Time (s): cpu = 00:00:00 ; elapsed = 00:00:00 . Memory (MB): peak = 2742.598 ; gain = 0.000 ; free physical = 53478 ; free virtual = 65045
INFO: [Project 1-111] Unisim Transformation Summary:
  A total of 226 instances were transformed.
  RAM16X1D => RAM32X1D (RAMD32(x2)): 1 instance 
  RAM32M => RAM32M (RAMD32(x6), RAMS32(x2)): 216 instances
  RAM32X1D => RAM32X1D (RAMD32(x2)): 9 instances

open_run: Time (s): cpu = 00:00:08 ; elapsed = 00:00:08 . Memory (MB): peak = 2742.598 ; gain = 872.781 ; free physical = 53478 ; free virtual = 65045
# set report_prefix [file join $report_dir "gptalk_dma_${clk_label}mhz"]
# set timing_report "${report_prefix}_timing_summary.rpt"
# set util_report "${report_prefix}_util_hier.rpt"
# set route_report "${report_prefix}_route_status.rpt"
# set congestion_report "${report_prefix}_congestion.rpt"
# set qor_report "${report_prefix}_qor_suggestions.rpt"
# set check_timing_report "${report_prefix}_check_timing.rpt"
# report_or_warn "hierarchical utilization" [list report_utilization -hierarchical -file $util_report]
REPORT_OK: hierarchical utilization
# report_or_warn "timing summary" [list report_timing_summary -delay_type max -max_paths 50 -file $timing_report]
INFO: [Timing 38-91] UpdateTimingParams: Speed grade: -1, Delay Type: max.
INFO: [Timing 38-191] Multithreading enabled for timing update using a maximum of 8 CPUs
REPORT_OK: timing summary
# report_or_warn "route status" [list report_route_status -file $route_report]
REPORT_OK: route status
# report_or_warn "congestion" [list report_design_analysis -congestion -file $congestion_report]
REPORT_OK: congestion
# report_or_warn "qor suggestions" [list report_qor_suggestions -file $qor_report]
Command: report_qor_suggestions -file /home/pjs/Desktop/smollm2-zybo/reports/gptalk_dma_50mhz_qor_suggestions.rpt
Congestion Prediction Time (s): cpu = 00:00:00.53 ; elapsed = 00:00:00.54 . Memory (MB): peak = 3178.320 ; gain = 0.000 ; free physical = 53210 ; free virtual = 64779
INFO: [Implflow 47-1309] PredResultString: 1:49.05:50.95
INFO: [Implflow 47-1276] The design is not compatible for suggesting strategy, as it was not run using vivado implementation default or vivado implementation explore strategy.
report_qor_suggestions completed successfully
REPORT_OK: qor suggestions
# report_or_warn "check timing" [list check_timing -verbose -file $check_timing_report]
REPORT_OK: check timing
WARNING: [Vivado 12-975] No timing paths matched 'get_timing_paths -delay_type max -slack_lesser_than 0 -max_paths 10000'.
# foreach {setup_wns setup_tns setup_fail_count} [timing_slack_summary max] {break}
WARNING: [Vivado 12-975] No timing paths matched 'get_timing_paths -delay_type min -slack_lesser_than 0 -max_paths 10000'.
# foreach {hold_whs hold_ths hold_fail_count} [timing_slack_summary min] {break}
# set timing_pass 1
# if {$setup_wns eq "N/A" || $hold_whs eq "N/A"} {
#     set timing_pass 0
# } elseif {double($setup_wns) < 0.0 || double($hold_whs) < 0.0} {
#     set timing_pass 0
# }
# file copy -force $timing_report [file join $report_dir full_gemv_timing_summary.rpt]
# file copy -force $util_report [file join $report_dir full_gemv_util_hier.rpt]
# file copy -force $route_report [file join $report_dir full_gemv_route_status.rpt]
# if {[file exists $congestion_report]} {
#     file copy -force $congestion_report [file join $report_dir full_gemv_congestion.rpt]
# }
# if {[file exists $qor_report]} {
#     file copy -force $qor_report [file join $report_dir full_gemv_qor_suggestions.rpt]
# }
# set verify_log [file join $log_dir s02_bitstream_xsa_verify.txt]
# set verify_fd [open $verify_log w]
# puts $verify_fd "S02 bitstream/XSA verify"
# puts $verify_fd "Active Vivado project: $project_xpr"
# puts $verify_fd [format "PL clock target: %.3f MHz" $pl_clk_mhz]
# puts $verify_fd "Full GEMV DMA datapath: expected in GPTalk BD, not smoke-only"
# puts $verify_fd "GEMV control base: 0x43C00000"
# puts $verify_fd "AXI DMA base:      0x40400000"
# puts $verify_fd "Input BRAM base:   0x42000000"
# puts $verify_fd "setup WNS(ns): $setup_wns"
# puts $verify_fd "setup TNS approx(ns): [format %.3f $setup_tns]"
# puts $verify_fd "setup failing paths sampled: $setup_fail_count"
# puts $verify_fd "hold WHS(ns): $hold_whs"
# puts $verify_fd "hold THS approx(ns): [format %.3f $hold_ths]"
# puts $verify_fd "hold failing paths sampled: $hold_fail_count"
# puts $verify_fd "timing pass: $timing_pass"
# puts $verify_fd "timing report: $timing_report"
# puts $verify_fd "util report: $util_report"
# puts $verify_fd "route report: $route_report"
# puts $verify_fd "congestion report: $congestion_report"
# puts $verify_fd "qor suggestions: $qor_report"
# close $verify_fd
# if {!$timing_pass} {
#     catch {source [file join $script_dir report_failed_impl.tcl]}
#     error "Timing constraints are not met for ${clk_label}MHz: setup WNS=$setup_wns hold WHS=$hold_whs"
# }
# set bit_candidates [glob -nocomplain [file join $project_dir GPTalk.runs impl_1 *.bit]]
# if {[llength $bit_candidates] == 0} {
#     error "bitstream not found under [file join $project_dir GPTalk.runs impl_1]"
# }
# set bit_file [lindex $bit_candidates 0]
# set export_bit_file [file join $export_dir "GPTalk_dma_${clk_label}MHz.bit"]
# set latest_bit_file [file join $export_dir GPTalk_dma.bit]
# file copy -force $bit_file $export_bit_file
# file copy -force $bit_file $latest_bit_file
# set xsa_file [file join $export_dir "GPTalk_dma_${clk_label}MHz.xsa"]
# set latest_xsa_file [file join $export_dir GPTalk_dma.xsa]
# write_hw_platform -fixed -include_bit -force -file $xsa_file
INFO: [Project 1-1918] Creating Hardware Platform: /home/pjs/Desktop/smollm2-zybo/hw/vivado_project/export/GPTalk_dma_50MHz.xsa ...
WARNING: [Project 1-645] Board images not set in Hardware Platform.
INFO: [Project 1-1943] The Hardware Platform can be used for Hardware
INFO: [Project 1-1941] Successfully created Hardware Platform: /home/pjs/Desktop/smollm2-zybo/hw/vivado_project/export/GPTalk_dma_50MHz.xsa
INFO: [Hsi 55-2053] elapsed time for repository (/tools/Xilinx/Vivado/2024.2/data/embeddedsw) loading 0 seconds
# file copy -force $xsa_file $latest_xsa_file
# set verify_fd [open $verify_log a]
# puts $verify_fd "write_bitstream: PASS"
# puts $verify_fd "bitstream: $bit_file"
# puts $verify_fd "export bitstream: $export_bit_file"
# puts $verify_fd "latest bitstream: $latest_bit_file"
# puts $verify_fd "XSA: $xsa_file"
# puts $verify_fd "latest XSA: $latest_xsa_file"
# close $verify_fd
# set result_doc [file join $internal_docs_dir hw_dma_bringup_result.md]
# set result_fd [open $result_doc w]
# puts $result_fd "# S02 GPTalk DMA build result"
# puts $result_fd ""
# puts $result_fd "- Active Vivado project: `$project_xpr`"
# puts $result_fd [format "- PL clock target: %.3f MHz" $pl_clk_mhz]
# puts $result_fd "- Full GEMV DMA datapath: yes, not smoke-only"
# puts $result_fd "- Bitstream: `$export_bit_file`"
# puts $result_fd "- Latest bitstream alias: `$latest_bit_file`"
# puts $result_fd "- XSA: `$xsa_file`"
# puts $result_fd "- Latest XSA alias: `$latest_xsa_file`"
# puts $result_fd "- GEMV control base: `0x43C00000`"
# puts $result_fd "- AXI DMA base: `0x40400000`"
# puts $result_fd "- Input BRAM base: `0x42000000`"
# puts $result_fd "- Setup WNS(ns): `$setup_wns`"
# puts $result_fd "- Setup TNS approx(ns): `[format %.3f $setup_tns]`"
# puts $result_fd "- Hold WHS(ns): `$hold_whs`"
# puts $result_fd "- Hold THS approx(ns): `[format %.3f $hold_ths]`"
# puts $result_fd "- Timing pass: `$timing_pass`"
# puts $result_fd "- Strategy log: `$strategy_log`"
# puts $result_fd "- Timing report: `$timing_report`"
# puts $result_fd "- Utilization report: `$util_report`"
# puts $result_fd "- Route status report: `$route_report`"
# close $result_fd
# set active_doc [file join $docs_dir 00_ACTIVE_KR.md]
# set doc_fd [open $active_doc a]
# puts $doc_fd ""
# puts $doc_fd "## S02 빌드 산출물 기록"
# puts $doc_fd ""
# puts $doc_fd "- 기록 시각: [clock format [clock seconds] -format {%Y-%m-%d %H:%M:%S %Z}]"
# puts $doc_fd [format "- PL clock target: `%.3f MHz`" $pl_clk_mhz]
# puts $doc_fd "- Bitstream: `$export_bit_file`"
# puts $doc_fd "- XSA: `$xsa_file`"
# puts $doc_fd "- Latest bitstream alias: `$latest_bit_file`"
# puts $doc_fd "- Latest XSA alias: `$latest_xsa_file`"
# puts $doc_fd "- Timing: setup WNS `$setup_wns` ns, hold WHS `$hold_whs` ns"
# puts $doc_fd "- Strategy log: `$strategy_log`"
# puts $doc_fd "- S02 verify log: `$verify_log`"
# close $doc_fd
# puts "BIT_FILE=$export_bit_file"
BIT_FILE=/home/pjs/Desktop/smollm2-zybo/hw/vivado_project/export/GPTalk_dma_50MHz.bit
# puts "LATEST_BIT_FILE=$latest_bit_file"
LATEST_BIT_FILE=/home/pjs/Desktop/smollm2-zybo/hw/vivado_project/export/GPTalk_dma.bit
# puts "XSA_FILE=$xsa_file"
XSA_FILE=/home/pjs/Desktop/smollm2-zybo/hw/vivado_project/export/GPTalk_dma_50MHz.xsa
# puts "LATEST_XSA_FILE=$latest_xsa_file"
LATEST_XSA_FILE=/home/pjs/Desktop/smollm2-zybo/hw/vivado_project/export/GPTalk_dma.xsa
# puts "STRATEGY_LOG=$strategy_log"
STRATEGY_LOG=/home/pjs/Desktop/smollm2-zybo/logs/vivado_impl_strategy.txt
# puts "S02_VERIFY_LOG=$verify_log"
S02_VERIFY_LOG=/home/pjs/Desktop/smollm2-zybo/logs/s02_bitstream_xsa_verify.txt
# puts "SETUP_WNS_NS=$setup_wns"
SETUP_WNS_NS=1.427
# puts [format "SETUP_TNS_APPROX_NS=%.3f" $setup_tns]
SETUP_TNS_APPROX_NS=0.000
# puts "HOLD_WHS_NS=$hold_whs"
HOLD_WHS_NS=0.016
# puts [format "HOLD_THS_APPROX_NS=%.3f" $hold_ths]
HOLD_THS_APPROX_NS=0.000
INFO: [Common 17-206] Exiting Vivado at Mon Jun 29 11:02:39 2026...
