
****** Vivado v2024.2.2 (64-bit)
  **** SW Build 6060944 on Thu Mar 06 19:10:09 MST 2025
  **** IP Build 6050500 on Thu Mar  6 23:33:39 MST 2025
  **** SharedData Build 6060542 on Thu Mar 06 10:31:07 MST 2025
  **** Start of session at: Mon Jun 29 15:46:49 2026
    ** Copyright 1986-2022 Xilinx, Inc. All Rights Reserved.
    ** Copyright 2022-2025 Advanced Micro Devices, Inc. All Rights Reserved.

CRITICAL WARNING: [Common 17-741] No write access right to the local Tcl store at '/home/pjs/.Xilinx/Vivado/2024.2.2/XilinxTclStore'. XilinxTclStore is reverted to the installation area. If you want to use local Tcl Store, please change the access right and relaunch Vivado.
Sourcing tcl script '/home/pjs/.Xilinx/Vivado/Vivado_init.tcl'
source scripts/build_gptalk_dma_bitstream.tcl
# set script_dir [file normalize [file dirname [info script]]]
# set repo_root [file normalize [file join $script_dir ..]]
# set project_xpr [file join $repo_root hw vivado_project GPTalk.xpr]
# set project_dir [file dirname $project_xpr]
# set log_dir [file join $repo_root logs]
# set report_dir [file join $repo_root reports]
# set docs_dir [file join $repo_root docs]
# set internal_docs_dir [file join $docs_dir internal]
# set export_dir [file join $project_dir export]
# file mkdir $log_dir
# file mkdir $report_dir
# file mkdir $docs_dir
# file mkdir $internal_docs_dir
# file mkdir $export_dir
# if {![file exists $project_xpr]} {
#     error "Active Vivado project is missing: $project_xpr"
# }
# proc env_default {name default_value} {
#     if {[info exists ::env($name)] && $::env($name) ne ""} {
#         return $::env($name)
#     }
#     return $default_value
# }
# proc clock_label {clk_mhz} {
#     if {[expr {abs($clk_mhz - round($clk_mhz)) < 0.001}]} {
#         return [format "%d" [expr {int(round($clk_mhz))}]]
#     }
#     set label [format "%.3f" $clk_mhz]
#     regsub {0+$} $label "" label
#     regsub {\.$} $label "" label
#     regsub -all {\.} $label "p" label
#     return $label
# }
# set pl_clk_mhz_raw [env_default GPTALK_PL_CLK_MHZ 50]
# if {![string is double -strict $pl_clk_mhz_raw]} {
#     error "GPTALK_PL_CLK_MHZ must be numeric, got: $pl_clk_mhz_raw"
# }
# set pl_clk_mhz [expr {double($pl_clk_mhz_raw)}]
# if {$pl_clk_mhz <= 0.0} {
#     error "GPTALK_PL_CLK_MHZ must be positive, got: $pl_clk_mhz_raw"
# }
# set clk_label [clock_label $pl_clk_mhz]
# set ctrl_clk_mhz_raw [env_default GPTALK_CTRL_CLK_MHZ 100]
# if {![string is double -strict $ctrl_clk_mhz_raw]} {
#     error "GPTALK_CTRL_CLK_MHZ must be numeric, got: $ctrl_clk_mhz_raw"
# }
# set ctrl_clk_mhz [expr {double($ctrl_clk_mhz_raw)}]
# if {$ctrl_clk_mhz <= 0.0} {
#     error "GPTALK_CTRL_CLK_MHZ must be positive, got: $ctrl_clk_mhz_raw"
# }
# set ctrl_actual_freq_hz_raw [env_default GPTALK_CTRL_ACTUAL_FREQ_HZ [expr {int(round($ctrl_clk_mhz * 1000000.0))}]]
# if {![string is integer -strict $ctrl_actual_freq_hz_raw] || $ctrl_actual_freq_hz_raw <= 0} {
#     error "GPTALK_CTRL_ACTUAL_FREQ_HZ must be a positive integer, got: $ctrl_actual_freq_hz_raw"
# }
# set ctrl_actual_freq_hz $ctrl_actual_freq_hz_raw
# set actual_freq_hz_raw [env_default GPTALK_PL_ACTUAL_FREQ_HZ [expr {int(round($pl_clk_mhz * 1000000.0))}]]
# if {![string is integer -strict $actual_freq_hz_raw] || $actual_freq_hz_raw <= 0} {
#     error "GPTALK_PL_ACTUAL_FREQ_HZ must be a positive integer, got: $actual_freq_hz_raw"
# }
# set actual_freq_hz $actual_freq_hz_raw
# set jobs_raw [env_default GPTALK_VIVADO_JOBS 8]
# if {![string is integer -strict $jobs_raw] || $jobs_raw <= 0} {
#     error "GPTALK_VIVADO_JOBS must be a positive integer, got: $jobs_raw"
# }
# set vivado_jobs $jobs_raw
# set apply_clock_only [env_default GPTALK_APPLY_CLOCK_ONLY 0]
# set fallback_log {}
# proc try_run_strategy {run_name label candidates} {
#     global fallback_log
#     foreach candidate $candidates {
#         if {[catch {set_property strategy $candidate [get_runs $run_name]} msg]} {
#             lappend fallback_log "$label fallback: $candidate rejected: $msg"
#         } else {
#             return $candidate
#         }
#     }
#     lappend fallback_log "$label fallback: no candidate accepted; leaving unchanged"
#     return "unchanged"
# }
# proc try_step_directive {run_name prop_name label candidates} {
#     global fallback_log
#     foreach candidate $candidates {
#         if {[catch {set_property $prop_name $candidate [get_runs $run_name]} msg]} {
#             lappend fallback_log "$label fallback: $candidate rejected: $msg"
#         } else {
#             return $candidate
#         }
#     }
#     lappend fallback_log "$label fallback: no candidate accepted; leaving unchanged"
#     return "unchanged"
# }
# proc report_or_warn {label command} {
#     if {[catch {uplevel 1 $command} msg]} {
#         puts "WARN: $label failed: $msg"
#         return 0
#     }
#     puts "REPORT_OK: $label"
#     return 1
# }
# proc read_base_from_report {path label default_value} {
#     if {![file exists $path]} {
#         return $default_value
#     }
#     set fd [open $path r]
#     set text [read $fd]
#     close $fd
#     set pattern [format {%s:[ \t]+0x([0-9A-Fa-f]+)} $label]
#     if {[regexp $pattern $text -> hex_value]} {
#         return [expr "0x$hex_value"]
#     }
#     return $default_value
# }
# proc assert_run_complete {run_name} {
#     set progress [get_property PROGRESS [get_runs $run_name]]
#     set status [get_property STATUS [get_runs $run_name]]
#     if {$progress ne "100%"} {
#         error "$run_name did not complete: progress=$progress status=$status"
#     }
#     if {![string match "*Complete*" $status]} {
#         error "$run_name failed: $status"
#     }
# }
# proc clear_stale_run_markers {run_name} {
#     set run_obj [get_runs -quiet $run_name]
#     if {[llength $run_obj] == 0} {
#         return
#     }
#     set run_dir [get_property DIRECTORY $run_obj]
#     foreach marker [list \
#         ".stop.rst" \
#         ".vivado.begin.rst" \
#         ".vivado.end.rst" \
#         ".vivado.error.rst" \
#         ".Vivado_Synthesis.queue.rst" \
#     ] {
#         set marker_path [file join $run_dir $marker]
#         if {[file exists $marker_path]} {
#             file delete -force $marker_path
#         }
#     }
# }
# proc reset_run_clean {run_name} {
#     clear_stale_run_markers $run_name
#     if {[catch {reset_runs $run_name} msg]} {
#         clear_stale_run_markers $run_name
#         if {[catch {reset_runs $run_name} retry_msg]} {
#             error "reset_run $run_name failed: $msg; retry failed: $retry_msg"
#         }
#     }
# }
# proc timing_slack_summary {delay_type} {
#     set worst "N/A"
#     set total 0.0
#     set count 0
#     set worst_paths [get_timing_paths -delay_type $delay_type -max_paths 1]
#     if {[llength $worst_paths] > 0} {
#         set worst [get_property SLACK [lindex $worst_paths 0]]
#     }
#     set violating_paths [get_timing_paths -delay_type $delay_type -slack_lesser_than 0 -max_paths 10000]
#     foreach path $violating_paths {
#         set slack [get_property SLACK $path]
#         if {[string is double -strict $slack] && $slack < 0.0} {
#             set total [expr {$total + double($slack)}]
#             incr count
#         }
#     }
#     return [list $worst $total $count]
# }
# set bd_name "design_1"
# set bd_file [file join $project_dir GPTalk.srcs sources_1 bd $bd_name ${bd_name}.bd]
# if {![file exists $bd_file]} {
#     error "Block design is missing: $bd_file"
# }
# set hdmi_tx_xdc [file join $project_dir GPTalk.srcs constrs_1 new GPTalk_hdmi_tx.xdc]
# set address_report [file join $log_dir hw_dma_hdmi_address_map.txt]
# if {![file exists $address_report]} {
#     set address_report [file join $log_dir hw_dma_address_map.txt]
# }
# set gemv_base [read_base_from_report $address_report "GEMV control base" 0x43C00000]
# set dma_base  [read_base_from_report $address_report "AXI DMA base" 0x40400000]
# set bram_base [read_base_from_report $address_report "Input BRAM base" 0x42000000]
# set module_xci [file join $project_dir GPTalk.srcs sources_1 bd $bd_name ip design_1_gemv_q8_0_dma_top_0_0 design_1_gemv_q8_0_dma_top_0_0.xci]
# proc patch_freq_hz_file {path freq_hz} {
#     if {![file exists $path]} {
#         return 0
#     }
#     set fd [open $path r]
#     set text [read $fd]
#     close $fd
# 
#     set changed 0
#     set patch_next_value 0
#     set out_lines {}
#     foreach line [split $text "\n"] {
#         if {[string first "\"FREQ_HZ\"" $line] >= 0} {
#             if {[regsub {("value": *")[0-9]+(")} $line "\\1$freq_hz\\2" new_line]} {
#                 set line $new_line
#                 set changed 1
#                 set patch_next_value 0
#             } else {
#                 set patch_next_value 1
#             }
#         } elseif {$patch_next_value} {
#             if {[regsub {("value": *")[0-9]+(")} $line "\\1$freq_hz\\2" new_line]} {
#                 set line $new_line
#                 set changed 1
#                 set patch_next_value 0
#             }
#         }
#         lappend out_lines $line
#     }
# 
#     if {$changed} {
#         set fd [open $path w]
#         puts -nonewline $fd [join $out_lines "\n"]
#         close $fd
#     }
#     return $changed
# }
# patch_freq_hz_file $module_xci $actual_freq_hz
# open_project $project_xpr
WARNING: [filemgmt 56-3] IPUserFilesDir: Could not find the directory '/run/media/pjs/6A43-DC8A/smollm2-zybo/hw/vivado_project/GPTalk.ip_user_files'.
Scanning sources...
Finished scanning sources
INFO: [IP_Flow 19-234] Refreshing IP repositories
INFO: [IP_Flow 19-1700] Loaded user IP repository '/run/media/pjs/6A43-DC8A/smollm2-zybo/third_party/digilent-vivado-library/if'.
INFO: [IP_Flow 19-1700] Loaded user IP repository '/run/media/pjs/6A43-DC8A/smollm2-zybo/third_party/digilent-vivado-library/ip'.
INFO: [IP_Flow 19-2313] Loaded Vivado IP repository '/tools/Xilinx/Vivado/2024.2/data/ip'.
INFO: [Project 1-5579] Found utility IPs instantiated in one or more block designs which have equivalent inline hdl with improved performance and reduced diskspace. It is recommended to migrate these utility IPs to inline hdl using the command upgrade_project -migrate_to_inline_hdl. The utility IPs may be deprecated in future releases. More information on inline hdl is available in UG994.
# set_property target_language Verilog [current_project]
# if {[file exists $hdmi_tx_xdc] && [llength [get_files -quiet $hdmi_tx_xdc]] == 0} {
#     add_files -fileset constrs_1 -norecurse $hdmi_tx_xdc
# }
# open_bd_design /run/media/pjs/6A43-DC8A/smollm2-zybo/hw/vivado_project/GPTalk.srcs/sources_1/bd/design_1/design_1.bd
Reading block design file </run/media/pjs/6A43-DC8A/smollm2-zybo/hw/vivado_project/GPTalk.srcs/sources_1/bd/design_1/design_1.bd>...
Adding component instance block -- xilinx.com:ip:processing_system7:5.5 - processing_system7_0
Adding component instance block -- xilinx.com:ip:proc_sys_reset:5.0 - rst_ps7_0_100M
Adding component instance block -- xilinx.com:ip:proc_sys_reset:5.0 - rst_ps7_0_133M
Adding component instance block -- xilinx.com:ip:proc_sys_reset:5.0 - rst_ps7_0_gemv
Adding component instance block -- xilinx.com:ip:smartconnect:1.0 - axi_ctrl_smc
Adding component instance block -- xilinx.com:ip:smartconnect:1.0 - axi_video_hp0_smc
Adding component instance block -- xilinx.com:ip:smartconnect:1.0 - axi_gemv_hp1_smc
Adding component instance block -- xilinx.com:ip:axi_clock_converter:2.1 - axi_gemv_ctrl_clkconv
Adding component instance block -- xilinx.com:ip:axi_clock_converter:2.1 - axi_bram_ctrl_clkconv
Adding component instance block -- xilinx.com:ip:axi_clock_converter:2.1 - axi_dma_ctrl_clkconv
Adding component instance block -- digilentinc.com:ip:axi_dynclk:1.2 - axi_dynclk_0
Adding component instance block -- xilinx.com:ip:v_tc:6.2 - v_tc_out
Adding component instance block -- xilinx.com:ip:axi_vdma:6.3 - axi_vdma_1
Adding component instance block -- xilinx.com:ip:axis_subset_converter:1.1 - axis_subset_converter_out
Adding component instance block -- xilinx.com:ip:v_axi4s_vid_out:4.0 - v_axi4s_vid_out_0
Adding component instance block -- digilentinc.com:ip:rgb2dvi:1.4 - rgb2dvi_1
Adding component instance block -- xilinx.com:ip:axi_dma:7.1 - axi_dma_0
Adding component instance block -- xilinx.com:ip:axis_data_fifo:2.0 - mm2s_axis_fifo
Adding component instance block -- xilinx.com:ip:axis_data_fifo:2.0 - s2mm_axis_fifo
Adding component instance block -- xilinx.com:ip:axi_bram_ctrl:4.1 - axi_input_bram_ctrl
Adding component instance block -- xilinx.com:ip:blk_mem_gen:8.4 - input_vector_bram
Adding component instance block -- xilinx.com:module_ref:gemv_q8_0_dma_top:1.0 - gemv_q8_0_dma_top_0
Adding component instance block -- xilinx.com:ip:xlconcat:2.1 - xlconcat_0
Successfully read diagram <design_1> from block design file </run/media/pjs/6A43-DC8A/smollm2-zybo/hw/vivado_project/GPTalk.srcs/sources_1/bd/design_1/design_1.bd>
# set ps7 [get_bd_cells -quiet processing_system7_0]
# if {[llength $ps7] == 0} {
#     error "processing_system7_0 is missing from $bd_name"
# }
# if {[llength [get_bd_cells -quiet gemv_q8_0_dma_top_0]]} {
#     catch {update_module_reference [get_bd_cells gemv_q8_0_dma_top_0]}
# }
# set_property CONFIG.PCW_FPGA0_PERIPHERAL_FREQMHZ [format "%.6f" $ctrl_clk_mhz] $ps7
CRITICAL WARNING: [PSU-1]  Parameter : PCW_UIPARAM_DDR_DQS_TO_CLK_DELAY_0 has negative value -0.050 . PS DDR interfaces might fail when entering negative DQS skew values. 
CRITICAL WARNING: [PSU-2]  Parameter : PCW_UIPARAM_DDR_DQS_TO_CLK_DELAY_1 has negative value -0.044 . PS DDR interfaces might fail when entering negative DQS skew values. 
CRITICAL WARNING: [PSU-3]  Parameter : PCW_UIPARAM_DDR_DQS_TO_CLK_DELAY_2 has negative value -0.035 . PS DDR interfaces might fail when entering negative DQS skew values. 
CRITICAL WARNING: [PSU-4]  Parameter : PCW_UIPARAM_DDR_DQS_TO_CLK_DELAY_3 has negative value -0.100 . PS DDR interfaces might fail when entering negative DQS skew values. 
CRITICAL WARNING: [PSU-1]  Parameter : PCW_UIPARAM_DDR_DQS_TO_CLK_DELAY_0 has negative value -0.050 . PS DDR interfaces might fail when entering negative DQS skew values. 
CRITICAL WARNING: [PSU-2]  Parameter : PCW_UIPARAM_DDR_DQS_TO_CLK_DELAY_1 has negative value -0.044 . PS DDR interfaces might fail when entering negative DQS skew values. 
CRITICAL WARNING: [PSU-3]  Parameter : PCW_UIPARAM_DDR_DQS_TO_CLK_DELAY_2 has negative value -0.035 . PS DDR interfaces might fail when entering negative DQS skew values. 
CRITICAL WARNING: [PSU-4]  Parameter : PCW_UIPARAM_DDR_DQS_TO_CLK_DELAY_3 has negative value -0.100 . PS DDR interfaces might fail when entering negative DQS skew values. 
# set_property CONFIG.PCW_FPGA2_PERIPHERAL_FREQMHZ [format "%.6f" $pl_clk_mhz] $ps7
CRITICAL WARNING: [PSU-1]  Parameter : PCW_UIPARAM_DDR_DQS_TO_CLK_DELAY_0 has negative value -0.050 . PS DDR interfaces might fail when entering negative DQS skew values. 
CRITICAL WARNING: [PSU-2]  Parameter : PCW_UIPARAM_DDR_DQS_TO_CLK_DELAY_1 has negative value -0.044 . PS DDR interfaces might fail when entering negative DQS skew values. 
CRITICAL WARNING: [PSU-3]  Parameter : PCW_UIPARAM_DDR_DQS_TO_CLK_DELAY_2 has negative value -0.035 . PS DDR interfaces might fail when entering negative DQS skew values. 
CRITICAL WARNING: [PSU-4]  Parameter : PCW_UIPARAM_DDR_DQS_TO_CLK_DELAY_3 has negative value -0.100 . PS DDR interfaces might fail when entering negative DQS skew values. 
# foreach {fclk_pin_name expected_freq_hz} [list \
#     processing_system7_0/FCLK_CLK0 $ctrl_actual_freq_hz \
#     processing_system7_0/FCLK_CLK2 $actual_freq_hz \
# ] {
#     set fclk_pin [get_bd_pins -quiet $fclk_pin_name]
#     if {![llength $fclk_pin]} {
#         continue
#     }
#     set fclk_freq [get_property -quiet CONFIG.FREQ_HZ $fclk_pin]
#     if {$fclk_freq ne "" && $fclk_freq ne $expected_freq_hz} {
#         puts "WARN: requested actual FREQ_HZ $expected_freq_hz differs from $fclk_pin_name $fclk_freq"
#     }
# }
# foreach intf_name [list \
#     gemv_q8_0_dma_top_0/S_AXI \
#     gemv_q8_0_dma_top_0/S_AXIS \
#     gemv_q8_0_dma_top_0/M_AXIS \
# ] {
#     set intf_pin [get_bd_intf_pins -quiet $intf_name]
#     if {[llength $intf_pin]} {
#         # FREQ_HZ is read-only on module_ref pins after import; it is patched
#         # in the BD/XCI metadata before open_bd_design.
#     }
# }
# set gemv_clk [get_bd_pins -quiet gemv_q8_0_dma_top_0/S_AXI_ACLK]
# if {[llength $gemv_clk]} {
#     # See module_ref metadata patch above.
# }
# validate_bd_design
WARNING: [SMARTCONNECT-2] Port M03_AXI of /axi_ctrl_smc is connected to an infrastructure IP (/axi_dma_ctrl_clkconv).  It is recommended to attach AXI SmartConnect directly to endpoint IPs to avoid mismatches or other issues during validation.  If mismatches occur, manually assign values for AXI Interface properties of /axi_dma_ctrl_clkconv.
WARNING: [SMARTCONNECT-2] Port M04_AXI of /axi_ctrl_smc is connected to an infrastructure IP (/axi_gemv_ctrl_clkconv).  It is recommended to attach AXI SmartConnect directly to endpoint IPs to avoid mismatches or other issues during validation.  If mismatches occur, manually assign values for AXI Interface properties of /axi_gemv_ctrl_clkconv.
WARNING: [SMARTCONNECT-2] Port M05_AXI of /axi_ctrl_smc is connected to an infrastructure IP (/axi_bram_ctrl_clkconv).  It is recommended to attach AXI SmartConnect directly to endpoint IPs to avoid mismatches or other issues during validation.  If mismatches occur, manually assign values for AXI Interface properties of /axi_bram_ctrl_clkconv.
INFO: [BD 5-943] Reserving offset range <0x4301_0000 [ 64K ]> from slave interface '/axi_ctrl_smc/S00_AXI' to master interface '/axi_ctrl_smc/M00_AXI'. This will be used by smartconnect on path for routing.
INFO: [BD 5-943] Reserving offset range <0x43C1_0000 [ 64K ]> from slave interface '/axi_ctrl_smc/S00_AXI' to master interface '/axi_ctrl_smc/M01_AXI'. This will be used by smartconnect on path for routing.
INFO: [BD 5-943] Reserving offset range <0x43C2_0000 [ 64K ]> from slave interface '/axi_ctrl_smc/S00_AXI' to master interface '/axi_ctrl_smc/M02_AXI'. This will be used by smartconnect on path for routing.
INFO: [BD 5-943] Reserving offset range <0x4040_0000 [ 64K ]> from slave interface '/axi_ctrl_smc/S00_AXI' to master interface '/axi_ctrl_smc/M03_AXI'. This will be used by smartconnect on path for routing.
INFO: [BD 5-943] Reserving offset range <0x43CA_0000 [ 4K ]> from slave interface '/axi_ctrl_smc/S00_AXI' to master interface '/axi_ctrl_smc/M04_AXI'. This will be used by smartconnect on path for routing.
INFO: [BD 5-943] Reserving offset range <0x4200_0000 [ 64K ]> from slave interface '/axi_ctrl_smc/S00_AXI' to master interface '/axi_ctrl_smc/M05_AXI'. This will be used by smartconnect on path for routing.
INFO: [xilinx.com:ip:smartconnect:1.0-1] design_1_axi_ctrl_smc_0: SmartConnect design_1_axi_ctrl_smc_0 is in High-performance Mode.
INFO: [Ipptcl 7-1463] No Compatible Board Interface found. Board Tab not created in customize GUI
INFO: [BD 5-943] Reserving offset range <0x0000_0000 [ 1G ]> from slave interface '/axi_video_hp0_smc/S00_AXI' to master interface '/axi_video_hp0_smc/M00_AXI'. This will be used by smartconnect on path for routing.
INFO: [xilinx.com:ip:smartconnect:1.0-1] design_1_axi_video_hp0_smc_0: SmartConnect design_1_axi_video_hp0_smc_0 is in High-performance Mode.
INFO: [BD 5-943] Reserving offset range <0x0000_0000 [ 1G ]> from slave interface '/axi_gemv_hp1_smc/S00_AXI' to master interface '/axi_gemv_hp1_smc/M00_AXI'. This will be used by smartconnect on path for routing.
INFO: [BD 5-943] Reserving offset range <0x0000_0000 [ 1G ]> from slave interface '/axi_gemv_hp1_smc/S01_AXI' to master interface '/axi_gemv_hp1_smc/M00_AXI'. This will be used by smartconnect on path for routing.
INFO: [xilinx.com:ip:smartconnect:1.0-1] design_1_axi_gemv_hp1_smc_0: SmartConnect design_1_axi_gemv_hp1_smc_0 is in High-performance Mode.
WARNING: [filemgmt 56-443] The ECC Algorithm string is empty. Setting the Memory Map to default ECC value to ECC_NONE.
INFO: [digilentinc.com:ip:axi_dynclk:1.2-17] /axi_dynclk_0FREQ_HZ of 100000000 propagated into CONFIG.kRefClkFreqHz
# save_bd_design
Wrote  : </run/media/pjs/6A43-DC8A/smollm2-zybo/hw/vivado_project/GPTalk.srcs/sources_1/bd/design_1/design_1.bd> 
# generate_target all [get_files $bd_file]
INFO: [BD 41-1662] The design 'design_1.bd' is already validated. Therefore parameter propagation will not be re-run.
WARNING: [filemgmt 56-443] The ECC Algorithm string is empty. Setting the Memory Map to default ECC value to ECC_NONE.
WARNING: [filemgmt 56-443] The ECC Algorithm string is empty. Setting the Memory Map to default ECC value to ECC_NONE.
WARNING: [BD 41-2384] Width mismatch when connecting pin: '/input_vector_bram/addra'(32) to pin: '/axi_input_bram_ctrl/bram_addr_a'(16) - Only lower order bits will be connected.
Verilog Output written to : /run/media/pjs/6A43-DC8A/smollm2-zybo/hw/vivado_project/GPTalk.gen/sources_1/bd/design_1/synth/design_1.v
WARNING: [BD 41-2384] Width mismatch when connecting pin: '/input_vector_bram/addra'(32) to pin: '/axi_input_bram_ctrl/bram_addr_a'(16) - Only lower order bits will be connected.
Verilog Output written to : /run/media/pjs/6A43-DC8A/smollm2-zybo/hw/vivado_project/GPTalk.gen/sources_1/bd/design_1/sim/design_1.v
Verilog Output written to : /run/media/pjs/6A43-DC8A/smollm2-zybo/hw/vivado_project/GPTalk.gen/sources_1/bd/design_1/hdl/design_1_wrapper.v
INFO: [IP_Flow 19-5611] Unable to find an associated reset port for the interface 'M_AXI_GP0'. A default connection has been created.
INFO: [IP_Flow 19-5611] Unable to find an associated reset port for the interface 'S_AXI_HP0'. A default connection has been created.
INFO: [IP_Flow 19-5611] Unable to find an associated reset port for the interface 'S_AXI_HP1'. A default connection has been created.
INFO: [BD 41-1029] Generation completed for the IP Integrator block processing_system7_0 .
INFO: [BD 41-1029] Generation completed for the IP Integrator block rst_ps7_0_100M .
INFO: [BD 41-1029] Generation completed for the IP Integrator block rst_ps7_0_133M .
INFO: [BD 41-1029] Generation completed for the IP Integrator block rst_ps7_0_gemv .
Exporting to file /run/media/pjs/6A43-DC8A/smollm2-zybo/hw/vivado_project/GPTalk.gen/sources_1/bd/design_1/ip/design_1_axi_ctrl_smc_0/bd_0/hw_handoff/design_1_axi_ctrl_smc_0.hwh
Generated Hardware Definition File /run/media/pjs/6A43-DC8A/smollm2-zybo/hw/vivado_project/GPTalk.gen/sources_1/bd/design_1/ip/design_1_axi_ctrl_smc_0/bd_0/synth/design_1_axi_ctrl_smc_0.hwdef
INFO: [BD 41-1029] Generation completed for the IP Integrator block axi_ctrl_smc .
Exporting to file /run/media/pjs/6A43-DC8A/smollm2-zybo/hw/vivado_project/GPTalk.gen/sources_1/bd/design_1/ip/design_1_axi_video_hp0_smc_0/bd_0/hw_handoff/design_1_axi_video_hp0_smc_0.hwh
Generated Hardware Definition File /run/media/pjs/6A43-DC8A/smollm2-zybo/hw/vivado_project/GPTalk.gen/sources_1/bd/design_1/ip/design_1_axi_video_hp0_smc_0/bd_0/synth/design_1_axi_video_hp0_smc_0.hwdef
INFO: [BD 41-1029] Generation completed for the IP Integrator block axi_video_hp0_smc .
Exporting to file /run/media/pjs/6A43-DC8A/smollm2-zybo/hw/vivado_project/GPTalk.gen/sources_1/bd/design_1/ip/design_1_axi_gemv_hp1_smc_0/bd_0/hw_handoff/design_1_axi_gemv_hp1_smc_0.hwh
Generated Hardware Definition File /run/media/pjs/6A43-DC8A/smollm2-zybo/hw/vivado_project/GPTalk.gen/sources_1/bd/design_1/ip/design_1_axi_gemv_hp1_smc_0/bd_0/synth/design_1_axi_gemv_hp1_smc_0.hwdef
INFO: [BD 41-1029] Generation completed for the IP Integrator block axi_gemv_hp1_smc .
WARNING: [IP_Flow 19-4994] Overwriting existing constraint file '/run/media/pjs/6A43-DC8A/smollm2-zybo/hw/vivado_project/GPTalk.gen/sources_1/bd/design_1/ip/design_1_axi_gemv_ctrl_clkconv_0/design_1_axi_gemv_ctrl_clkconv_0_ooc.xdc'
INFO: [BD 41-1029] Generation completed for the IP Integrator block axi_gemv_ctrl_clkconv .
WARNING: [IP_Flow 19-4994] Overwriting existing constraint file '/run/media/pjs/6A43-DC8A/smollm2-zybo/hw/vivado_project/GPTalk.gen/sources_1/bd/design_1/ip/design_1_axi_bram_ctrl_clkconv_0/design_1_axi_bram_ctrl_clkconv_0_ooc.xdc'
INFO: [BD 41-1029] Generation completed for the IP Integrator block axi_bram_ctrl_clkconv .
WARNING: [IP_Flow 19-4994] Overwriting existing constraint file '/run/media/pjs/6A43-DC8A/smollm2-zybo/hw/vivado_project/GPTalk.gen/sources_1/bd/design_1/ip/design_1_axi_dma_ctrl_clkconv_0/design_1_axi_dma_ctrl_clkconv_0_ooc.xdc'
INFO: [BD 41-1029] Generation completed for the IP Integrator block axi_dma_ctrl_clkconv .
INFO: [BD 41-1029] Generation completed for the IP Integrator block axi_dynclk_0 .
INFO: [BD 41-1029] Generation completed for the IP Integrator block v_tc_out .
WARNING: [IP_Flow 19-4994] Overwriting existing constraint file '/run/media/pjs/6A43-DC8A/smollm2-zybo/hw/vivado_project/GPTalk.gen/sources_1/bd/design_1/ip/design_1_axi_vdma_1_0/design_1_axi_vdma_1_0_ooc.xdc'
INFO: [BD 41-1029] Generation completed for the IP Integrator block axi_vdma_1 .
WARNING: [IP_Flow 19-4994] Overwriting existing constraint file '/run/media/pjs/6A43-DC8A/smollm2-zybo/hw/vivado_project/GPTalk.gen/sources_1/bd/design_1/ip/design_1_axis_subset_converter_out_0/design_1_axis_subset_converter_out_0_ooc.xdc'
INFO: [BD 41-1029] Generation completed for the IP Integrator block axis_subset_converter_out .
INFO: [BD 41-1029] Generation completed for the IP Integrator block v_axi4s_vid_out_0 .
INFO: [BD 41-1029] Generation completed for the IP Integrator block rgb2dvi_1 .
INFO: [BD 41-1029] Generation completed for the IP Integrator block axi_dma_0 .
INFO: [BD 41-1029] Generation completed for the IP Integrator block mm2s_axis_fifo .
INFO: [BD 41-1029] Generation completed for the IP Integrator block s2mm_axis_fifo .
INFO: [BD 41-1029] Generation completed for the IP Integrator block axi_input_bram_ctrl .
INFO: [BD 41-1029] Generation completed for the IP Integrator block input_vector_bram .
INFO: [BD 41-1029] Generation completed for the IP Integrator block gemv_q8_0_dma_top_0 .
INFO: [BD 41-1029] Generation completed for the IP Integrator block xlconcat_0 .
Exporting to file /run/media/pjs/6A43-DC8A/smollm2-zybo/hw/vivado_project/GPTalk.gen/sources_1/bd/design_1/hw_handoff/design_1.hwh
Generated Hardware Definition File /run/media/pjs/6A43-DC8A/smollm2-zybo/hw/vivado_project/GPTalk.gen/sources_1/bd/design_1/synth/design_1.hwdef
generate_target: Time (s): cpu = 00:00:12 ; elapsed = 00:00:13 . Memory (MB): peak = 1778.520 ; gain = 0.000 ; free physical = 45206 ; free virtual = 65238
# update_compile_order -fileset sources_1
# if {[llength [get_files -quiet [file join $project_dir GPTalk.gen sources_1 bd $bd_name hdl ${bd_name}_wrapper.v]]]} {
#     set_property top ${bd_name}_wrapper [current_fileset]
# }
# if {$apply_clock_only} {
#     set apply_log [file join $log_dir s02_clock_prediction.txt]
#     set apply_fd [open $apply_log w]
#     puts $apply_fd "S02 predicted clock application"
#     puts $apply_fd "Active Vivado project: $project_xpr"
#     puts $apply_fd [format "Applied PL clock target: %.3f MHz" $pl_clk_mhz]
#     puts $apply_fd "Applied PL clock actual FREQ_HZ: $actual_freq_hz"
#     puts $apply_fd "Source data:"
#     puts $apply_fd "- 50 MHz run: setup WNS 1.427 ns, TNS 0.000 ns, hold WHS 0.016 ns, THS 0.000 ns"
#     puts $apply_fd "- 75 nominal run: actual clk_fpga_0 76.929 MHz, setup WNS 0.000 ns, TNS 0.000 ns, hold WHS 0.025 ns, THS 0.000 ns"
#     puts $apply_fd "Prediction: 76.929 MHz is the highest no-violation clock supported by the available timing data."
#     puts $apply_fd "Action: BD/XCI frequency metadata restored to 76923080 Hz; no synthesis/implementation was run in this apply-only pass."
#     close $apply_fd
#     close_project
#     puts "APPLIED_CLOCK_ONLY=1"
#     puts "APPLIED_FREQ_HZ=$actual_freq_hz"
#     puts "CLOCK_PREDICTION_LOG=$apply_log"
#     return
# }
# set synth_strategy [try_run_strategy synth_1 "synth_1 strategy" [list \
#     "Flow_PerfOptimized_high" \
#     "Flow_AreaOptimized_high" \
#     "Vivado Synthesis Defaults" \
# ]]
# set impl_strategy [try_run_strategy impl_1 "impl_1 strategy" [list \
#     "Performance_ExplorePostRoutePhysOpt" \
#     "Performance_Explore" \
#     "Performance_NetDelay_high" \
#     "Performance_WLBlockPlacement" \
#     "Vivado Implementation Defaults" \
# ]]
# set opt_directive [try_step_directive impl_1 STEPS.OPT_DESIGN.ARGS.DIRECTIVE "opt_design directive" [list Explore ExploreWithRemap AddRemap Default]]
# set place_directive [try_step_directive impl_1 STEPS.PLACE_DESIGN.ARGS.DIRECTIVE "place_design directive" [list ExtraNetDelay_high ExtraPostPlacementOpt Explore WLDrivenBlockPlacement Default]]
# set phys_directive [try_step_directive impl_1 STEPS.PHYS_OPT_DESIGN.ARGS.DIRECTIVE "phys_opt_design directive" [list AggressiveExplore Explore AggressiveFanoutOpt Default]]
# set route_directive [try_step_directive impl_1 STEPS.ROUTE_DESIGN.ARGS.DIRECTIVE "route_design directive" [list AggressiveExplore Explore NoTimingRelaxation Default]]
# if {[catch {set_property STEPS.PHYS_OPT_DESIGN.IS_ENABLED true [get_runs impl_1]} msg]} {
#     lappend fallback_log "phys_opt_design enable rejected: $msg"
# }
# if {[catch {set_property STEPS.POST_ROUTE_PHYS_OPT_DESIGN.IS_ENABLED true [get_runs impl_1]} msg]} {
#     lappend fallback_log "post_route_phys_opt_design enable rejected: $msg"
# }
# set post_route_phys_directive [try_step_directive impl_1 STEPS.POST_ROUTE_PHYS_OPT_DESIGN.ARGS.DIRECTIVE "post_route_phys_opt_design directive" [list AggressiveExplore Explore Default]]
# set strategy_log [file join $log_dir vivado_impl_strategy.txt]
# set strategy_fd [open $strategy_log w]
# puts $strategy_fd "GPTalk DMA Vivado build strategy"
# puts $strategy_fd "Project: $project_xpr"
# puts $strategy_fd [format "Control/dynclk clock target: %.3f MHz" $ctrl_clk_mhz]
# puts $strategy_fd "Control/dynclk actual FREQ_HZ: $ctrl_actual_freq_hz"
# puts $strategy_fd [format "PL clock target: %.3f MHz" $pl_clk_mhz]
# puts $strategy_fd "PL clock actual FREQ_HZ: $actual_freq_hz"
# puts $strategy_fd "Vivado jobs: $vivado_jobs"
# puts $strategy_fd "synth_1 strategy: $synth_strategy"
# puts $strategy_fd "impl_1 strategy: $impl_strategy"
# puts $strategy_fd "opt_design directive: $opt_directive"
# puts $strategy_fd "place_design directive: $place_directive"
# puts $strategy_fd "phys_opt_design directive: $phys_directive"
# puts $strategy_fd "route_design directive: $route_directive"
# puts $strategy_fd "post_route_phys_opt_design directive: $post_route_phys_directive"
# puts $strategy_fd ""
# puts $strategy_fd "Fallback notes:"
# if {[llength $fallback_log] == 0} {
#     puts $strategy_fd "- none"
# } else {
#     foreach item $fallback_log {
#         puts $strategy_fd "- $item"
#     }
# }
# close $strategy_fd
# reset_run_clean impl_1
# reset_run_clean synth_1
INFO: [Project 1-1161] Replacing file /run/media/pjs/6A43-DC8A/smollm2-zybo/hw/vivado_project/GPTalk.srcs/utils_1/imports/synth_1/design_1_wrapper.dcp with file /run/media/pjs/6A43-DC8A/smollm2-zybo/hw/vivado_project/GPTalk.runs/synth_1/design_1_wrapper.dcp
# launch_runs synth_1 -jobs $vivado_jobs
INFO: [IP_Flow 19-6930] IPCACHE: runCacheChecks() number of threads = 8
INFO: [IP_Flow 19-6921] IPCACHE: Adding cache check func to thread queue for IP design_1_axi_bram_ctrl_clkconv_0
INFO: [IP_Flow 19-6921] IPCACHE: Adding cache check func to thread queue for IP design_1_axi_ctrl_smc_0
INFO: [IP_Flow 19-6921] IPCACHE: Adding cache check func to thread queue for IP design_1_axi_dma_0_0
INFO: [IP_Flow 19-6921] IPCACHE: Adding cache check func to thread queue for IP design_1_axi_dma_ctrl_clkconv_0
INFO: [IP_Flow 19-6921] IPCACHE: Adding cache check func to thread queue for IP design_1_axi_dynclk_0_0
INFO: [IP_Flow 19-6921] IPCACHE: Adding cache check func to thread queue for IP design_1_axi_gemv_ctrl_clkconv_0
INFO: [IP_Flow 19-6921] IPCACHE: Adding cache check func to thread queue for IP design_1_axi_gemv_hp1_smc_0
INFO: [IP_Flow 19-6921] IPCACHE: Adding cache check func to thread queue for IP design_1_axi_input_bram_ctrl_0
INFO: [IP_Flow 19-6921] IPCACHE: Adding cache check func to thread queue for IP design_1_axi_vdma_1_0
INFO: [IP_Flow 19-6921] IPCACHE: Adding cache check func to thread queue for IP design_1_axi_video_hp0_smc_0
INFO: [IP_Flow 19-6921] IPCACHE: Adding cache check func to thread queue for IP design_1_axis_subset_converter_out_0
INFO: [IP_Flow 19-6921] IPCACHE: Adding cache check func to thread queue for IP design_1_input_vector_bram_0
INFO: [IP_Flow 19-6921] IPCACHE: Adding cache check func to thread queue for IP design_1_mm2s_axis_fifo_0
INFO: [IP_Flow 19-6921] IPCACHE: Adding cache check func to thread queue for IP design_1_rgb2dvi_1_0
INFO: [IP_Flow 19-6921] IPCACHE: Adding cache check func to thread queue for IP design_1_rst_ps7_0_100M_0
INFO: [IP_Flow 19-6921] IPCACHE: Adding cache check func to thread queue for IP design_1_rst_ps7_0_133M_0
INFO: [IP_Flow 19-6921] IPCACHE: Adding cache check func to thread queue for IP design_1_rst_ps7_0_gemv_0
INFO: [IP_Flow 19-6921] IPCACHE: Adding cache check func to thread queue for IP design_1_s2mm_axis_fifo_0
INFO: [IP_Flow 19-6921] IPCACHE: Adding cache check func to thread queue for IP design_1_v_axi4s_vid_out_0_0
INFO: [IP_Flow 19-6921] IPCACHE: Adding cache check func to thread queue for IP design_1_v_tc_out_0
INFO: [IP_Flow 19-8020] IPCACHE: runCacheChecks() calling threadPool finishWork()
INFO: [IP_Flow 19-6924] IPCACHE: Running cache check for IP inst: design_1_axi_bram_ctrl_clkconv_0
INFO: [IP_Flow 19-6924] IPCACHE: Running cache check for IP inst: design_1_axis_subset_converter_out_0
INFO: [IP_Flow 19-6922] IPCACHE: Exporting cached entry 4138b192bd0c42be to dir: /run/media/pjs/6A43-DC8A/smollm2-zybo/hw/vivado_project/GPTalk.gen/sources_1/bd/design_1/ip/design_1_axis_subset_converter_out_0
INFO: [IP_Flow 19-6928] IPCACHE: copied cached file /run/media/pjs/6A43-DC8A/smollm2-zybo/hw/vivado_project/GPTalk.cache/ip/2024.2.2/4/1/4138b192bd0c42be/design_1_axis_subset_converter_out_0.dcp to /run/media/pjs/6A43-DC8A/smollm2-zybo/hw/vivado_project/GPTalk.gen/sources_1/bd/design_1/ip/design_1_axis_subset_converter_out_0/design_1_axis_subset_converter_out_0.dcp.
INFO: [IP_Flow 19-6926] IPCACHE: added file to list for BOM: /run/media/pjs/6A43-DC8A/smollm2-zybo/hw/vivado_project/GPTalk.gen/sources_1/bd/design_1/ip/design_1_axis_subset_converter_out_0/design_1_axis_subset_converter_out_0.dcp
INFO: [IP_Flow 19-6928] IPCACHE: copied cached file /run/media/pjs/6A43-DC8A/smollm2-zybo/hw/vivado_project/GPTalk.cache/ip/2024.2.2/4/1/4138b192bd0c42be/design_1_axis_subset_converter_out_0_stub.v to /run/media/pjs/6A43-DC8A/smollm2-zybo/hw/vivado_project/GPTalk.gen/sources_1/bd/design_1/ip/design_1_axis_subset_converter_out_0/design_1_axis_subset_converter_out_0_stub.v.
INFO: [IP_Flow 19-6926] IPCACHE: added file to list for BOM: /run/media/pjs/6A43-DC8A/smollm2-zybo/hw/vivado_project/GPTalk.gen/sources_1/bd/design_1/ip/design_1_axis_subset_converter_out_0/design_1_axis_subset_converter_out_0_stub.v
INFO: [IP_Flow 19-6928] IPCACHE: copied cached file /run/media/pjs/6A43-DC8A/smollm2-zybo/hw/vivado_project/GPTalk.cache/ip/2024.2.2/4/1/4138b192bd0c42be/design_1_axis_subset_converter_out_0_stub.vhdl to /run/media/pjs/6A43-DC8A/smollm2-zybo/hw/vivado_project/GPTalk.gen/sources_1/bd/design_1/ip/design_1_axis_subset_converter_out_0/design_1_axis_subset_converter_out_0_stub.vhdl.
INFO: [IP_Flow 19-6926] IPCACHE: added file to list for BOM: /run/media/pjs/6A43-DC8A/smollm2-zybo/hw/vivado_project/GPTalk.gen/sources_1/bd/design_1/ip/design_1_axis_subset_converter_out_0/design_1_axis_subset_converter_out_0_stub.vhdl
INFO: [IP_Flow 19-6928] IPCACHE: copied cached file /run/media/pjs/6A43-DC8A/smollm2-zybo/hw/vivado_project/GPTalk.cache/ip/2024.2.2/4/1/4138b192bd0c42be/design_1_axis_subset_converter_out_0_sim_netlist.v to /run/media/pjs/6A43-DC8A/smollm2-zybo/hw/vivado_project/GPTalk.gen/sources_1/bd/design_1/ip/design_1_axis_subset_converter_out_0/design_1_axis_subset_converter_out_0_sim_netlist.v.
INFO: [IP_Flow 19-6926] IPCACHE: added file to list for BOM: /run/media/pjs/6A43-DC8A/smollm2-zybo/hw/vivado_project/GPTalk.gen/sources_1/bd/design_1/ip/design_1_axis_subset_converter_out_0/design_1_axis_subset_converter_out_0_sim_netlist.v
INFO: [IP_Flow 19-6928] IPCACHE: copied cached file /run/media/pjs/6A43-DC8A/smollm2-zybo/hw/vivado_project/GPTalk.cache/ip/2024.2.2/4/1/4138b192bd0c42be/design_1_axis_subset_converter_out_0_sim_netlist.vhdl to /run/media/pjs/6A43-DC8A/smollm2-zybo/hw/vivado_project/GPTalk.gen/sources_1/bd/design_1/ip/design_1_axis_subset_converter_out_0/design_1_axis_subset_converter_out_0_sim_netlist.vhdl.
INFO: [IP_Flow 19-6926] IPCACHE: added file to list for BOM: /run/media/pjs/6A43-DC8A/smollm2-zybo/hw/vivado_project/GPTalk.gen/sources_1/bd/design_1/ip/design_1_axis_subset_converter_out_0/design_1_axis_subset_converter_out_0_sim_netlist.vhdl
INFO: [IP_Flow 19-4993] Using cached IP synthesis design for IP design_1_axis_subset_converter_out_0, cache-ID = 4138b192bd0c42be; cache size = 253.418 MB.
INFO: [IP_Flow 19-6924] IPCACHE: Running cache check for IP inst: design_1_axi_ctrl_smc_0
INFO: [IP_Flow 19-6924] IPCACHE: Running cache check for IP inst: design_1_mm2s_axis_fifo_0
INFO: [IP_Flow 19-6922] IPCACHE: Exporting cached entry 8303907ac8215618 to dir: /run/media/pjs/6A43-DC8A/smollm2-zybo/hw/vivado_project/GPTalk.gen/sources_1/bd/design_1/ip/design_1_mm2s_axis_fifo_0
INFO: [IP_Flow 19-6928] IPCACHE: copied cached file /run/media/pjs/6A43-DC8A/smollm2-zybo/hw/vivado_project/GPTalk.cache/ip/2024.2.2/8/3/8303907ac8215618/design_1_s2mm_axis_fifo_0_stub.vhdl to /run/media/pjs/6A43-DC8A/smollm2-zybo/hw/vivado_project/GPTalk.gen/sources_1/bd/design_1/ip/design_1_mm2s_axis_fifo_0/design_1_mm2s_axis_fifo_0_stub.vhdl.
INFO: [IP_Flow 19-6926] IPCACHE: added file to list for BOM: /run/media/pjs/6A43-DC8A/smollm2-zybo/hw/vivado_project/GPTalk.gen/sources_1/bd/design_1/ip/design_1_mm2s_axis_fifo_0/design_1_mm2s_axis_fifo_0_stub.vhdl
INFO: [IP_Flow 19-6928] IPCACHE: copied cached file /run/media/pjs/6A43-DC8A/smollm2-zybo/hw/vivado_project/GPTalk.cache/ip/2024.2.2/8/3/8303907ac8215618/design_1_s2mm_axis_fifo_0_sim_netlist.v to /run/media/pjs/6A43-DC8A/smollm2-zybo/hw/vivado_project/GPTalk.gen/sources_1/bd/design_1/ip/design_1_mm2s_axis_fifo_0/design_1_mm2s_axis_fifo_0_sim_netlist.v.
INFO: [IP_Flow 19-6926] IPCACHE: added file to list for BOM: /run/media/pjs/6A43-DC8A/smollm2-zybo/hw/vivado_project/GPTalk.gen/sources_1/bd/design_1/ip/design_1_mm2s_axis_fifo_0/design_1_mm2s_axis_fifo_0_sim_netlist.v
INFO: [IP_Flow 19-6928] IPCACHE: copied cached file /run/media/pjs/6A43-DC8A/smollm2-zybo/hw/vivado_project/GPTalk.cache/ip/2024.2.2/8/3/8303907ac8215618/design_1_s2mm_axis_fifo_0_sim_netlist.vhdl to /run/media/pjs/6A43-DC8A/smollm2-zybo/hw/vivado_project/GPTalk.gen/sources_1/bd/design_1/ip/design_1_mm2s_axis_fifo_0/design_1_mm2s_axis_fifo_0_sim_netlist.vhdl.
INFO: [IP_Flow 19-6926] IPCACHE: added file to list for BOM: /run/media/pjs/6A43-DC8A/smollm2-zybo/hw/vivado_project/GPTalk.gen/sources_1/bd/design_1/ip/design_1_mm2s_axis_fifo_0/design_1_mm2s_axis_fifo_0_sim_netlist.vhdl
INFO: [IP_Flow 19-6928] IPCACHE: copied cached file /run/media/pjs/6A43-DC8A/smollm2-zybo/hw/vivado_project/GPTalk.cache/ip/2024.2.2/8/3/8303907ac8215618/design_1_s2mm_axis_fifo_0.dcp to /run/media/pjs/6A43-DC8A/smollm2-zybo/hw/vivado_project/GPTalk.gen/sources_1/bd/design_1/ip/design_1_mm2s_axis_fifo_0/design_1_mm2s_axis_fifo_0.dcp.
INFO: [IP_Flow 19-6926] IPCACHE: added file to list for BOM: /run/media/pjs/6A43-DC8A/smollm2-zybo/hw/vivado_project/GPTalk.gen/sources_1/bd/design_1/ip/design_1_mm2s_axis_fifo_0/design_1_mm2s_axis_fifo_0.dcp
INFO: [IP_Flow 19-6928] IPCACHE: copied cached file /run/media/pjs/6A43-DC8A/smollm2-zybo/hw/vivado_project/GPTalk.cache/ip/2024.2.2/8/3/8303907ac8215618/design_1_s2mm_axis_fifo_0_stub.v to /run/media/pjs/6A43-DC8A/smollm2-zybo/hw/vivado_project/GPTalk.gen/sources_1/bd/design_1/ip/design_1_mm2s_axis_fifo_0/design_1_mm2s_axis_fifo_0_stub.v.
INFO: [IP_Flow 19-6926] IPCACHE: added file to list for BOM: /run/media/pjs/6A43-DC8A/smollm2-zybo/hw/vivado_project/GPTalk.gen/sources_1/bd/design_1/ip/design_1_mm2s_axis_fifo_0/design_1_mm2s_axis_fifo_0_stub.v
INFO: [IP_Flow 19-4993] Using cached IP synthesis design for IP design_1_mm2s_axis_fifo_0, cache-ID = 8303907ac8215618; cache size = 253.418 MB.
INFO: [IP_Flow 19-6924] IPCACHE: Running cache check for IP inst: design_1_axi_dma_0_0
INFO: [IP_Flow 19-6922] IPCACHE: Exporting cached entry 5271528456862942 to dir: /run/media/pjs/6A43-DC8A/smollm2-zybo/hw/vivado_project/GPTalk.gen/sources_1/bd/design_1/ip/design_1_axi_dma_0_0
INFO: [IP_Flow 19-6928] IPCACHE: copied cached file /run/media/pjs/6A43-DC8A/smollm2-zybo/hw/vivado_project/GPTalk.cache/ip/2024.2.2/5/2/5271528456862942/design_1_axi_dma_0_0_stub.vhdl to /run/media/pjs/6A43-DC8A/smollm2-zybo/hw/vivado_project/GPTalk.gen/sources_1/bd/design_1/ip/design_1_axi_dma_0_0/design_1_axi_dma_0_0_stub.vhdl.
INFO: [IP_Flow 19-6926] IPCACHE: added file to list for BOM: /run/media/pjs/6A43-DC8A/smollm2-zybo/hw/vivado_project/GPTalk.gen/sources_1/bd/design_1/ip/design_1_axi_dma_0_0/design_1_axi_dma_0_0_stub.vhdl
INFO: [IP_Flow 19-6928] IPCACHE: copied cached file /run/media/pjs/6A43-DC8A/smollm2-zybo/hw/vivado_project/GPTalk.cache/ip/2024.2.2/5/2/5271528456862942/design_1_axi_dma_0_0_sim_netlist.v to /run/media/pjs/6A43-DC8A/smollm2-zybo/hw/vivado_project/GPTalk.gen/sources_1/bd/design_1/ip/design_1_axi_dma_0_0/design_1_axi_dma_0_0_sim_netlist.v.
INFO: [IP_Flow 19-6926] IPCACHE: added file to list for BOM: /run/media/pjs/6A43-DC8A/smollm2-zybo/hw/vivado_project/GPTalk.gen/sources_1/bd/design_1/ip/design_1_axi_dma_0_0/design_1_axi_dma_0_0_sim_netlist.v
INFO: [IP_Flow 19-6928] IPCACHE: copied cached file /run/media/pjs/6A43-DC8A/smollm2-zybo/hw/vivado_project/GPTalk.cache/ip/2024.2.2/5/2/5271528456862942/design_1_axi_dma_0_0_sim_netlist.vhdl to /run/media/pjs/6A43-DC8A/smollm2-zybo/hw/vivado_project/GPTalk.gen/sources_1/bd/design_1/ip/design_1_axi_dma_0_0/design_1_axi_dma_0_0_sim_netlist.vhdl.
INFO: [IP_Flow 19-6926] IPCACHE: added file to list for BOM: /run/media/pjs/6A43-DC8A/smollm2-zybo/hw/vivado_project/GPTalk.gen/sources_1/bd/design_1/ip/design_1_axi_dma_0_0/design_1_axi_dma_0_0_sim_netlist.vhdl
INFO: [IP_Flow 19-6928] IPCACHE: copied cached file /run/media/pjs/6A43-DC8A/smollm2-zybo/hw/vivado_project/GPTalk.cache/ip/2024.2.2/5/2/5271528456862942/design_1_axi_dma_0_0.dcp to /run/media/pjs/6A43-DC8A/smollm2-zybo/hw/vivado_project/GPTalk.gen/sources_1/bd/design_1/ip/design_1_axi_dma_0_0/design_1_axi_dma_0_0.dcp.
INFO: [IP_Flow 19-6926] IPCACHE: added file to list for BOM: /run/media/pjs/6A43-DC8A/smollm2-zybo/hw/vivado_project/GPTalk.gen/sources_1/bd/design_1/ip/design_1_axi_dma_0_0/design_1_axi_dma_0_0.dcp
INFO: [IP_Flow 19-6928] IPCACHE: copied cached file /run/media/pjs/6A43-DC8A/smollm2-zybo/hw/vivado_project/GPTalk.cache/ip/2024.2.2/5/2/5271528456862942/design_1_axi_dma_0_0_stub.v to /run/media/pjs/6A43-DC8A/smollm2-zybo/hw/vivado_project/GPTalk.gen/sources_1/bd/design_1/ip/design_1_axi_dma_0_0/design_1_axi_dma_0_0_stub.v.
INFO: [IP_Flow 19-6926] IPCACHE: added file to list for BOM: /run/media/pjs/6A43-DC8A/smollm2-zybo/hw/vivado_project/GPTalk.gen/sources_1/bd/design_1/ip/design_1_axi_dma_0_0/design_1_axi_dma_0_0_stub.v
INFO: [IP_Flow 19-4993] Using cached IP synthesis design for IP design_1_axi_dma_0_0, cache-ID = 5271528456862942; cache size = 253.418 MB.
INFO: [IP_Flow 19-6924] IPCACHE: Running cache check for IP inst: design_1_axi_dma_ctrl_clkconv_0
INFO: [IP_Flow 19-6924] IPCACHE: Running cache check for IP inst: design_1_input_vector_bram_0
INFO: [IP_Flow 19-6922] IPCACHE: Exporting cached entry 92be8254c26d9146 to dir: /run/media/pjs/6A43-DC8A/smollm2-zybo/hw/vivado_project/GPTalk.gen/sources_1/bd/design_1/ip/design_1_input_vector_bram_0
INFO: [IP_Flow 19-6928] IPCACHE: copied cached file /run/media/pjs/6A43-DC8A/smollm2-zybo/hw/vivado_project/GPTalk.cache/ip/2024.2.2/9/2/92be8254c26d9146/design_1_input_vector_bram_0.dcp to /run/media/pjs/6A43-DC8A/smollm2-zybo/hw/vivado_project/GPTalk.gen/sources_1/bd/design_1/ip/design_1_input_vector_bram_0/design_1_input_vector_bram_0.dcp.
INFO: [IP_Flow 19-6926] IPCACHE: added file to list for BOM: /run/media/pjs/6A43-DC8A/smollm2-zybo/hw/vivado_project/GPTalk.gen/sources_1/bd/design_1/ip/design_1_input_vector_bram_0/design_1_input_vector_bram_0.dcp
INFO: [IP_Flow 19-6928] IPCACHE: copied cached file /run/media/pjs/6A43-DC8A/smollm2-zybo/hw/vivado_project/GPTalk.cache/ip/2024.2.2/9/2/92be8254c26d9146/design_1_input_vector_bram_0_sim_netlist.v to /run/media/pjs/6A43-DC8A/smollm2-zybo/hw/vivado_project/GPTalk.gen/sources_1/bd/design_1/ip/design_1_input_vector_bram_0/design_1_input_vector_bram_0_sim_netlist.v.
INFO: [IP_Flow 19-6926] IPCACHE: added file to list for BOM: /run/media/pjs/6A43-DC8A/smollm2-zybo/hw/vivado_project/GPTalk.gen/sources_1/bd/design_1/ip/design_1_input_vector_bram_0/design_1_input_vector_bram_0_sim_netlist.v
INFO: [IP_Flow 19-6928] IPCACHE: copied cached file /run/media/pjs/6A43-DC8A/smollm2-zybo/hw/vivado_project/GPTalk.cache/ip/2024.2.2/9/2/92be8254c26d9146/design_1_input_vector_bram_0_stub.v to /run/media/pjs/6A43-DC8A/smollm2-zybo/hw/vivado_project/GPTalk.gen/sources_1/bd/design_1/ip/design_1_input_vector_bram_0/design_1_input_vector_bram_0_stub.v.
INFO: [IP_Flow 19-6926] IPCACHE: added file to list for BOM: /run/media/pjs/6A43-DC8A/smollm2-zybo/hw/vivado_project/GPTalk.gen/sources_1/bd/design_1/ip/design_1_input_vector_bram_0/design_1_input_vector_bram_0_stub.v
INFO: [IP_Flow 19-6928] IPCACHE: copied cached file /run/media/pjs/6A43-DC8A/smollm2-zybo/hw/vivado_project/GPTalk.cache/ip/2024.2.2/9/2/92be8254c26d9146/design_1_input_vector_bram_0_stub.vhdl to /run/media/pjs/6A43-DC8A/smollm2-zybo/hw/vivado_project/GPTalk.gen/sources_1/bd/design_1/ip/design_1_input_vector_bram_0/design_1_input_vector_bram_0_stub.vhdl.
INFO: [IP_Flow 19-6926] IPCACHE: added file to list for BOM: /run/media/pjs/6A43-DC8A/smollm2-zybo/hw/vivado_project/GPTalk.gen/sources_1/bd/design_1/ip/design_1_input_vector_bram_0/design_1_input_vector_bram_0_stub.vhdl
INFO: [IP_Flow 19-6928] IPCACHE: copied cached file /run/media/pjs/6A43-DC8A/smollm2-zybo/hw/vivado_project/GPTalk.cache/ip/2024.2.2/9/2/92be8254c26d9146/design_1_input_vector_bram_0_sim_netlist.vhdl to /run/media/pjs/6A43-DC8A/smollm2-zybo/hw/vivado_project/GPTalk.gen/sources_1/bd/design_1/ip/design_1_input_vector_bram_0/design_1_input_vector_bram_0_sim_netlist.vhdl.
INFO: [IP_Flow 19-6926] IPCACHE: added file to list for BOM: /run/media/pjs/6A43-DC8A/smollm2-zybo/hw/vivado_project/GPTalk.gen/sources_1/bd/design_1/ip/design_1_input_vector_bram_0/design_1_input_vector_bram_0_sim_netlist.vhdl
INFO: [IP_Flow 19-4993] Using cached IP synthesis design for IP design_1_input_vector_bram_0, cache-ID = 92be8254c26d9146; cache size = 253.418 MB.
INFO: [IP_Flow 19-6924] IPCACHE: Running cache check for IP inst: design_1_axi_dynclk_0_0
INFO: [IP_Flow 19-6924] IPCACHE: Running cache check for IP inst: design_1_rst_ps7_0_100M_0
INFO: [IP_Flow 19-6922] IPCACHE: Exporting cached entry 2dffd140d827ae67 to dir: /run/media/pjs/6A43-DC8A/smollm2-zybo/hw/vivado_project/GPTalk.gen/sources_1/bd/design_1/ip/design_1_rst_ps7_0_100M_0
INFO: [IP_Flow 19-6928] IPCACHE: copied cached file /run/media/pjs/6A43-DC8A/smollm2-zybo/hw/vivado_project/GPTalk.cache/ip/2024.2.2/2/d/2dffd140d827ae67/design_1_rst_ps7_0_50M_0_stub.vhdl to /run/media/pjs/6A43-DC8A/smollm2-zybo/hw/vivado_project/GPTalk.gen/sources_1/bd/design_1/ip/design_1_rst_ps7_0_100M_0/design_1_rst_ps7_0_100M_0_stub.vhdl.
INFO: [IP_Flow 19-6926] IPCACHE: added file to list for BOM: /run/media/pjs/6A43-DC8A/smollm2-zybo/hw/vivado_project/GPTalk.gen/sources_1/bd/design_1/ip/design_1_rst_ps7_0_100M_0/design_1_rst_ps7_0_100M_0_stub.vhdl
INFO: [IP_Flow 19-6928] IPCACHE: copied cached file /run/media/pjs/6A43-DC8A/smollm2-zybo/hw/vivado_project/GPTalk.cache/ip/2024.2.2/2/d/2dffd140d827ae67/design_1_rst_ps7_0_50M_0_sim_netlist.v to /run/media/pjs/6A43-DC8A/smollm2-zybo/hw/vivado_project/GPTalk.gen/sources_1/bd/design_1/ip/design_1_rst_ps7_0_100M_0/design_1_rst_ps7_0_100M_0_sim_netlist.v.
INFO: [IP_Flow 19-6926] IPCACHE: added file to list for BOM: /run/media/pjs/6A43-DC8A/smollm2-zybo/hw/vivado_project/GPTalk.gen/sources_1/bd/design_1/ip/design_1_rst_ps7_0_100M_0/design_1_rst_ps7_0_100M_0_sim_netlist.v
INFO: [IP_Flow 19-6928] IPCACHE: copied cached file /run/media/pjs/6A43-DC8A/smollm2-zybo/hw/vivado_project/GPTalk.cache/ip/2024.2.2/2/d/2dffd140d827ae67/design_1_rst_ps7_0_50M_0_sim_netlist.vhdl to /run/media/pjs/6A43-DC8A/smollm2-zybo/hw/vivado_project/GPTalk.gen/sources_1/bd/design_1/ip/design_1_rst_ps7_0_100M_0/design_1_rst_ps7_0_100M_0_sim_netlist.vhdl.
INFO: [IP_Flow 19-6926] IPCACHE: added file to list for BOM: /run/media/pjs/6A43-DC8A/smollm2-zybo/hw/vivado_project/GPTalk.gen/sources_1/bd/design_1/ip/design_1_rst_ps7_0_100M_0/design_1_rst_ps7_0_100M_0_sim_netlist.vhdl
INFO: [IP_Flow 19-6928] IPCACHE: copied cached file /run/media/pjs/6A43-DC8A/smollm2-zybo/hw/vivado_project/GPTalk.cache/ip/2024.2.2/2/d/2dffd140d827ae67/design_1_rst_ps7_0_50M_0.dcp to /run/media/pjs/6A43-DC8A/smollm2-zybo/hw/vivado_project/GPTalk.gen/sources_1/bd/design_1/ip/design_1_rst_ps7_0_100M_0/design_1_rst_ps7_0_100M_0.dcp.
INFO: [IP_Flow 19-6926] IPCACHE: added file to list for BOM: /run/media/pjs/6A43-DC8A/smollm2-zybo/hw/vivado_project/GPTalk.gen/sources_1/bd/design_1/ip/design_1_rst_ps7_0_100M_0/design_1_rst_ps7_0_100M_0.dcp
INFO: [IP_Flow 19-6928] IPCACHE: copied cached file /run/media/pjs/6A43-DC8A/smollm2-zybo/hw/vivado_project/GPTalk.cache/ip/2024.2.2/2/d/2dffd140d827ae67/design_1_rst_ps7_0_50M_0_stub.v to /run/media/pjs/6A43-DC8A/smollm2-zybo/hw/vivado_project/GPTalk.gen/sources_1/bd/design_1/ip/design_1_rst_ps7_0_100M_0/design_1_rst_ps7_0_100M_0_stub.v.
INFO: [IP_Flow 19-6926] IPCACHE: added file to list for BOM: /run/media/pjs/6A43-DC8A/smollm2-zybo/hw/vivado_project/GPTalk.gen/sources_1/bd/design_1/ip/design_1_rst_ps7_0_100M_0/design_1_rst_ps7_0_100M_0_stub.v
INFO: [IP_Flow 19-4993] Using cached IP synthesis design for IP design_1_rst_ps7_0_100M_0, cache-ID = 2dffd140d827ae67; cache size = 253.418 MB.
INFO: [IP_Flow 19-6924] IPCACHE: Running cache check for IP inst: design_1_axi_gemv_ctrl_clkconv_0
INFO: [IP_Flow 19-6924] IPCACHE: Running cache check for IP inst: design_1_rgb2dvi_1_0
INFO: [IP_Flow 19-6922] IPCACHE: Exporting cached entry 4eed98e7b96136a6 to dir: /run/media/pjs/6A43-DC8A/smollm2-zybo/hw/vivado_project/GPTalk.gen/sources_1/bd/design_1/ip/design_1_rgb2dvi_1_0
INFO: [IP_Flow 19-6928] IPCACHE: copied cached file /run/media/pjs/6A43-DC8A/smollm2-zybo/hw/vivado_project/GPTalk.cache/ip/2024.2.2/4/e/4eed98e7b96136a6/design_1_rgb2dvi_1_0.dcp to /run/media/pjs/6A43-DC8A/smollm2-zybo/hw/vivado_project/GPTalk.gen/sources_1/bd/design_1/ip/design_1_rgb2dvi_1_0/design_1_rgb2dvi_1_0.dcp.
INFO: [IP_Flow 19-6926] IPCACHE: added file to list for BOM: /run/media/pjs/6A43-DC8A/smollm2-zybo/hw/vivado_project/GPTalk.gen/sources_1/bd/design_1/ip/design_1_rgb2dvi_1_0/design_1_rgb2dvi_1_0.dcp
INFO: [IP_Flow 19-6928] IPCACHE: copied cached file /run/media/pjs/6A43-DC8A/smollm2-zybo/hw/vivado_project/GPTalk.cache/ip/2024.2.2/4/e/4eed98e7b96136a6/design_1_rgb2dvi_1_0_stub.v to /run/media/pjs/6A43-DC8A/smollm2-zybo/hw/vivado_project/GPTalk.gen/sources_1/bd/design_1/ip/design_1_rgb2dvi_1_0/design_1_rgb2dvi_1_0_stub.v.
INFO: [IP_Flow 19-6926] IPCACHE: added file to list for BOM: /run/media/pjs/6A43-DC8A/smollm2-zybo/hw/vivado_project/GPTalk.gen/sources_1/bd/design_1/ip/design_1_rgb2dvi_1_0/design_1_rgb2dvi_1_0_stub.v
INFO: [IP_Flow 19-6928] IPCACHE: copied cached file /run/media/pjs/6A43-DC8A/smollm2-zybo/hw/vivado_project/GPTalk.cache/ip/2024.2.2/4/e/4eed98e7b96136a6/design_1_rgb2dvi_1_0_stub.vhdl to /run/media/pjs/6A43-DC8A/smollm2-zybo/hw/vivado_project/GPTalk.gen/sources_1/bd/design_1/ip/design_1_rgb2dvi_1_0/design_1_rgb2dvi_1_0_stub.vhdl.
INFO: [IP_Flow 19-6926] IPCACHE: added file to list for BOM: /run/media/pjs/6A43-DC8A/smollm2-zybo/hw/vivado_project/GPTalk.gen/sources_1/bd/design_1/ip/design_1_rgb2dvi_1_0/design_1_rgb2dvi_1_0_stub.vhdl
INFO: [IP_Flow 19-6928] IPCACHE: copied cached file /run/media/pjs/6A43-DC8A/smollm2-zybo/hw/vivado_project/GPTalk.cache/ip/2024.2.2/4/e/4eed98e7b96136a6/design_1_rgb2dvi_1_0_sim_netlist.v to /run/media/pjs/6A43-DC8A/smollm2-zybo/hw/vivado_project/GPTalk.gen/sources_1/bd/design_1/ip/design_1_rgb2dvi_1_0/design_1_rgb2dvi_1_0_sim_netlist.v.
INFO: [IP_Flow 19-6926] IPCACHE: added file to list for BOM: /run/media/pjs/6A43-DC8A/smollm2-zybo/hw/vivado_project/GPTalk.gen/sources_1/bd/design_1/ip/design_1_rgb2dvi_1_0/design_1_rgb2dvi_1_0_sim_netlist.v
INFO: [IP_Flow 19-6928] IPCACHE: copied cached file /run/media/pjs/6A43-DC8A/smollm2-zybo/hw/vivado_project/GPTalk.cache/ip/2024.2.2/4/e/4eed98e7b96136a6/design_1_rgb2dvi_1_0_sim_netlist.vhdl to /run/media/pjs/6A43-DC8A/smollm2-zybo/hw/vivado_project/GPTalk.gen/sources_1/bd/design_1/ip/design_1_rgb2dvi_1_0/design_1_rgb2dvi_1_0_sim_netlist.vhdl.
INFO: [IP_Flow 19-6926] IPCACHE: added file to list for BOM: /run/media/pjs/6A43-DC8A/smollm2-zybo/hw/vivado_project/GPTalk.gen/sources_1/bd/design_1/ip/design_1_rgb2dvi_1_0/design_1_rgb2dvi_1_0_sim_netlist.vhdl
INFO: [IP_Flow 19-4993] Using cached IP synthesis design for IP design_1_rgb2dvi_1_0, cache-ID = 4eed98e7b96136a6; cache size = 253.418 MB.
INFO: [IP_Flow 19-6924] IPCACHE: Running cache check for IP inst: design_1_axi_gemv_hp1_smc_0
INFO: [IP_Flow 19-6922] IPCACHE: Exporting cached entry aa397f5f2065e949 to dir: /run/media/pjs/6A43-DC8A/smollm2-zybo/hw/vivado_project/GPTalk.gen/sources_1/bd/design_1/ip/design_1_axi_gemv_hp1_smc_0
INFO: [IP_Flow 19-6928] IPCACHE: copied cached file /run/media/pjs/6A43-DC8A/smollm2-zybo/hw/vivado_project/GPTalk.cache/ip/2024.2.2/a/a/aa397f5f2065e949/design_1_axi_gemv_hp1_smc_0.dcp to /run/media/pjs/6A43-DC8A/smollm2-zybo/hw/vivado_project/GPTalk.gen/sources_1/bd/design_1/ip/design_1_axi_gemv_hp1_smc_0/design_1_axi_gemv_hp1_smc_0.dcp.
INFO: [IP_Flow 19-6926] IPCACHE: added file to list for BOM: /run/media/pjs/6A43-DC8A/smollm2-zybo/hw/vivado_project/GPTalk.gen/sources_1/bd/design_1/ip/design_1_axi_gemv_hp1_smc_0/design_1_axi_gemv_hp1_smc_0.dcp
INFO: [IP_Flow 19-6928] IPCACHE: copied cached file /run/media/pjs/6A43-DC8A/smollm2-zybo/hw/vivado_project/GPTalk.cache/ip/2024.2.2/a/a/aa397f5f2065e949/design_1_axi_gemv_hp1_smc_0_stub.v to /run/media/pjs/6A43-DC8A/smollm2-zybo/hw/vivado_project/GPTalk.gen/sources_1/bd/design_1/ip/design_1_axi_gemv_hp1_smc_0/design_1_axi_gemv_hp1_smc_0_stub.v.
INFO: [IP_Flow 19-6926] IPCACHE: added file to list for BOM: /run/media/pjs/6A43-DC8A/smollm2-zybo/hw/vivado_project/GPTalk.gen/sources_1/bd/design_1/ip/design_1_axi_gemv_hp1_smc_0/design_1_axi_gemv_hp1_smc_0_stub.v
INFO: [IP_Flow 19-6928] IPCACHE: copied cached file /run/media/pjs/6A43-DC8A/smollm2-zybo/hw/vivado_project/GPTalk.cache/ip/2024.2.2/a/a/aa397f5f2065e949/design_1_axi_gemv_hp1_smc_0_stub.vhdl to /run/media/pjs/6A43-DC8A/smollm2-zybo/hw/vivado_project/GPTalk.gen/sources_1/bd/design_1/ip/design_1_axi_gemv_hp1_smc_0/design_1_axi_gemv_hp1_smc_0_stub.vhdl.
INFO: [IP_Flow 19-6926] IPCACHE: added file to list for BOM: /run/media/pjs/6A43-DC8A/smollm2-zybo/hw/vivado_project/GPTalk.gen/sources_1/bd/design_1/ip/design_1_axi_gemv_hp1_smc_0/design_1_axi_gemv_hp1_smc_0_stub.vhdl
INFO: [IP_Flow 19-6928] IPCACHE: copied cached file /run/media/pjs/6A43-DC8A/smollm2-zybo/hw/vivado_project/GPTalk.cache/ip/2024.2.2/a/a/aa397f5f2065e949/design_1_axi_gemv_hp1_smc_0_sim_netlist.v to /run/media/pjs/6A43-DC8A/smollm2-zybo/hw/vivado_project/GPTalk.gen/sources_1/bd/design_1/ip/design_1_axi_gemv_hp1_smc_0/design_1_axi_gemv_hp1_smc_0_sim_netlist.v.
INFO: [IP_Flow 19-6926] IPCACHE: added file to list for BOM: /run/media/pjs/6A43-DC8A/smollm2-zybo/hw/vivado_project/GPTalk.gen/sources_1/bd/design_1/ip/design_1_axi_gemv_hp1_smc_0/design_1_axi_gemv_hp1_smc_0_sim_netlist.v
INFO: [IP_Flow 19-6928] IPCACHE: copied cached file /run/media/pjs/6A43-DC8A/smollm2-zybo/hw/vivado_project/GPTalk.cache/ip/2024.2.2/a/a/aa397f5f2065e949/design_1_axi_gemv_hp1_smc_0_sim_netlist.vhdl to /run/media/pjs/6A43-DC8A/smollm2-zybo/hw/vivado_project/GPTalk.gen/sources_1/bd/design_1/ip/design_1_axi_gemv_hp1_smc_0/design_1_axi_gemv_hp1_smc_0_sim_netlist.vhdl.
INFO: [IP_Flow 19-6926] IPCACHE: added file to list for BOM: /run/media/pjs/6A43-DC8A/smollm2-zybo/hw/vivado_project/GPTalk.gen/sources_1/bd/design_1/ip/design_1_axi_gemv_hp1_smc_0/design_1_axi_gemv_hp1_smc_0_sim_netlist.vhdl
INFO: [IP_Flow 19-4993] Using cached IP synthesis design for IP design_1_axi_gemv_hp1_smc_0, cache-ID = aa397f5f2065e949; cache size = 253.418 MB.
INFO: [IP_Flow 19-6924] IPCACHE: Running cache check for IP inst: design_1_rst_ps7_0_gemv_0
INFO: [IP_Flow 19-6922] IPCACHE: Exporting cached entry 25210feb77db808d to dir: /run/media/pjs/6A43-DC8A/smollm2-zybo/hw/vivado_project/GPTalk.gen/sources_1/bd/design_1/ip/design_1_rst_ps7_0_gemv_0
INFO: [IP_Flow 19-6928] IPCACHE: copied cached file /run/media/pjs/6A43-DC8A/smollm2-zybo/hw/vivado_project/GPTalk.cache/ip/2024.2.2/2/5/25210feb77db808d/design_1_rst_ps7_0_50M_0_stub.vhdl to /run/media/pjs/6A43-DC8A/smollm2-zybo/hw/vivado_project/GPTalk.gen/sources_1/bd/design_1/ip/design_1_rst_ps7_0_gemv_0/design_1_rst_ps7_0_gemv_0_stub.vhdl.
INFO: [IP_Flow 19-6926] IPCACHE: added file to list for BOM: /run/media/pjs/6A43-DC8A/smollm2-zybo/hw/vivado_project/GPTalk.gen/sources_1/bd/design_1/ip/design_1_rst_ps7_0_gemv_0/design_1_rst_ps7_0_gemv_0_stub.vhdl
INFO: [IP_Flow 19-6928] IPCACHE: copied cached file /run/media/pjs/6A43-DC8A/smollm2-zybo/hw/vivado_project/GPTalk.cache/ip/2024.2.2/2/5/25210feb77db808d/design_1_rst_ps7_0_50M_0_sim_netlist.v to /run/media/pjs/6A43-DC8A/smollm2-zybo/hw/vivado_project/GPTalk.gen/sources_1/bd/design_1/ip/design_1_rst_ps7_0_gemv_0/design_1_rst_ps7_0_gemv_0_sim_netlist.v.
INFO: [IP_Flow 19-6926] IPCACHE: added file to list for BOM: /run/media/pjs/6A43-DC8A/smollm2-zybo/hw/vivado_project/GPTalk.gen/sources_1/bd/design_1/ip/design_1_rst_ps7_0_gemv_0/design_1_rst_ps7_0_gemv_0_sim_netlist.v
INFO: [IP_Flow 19-6928] IPCACHE: copied cached file /run/media/pjs/6A43-DC8A/smollm2-zybo/hw/vivado_project/GPTalk.cache/ip/2024.2.2/2/5/25210feb77db808d/design_1_rst_ps7_0_50M_0_sim_netlist.vhdl to /run/media/pjs/6A43-DC8A/smollm2-zybo/hw/vivado_project/GPTalk.gen/sources_1/bd/design_1/ip/design_1_rst_ps7_0_gemv_0/design_1_rst_ps7_0_gemv_0_sim_netlist.vhdl.
INFO: [IP_Flow 19-6926] IPCACHE: added file to list for BOM: /run/media/pjs/6A43-DC8A/smollm2-zybo/hw/vivado_project/GPTalk.gen/sources_1/bd/design_1/ip/design_1_rst_ps7_0_gemv_0/design_1_rst_ps7_0_gemv_0_sim_netlist.vhdl
INFO: [IP_Flow 19-6928] IPCACHE: copied cached file /run/media/pjs/6A43-DC8A/smollm2-zybo/hw/vivado_project/GPTalk.cache/ip/2024.2.2/2/5/25210feb77db808d/design_1_rst_ps7_0_50M_0.dcp to /run/media/pjs/6A43-DC8A/smollm2-zybo/hw/vivado_project/GPTalk.gen/sources_1/bd/design_1/ip/design_1_rst_ps7_0_gemv_0/design_1_rst_ps7_0_gemv_0.dcp.
INFO: [IP_Flow 19-6926] IPCACHE: added file to list for BOM: /run/media/pjs/6A43-DC8A/smollm2-zybo/hw/vivado_project/GPTalk.gen/sources_1/bd/design_1/ip/design_1_rst_ps7_0_gemv_0/design_1_rst_ps7_0_gemv_0.dcp
INFO: [IP_Flow 19-6928] IPCACHE: copied cached file /run/media/pjs/6A43-DC8A/smollm2-zybo/hw/vivado_project/GPTalk.cache/ip/2024.2.2/2/5/25210feb77db808d/design_1_rst_ps7_0_50M_0_stub.v to /run/media/pjs/6A43-DC8A/smollm2-zybo/hw/vivado_project/GPTalk.gen/sources_1/bd/design_1/ip/design_1_rst_ps7_0_gemv_0/design_1_rst_ps7_0_gemv_0_stub.v.
INFO: [IP_Flow 19-6926] IPCACHE: added file to list for BOM: /run/media/pjs/6A43-DC8A/smollm2-zybo/hw/vivado_project/GPTalk.gen/sources_1/bd/design_1/ip/design_1_rst_ps7_0_gemv_0/design_1_rst_ps7_0_gemv_0_stub.v
INFO: [IP_Flow 19-4993] Using cached IP synthesis design for IP design_1_rst_ps7_0_gemv_0, cache-ID = 25210feb77db808d; cache size = 253.418 MB.
INFO: [IP_Flow 19-6924] IPCACHE: Running cache check for IP inst: design_1_axi_input_bram_ctrl_0
INFO: [IP_Flow 19-6922] IPCACHE: Exporting cached entry a605eac6bef923e5 to dir: /run/media/pjs/6A43-DC8A/smollm2-zybo/hw/vivado_project/GPTalk.gen/sources_1/bd/design_1/ip/design_1_axi_input_bram_ctrl_0
INFO: [IP_Flow 19-6928] IPCACHE: copied cached file /run/media/pjs/6A43-DC8A/smollm2-zybo/hw/vivado_project/GPTalk.cache/ip/2024.2.2/a/6/a605eac6bef923e5/design_1_axi_input_bram_ctrl_0_stub.vhdl to /run/media/pjs/6A43-DC8A/smollm2-zybo/hw/vivado_project/GPTalk.gen/sources_1/bd/design_1/ip/design_1_axi_input_bram_ctrl_0/design_1_axi_input_bram_ctrl_0_stub.vhdl.
INFO: [IP_Flow 19-6926] IPCACHE: added file to list for BOM: /run/media/pjs/6A43-DC8A/smollm2-zybo/hw/vivado_project/GPTalk.gen/sources_1/bd/design_1/ip/design_1_axi_input_bram_ctrl_0/design_1_axi_input_bram_ctrl_0_stub.vhdl
INFO: [IP_Flow 19-6928] IPCACHE: copied cached file /run/media/pjs/6A43-DC8A/smollm2-zybo/hw/vivado_project/GPTalk.cache/ip/2024.2.2/a/6/a605eac6bef923e5/design_1_axi_input_bram_ctrl_0_sim_netlist.v to /run/media/pjs/6A43-DC8A/smollm2-zybo/hw/vivado_project/GPTalk.gen/sources_1/bd/design_1/ip/design_1_axi_input_bram_ctrl_0/design_1_axi_input_bram_ctrl_0_sim_netlist.v.
INFO: [IP_Flow 19-6926] IPCACHE: added file to list for BOM: /run/media/pjs/6A43-DC8A/smollm2-zybo/hw/vivado_project/GPTalk.gen/sources_1/bd/design_1/ip/design_1_axi_input_bram_ctrl_0/design_1_axi_input_bram_ctrl_0_sim_netlist.v
INFO: [IP_Flow 19-6928] IPCACHE: copied cached file /run/media/pjs/6A43-DC8A/smollm2-zybo/hw/vivado_project/GPTalk.cache/ip/2024.2.2/a/6/a605eac6bef923e5/design_1_axi_input_bram_ctrl_0_sim_netlist.vhdl to /run/media/pjs/6A43-DC8A/smollm2-zybo/hw/vivado_project/GPTalk.gen/sources_1/bd/design_1/ip/design_1_axi_input_bram_ctrl_0/design_1_axi_input_bram_ctrl_0_sim_netlist.vhdl.
INFO: [IP_Flow 19-6926] IPCACHE: added file to list for BOM: /run/media/pjs/6A43-DC8A/smollm2-zybo/hw/vivado_project/GPTalk.gen/sources_1/bd/design_1/ip/design_1_axi_input_bram_ctrl_0/design_1_axi_input_bram_ctrl_0_sim_netlist.vhdl
INFO: [IP_Flow 19-6928] IPCACHE: copied cached file /run/media/pjs/6A43-DC8A/smollm2-zybo/hw/vivado_project/GPTalk.cache/ip/2024.2.2/a/6/a605eac6bef923e5/design_1_axi_input_bram_ctrl_0.dcp to /run/media/pjs/6A43-DC8A/smollm2-zybo/hw/vivado_project/GPTalk.gen/sources_1/bd/design_1/ip/design_1_axi_input_bram_ctrl_0/design_1_axi_input_bram_ctrl_0.dcp.
INFO: [IP_Flow 19-6926] IPCACHE: added file to list for BOM: /run/media/pjs/6A43-DC8A/smollm2-zybo/hw/vivado_project/GPTalk.gen/sources_1/bd/design_1/ip/design_1_axi_input_bram_ctrl_0/design_1_axi_input_bram_ctrl_0.dcp
INFO: [IP_Flow 19-6928] IPCACHE: copied cached file /run/media/pjs/6A43-DC8A/smollm2-zybo/hw/vivado_project/GPTalk.cache/ip/2024.2.2/a/6/a605eac6bef923e5/design_1_axi_input_bram_ctrl_0_stub.v to /run/media/pjs/6A43-DC8A/smollm2-zybo/hw/vivado_project/GPTalk.gen/sources_1/bd/design_1/ip/design_1_axi_input_bram_ctrl_0/design_1_axi_input_bram_ctrl_0_stub.v.
INFO: [IP_Flow 19-6926] IPCACHE: added file to list for BOM: /run/media/pjs/6A43-DC8A/smollm2-zybo/hw/vivado_project/GPTalk.gen/sources_1/bd/design_1/ip/design_1_axi_input_bram_ctrl_0/design_1_axi_input_bram_ctrl_0_stub.v
INFO: [IP_Flow 19-4993] Using cached IP synthesis design for IP design_1_axi_input_bram_ctrl_0, cache-ID = a605eac6bef923e5; cache size = 253.418 MB.
INFO: [IP_Flow 19-6924] IPCACHE: Running cache check for IP inst: design_1_v_axi4s_vid_out_0_0
INFO: [IP_Flow 19-6922] IPCACHE: Exporting cached entry 99c0d4c9468dd9c7 to dir: /run/media/pjs/6A43-DC8A/smollm2-zybo/hw/vivado_project/GPTalk.gen/sources_1/bd/design_1/ip/design_1_v_axi4s_vid_out_0_0
INFO: [IP_Flow 19-6928] IPCACHE: copied cached file /run/media/pjs/6A43-DC8A/smollm2-zybo/hw/vivado_project/GPTalk.cache/ip/2024.2.2/9/9/99c0d4c9468dd9c7/design_1_v_axi4s_vid_out_0_0.dcp to /run/media/pjs/6A43-DC8A/smollm2-zybo/hw/vivado_project/GPTalk.gen/sources_1/bd/design_1/ip/design_1_v_axi4s_vid_out_0_0/design_1_v_axi4s_vid_out_0_0.dcp.
INFO: [IP_Flow 19-6926] IPCACHE: added file to list for BOM: /run/media/pjs/6A43-DC8A/smollm2-zybo/hw/vivado_project/GPTalk.gen/sources_1/bd/design_1/ip/design_1_v_axi4s_vid_out_0_0/design_1_v_axi4s_vid_out_0_0.dcp
INFO: [IP_Flow 19-6928] IPCACHE: copied cached file /run/media/pjs/6A43-DC8A/smollm2-zybo/hw/vivado_project/GPTalk.cache/ip/2024.2.2/9/9/99c0d4c9468dd9c7/design_1_v_axi4s_vid_out_0_0_stub.v to /run/media/pjs/6A43-DC8A/smollm2-zybo/hw/vivado_project/GPTalk.gen/sources_1/bd/design_1/ip/design_1_v_axi4s_vid_out_0_0/design_1_v_axi4s_vid_out_0_0_stub.v.
INFO: [IP_Flow 19-6926] IPCACHE: added file to list for BOM: /run/media/pjs/6A43-DC8A/smollm2-zybo/hw/vivado_project/GPTalk.gen/sources_1/bd/design_1/ip/design_1_v_axi4s_vid_out_0_0/design_1_v_axi4s_vid_out_0_0_stub.v
INFO: [IP_Flow 19-6928] IPCACHE: copied cached file /run/media/pjs/6A43-DC8A/smollm2-zybo/hw/vivado_project/GPTalk.cache/ip/2024.2.2/9/9/99c0d4c9468dd9c7/design_1_v_axi4s_vid_out_0_0_stub.vhdl to /run/media/pjs/6A43-DC8A/smollm2-zybo/hw/vivado_project/GPTalk.gen/sources_1/bd/design_1/ip/design_1_v_axi4s_vid_out_0_0/design_1_v_axi4s_vid_out_0_0_stub.vhdl.
INFO: [IP_Flow 19-6926] IPCACHE: added file to list for BOM: /run/media/pjs/6A43-DC8A/smollm2-zybo/hw/vivado_project/GPTalk.gen/sources_1/bd/design_1/ip/design_1_v_axi4s_vid_out_0_0/design_1_v_axi4s_vid_out_0_0_stub.vhdl
INFO: [IP_Flow 19-6928] IPCACHE: copied cached file /run/media/pjs/6A43-DC8A/smollm2-zybo/hw/vivado_project/GPTalk.cache/ip/2024.2.2/9/9/99c0d4c9468dd9c7/design_1_v_axi4s_vid_out_0_0_sim_netlist.v to /run/media/pjs/6A43-DC8A/smollm2-zybo/hw/vivado_project/GPTalk.gen/sources_1/bd/design_1/ip/design_1_v_axi4s_vid_out_0_0/design_1_v_axi4s_vid_out_0_0_sim_netlist.v.
INFO: [IP_Flow 19-6926] IPCACHE: added file to list for BOM: /run/media/pjs/6A43-DC8A/smollm2-zybo/hw/vivado_project/GPTalk.gen/sources_1/bd/design_1/ip/design_1_v_axi4s_vid_out_0_0/design_1_v_axi4s_vid_out_0_0_sim_netlist.v
INFO: [IP_Flow 19-6928] IPCACHE: copied cached file /run/media/pjs/6A43-DC8A/smollm2-zybo/hw/vivado_project/GPTalk.cache/ip/2024.2.2/9/9/99c0d4c9468dd9c7/design_1_v_axi4s_vid_out_0_0_sim_netlist.vhdl to /run/media/pjs/6A43-DC8A/smollm2-zybo/hw/vivado_project/GPTalk.gen/sources_1/bd/design_1/ip/design_1_v_axi4s_vid_out_0_0/design_1_v_axi4s_vid_out_0_0_sim_netlist.vhdl.
INFO: [IP_Flow 19-6926] IPCACHE: added file to list for BOM: /run/media/pjs/6A43-DC8A/smollm2-zybo/hw/vivado_project/GPTalk.gen/sources_1/bd/design_1/ip/design_1_v_axi4s_vid_out_0_0/design_1_v_axi4s_vid_out_0_0_sim_netlist.vhdl
INFO: [IP_Flow 19-4993] Using cached IP synthesis design for IP design_1_v_axi4s_vid_out_0_0, cache-ID = 99c0d4c9468dd9c7; cache size = 253.418 MB.
INFO: [IP_Flow 19-6924] IPCACHE: Running cache check for IP inst: design_1_axi_vdma_1_0
INFO: [IP_Flow 19-6924] IPCACHE: Running cache check for IP inst: design_1_rst_ps7_0_133M_0
INFO: [IP_Flow 19-6922] IPCACHE: Exporting cached entry 04a6b7367c332481 to dir: /run/media/pjs/6A43-DC8A/smollm2-zybo/hw/vivado_project/GPTalk.gen/sources_1/bd/design_1/ip/design_1_rst_ps7_0_133M_0
INFO: [IP_Flow 19-6928] IPCACHE: copied cached file /run/media/pjs/6A43-DC8A/smollm2-zybo/hw/vivado_project/GPTalk.cache/ip/2024.2.2/0/4/04a6b7367c332481/design_1_rst_ps7_0_133M_0.dcp to /run/media/pjs/6A43-DC8A/smollm2-zybo/hw/vivado_project/GPTalk.gen/sources_1/bd/design_1/ip/design_1_rst_ps7_0_133M_0/design_1_rst_ps7_0_133M_0.dcp.
INFO: [IP_Flow 19-6926] IPCACHE: added file to list for BOM: /run/media/pjs/6A43-DC8A/smollm2-zybo/hw/vivado_project/GPTalk.gen/sources_1/bd/design_1/ip/design_1_rst_ps7_0_133M_0/design_1_rst_ps7_0_133M_0.dcp
INFO: [IP_Flow 19-6928] IPCACHE: copied cached file /run/media/pjs/6A43-DC8A/smollm2-zybo/hw/vivado_project/GPTalk.cache/ip/2024.2.2/0/4/04a6b7367c332481/design_1_rst_ps7_0_133M_0_stub.v to /run/media/pjs/6A43-DC8A/smollm2-zybo/hw/vivado_project/GPTalk.gen/sources_1/bd/design_1/ip/design_1_rst_ps7_0_133M_0/design_1_rst_ps7_0_133M_0_stub.v.
INFO: [IP_Flow 19-6926] IPCACHE: added file to list for BOM: /run/media/pjs/6A43-DC8A/smollm2-zybo/hw/vivado_project/GPTalk.gen/sources_1/bd/design_1/ip/design_1_rst_ps7_0_133M_0/design_1_rst_ps7_0_133M_0_stub.v
INFO: [IP_Flow 19-6928] IPCACHE: copied cached file /run/media/pjs/6A43-DC8A/smollm2-zybo/hw/vivado_project/GPTalk.cache/ip/2024.2.2/0/4/04a6b7367c332481/design_1_rst_ps7_0_133M_0_stub.vhdl to /run/media/pjs/6A43-DC8A/smollm2-zybo/hw/vivado_project/GPTalk.gen/sources_1/bd/design_1/ip/design_1_rst_ps7_0_133M_0/design_1_rst_ps7_0_133M_0_stub.vhdl.
INFO: [IP_Flow 19-6926] IPCACHE: added file to list for BOM: /run/media/pjs/6A43-DC8A/smollm2-zybo/hw/vivado_project/GPTalk.gen/sources_1/bd/design_1/ip/design_1_rst_ps7_0_133M_0/design_1_rst_ps7_0_133M_0_stub.vhdl
INFO: [IP_Flow 19-6928] IPCACHE: copied cached file /run/media/pjs/6A43-DC8A/smollm2-zybo/hw/vivado_project/GPTalk.cache/ip/2024.2.2/0/4/04a6b7367c332481/design_1_rst_ps7_0_133M_0_sim_netlist.v to /run/media/pjs/6A43-DC8A/smollm2-zybo/hw/vivado_project/GPTalk.gen/sources_1/bd/design_1/ip/design_1_rst_ps7_0_133M_0/design_1_rst_ps7_0_133M_0_sim_netlist.v.
INFO: [IP_Flow 19-6926] IPCACHE: added file to list for BOM: /run/media/pjs/6A43-DC8A/smollm2-zybo/hw/vivado_project/GPTalk.gen/sources_1/bd/design_1/ip/design_1_rst_ps7_0_133M_0/design_1_rst_ps7_0_133M_0_sim_netlist.v
INFO: [IP_Flow 19-6928] IPCACHE: copied cached file /run/media/pjs/6A43-DC8A/smollm2-zybo/hw/vivado_project/GPTalk.cache/ip/2024.2.2/0/4/04a6b7367c332481/design_1_rst_ps7_0_133M_0_sim_netlist.vhdl to /run/media/pjs/6A43-DC8A/smollm2-zybo/hw/vivado_project/GPTalk.gen/sources_1/bd/design_1/ip/design_1_rst_ps7_0_133M_0/design_1_rst_ps7_0_133M_0_sim_netlist.vhdl.
INFO: [IP_Flow 19-6926] IPCACHE: added file to list for BOM: /run/media/pjs/6A43-DC8A/smollm2-zybo/hw/vivado_project/GPTalk.gen/sources_1/bd/design_1/ip/design_1_rst_ps7_0_133M_0/design_1_rst_ps7_0_133M_0_sim_netlist.vhdl
INFO: [IP_Flow 19-4993] Using cached IP synthesis design for IP design_1_rst_ps7_0_133M_0, cache-ID = 04a6b7367c332481; cache size = 253.418 MB.
INFO: [IP_Flow 19-6924] IPCACHE: Running cache check for IP inst: design_1_v_tc_out_0
INFO: [IP_Flow 19-6924] IPCACHE: Running cache check for IP inst: design_1_axi_video_hp0_smc_0
INFO: [IP_Flow 19-6922] IPCACHE: Exporting cached entry 9877856e2acdf83e to dir: /run/media/pjs/6A43-DC8A/smollm2-zybo/hw/vivado_project/GPTalk.gen/sources_1/bd/design_1/ip/design_1_axi_video_hp0_smc_0
INFO: [IP_Flow 19-6928] IPCACHE: copied cached file /run/media/pjs/6A43-DC8A/smollm2-zybo/hw/vivado_project/GPTalk.cache/ip/2024.2.2/9/8/9877856e2acdf83e/design_1_axi_video_hp0_smc_0.dcp to /run/media/pjs/6A43-DC8A/smollm2-zybo/hw/vivado_project/GPTalk.gen/sources_1/bd/design_1/ip/design_1_axi_video_hp0_smc_0/design_1_axi_video_hp0_smc_0.dcp.
INFO: [IP_Flow 19-6926] IPCACHE: added file to list for BOM: /run/media/pjs/6A43-DC8A/smollm2-zybo/hw/vivado_project/GPTalk.gen/sources_1/bd/design_1/ip/design_1_axi_video_hp0_smc_0/design_1_axi_video_hp0_smc_0.dcp
INFO: [IP_Flow 19-6928] IPCACHE: copied cached file /run/media/pjs/6A43-DC8A/smollm2-zybo/hw/vivado_project/GPTalk.cache/ip/2024.2.2/9/8/9877856e2acdf83e/design_1_axi_video_hp0_smc_0_stub.v to /run/media/pjs/6A43-DC8A/smollm2-zybo/hw/vivado_project/GPTalk.gen/sources_1/bd/design_1/ip/design_1_axi_video_hp0_smc_0/design_1_axi_video_hp0_smc_0_stub.v.
INFO: [IP_Flow 19-6926] IPCACHE: added file to list for BOM: /run/media/pjs/6A43-DC8A/smollm2-zybo/hw/vivado_project/GPTalk.gen/sources_1/bd/design_1/ip/design_1_axi_video_hp0_smc_0/design_1_axi_video_hp0_smc_0_stub.v
INFO: [IP_Flow 19-6928] IPCACHE: copied cached file /run/media/pjs/6A43-DC8A/smollm2-zybo/hw/vivado_project/GPTalk.cache/ip/2024.2.2/9/8/9877856e2acdf83e/design_1_axi_video_hp0_smc_0_stub.vhdl to /run/media/pjs/6A43-DC8A/smollm2-zybo/hw/vivado_project/GPTalk.gen/sources_1/bd/design_1/ip/design_1_axi_video_hp0_smc_0/design_1_axi_video_hp0_smc_0_stub.vhdl.
INFO: [IP_Flow 19-6926] IPCACHE: added file to list for BOM: /run/media/pjs/6A43-DC8A/smollm2-zybo/hw/vivado_project/GPTalk.gen/sources_1/bd/design_1/ip/design_1_axi_video_hp0_smc_0/design_1_axi_video_hp0_smc_0_stub.vhdl
INFO: [IP_Flow 19-6928] IPCACHE: copied cached file /run/media/pjs/6A43-DC8A/smollm2-zybo/hw/vivado_project/GPTalk.cache/ip/2024.2.2/9/8/9877856e2acdf83e/design_1_axi_video_hp0_smc_0_sim_netlist.v to /run/media/pjs/6A43-DC8A/smollm2-zybo/hw/vivado_project/GPTalk.gen/sources_1/bd/design_1/ip/design_1_axi_video_hp0_smc_0/design_1_axi_video_hp0_smc_0_sim_netlist.v.
INFO: [IP_Flow 19-6926] IPCACHE: added file to list for BOM: /run/media/pjs/6A43-DC8A/smollm2-zybo/hw/vivado_project/GPTalk.gen/sources_1/bd/design_1/ip/design_1_axi_video_hp0_smc_0/design_1_axi_video_hp0_smc_0_sim_netlist.v
INFO: [IP_Flow 19-6928] IPCACHE: copied cached file /run/media/pjs/6A43-DC8A/smollm2-zybo/hw/vivado_project/GPTalk.cache/ip/2024.2.2/9/8/9877856e2acdf83e/design_1_axi_video_hp0_smc_0_sim_netlist.vhdl to /run/media/pjs/6A43-DC8A/smollm2-zybo/hw/vivado_project/GPTalk.gen/sources_1/bd/design_1/ip/design_1_axi_video_hp0_smc_0/design_1_axi_video_hp0_smc_0_sim_netlist.vhdl.
INFO: [IP_Flow 19-6926] IPCACHE: added file to list for BOM: /run/media/pjs/6A43-DC8A/smollm2-zybo/hw/vivado_project/GPTalk.gen/sources_1/bd/design_1/ip/design_1_axi_video_hp0_smc_0/design_1_axi_video_hp0_smc_0_sim_netlist.vhdl
INFO: [IP_Flow 19-4993] Using cached IP synthesis design for IP design_1_axi_video_hp0_smc_0, cache-ID = 9877856e2acdf83e; cache size = 253.418 MB.
INFO: [IP_Flow 19-6924] IPCACHE: Running cache check for IP inst: design_1_s2mm_axis_fifo_0
INFO: [IP_Flow 19-6922] IPCACHE: Exporting cached entry 8303907ac8215618 to dir: /run/media/pjs/6A43-DC8A/smollm2-zybo/hw/vivado_project/GPTalk.gen/sources_1/bd/design_1/ip/design_1_s2mm_axis_fifo_0
INFO: [IP_Flow 19-6928] IPCACHE: copied cached file /run/media/pjs/6A43-DC8A/smollm2-zybo/hw/vivado_project/GPTalk.cache/ip/2024.2.2/8/3/8303907ac8215618/design_1_s2mm_axis_fifo_0_stub.vhdl to /run/media/pjs/6A43-DC8A/smollm2-zybo/hw/vivado_project/GPTalk.gen/sources_1/bd/design_1/ip/design_1_s2mm_axis_fifo_0/design_1_s2mm_axis_fifo_0_stub.vhdl.
INFO: [IP_Flow 19-6926] IPCACHE: added file to list for BOM: /run/media/pjs/6A43-DC8A/smollm2-zybo/hw/vivado_project/GPTalk.gen/sources_1/bd/design_1/ip/design_1_s2mm_axis_fifo_0/design_1_s2mm_axis_fifo_0_stub.vhdl
INFO: [IP_Flow 19-6928] IPCACHE: copied cached file /run/media/pjs/6A43-DC8A/smollm2-zybo/hw/vivado_project/GPTalk.cache/ip/2024.2.2/8/3/8303907ac8215618/design_1_s2mm_axis_fifo_0_sim_netlist.v to /run/media/pjs/6A43-DC8A/smollm2-zybo/hw/vivado_project/GPTalk.gen/sources_1/bd/design_1/ip/design_1_s2mm_axis_fifo_0/design_1_s2mm_axis_fifo_0_sim_netlist.v.
INFO: [IP_Flow 19-6926] IPCACHE: added file to list for BOM: /run/media/pjs/6A43-DC8A/smollm2-zybo/hw/vivado_project/GPTalk.gen/sources_1/bd/design_1/ip/design_1_s2mm_axis_fifo_0/design_1_s2mm_axis_fifo_0_sim_netlist.v
INFO: [IP_Flow 19-6928] IPCACHE: copied cached file /run/media/pjs/6A43-DC8A/smollm2-zybo/hw/vivado_project/GPTalk.cache/ip/2024.2.2/8/3/8303907ac8215618/design_1_s2mm_axis_fifo_0_sim_netlist.vhdl to /run/media/pjs/6A43-DC8A/smollm2-zybo/hw/vivado_project/GPTalk.gen/sources_1/bd/design_1/ip/design_1_s2mm_axis_fifo_0/design_1_s2mm_axis_fifo_0_sim_netlist.vhdl.
INFO: [IP_Flow 19-6926] IPCACHE: added file to list for BOM: /run/media/pjs/6A43-DC8A/smollm2-zybo/hw/vivado_project/GPTalk.gen/sources_1/bd/design_1/ip/design_1_s2mm_axis_fifo_0/design_1_s2mm_axis_fifo_0_sim_netlist.vhdl
INFO: [IP_Flow 19-6928] IPCACHE: copied cached file /run/media/pjs/6A43-DC8A/smollm2-zybo/hw/vivado_project/GPTalk.cache/ip/2024.2.2/8/3/8303907ac8215618/design_1_s2mm_axis_fifo_0.dcp to /run/media/pjs/6A43-DC8A/smollm2-zybo/hw/vivado_project/GPTalk.gen/sources_1/bd/design_1/ip/design_1_s2mm_axis_fifo_0/design_1_s2mm_axis_fifo_0.dcp.
INFO: [IP_Flow 19-6926] IPCACHE: added file to list for BOM: /run/media/pjs/6A43-DC8A/smollm2-zybo/hw/vivado_project/GPTalk.gen/sources_1/bd/design_1/ip/design_1_s2mm_axis_fifo_0/design_1_s2mm_axis_fifo_0.dcp
INFO: [IP_Flow 19-6928] IPCACHE: copied cached file /run/media/pjs/6A43-DC8A/smollm2-zybo/hw/vivado_project/GPTalk.cache/ip/2024.2.2/8/3/8303907ac8215618/design_1_s2mm_axis_fifo_0_stub.v to /run/media/pjs/6A43-DC8A/smollm2-zybo/hw/vivado_project/GPTalk.gen/sources_1/bd/design_1/ip/design_1_s2mm_axis_fifo_0/design_1_s2mm_axis_fifo_0_stub.v.
INFO: [IP_Flow 19-6926] IPCACHE: added file to list for BOM: /run/media/pjs/6A43-DC8A/smollm2-zybo/hw/vivado_project/GPTalk.gen/sources_1/bd/design_1/ip/design_1_s2mm_axis_fifo_0/design_1_s2mm_axis_fifo_0_stub.v
INFO: [IP_Flow 19-4993] Using cached IP synthesis design for IP design_1_s2mm_axis_fifo_0, cache-ID = 8303907ac8215618; cache size = 253.418 MB.
[Mon Jun 29 15:47:16 2026] Launched design_1_axi_ctrl_smc_0_synth_1, design_1_processing_system7_0_0_synth_1, design_1_axi_gemv_ctrl_clkconv_0_synth_1, design_1_axi_bram_ctrl_clkconv_0_synth_1, design_1_axi_dma_ctrl_clkconv_0_synth_1, design_1_axi_dynclk_0_0_synth_1, design_1_v_tc_out_0_synth_1, design_1_axi_vdma_1_0_synth_1, design_1_gemv_q8_0_dma_top_0_0_synth_1...
Run output will be captured here:
design_1_axi_ctrl_smc_0_synth_1: /run/media/pjs/6A43-DC8A/smollm2-zybo/hw/vivado_project/GPTalk.runs/design_1_axi_ctrl_smc_0_synth_1/runme.log
design_1_processing_system7_0_0_synth_1: /run/media/pjs/6A43-DC8A/smollm2-zybo/hw/vivado_project/GPTalk.runs/design_1_processing_system7_0_0_synth_1/runme.log
design_1_axi_gemv_ctrl_clkconv_0_synth_1: /run/media/pjs/6A43-DC8A/smollm2-zybo/hw/vivado_project/GPTalk.runs/design_1_axi_gemv_ctrl_clkconv_0_synth_1/runme.log
design_1_axi_bram_ctrl_clkconv_0_synth_1: /run/media/pjs/6A43-DC8A/smollm2-zybo/hw/vivado_project/GPTalk.runs/design_1_axi_bram_ctrl_clkconv_0_synth_1/runme.log
design_1_axi_dma_ctrl_clkconv_0_synth_1: /run/media/pjs/6A43-DC8A/smollm2-zybo/hw/vivado_project/GPTalk.runs/design_1_axi_dma_ctrl_clkconv_0_synth_1/runme.log
design_1_axi_dynclk_0_0_synth_1: /run/media/pjs/6A43-DC8A/smollm2-zybo/hw/vivado_project/GPTalk.runs/design_1_axi_dynclk_0_0_synth_1/runme.log
design_1_v_tc_out_0_synth_1: /run/media/pjs/6A43-DC8A/smollm2-zybo/hw/vivado_project/GPTalk.runs/design_1_v_tc_out_0_synth_1/runme.log
design_1_axi_vdma_1_0_synth_1: /run/media/pjs/6A43-DC8A/smollm2-zybo/hw/vivado_project/GPTalk.runs/design_1_axi_vdma_1_0_synth_1/runme.log
design_1_gemv_q8_0_dma_top_0_0_synth_1: /run/media/pjs/6A43-DC8A/smollm2-zybo/hw/vivado_project/GPTalk.runs/design_1_gemv_q8_0_dma_top_0_0_synth_1/runme.log
[Mon Jun 29 15:47:16 2026] Launched synth_1...
Run output will be captured here: /run/media/pjs/6A43-DC8A/smollm2-zybo/hw/vivado_project/GPTalk.runs/synth_1/runme.log
# wait_on_run synth_1
[Mon Jun 29 15:47:16 2026] Waiting for synth_1 to finish...

*** Running vivado
    with args -log design_1_wrapper.vds -m64 -product Vivado -mode batch -messageDb vivado.pb -notrace -source design_1_wrapper.tcl


****** Vivado v2024.2.2 (64-bit)
  **** SW Build 6060944 on Thu Mar 06 19:10:09 MST 2025
  **** IP Build 6050500 on Thu Mar  6 23:33:39 MST 2025
  **** SharedData Build 6060542 on Thu Mar 06 10:31:07 MST 2025
  **** Start of session at: Mon Jun 29 15:49:44 2026
    ** Copyright 1986-2022 Xilinx, Inc. All Rights Reserved.
    ** Copyright 2022-2025 Advanced Micro Devices, Inc. All Rights Reserved.

CRITICAL WARNING: [Common 17-741] No write access right to the local Tcl store at '/home/pjs/.Xilinx/Vivado/2024.2.2/XilinxTclStore'. XilinxTclStore is reverted to the installation area. If you want to use local Tcl Store, please change the access right and relaunch Vivado.
Sourcing tcl script '/home/pjs/.Xilinx/Vivado/Vivado_init.tcl'
source design_1_wrapper.tcl -notrace
INFO: [IP_Flow 19-234] Refreshing IP repositories
INFO: [IP_Flow 19-1700] Loaded user IP repository '/run/media/pjs/6A43-DC8A/smollm2-zybo/third_party/digilent-vivado-library/if'.
INFO: [IP_Flow 19-1700] Loaded user IP repository '/run/media/pjs/6A43-DC8A/smollm2-zybo/third_party/digilent-vivado-library/ip'.
INFO: [IP_Flow 19-2313] Loaded Vivado IP repository '/tools/Xilinx/Vivado/2024.2/data/ip'.
INFO: [Project 1-5578] Found utility IPs instantiated in block design /run/media/pjs/6A43-DC8A/smollm2-zybo/hw/vivado_project/GPTalk.srcs/sources_1/bd/design_1/design_1.bd which have equivalent inline hdl with improved performance and reduced diskspace.
It is recommended to migrate these utility IPs to inline hdl  using the command upgrade_project -migrate_to_inline_hdl.  The utility IPs may be deprecated in future releases.
More information on inline hdl is available in UG994. 
Command: read_checkpoint -auto_incremental -incremental /run/media/pjs/6A43-DC8A/smollm2-zybo/hw/vivado_project/GPTalk.srcs/utils_1/imports/synth_1/design_1_wrapper.dcp
INFO: [Vivado 12-5825] Read reference checkpoint from /run/media/pjs/6A43-DC8A/smollm2-zybo/hw/vivado_project/GPTalk.srcs/utils_1/imports/synth_1/design_1_wrapper.dcp for incremental synthesis
INFO: [Vivado 12-7989] Please ensure there are no constraint changes
Command: synth_design -top design_1_wrapper -part xc7z020clg400-1 -directive PerformanceOptimized -fsm_extraction one_hot -keep_equivalent_registers -resource_sharing off -no_lc -shreg_min_size 5
Starting synth_design
Attempting to get a license for feature 'Synthesis' and/or device 'xc7z020'
INFO: [Common 17-349] Got license for feature 'Synthesis' and/or device 'xc7z020'
INFO: [Device 21-403] Loading part xc7z020clg400-1
INFO: [Designutils 20-5440] No compile time benefit to using incremental synthesis; A full resynthesis will be run
INFO: [Designutils 20-4379] Flow is switching to default flow due to incremental criteria not met. If you would like to alter this behaviour and have the flow terminate instead, please set the following parameter config_implementation {autoIncr.Synth.RejectBehavior Terminate}
INFO: [Synth 8-7079] Multithreading enabled for synth_design using a maximum of 7 processes.
INFO: [Synth 8-7078] Launching helper process for spawning children vivado processes
INFO: [Synth 8-7075] Helper process launched with PID 3562
---------------------------------------------------------------------------------
Starting RTL Elaboration : Time (s): cpu = 00:00:02 ; elapsed = 00:00:02 . Memory (MB): peak = 2069.645 ; gain = 385.555 ; free physical = 43702 ; free virtual = 63777
---------------------------------------------------------------------------------
INFO: [Synth 8-6157] synthesizing module 'design_1_wrapper' [/run/media/pjs/6A43-DC8A/smollm2-zybo/hw/vivado_project/GPTalk.gen/sources_1/bd/design_1/hdl/design_1_wrapper.v:13]
INFO: [Synth 8-6157] synthesizing module 'design_1' [/run/media/pjs/6A43-DC8A/smollm2-zybo/hw/vivado_project/GPTalk.gen/sources_1/bd/design_1/synth/design_1.v:13]
INFO: [Synth 8-6157] synthesizing module 'design_1_axi_bram_ctrl_clkconv_0' [/run/media/pjs/6A43-DC8A/smollm2-zybo/hw/vivado_project/GPTalk.runs/synth_1/.Xil/Vivado-3500-pjs-laptop/realtime/design_1_axi_bram_ctrl_clkconv_0_stub.v:6]
INFO: [Synth 8-6155] done synthesizing module 'design_1_axi_bram_ctrl_clkconv_0' (0#1) [/run/media/pjs/6A43-DC8A/smollm2-zybo/hw/vivado_project/GPTalk.runs/synth_1/.Xil/Vivado-3500-pjs-laptop/realtime/design_1_axi_bram_ctrl_clkconv_0_stub.v:6]
WARNING: [Synth 8-7071] port 'm_axi_awregion' of module 'design_1_axi_bram_ctrl_clkconv_0' is unconnected for instance 'axi_bram_ctrl_clkconv' [/run/media/pjs/6A43-DC8A/smollm2-zybo/hw/vivado_project/GPTalk.gen/sources_1/bd/design_1/synth/design_1.v:497]
WARNING: [Synth 8-7071] port 'm_axi_awqos' of module 'design_1_axi_bram_ctrl_clkconv_0' is unconnected for instance 'axi_bram_ctrl_clkconv' [/run/media/pjs/6A43-DC8A/smollm2-zybo/hw/vivado_project/GPTalk.gen/sources_1/bd/design_1/synth/design_1.v:497]
WARNING: [Synth 8-7071] port 'm_axi_arregion' of module 'design_1_axi_bram_ctrl_clkconv_0' is unconnected for instance 'axi_bram_ctrl_clkconv' [/run/media/pjs/6A43-DC8A/smollm2-zybo/hw/vivado_project/GPTalk.gen/sources_1/bd/design_1/synth/design_1.v:497]
WARNING: [Synth 8-7071] port 'm_axi_arqos' of module 'design_1_axi_bram_ctrl_clkconv_0' is unconnected for instance 'axi_bram_ctrl_clkconv' [/run/media/pjs/6A43-DC8A/smollm2-zybo/hw/vivado_project/GPTalk.gen/sources_1/bd/design_1/synth/design_1.v:497]
WARNING: [Synth 8-7023] instance 'axi_bram_ctrl_clkconv' of module 'design_1_axi_bram_ctrl_clkconv_0' has 74 connections declared, but only 70 given [/run/media/pjs/6A43-DC8A/smollm2-zybo/hw/vivado_project/GPTalk.gen/sources_1/bd/design_1/synth/design_1.v:497]
INFO: [Synth 8-6157] synthesizing module 'design_1_axi_ctrl_smc_0' [/run/media/pjs/6A43-DC8A/smollm2-zybo/hw/vivado_project/GPTalk.runs/synth_1/.Xil/Vivado-3500-pjs-laptop/realtime/design_1_axi_ctrl_smc_0_stub.v:6]
INFO: [Synth 8-6155] done synthesizing module 'design_1_axi_ctrl_smc_0' (0#1) [/run/media/pjs/6A43-DC8A/smollm2-zybo/hw/vivado_project/GPTalk.runs/synth_1/.Xil/Vivado-3500-pjs-laptop/realtime/design_1_axi_ctrl_smc_0_stub.v:6]
WARNING: [Synth 8-7071] port 'M00_AXI_awprot' of module 'design_1_axi_ctrl_smc_0' is unconnected for instance 'axi_ctrl_smc' [/run/media/pjs/6A43-DC8A/smollm2-zybo/hw/vivado_project/GPTalk.gen/sources_1/bd/design_1/synth/design_1.v:568]
WARNING: [Synth 8-7071] port 'M00_AXI_wstrb' of module 'design_1_axi_ctrl_smc_0' is unconnected for instance 'axi_ctrl_smc' [/run/media/pjs/6A43-DC8A/smollm2-zybo/hw/vivado_project/GPTalk.gen/sources_1/bd/design_1/synth/design_1.v:568]
WARNING: [Synth 8-7071] port 'M00_AXI_arprot' of module 'design_1_axi_ctrl_smc_0' is unconnected for instance 'axi_ctrl_smc' [/run/media/pjs/6A43-DC8A/smollm2-zybo/hw/vivado_project/GPTalk.gen/sources_1/bd/design_1/synth/design_1.v:568]
WARNING: [Synth 8-7071] port 'M01_AXI_awprot' of module 'design_1_axi_ctrl_smc_0' is unconnected for instance 'axi_ctrl_smc' [/run/media/pjs/6A43-DC8A/smollm2-zybo/hw/vivado_project/GPTalk.gen/sources_1/bd/design_1/synth/design_1.v:568]
WARNING: [Synth 8-7071] port 'M01_AXI_arprot' of module 'design_1_axi_ctrl_smc_0' is unconnected for instance 'axi_ctrl_smc' [/run/media/pjs/6A43-DC8A/smollm2-zybo/hw/vivado_project/GPTalk.gen/sources_1/bd/design_1/synth/design_1.v:568]
WARNING: [Synth 8-7023] instance 'axi_ctrl_smc' of module 'design_1_axi_ctrl_smc_0' has 168 connections declared, but only 163 given [/run/media/pjs/6A43-DC8A/smollm2-zybo/hw/vivado_project/GPTalk.gen/sources_1/bd/design_1/synth/design_1.v:568]
INFO: [Synth 8-6157] synthesizing module 'design_1_axi_dma_0_0' [/run/media/pjs/6A43-DC8A/smollm2-zybo/hw/vivado_project/GPTalk.runs/synth_1/.Xil/Vivado-3500-pjs-laptop/realtime/design_1_axi_dma_0_0_stub.v:6]
INFO: [Synth 8-6155] done synthesizing module 'design_1_axi_dma_0_0' (0#1) [/run/media/pjs/6A43-DC8A/smollm2-zybo/hw/vivado_project/GPTalk.runs/synth_1/.Xil/Vivado-3500-pjs-laptop/realtime/design_1_axi_dma_0_0_stub.v:6]
WARNING: [Synth 8-7071] port 'mm2s_prmry_reset_out_n' of module 'design_1_axi_dma_0_0' is unconnected for instance 'axi_dma_0' [/run/media/pjs/6A43-DC8A/smollm2-zybo/hw/vivado_project/GPTalk.gen/sources_1/bd/design_1/synth/design_1.v:732]
WARNING: [Synth 8-7071] port 's2mm_prmry_reset_out_n' of module 'design_1_axi_dma_0_0' is unconnected for instance 'axi_dma_0' [/run/media/pjs/6A43-DC8A/smollm2-zybo/hw/vivado_project/GPTalk.gen/sources_1/bd/design_1/synth/design_1.v:732]
WARNING: [Synth 8-7071] port 'axi_dma_tstvec' of module 'design_1_axi_dma_0_0' is unconnected for instance 'axi_dma_0' [/run/media/pjs/6A43-DC8A/smollm2-zybo/hw/vivado_project/GPTalk.gen/sources_1/bd/design_1/synth/design_1.v:732]
WARNING: [Synth 8-7023] instance 'axi_dma_0' of module 'design_1_axi_dma_0_0' has 64 connections declared, but only 61 given [/run/media/pjs/6A43-DC8A/smollm2-zybo/hw/vivado_project/GPTalk.gen/sources_1/bd/design_1/synth/design_1.v:732]
INFO: [Synth 8-6157] synthesizing module 'design_1_axi_dma_ctrl_clkconv_0' [/run/media/pjs/6A43-DC8A/smollm2-zybo/hw/vivado_project/GPTalk.runs/synth_1/.Xil/Vivado-3500-pjs-laptop/realtime/design_1_axi_dma_ctrl_clkconv_0_stub.v:6]
INFO: [Synth 8-6155] done synthesizing module 'design_1_axi_dma_ctrl_clkconv_0' (0#1) [/run/media/pjs/6A43-DC8A/smollm2-zybo/hw/vivado_project/GPTalk.runs/synth_1/.Xil/Vivado-3500-pjs-laptop/realtime/design_1_axi_dma_ctrl_clkconv_0_stub.v:6]
WARNING: [Synth 8-7071] port 'm_axi_awprot' of module 'design_1_axi_dma_ctrl_clkconv_0' is unconnected for instance 'axi_dma_ctrl_clkconv' [/run/media/pjs/6A43-DC8A/smollm2-zybo/hw/vivado_project/GPTalk.gen/sources_1/bd/design_1/synth/design_1.v:794]
WARNING: [Synth 8-7071] port 'm_axi_wstrb' of module 'design_1_axi_dma_ctrl_clkconv_0' is unconnected for instance 'axi_dma_ctrl_clkconv' [/run/media/pjs/6A43-DC8A/smollm2-zybo/hw/vivado_project/GPTalk.gen/sources_1/bd/design_1/synth/design_1.v:794]
WARNING: [Synth 8-7071] port 'm_axi_arprot' of module 'design_1_axi_dma_ctrl_clkconv_0' is unconnected for instance 'axi_dma_ctrl_clkconv' [/run/media/pjs/6A43-DC8A/smollm2-zybo/hw/vivado_project/GPTalk.gen/sources_1/bd/design_1/synth/design_1.v:794]
WARNING: [Synth 8-7023] instance 'axi_dma_ctrl_clkconv' of module 'design_1_axi_dma_ctrl_clkconv_0' has 42 connections declared, but only 39 given [/run/media/pjs/6A43-DC8A/smollm2-zybo/hw/vivado_project/GPTalk.gen/sources_1/bd/design_1/synth/design_1.v:794]
INFO: [Synth 8-6157] synthesizing module 'design_1_axi_dynclk_0_0' [/run/media/pjs/6A43-DC8A/smollm2-zybo/hw/vivado_project/GPTalk.runs/synth_1/.Xil/Vivado-3500-pjs-laptop/realtime/design_1_axi_dynclk_0_0_stub.v:6]
INFO: [Synth 8-6155] done synthesizing module 'design_1_axi_dynclk_0_0' (0#1) [/run/media/pjs/6A43-DC8A/smollm2-zybo/hw/vivado_project/GPTalk.runs/synth_1/.Xil/Vivado-3500-pjs-laptop/realtime/design_1_axi_dynclk_0_0_stub.v:6]
INFO: [Synth 8-6157] synthesizing module 'design_1_axi_gemv_ctrl_clkconv_0' [/run/media/pjs/6A43-DC8A/smollm2-zybo/hw/vivado_project/GPTalk.runs/synth_1/.Xil/Vivado-3500-pjs-laptop/realtime/design_1_axi_gemv_ctrl_clkconv_0_stub.v:6]
INFO: [Synth 8-6155] done synthesizing module 'design_1_axi_gemv_ctrl_clkconv_0' (0#1) [/run/media/pjs/6A43-DC8A/smollm2-zybo/hw/vivado_project/GPTalk.runs/synth_1/.Xil/Vivado-3500-pjs-laptop/realtime/design_1_axi_gemv_ctrl_clkconv_0_stub.v:6]
INFO: [Synth 8-6157] synthesizing module 'design_1_axi_gemv_hp1_smc_0' [/run/media/pjs/6A43-DC8A/smollm2-zybo/hw/vivado_project/GPTalk.runs/synth_1/.Xil/Vivado-3500-pjs-laptop/realtime/design_1_axi_gemv_hp1_smc_0_stub.v:6]
INFO: [Synth 8-6155] done synthesizing module 'design_1_axi_gemv_hp1_smc_0' (0#1) [/run/media/pjs/6A43-DC8A/smollm2-zybo/hw/vivado_project/GPTalk.runs/synth_1/.Xil/Vivado-3500-pjs-laptop/realtime/design_1_axi_gemv_hp1_smc_0_stub.v:6]
INFO: [Synth 8-6157] synthesizing module 'design_1_axi_input_bram_ctrl_0' [/run/media/pjs/6A43-DC8A/smollm2-zybo/hw/vivado_project/GPTalk.runs/synth_1/.Xil/Vivado-3500-pjs-laptop/realtime/design_1_axi_input_bram_ctrl_0_stub.v:6]
INFO: [Synth 8-6155] done synthesizing module 'design_1_axi_input_bram_ctrl_0' (0#1) [/run/media/pjs/6A43-DC8A/smollm2-zybo/hw/vivado_project/GPTalk.runs/synth_1/.Xil/Vivado-3500-pjs-laptop/realtime/design_1_axi_input_bram_ctrl_0_stub.v:6]
INFO: [Synth 8-6157] synthesizing module 'design_1_axi_vdma_1_0' [/run/media/pjs/6A43-DC8A/smollm2-zybo/hw/vivado_project/GPTalk.runs/synth_1/.Xil/Vivado-3500-pjs-laptop/realtime/design_1_axi_vdma_1_0_stub.v:6]
INFO: [Synth 8-6155] done synthesizing module 'design_1_axi_vdma_1_0' (0#1) [/run/media/pjs/6A43-DC8A/smollm2-zybo/hw/vivado_project/GPTalk.runs/synth_1/.Xil/Vivado-3500-pjs-laptop/realtime/design_1_axi_vdma_1_0_stub.v:6]
WARNING: [Synth 8-7071] port 'mm2s_frame_ptr_out' of module 'design_1_axi_vdma_1_0' is unconnected for instance 'axi_vdma_1' [/run/media/pjs/6A43-DC8A/smollm2-zybo/hw/vivado_project/GPTalk.gen/sources_1/bd/design_1/synth/design_1.v:1015]
WARNING: [Synth 8-7023] instance 'axi_vdma_1' of module 'design_1_axi_vdma_1_0' has 42 connections declared, but only 41 given [/run/media/pjs/6A43-DC8A/smollm2-zybo/hw/vivado_project/GPTalk.gen/sources_1/bd/design_1/synth/design_1.v:1015]
INFO: [Synth 8-6157] synthesizing module 'design_1_axi_video_hp0_smc_0' [/run/media/pjs/6A43-DC8A/smollm2-zybo/hw/vivado_project/GPTalk.runs/synth_1/.Xil/Vivado-3500-pjs-laptop/realtime/design_1_axi_video_hp0_smc_0_stub.v:6]
INFO: [Synth 8-6155] done synthesizing module 'design_1_axi_video_hp0_smc_0' (0#1) [/run/media/pjs/6A43-DC8A/smollm2-zybo/hw/vivado_project/GPTalk.runs/synth_1/.Xil/Vivado-3500-pjs-laptop/realtime/design_1_axi_video_hp0_smc_0_stub.v:6]
INFO: [Synth 8-6157] synthesizing module 'design_1_axis_subset_converter_out_0' [/run/media/pjs/6A43-DC8A/smollm2-zybo/hw/vivado_project/GPTalk.runs/synth_1/.Xil/Vivado-3500-pjs-laptop/realtime/design_1_axis_subset_converter_out_0_stub.v:6]
INFO: [Synth 8-6155] done synthesizing module 'design_1_axis_subset_converter_out_0' (0#1) [/run/media/pjs/6A43-DC8A/smollm2-zybo/hw/vivado_project/GPTalk.runs/synth_1/.Xil/Vivado-3500-pjs-laptop/realtime/design_1_axis_subset_converter_out_0_stub.v:6]
WARNING: [Synth 8-7071] port 'm_axis_tkeep' of module 'design_1_axis_subset_converter_out_0' is unconnected for instance 'axis_subset_converter_out' [/run/media/pjs/6A43-DC8A/smollm2-zybo/hw/vivado_project/GPTalk.gen/sources_1/bd/design_1/synth/design_1.v:1090]
WARNING: [Synth 8-7023] instance 'axis_subset_converter_out' of module 'design_1_axis_subset_converter_out_0' has 14 connections declared, but only 13 given [/run/media/pjs/6A43-DC8A/smollm2-zybo/hw/vivado_project/GPTalk.gen/sources_1/bd/design_1/synth/design_1.v:1090]
INFO: [Synth 8-6157] synthesizing module 'design_1_gemv_q8_0_dma_top_0_0' [/run/media/pjs/6A43-DC8A/smollm2-zybo/hw/vivado_project/GPTalk.runs/synth_1/.Xil/Vivado-3500-pjs-laptop/realtime/design_1_gemv_q8_0_dma_top_0_0_stub.v:6]
INFO: [Synth 8-6155] done synthesizing module 'design_1_gemv_q8_0_dma_top_0_0' (0#1) [/run/media/pjs/6A43-DC8A/smollm2-zybo/hw/vivado_project/GPTalk.runs/synth_1/.Xil/Vivado-3500-pjs-laptop/realtime/design_1_gemv_q8_0_dma_top_0_0_stub.v:6]
INFO: [Synth 8-6157] synthesizing module 'design_1_input_vector_bram_0' [/run/media/pjs/6A43-DC8A/smollm2-zybo/hw/vivado_project/GPTalk.runs/synth_1/.Xil/Vivado-3500-pjs-laptop/realtime/design_1_input_vector_bram_0_stub.v:6]
INFO: [Synth 8-6155] done synthesizing module 'design_1_input_vector_bram_0' (0#1) [/run/media/pjs/6A43-DC8A/smollm2-zybo/hw/vivado_project/GPTalk.runs/synth_1/.Xil/Vivado-3500-pjs-laptop/realtime/design_1_input_vector_bram_0_stub.v:6]
WARNING: [Synth 8-7071] port 'rsta_busy' of module 'design_1_input_vector_bram_0' is unconnected for instance 'input_vector_bram' [/run/media/pjs/6A43-DC8A/smollm2-zybo/hw/vivado_project/GPTalk.gen/sources_1/bd/design_1/synth/design_1.v:1143]
WARNING: [Synth 8-7071] port 'rstb_busy' of module 'design_1_input_vector_bram_0' is unconnected for instance 'input_vector_bram' [/run/media/pjs/6A43-DC8A/smollm2-zybo/hw/vivado_project/GPTalk.gen/sources_1/bd/design_1/synth/design_1.v:1143]
WARNING: [Synth 8-7023] instance 'input_vector_bram' of module 'design_1_input_vector_bram_0' has 16 connections declared, but only 14 given [/run/media/pjs/6A43-DC8A/smollm2-zybo/hw/vivado_project/GPTalk.gen/sources_1/bd/design_1/synth/design_1.v:1143]
INFO: [Synth 8-6157] synthesizing module 'design_1_mm2s_axis_fifo_0' [/run/media/pjs/6A43-DC8A/smollm2-zybo/hw/vivado_project/GPTalk.runs/synth_1/.Xil/Vivado-3500-pjs-laptop/realtime/design_1_mm2s_axis_fifo_0_stub.v:6]
INFO: [Synth 8-6155] done synthesizing module 'design_1_mm2s_axis_fifo_0' (0#1) [/run/media/pjs/6A43-DC8A/smollm2-zybo/hw/vivado_project/GPTalk.runs/synth_1/.Xil/Vivado-3500-pjs-laptop/realtime/design_1_mm2s_axis_fifo_0_stub.v:6]
INFO: [Synth 8-6157] synthesizing module 'design_1_processing_system7_0_0' [/run/media/pjs/6A43-DC8A/smollm2-zybo/hw/vivado_project/GPTalk.runs/synth_1/.Xil/Vivado-3500-pjs-laptop/realtime/design_1_processing_system7_0_0_stub.v:6]
INFO: [Synth 8-6155] done synthesizing module 'design_1_processing_system7_0_0' (0#1) [/run/media/pjs/6A43-DC8A/smollm2-zybo/hw/vivado_project/GPTalk.runs/synth_1/.Xil/Vivado-3500-pjs-laptop/realtime/design_1_processing_system7_0_0_stub.v:6]
WARNING: [Synth 8-7071] port 'USB0_PORT_INDCTL' of module 'design_1_processing_system7_0_0' is unconnected for instance 'processing_system7_0' [/run/media/pjs/6A43-DC8A/smollm2-zybo/hw/vivado_project/GPTalk.gen/sources_1/bd/design_1/synth/design_1.v:1173]
WARNING: [Synth 8-7071] port 'USB0_VBUS_PWRSELECT' of module 'design_1_processing_system7_0_0' is unconnected for instance 'processing_system7_0' [/run/media/pjs/6A43-DC8A/smollm2-zybo/hw/vivado_project/GPTalk.gen/sources_1/bd/design_1/synth/design_1.v:1173]
WARNING: [Synth 8-7071] port 'S_AXI_HP0_AWREADY' of module 'design_1_processing_system7_0_0' is unconnected for instance 'processing_system7_0' [/run/media/pjs/6A43-DC8A/smollm2-zybo/hw/vivado_project/GPTalk.gen/sources_1/bd/design_1/synth/design_1.v:1173]
WARNING: [Synth 8-7071] port 'S_AXI_HP0_BVALID' of module 'design_1_processing_system7_0_0' is unconnected for instance 'processing_system7_0' [/run/media/pjs/6A43-DC8A/smollm2-zybo/hw/vivado_project/GPTalk.gen/sources_1/bd/design_1/synth/design_1.v:1173]
WARNING: [Synth 8-7071] port 'S_AXI_HP0_WREADY' of module 'design_1_processing_system7_0_0' is unconnected for instance 'processing_system7_0' [/run/media/pjs/6A43-DC8A/smollm2-zybo/hw/vivado_project/GPTalk.gen/sources_1/bd/design_1/synth/design_1.v:1173]
WARNING: [Synth 8-7071] port 'S_AXI_HP0_BRESP' of module 'design_1_processing_system7_0_0' is unconnected for instance 'processing_system7_0' [/run/media/pjs/6A43-DC8A/smollm2-zybo/hw/vivado_project/GPTalk.gen/sources_1/bd/design_1/synth/design_1.v:1173]
WARNING: [Synth 8-7071] port 'S_AXI_HP0_BID' of module 'design_1_processing_system7_0_0' is unconnected for instance 'processing_system7_0' [/run/media/pjs/6A43-DC8A/smollm2-zybo/hw/vivado_project/GPTalk.gen/sources_1/bd/design_1/synth/design_1.v:1173]
WARNING: [Synth 8-7071] port 'S_AXI_HP0_RID' of module 'design_1_processing_system7_0_0' is unconnected for instance 'processing_system7_0' [/run/media/pjs/6A43-DC8A/smollm2-zybo/hw/vivado_project/GPTalk.gen/sources_1/bd/design_1/synth/design_1.v:1173]
WARNING: [Synth 8-7071] port 'S_AXI_HP0_RCOUNT' of module 'design_1_processing_system7_0_0' is unconnected for instance 'processing_system7_0' [/run/media/pjs/6A43-DC8A/smollm2-zybo/hw/vivado_project/GPTalk.gen/sources_1/bd/design_1/synth/design_1.v:1173]
WARNING: [Synth 8-7071] port 'S_AXI_HP0_WCOUNT' of module 'design_1_processing_system7_0_0' is unconnected for instance 'processing_system7_0' [/run/media/pjs/6A43-DC8A/smollm2-zybo/hw/vivado_project/GPTalk.gen/sources_1/bd/design_1/synth/design_1.v:1173]
WARNING: [Synth 8-7071] port 'S_AXI_HP0_RACOUNT' of module 'design_1_processing_system7_0_0' is unconnected for instance 'processing_system7_0' [/run/media/pjs/6A43-DC8A/smollm2-zybo/hw/vivado_project/GPTalk.gen/sources_1/bd/design_1/synth/design_1.v:1173]
WARNING: [Synth 8-7071] port 'S_AXI_HP0_WACOUNT' of module 'design_1_processing_system7_0_0' is unconnected for instance 'processing_system7_0' [/run/media/pjs/6A43-DC8A/smollm2-zybo/hw/vivado_project/GPTalk.gen/sources_1/bd/design_1/synth/design_1.v:1173]
WARNING: [Synth 8-7071] port 'S_AXI_HP1_BID' of module 'design_1_processing_system7_0_0' is unconnected for instance 'processing_system7_0' [/run/media/pjs/6A43-DC8A/smollm2-zybo/hw/vivado_project/GPTalk.gen/sources_1/bd/design_1/synth/design_1.v:1173]
WARNING: [Synth 8-7071] port 'S_AXI_HP1_RID' of module 'design_1_processing_system7_0_0' is unconnected for instance 'processing_system7_0' [/run/media/pjs/6A43-DC8A/smollm2-zybo/hw/vivado_project/GPTalk.gen/sources_1/bd/design_1/synth/design_1.v:1173]
WARNING: [Synth 8-7071] port 'S_AXI_HP1_RCOUNT' of module 'design_1_processing_system7_0_0' is unconnected for instance 'processing_system7_0' [/run/media/pjs/6A43-DC8A/smollm2-zybo/hw/vivado_project/GPTalk.gen/sources_1/bd/design_1/synth/design_1.v:1173]
WARNING: [Synth 8-7071] port 'S_AXI_HP1_WCOUNT' of module 'design_1_processing_system7_0_0' is unconnected for instance 'processing_system7_0' [/run/media/pjs/6A43-DC8A/smollm2-zybo/hw/vivado_project/GPTalk.gen/sources_1/bd/design_1/synth/design_1.v:1173]
WARNING: [Synth 8-7071] port 'S_AXI_HP1_RACOUNT' of module 'design_1_processing_system7_0_0' is unconnected for instance 'processing_system7_0' [/run/media/pjs/6A43-DC8A/smollm2-zybo/hw/vivado_project/GPTalk.gen/sources_1/bd/design_1/synth/design_1.v:1173]
WARNING: [Synth 8-7071] port 'S_AXI_HP1_WACOUNT' of module 'design_1_processing_system7_0_0' is unconnected for instance 'processing_system7_0' [/run/media/pjs/6A43-DC8A/smollm2-zybo/hw/vivado_project/GPTalk.gen/sources_1/bd/design_1/synth/design_1.v:1173]
WARNING: [Synth 8-7023] instance 'processing_system7_0' of module 'design_1_processing_system7_0_0' has 164 connections declared, but only 146 given [/run/media/pjs/6A43-DC8A/smollm2-zybo/hw/vivado_project/GPTalk.gen/sources_1/bd/design_1/synth/design_1.v:1173]
INFO: [Synth 8-6157] synthesizing module 'design_1_rgb2dvi_1_0' [/run/media/pjs/6A43-DC8A/smollm2-zybo/hw/vivado_project/GPTalk.runs/synth_1/.Xil/Vivado-3500-pjs-laptop/realtime/design_1_rgb2dvi_1_0_stub.v:6]
INFO: [Synth 8-6155] done synthesizing module 'design_1_rgb2dvi_1_0' (0#1) [/run/media/pjs/6A43-DC8A/smollm2-zybo/hw/vivado_project/GPTalk.runs/synth_1/.Xil/Vivado-3500-pjs-laptop/realtime/design_1_rgb2dvi_1_0_stub.v:6]
INFO: [Synth 8-6157] synthesizing module 'design_1_rst_ps7_0_100M_0' [/run/media/pjs/6A43-DC8A/smollm2-zybo/hw/vivado_project/GPTalk.runs/synth_1/.Xil/Vivado-3500-pjs-laptop/realtime/design_1_rst_ps7_0_100M_0_stub.v:6]
INFO: [Synth 8-6155] done synthesizing module 'design_1_rst_ps7_0_100M_0' (0#1) [/run/media/pjs/6A43-DC8A/smollm2-zybo/hw/vivado_project/GPTalk.runs/synth_1/.Xil/Vivado-3500-pjs-laptop/realtime/design_1_rst_ps7_0_100M_0_stub.v:6]
WARNING: [Synth 8-7071] port 'mb_reset' of module 'design_1_rst_ps7_0_100M_0' is unconnected for instance 'rst_ps7_0_100M' [/run/media/pjs/6A43-DC8A/smollm2-zybo/hw/vivado_project/GPTalk.gen/sources_1/bd/design_1/synth/design_1.v:1332]
WARNING: [Synth 8-7071] port 'bus_struct_reset' of module 'design_1_rst_ps7_0_100M_0' is unconnected for instance 'rst_ps7_0_100M' [/run/media/pjs/6A43-DC8A/smollm2-zybo/hw/vivado_project/GPTalk.gen/sources_1/bd/design_1/synth/design_1.v:1332]
WARNING: [Synth 8-7071] port 'peripheral_reset' of module 'design_1_rst_ps7_0_100M_0' is unconnected for instance 'rst_ps7_0_100M' [/run/media/pjs/6A43-DC8A/smollm2-zybo/hw/vivado_project/GPTalk.gen/sources_1/bd/design_1/synth/design_1.v:1332]
WARNING: [Synth 8-7071] port 'interconnect_aresetn' of module 'design_1_rst_ps7_0_100M_0' is unconnected for instance 'rst_ps7_0_100M' [/run/media/pjs/6A43-DC8A/smollm2-zybo/hw/vivado_project/GPTalk.gen/sources_1/bd/design_1/synth/design_1.v:1332]
WARNING: [Synth 8-7023] instance 'rst_ps7_0_100M' of module 'design_1_rst_ps7_0_100M_0' has 10 connections declared, but only 6 given [/run/media/pjs/6A43-DC8A/smollm2-zybo/hw/vivado_project/GPTalk.gen/sources_1/bd/design_1/synth/design_1.v:1332]
INFO: [Synth 8-6157] synthesizing module 'design_1_rst_ps7_0_133M_0' [/run/media/pjs/6A43-DC8A/smollm2-zybo/hw/vivado_project/GPTalk.runs/synth_1/.Xil/Vivado-3500-pjs-laptop/realtime/design_1_rst_ps7_0_133M_0_stub.v:6]
INFO: [Synth 8-6155] done synthesizing module 'design_1_rst_ps7_0_133M_0' (0#1) [/run/media/pjs/6A43-DC8A/smollm2-zybo/hw/vivado_project/GPTalk.runs/synth_1/.Xil/Vivado-3500-pjs-laptop/realtime/design_1_rst_ps7_0_133M_0_stub.v:6]
WARNING: [Synth 8-7071] port 'mb_reset' of module 'design_1_rst_ps7_0_133M_0' is unconnected for instance 'rst_ps7_0_133M' [/run/media/pjs/6A43-DC8A/smollm2-zybo/hw/vivado_project/GPTalk.gen/sources_1/bd/design_1/synth/design_1.v:1339]
WARNING: [Synth 8-7071] port 'bus_struct_reset' of module 'design_1_rst_ps7_0_133M_0' is unconnected for instance 'rst_ps7_0_133M' [/run/media/pjs/6A43-DC8A/smollm2-zybo/hw/vivado_project/GPTalk.gen/sources_1/bd/design_1/synth/design_1.v:1339]
WARNING: [Synth 8-7071] port 'peripheral_reset' of module 'design_1_rst_ps7_0_133M_0' is unconnected for instance 'rst_ps7_0_133M' [/run/media/pjs/6A43-DC8A/smollm2-zybo/hw/vivado_project/GPTalk.gen/sources_1/bd/design_1/synth/design_1.v:1339]
WARNING: [Synth 8-7071] port 'interconnect_aresetn' of module 'design_1_rst_ps7_0_133M_0' is unconnected for instance 'rst_ps7_0_133M' [/run/media/pjs/6A43-DC8A/smollm2-zybo/hw/vivado_project/GPTalk.gen/sources_1/bd/design_1/synth/design_1.v:1339]
WARNING: [Synth 8-7023] instance 'rst_ps7_0_133M' of module 'design_1_rst_ps7_0_133M_0' has 10 connections declared, but only 6 given [/run/media/pjs/6A43-DC8A/smollm2-zybo/hw/vivado_project/GPTalk.gen/sources_1/bd/design_1/synth/design_1.v:1339]
INFO: [Synth 8-6157] synthesizing module 'design_1_rst_ps7_0_gemv_0' [/run/media/pjs/6A43-DC8A/smollm2-zybo/hw/vivado_project/GPTalk.runs/synth_1/.Xil/Vivado-3500-pjs-laptop/realtime/design_1_rst_ps7_0_gemv_0_stub.v:6]
INFO: [Synth 8-6155] done synthesizing module 'design_1_rst_ps7_0_gemv_0' (0#1) [/run/media/pjs/6A43-DC8A/smollm2-zybo/hw/vivado_project/GPTalk.runs/synth_1/.Xil/Vivado-3500-pjs-laptop/realtime/design_1_rst_ps7_0_gemv_0_stub.v:6]
WARNING: [Synth 8-7071] port 'mb_reset' of module 'design_1_rst_ps7_0_gemv_0' is unconnected for instance 'rst_ps7_0_gemv' [/run/media/pjs/6A43-DC8A/smollm2-zybo/hw/vivado_project/GPTalk.gen/sources_1/bd/design_1/synth/design_1.v:1346]
WARNING: [Synth 8-7071] port 'bus_struct_reset' of module 'design_1_rst_ps7_0_gemv_0' is unconnected for instance 'rst_ps7_0_gemv' [/run/media/pjs/6A43-DC8A/smollm2-zybo/hw/vivado_project/GPTalk.gen/sources_1/bd/design_1/synth/design_1.v:1346]
WARNING: [Synth 8-7071] port 'peripheral_reset' of module 'design_1_rst_ps7_0_gemv_0' is unconnected for instance 'rst_ps7_0_gemv' [/run/media/pjs/6A43-DC8A/smollm2-zybo/hw/vivado_project/GPTalk.gen/sources_1/bd/design_1/synth/design_1.v:1346]
WARNING: [Synth 8-7071] port 'interconnect_aresetn' of module 'design_1_rst_ps7_0_gemv_0' is unconnected for instance 'rst_ps7_0_gemv' [/run/media/pjs/6A43-DC8A/smollm2-zybo/hw/vivado_project/GPTalk.gen/sources_1/bd/design_1/synth/design_1.v:1346]
WARNING: [Synth 8-7023] instance 'rst_ps7_0_gemv' of module 'design_1_rst_ps7_0_gemv_0' has 10 connections declared, but only 6 given [/run/media/pjs/6A43-DC8A/smollm2-zybo/hw/vivado_project/GPTalk.gen/sources_1/bd/design_1/synth/design_1.v:1346]
INFO: [Synth 8-6157] synthesizing module 'design_1_s2mm_axis_fifo_0' [/run/media/pjs/6A43-DC8A/smollm2-zybo/hw/vivado_project/GPTalk.runs/synth_1/.Xil/Vivado-3500-pjs-laptop/realtime/design_1_s2mm_axis_fifo_0_stub.v:6]
INFO: [Synth 8-6155] done synthesizing module 'design_1_s2mm_axis_fifo_0' (0#1) [/run/media/pjs/6A43-DC8A/smollm2-zybo/hw/vivado_project/GPTalk.runs/synth_1/.Xil/Vivado-3500-pjs-laptop/realtime/design_1_s2mm_axis_fifo_0_stub.v:6]
INFO: [Synth 8-6157] synthesizing module 'design_1_v_axi4s_vid_out_0_0' [/run/media/pjs/6A43-DC8A/smollm2-zybo/hw/vivado_project/GPTalk.runs/synth_1/.Xil/Vivado-3500-pjs-laptop/realtime/design_1_v_axi4s_vid_out_0_0_stub.v:6]
INFO: [Synth 8-6155] done synthesizing module 'design_1_v_axi4s_vid_out_0_0' (0#1) [/run/media/pjs/6A43-DC8A/smollm2-zybo/hw/vivado_project/GPTalk.runs/synth_1/.Xil/Vivado-3500-pjs-laptop/realtime/design_1_v_axi4s_vid_out_0_0_stub.v:6]
WARNING: [Synth 8-7071] port 'vid_vblank' of module 'design_1_v_axi4s_vid_out_0_0' is unconnected for instance 'v_axi4s_vid_out_0' [/run/media/pjs/6A43-DC8A/smollm2-zybo/hw/vivado_project/GPTalk.gen/sources_1/bd/design_1/synth/design_1.v:1366]
WARNING: [Synth 8-7071] port 'vid_hblank' of module 'design_1_v_axi4s_vid_out_0_0' is unconnected for instance 'v_axi4s_vid_out_0' [/run/media/pjs/6A43-DC8A/smollm2-zybo/hw/vivado_project/GPTalk.gen/sources_1/bd/design_1/synth/design_1.v:1366]
WARNING: [Synth 8-7071] port 'vid_field_id' of module 'design_1_v_axi4s_vid_out_0_0' is unconnected for instance 'v_axi4s_vid_out_0' [/run/media/pjs/6A43-DC8A/smollm2-zybo/hw/vivado_project/GPTalk.gen/sources_1/bd/design_1/synth/design_1.v:1366]
WARNING: [Synth 8-7071] port 'locked' of module 'design_1_v_axi4s_vid_out_0_0' is unconnected for instance 'v_axi4s_vid_out_0' [/run/media/pjs/6A43-DC8A/smollm2-zybo/hw/vivado_project/GPTalk.gen/sources_1/bd/design_1/synth/design_1.v:1366]
WARNING: [Synth 8-7071] port 'overflow' of module 'design_1_v_axi4s_vid_out_0_0' is unconnected for instance 'v_axi4s_vid_out_0' [/run/media/pjs/6A43-DC8A/smollm2-zybo/hw/vivado_project/GPTalk.gen/sources_1/bd/design_1/synth/design_1.v:1366]
WARNING: [Synth 8-7071] port 'underflow' of module 'design_1_v_axi4s_vid_out_0_0' is unconnected for instance 'v_axi4s_vid_out_0' [/run/media/pjs/6A43-DC8A/smollm2-zybo/hw/vivado_project/GPTalk.gen/sources_1/bd/design_1/synth/design_1.v:1366]
WARNING: [Synth 8-7071] port 'fifo_read_level' of module 'design_1_v_axi4s_vid_out_0_0' is unconnected for instance 'v_axi4s_vid_out_0' [/run/media/pjs/6A43-DC8A/smollm2-zybo/hw/vivado_project/GPTalk.gen/sources_1/bd/design_1/synth/design_1.v:1366]
WARNING: [Synth 8-7071] port 'status' of module 'design_1_v_axi4s_vid_out_0_0' is unconnected for instance 'v_axi4s_vid_out_0' [/run/media/pjs/6A43-DC8A/smollm2-zybo/hw/vivado_project/GPTalk.gen/sources_1/bd/design_1/synth/design_1.v:1366]
WARNING: [Synth 8-7071] port 'sof_state_out' of module 'design_1_v_axi4s_vid_out_0_0' is unconnected for instance 'v_axi4s_vid_out_0' [/run/media/pjs/6A43-DC8A/smollm2-zybo/hw/vivado_project/GPTalk.gen/sources_1/bd/design_1/synth/design_1.v:1366]
WARNING: [Synth 8-7023] instance 'v_axi4s_vid_out_0' of module 'design_1_v_axi4s_vid_out_0_0' has 32 connections declared, but only 23 given [/run/media/pjs/6A43-DC8A/smollm2-zybo/hw/vivado_project/GPTalk.gen/sources_1/bd/design_1/synth/design_1.v:1366]
INFO: [Synth 8-6157] synthesizing module 'design_1_v_tc_out_0' [/run/media/pjs/6A43-DC8A/smollm2-zybo/hw/vivado_project/GPTalk.runs/synth_1/.Xil/Vivado-3500-pjs-laptop/realtime/design_1_v_tc_out_0_stub.v:6]
INFO: [Synth 8-6155] done synthesizing module 'design_1_v_tc_out_0' (0#1) [/run/media/pjs/6A43-DC8A/smollm2-zybo/hw/vivado_project/GPTalk.runs/synth_1/.Xil/Vivado-3500-pjs-laptop/realtime/design_1_v_tc_out_0_stub.v:6]
WARNING: [Synth 8-7071] port 'fsync_out' of module 'design_1_v_tc_out_0' is unconnected for instance 'v_tc_out' [/run/media/pjs/6A43-DC8A/smollm2-zybo/hw/vivado_project/GPTalk.gen/sources_1/bd/design_1/synth/design_1.v:1390]
WARNING: [Synth 8-7023] instance 'v_tc_out' of module 'design_1_v_tc_out_0' has 33 connections declared, but only 32 given [/run/media/pjs/6A43-DC8A/smollm2-zybo/hw/vivado_project/GPTalk.gen/sources_1/bd/design_1/synth/design_1.v:1390]
INFO: [Synth 8-6157] synthesizing module 'design_1_xlconcat_0_0' [/run/media/pjs/6A43-DC8A/smollm2-zybo/hw/vivado_project/GPTalk.gen/sources_1/bd/design_1/ip/design_1_xlconcat_0_0/synth/design_1_xlconcat_0_0.v:53]
INFO: [Synth 8-6157] synthesizing module 'xlconcat_v2_1_6_xlconcat' [/run/media/pjs/6A43-DC8A/smollm2-zybo/hw/vivado_project/GPTalk.gen/sources_1/bd/design_1/ipshared/6120/hdl/xlconcat_v2_1_vl_rfs.v:59]
INFO: [Synth 8-6155] done synthesizing module 'xlconcat_v2_1_6_xlconcat' (0#1) [/run/media/pjs/6A43-DC8A/smollm2-zybo/hw/vivado_project/GPTalk.gen/sources_1/bd/design_1/ipshared/6120/hdl/xlconcat_v2_1_vl_rfs.v:59]
INFO: [Synth 8-6155] done synthesizing module 'design_1_xlconcat_0_0' (0#1) [/run/media/pjs/6A43-DC8A/smollm2-zybo/hw/vivado_project/GPTalk.gen/sources_1/bd/design_1/ip/design_1_xlconcat_0_0/synth/design_1_xlconcat_0_0.v:53]
INFO: [Synth 8-6155] done synthesizing module 'design_1' (0#1) [/run/media/pjs/6A43-DC8A/smollm2-zybo/hw/vivado_project/GPTalk.gen/sources_1/bd/design_1/synth/design_1.v:13]
INFO: [Synth 8-6157] synthesizing module 'IOBUF' [/tools/Xilinx/Vivado/2024.2/scripts/rt/data/unisim_comp.v:80391]
INFO: [Synth 8-6155] done synthesizing module 'IOBUF' (0#1) [/tools/Xilinx/Vivado/2024.2/scripts/rt/data/unisim_comp.v:80391]
INFO: [Synth 8-6155] done synthesizing module 'design_1_wrapper' (0#1) [/run/media/pjs/6A43-DC8A/smollm2-zybo/hw/vivado_project/GPTalk.gen/sources_1/bd/design_1/hdl/design_1_wrapper.v:13]
WARNING: [Synth 8-7129] Port In4[0] in module xlconcat_v2_1_6_xlconcat is either unconnected or has no load
WARNING: [Synth 8-7129] Port In5[0] in module xlconcat_v2_1_6_xlconcat is either unconnected or has no load
WARNING: [Synth 8-7129] Port In6[0] in module xlconcat_v2_1_6_xlconcat is either unconnected or has no load
WARNING: [Synth 8-7129] Port In7[0] in module xlconcat_v2_1_6_xlconcat is either unconnected or has no load
WARNING: [Synth 8-7129] Port In8[0] in module xlconcat_v2_1_6_xlconcat is either unconnected or has no load
WARNING: [Synth 8-7129] Port In9[0] in module xlconcat_v2_1_6_xlconcat is either unconnected or has no load
WARNING: [Synth 8-7129] Port In10[0] in module xlconcat_v2_1_6_xlconcat is either unconnected or has no load
WARNING: [Synth 8-7129] Port In11[0] in module xlconcat_v2_1_6_xlconcat is either unconnected or has no load
WARNING: [Synth 8-7129] Port In12[0] in module xlconcat_v2_1_6_xlconcat is either unconnected or has no load
WARNING: [Synth 8-7129] Port In13[0] in module xlconcat_v2_1_6_xlconcat is either unconnected or has no load
WARNING: [Synth 8-7129] Port In14[0] in module xlconcat_v2_1_6_xlconcat is either unconnected or has no load
WARNING: [Synth 8-7129] Port In15[0] in module xlconcat_v2_1_6_xlconcat is either unconnected or has no load
WARNING: [Synth 8-7129] Port In16[0] in module xlconcat_v2_1_6_xlconcat is either unconnected or has no load
WARNING: [Synth 8-7129] Port In17[0] in module xlconcat_v2_1_6_xlconcat is either unconnected or has no load
WARNING: [Synth 8-7129] Port In18[0] in module xlconcat_v2_1_6_xlconcat is either unconnected or has no load
WARNING: [Synth 8-7129] Port In19[0] in module xlconcat_v2_1_6_xlconcat is either unconnected or has no load
WARNING: [Synth 8-7129] Port In20[0] in module xlconcat_v2_1_6_xlconcat is either unconnected or has no load
WARNING: [Synth 8-7129] Port In21[0] in module xlconcat_v2_1_6_xlconcat is either unconnected or has no load
WARNING: [Synth 8-7129] Port In22[0] in module xlconcat_v2_1_6_xlconcat is either unconnected or has no load
WARNING: [Synth 8-7129] Port In23[0] in module xlconcat_v2_1_6_xlconcat is either unconnected or has no load
WARNING: [Synth 8-7129] Port In24[0] in module xlconcat_v2_1_6_xlconcat is either unconnected or has no load
WARNING: [Synth 8-7129] Port In25[0] in module xlconcat_v2_1_6_xlconcat is either unconnected or has no load
WARNING: [Synth 8-7129] Port In26[0] in module xlconcat_v2_1_6_xlconcat is either unconnected or has no load
WARNING: [Synth 8-7129] Port In27[0] in module xlconcat_v2_1_6_xlconcat is either unconnected or has no load
WARNING: [Synth 8-7129] Port In28[0] in module xlconcat_v2_1_6_xlconcat is either unconnected or has no load
WARNING: [Synth 8-7129] Port In29[0] in module xlconcat_v2_1_6_xlconcat is either unconnected or has no load
WARNING: [Synth 8-7129] Port In30[0] in module xlconcat_v2_1_6_xlconcat is either unconnected or has no load
WARNING: [Synth 8-7129] Port In31[0] in module xlconcat_v2_1_6_xlconcat is either unconnected or has no load
WARNING: [Synth 8-7129] Port In32[0] in module xlconcat_v2_1_6_xlconcat is either unconnected or has no load
WARNING: [Synth 8-7129] Port In33[0] in module xlconcat_v2_1_6_xlconcat is either unconnected or has no load
WARNING: [Synth 8-7129] Port In34[0] in module xlconcat_v2_1_6_xlconcat is either unconnected or has no load
WARNING: [Synth 8-7129] Port In35[0] in module xlconcat_v2_1_6_xlconcat is either unconnected or has no load
WARNING: [Synth 8-7129] Port In36[0] in module xlconcat_v2_1_6_xlconcat is either unconnected or has no load
WARNING: [Synth 8-7129] Port In37[0] in module xlconcat_v2_1_6_xlconcat is either unconnected or has no load
WARNING: [Synth 8-7129] Port In38[0] in module xlconcat_v2_1_6_xlconcat is either unconnected or has no load
WARNING: [Synth 8-7129] Port In39[0] in module xlconcat_v2_1_6_xlconcat is either unconnected or has no load
WARNING: [Synth 8-7129] Port In40[0] in module xlconcat_v2_1_6_xlconcat is either unconnected or has no load
WARNING: [Synth 8-7129] Port In41[0] in module xlconcat_v2_1_6_xlconcat is either unconnected or has no load
WARNING: [Synth 8-7129] Port In42[0] in module xlconcat_v2_1_6_xlconcat is either unconnected or has no load
WARNING: [Synth 8-7129] Port In43[0] in module xlconcat_v2_1_6_xlconcat is either unconnected or has no load
WARNING: [Synth 8-7129] Port In44[0] in module xlconcat_v2_1_6_xlconcat is either unconnected or has no load
WARNING: [Synth 8-7129] Port In45[0] in module xlconcat_v2_1_6_xlconcat is either unconnected or has no load
WARNING: [Synth 8-7129] Port In46[0] in module xlconcat_v2_1_6_xlconcat is either unconnected or has no load
WARNING: [Synth 8-7129] Port In47[0] in module xlconcat_v2_1_6_xlconcat is either unconnected or has no load
WARNING: [Synth 8-7129] Port In48[0] in module xlconcat_v2_1_6_xlconcat is either unconnected or has no load
WARNING: [Synth 8-7129] Port In49[0] in module xlconcat_v2_1_6_xlconcat is either unconnected or has no load
WARNING: [Synth 8-7129] Port In50[0] in module xlconcat_v2_1_6_xlconcat is either unconnected or has no load
WARNING: [Synth 8-7129] Port In51[0] in module xlconcat_v2_1_6_xlconcat is either unconnected or has no load
WARNING: [Synth 8-7129] Port In52[0] in module xlconcat_v2_1_6_xlconcat is either unconnected or has no load
WARNING: [Synth 8-7129] Port In53[0] in module xlconcat_v2_1_6_xlconcat is either unconnected or has no load
WARNING: [Synth 8-7129] Port In54[0] in module xlconcat_v2_1_6_xlconcat is either unconnected or has no load
WARNING: [Synth 8-7129] Port In55[0] in module xlconcat_v2_1_6_xlconcat is either unconnected or has no load
WARNING: [Synth 8-7129] Port In56[0] in module xlconcat_v2_1_6_xlconcat is either unconnected or has no load
WARNING: [Synth 8-7129] Port In57[0] in module xlconcat_v2_1_6_xlconcat is either unconnected or has no load
WARNING: [Synth 8-7129] Port In58[0] in module xlconcat_v2_1_6_xlconcat is either unconnected or has no load
WARNING: [Synth 8-7129] Port In59[0] in module xlconcat_v2_1_6_xlconcat is either unconnected or has no load
WARNING: [Synth 8-7129] Port In60[0] in module xlconcat_v2_1_6_xlconcat is either unconnected or has no load
WARNING: [Synth 8-7129] Port In61[0] in module xlconcat_v2_1_6_xlconcat is either unconnected or has no load
WARNING: [Synth 8-7129] Port In62[0] in module xlconcat_v2_1_6_xlconcat is either unconnected or has no load
WARNING: [Synth 8-7129] Port In63[0] in module xlconcat_v2_1_6_xlconcat is either unconnected or has no load
WARNING: [Synth 8-7129] Port In64[0] in module xlconcat_v2_1_6_xlconcat is either unconnected or has no load
WARNING: [Synth 8-7129] Port In65[0] in module xlconcat_v2_1_6_xlconcat is either unconnected or has no load
WARNING: [Synth 8-7129] Port In66[0] in module xlconcat_v2_1_6_xlconcat is either unconnected or has no load
WARNING: [Synth 8-7129] Port In67[0] in module xlconcat_v2_1_6_xlconcat is either unconnected or has no load
WARNING: [Synth 8-7129] Port In68[0] in module xlconcat_v2_1_6_xlconcat is either unconnected or has no load
WARNING: [Synth 8-7129] Port In69[0] in module xlconcat_v2_1_6_xlconcat is either unconnected or has no load
WARNING: [Synth 8-7129] Port In70[0] in module xlconcat_v2_1_6_xlconcat is either unconnected or has no load
WARNING: [Synth 8-7129] Port In71[0] in module xlconcat_v2_1_6_xlconcat is either unconnected or has no load
WARNING: [Synth 8-7129] Port In72[0] in module xlconcat_v2_1_6_xlconcat is either unconnected or has no load
WARNING: [Synth 8-7129] Port In73[0] in module xlconcat_v2_1_6_xlconcat is either unconnected or has no load
WARNING: [Synth 8-7129] Port In74[0] in module xlconcat_v2_1_6_xlconcat is either unconnected or has no load
WARNING: [Synth 8-7129] Port In75[0] in module xlconcat_v2_1_6_xlconcat is either unconnected or has no load
WARNING: [Synth 8-7129] Port In76[0] in module xlconcat_v2_1_6_xlconcat is either unconnected or has no load
WARNING: [Synth 8-7129] Port In77[0] in module xlconcat_v2_1_6_xlconcat is either unconnected or has no load
WARNING: [Synth 8-7129] Port In78[0] in module xlconcat_v2_1_6_xlconcat is either unconnected or has no load
WARNING: [Synth 8-7129] Port In79[0] in module xlconcat_v2_1_6_xlconcat is either unconnected or has no load
WARNING: [Synth 8-7129] Port In80[0] in module xlconcat_v2_1_6_xlconcat is either unconnected or has no load
WARNING: [Synth 8-7129] Port In81[0] in module xlconcat_v2_1_6_xlconcat is either unconnected or has no load
WARNING: [Synth 8-7129] Port In82[0] in module xlconcat_v2_1_6_xlconcat is either unconnected or has no load
WARNING: [Synth 8-7129] Port In83[0] in module xlconcat_v2_1_6_xlconcat is either unconnected or has no load
WARNING: [Synth 8-7129] Port In84[0] in module xlconcat_v2_1_6_xlconcat is either unconnected or has no load
WARNING: [Synth 8-7129] Port In85[0] in module xlconcat_v2_1_6_xlconcat is either unconnected or has no load
WARNING: [Synth 8-7129] Port In86[0] in module xlconcat_v2_1_6_xlconcat is either unconnected or has no load
WARNING: [Synth 8-7129] Port In87[0] in module xlconcat_v2_1_6_xlconcat is either unconnected or has no load
WARNING: [Synth 8-7129] Port In88[0] in module xlconcat_v2_1_6_xlconcat is either unconnected or has no load
WARNING: [Synth 8-7129] Port In89[0] in module xlconcat_v2_1_6_xlconcat is either unconnected or has no load
WARNING: [Synth 8-7129] Port In90[0] in module xlconcat_v2_1_6_xlconcat is either unconnected or has no load
WARNING: [Synth 8-7129] Port In91[0] in module xlconcat_v2_1_6_xlconcat is either unconnected or has no load
WARNING: [Synth 8-7129] Port In92[0] in module xlconcat_v2_1_6_xlconcat is either unconnected or has no load
WARNING: [Synth 8-7129] Port In93[0] in module xlconcat_v2_1_6_xlconcat is either unconnected or has no load
WARNING: [Synth 8-7129] Port In94[0] in module xlconcat_v2_1_6_xlconcat is either unconnected or has no load
WARNING: [Synth 8-7129] Port In95[0] in module xlconcat_v2_1_6_xlconcat is either unconnected or has no load
WARNING: [Synth 8-7129] Port In96[0] in module xlconcat_v2_1_6_xlconcat is either unconnected or has no load
WARNING: [Synth 8-7129] Port In97[0] in module xlconcat_v2_1_6_xlconcat is either unconnected or has no load
WARNING: [Synth 8-7129] Port In98[0] in module xlconcat_v2_1_6_xlconcat is either unconnected or has no load
WARNING: [Synth 8-7129] Port In99[0] in module xlconcat_v2_1_6_xlconcat is either unconnected or has no load
WARNING: [Synth 8-7129] Port In100[0] in module xlconcat_v2_1_6_xlconcat is either unconnected or has no load
WARNING: [Synth 8-7129] Port In101[0] in module xlconcat_v2_1_6_xlconcat is either unconnected or has no load
WARNING: [Synth 8-7129] Port In102[0] in module xlconcat_v2_1_6_xlconcat is either unconnected or has no load
WARNING: [Synth 8-7129] Port In103[0] in module xlconcat_v2_1_6_xlconcat is either unconnected or has no load
INFO: [Common 17-14] Message 'Synth 8-7129' appears 100 times and further instances of the messages will be disabled. Use the Tcl command set_msg_config to change the current settings.
---------------------------------------------------------------------------------
Finished RTL Elaboration : Time (s): cpu = 00:00:03 ; elapsed = 00:00:03 . Memory (MB): peak = 2154.582 ; gain = 470.492 ; free physical = 43592 ; free virtual = 63668
---------------------------------------------------------------------------------
---------------------------------------------------------------------------------
Start Handling Custom Attributes
---------------------------------------------------------------------------------
---------------------------------------------------------------------------------
Finished Handling Custom Attributes : Time (s): cpu = 00:00:03 ; elapsed = 00:00:03 . Memory (MB): peak = 2169.426 ; gain = 485.336 ; free physical = 43592 ; free virtual = 63668
---------------------------------------------------------------------------------
---------------------------------------------------------------------------------
Finished RTL Optimization Phase 1 : Time (s): cpu = 00:00:03 ; elapsed = 00:00:03 . Memory (MB): peak = 2169.426 ; gain = 485.336 ; free physical = 43592 ; free virtual = 63668
---------------------------------------------------------------------------------
Netlist sorting complete. Time (s): cpu = 00:00:00.01 ; elapsed = 00:00:00.01 . Memory (MB): peak = 2175.363 ; gain = 0.000 ; free physical = 43588 ; free virtual = 63664
INFO: [Netlist 29-17] Analyzing 2 Unisim elements for replacement
INFO: [Netlist 29-28] Unisim Transformation completed in 0 CPU seconds
INFO: [Project 1-570] Preparing netlist for logic optimization

Processing XDC Constraints
Initializing timing engine
Parsing XDC File [/run/media/pjs/6A43-DC8A/smollm2-zybo/hw/vivado_project/GPTalk.gen/sources_1/bd/design_1/ip/design_1_processing_system7_0_0/design_1_processing_system7_0_0/design_1_processing_system7_0_0_in_context.xdc] for cell 'design_1_i/processing_system7_0'
Finished Parsing XDC File [/run/media/pjs/6A43-DC8A/smollm2-zybo/hw/vivado_project/GPTalk.gen/sources_1/bd/design_1/ip/design_1_processing_system7_0_0/design_1_processing_system7_0_0/design_1_processing_system7_0_0_in_context.xdc] for cell 'design_1_i/processing_system7_0'
Parsing XDC File [/run/media/pjs/6A43-DC8A/smollm2-zybo/hw/vivado_project/GPTalk.gen/sources_1/bd/design_1/ip/design_1_rst_ps7_0_100M_0/design_1_rst_ps7_0_100M_0/design_1_rst_ps7_0_50M_0_in_context.xdc] for cell 'design_1_i/rst_ps7_0_100M'
Finished Parsing XDC File [/run/media/pjs/6A43-DC8A/smollm2-zybo/hw/vivado_project/GPTalk.gen/sources_1/bd/design_1/ip/design_1_rst_ps7_0_100M_0/design_1_rst_ps7_0_100M_0/design_1_rst_ps7_0_50M_0_in_context.xdc] for cell 'design_1_i/rst_ps7_0_100M'
Parsing XDC File [/run/media/pjs/6A43-DC8A/smollm2-zybo/hw/vivado_project/GPTalk.gen/sources_1/bd/design_1/ip/design_1_rst_ps7_0_133M_0/design_1_rst_ps7_0_133M_0/design_1_rst_ps7_0_133M_0_in_context.xdc] for cell 'design_1_i/rst_ps7_0_133M'
Finished Parsing XDC File [/run/media/pjs/6A43-DC8A/smollm2-zybo/hw/vivado_project/GPTalk.gen/sources_1/bd/design_1/ip/design_1_rst_ps7_0_133M_0/design_1_rst_ps7_0_133M_0/design_1_rst_ps7_0_133M_0_in_context.xdc] for cell 'design_1_i/rst_ps7_0_133M'
Parsing XDC File [/run/media/pjs/6A43-DC8A/smollm2-zybo/hw/vivado_project/GPTalk.gen/sources_1/bd/design_1/ip/design_1_rst_ps7_0_gemv_0/design_1_rst_ps7_0_gemv_0/design_1_rst_ps7_0_50M_0_in_context.xdc] for cell 'design_1_i/rst_ps7_0_gemv'
Finished Parsing XDC File [/run/media/pjs/6A43-DC8A/smollm2-zybo/hw/vivado_project/GPTalk.gen/sources_1/bd/design_1/ip/design_1_rst_ps7_0_gemv_0/design_1_rst_ps7_0_gemv_0/design_1_rst_ps7_0_50M_0_in_context.xdc] for cell 'design_1_i/rst_ps7_0_gemv'
Parsing XDC File [/run/media/pjs/6A43-DC8A/smollm2-zybo/hw/vivado_project/GPTalk.gen/sources_1/bd/design_1/ip/design_1_axi_ctrl_smc_0/design_1_axi_ctrl_smc_0/design_1_axi_ctrl_smc_0_in_context.xdc] for cell 'design_1_i/axi_ctrl_smc'
Finished Parsing XDC File [/run/media/pjs/6A43-DC8A/smollm2-zybo/hw/vivado_project/GPTalk.gen/sources_1/bd/design_1/ip/design_1_axi_ctrl_smc_0/design_1_axi_ctrl_smc_0/design_1_axi_ctrl_smc_0_in_context.xdc] for cell 'design_1_i/axi_ctrl_smc'
Parsing XDC File [/run/media/pjs/6A43-DC8A/smollm2-zybo/hw/vivado_project/GPTalk.gen/sources_1/bd/design_1/ip/design_1_axi_video_hp0_smc_0/design_1_axi_video_hp0_smc_0/design_1_axi_video_hp0_smc_0_in_context.xdc] for cell 'design_1_i/axi_video_hp0_smc'
Finished Parsing XDC File [/run/media/pjs/6A43-DC8A/smollm2-zybo/hw/vivado_project/GPTalk.gen/sources_1/bd/design_1/ip/design_1_axi_video_hp0_smc_0/design_1_axi_video_hp0_smc_0/design_1_axi_video_hp0_smc_0_in_context.xdc] for cell 'design_1_i/axi_video_hp0_smc'
Parsing XDC File [/run/media/pjs/6A43-DC8A/smollm2-zybo/hw/vivado_project/GPTalk.gen/sources_1/bd/design_1/ip/design_1_axi_gemv_hp1_smc_0/design_1_axi_gemv_hp1_smc_0/design_1_axi_gemv_hp1_smc_0_in_context.xdc] for cell 'design_1_i/axi_gemv_hp1_smc'
Finished Parsing XDC File [/run/media/pjs/6A43-DC8A/smollm2-zybo/hw/vivado_project/GPTalk.gen/sources_1/bd/design_1/ip/design_1_axi_gemv_hp1_smc_0/design_1_axi_gemv_hp1_smc_0/design_1_axi_gemv_hp1_smc_0_in_context.xdc] for cell 'design_1_i/axi_gemv_hp1_smc'
Parsing XDC File [/run/media/pjs/6A43-DC8A/smollm2-zybo/hw/vivado_project/GPTalk.gen/sources_1/bd/design_1/ip/design_1_axi_gemv_ctrl_clkconv_0/design_1_axi_gemv_ctrl_clkconv_0/design_1_axi_gemv_ctrl_clkconv_0_in_context.xdc] for cell 'design_1_i/axi_gemv_ctrl_clkconv'
Finished Parsing XDC File [/run/media/pjs/6A43-DC8A/smollm2-zybo/hw/vivado_project/GPTalk.gen/sources_1/bd/design_1/ip/design_1_axi_gemv_ctrl_clkconv_0/design_1_axi_gemv_ctrl_clkconv_0/design_1_axi_gemv_ctrl_clkconv_0_in_context.xdc] for cell 'design_1_i/axi_gemv_ctrl_clkconv'
Parsing XDC File [/run/media/pjs/6A43-DC8A/smollm2-zybo/hw/vivado_project/GPTalk.gen/sources_1/bd/design_1/ip/design_1_axi_bram_ctrl_clkconv_0/design_1_axi_bram_ctrl_clkconv_0/design_1_axi_bram_ctrl_clkconv_0_in_context.xdc] for cell 'design_1_i/axi_bram_ctrl_clkconv'
Finished Parsing XDC File [/run/media/pjs/6A43-DC8A/smollm2-zybo/hw/vivado_project/GPTalk.gen/sources_1/bd/design_1/ip/design_1_axi_bram_ctrl_clkconv_0/design_1_axi_bram_ctrl_clkconv_0/design_1_axi_bram_ctrl_clkconv_0_in_context.xdc] for cell 'design_1_i/axi_bram_ctrl_clkconv'
Parsing XDC File [/run/media/pjs/6A43-DC8A/smollm2-zybo/hw/vivado_project/GPTalk.gen/sources_1/bd/design_1/ip/design_1_axi_dma_ctrl_clkconv_0/design_1_axi_dma_ctrl_clkconv_0/design_1_axi_dma_ctrl_clkconv_0_in_context.xdc] for cell 'design_1_i/axi_dma_ctrl_clkconv'
Finished Parsing XDC File [/run/media/pjs/6A43-DC8A/smollm2-zybo/hw/vivado_project/GPTalk.gen/sources_1/bd/design_1/ip/design_1_axi_dma_ctrl_clkconv_0/design_1_axi_dma_ctrl_clkconv_0/design_1_axi_dma_ctrl_clkconv_0_in_context.xdc] for cell 'design_1_i/axi_dma_ctrl_clkconv'
Parsing XDC File [/run/media/pjs/6A43-DC8A/smollm2-zybo/hw/vivado_project/GPTalk.gen/sources_1/bd/design_1/ip/design_1_axi_dynclk_0_0/design_1_axi_dynclk_0_0/design_1_axi_dynclk_0_0_in_context.xdc] for cell 'design_1_i/axi_dynclk_0'
Finished Parsing XDC File [/run/media/pjs/6A43-DC8A/smollm2-zybo/hw/vivado_project/GPTalk.gen/sources_1/bd/design_1/ip/design_1_axi_dynclk_0_0/design_1_axi_dynclk_0_0/design_1_axi_dynclk_0_0_in_context.xdc] for cell 'design_1_i/axi_dynclk_0'
Parsing XDC File [/run/media/pjs/6A43-DC8A/smollm2-zybo/hw/vivado_project/GPTalk.gen/sources_1/bd/design_1/ip/design_1_v_tc_out_0/design_1_v_tc_out_0/design_1_v_tc_out_0_in_context.xdc] for cell 'design_1_i/v_tc_out'
Finished Parsing XDC File [/run/media/pjs/6A43-DC8A/smollm2-zybo/hw/vivado_project/GPTalk.gen/sources_1/bd/design_1/ip/design_1_v_tc_out_0/design_1_v_tc_out_0/design_1_v_tc_out_0_in_context.xdc] for cell 'design_1_i/v_tc_out'
Parsing XDC File [/run/media/pjs/6A43-DC8A/smollm2-zybo/hw/vivado_project/GPTalk.gen/sources_1/bd/design_1/ip/design_1_axi_vdma_1_0/design_1_axi_vdma_1_0/design_1_axi_vdma_1_0_in_context.xdc] for cell 'design_1_i/axi_vdma_1'
Finished Parsing XDC File [/run/media/pjs/6A43-DC8A/smollm2-zybo/hw/vivado_project/GPTalk.gen/sources_1/bd/design_1/ip/design_1_axi_vdma_1_0/design_1_axi_vdma_1_0/design_1_axi_vdma_1_0_in_context.xdc] for cell 'design_1_i/axi_vdma_1'
Parsing XDC File [/run/media/pjs/6A43-DC8A/smollm2-zybo/hw/vivado_project/GPTalk.gen/sources_1/bd/design_1/ip/design_1_axis_subset_converter_out_0/design_1_axis_subset_converter_out_0/design_1_axis_subset_converter_out_0_in_context.xdc] for cell 'design_1_i/axis_subset_converter_out'
Finished Parsing XDC File [/run/media/pjs/6A43-DC8A/smollm2-zybo/hw/vivado_project/GPTalk.gen/sources_1/bd/design_1/ip/design_1_axis_subset_converter_out_0/design_1_axis_subset_converter_out_0/design_1_axis_subset_converter_out_0_in_context.xdc] for cell 'design_1_i/axis_subset_converter_out'
Parsing XDC File [/run/media/pjs/6A43-DC8A/smollm2-zybo/hw/vivado_project/GPTalk.gen/sources_1/bd/design_1/ip/design_1_v_axi4s_vid_out_0_0/design_1_v_axi4s_vid_out_0_0/design_1_v_axi4s_vid_out_0_0_in_context.xdc] for cell 'design_1_i/v_axi4s_vid_out_0'
Finished Parsing XDC File [/run/media/pjs/6A43-DC8A/smollm2-zybo/hw/vivado_project/GPTalk.gen/sources_1/bd/design_1/ip/design_1_v_axi4s_vid_out_0_0/design_1_v_axi4s_vid_out_0_0/design_1_v_axi4s_vid_out_0_0_in_context.xdc] for cell 'design_1_i/v_axi4s_vid_out_0'
Parsing XDC File [/run/media/pjs/6A43-DC8A/smollm2-zybo/hw/vivado_project/GPTalk.gen/sources_1/bd/design_1/ip/design_1_rgb2dvi_1_0/design_1_rgb2dvi_1_0/design_1_rgb2dvi_1_0_in_context.xdc] for cell 'design_1_i/rgb2dvi_1'
Finished Parsing XDC File [/run/media/pjs/6A43-DC8A/smollm2-zybo/hw/vivado_project/GPTalk.gen/sources_1/bd/design_1/ip/design_1_rgb2dvi_1_0/design_1_rgb2dvi_1_0/design_1_rgb2dvi_1_0_in_context.xdc] for cell 'design_1_i/rgb2dvi_1'
Parsing XDC File [/run/media/pjs/6A43-DC8A/smollm2-zybo/hw/vivado_project/GPTalk.gen/sources_1/bd/design_1/ip/design_1_axi_dma_0_0/design_1_axi_dma_0_0/design_1_axi_dma_0_0_in_context.xdc] for cell 'design_1_i/axi_dma_0'
Finished Parsing XDC File [/run/media/pjs/6A43-DC8A/smollm2-zybo/hw/vivado_project/GPTalk.gen/sources_1/bd/design_1/ip/design_1_axi_dma_0_0/design_1_axi_dma_0_0/design_1_axi_dma_0_0_in_context.xdc] for cell 'design_1_i/axi_dma_0'
Parsing XDC File [/run/media/pjs/6A43-DC8A/smollm2-zybo/hw/vivado_project/GPTalk.gen/sources_1/bd/design_1/ip/design_1_mm2s_axis_fifo_0/design_1_mm2s_axis_fifo_0/design_1_s2mm_axis_fifo_0_in_context.xdc] for cell 'design_1_i/mm2s_axis_fifo'
Finished Parsing XDC File [/run/media/pjs/6A43-DC8A/smollm2-zybo/hw/vivado_project/GPTalk.gen/sources_1/bd/design_1/ip/design_1_mm2s_axis_fifo_0/design_1_mm2s_axis_fifo_0/design_1_s2mm_axis_fifo_0_in_context.xdc] for cell 'design_1_i/mm2s_axis_fifo'
Parsing XDC File [/run/media/pjs/6A43-DC8A/smollm2-zybo/hw/vivado_project/GPTalk.gen/sources_1/bd/design_1/ip/design_1_s2mm_axis_fifo_0/design_1_s2mm_axis_fifo_0/design_1_s2mm_axis_fifo_0_in_context.xdc] for cell 'design_1_i/s2mm_axis_fifo'
Finished Parsing XDC File [/run/media/pjs/6A43-DC8A/smollm2-zybo/hw/vivado_project/GPTalk.gen/sources_1/bd/design_1/ip/design_1_s2mm_axis_fifo_0/design_1_s2mm_axis_fifo_0/design_1_s2mm_axis_fifo_0_in_context.xdc] for cell 'design_1_i/s2mm_axis_fifo'
Parsing XDC File [/run/media/pjs/6A43-DC8A/smollm2-zybo/hw/vivado_project/GPTalk.gen/sources_1/bd/design_1/ip/design_1_axi_input_bram_ctrl_0/design_1_axi_input_bram_ctrl_0/design_1_axi_input_bram_ctrl_0_in_context.xdc] for cell 'design_1_i/axi_input_bram_ctrl'
Finished Parsing XDC File [/run/media/pjs/6A43-DC8A/smollm2-zybo/hw/vivado_project/GPTalk.gen/sources_1/bd/design_1/ip/design_1_axi_input_bram_ctrl_0/design_1_axi_input_bram_ctrl_0/design_1_axi_input_bram_ctrl_0_in_context.xdc] for cell 'design_1_i/axi_input_bram_ctrl'
Parsing XDC File [/run/media/pjs/6A43-DC8A/smollm2-zybo/hw/vivado_project/GPTalk.gen/sources_1/bd/design_1/ip/design_1_input_vector_bram_0/design_1_input_vector_bram_0/design_1_input_vector_bram_0_in_context.xdc] for cell 'design_1_i/input_vector_bram'
Finished Parsing XDC File [/run/media/pjs/6A43-DC8A/smollm2-zybo/hw/vivado_project/GPTalk.gen/sources_1/bd/design_1/ip/design_1_input_vector_bram_0/design_1_input_vector_bram_0/design_1_input_vector_bram_0_in_context.xdc] for cell 'design_1_i/input_vector_bram'
Parsing XDC File [/run/media/pjs/6A43-DC8A/smollm2-zybo/hw/vivado_project/GPTalk.gen/sources_1/bd/design_1/ip/design_1_gemv_q8_0_dma_top_0_0/design_1_gemv_q8_0_dma_top_0_0/design_1_gemv_q8_0_dma_top_0_0_in_context.xdc] for cell 'design_1_i/gemv_q8_0_dma_top_0'
Finished Parsing XDC File [/run/media/pjs/6A43-DC8A/smollm2-zybo/hw/vivado_project/GPTalk.gen/sources_1/bd/design_1/ip/design_1_gemv_q8_0_dma_top_0_0/design_1_gemv_q8_0_dma_top_0_0/design_1_gemv_q8_0_dma_top_0_0_in_context.xdc] for cell 'design_1_i/gemv_q8_0_dma_top_0'
Parsing XDC File [/run/media/pjs/6A43-DC8A/smollm2-zybo/hw/vivado_project/GPTalk.srcs/constrs_1/imports/Downloads/Zybo-Z7-Master.xdc]
Finished Parsing XDC File [/run/media/pjs/6A43-DC8A/smollm2-zybo/hw/vivado_project/GPTalk.srcs/constrs_1/imports/Downloads/Zybo-Z7-Master.xdc]
Parsing XDC File [/run/media/pjs/6A43-DC8A/smollm2-zybo/hw/vivado_project/GPTalk.srcs/constrs_1/new/GPTalk_hdmi_tx.xdc]
Finished Parsing XDC File [/run/media/pjs/6A43-DC8A/smollm2-zybo/hw/vivado_project/GPTalk.srcs/constrs_1/new/GPTalk_hdmi_tx.xdc]
INFO: [Project 1-236] Implementation specific constraints were found while reading constraint file [/run/media/pjs/6A43-DC8A/smollm2-zybo/hw/vivado_project/GPTalk.srcs/constrs_1/new/GPTalk_hdmi_tx.xdc]. These constraints will be ignored for synthesis but will be used in implementation. Impacted constraints are listed in the file [.Xil/design_1_wrapper_propImpl.xdc].
Resolution: To avoid this warning, move constraints listed in [.Xil/design_1_wrapper_propImpl.xdc] to another XDC file and exclude this new file from synthesis with the used_in_synthesis property (File Properties dialog in GUI) and re-run elaboration/synthesis.
Parsing XDC File [/run/media/pjs/6A43-DC8A/smollm2-zybo/hw/vivado_project/GPTalk.runs/synth_1/dont_touch.xdc]
Finished Parsing XDC File [/run/media/pjs/6A43-DC8A/smollm2-zybo/hw/vivado_project/GPTalk.runs/synth_1/dont_touch.xdc]
Completed Processing XDC Constraints

Netlist sorting complete. Time (s): cpu = 00:00:00 ; elapsed = 00:00:00 . Memory (MB): peak = 2218.352 ; gain = 0.000 ; free physical = 43584 ; free virtual = 63661
INFO: [Project 1-111] Unisim Transformation Summary:
  A total of 2 instances were transformed.
  IOBUF => IOBUF (IBUF, OBUFT): 2 instances

Constraint Validation Runtime : Time (s): cpu = 00:00:00 ; elapsed = 00:00:00 . Memory (MB): peak = 2218.352 ; gain = 0.000 ; free physical = 43584 ; free virtual = 63661
INFO: [Designutils 20-5440] No compile time benefit to using incremental synthesis; A full resynthesis will be run
INFO: [Designutils 20-4379] Flow is switching to default flow due to incremental criteria not met. If you would like to alter this behaviour and have the flow terminate instead, please set the following parameter config_implementation {autoIncr.Synth.RejectBehavior Terminate}
---------------------------------------------------------------------------------
Finished Constraint Validation : Time (s): cpu = 00:00:06 ; elapsed = 00:00:06 . Memory (MB): peak = 2218.352 ; gain = 534.262 ; free physical = 43580 ; free virtual = 63657
---------------------------------------------------------------------------------
---------------------------------------------------------------------------------
Start Loading Part and Timing Information
---------------------------------------------------------------------------------
Loading part: xc7z020clg400-1
---------------------------------------------------------------------------------
Finished Loading Part and Timing Information : Time (s): cpu = 00:00:06 ; elapsed = 00:00:06 . Memory (MB): peak = 2226.355 ; gain = 542.266 ; free physical = 43580 ; free virtual = 63657
---------------------------------------------------------------------------------
---------------------------------------------------------------------------------
Start Applying 'set_property' XDC Constraints
---------------------------------------------------------------------------------
Applied set_property IO_BUFFER_TYPE = NONE for DDR_addr[0]. (constraint file  /run/media/pjs/6A43-DC8A/smollm2-zybo/hw/vivado_project/GPTalk.gen/sources_1/bd/design_1/ip/design_1_processing_system7_0_0/design_1_processing_system7_0_0/design_1_processing_system7_0_0_in_context.xdc, line 4).
Applied set_property CLOCK_BUFFER_TYPE = NONE for DDR_addr[0]. (constraint file  /run/media/pjs/6A43-DC8A/smollm2-zybo/hw/vivado_project/GPTalk.gen/sources_1/bd/design_1/ip/design_1_processing_system7_0_0/design_1_processing_system7_0_0/design_1_processing_system7_0_0_in_context.xdc, line 5).
Applied set_property IO_BUFFER_TYPE = NONE for DDR_addr[10]. (constraint file  /run/media/pjs/6A43-DC8A/smollm2-zybo/hw/vivado_project/GPTalk.gen/sources_1/bd/design_1/ip/design_1_processing_system7_0_0/design_1_processing_system7_0_0/design_1_processing_system7_0_0_in_context.xdc, line 6).
Applied set_property CLOCK_BUFFER_TYPE = NONE for DDR_addr[10]. (constraint file  /run/media/pjs/6A43-DC8A/smollm2-zybo/hw/vivado_project/GPTalk.gen/sources_1/bd/design_1/ip/design_1_processing_system7_0_0/design_1_processing_system7_0_0/design_1_processing_system7_0_0_in_context.xdc, line 7).
Applied set_property IO_BUFFER_TYPE = NONE for DDR_addr[11]. (constraint file  /run/media/pjs/6A43-DC8A/smollm2-zybo/hw/vivado_project/GPTalk.gen/sources_1/bd/design_1/ip/design_1_processing_system7_0_0/design_1_processing_system7_0_0/design_1_processing_system7_0_0_in_context.xdc, line 8).
Applied set_property CLOCK_BUFFER_TYPE = NONE for DDR_addr[11]. (constraint file  /run/media/pjs/6A43-DC8A/smollm2-zybo/hw/vivado_project/GPTalk.gen/sources_1/bd/design_1/ip/design_1_processing_system7_0_0/design_1_processing_system7_0_0/design_1_processing_system7_0_0_in_context.xdc, line 9).
Applied set_property IO_BUFFER_TYPE = NONE for DDR_addr[12]. (constraint file  /run/media/pjs/6A43-DC8A/smollm2-zybo/hw/vivado_project/GPTalk.gen/sources_1/bd/design_1/ip/design_1_processing_system7_0_0/design_1_processing_system7_0_0/design_1_processing_system7_0_0_in_context.xdc, line 10).
Applied set_property CLOCK_BUFFER_TYPE = NONE for DDR_addr[12]. (constraint file  /run/media/pjs/6A43-DC8A/smollm2-zybo/hw/vivado_project/GPTalk.gen/sources_1/bd/design_1/ip/design_1_processing_system7_0_0/design_1_processing_system7_0_0/design_1_processing_system7_0_0_in_context.xdc, line 11).
Applied set_property IO_BUFFER_TYPE = NONE for DDR_addr[13]. (constraint file  /run/media/pjs/6A43-DC8A/smollm2-zybo/hw/vivado_project/GPTalk.gen/sources_1/bd/design_1/ip/design_1_processing_system7_0_0/design_1_processing_system7_0_0/design_1_processing_system7_0_0_in_context.xdc, line 12).
Applied set_property CLOCK_BUFFER_TYPE = NONE for DDR_addr[13]. (constraint file  /run/media/pjs/6A43-DC8A/smollm2-zybo/hw/vivado_project/GPTalk.gen/sources_1/bd/design_1/ip/design_1_processing_system7_0_0/design_1_processing_system7_0_0/design_1_processing_system7_0_0_in_context.xdc, line 13).
Applied set_property IO_BUFFER_TYPE = NONE for DDR_addr[14]. (constraint file  /run/media/pjs/6A43-DC8A/smollm2-zybo/hw/vivado_project/GPTalk.gen/sources_1/bd/design_1/ip/design_1_processing_system7_0_0/design_1_processing_system7_0_0/design_1_processing_system7_0_0_in_context.xdc, line 14).
Applied set_property CLOCK_BUFFER_TYPE = NONE for DDR_addr[14]. (constraint file  /run/media/pjs/6A43-DC8A/smollm2-zybo/hw/vivado_project/GPTalk.gen/sources_1/bd/design_1/ip/design_1_processing_system7_0_0/design_1_processing_system7_0_0/design_1_processing_system7_0_0_in_context.xdc, line 15).
Applied set_property IO_BUFFER_TYPE = NONE for DDR_addr[1]. (constraint file  /run/media/pjs/6A43-DC8A/smollm2-zybo/hw/vivado_project/GPTalk.gen/sources_1/bd/design_1/ip/design_1_processing_system7_0_0/design_1_processing_system7_0_0/design_1_processing_system7_0_0_in_context.xdc, line 16).
Applied set_property CLOCK_BUFFER_TYPE = NONE for DDR_addr[1]. (constraint file  /run/media/pjs/6A43-DC8A/smollm2-zybo/hw/vivado_project/GPTalk.gen/sources_1/bd/design_1/ip/design_1_processing_system7_0_0/design_1_processing_system7_0_0/design_1_processing_system7_0_0_in_context.xdc, line 17).
Applied set_property IO_BUFFER_TYPE = NONE for DDR_addr[2]. (constraint file  /run/media/pjs/6A43-DC8A/smollm2-zybo/hw/vivado_project/GPTalk.gen/sources_1/bd/design_1/ip/design_1_processing_system7_0_0/design_1_processing_system7_0_0/design_1_processing_system7_0_0_in_context.xdc, line 18).
Applied set_property CLOCK_BUFFER_TYPE = NONE for DDR_addr[2]. (constraint file  /run/media/pjs/6A43-DC8A/smollm2-zybo/hw/vivado_project/GPTalk.gen/sources_1/bd/design_1/ip/design_1_processing_system7_0_0/design_1_processing_system7_0_0/design_1_processing_system7_0_0_in_context.xdc, line 19).
Applied set_property IO_BUFFER_TYPE = NONE for DDR_addr[3]. (constraint file  /run/media/pjs/6A43-DC8A/smollm2-zybo/hw/vivado_project/GPTalk.gen/sources_1/bd/design_1/ip/design_1_processing_system7_0_0/design_1_processing_system7_0_0/design_1_processing_system7_0_0_in_context.xdc, line 20).
Applied set_property CLOCK_BUFFER_TYPE = NONE for DDR_addr[3]. (constraint file  /run/media/pjs/6A43-DC8A/smollm2-zybo/hw/vivado_project/GPTalk.gen/sources_1/bd/design_1/ip/design_1_processing_system7_0_0/design_1_processing_system7_0_0/design_1_processing_system7_0_0_in_context.xdc, line 21).
Applied set_property IO_BUFFER_TYPE = NONE for DDR_addr[4]. (constraint file  /run/media/pjs/6A43-DC8A/smollm2-zybo/hw/vivado_project/GPTalk.gen/sources_1/bd/design_1/ip/design_1_processing_system7_0_0/design_1_processing_system7_0_0/design_1_processing_system7_0_0_in_context.xdc, line 22).
Applied set_property CLOCK_BUFFER_TYPE = NONE for DDR_addr[4]. (constraint file  /run/media/pjs/6A43-DC8A/smollm2-zybo/hw/vivado_project/GPTalk.gen/sources_1/bd/design_1/ip/design_1_processing_system7_0_0/design_1_processing_system7_0_0/design_1_processing_system7_0_0_in_context.xdc, line 23).
Applied set_property IO_BUFFER_TYPE = NONE for DDR_addr[5]. (constraint file  /run/media/pjs/6A43-DC8A/smollm2-zybo/hw/vivado_project/GPTalk.gen/sources_1/bd/design_1/ip/design_1_processing_system7_0_0/design_1_processing_system7_0_0/design_1_processing_system7_0_0_in_context.xdc, line 24).
Applied set_property CLOCK_BUFFER_TYPE = NONE for DDR_addr[5]. (constraint file  /run/media/pjs/6A43-DC8A/smollm2-zybo/hw/vivado_project/GPTalk.gen/sources_1/bd/design_1/ip/design_1_processing_system7_0_0/design_1_processing_system7_0_0/design_1_processing_system7_0_0_in_context.xdc, line 25).
Applied set_property IO_BUFFER_TYPE = NONE for DDR_addr[6]. (constraint file  /run/media/pjs/6A43-DC8A/smollm2-zybo/hw/vivado_project/GPTalk.gen/sources_1/bd/design_1/ip/design_1_processing_system7_0_0/design_1_processing_system7_0_0/design_1_processing_system7_0_0_in_context.xdc, line 26).
Applied set_property CLOCK_BUFFER_TYPE = NONE for DDR_addr[6]. (constraint file  /run/media/pjs/6A43-DC8A/smollm2-zybo/hw/vivado_project/GPTalk.gen/sources_1/bd/design_1/ip/design_1_processing_system7_0_0/design_1_processing_system7_0_0/design_1_processing_system7_0_0_in_context.xdc, line 27).
Applied set_property IO_BUFFER_TYPE = NONE for DDR_addr[7]. (constraint file  /run/media/pjs/6A43-DC8A/smollm2-zybo/hw/vivado_project/GPTalk.gen/sources_1/bd/design_1/ip/design_1_processing_system7_0_0/design_1_processing_system7_0_0/design_1_processing_system7_0_0_in_context.xdc, line 28).
Applied set_property CLOCK_BUFFER_TYPE = NONE for DDR_addr[7]. (constraint file  /run/media/pjs/6A43-DC8A/smollm2-zybo/hw/vivado_project/GPTalk.gen/sources_1/bd/design_1/ip/design_1_processing_system7_0_0/design_1_processing_system7_0_0/design_1_processing_system7_0_0_in_context.xdc, line 29).
Applied set_property IO_BUFFER_TYPE = NONE for DDR_addr[8]. (constraint file  /run/media/pjs/6A43-DC8A/smollm2-zybo/hw/vivado_project/GPTalk.gen/sources_1/bd/design_1/ip/design_1_processing_system7_0_0/design_1_processing_system7_0_0/design_1_processing_system7_0_0_in_context.xdc, line 30).
Applied set_property CLOCK_BUFFER_TYPE = NONE for DDR_addr[8]. (constraint file  /run/media/pjs/6A43-DC8A/smollm2-zybo/hw/vivado_project/GPTalk.gen/sources_1/bd/design_1/ip/design_1_processing_system7_0_0/design_1_processing_system7_0_0/design_1_processing_system7_0_0_in_context.xdc, line 31).
Applied set_property IO_BUFFER_TYPE = NONE for DDR_addr[9]. (constraint file  /run/media/pjs/6A43-DC8A/smollm2-zybo/hw/vivado_project/GPTalk.gen/sources_1/bd/design_1/ip/design_1_processing_system7_0_0/design_1_processing_system7_0_0/design_1_processing_system7_0_0_in_context.xdc, line 32).
Applied set_property CLOCK_BUFFER_TYPE = NONE for DDR_addr[9]. (constraint file  /run/media/pjs/6A43-DC8A/smollm2-zybo/hw/vivado_project/GPTalk.gen/sources_1/bd/design_1/ip/design_1_processing_system7_0_0/design_1_processing_system7_0_0/design_1_processing_system7_0_0_in_context.xdc, line 33).
Applied set_property IO_BUFFER_TYPE = NONE for DDR_ba[0]. (constraint file  /run/media/pjs/6A43-DC8A/smollm2-zybo/hw/vivado_project/GPTalk.gen/sources_1/bd/design_1/ip/design_1_processing_system7_0_0/design_1_processing_system7_0_0/design_1_processing_system7_0_0_in_context.xdc, line 34).
Applied set_property CLOCK_BUFFER_TYPE = NONE for DDR_ba[0]. (constraint file  /run/media/pjs/6A43-DC8A/smollm2-zybo/hw/vivado_project/GPTalk.gen/sources_1/bd/design_1/ip/design_1_processing_system7_0_0/design_1_processing_system7_0_0/design_1_processing_system7_0_0_in_context.xdc, line 35).
Applied set_property IO_BUFFER_TYPE = NONE for DDR_ba[1]. (constraint file  /run/media/pjs/6A43-DC8A/smollm2-zybo/hw/vivado_project/GPTalk.gen/sources_1/bd/design_1/ip/design_1_processing_system7_0_0/design_1_processing_system7_0_0/design_1_processing_system7_0_0_in_context.xdc, line 36).
Applied set_property CLOCK_BUFFER_TYPE = NONE for DDR_ba[1]. (constraint file  /run/media/pjs/6A43-DC8A/smollm2-zybo/hw/vivado_project/GPTalk.gen/sources_1/bd/design_1/ip/design_1_processing_system7_0_0/design_1_processing_system7_0_0/design_1_processing_system7_0_0_in_context.xdc, line 37).
Applied set_property IO_BUFFER_TYPE = NONE for DDR_ba[2]. (constraint file  /run/media/pjs/6A43-DC8A/smollm2-zybo/hw/vivado_project/GPTalk.gen/sources_1/bd/design_1/ip/design_1_processing_system7_0_0/design_1_processing_system7_0_0/design_1_processing_system7_0_0_in_context.xdc, line 38).
Applied set_property CLOCK_BUFFER_TYPE = NONE for DDR_ba[2]. (constraint file  /run/media/pjs/6A43-DC8A/smollm2-zybo/hw/vivado_project/GPTalk.gen/sources_1/bd/design_1/ip/design_1_processing_system7_0_0/design_1_processing_system7_0_0/design_1_processing_system7_0_0_in_context.xdc, line 39).
Applied set_property IO_BUFFER_TYPE = NONE for DDR_cas_n. (constraint file  /run/media/pjs/6A43-DC8A/smollm2-zybo/hw/vivado_project/GPTalk.gen/sources_1/bd/design_1/ip/design_1_processing_system7_0_0/design_1_processing_system7_0_0/design_1_processing_system7_0_0_in_context.xdc, line 40).
Applied set_property CLOCK_BUFFER_TYPE = NONE for DDR_cas_n. (constraint file  /run/media/pjs/6A43-DC8A/smollm2-zybo/hw/vivado_project/GPTalk.gen/sources_1/bd/design_1/ip/design_1_processing_system7_0_0/design_1_processing_system7_0_0/design_1_processing_system7_0_0_in_context.xdc, line 41).
Applied set_property IO_BUFFER_TYPE = NONE for DDR_cke. (constraint file  /run/media/pjs/6A43-DC8A/smollm2-zybo/hw/vivado_project/GPTalk.gen/sources_1/bd/design_1/ip/design_1_processing_system7_0_0/design_1_processing_system7_0_0/design_1_processing_system7_0_0_in_context.xdc, line 42).
Applied set_property CLOCK_BUFFER_TYPE = NONE for DDR_cke. (constraint file  /run/media/pjs/6A43-DC8A/smollm2-zybo/hw/vivado_project/GPTalk.gen/sources_1/bd/design_1/ip/design_1_processing_system7_0_0/design_1_processing_system7_0_0/design_1_processing_system7_0_0_in_context.xdc, line 43).
Applied set_property IO_BUFFER_TYPE = NONE for DDR_cs_n. (constraint file  /run/media/pjs/6A43-DC8A/smollm2-zybo/hw/vivado_project/GPTalk.gen/sources_1/bd/design_1/ip/design_1_processing_system7_0_0/design_1_processing_system7_0_0/design_1_processing_system7_0_0_in_context.xdc, line 44).
Applied set_property CLOCK_BUFFER_TYPE = NONE for DDR_cs_n. (constraint file  /run/media/pjs/6A43-DC8A/smollm2-zybo/hw/vivado_project/GPTalk.gen/sources_1/bd/design_1/ip/design_1_processing_system7_0_0/design_1_processing_system7_0_0/design_1_processing_system7_0_0_in_context.xdc, line 45).
Applied set_property IO_BUFFER_TYPE = NONE for DDR_ck_p. (constraint file  /run/media/pjs/6A43-DC8A/smollm2-zybo/hw/vivado_project/GPTalk.gen/sources_1/bd/design_1/ip/design_1_processing_system7_0_0/design_1_processing_system7_0_0/design_1_processing_system7_0_0_in_context.xdc, line 46).
Applied set_property CLOCK_BUFFER_TYPE = NONE for DDR_ck_p. (constraint file  /run/media/pjs/6A43-DC8A/smollm2-zybo/hw/vivado_project/GPTalk.gen/sources_1/bd/design_1/ip/design_1_processing_system7_0_0/design_1_processing_system7_0_0/design_1_processing_system7_0_0_in_context.xdc, line 47).
Applied set_property IO_BUFFER_TYPE = NONE for DDR_ck_n. (constraint file  /run/media/pjs/6A43-DC8A/smollm2-zybo/hw/vivado_project/GPTalk.gen/sources_1/bd/design_1/ip/design_1_processing_system7_0_0/design_1_processing_system7_0_0/design_1_processing_system7_0_0_in_context.xdc, line 48).
Applied set_property CLOCK_BUFFER_TYPE = NONE for DDR_ck_n. (constraint file  /run/media/pjs/6A43-DC8A/smollm2-zybo/hw/vivado_project/GPTalk.gen/sources_1/bd/design_1/ip/design_1_processing_system7_0_0/design_1_processing_system7_0_0/design_1_processing_system7_0_0_in_context.xdc, line 49).
Applied set_property IO_BUFFER_TYPE = NONE for DDR_dm[0]. (constraint file  /run/media/pjs/6A43-DC8A/smollm2-zybo/hw/vivado_project/GPTalk.gen/sources_1/bd/design_1/ip/design_1_processing_system7_0_0/design_1_processing_system7_0_0/design_1_processing_system7_0_0_in_context.xdc, line 50).
Applied set_property CLOCK_BUFFER_TYPE = NONE for DDR_dm[0]. (constraint file  /run/media/pjs/6A43-DC8A/smollm2-zybo/hw/vivado_project/GPTalk.gen/sources_1/bd/design_1/ip/design_1_processing_system7_0_0/design_1_processing_system7_0_0/design_1_processing_system7_0_0_in_context.xdc, line 51).
Applied set_property IO_BUFFER_TYPE = NONE for DDR_dm[1]. (constraint file  /run/media/pjs/6A43-DC8A/smollm2-zybo/hw/vivado_project/GPTalk.gen/sources_1/bd/design_1/ip/design_1_processing_system7_0_0/design_1_processing_system7_0_0/design_1_processing_system7_0_0_in_context.xdc, line 52).
Applied set_property CLOCK_BUFFER_TYPE = NONE for DDR_dm[1]. (constraint file  /run/media/pjs/6A43-DC8A/smollm2-zybo/hw/vivado_project/GPTalk.gen/sources_1/bd/design_1/ip/design_1_processing_system7_0_0/design_1_processing_system7_0_0/design_1_processing_system7_0_0_in_context.xdc, line 53).
Applied set_property IO_BUFFER_TYPE = NONE for DDR_dm[2]. (constraint file  /run/media/pjs/6A43-DC8A/smollm2-zybo/hw/vivado_project/GPTalk.gen/sources_1/bd/design_1/ip/design_1_processing_system7_0_0/design_1_processing_system7_0_0/design_1_processing_system7_0_0_in_context.xdc, line 54).
Applied set_property CLOCK_BUFFER_TYPE = NONE for DDR_dm[2]. (constraint file  /run/media/pjs/6A43-DC8A/smollm2-zybo/hw/vivado_project/GPTalk.gen/sources_1/bd/design_1/ip/design_1_processing_system7_0_0/design_1_processing_system7_0_0/design_1_processing_system7_0_0_in_context.xdc, line 55).
Applied set_property IO_BUFFER_TYPE = NONE for DDR_dm[3]. (constraint file  /run/media/pjs/6A43-DC8A/smollm2-zybo/hw/vivado_project/GPTalk.gen/sources_1/bd/design_1/ip/design_1_processing_system7_0_0/design_1_processing_system7_0_0/design_1_processing_system7_0_0_in_context.xdc, line 56).
Applied set_property CLOCK_BUFFER_TYPE = NONE for DDR_dm[3]. (constraint file  /run/media/pjs/6A43-DC8A/smollm2-zybo/hw/vivado_project/GPTalk.gen/sources_1/bd/design_1/ip/design_1_processing_system7_0_0/design_1_processing_system7_0_0/design_1_processing_system7_0_0_in_context.xdc, line 57).
Applied set_property IO_BUFFER_TYPE = NONE for DDR_dqs_p[0]. (constraint file  /run/media/pjs/6A43-DC8A/smollm2-zybo/hw/vivado_project/GPTalk.gen/sources_1/bd/design_1/ip/design_1_processing_system7_0_0/design_1_processing_system7_0_0/design_1_processing_system7_0_0_in_context.xdc, line 58).
Applied set_property CLOCK_BUFFER_TYPE = NONE for DDR_dqs_p[0]. (constraint file  /run/media/pjs/6A43-DC8A/smollm2-zybo/hw/vivado_project/GPTalk.gen/sources_1/bd/design_1/ip/design_1_processing_system7_0_0/design_1_processing_system7_0_0/design_1_processing_system7_0_0_in_context.xdc, line 59).
Applied set_property IO_BUFFER_TYPE = NONE for DDR_dqs_p[1]. (constraint file  /run/media/pjs/6A43-DC8A/smollm2-zybo/hw/vivado_project/GPTalk.gen/sources_1/bd/design_1/ip/design_1_processing_system7_0_0/design_1_processing_system7_0_0/design_1_processing_system7_0_0_in_context.xdc, line 60).
Applied set_property CLOCK_BUFFER_TYPE = NONE for DDR_dqs_p[1]. (constraint file  /run/media/pjs/6A43-DC8A/smollm2-zybo/hw/vivado_project/GPTalk.gen/sources_1/bd/design_1/ip/design_1_processing_system7_0_0/design_1_processing_system7_0_0/design_1_processing_system7_0_0_in_context.xdc, line 61).
Applied set_property IO_BUFFER_TYPE = NONE for DDR_dqs_p[2]. (constraint file  /run/media/pjs/6A43-DC8A/smollm2-zybo/hw/vivado_project/GPTalk.gen/sources_1/bd/design_1/ip/design_1_processing_system7_0_0/design_1_processing_system7_0_0/design_1_processing_system7_0_0_in_context.xdc, line 62).
Applied set_property CLOCK_BUFFER_TYPE = NONE for DDR_dqs_p[2]. (constraint file  /run/media/pjs/6A43-DC8A/smollm2-zybo/hw/vivado_project/GPTalk.gen/sources_1/bd/design_1/ip/design_1_processing_system7_0_0/design_1_processing_system7_0_0/design_1_processing_system7_0_0_in_context.xdc, line 63).
Applied set_property IO_BUFFER_TYPE = NONE for DDR_dqs_p[3]. (constraint file  /run/media/pjs/6A43-DC8A/smollm2-zybo/hw/vivado_project/GPTalk.gen/sources_1/bd/design_1/ip/design_1_processing_system7_0_0/design_1_processing_system7_0_0/design_1_processing_system7_0_0_in_context.xdc, line 64).
Applied set_property CLOCK_BUFFER_TYPE = NONE for DDR_dqs_p[3]. (constraint file  /run/media/pjs/6A43-DC8A/smollm2-zybo/hw/vivado_project/GPTalk.gen/sources_1/bd/design_1/ip/design_1_processing_system7_0_0/design_1_processing_system7_0_0/design_1_processing_system7_0_0_in_context.xdc, line 65).
Applied set_property IO_BUFFER_TYPE = NONE for DDR_dqs_n[0]. (constraint file  /run/media/pjs/6A43-DC8A/smollm2-zybo/hw/vivado_project/GPTalk.gen/sources_1/bd/design_1/ip/design_1_processing_system7_0_0/design_1_processing_system7_0_0/design_1_processing_system7_0_0_in_context.xdc, line 66).
Applied set_property CLOCK_BUFFER_TYPE = NONE for DDR_dqs_n[0]. (constraint file  /run/media/pjs/6A43-DC8A/smollm2-zybo/hw/vivado_project/GPTalk.gen/sources_1/bd/design_1/ip/design_1_processing_system7_0_0/design_1_processing_system7_0_0/design_1_processing_system7_0_0_in_context.xdc, line 67).
Applied set_property IO_BUFFER_TYPE = NONE for DDR_dqs_n[1]. (constraint file  /run/media/pjs/6A43-DC8A/smollm2-zybo/hw/vivado_project/GPTalk.gen/sources_1/bd/design_1/ip/design_1_processing_system7_0_0/design_1_processing_system7_0_0/design_1_processing_system7_0_0_in_context.xdc, line 68).
Applied set_property CLOCK_BUFFER_TYPE = NONE for DDR_dqs_n[1]. (constraint file  /run/media/pjs/6A43-DC8A/smollm2-zybo/hw/vivado_project/GPTalk.gen/sources_1/bd/design_1/ip/design_1_processing_system7_0_0/design_1_processing_system7_0_0/design_1_processing_system7_0_0_in_context.xdc, line 69).
Applied set_property IO_BUFFER_TYPE = NONE for DDR_dqs_n[2]. (constraint file  /run/media/pjs/6A43-DC8A/smollm2-zybo/hw/vivado_project/GPTalk.gen/sources_1/bd/design_1/ip/design_1_processing_system7_0_0/design_1_processing_system7_0_0/design_1_processing_system7_0_0_in_context.xdc, line 70).
Applied set_property CLOCK_BUFFER_TYPE = NONE for DDR_dqs_n[2]. (constraint file  /run/media/pjs/6A43-DC8A/smollm2-zybo/hw/vivado_project/GPTalk.gen/sources_1/bd/design_1/ip/design_1_processing_system7_0_0/design_1_processing_system7_0_0/design_1_processing_system7_0_0_in_context.xdc, line 71).
Applied set_property IO_BUFFER_TYPE = NONE for DDR_dqs_n[3]. (constraint file  /run/media/pjs/6A43-DC8A/smollm2-zybo/hw/vivado_project/GPTalk.gen/sources_1/bd/design_1/ip/design_1_processing_system7_0_0/design_1_processing_system7_0_0/design_1_processing_system7_0_0_in_context.xdc, line 72).
Applied set_property CLOCK_BUFFER_TYPE = NONE for DDR_dqs_n[3]. (constraint file  /run/media/pjs/6A43-DC8A/smollm2-zybo/hw/vivado_project/GPTalk.gen/sources_1/bd/design_1/ip/design_1_processing_system7_0_0/design_1_processing_system7_0_0/design_1_processing_system7_0_0_in_context.xdc, line 73).
Applied set_property IO_BUFFER_TYPE = NONE for DDR_dq[0]. (constraint file  /run/media/pjs/6A43-DC8A/smollm2-zybo/hw/vivado_project/GPTalk.gen/sources_1/bd/design_1/ip/design_1_processing_system7_0_0/design_1_processing_system7_0_0/design_1_processing_system7_0_0_in_context.xdc, line 74).
Applied set_property CLOCK_BUFFER_TYPE = NONE for DDR_dq[0]. (constraint file  /run/media/pjs/6A43-DC8A/smollm2-zybo/hw/vivado_project/GPTalk.gen/sources_1/bd/design_1/ip/design_1_processing_system7_0_0/design_1_processing_system7_0_0/design_1_processing_system7_0_0_in_context.xdc, line 75).
Applied set_property IO_BUFFER_TYPE = NONE for DDR_dq[10]. (constraint file  /run/media/pjs/6A43-DC8A/smollm2-zybo/hw/vivado_project/GPTalk.gen/sources_1/bd/design_1/ip/design_1_processing_system7_0_0/design_1_processing_system7_0_0/design_1_processing_system7_0_0_in_context.xdc, line 76).
Applied set_property CLOCK_BUFFER_TYPE = NONE for DDR_dq[10]. (constraint file  /run/media/pjs/6A43-DC8A/smollm2-zybo/hw/vivado_project/GPTalk.gen/sources_1/bd/design_1/ip/design_1_processing_system7_0_0/design_1_processing_system7_0_0/design_1_processing_system7_0_0_in_context.xdc, line 77).
Applied set_property IO_BUFFER_TYPE = NONE for DDR_dq[11]. (constraint file  /run/media/pjs/6A43-DC8A/smollm2-zybo/hw/vivado_project/GPTalk.gen/sources_1/bd/design_1/ip/design_1_processing_system7_0_0/design_1_processing_system7_0_0/design_1_processing_system7_0_0_in_context.xdc, line 78).
Applied set_property CLOCK_BUFFER_TYPE = NONE for DDR_dq[11]. (constraint file  /run/media/pjs/6A43-DC8A/smollm2-zybo/hw/vivado_project/GPTalk.gen/sources_1/bd/design_1/ip/design_1_processing_system7_0_0/design_1_processing_system7_0_0/design_1_processing_system7_0_0_in_context.xdc, line 79).
Applied set_property IO_BUFFER_TYPE = NONE for DDR_dq[12]. (constraint file  /run/media/pjs/6A43-DC8A/smollm2-zybo/hw/vivado_project/GPTalk.gen/sources_1/bd/design_1/ip/design_1_processing_system7_0_0/design_1_processing_system7_0_0/design_1_processing_system7_0_0_in_context.xdc, line 80).
Applied set_property CLOCK_BUFFER_TYPE = NONE for DDR_dq[12]. (constraint file  /run/media/pjs/6A43-DC8A/smollm2-zybo/hw/vivado_project/GPTalk.gen/sources_1/bd/design_1/ip/design_1_processing_system7_0_0/design_1_processing_system7_0_0/design_1_processing_system7_0_0_in_context.xdc, line 81).
Applied set_property IO_BUFFER_TYPE = NONE for DDR_dq[13]. (constraint file  /run/media/pjs/6A43-DC8A/smollm2-zybo/hw/vivado_project/GPTalk.gen/sources_1/bd/design_1/ip/design_1_processing_system7_0_0/design_1_processing_system7_0_0/design_1_processing_system7_0_0_in_context.xdc, line 82).
Applied set_property CLOCK_BUFFER_TYPE = NONE for DDR_dq[13]. (constraint file  /run/media/pjs/6A43-DC8A/smollm2-zybo/hw/vivado_project/GPTalk.gen/sources_1/bd/design_1/ip/design_1_processing_system7_0_0/design_1_processing_system7_0_0/design_1_processing_system7_0_0_in_context.xdc, line 83).
Applied set_property IO_BUFFER_TYPE = NONE for DDR_dq[14]. (constraint file  /run/media/pjs/6A43-DC8A/smollm2-zybo/hw/vivado_project/GPTalk.gen/sources_1/bd/design_1/ip/design_1_processing_system7_0_0/design_1_processing_system7_0_0/design_1_processing_system7_0_0_in_context.xdc, line 84).
Applied set_property CLOCK_BUFFER_TYPE = NONE for DDR_dq[14]. (constraint file  /run/media/pjs/6A43-DC8A/smollm2-zybo/hw/vivado_project/GPTalk.gen/sources_1/bd/design_1/ip/design_1_processing_system7_0_0/design_1_processing_system7_0_0/design_1_processing_system7_0_0_in_context.xdc, line 85).
Applied set_property IO_BUFFER_TYPE = NONE for DDR_dq[15]. (constraint file  /run/media/pjs/6A43-DC8A/smollm2-zybo/hw/vivado_project/GPTalk.gen/sources_1/bd/design_1/ip/design_1_processing_system7_0_0/design_1_processing_system7_0_0/design_1_processing_system7_0_0_in_context.xdc, line 86).
Applied set_property CLOCK_BUFFER_TYPE = NONE for DDR_dq[15]. (constraint file  /run/media/pjs/6A43-DC8A/smollm2-zybo/hw/vivado_project/GPTalk.gen/sources_1/bd/design_1/ip/design_1_processing_system7_0_0/design_1_processing_system7_0_0/design_1_processing_system7_0_0_in_context.xdc, line 87).
Applied set_property IO_BUFFER_TYPE = NONE for DDR_dq[16]. (constraint file  /run/media/pjs/6A43-DC8A/smollm2-zybo/hw/vivado_project/GPTalk.gen/sources_1/bd/design_1/ip/design_1_processing_system7_0_0/design_1_processing_system7_0_0/design_1_processing_system7_0_0_in_context.xdc, line 88).
Applied set_property CLOCK_BUFFER_TYPE = NONE for DDR_dq[16]. (constraint file  /run/media/pjs/6A43-DC8A/smollm2-zybo/hw/vivado_project/GPTalk.gen/sources_1/bd/design_1/ip/design_1_processing_system7_0_0/design_1_processing_system7_0_0/design_1_processing_system7_0_0_in_context.xdc, line 89).
Applied set_property IO_BUFFER_TYPE = NONE for DDR_dq[17]. (constraint file  /run/media/pjs/6A43-DC8A/smollm2-zybo/hw/vivado_project/GPTalk.gen/sources_1/bd/design_1/ip/design_1_processing_system7_0_0/design_1_processing_system7_0_0/design_1_processing_system7_0_0_in_context.xdc, line 90).
Applied set_property CLOCK_BUFFER_TYPE = NONE for DDR_dq[17]. (constraint file  /run/media/pjs/6A43-DC8A/smollm2-zybo/hw/vivado_project/GPTalk.gen/sources_1/bd/design_1/ip/design_1_processing_system7_0_0/design_1_processing_system7_0_0/design_1_processing_system7_0_0_in_context.xdc, line 91).
Applied set_property IO_BUFFER_TYPE = NONE for DDR_dq[18]. (constraint file  /run/media/pjs/6A43-DC8A/smollm2-zybo/hw/vivado_project/GPTalk.gen/sources_1/bd/design_1/ip/design_1_processing_system7_0_0/design_1_processing_system7_0_0/design_1_processing_system7_0_0_in_context.xdc, line 92).
Applied set_property CLOCK_BUFFER_TYPE = NONE for DDR_dq[18]. (constraint file  /run/media/pjs/6A43-DC8A/smollm2-zybo/hw/vivado_project/GPTalk.gen/sources_1/bd/design_1/ip/design_1_processing_system7_0_0/design_1_processing_system7_0_0/design_1_processing_system7_0_0_in_context.xdc, line 93).
Applied set_property IO_BUFFER_TYPE = NONE for DDR_dq[19]. (constraint file  /run/media/pjs/6A43-DC8A/smollm2-zybo/hw/vivado_project/GPTalk.gen/sources_1/bd/design_1/ip/design_1_processing_system7_0_0/design_1_processing_system7_0_0/design_1_processing_system7_0_0_in_context.xdc, line 94).
Applied set_property CLOCK_BUFFER_TYPE = NONE for DDR_dq[19]. (constraint file  /run/media/pjs/6A43-DC8A/smollm2-zybo/hw/vivado_project/GPTalk.gen/sources_1/bd/design_1/ip/design_1_processing_system7_0_0/design_1_processing_system7_0_0/design_1_processing_system7_0_0_in_context.xdc, line 95).
Applied set_property IO_BUFFER_TYPE = NONE for DDR_dq[1]. (constraint file  /run/media/pjs/6A43-DC8A/smollm2-zybo/hw/vivado_project/GPTalk.gen/sources_1/bd/design_1/ip/design_1_processing_system7_0_0/design_1_processing_system7_0_0/design_1_processing_system7_0_0_in_context.xdc, line 96).
Applied set_property CLOCK_BUFFER_TYPE = NONE for DDR_dq[1]. (constraint file  /run/media/pjs/6A43-DC8A/smollm2-zybo/hw/vivado_project/GPTalk.gen/sources_1/bd/design_1/ip/design_1_processing_system7_0_0/design_1_processing_system7_0_0/design_1_processing_system7_0_0_in_context.xdc, line 97).
Applied set_property IO_BUFFER_TYPE = NONE for DDR_dq[20]. (constraint file  /run/media/pjs/6A43-DC8A/smollm2-zybo/hw/vivado_project/GPTalk.gen/sources_1/bd/design_1/ip/design_1_processing_system7_0_0/design_1_processing_system7_0_0/design_1_processing_system7_0_0_in_context.xdc, line 98).
Applied set_property CLOCK_BUFFER_TYPE = NONE for DDR_dq[20]. (constraint file  /run/media/pjs/6A43-DC8A/smollm2-zybo/hw/vivado_project/GPTalk.gen/sources_1/bd/design_1/ip/design_1_processing_system7_0_0/design_1_processing_system7_0_0/design_1_processing_system7_0_0_in_context.xdc, line 99).
Applied set_property IO_BUFFER_TYPE = NONE for DDR_dq[21]. (constraint file  /run/media/pjs/6A43-DC8A/smollm2-zybo/hw/vivado_project/GPTalk.gen/sources_1/bd/design_1/ip/design_1_processing_system7_0_0/design_1_processing_system7_0_0/design_1_processing_system7_0_0_in_context.xdc, line 100).
Applied set_property CLOCK_BUFFER_TYPE = NONE for DDR_dq[21]. (constraint file  /run/media/pjs/6A43-DC8A/smollm2-zybo/hw/vivado_project/GPTalk.gen/sources_1/bd/design_1/ip/design_1_processing_system7_0_0/design_1_processing_system7_0_0/design_1_processing_system7_0_0_in_context.xdc, line 101).
Applied set_property IO_BUFFER_TYPE = NONE for DDR_dq[22]. (constraint file  /run/media/pjs/6A43-DC8A/smollm2-zybo/hw/vivado_project/GPTalk.gen/sources_1/bd/design_1/ip/design_1_processing_system7_0_0/design_1_processing_system7_0_0/design_1_processing_system7_0_0_in_context.xdc, line 102).
Applied set_property CLOCK_BUFFER_TYPE = NONE for DDR_dq[22]. (constraint file  /run/media/pjs/6A43-DC8A/smollm2-zybo/hw/vivado_project/GPTalk.gen/sources_1/bd/design_1/ip/design_1_processing_system7_0_0/design_1_processing_system7_0_0/design_1_processing_system7_0_0_in_context.xdc, line 103).
Applied set_property IO_BUFFER_TYPE = NONE for DDR_dq[23]. (constraint file  /run/media/pjs/6A43-DC8A/smollm2-zybo/hw/vivado_project/GPTalk.gen/sources_1/bd/design_1/ip/design_1_processing_system7_0_0/design_1_processing_system7_0_0/design_1_processing_system7_0_0_in_context.xdc, line 104).
Applied set_property CLOCK_BUFFER_TYPE = NONE for DDR_dq[23]. (constraint file  /run/media/pjs/6A43-DC8A/smollm2-zybo/hw/vivado_project/GPTalk.gen/sources_1/bd/design_1/ip/design_1_processing_system7_0_0/design_1_processing_system7_0_0/design_1_processing_system7_0_0_in_context.xdc, line 105).
Applied set_property IO_BUFFER_TYPE = NONE for DDR_dq[24]. (constraint file  /run/media/pjs/6A43-DC8A/smollm2-zybo/hw/vivado_project/GPTalk.gen/sources_1/bd/design_1/ip/design_1_processing_system7_0_0/design_1_processing_system7_0_0/design_1_processing_system7_0_0_in_context.xdc, line 106).
Applied set_property CLOCK_BUFFER_TYPE = NONE for DDR_dq[24]. (constraint file  /run/media/pjs/6A43-DC8A/smollm2-zybo/hw/vivado_project/GPTalk.gen/sources_1/bd/design_1/ip/design_1_processing_system7_0_0/design_1_processing_system7_0_0/design_1_processing_system7_0_0_in_context.xdc, line 107).
Applied set_property IO_BUFFER_TYPE = NONE for DDR_dq[25]. (constraint file  /run/media/pjs/6A43-DC8A/smollm2-zybo/hw/vivado_project/GPTalk.gen/sources_1/bd/design_1/ip/design_1_processing_system7_0_0/design_1_processing_system7_0_0/design_1_processing_system7_0_0_in_context.xdc, line 108).
Applied set_property CLOCK_BUFFER_TYPE = NONE for DDR_dq[25]. (constraint file  /run/media/pjs/6A43-DC8A/smollm2-zybo/hw/vivado_project/GPTalk.gen/sources_1/bd/design_1/ip/design_1_processing_system7_0_0/design_1_processing_system7_0_0/design_1_processing_system7_0_0_in_context.xdc, line 109).
Applied set_property IO_BUFFER_TYPE = NONE for DDR_dq[26]. (constraint file  /run/media/pjs/6A43-DC8A/smollm2-zybo/hw/vivado_project/GPTalk.gen/sources_1/bd/design_1/ip/design_1_processing_system7_0_0/design_1_processing_system7_0_0/design_1_processing_system7_0_0_in_context.xdc, line 110).
Applied set_property CLOCK_BUFFER_TYPE = NONE for DDR_dq[26]. (constraint file  /run/media/pjs/6A43-DC8A/smollm2-zybo/hw/vivado_project/GPTalk.gen/sources_1/bd/design_1/ip/design_1_processing_system7_0_0/design_1_processing_system7_0_0/design_1_processing_system7_0_0_in_context.xdc, line 111).
Applied set_property IO_BUFFER_TYPE = NONE for DDR_dq[27]. (constraint file  /run/media/pjs/6A43-DC8A/smollm2-zybo/hw/vivado_project/GPTalk.gen/sources_1/bd/design_1/ip/design_1_processing_system7_0_0/design_1_processing_system7_0_0/design_1_processing_system7_0_0_in_context.xdc, line 112).
Applied set_property CLOCK_BUFFER_TYPE = NONE for DDR_dq[27]. (constraint file  /run/media/pjs/6A43-DC8A/smollm2-zybo/hw/vivado_project/GPTalk.gen/sources_1/bd/design_1/ip/design_1_processing_system7_0_0/design_1_processing_system7_0_0/design_1_processing_system7_0_0_in_context.xdc, line 113).
Applied set_property IO_BUFFER_TYPE = NONE for DDR_dq[28]. (constraint file  /run/media/pjs/6A43-DC8A/smollm2-zybo/hw/vivado_project/GPTalk.gen/sources_1/bd/design_1/ip/design_1_processing_system7_0_0/design_1_processing_system7_0_0/design_1_processing_system7_0_0_in_context.xdc, line 114).
Applied set_property CLOCK_BUFFER_TYPE = NONE for DDR_dq[28]. (constraint file  /run/media/pjs/6A43-DC8A/smollm2-zybo/hw/vivado_project/GPTalk.gen/sources_1/bd/design_1/ip/design_1_processing_system7_0_0/design_1_processing_system7_0_0/design_1_processing_system7_0_0_in_context.xdc, line 115).
Applied set_property IO_BUFFER_TYPE = NONE for DDR_dq[29]. (constraint file  /run/media/pjs/6A43-DC8A/smollm2-zybo/hw/vivado_project/GPTalk.gen/sources_1/bd/design_1/ip/design_1_processing_system7_0_0/design_1_processing_system7_0_0/design_1_processing_system7_0_0_in_context.xdc, line 116).
Applied set_property CLOCK_BUFFER_TYPE = NONE for DDR_dq[29]. (constraint file  /run/media/pjs/6A43-DC8A/smollm2-zybo/hw/vivado_project/GPTalk.gen/sources_1/bd/design_1/ip/design_1_processing_system7_0_0/design_1_processing_system7_0_0/design_1_processing_system7_0_0_in_context.xdc, line 117).
Applied set_property IO_BUFFER_TYPE = NONE for DDR_dq[2]. (constraint file  /run/media/pjs/6A43-DC8A/smollm2-zybo/hw/vivado_project/GPTalk.gen/sources_1/bd/design_1/ip/design_1_processing_system7_0_0/design_1_processing_system7_0_0/design_1_processing_system7_0_0_in_context.xdc, line 118).
Applied set_property CLOCK_BUFFER_TYPE = NONE for DDR_dq[2]. (constraint file  /run/media/pjs/6A43-DC8A/smollm2-zybo/hw/vivado_project/GPTalk.gen/sources_1/bd/design_1/ip/design_1_processing_system7_0_0/design_1_processing_system7_0_0/design_1_processing_system7_0_0_in_context.xdc, line 119).
Applied set_property IO_BUFFER_TYPE = NONE for DDR_dq[30]. (constraint file  /run/media/pjs/6A43-DC8A/smollm2-zybo/hw/vivado_project/GPTalk.gen/sources_1/bd/design_1/ip/design_1_processing_system7_0_0/design_1_processing_system7_0_0/design_1_processing_system7_0_0_in_context.xdc, line 120).
Applied set_property CLOCK_BUFFER_TYPE = NONE for DDR_dq[30]. (constraint file  /run/media/pjs/6A43-DC8A/smollm2-zybo/hw/vivado_project/GPTalk.gen/sources_1/bd/design_1/ip/design_1_processing_system7_0_0/design_1_processing_system7_0_0/design_1_processing_system7_0_0_in_context.xdc, line 121).
Applied set_property IO_BUFFER_TYPE = NONE for DDR_dq[31]. (constraint file  /run/media/pjs/6A43-DC8A/smollm2-zybo/hw/vivado_project/GPTalk.gen/sources_1/bd/design_1/ip/design_1_processing_system7_0_0/design_1_processing_system7_0_0/design_1_processing_system7_0_0_in_context.xdc, line 122).
Applied set_property CLOCK_BUFFER_TYPE = NONE for DDR_dq[31]. (constraint file  /run/media/pjs/6A43-DC8A/smollm2-zybo/hw/vivado_project/GPTalk.gen/sources_1/bd/design_1/ip/design_1_processing_system7_0_0/design_1_processing_system7_0_0/design_1_processing_system7_0_0_in_context.xdc, line 123).
Applied set_property IO_BUFFER_TYPE = NONE for DDR_dq[3]. (constraint file  /run/media/pjs/6A43-DC8A/smollm2-zybo/hw/vivado_project/GPTalk.gen/sources_1/bd/design_1/ip/design_1_processing_system7_0_0/design_1_processing_system7_0_0/design_1_processing_system7_0_0_in_context.xdc, line 124).
Applied set_property CLOCK_BUFFER_TYPE = NONE for DDR_dq[3]. (constraint file  /run/media/pjs/6A43-DC8A/smollm2-zybo/hw/vivado_project/GPTalk.gen/sources_1/bd/design_1/ip/design_1_processing_system7_0_0/design_1_processing_system7_0_0/design_1_processing_system7_0_0_in_context.xdc, line 125).
Applied set_property IO_BUFFER_TYPE = NONE for DDR_dq[4]. (constraint file  /run/media/pjs/6A43-DC8A/smollm2-zybo/hw/vivado_project/GPTalk.gen/sources_1/bd/design_1/ip/design_1_processing_system7_0_0/design_1_processing_system7_0_0/design_1_processing_system7_0_0_in_context.xdc, line 126).
Applied set_property CLOCK_BUFFER_TYPE = NONE for DDR_dq[4]. (constraint file  /run/media/pjs/6A43-DC8A/smollm2-zybo/hw/vivado_project/GPTalk.gen/sources_1/bd/design_1/ip/design_1_processing_system7_0_0/design_1_processing_system7_0_0/design_1_processing_system7_0_0_in_context.xdc, line 127).
Applied set_property IO_BUFFER_TYPE = NONE for DDR_dq[5]. (constraint file  /run/media/pjs/6A43-DC8A/smollm2-zybo/hw/vivado_project/GPTalk.gen/sources_1/bd/design_1/ip/design_1_processing_system7_0_0/design_1_processing_system7_0_0/design_1_processing_system7_0_0_in_context.xdc, line 128).
Applied set_property CLOCK_BUFFER_TYPE = NONE for DDR_dq[5]. (constraint file  /run/media/pjs/6A43-DC8A/smollm2-zybo/hw/vivado_project/GPTalk.gen/sources_1/bd/design_1/ip/design_1_processing_system7_0_0/design_1_processing_system7_0_0/design_1_processing_system7_0_0_in_context.xdc, line 129).
Applied set_property IO_BUFFER_TYPE = NONE for DDR_dq[6]. (constraint file  /run/media/pjs/6A43-DC8A/smollm2-zybo/hw/vivado_project/GPTalk.gen/sources_1/bd/design_1/ip/design_1_processing_system7_0_0/design_1_processing_system7_0_0/design_1_processing_system7_0_0_in_context.xdc, line 130).
Applied set_property CLOCK_BUFFER_TYPE = NONE for DDR_dq[6]. (constraint file  /run/media/pjs/6A43-DC8A/smollm2-zybo/hw/vivado_project/GPTalk.gen/sources_1/bd/design_1/ip/design_1_processing_system7_0_0/design_1_processing_system7_0_0/design_1_processing_system7_0_0_in_context.xdc, line 131).
Applied set_property IO_BUFFER_TYPE = NONE for DDR_dq[7]. (constraint file  /run/media/pjs/6A43-DC8A/smollm2-zybo/hw/vivado_project/GPTalk.gen/sources_1/bd/design_1/ip/design_1_processing_system7_0_0/design_1_processing_system7_0_0/design_1_processing_system7_0_0_in_context.xdc, line 132).
Applied set_property CLOCK_BUFFER_TYPE = NONE for DDR_dq[7]. (constraint file  /run/media/pjs/6A43-DC8A/smollm2-zybo/hw/vivado_project/GPTalk.gen/sources_1/bd/design_1/ip/design_1_processing_system7_0_0/design_1_processing_system7_0_0/design_1_processing_system7_0_0_in_context.xdc, line 133).
Applied set_property IO_BUFFER_TYPE = NONE for DDR_dq[8]. (constraint file  /run/media/pjs/6A43-DC8A/smollm2-zybo/hw/vivado_project/GPTalk.gen/sources_1/bd/design_1/ip/design_1_processing_system7_0_0/design_1_processing_system7_0_0/design_1_processing_system7_0_0_in_context.xdc, line 134).
Applied set_property CLOCK_BUFFER_TYPE = NONE for DDR_dq[8]. (constraint file  /run/media/pjs/6A43-DC8A/smollm2-zybo/hw/vivado_project/GPTalk.gen/sources_1/bd/design_1/ip/design_1_processing_system7_0_0/design_1_processing_system7_0_0/design_1_processing_system7_0_0_in_context.xdc, line 135).
Applied set_property IO_BUFFER_TYPE = NONE for DDR_dq[9]. (constraint file  /run/media/pjs/6A43-DC8A/smollm2-zybo/hw/vivado_project/GPTalk.gen/sources_1/bd/design_1/ip/design_1_processing_system7_0_0/design_1_processing_system7_0_0/design_1_processing_system7_0_0_in_context.xdc, line 136).
Applied set_property CLOCK_BUFFER_TYPE = NONE for DDR_dq[9]. (constraint file  /run/media/pjs/6A43-DC8A/smollm2-zybo/hw/vivado_project/GPTalk.gen/sources_1/bd/design_1/ip/design_1_processing_system7_0_0/design_1_processing_system7_0_0/design_1_processing_system7_0_0_in_context.xdc, line 137).
Applied set_property IO_BUFFER_TYPE = NONE for DDR_reset_n. (constraint file  /run/media/pjs/6A43-DC8A/smollm2-zybo/hw/vivado_project/GPTalk.gen/sources_1/bd/design_1/ip/design_1_processing_system7_0_0/design_1_processing_system7_0_0/design_1_processing_system7_0_0_in_context.xdc, line 138).
Applied set_property CLOCK_BUFFER_TYPE = NONE for DDR_reset_n. (constraint file  /run/media/pjs/6A43-DC8A/smollm2-zybo/hw/vivado_project/GPTalk.gen/sources_1/bd/design_1/ip/design_1_processing_system7_0_0/design_1_processing_system7_0_0/design_1_processing_system7_0_0_in_context.xdc, line 139).
Applied set_property IO_BUFFER_TYPE = NONE for DDR_odt. (constraint file  /run/media/pjs/6A43-DC8A/smollm2-zybo/hw/vivado_project/GPTalk.gen/sources_1/bd/design_1/ip/design_1_processing_system7_0_0/design_1_processing_system7_0_0/design_1_processing_system7_0_0_in_context.xdc, line 140).
Applied set_property CLOCK_BUFFER_TYPE = NONE for DDR_odt. (constraint file  /run/media/pjs/6A43-DC8A/smollm2-zybo/hw/vivado_project/GPTalk.gen/sources_1/bd/design_1/ip/design_1_processing_system7_0_0/design_1_processing_system7_0_0/design_1_processing_system7_0_0_in_context.xdc, line 141).
Applied set_property IO_BUFFER_TYPE = NONE for DDR_ras_n. (constraint file  /run/media/pjs/6A43-DC8A/smollm2-zybo/hw/vivado_project/GPTalk.gen/sources_1/bd/design_1/ip/design_1_processing_system7_0_0/design_1_processing_system7_0_0/design_1_processing_system7_0_0_in_context.xdc, line 142).
Applied set_property CLOCK_BUFFER_TYPE = NONE for DDR_ras_n. (constraint file  /run/media/pjs/6A43-DC8A/smollm2-zybo/hw/vivado_project/GPTalk.gen/sources_1/bd/design_1/ip/design_1_processing_system7_0_0/design_1_processing_system7_0_0/design_1_processing_system7_0_0_in_context.xdc, line 143).
Applied set_property IO_BUFFER_TYPE = NONE for FIXED_IO_ddr_vrn. (constraint file  /run/media/pjs/6A43-DC8A/smollm2-zybo/hw/vivado_project/GPTalk.gen/sources_1/bd/design_1/ip/design_1_processing_system7_0_0/design_1_processing_system7_0_0/design_1_processing_system7_0_0_in_context.xdc, line 144).
Applied set_property CLOCK_BUFFER_TYPE = NONE for FIXED_IO_ddr_vrn. (constraint file  /run/media/pjs/6A43-DC8A/smollm2-zybo/hw/vivado_project/GPTalk.gen/sources_1/bd/design_1/ip/design_1_processing_system7_0_0/design_1_processing_system7_0_0/design_1_processing_system7_0_0_in_context.xdc, line 145).
Applied set_property IO_BUFFER_TYPE = NONE for FIXED_IO_ddr_vrp. (constraint file  /run/media/pjs/6A43-DC8A/smollm2-zybo/hw/vivado_project/GPTalk.gen/sources_1/bd/design_1/ip/design_1_processing_system7_0_0/design_1_processing_system7_0_0/design_1_processing_system7_0_0_in_context.xdc, line 146).
Applied set_property CLOCK_BUFFER_TYPE = NONE for FIXED_IO_ddr_vrp. (constraint file  /run/media/pjs/6A43-DC8A/smollm2-zybo/hw/vivado_project/GPTalk.gen/sources_1/bd/design_1/ip/design_1_processing_system7_0_0/design_1_processing_system7_0_0/design_1_processing_system7_0_0_in_context.xdc, line 147).
Applied set_property IO_BUFFER_TYPE = NONE for DDR_we_n. (constraint file  /run/media/pjs/6A43-DC8A/smollm2-zybo/hw/vivado_project/GPTalk.gen/sources_1/bd/design_1/ip/design_1_processing_system7_0_0/design_1_processing_system7_0_0/design_1_processing_system7_0_0_in_context.xdc, line 148).
Applied set_property CLOCK_BUFFER_TYPE = NONE for DDR_we_n. (constraint file  /run/media/pjs/6A43-DC8A/smollm2-zybo/hw/vivado_project/GPTalk.gen/sources_1/bd/design_1/ip/design_1_processing_system7_0_0/design_1_processing_system7_0_0/design_1_processing_system7_0_0_in_context.xdc, line 149).
Applied set_property IO_BUFFER_TYPE = NONE for FIXED_IO_mio[0]. (constraint file  /run/media/pjs/6A43-DC8A/smollm2-zybo/hw/vivado_project/GPTalk.gen/sources_1/bd/design_1/ip/design_1_processing_system7_0_0/design_1_processing_system7_0_0/design_1_processing_system7_0_0_in_context.xdc, line 150).
Applied set_property CLOCK_BUFFER_TYPE = NONE for FIXED_IO_mio[0]. (constraint file  /run/media/pjs/6A43-DC8A/smollm2-zybo/hw/vivado_project/GPTalk.gen/sources_1/bd/design_1/ip/design_1_processing_system7_0_0/design_1_processing_system7_0_0/design_1_processing_system7_0_0_in_context.xdc, line 151).
Applied set_property IO_BUFFER_TYPE = NONE for FIXED_IO_mio[10]. (constraint file  /run/media/pjs/6A43-DC8A/smollm2-zybo/hw/vivado_project/GPTalk.gen/sources_1/bd/design_1/ip/design_1_processing_system7_0_0/design_1_processing_system7_0_0/design_1_processing_system7_0_0_in_context.xdc, line 152).
Applied set_property CLOCK_BUFFER_TYPE = NONE for FIXED_IO_mio[10]. (constraint file  /run/media/pjs/6A43-DC8A/smollm2-zybo/hw/vivado_project/GPTalk.gen/sources_1/bd/design_1/ip/design_1_processing_system7_0_0/design_1_processing_system7_0_0/design_1_processing_system7_0_0_in_context.xdc, line 153).
Applied set_property IO_BUFFER_TYPE = NONE for FIXED_IO_mio[11]. (constraint file  /run/media/pjs/6A43-DC8A/smollm2-zybo/hw/vivado_project/GPTalk.gen/sources_1/bd/design_1/ip/design_1_processing_system7_0_0/design_1_processing_system7_0_0/design_1_processing_system7_0_0_in_context.xdc, line 154).
Applied set_property CLOCK_BUFFER_TYPE = NONE for FIXED_IO_mio[11]. (constraint file  /run/media/pjs/6A43-DC8A/smollm2-zybo/hw/vivado_project/GPTalk.gen/sources_1/bd/design_1/ip/design_1_processing_system7_0_0/design_1_processing_system7_0_0/design_1_processing_system7_0_0_in_context.xdc, line 155).
Applied set_property IO_BUFFER_TYPE = NONE for FIXED_IO_mio[12]. (constraint file  /run/media/pjs/6A43-DC8A/smollm2-zybo/hw/vivado_project/GPTalk.gen/sources_1/bd/design_1/ip/design_1_processing_system7_0_0/design_1_processing_system7_0_0/design_1_processing_system7_0_0_in_context.xdc, line 156).
Applied set_property CLOCK_BUFFER_TYPE = NONE for FIXED_IO_mio[12]. (constraint file  /run/media/pjs/6A43-DC8A/smollm2-zybo/hw/vivado_project/GPTalk.gen/sources_1/bd/design_1/ip/design_1_processing_system7_0_0/design_1_processing_system7_0_0/design_1_processing_system7_0_0_in_context.xdc, line 157).
Applied set_property IO_BUFFER_TYPE = NONE for FIXED_IO_mio[13]. (constraint file  /run/media/pjs/6A43-DC8A/smollm2-zybo/hw/vivado_project/GPTalk.gen/sources_1/bd/design_1/ip/design_1_processing_system7_0_0/design_1_processing_system7_0_0/design_1_processing_system7_0_0_in_context.xdc, line 158).
Applied set_property CLOCK_BUFFER_TYPE = NONE for FIXED_IO_mio[13]. (constraint file  /run/media/pjs/6A43-DC8A/smollm2-zybo/hw/vivado_project/GPTalk.gen/sources_1/bd/design_1/ip/design_1_processing_system7_0_0/design_1_processing_system7_0_0/design_1_processing_system7_0_0_in_context.xdc, line 159).
Applied set_property IO_BUFFER_TYPE = NONE for FIXED_IO_mio[14]. (constraint file  /run/media/pjs/6A43-DC8A/smollm2-zybo/hw/vivado_project/GPTalk.gen/sources_1/bd/design_1/ip/design_1_processing_system7_0_0/design_1_processing_system7_0_0/design_1_processing_system7_0_0_in_context.xdc, line 160).
Applied set_property CLOCK_BUFFER_TYPE = NONE for FIXED_IO_mio[14]. (constraint file  /run/media/pjs/6A43-DC8A/smollm2-zybo/hw/vivado_project/GPTalk.gen/sources_1/bd/design_1/ip/design_1_processing_system7_0_0/design_1_processing_system7_0_0/design_1_processing_system7_0_0_in_context.xdc, line 161).
Applied set_property IO_BUFFER_TYPE = NONE for FIXED_IO_mio[15]. (constraint file  /run/media/pjs/6A43-DC8A/smollm2-zybo/hw/vivado_project/GPTalk.gen/sources_1/bd/design_1/ip/design_1_processing_system7_0_0/design_1_processing_system7_0_0/design_1_processing_system7_0_0_in_context.xdc, line 162).
Applied set_property CLOCK_BUFFER_TYPE = NONE for FIXED_IO_mio[15]. (constraint file  /run/media/pjs/6A43-DC8A/smollm2-zybo/hw/vivado_project/GPTalk.gen/sources_1/bd/design_1/ip/design_1_processing_system7_0_0/design_1_processing_system7_0_0/design_1_processing_system7_0_0_in_context.xdc, line 163).
Applied set_property IO_BUFFER_TYPE = NONE for FIXED_IO_mio[16]. (constraint file  /run/media/pjs/6A43-DC8A/smollm2-zybo/hw/vivado_project/GPTalk.gen/sources_1/bd/design_1/ip/design_1_processing_system7_0_0/design_1_processing_system7_0_0/design_1_processing_system7_0_0_in_context.xdc, line 164).
Applied set_property CLOCK_BUFFER_TYPE = NONE for FIXED_IO_mio[16]. (constraint file  /run/media/pjs/6A43-DC8A/smollm2-zybo/hw/vivado_project/GPTalk.gen/sources_1/bd/design_1/ip/design_1_processing_system7_0_0/design_1_processing_system7_0_0/design_1_processing_system7_0_0_in_context.xdc, line 165).
Applied set_property IO_BUFFER_TYPE = NONE for FIXED_IO_mio[17]. (constraint file  /run/media/pjs/6A43-DC8A/smollm2-zybo/hw/vivado_project/GPTalk.gen/sources_1/bd/design_1/ip/design_1_processing_system7_0_0/design_1_processing_system7_0_0/design_1_processing_system7_0_0_in_context.xdc, line 166).
Applied set_property CLOCK_BUFFER_TYPE = NONE for FIXED_IO_mio[17]. (constraint file  /run/media/pjs/6A43-DC8A/smollm2-zybo/hw/vivado_project/GPTalk.gen/sources_1/bd/design_1/ip/design_1_processing_system7_0_0/design_1_processing_system7_0_0/design_1_processing_system7_0_0_in_context.xdc, line 167).
Applied set_property IO_BUFFER_TYPE = NONE for FIXED_IO_mio[18]. (constraint file  /run/media/pjs/6A43-DC8A/smollm2-zybo/hw/vivado_project/GPTalk.gen/sources_1/bd/design_1/ip/design_1_processing_system7_0_0/design_1_processing_system7_0_0/design_1_processing_system7_0_0_in_context.xdc, line 168).
Applied set_property CLOCK_BUFFER_TYPE = NONE for FIXED_IO_mio[18]. (constraint file  /run/media/pjs/6A43-DC8A/smollm2-zybo/hw/vivado_project/GPTalk.gen/sources_1/bd/design_1/ip/design_1_processing_system7_0_0/design_1_processing_system7_0_0/design_1_processing_system7_0_0_in_context.xdc, line 169).
Applied set_property IO_BUFFER_TYPE = NONE for FIXED_IO_mio[19]. (constraint file  /run/media/pjs/6A43-DC8A/smollm2-zybo/hw/vivado_project/GPTalk.gen/sources_1/bd/design_1/ip/design_1_processing_system7_0_0/design_1_processing_system7_0_0/design_1_processing_system7_0_0_in_context.xdc, line 170).
Applied set_property CLOCK_BUFFER_TYPE = NONE for FIXED_IO_mio[19]. (constraint file  /run/media/pjs/6A43-DC8A/smollm2-zybo/hw/vivado_project/GPTalk.gen/sources_1/bd/design_1/ip/design_1_processing_system7_0_0/design_1_processing_system7_0_0/design_1_processing_system7_0_0_in_context.xdc, line 171).
Applied set_property IO_BUFFER_TYPE = NONE for FIXED_IO_mio[1]. (constraint file  /run/media/pjs/6A43-DC8A/smollm2-zybo/hw/vivado_project/GPTalk.gen/sources_1/bd/design_1/ip/design_1_processing_system7_0_0/design_1_processing_system7_0_0/design_1_processing_system7_0_0_in_context.xdc, line 172).
Applied set_property CLOCK_BUFFER_TYPE = NONE for FIXED_IO_mio[1]. (constraint file  /run/media/pjs/6A43-DC8A/smollm2-zybo/hw/vivado_project/GPTalk.gen/sources_1/bd/design_1/ip/design_1_processing_system7_0_0/design_1_processing_system7_0_0/design_1_processing_system7_0_0_in_context.xdc, line 173).
Applied set_property IO_BUFFER_TYPE = NONE for FIXED_IO_mio[20]. (constraint file  /run/media/pjs/6A43-DC8A/smollm2-zybo/hw/vivado_project/GPTalk.gen/sources_1/bd/design_1/ip/design_1_processing_system7_0_0/design_1_processing_system7_0_0/design_1_processing_system7_0_0_in_context.xdc, line 174).
Applied set_property CLOCK_BUFFER_TYPE = NONE for FIXED_IO_mio[20]. (constraint file  /run/media/pjs/6A43-DC8A/smollm2-zybo/hw/vivado_project/GPTalk.gen/sources_1/bd/design_1/ip/design_1_processing_system7_0_0/design_1_processing_system7_0_0/design_1_processing_system7_0_0_in_context.xdc, line 175).
Applied set_property IO_BUFFER_TYPE = NONE for FIXED_IO_mio[21]. (constraint file  /run/media/pjs/6A43-DC8A/smollm2-zybo/hw/vivado_project/GPTalk.gen/sources_1/bd/design_1/ip/design_1_processing_system7_0_0/design_1_processing_system7_0_0/design_1_processing_system7_0_0_in_context.xdc, line 176).
Applied set_property CLOCK_BUFFER_TYPE = NONE for FIXED_IO_mio[21]. (constraint file  /run/media/pjs/6A43-DC8A/smollm2-zybo/hw/vivado_project/GPTalk.gen/sources_1/bd/design_1/ip/design_1_processing_system7_0_0/design_1_processing_system7_0_0/design_1_processing_system7_0_0_in_context.xdc, line 177).
Applied set_property IO_BUFFER_TYPE = NONE for FIXED_IO_mio[22]. (constraint file  /run/media/pjs/6A43-DC8A/smollm2-zybo/hw/vivado_project/GPTalk.gen/sources_1/bd/design_1/ip/design_1_processing_system7_0_0/design_1_processing_system7_0_0/design_1_processing_system7_0_0_in_context.xdc, line 178).
Applied set_property CLOCK_BUFFER_TYPE = NONE for FIXED_IO_mio[22]. (constraint file  /run/media/pjs/6A43-DC8A/smollm2-zybo/hw/vivado_project/GPTalk.gen/sources_1/bd/design_1/ip/design_1_processing_system7_0_0/design_1_processing_system7_0_0/design_1_processing_system7_0_0_in_context.xdc, line 179).
Applied set_property IO_BUFFER_TYPE = NONE for FIXED_IO_mio[23]. (constraint file  /run/media/pjs/6A43-DC8A/smollm2-zybo/hw/vivado_project/GPTalk.gen/sources_1/bd/design_1/ip/design_1_processing_system7_0_0/design_1_processing_system7_0_0/design_1_processing_system7_0_0_in_context.xdc, line 180).
Applied set_property CLOCK_BUFFER_TYPE = NONE for FIXED_IO_mio[23]. (constraint file  /run/media/pjs/6A43-DC8A/smollm2-zybo/hw/vivado_project/GPTalk.gen/sources_1/bd/design_1/ip/design_1_processing_system7_0_0/design_1_processing_system7_0_0/design_1_processing_system7_0_0_in_context.xdc, line 181).
Applied set_property IO_BUFFER_TYPE = NONE for FIXED_IO_mio[24]. (constraint file  /run/media/pjs/6A43-DC8A/smollm2-zybo/hw/vivado_project/GPTalk.gen/sources_1/bd/design_1/ip/design_1_processing_system7_0_0/design_1_processing_system7_0_0/design_1_processing_system7_0_0_in_context.xdc, line 182).
Applied set_property CLOCK_BUFFER_TYPE = NONE for FIXED_IO_mio[24]. (constraint file  /run/media/pjs/6A43-DC8A/smollm2-zybo/hw/vivado_project/GPTalk.gen/sources_1/bd/design_1/ip/design_1_processing_system7_0_0/design_1_processing_system7_0_0/design_1_processing_system7_0_0_in_context.xdc, line 183).
Applied set_property IO_BUFFER_TYPE = NONE for FIXED_IO_mio[25]. (constraint file  /run/media/pjs/6A43-DC8A/smollm2-zybo/hw/vivado_project/GPTalk.gen/sources_1/bd/design_1/ip/design_1_processing_system7_0_0/design_1_processing_system7_0_0/design_1_processing_system7_0_0_in_context.xdc, line 184).
Applied set_property CLOCK_BUFFER_TYPE = NONE for FIXED_IO_mio[25]. (constraint file  /run/media/pjs/6A43-DC8A/smollm2-zybo/hw/vivado_project/GPTalk.gen/sources_1/bd/design_1/ip/design_1_processing_system7_0_0/design_1_processing_system7_0_0/design_1_processing_system7_0_0_in_context.xdc, line 185).
Applied set_property IO_BUFFER_TYPE = NONE for FIXED_IO_mio[26]. (constraint file  /run/media/pjs/6A43-DC8A/smollm2-zybo/hw/vivado_project/GPTalk.gen/sources_1/bd/design_1/ip/design_1_processing_system7_0_0/design_1_processing_system7_0_0/design_1_processing_system7_0_0_in_context.xdc, line 186).
Applied set_property CLOCK_BUFFER_TYPE = NONE for FIXED_IO_mio[26]. (constraint file  /run/media/pjs/6A43-DC8A/smollm2-zybo/hw/vivado_project/GPTalk.gen/sources_1/bd/design_1/ip/design_1_processing_system7_0_0/design_1_processing_system7_0_0/design_1_processing_system7_0_0_in_context.xdc, line 187).
Applied set_property IO_BUFFER_TYPE = NONE for FIXED_IO_mio[27]. (constraint file  /run/media/pjs/6A43-DC8A/smollm2-zybo/hw/vivado_project/GPTalk.gen/sources_1/bd/design_1/ip/design_1_processing_system7_0_0/design_1_processing_system7_0_0/design_1_processing_system7_0_0_in_context.xdc, line 188).
Applied set_property CLOCK_BUFFER_TYPE = NONE for FIXED_IO_mio[27]. (constraint file  /run/media/pjs/6A43-DC8A/smollm2-zybo/hw/vivado_project/GPTalk.gen/sources_1/bd/design_1/ip/design_1_processing_system7_0_0/design_1_processing_system7_0_0/design_1_processing_system7_0_0_in_context.xdc, line 189).
Applied set_property IO_BUFFER_TYPE = NONE for FIXED_IO_mio[28]. (constraint file  /run/media/pjs/6A43-DC8A/smollm2-zybo/hw/vivado_project/GPTalk.gen/sources_1/bd/design_1/ip/design_1_processing_system7_0_0/design_1_processing_system7_0_0/design_1_processing_system7_0_0_in_context.xdc, line 190).
Applied set_property CLOCK_BUFFER_TYPE = NONE for FIXED_IO_mio[28]. (constraint file  /run/media/pjs/6A43-DC8A/smollm2-zybo/hw/vivado_project/GPTalk.gen/sources_1/bd/design_1/ip/design_1_processing_system7_0_0/design_1_processing_system7_0_0/design_1_processing_system7_0_0_in_context.xdc, line 191).
Applied set_property IO_BUFFER_TYPE = NONE for FIXED_IO_mio[29]. (constraint file  /run/media/pjs/6A43-DC8A/smollm2-zybo/hw/vivado_project/GPTalk.gen/sources_1/bd/design_1/ip/design_1_processing_system7_0_0/design_1_processing_system7_0_0/design_1_processing_system7_0_0_in_context.xdc, line 192).
Applied set_property CLOCK_BUFFER_TYPE = NONE for FIXED_IO_mio[29]. (constraint file  /run/media/pjs/6A43-DC8A/smollm2-zybo/hw/vivado_project/GPTalk.gen/sources_1/bd/design_1/ip/design_1_processing_system7_0_0/design_1_processing_system7_0_0/design_1_processing_system7_0_0_in_context.xdc, line 193).
Applied set_property IO_BUFFER_TYPE = NONE for FIXED_IO_mio[2]. (constraint file  /run/media/pjs/6A43-DC8A/smollm2-zybo/hw/vivado_project/GPTalk.gen/sources_1/bd/design_1/ip/design_1_processing_system7_0_0/design_1_processing_system7_0_0/design_1_processing_system7_0_0_in_context.xdc, line 194).
Applied set_property CLOCK_BUFFER_TYPE = NONE for FIXED_IO_mio[2]. (constraint file  /run/media/pjs/6A43-DC8A/smollm2-zybo/hw/vivado_project/GPTalk.gen/sources_1/bd/design_1/ip/design_1_processing_system7_0_0/design_1_processing_system7_0_0/design_1_processing_system7_0_0_in_context.xdc, line 195).
Applied set_property IO_BUFFER_TYPE = NONE for FIXED_IO_mio[30]. (constraint file  /run/media/pjs/6A43-DC8A/smollm2-zybo/hw/vivado_project/GPTalk.gen/sources_1/bd/design_1/ip/design_1_processing_system7_0_0/design_1_processing_system7_0_0/design_1_processing_system7_0_0_in_context.xdc, line 196).
Applied set_property CLOCK_BUFFER_TYPE = NONE for FIXED_IO_mio[30]. (constraint file  /run/media/pjs/6A43-DC8A/smollm2-zybo/hw/vivado_project/GPTalk.gen/sources_1/bd/design_1/ip/design_1_processing_system7_0_0/design_1_processing_system7_0_0/design_1_processing_system7_0_0_in_context.xdc, line 197).
Applied set_property IO_BUFFER_TYPE = NONE for FIXED_IO_mio[31]. (constraint file  /run/media/pjs/6A43-DC8A/smollm2-zybo/hw/vivado_project/GPTalk.gen/sources_1/bd/design_1/ip/design_1_processing_system7_0_0/design_1_processing_system7_0_0/design_1_processing_system7_0_0_in_context.xdc, line 198).
Applied set_property CLOCK_BUFFER_TYPE = NONE for FIXED_IO_mio[31]. (constraint file  /run/media/pjs/6A43-DC8A/smollm2-zybo/hw/vivado_project/GPTalk.gen/sources_1/bd/design_1/ip/design_1_processing_system7_0_0/design_1_processing_system7_0_0/design_1_processing_system7_0_0_in_context.xdc, line 199).
Applied set_property IO_BUFFER_TYPE = NONE for FIXED_IO_mio[32]. (constraint file  /run/media/pjs/6A43-DC8A/smollm2-zybo/hw/vivado_project/GPTalk.gen/sources_1/bd/design_1/ip/design_1_processing_system7_0_0/design_1_processing_system7_0_0/design_1_processing_system7_0_0_in_context.xdc, line 200).
Applied set_property CLOCK_BUFFER_TYPE = NONE for FIXED_IO_mio[32]. (constraint file  /run/media/pjs/6A43-DC8A/smollm2-zybo/hw/vivado_project/GPTalk.gen/sources_1/bd/design_1/ip/design_1_processing_system7_0_0/design_1_processing_system7_0_0/design_1_processing_system7_0_0_in_context.xdc, line 201).
Applied set_property IO_BUFFER_TYPE = NONE for FIXED_IO_mio[33]. (constraint file  /run/media/pjs/6A43-DC8A/smollm2-zybo/hw/vivado_project/GPTalk.gen/sources_1/bd/design_1/ip/design_1_processing_system7_0_0/design_1_processing_system7_0_0/design_1_processing_system7_0_0_in_context.xdc, line 202).
Applied set_property CLOCK_BUFFER_TYPE = NONE for FIXED_IO_mio[33]. (constraint file  /run/media/pjs/6A43-DC8A/smollm2-zybo/hw/vivado_project/GPTalk.gen/sources_1/bd/design_1/ip/design_1_processing_system7_0_0/design_1_processing_system7_0_0/design_1_processing_system7_0_0_in_context.xdc, line 203).
Applied set_property IO_BUFFER_TYPE = NONE for FIXED_IO_mio[34]. (constraint file  /run/media/pjs/6A43-DC8A/smollm2-zybo/hw/vivado_project/GPTalk.gen/sources_1/bd/design_1/ip/design_1_processing_system7_0_0/design_1_processing_system7_0_0/design_1_processing_system7_0_0_in_context.xdc, line 204).
Applied set_property CLOCK_BUFFER_TYPE = NONE for FIXED_IO_mio[34]. (constraint file  /run/media/pjs/6A43-DC8A/smollm2-zybo/hw/vivado_project/GPTalk.gen/sources_1/bd/design_1/ip/design_1_processing_system7_0_0/design_1_processing_system7_0_0/design_1_processing_system7_0_0_in_context.xdc, line 205).
Applied set_property IO_BUFFER_TYPE = NONE for FIXED_IO_mio[35]. (constraint file  /run/media/pjs/6A43-DC8A/smollm2-zybo/hw/vivado_project/GPTalk.gen/sources_1/bd/design_1/ip/design_1_processing_system7_0_0/design_1_processing_system7_0_0/design_1_processing_system7_0_0_in_context.xdc, line 206).
Applied set_property CLOCK_BUFFER_TYPE = NONE for FIXED_IO_mio[35]. (constraint file  /run/media/pjs/6A43-DC8A/smollm2-zybo/hw/vivado_project/GPTalk.gen/sources_1/bd/design_1/ip/design_1_processing_system7_0_0/design_1_processing_system7_0_0/design_1_processing_system7_0_0_in_context.xdc, line 207).
Applied set_property IO_BUFFER_TYPE = NONE for FIXED_IO_mio[36]. (constraint file  /run/media/pjs/6A43-DC8A/smollm2-zybo/hw/vivado_project/GPTalk.gen/sources_1/bd/design_1/ip/design_1_processing_system7_0_0/design_1_processing_system7_0_0/design_1_processing_system7_0_0_in_context.xdc, line 208).
Applied set_property CLOCK_BUFFER_TYPE = NONE for FIXED_IO_mio[36]. (constraint file  /run/media/pjs/6A43-DC8A/smollm2-zybo/hw/vivado_project/GPTalk.gen/sources_1/bd/design_1/ip/design_1_processing_system7_0_0/design_1_processing_system7_0_0/design_1_processing_system7_0_0_in_context.xdc, line 209).
Applied set_property IO_BUFFER_TYPE = NONE for FIXED_IO_mio[37]. (constraint file  /run/media/pjs/6A43-DC8A/smollm2-zybo/hw/vivado_project/GPTalk.gen/sources_1/bd/design_1/ip/design_1_processing_system7_0_0/design_1_processing_system7_0_0/design_1_processing_system7_0_0_in_context.xdc, line 210).
Applied set_property CLOCK_BUFFER_TYPE = NONE for FIXED_IO_mio[37]. (constraint file  /run/media/pjs/6A43-DC8A/smollm2-zybo/hw/vivado_project/GPTalk.gen/sources_1/bd/design_1/ip/design_1_processing_system7_0_0/design_1_processing_system7_0_0/design_1_processing_system7_0_0_in_context.xdc, line 211).
Applied set_property IO_BUFFER_TYPE = NONE for FIXED_IO_mio[38]. (constraint file  /run/media/pjs/6A43-DC8A/smollm2-zybo/hw/vivado_project/GPTalk.gen/sources_1/bd/design_1/ip/design_1_processing_system7_0_0/design_1_processing_system7_0_0/design_1_processing_system7_0_0_in_context.xdc, line 212).
Applied set_property CLOCK_BUFFER_TYPE = NONE for FIXED_IO_mio[38]. (constraint file  /run/media/pjs/6A43-DC8A/smollm2-zybo/hw/vivado_project/GPTalk.gen/sources_1/bd/design_1/ip/design_1_processing_system7_0_0/design_1_processing_system7_0_0/design_1_processing_system7_0_0_in_context.xdc, line 213).
Applied set_property IO_BUFFER_TYPE = NONE for FIXED_IO_mio[39]. (constraint file  /run/media/pjs/6A43-DC8A/smollm2-zybo/hw/vivado_project/GPTalk.gen/sources_1/bd/design_1/ip/design_1_processing_system7_0_0/design_1_processing_system7_0_0/design_1_processing_system7_0_0_in_context.xdc, line 214).
Applied set_property CLOCK_BUFFER_TYPE = NONE for FIXED_IO_mio[39]. (constraint file  /run/media/pjs/6A43-DC8A/smollm2-zybo/hw/vivado_project/GPTalk.gen/sources_1/bd/design_1/ip/design_1_processing_system7_0_0/design_1_processing_system7_0_0/design_1_processing_system7_0_0_in_context.xdc, line 215).
Applied set_property IO_BUFFER_TYPE = NONE for FIXED_IO_mio[3]. (constraint file  /run/media/pjs/6A43-DC8A/smollm2-zybo/hw/vivado_project/GPTalk.gen/sources_1/bd/design_1/ip/design_1_processing_system7_0_0/design_1_processing_system7_0_0/design_1_processing_system7_0_0_in_context.xdc, line 216).
Applied set_property CLOCK_BUFFER_TYPE = NONE for FIXED_IO_mio[3]. (constraint file  /run/media/pjs/6A43-DC8A/smollm2-zybo/hw/vivado_project/GPTalk.gen/sources_1/bd/design_1/ip/design_1_processing_system7_0_0/design_1_processing_system7_0_0/design_1_processing_system7_0_0_in_context.xdc, line 217).
Applied set_property IO_BUFFER_TYPE = NONE for FIXED_IO_mio[40]. (constraint file  /run/media/pjs/6A43-DC8A/smollm2-zybo/hw/vivado_project/GPTalk.gen/sources_1/bd/design_1/ip/design_1_processing_system7_0_0/design_1_processing_system7_0_0/design_1_processing_system7_0_0_in_context.xdc, line 218).
Applied set_property CLOCK_BUFFER_TYPE = NONE for FIXED_IO_mio[40]. (constraint file  /run/media/pjs/6A43-DC8A/smollm2-zybo/hw/vivado_project/GPTalk.gen/sources_1/bd/design_1/ip/design_1_processing_system7_0_0/design_1_processing_system7_0_0/design_1_processing_system7_0_0_in_context.xdc, line 219).
Applied set_property IO_BUFFER_TYPE = NONE for FIXED_IO_mio[41]. (constraint file  /run/media/pjs/6A43-DC8A/smollm2-zybo/hw/vivado_project/GPTalk.gen/sources_1/bd/design_1/ip/design_1_processing_system7_0_0/design_1_processing_system7_0_0/design_1_processing_system7_0_0_in_context.xdc, line 220).
Applied set_property CLOCK_BUFFER_TYPE = NONE for FIXED_IO_mio[41]. (constraint file  /run/media/pjs/6A43-DC8A/smollm2-zybo/hw/vivado_project/GPTalk.gen/sources_1/bd/design_1/ip/design_1_processing_system7_0_0/design_1_processing_system7_0_0/design_1_processing_system7_0_0_in_context.xdc, line 221).
Applied set_property IO_BUFFER_TYPE = NONE for FIXED_IO_mio[42]. (constraint file  /run/media/pjs/6A43-DC8A/smollm2-zybo/hw/vivado_project/GPTalk.gen/sources_1/bd/design_1/ip/design_1_processing_system7_0_0/design_1_processing_system7_0_0/design_1_processing_system7_0_0_in_context.xdc, line 222).
Applied set_property CLOCK_BUFFER_TYPE = NONE for FIXED_IO_mio[42]. (constraint file  /run/media/pjs/6A43-DC8A/smollm2-zybo/hw/vivado_project/GPTalk.gen/sources_1/bd/design_1/ip/design_1_processing_system7_0_0/design_1_processing_system7_0_0/design_1_processing_system7_0_0_in_context.xdc, line 223).
Applied set_property IO_BUFFER_TYPE = NONE for FIXED_IO_mio[43]. (constraint file  /run/media/pjs/6A43-DC8A/smollm2-zybo/hw/vivado_project/GPTalk.gen/sources_1/bd/design_1/ip/design_1_processing_system7_0_0/design_1_processing_system7_0_0/design_1_processing_system7_0_0_in_context.xdc, line 224).
Applied set_property CLOCK_BUFFER_TYPE = NONE for FIXED_IO_mio[43]. (constraint file  /run/media/pjs/6A43-DC8A/smollm2-zybo/hw/vivado_project/GPTalk.gen/sources_1/bd/design_1/ip/design_1_processing_system7_0_0/design_1_processing_system7_0_0/design_1_processing_system7_0_0_in_context.xdc, line 225).
Applied set_property IO_BUFFER_TYPE = NONE for FIXED_IO_mio[44]. (constraint file  /run/media/pjs/6A43-DC8A/smollm2-zybo/hw/vivado_project/GPTalk.gen/sources_1/bd/design_1/ip/design_1_processing_system7_0_0/design_1_processing_system7_0_0/design_1_processing_system7_0_0_in_context.xdc, line 226).
Applied set_property CLOCK_BUFFER_TYPE = NONE for FIXED_IO_mio[44]. (constraint file  /run/media/pjs/6A43-DC8A/smollm2-zybo/hw/vivado_project/GPTalk.gen/sources_1/bd/design_1/ip/design_1_processing_system7_0_0/design_1_processing_system7_0_0/design_1_processing_system7_0_0_in_context.xdc, line 227).
Applied set_property IO_BUFFER_TYPE = NONE for FIXED_IO_mio[45]. (constraint file  /run/media/pjs/6A43-DC8A/smollm2-zybo/hw/vivado_project/GPTalk.gen/sources_1/bd/design_1/ip/design_1_processing_system7_0_0/design_1_processing_system7_0_0/design_1_processing_system7_0_0_in_context.xdc, line 228).
Applied set_property CLOCK_BUFFER_TYPE = NONE for FIXED_IO_mio[45]. (constraint file  /run/media/pjs/6A43-DC8A/smollm2-zybo/hw/vivado_project/GPTalk.gen/sources_1/bd/design_1/ip/design_1_processing_system7_0_0/design_1_processing_system7_0_0/design_1_processing_system7_0_0_in_context.xdc, line 229).
Applied set_property IO_BUFFER_TYPE = NONE for FIXED_IO_mio[46]. (constraint file  /run/media/pjs/6A43-DC8A/smollm2-zybo/hw/vivado_project/GPTalk.gen/sources_1/bd/design_1/ip/design_1_processing_system7_0_0/design_1_processing_system7_0_0/design_1_processing_system7_0_0_in_context.xdc, line 230).
Applied set_property CLOCK_BUFFER_TYPE = NONE for FIXED_IO_mio[46]. (constraint file  /run/media/pjs/6A43-DC8A/smollm2-zybo/hw/vivado_project/GPTalk.gen/sources_1/bd/design_1/ip/design_1_processing_system7_0_0/design_1_processing_system7_0_0/design_1_processing_system7_0_0_in_context.xdc, line 231).
Applied set_property IO_BUFFER_TYPE = NONE for FIXED_IO_mio[47]. (constraint file  /run/media/pjs/6A43-DC8A/smollm2-zybo/hw/vivado_project/GPTalk.gen/sources_1/bd/design_1/ip/design_1_processing_system7_0_0/design_1_processing_system7_0_0/design_1_processing_system7_0_0_in_context.xdc, line 232).
Applied set_property CLOCK_BUFFER_TYPE = NONE for FIXED_IO_mio[47]. (constraint file  /run/media/pjs/6A43-DC8A/smollm2-zybo/hw/vivado_project/GPTalk.gen/sources_1/bd/design_1/ip/design_1_processing_system7_0_0/design_1_processing_system7_0_0/design_1_processing_system7_0_0_in_context.xdc, line 233).
Applied set_property IO_BUFFER_TYPE = NONE for FIXED_IO_mio[48]. (constraint file  /run/media/pjs/6A43-DC8A/smollm2-zybo/hw/vivado_project/GPTalk.gen/sources_1/bd/design_1/ip/design_1_processing_system7_0_0/design_1_processing_system7_0_0/design_1_processing_system7_0_0_in_context.xdc, line 234).
Applied set_property CLOCK_BUFFER_TYPE = NONE for FIXED_IO_mio[48]. (constraint file  /run/media/pjs/6A43-DC8A/smollm2-zybo/hw/vivado_project/GPTalk.gen/sources_1/bd/design_1/ip/design_1_processing_system7_0_0/design_1_processing_system7_0_0/design_1_processing_system7_0_0_in_context.xdc, line 235).
Applied set_property IO_BUFFER_TYPE = NONE for FIXED_IO_mio[49]. (constraint file  /run/media/pjs/6A43-DC8A/smollm2-zybo/hw/vivado_project/GPTalk.gen/sources_1/bd/design_1/ip/design_1_processing_system7_0_0/design_1_processing_system7_0_0/design_1_processing_system7_0_0_in_context.xdc, line 236).
Applied set_property CLOCK_BUFFER_TYPE = NONE for FIXED_IO_mio[49]. (constraint file  /run/media/pjs/6A43-DC8A/smollm2-zybo/hw/vivado_project/GPTalk.gen/sources_1/bd/design_1/ip/design_1_processing_system7_0_0/design_1_processing_system7_0_0/design_1_processing_system7_0_0_in_context.xdc, line 237).
Applied set_property IO_BUFFER_TYPE = NONE for FIXED_IO_mio[4]. (constraint file  /run/media/pjs/6A43-DC8A/smollm2-zybo/hw/vivado_project/GPTalk.gen/sources_1/bd/design_1/ip/design_1_processing_system7_0_0/design_1_processing_system7_0_0/design_1_processing_system7_0_0_in_context.xdc, line 238).
Applied set_property CLOCK_BUFFER_TYPE = NONE for FIXED_IO_mio[4]. (constraint file  /run/media/pjs/6A43-DC8A/smollm2-zybo/hw/vivado_project/GPTalk.gen/sources_1/bd/design_1/ip/design_1_processing_system7_0_0/design_1_processing_system7_0_0/design_1_processing_system7_0_0_in_context.xdc, line 239).
Applied set_property IO_BUFFER_TYPE = NONE for FIXED_IO_mio[50]. (constraint file  /run/media/pjs/6A43-DC8A/smollm2-zybo/hw/vivado_project/GPTalk.gen/sources_1/bd/design_1/ip/design_1_processing_system7_0_0/design_1_processing_system7_0_0/design_1_processing_system7_0_0_in_context.xdc, line 240).
Applied set_property CLOCK_BUFFER_TYPE = NONE for FIXED_IO_mio[50]. (constraint file  /run/media/pjs/6A43-DC8A/smollm2-zybo/hw/vivado_project/GPTalk.gen/sources_1/bd/design_1/ip/design_1_processing_system7_0_0/design_1_processing_system7_0_0/design_1_processing_system7_0_0_in_context.xdc, line 241).
Applied set_property IO_BUFFER_TYPE = NONE for FIXED_IO_mio[51]. (constraint file  /run/media/pjs/6A43-DC8A/smollm2-zybo/hw/vivado_project/GPTalk.gen/sources_1/bd/design_1/ip/design_1_processing_system7_0_0/design_1_processing_system7_0_0/design_1_processing_system7_0_0_in_context.xdc, line 242).
Applied set_property CLOCK_BUFFER_TYPE = NONE for FIXED_IO_mio[51]. (constraint file  /run/media/pjs/6A43-DC8A/smollm2-zybo/hw/vivado_project/GPTalk.gen/sources_1/bd/design_1/ip/design_1_processing_system7_0_0/design_1_processing_system7_0_0/design_1_processing_system7_0_0_in_context.xdc, line 243).
Applied set_property IO_BUFFER_TYPE = NONE for FIXED_IO_mio[52]. (constraint file  /run/media/pjs/6A43-DC8A/smollm2-zybo/hw/vivado_project/GPTalk.gen/sources_1/bd/design_1/ip/design_1_processing_system7_0_0/design_1_processing_system7_0_0/design_1_processing_system7_0_0_in_context.xdc, line 244).
Applied set_property CLOCK_BUFFER_TYPE = NONE for FIXED_IO_mio[52]. (constraint file  /run/media/pjs/6A43-DC8A/smollm2-zybo/hw/vivado_project/GPTalk.gen/sources_1/bd/design_1/ip/design_1_processing_system7_0_0/design_1_processing_system7_0_0/design_1_processing_system7_0_0_in_context.xdc, line 245).
Applied set_property IO_BUFFER_TYPE = NONE for FIXED_IO_mio[53]. (constraint file  /run/media/pjs/6A43-DC8A/smollm2-zybo/hw/vivado_project/GPTalk.gen/sources_1/bd/design_1/ip/design_1_processing_system7_0_0/design_1_processing_system7_0_0/design_1_processing_system7_0_0_in_context.xdc, line 246).
Applied set_property CLOCK_BUFFER_TYPE = NONE for FIXED_IO_mio[53]. (constraint file  /run/media/pjs/6A43-DC8A/smollm2-zybo/hw/vivado_project/GPTalk.gen/sources_1/bd/design_1/ip/design_1_processing_system7_0_0/design_1_processing_system7_0_0/design_1_processing_system7_0_0_in_context.xdc, line 247).
Applied set_property IO_BUFFER_TYPE = NONE for FIXED_IO_mio[5]. (constraint file  /run/media/pjs/6A43-DC8A/smollm2-zybo/hw/vivado_project/GPTalk.gen/sources_1/bd/design_1/ip/design_1_processing_system7_0_0/design_1_processing_system7_0_0/design_1_processing_system7_0_0_in_context.xdc, line 248).
Applied set_property CLOCK_BUFFER_TYPE = NONE for FIXED_IO_mio[5]. (constraint file  /run/media/pjs/6A43-DC8A/smollm2-zybo/hw/vivado_project/GPTalk.gen/sources_1/bd/design_1/ip/design_1_processing_system7_0_0/design_1_processing_system7_0_0/design_1_processing_system7_0_0_in_context.xdc, line 249).
Applied set_property IO_BUFFER_TYPE = NONE for FIXED_IO_mio[6]. (constraint file  /run/media/pjs/6A43-DC8A/smollm2-zybo/hw/vivado_project/GPTalk.gen/sources_1/bd/design_1/ip/design_1_processing_system7_0_0/design_1_processing_system7_0_0/design_1_processing_system7_0_0_in_context.xdc, line 250).
Applied set_property CLOCK_BUFFER_TYPE = NONE for FIXED_IO_mio[6]. (constraint file  /run/media/pjs/6A43-DC8A/smollm2-zybo/hw/vivado_project/GPTalk.gen/sources_1/bd/design_1/ip/design_1_processing_system7_0_0/design_1_processing_system7_0_0/design_1_processing_system7_0_0_in_context.xdc, line 251).
Applied set_property IO_BUFFER_TYPE = NONE for FIXED_IO_mio[7]. (constraint file  /run/media/pjs/6A43-DC8A/smollm2-zybo/hw/vivado_project/GPTalk.gen/sources_1/bd/design_1/ip/design_1_processing_system7_0_0/design_1_processing_system7_0_0/design_1_processing_system7_0_0_in_context.xdc, line 252).
Applied set_property CLOCK_BUFFER_TYPE = NONE for FIXED_IO_mio[7]. (constraint file  /run/media/pjs/6A43-DC8A/smollm2-zybo/hw/vivado_project/GPTalk.gen/sources_1/bd/design_1/ip/design_1_processing_system7_0_0/design_1_processing_system7_0_0/design_1_processing_system7_0_0_in_context.xdc, line 253).
Applied set_property IO_BUFFER_TYPE = NONE for FIXED_IO_mio[8]. (constraint file  /run/media/pjs/6A43-DC8A/smollm2-zybo/hw/vivado_project/GPTalk.gen/sources_1/bd/design_1/ip/design_1_processing_system7_0_0/design_1_processing_system7_0_0/design_1_processing_system7_0_0_in_context.xdc, line 254).
Applied set_property CLOCK_BUFFER_TYPE = NONE for FIXED_IO_mio[8]. (constraint file  /run/media/pjs/6A43-DC8A/smollm2-zybo/hw/vivado_project/GPTalk.gen/sources_1/bd/design_1/ip/design_1_processing_system7_0_0/design_1_processing_system7_0_0/design_1_processing_system7_0_0_in_context.xdc, line 255).
Applied set_property IO_BUFFER_TYPE = NONE for FIXED_IO_mio[9]. (constraint file  /run/media/pjs/6A43-DC8A/smollm2-zybo/hw/vivado_project/GPTalk.gen/sources_1/bd/design_1/ip/design_1_processing_system7_0_0/design_1_processing_system7_0_0/design_1_processing_system7_0_0_in_context.xdc, line 256).
Applied set_property CLOCK_BUFFER_TYPE = NONE for FIXED_IO_mio[9]. (constraint file  /run/media/pjs/6A43-DC8A/smollm2-zybo/hw/vivado_project/GPTalk.gen/sources_1/bd/design_1/ip/design_1_processing_system7_0_0/design_1_processing_system7_0_0/design_1_processing_system7_0_0_in_context.xdc, line 257).
Applied set_property IO_BUFFER_TYPE = NONE for FIXED_IO_ps_clk. (constraint file  /run/media/pjs/6A43-DC8A/smollm2-zybo/hw/vivado_project/GPTalk.gen/sources_1/bd/design_1/ip/design_1_processing_system7_0_0/design_1_processing_system7_0_0/design_1_processing_system7_0_0_in_context.xdc, line 258).
Applied set_property CLOCK_BUFFER_TYPE = NONE for FIXED_IO_ps_clk. (constraint file  /run/media/pjs/6A43-DC8A/smollm2-zybo/hw/vivado_project/GPTalk.gen/sources_1/bd/design_1/ip/design_1_processing_system7_0_0/design_1_processing_system7_0_0/design_1_processing_system7_0_0_in_context.xdc, line 259).
Applied set_property IO_BUFFER_TYPE = NONE for FIXED_IO_ps_porb. (constraint file  /run/media/pjs/6A43-DC8A/smollm2-zybo/hw/vivado_project/GPTalk.gen/sources_1/bd/design_1/ip/design_1_processing_system7_0_0/design_1_processing_system7_0_0/design_1_processing_system7_0_0_in_context.xdc, line 260).
Applied set_property CLOCK_BUFFER_TYPE = NONE for FIXED_IO_ps_porb. (constraint file  /run/media/pjs/6A43-DC8A/smollm2-zybo/hw/vivado_project/GPTalk.gen/sources_1/bd/design_1/ip/design_1_processing_system7_0_0/design_1_processing_system7_0_0/design_1_processing_system7_0_0_in_context.xdc, line 261).
Applied set_property IO_BUFFER_TYPE = NONE for FIXED_IO_ps_srstb. (constraint file  /run/media/pjs/6A43-DC8A/smollm2-zybo/hw/vivado_project/GPTalk.gen/sources_1/bd/design_1/ip/design_1_processing_system7_0_0/design_1_processing_system7_0_0/design_1_processing_system7_0_0_in_context.xdc, line 262).
Applied set_property CLOCK_BUFFER_TYPE = NONE for FIXED_IO_ps_srstb. (constraint file  /run/media/pjs/6A43-DC8A/smollm2-zybo/hw/vivado_project/GPTalk.gen/sources_1/bd/design_1/ip/design_1_processing_system7_0_0/design_1_processing_system7_0_0/design_1_processing_system7_0_0_in_context.xdc, line 263).
Applied set_property IO_BUFFER_TYPE = NONE for hdmi_out_clk_n. (constraint file  /run/media/pjs/6A43-DC8A/smollm2-zybo/hw/vivado_project/GPTalk.gen/sources_1/bd/design_1/ip/design_1_rgb2dvi_1_0/design_1_rgb2dvi_1_0/design_1_rgb2dvi_1_0_in_context.xdc, line 1).
Applied set_property CLOCK_BUFFER_TYPE = NONE for hdmi_out_clk_n. (constraint file  /run/media/pjs/6A43-DC8A/smollm2-zybo/hw/vivado_project/GPTalk.gen/sources_1/bd/design_1/ip/design_1_rgb2dvi_1_0/design_1_rgb2dvi_1_0/design_1_rgb2dvi_1_0_in_context.xdc, line 2).
Applied set_property IO_BUFFER_TYPE = NONE for hdmi_out_clk_p. (constraint file  /run/media/pjs/6A43-DC8A/smollm2-zybo/hw/vivado_project/GPTalk.gen/sources_1/bd/design_1/ip/design_1_rgb2dvi_1_0/design_1_rgb2dvi_1_0/design_1_rgb2dvi_1_0_in_context.xdc, line 3).
Applied set_property CLOCK_BUFFER_TYPE = NONE for hdmi_out_clk_p. (constraint file  /run/media/pjs/6A43-DC8A/smollm2-zybo/hw/vivado_project/GPTalk.gen/sources_1/bd/design_1/ip/design_1_rgb2dvi_1_0/design_1_rgb2dvi_1_0/design_1_rgb2dvi_1_0_in_context.xdc, line 4).
Applied set_property IO_BUFFER_TYPE = NONE for hdmi_out_data_n[0]. (constraint file  /run/media/pjs/6A43-DC8A/smollm2-zybo/hw/vivado_project/GPTalk.gen/sources_1/bd/design_1/ip/design_1_rgb2dvi_1_0/design_1_rgb2dvi_1_0/design_1_rgb2dvi_1_0_in_context.xdc, line 5).
Applied set_property CLOCK_BUFFER_TYPE = NONE for hdmi_out_data_n[0]. (constraint file  /run/media/pjs/6A43-DC8A/smollm2-zybo/hw/vivado_project/GPTalk.gen/sources_1/bd/design_1/ip/design_1_rgb2dvi_1_0/design_1_rgb2dvi_1_0/design_1_rgb2dvi_1_0_in_context.xdc, line 6).
Applied set_property IO_BUFFER_TYPE = NONE for hdmi_out_data_n[1]. (constraint file  /run/media/pjs/6A43-DC8A/smollm2-zybo/hw/vivado_project/GPTalk.gen/sources_1/bd/design_1/ip/design_1_rgb2dvi_1_0/design_1_rgb2dvi_1_0/design_1_rgb2dvi_1_0_in_context.xdc, line 7).
Applied set_property CLOCK_BUFFER_TYPE = NONE for hdmi_out_data_n[1]. (constraint file  /run/media/pjs/6A43-DC8A/smollm2-zybo/hw/vivado_project/GPTalk.gen/sources_1/bd/design_1/ip/design_1_rgb2dvi_1_0/design_1_rgb2dvi_1_0/design_1_rgb2dvi_1_0_in_context.xdc, line 8).
Applied set_property IO_BUFFER_TYPE = NONE for hdmi_out_data_n[2]. (constraint file  /run/media/pjs/6A43-DC8A/smollm2-zybo/hw/vivado_project/GPTalk.gen/sources_1/bd/design_1/ip/design_1_rgb2dvi_1_0/design_1_rgb2dvi_1_0/design_1_rgb2dvi_1_0_in_context.xdc, line 9).
Applied set_property CLOCK_BUFFER_TYPE = NONE for hdmi_out_data_n[2]. (constraint file  /run/media/pjs/6A43-DC8A/smollm2-zybo/hw/vivado_project/GPTalk.gen/sources_1/bd/design_1/ip/design_1_rgb2dvi_1_0/design_1_rgb2dvi_1_0/design_1_rgb2dvi_1_0_in_context.xdc, line 10).
Applied set_property IO_BUFFER_TYPE = NONE for hdmi_out_data_p[0]. (constraint file  /run/media/pjs/6A43-DC8A/smollm2-zybo/hw/vivado_project/GPTalk.gen/sources_1/bd/design_1/ip/design_1_rgb2dvi_1_0/design_1_rgb2dvi_1_0/design_1_rgb2dvi_1_0_in_context.xdc, line 11).
Applied set_property CLOCK_BUFFER_TYPE = NONE for hdmi_out_data_p[0]. (constraint file  /run/media/pjs/6A43-DC8A/smollm2-zybo/hw/vivado_project/GPTalk.gen/sources_1/bd/design_1/ip/design_1_rgb2dvi_1_0/design_1_rgb2dvi_1_0/design_1_rgb2dvi_1_0_in_context.xdc, line 12).
Applied set_property IO_BUFFER_TYPE = NONE for hdmi_out_data_p[1]. (constraint file  /run/media/pjs/6A43-DC8A/smollm2-zybo/hw/vivado_project/GPTalk.gen/sources_1/bd/design_1/ip/design_1_rgb2dvi_1_0/design_1_rgb2dvi_1_0/design_1_rgb2dvi_1_0_in_context.xdc, line 13).
Applied set_property CLOCK_BUFFER_TYPE = NONE for hdmi_out_data_p[1]. (constraint file  /run/media/pjs/6A43-DC8A/smollm2-zybo/hw/vivado_project/GPTalk.gen/sources_1/bd/design_1/ip/design_1_rgb2dvi_1_0/design_1_rgb2dvi_1_0/design_1_rgb2dvi_1_0_in_context.xdc, line 14).
Applied set_property IO_BUFFER_TYPE = NONE for hdmi_out_data_p[2]. (constraint file  /run/media/pjs/6A43-DC8A/smollm2-zybo/hw/vivado_project/GPTalk.gen/sources_1/bd/design_1/ip/design_1_rgb2dvi_1_0/design_1_rgb2dvi_1_0/design_1_rgb2dvi_1_0_in_context.xdc, line 15).
Applied set_property CLOCK_BUFFER_TYPE = NONE for hdmi_out_data_p[2]. (constraint file  /run/media/pjs/6A43-DC8A/smollm2-zybo/hw/vivado_project/GPTalk.gen/sources_1/bd/design_1/ip/design_1_rgb2dvi_1_0/design_1_rgb2dvi_1_0/design_1_rgb2dvi_1_0_in_context.xdc, line 16).
Applied set_property KEEP_HIERARCHY = SOFT for design_1_i. (constraint file  auto generated constraint).
Applied set_property KEEP_HIERARCHY = SOFT for design_1_i/processing_system7_0. (constraint file  auto generated constraint).
Applied set_property KEEP_HIERARCHY = SOFT for design_1_i/rst_ps7_0_100M. (constraint file  auto generated constraint).
Applied set_property KEEP_HIERARCHY = SOFT for design_1_i/rst_ps7_0_133M. (constraint file  auto generated constraint).
Applied set_property KEEP_HIERARCHY = SOFT for design_1_i/rst_ps7_0_gemv. (constraint file  auto generated constraint).
Applied set_property KEEP_HIERARCHY = SOFT for design_1_i/axi_ctrl_smc. (constraint file  auto generated constraint).
Applied set_property KEEP_HIERARCHY = SOFT for design_1_i/axi_video_hp0_smc. (constraint file  auto generated constraint).
Applied set_property KEEP_HIERARCHY = SOFT for design_1_i/axi_gemv_hp1_smc. (constraint file  auto generated constraint).
Applied set_property KEEP_HIERARCHY = SOFT for design_1_i/axi_gemv_ctrl_clkconv. (constraint file  auto generated constraint).
Applied set_property KEEP_HIERARCHY = SOFT for design_1_i/axi_bram_ctrl_clkconv. (constraint file  auto generated constraint).
Applied set_property KEEP_HIERARCHY = SOFT for design_1_i/axi_dma_ctrl_clkconv. (constraint file  auto generated constraint).
Applied set_property KEEP_HIERARCHY = SOFT for design_1_i/axi_dynclk_0. (constraint file  auto generated constraint).
Applied set_property KEEP_HIERARCHY = SOFT for design_1_i/v_tc_out. (constraint file  auto generated constraint).
Applied set_property KEEP_HIERARCHY = SOFT for design_1_i/axi_vdma_1. (constraint file  auto generated constraint).
Applied set_property KEEP_HIERARCHY = SOFT for design_1_i/axis_subset_converter_out. (constraint file  auto generated constraint).
Applied set_property KEEP_HIERARCHY = SOFT for design_1_i/v_axi4s_vid_out_0. (constraint file  auto generated constraint).
Applied set_property KEEP_HIERARCHY = SOFT for design_1_i/rgb2dvi_1. (constraint file  auto generated constraint).
Applied set_property KEEP_HIERARCHY = SOFT for design_1_i/axi_dma_0. (constraint file  auto generated constraint).
Applied set_property KEEP_HIERARCHY = SOFT for design_1_i/mm2s_axis_fifo. (constraint file  auto generated constraint).
Applied set_property KEEP_HIERARCHY = SOFT for design_1_i/s2mm_axis_fifo. (constraint file  auto generated constraint).
Applied set_property KEEP_HIERARCHY = SOFT for design_1_i/axi_input_bram_ctrl. (constraint file  auto generated constraint).
Applied set_property KEEP_HIERARCHY = SOFT for design_1_i/input_vector_bram. (constraint file  auto generated constraint).
Applied set_property KEEP_HIERARCHY = SOFT for design_1_i/gemv_q8_0_dma_top_0. (constraint file  auto generated constraint).
Applied set_property KEEP_HIERARCHY = SOFT for design_1_i/xlconcat_0. (constraint file  auto generated constraint).
---------------------------------------------------------------------------------
Finished applying 'set_property' XDC Constraints : Time (s): cpu = 00:00:06 ; elapsed = 00:00:06 . Memory (MB): peak = 2226.355 ; gain = 542.266 ; free physical = 43581 ; free virtual = 63657
---------------------------------------------------------------------------------
---------------------------------------------------------------------------------
Finished RTL Optimization Phase 2 : Time (s): cpu = 00:00:06 ; elapsed = 00:00:06 . Memory (MB): peak = 2226.355 ; gain = 542.266 ; free physical = 43579 ; free virtual = 63657
---------------------------------------------------------------------------------
---------------------------------------------------------------------------------
Start RTL Component Statistics 
---------------------------------------------------------------------------------
Detailed RTL Component Info : 
---------------------------------------------------------------------------------
Finished RTL Component Statistics 
---------------------------------------------------------------------------------
---------------------------------------------------------------------------------
Start Part Resource Summary
---------------------------------------------------------------------------------
Part Resources:
DSPs: 220 (col length:60)
BRAMs: 280 (col length: RAMB18 60 RAMB36 30)
---------------------------------------------------------------------------------
Finished Part Resource Summary
---------------------------------------------------------------------------------
---------------------------------------------------------------------------------
Start Cross Boundary and Area Optimization
---------------------------------------------------------------------------------
WARNING: [Synth 8-7080] Parallel synthesis criteria is not met
---------------------------------------------------------------------------------
Finished Cross Boundary and Area Optimization : Time (s): cpu = 00:00:07 ; elapsed = 00:00:07 . Memory (MB): peak = 2226.355 ; gain = 542.266 ; free physical = 43582 ; free virtual = 63665
---------------------------------------------------------------------------------
---------------------------------------------------------------------------------
Start Applying XDC Timing Constraints
---------------------------------------------------------------------------------
---------------------------------------------------------------------------------
Finished Applying XDC Timing Constraints : Time (s): cpu = 00:00:09 ; elapsed = 00:00:09 . Memory (MB): peak = 2297.355 ; gain = 613.266 ; free physical = 43515 ; free virtual = 63599
---------------------------------------------------------------------------------
---------------------------------------------------------------------------------
Start Timing Optimization
---------------------------------------------------------------------------------
---------------------------------------------------------------------------------
Finished Timing Optimization : Time (s): cpu = 00:00:09 ; elapsed = 00:00:09 . Memory (MB): peak = 2297.355 ; gain = 613.266 ; free physical = 43515 ; free virtual = 63599
---------------------------------------------------------------------------------
---------------------------------------------------------------------------------
Start Technology Mapping
---------------------------------------------------------------------------------
---------------------------------------------------------------------------------
Finished Technology Mapping : Time (s): cpu = 00:00:09 ; elapsed = 00:00:09 . Memory (MB): peak = 2310.371 ; gain = 626.281 ; free physical = 43507 ; free virtual = 63591
---------------------------------------------------------------------------------
---------------------------------------------------------------------------------
Start IO Insertion
---------------------------------------------------------------------------------
---------------------------------------------------------------------------------
Start Flattening Before IO Insertion
---------------------------------------------------------------------------------
---------------------------------------------------------------------------------
Finished Flattening Before IO Insertion
---------------------------------------------------------------------------------
---------------------------------------------------------------------------------
Start Final Netlist Cleanup
---------------------------------------------------------------------------------
---------------------------------------------------------------------------------
Finished Final Netlist Cleanup
---------------------------------------------------------------------------------
---------------------------------------------------------------------------------
Finished IO Insertion : Time (s): cpu = 00:00:11 ; elapsed = 00:00:11 . Memory (MB): peak = 2478.184 ; gain = 794.094 ; free physical = 43447 ; free virtual = 63530
---------------------------------------------------------------------------------
---------------------------------------------------------------------------------
Start Renaming Generated Instances
---------------------------------------------------------------------------------
---------------------------------------------------------------------------------
Finished Renaming Generated Instances : Time (s): cpu = 00:00:11 ; elapsed = 00:00:11 . Memory (MB): peak = 2478.184 ; gain = 794.094 ; free physical = 43447 ; free virtual = 63530
---------------------------------------------------------------------------------
---------------------------------------------------------------------------------
Start Rebuilding User Hierarchy
---------------------------------------------------------------------------------
---------------------------------------------------------------------------------
Finished Rebuilding User Hierarchy : Time (s): cpu = 00:00:11 ; elapsed = 00:00:11 . Memory (MB): peak = 2478.184 ; gain = 794.094 ; free physical = 43447 ; free virtual = 63530
---------------------------------------------------------------------------------
---------------------------------------------------------------------------------
Start Renaming Generated Ports
---------------------------------------------------------------------------------
---------------------------------------------------------------------------------
Finished Renaming Generated Ports : Time (s): cpu = 00:00:11 ; elapsed = 00:00:11 . Memory (MB): peak = 2478.184 ; gain = 794.094 ; free physical = 43447 ; free virtual = 63530
---------------------------------------------------------------------------------
---------------------------------------------------------------------------------
Start Handling Custom Attributes
---------------------------------------------------------------------------------
---------------------------------------------------------------------------------
Finished Handling Custom Attributes : Time (s): cpu = 00:00:11 ; elapsed = 00:00:11 . Memory (MB): peak = 2478.184 ; gain = 794.094 ; free physical = 43447 ; free virtual = 63530
---------------------------------------------------------------------------------
---------------------------------------------------------------------------------
Start Renaming Generated Nets
---------------------------------------------------------------------------------
---------------------------------------------------------------------------------
Finished Renaming Generated Nets : Time (s): cpu = 00:00:11 ; elapsed = 00:00:11 . Memory (MB): peak = 2478.184 ; gain = 794.094 ; free physical = 43447 ; free virtual = 63530
---------------------------------------------------------------------------------
---------------------------------------------------------------------------------
Start Writing Synthesis Report
---------------------------------------------------------------------------------

Report BlackBoxes: 
+------+-------------------------------------+----------+
|      |BlackBox name                        |Instances |
+------+-------------------------------------+----------+
|1     |design_1_axi_bram_ctrl_clkconv_0     |         1|
|2     |design_1_axi_ctrl_smc_0              |         1|
|3     |design_1_axi_dma_0_0                 |         1|
|4     |design_1_axi_dma_ctrl_clkconv_0      |         1|
|5     |design_1_axi_dynclk_0_0              |         1|
|6     |design_1_axi_gemv_ctrl_clkconv_0     |         1|
|7     |design_1_axi_gemv_hp1_smc_0          |         1|
|8     |design_1_axi_input_bram_ctrl_0       |         1|
|9     |design_1_axi_vdma_1_0                |         1|
|10    |design_1_axi_video_hp0_smc_0         |         1|
|11    |design_1_axis_subset_converter_out_0 |         1|
|12    |design_1_gemv_q8_0_dma_top_0_0       |         1|
|13    |design_1_input_vector_bram_0         |         1|
|14    |design_1_mm2s_axis_fifo_0            |         1|
|15    |design_1_processing_system7_0_0      |         1|
|16    |design_1_rgb2dvi_1_0                 |         1|
|17    |design_1_rst_ps7_0_100M_0            |         1|
|18    |design_1_rst_ps7_0_133M_0            |         1|
|19    |design_1_rst_ps7_0_gemv_0            |         1|
|20    |design_1_s2mm_axis_fifo_0            |         1|
|21    |design_1_v_axi4s_vid_out_0_0         |         1|
|22    |design_1_v_tc_out_0                  |         1|
+------+-------------------------------------+----------+

Report Cell Usage: 
+------+-----------------------------------+------+
|      |Cell                               |Count |
+------+-----------------------------------+------+
|1     |design_1_axi_bram_ctrl_clkconv     |     1|
|2     |design_1_axi_ctrl_smc              |     1|
|3     |design_1_axi_dma_0                 |     1|
|4     |design_1_axi_dma_ctrl_clkconv      |     1|
|5     |design_1_axi_dynclk_0              |     1|
|6     |design_1_axi_gemv_ctrl_clkconv     |     1|
|7     |design_1_axi_gemv_hp1_smc          |     1|
|8     |design_1_axi_input_bram_ctrl       |     1|
|9     |design_1_axi_vdma_1                |     1|
|10    |design_1_axi_video_hp0_smc         |     1|
|11    |design_1_axis_subset_converter_out |     1|
|12    |design_1_gemv_q8_0_dma_top_0       |     1|
|13    |design_1_input_vector_bram         |     1|
|14    |design_1_mm2s_axis_fifo            |     1|
|15    |design_1_processing_system7_0      |     1|
|16    |design_1_rgb2dvi_1                 |     1|
|17    |design_1_rst_ps7_0_100M            |     1|
|18    |design_1_rst_ps7_0_133M            |     1|
|19    |design_1_rst_ps7_0_gemv            |     1|
|20    |design_1_s2mm_axis_fifo            |     1|
|21    |design_1_v_axi4s_vid_out_0         |     1|
|22    |design_1_v_tc_out                  |     1|
|23    |IOBUF                              |     2|
+------+-----------------------------------+------+
---------------------------------------------------------------------------------
Finished Writing Synthesis Report : Time (s): cpu = 00:00:11 ; elapsed = 00:00:11 . Memory (MB): peak = 2478.184 ; gain = 794.094 ; free physical = 43447 ; free virtual = 63530
---------------------------------------------------------------------------------
Synthesis finished with 0 errors, 0 critical warnings and 1 warnings.
Synthesis Optimization Runtime : Time (s): cpu = 00:00:10 ; elapsed = 00:00:10 . Memory (MB): peak = 2478.184 ; gain = 745.168 ; free physical = 43447 ; free virtual = 63530
Synthesis Optimization Complete : Time (s): cpu = 00:00:11 ; elapsed = 00:00:11 . Memory (MB): peak = 2478.191 ; gain = 794.094 ; free physical = 43447 ; free virtual = 63530
INFO: [Project 1-571] Translating synthesized netlist
Netlist sorting complete. Time (s): cpu = 00:00:00 ; elapsed = 00:00:00.01 . Memory (MB): peak = 2478.191 ; gain = 0.000 ; free physical = 43614 ; free virtual = 63698
INFO: [Netlist 29-17] Analyzing 2 Unisim elements for replacement
INFO: [Netlist 29-28] Unisim Transformation completed in 0 CPU seconds
INFO: [Project 1-570] Preparing netlist for logic optimization
INFO: [Opt 31-138] Pushed 0 inverter(s) to 0 load pin(s).
Netlist sorting complete. Time (s): cpu = 00:00:00 ; elapsed = 00:00:00 . Memory (MB): peak = 2478.191 ; gain = 0.000 ; free physical = 43615 ; free virtual = 63699
INFO: [Project 1-111] Unisim Transformation Summary:
  A total of 2 instances were transformed.
  IOBUF => IOBUF (IBUF, OBUFT): 2 instances

Synth Design complete | Checksum: 18be6877
INFO: [Common 17-83] Releasing license: Synthesis
83 Infos, 173 Warnings, 0 Critical Warnings and 0 Errors encountered.
synth_design completed successfully
synth_design: Time (s): cpu = 00:00:16 ; elapsed = 00:00:15 . Memory (MB): peak = 2478.191 ; gain = 1058.234 ; free physical = 43615 ; free virtual = 63699
INFO: [Common 17-2834] synth_design peak Physical Memory [PSS] (MB): overall = 1809.725; main = 1670.512; forked = 266.979
INFO: [Common 17-2834] synth_design peak Virtual Memory [VSS] (MB): overall = 3327.762; main = 2478.188; forked = 947.387
Write ShapeDB Complete: Time (s): cpu = 00:00:00 ; elapsed = 00:00:00 . Memory (MB): peak = 2502.195 ; gain = 0.000 ; free physical = 43615 ; free virtual = 63699
INFO: [Common 17-1381] The checkpoint '/run/media/pjs/6A43-DC8A/smollm2-zybo/hw/vivado_project/GPTalk.runs/synth_1/design_1_wrapper.dcp' has been generated.
INFO: [Vivado 12-24828] Executing command : report_utilization -file design_1_wrapper_utilization_synth.rpt -pb design_1_wrapper_utilization_synth.pb
INFO: [Common 17-206] Exiting Vivado at Mon Jun 29 15:50:04 2026...
[Mon Jun 29 15:50:14 2026] synth_1 finished
wait_on_runs: Time (s): cpu = 00:09:05 ; elapsed = 00:02:58 . Memory (MB): peak = 2116.488 ; gain = 0.000 ; free physical = 45089 ; free virtual = 65166
# assert_run_complete synth_1
# reset_run_clean impl_1
# launch_runs impl_1 -to_step write_bitstream -jobs $vivado_jobs
[Mon Jun 29 15:50:18 2026] Launched impl_1...
Run output will be captured here: /run/media/pjs/6A43-DC8A/smollm2-zybo/hw/vivado_project/GPTalk.runs/impl_1/runme.log
# wait_on_run impl_1
[Mon Jun 29 15:50:18 2026] Waiting for impl_1 to finish...

*** Running vivado
    with args -log design_1_wrapper.vdi -applog -m64 -product Vivado -messageDb vivado.pb -mode batch -source design_1_wrapper.tcl -notrace


****** Vivado v2024.2.2 (64-bit)
  **** SW Build 6060944 on Thu Mar 06 19:10:09 MST 2025
  **** IP Build 6050500 on Thu Mar  6 23:33:39 MST 2025
  **** SharedData Build 6060542 on Thu Mar 06 10:31:07 MST 2025
  **** Start of session at: Mon Jun 29 15:50:19 2026
    ** Copyright 1986-2022 Xilinx, Inc. All Rights Reserved.
    ** Copyright 2022-2025 Advanced Micro Devices, Inc. All Rights Reserved.

CRITICAL WARNING: [Common 17-741] No write access right to the local Tcl store at '/home/pjs/.Xilinx/Vivado/2024.2.2/XilinxTclStore'. XilinxTclStore is reverted to the installation area. If you want to use local Tcl Store, please change the access right and relaunch Vivado.
Sourcing tcl script '/home/pjs/.Xilinx/Vivado/Vivado_init.tcl'
source design_1_wrapper.tcl -notrace
INFO: [IP_Flow 19-234] Refreshing IP repositories
INFO: [IP_Flow 19-1700] Loaded user IP repository '/run/media/pjs/6A43-DC8A/smollm2-zybo/third_party/digilent-vivado-library/if'.
INFO: [IP_Flow 19-1700] Loaded user IP repository '/run/media/pjs/6A43-DC8A/smollm2-zybo/third_party/digilent-vivado-library/ip'.
INFO: [IP_Flow 19-2313] Loaded Vivado IP repository '/tools/Xilinx/Vivado/2024.2/data/ip'.
Command: link_design -top design_1_wrapper -part xc7z020clg400-1
Design is defaulting to srcset: sources_1
Design is defaulting to constrset: constrs_1
INFO: [Device 21-403] Loading part xc7z020clg400-1
INFO: [Project 1-454] Reading design checkpoint '/run/media/pjs/6A43-DC8A/smollm2-zybo/hw/vivado_project/GPTalk.gen/sources_1/bd/design_1/ip/design_1_axi_bram_ctrl_clkconv_0/design_1_axi_bram_ctrl_clkconv_0.dcp' for cell 'design_1_i/axi_bram_ctrl_clkconv'
INFO: [Project 1-454] Reading design checkpoint '/run/media/pjs/6A43-DC8A/smollm2-zybo/hw/vivado_project/GPTalk.gen/sources_1/bd/design_1/ip/design_1_axi_ctrl_smc_0/design_1_axi_ctrl_smc_0.dcp' for cell 'design_1_i/axi_ctrl_smc'
INFO: [Project 1-454] Reading design checkpoint '/run/media/pjs/6A43-DC8A/smollm2-zybo/hw/vivado_project/GPTalk.gen/sources_1/bd/design_1/ip/design_1_axi_dma_0_0/design_1_axi_dma_0_0.dcp' for cell 'design_1_i/axi_dma_0'
INFO: [Project 1-454] Reading design checkpoint '/run/media/pjs/6A43-DC8A/smollm2-zybo/hw/vivado_project/GPTalk.gen/sources_1/bd/design_1/ip/design_1_axi_dma_ctrl_clkconv_0/design_1_axi_dma_ctrl_clkconv_0.dcp' for cell 'design_1_i/axi_dma_ctrl_clkconv'
INFO: [Project 1-454] Reading design checkpoint '/run/media/pjs/6A43-DC8A/smollm2-zybo/hw/vivado_project/GPTalk.gen/sources_1/bd/design_1/ip/design_1_axi_dynclk_0_0/design_1_axi_dynclk_0_0.dcp' for cell 'design_1_i/axi_dynclk_0'
INFO: [Project 1-454] Reading design checkpoint '/run/media/pjs/6A43-DC8A/smollm2-zybo/hw/vivado_project/GPTalk.gen/sources_1/bd/design_1/ip/design_1_axi_gemv_ctrl_clkconv_0/design_1_axi_gemv_ctrl_clkconv_0.dcp' for cell 'design_1_i/axi_gemv_ctrl_clkconv'
INFO: [Project 1-454] Reading design checkpoint '/run/media/pjs/6A43-DC8A/smollm2-zybo/hw/vivado_project/GPTalk.gen/sources_1/bd/design_1/ip/design_1_axi_gemv_hp1_smc_0/design_1_axi_gemv_hp1_smc_0.dcp' for cell 'design_1_i/axi_gemv_hp1_smc'
INFO: [Project 1-454] Reading design checkpoint '/run/media/pjs/6A43-DC8A/smollm2-zybo/hw/vivado_project/GPTalk.gen/sources_1/bd/design_1/ip/design_1_axi_input_bram_ctrl_0/design_1_axi_input_bram_ctrl_0.dcp' for cell 'design_1_i/axi_input_bram_ctrl'
INFO: [Project 1-454] Reading design checkpoint '/run/media/pjs/6A43-DC8A/smollm2-zybo/hw/vivado_project/GPTalk.gen/sources_1/bd/design_1/ip/design_1_axi_vdma_1_0/design_1_axi_vdma_1_0.dcp' for cell 'design_1_i/axi_vdma_1'
INFO: [Project 1-454] Reading design checkpoint '/run/media/pjs/6A43-DC8A/smollm2-zybo/hw/vivado_project/GPTalk.gen/sources_1/bd/design_1/ip/design_1_axi_video_hp0_smc_0/design_1_axi_video_hp0_smc_0.dcp' for cell 'design_1_i/axi_video_hp0_smc'
INFO: [Project 1-454] Reading design checkpoint '/run/media/pjs/6A43-DC8A/smollm2-zybo/hw/vivado_project/GPTalk.gen/sources_1/bd/design_1/ip/design_1_axis_subset_converter_out_0/design_1_axis_subset_converter_out_0.dcp' for cell 'design_1_i/axis_subset_converter_out'
INFO: [Project 1-454] Reading design checkpoint '/run/media/pjs/6A43-DC8A/smollm2-zybo/hw/vivado_project/GPTalk.gen/sources_1/bd/design_1/ip/design_1_gemv_q8_0_dma_top_0_0/design_1_gemv_q8_0_dma_top_0_0.dcp' for cell 'design_1_i/gemv_q8_0_dma_top_0'
INFO: [Project 1-454] Reading design checkpoint '/run/media/pjs/6A43-DC8A/smollm2-zybo/hw/vivado_project/GPTalk.gen/sources_1/bd/design_1/ip/design_1_input_vector_bram_0/design_1_input_vector_bram_0.dcp' for cell 'design_1_i/input_vector_bram'
INFO: [Project 1-454] Reading design checkpoint '/run/media/pjs/6A43-DC8A/smollm2-zybo/hw/vivado_project/GPTalk.gen/sources_1/bd/design_1/ip/design_1_mm2s_axis_fifo_0/design_1_mm2s_axis_fifo_0.dcp' for cell 'design_1_i/mm2s_axis_fifo'
INFO: [Project 1-454] Reading design checkpoint '/run/media/pjs/6A43-DC8A/smollm2-zybo/hw/vivado_project/GPTalk.gen/sources_1/bd/design_1/ip/design_1_processing_system7_0_0/design_1_processing_system7_0_0.dcp' for cell 'design_1_i/processing_system7_0'
INFO: [Project 1-454] Reading design checkpoint '/run/media/pjs/6A43-DC8A/smollm2-zybo/hw/vivado_project/GPTalk.gen/sources_1/bd/design_1/ip/design_1_rgb2dvi_1_0/design_1_rgb2dvi_1_0.dcp' for cell 'design_1_i/rgb2dvi_1'
INFO: [Project 1-454] Reading design checkpoint '/run/media/pjs/6A43-DC8A/smollm2-zybo/hw/vivado_project/GPTalk.gen/sources_1/bd/design_1/ip/design_1_rst_ps7_0_100M_0/design_1_rst_ps7_0_100M_0.dcp' for cell 'design_1_i/rst_ps7_0_100M'
INFO: [Project 1-454] Reading design checkpoint '/run/media/pjs/6A43-DC8A/smollm2-zybo/hw/vivado_project/GPTalk.gen/sources_1/bd/design_1/ip/design_1_rst_ps7_0_133M_0/design_1_rst_ps7_0_133M_0.dcp' for cell 'design_1_i/rst_ps7_0_133M'
INFO: [Project 1-454] Reading design checkpoint '/run/media/pjs/6A43-DC8A/smollm2-zybo/hw/vivado_project/GPTalk.gen/sources_1/bd/design_1/ip/design_1_rst_ps7_0_gemv_0/design_1_rst_ps7_0_gemv_0.dcp' for cell 'design_1_i/rst_ps7_0_gemv'
INFO: [Project 1-454] Reading design checkpoint '/run/media/pjs/6A43-DC8A/smollm2-zybo/hw/vivado_project/GPTalk.gen/sources_1/bd/design_1/ip/design_1_s2mm_axis_fifo_0/design_1_s2mm_axis_fifo_0.dcp' for cell 'design_1_i/s2mm_axis_fifo'
INFO: [Project 1-454] Reading design checkpoint '/run/media/pjs/6A43-DC8A/smollm2-zybo/hw/vivado_project/GPTalk.gen/sources_1/bd/design_1/ip/design_1_v_axi4s_vid_out_0_0/design_1_v_axi4s_vid_out_0_0.dcp' for cell 'design_1_i/v_axi4s_vid_out_0'
INFO: [Project 1-454] Reading design checkpoint '/run/media/pjs/6A43-DC8A/smollm2-zybo/hw/vivado_project/GPTalk.gen/sources_1/bd/design_1/ip/design_1_v_tc_out_0/design_1_v_tc_out_0.dcp' for cell 'design_1_i/v_tc_out'
Netlist sorting complete. Time (s): cpu = 00:00:00.36 ; elapsed = 00:00:00.36 . Memory (MB): peak = 1756.086 ; gain = 0.000 ; free physical = 44259 ; free virtual = 64336
INFO: [Netlist 29-17] Analyzing 2551 Unisim elements for replacement
INFO: [Netlist 29-28] Unisim Transformation completed in 0 CPU seconds
INFO: [Project 1-479] Netlist was created with Vivado 2024.2.2
INFO: [Project 1-570] Preparing netlist for logic optimization
Parsing XDC File [/run/media/pjs/6A43-DC8A/smollm2-zybo/hw/vivado_project/GPTalk.gen/sources_1/bd/design_1/ip/design_1_axi_video_hp0_smc_0/bd_0/ip/ip_1/bd_aff9_psr_aclk_0_board.xdc] for cell 'design_1_i/axi_video_hp0_smc/inst/clk_map/psr_aclk/U0'
Finished Parsing XDC File [/run/media/pjs/6A43-DC8A/smollm2-zybo/hw/vivado_project/GPTalk.gen/sources_1/bd/design_1/ip/design_1_axi_video_hp0_smc_0/bd_0/ip/ip_1/bd_aff9_psr_aclk_0_board.xdc] for cell 'design_1_i/axi_video_hp0_smc/inst/clk_map/psr_aclk/U0'
Parsing XDC File [/run/media/pjs/6A43-DC8A/smollm2-zybo/hw/vivado_project/GPTalk.gen/sources_1/bd/design_1/ip/design_1_axi_dma_0_0/design_1_axi_dma_0_0.xdc] for cell 'design_1_i/axi_dma_0/U0'
WARNING: [Vivado_Tcl 4-921] Waiver ID 'CDC-1' -to list should not be empty. [/run/media/pjs/6A43-DC8A/smollm2-zybo/hw/vivado_project/GPTalk.gen/sources_1/bd/design_1/ip/design_1_axi_dma_0_0/design_1_axi_dma_0_0.xdc:52]
WARNING: [Vivado_Tcl 4-921] Waiver ID 'CDC-1' -to list should not be empty. [/run/media/pjs/6A43-DC8A/smollm2-zybo/hw/vivado_project/GPTalk.gen/sources_1/bd/design_1/ip/design_1_axi_dma_0_0/design_1_axi_dma_0_0.xdc:56]
WARNING: [Vivado_Tcl 4-919] Waiver ID 'CDC-1' -from list should not be empty. [/run/media/pjs/6A43-DC8A/smollm2-zybo/hw/vivado_project/GPTalk.gen/sources_1/bd/design_1/ip/design_1_axi_dma_0_0/design_1_axi_dma_0_0.xdc:61]
Finished Parsing XDC File [/run/media/pjs/6A43-DC8A/smollm2-zybo/hw/vivado_project/GPTalk.gen/sources_1/bd/design_1/ip/design_1_axi_dma_0_0/design_1_axi_dma_0_0.xdc] for cell 'design_1_i/axi_dma_0/U0'
Parsing XDC File [/run/media/pjs/6A43-DC8A/smollm2-zybo/hw/vivado_project/GPTalk.gen/sources_1/bd/design_1/ip/design_1_rgb2dvi_1_0/src/rgb2dvi.xdc] for cell 'design_1_i/rgb2dvi_1/U0'
Finished Parsing XDC File [/run/media/pjs/6A43-DC8A/smollm2-zybo/hw/vivado_project/GPTalk.gen/sources_1/bd/design_1/ip/design_1_rgb2dvi_1_0/src/rgb2dvi.xdc] for cell 'design_1_i/rgb2dvi_1/U0'
Parsing XDC File [/run/media/pjs/6A43-DC8A/smollm2-zybo/hw/vivado_project/GPTalk.gen/sources_1/bd/design_1/ip/design_1_axi_vdma_1_0/design_1_axi_vdma_1_0.xdc] for cell 'design_1_i/axi_vdma_1/U0'
WARNING: [Vivado_Tcl 4-921] Waiver ID 'CDC-4' -to list should not be empty. [/run/media/pjs/6A43-DC8A/smollm2-zybo/hw/vivado_project/GPTalk.gen/sources_1/bd/design_1/ip/design_1_axi_vdma_1_0/design_1_axi_vdma_1_0.xdc:60]
WARNING: [Vivado_Tcl 4-921] Waiver ID 'CDC-4' -to list should not be empty. [/run/media/pjs/6A43-DC8A/smollm2-zybo/hw/vivado_project/GPTalk.gen/sources_1/bd/design_1/ip/design_1_axi_vdma_1_0/design_1_axi_vdma_1_0.xdc:64]
WARNING: [Vivado_Tcl 4-921] Waiver ID 'CDC-4' -to list should not be empty. [/run/media/pjs/6A43-DC8A/smollm2-zybo/hw/vivado_project/GPTalk.gen/sources_1/bd/design_1/ip/design_1_axi_vdma_1_0/design_1_axi_vdma_1_0.xdc:88]
WARNING: [Vivado_Tcl 4-921] Waiver ID 'CDC-4' -to list should not be empty. [/run/media/pjs/6A43-DC8A/smollm2-zybo/hw/vivado_project/GPTalk.gen/sources_1/bd/design_1/ip/design_1_axi_vdma_1_0/design_1_axi_vdma_1_0.xdc:92]
WARNING: [Vivado_Tcl 4-921] Waiver ID 'CDC-4' -to list should not be empty. [/run/media/pjs/6A43-DC8A/smollm2-zybo/hw/vivado_project/GPTalk.gen/sources_1/bd/design_1/ip/design_1_axi_vdma_1_0/design_1_axi_vdma_1_0.xdc:96]
WARNING: [Vivado_Tcl 4-921] Waiver ID 'CDC-4' -to list should not be empty. [/run/media/pjs/6A43-DC8A/smollm2-zybo/hw/vivado_project/GPTalk.gen/sources_1/bd/design_1/ip/design_1_axi_vdma_1_0/design_1_axi_vdma_1_0.xdc:100]
WARNING: [Vivado_Tcl 4-921] Waiver ID 'CDC-4' -to list should not be empty. [/run/media/pjs/6A43-DC8A/smollm2-zybo/hw/vivado_project/GPTalk.gen/sources_1/bd/design_1/ip/design_1_axi_vdma_1_0/design_1_axi_vdma_1_0.xdc:104]
WARNING: [Vivado_Tcl 4-921] Waiver ID 'CDC-1' -to list should not be empty. [/run/media/pjs/6A43-DC8A/smollm2-zybo/hw/vivado_project/GPTalk.gen/sources_1/bd/design_1/ip/design_1_axi_vdma_1_0/design_1_axi_vdma_1_0.xdc:108]
WARNING: [Vivado_Tcl 4-921] Waiver ID 'CDC-4' -to list should not be empty. [/run/media/pjs/6A43-DC8A/smollm2-zybo/hw/vivado_project/GPTalk.gen/sources_1/bd/design_1/ip/design_1_axi_vdma_1_0/design_1_axi_vdma_1_0.xdc:116]
WARNING: [Vivado_Tcl 4-921] Waiver ID 'CDC-4' -to list should not be empty. [/run/media/pjs/6A43-DC8A/smollm2-zybo/hw/vivado_project/GPTalk.gen/sources_1/bd/design_1/ip/design_1_axi_vdma_1_0/design_1_axi_vdma_1_0.xdc:120]
WARNING: [Vivado_Tcl 4-921] Waiver ID 'CDC-1' -to list should not be empty. [/run/media/pjs/6A43-DC8A/smollm2-zybo/hw/vivado_project/GPTalk.gen/sources_1/bd/design_1/ip/design_1_axi_vdma_1_0/design_1_axi_vdma_1_0.xdc:124]
WARNING: [Vivado_Tcl 4-921] Waiver ID 'CDC-4' -to list should not be empty. [/run/media/pjs/6A43-DC8A/smollm2-zybo/hw/vivado_project/GPTalk.gen/sources_1/bd/design_1/ip/design_1_axi_vdma_1_0/design_1_axi_vdma_1_0.xdc:136]
WARNING: [Vivado_Tcl 4-921] Waiver ID 'CDC-4' -to list should not be empty. [/run/media/pjs/6A43-DC8A/smollm2-zybo/hw/vivado_project/GPTalk.gen/sources_1/bd/design_1/ip/design_1_axi_vdma_1_0/design_1_axi_vdma_1_0.xdc:140]
WARNING: [Vivado_Tcl 4-921] Waiver ID 'CDC-1' -to list should not be empty. [/run/media/pjs/6A43-DC8A/smollm2-zybo/hw/vivado_project/GPTalk.gen/sources_1/bd/design_1/ip/design_1_axi_vdma_1_0/design_1_axi_vdma_1_0.xdc:144]
WARNING: [Vivado_Tcl 4-921] Waiver ID 'CDC-4' -to list should not be empty. [/run/media/pjs/6A43-DC8A/smollm2-zybo/hw/vivado_project/GPTalk.gen/sources_1/bd/design_1/ip/design_1_axi_vdma_1_0/design_1_axi_vdma_1_0.xdc:148]
WARNING: [Vivado_Tcl 4-921] Waiver ID 'CDC-4' -to list should not be empty. [/run/media/pjs/6A43-DC8A/smollm2-zybo/hw/vivado_project/GPTalk.gen/sources_1/bd/design_1/ip/design_1_axi_vdma_1_0/design_1_axi_vdma_1_0.xdc:152]
WARNING: [Vivado_Tcl 4-921] Waiver ID 'CDC-4' -to list should not be empty. [/run/media/pjs/6A43-DC8A/smollm2-zybo/hw/vivado_project/GPTalk.gen/sources_1/bd/design_1/ip/design_1_axi_vdma_1_0/design_1_axi_vdma_1_0.xdc:156]
WARNING: [Vivado_Tcl 4-921] Waiver ID 'CDC-4' -to list should not be empty. [/run/media/pjs/6A43-DC8A/smollm2-zybo/hw/vivado_project/GPTalk.gen/sources_1/bd/design_1/ip/design_1_axi_vdma_1_0/design_1_axi_vdma_1_0.xdc:160]
WARNING: [Vivado_Tcl 4-921] Waiver ID 'CDC-4' -to list should not be empty. [/run/media/pjs/6A43-DC8A/smollm2-zybo/hw/vivado_project/GPTalk.gen/sources_1/bd/design_1/ip/design_1_axi_vdma_1_0/design_1_axi_vdma_1_0.xdc:164]
WARNING: [Vivado_Tcl 4-921] Waiver ID 'CDC-4' -to list should not be empty. [/run/media/pjs/6A43-DC8A/smollm2-zybo/hw/vivado_project/GPTalk.gen/sources_1/bd/design_1/ip/design_1_axi_vdma_1_0/design_1_axi_vdma_1_0.xdc:168]
WARNING: [Vivado_Tcl 4-921] Waiver ID 'CDC-4' -to list should not be empty. [/run/media/pjs/6A43-DC8A/smollm2-zybo/hw/vivado_project/GPTalk.gen/sources_1/bd/design_1/ip/design_1_axi_vdma_1_0/design_1_axi_vdma_1_0.xdc:172]
WARNING: [Vivado_Tcl 4-921] Waiver ID 'CDC-1' -to list should not be empty. [/run/media/pjs/6A43-DC8A/smollm2-zybo/hw/vivado_project/GPTalk.gen/sources_1/bd/design_1/ip/design_1_axi_vdma_1_0/design_1_axi_vdma_1_0.xdc:176]
WARNING: [Vivado_Tcl 4-921] Waiver ID 'CDC-4' -to list should not be empty. [/run/media/pjs/6A43-DC8A/smollm2-zybo/hw/vivado_project/GPTalk.gen/sources_1/bd/design_1/ip/design_1_axi_vdma_1_0/design_1_axi_vdma_1_0.xdc:180]
WARNING: [Vivado_Tcl 4-921] Waiver ID 'CDC-1' -to list should not be empty. [/run/media/pjs/6A43-DC8A/smollm2-zybo/hw/vivado_project/GPTalk.gen/sources_1/bd/design_1/ip/design_1_axi_vdma_1_0/design_1_axi_vdma_1_0.xdc:184]
WARNING: [Vivado_Tcl 4-921] Waiver ID 'CDC-6' -to list should not be empty. [/run/media/pjs/6A43-DC8A/smollm2-zybo/hw/vivado_project/GPTalk.gen/sources_1/bd/design_1/ip/design_1_axi_vdma_1_0/design_1_axi_vdma_1_0.xdc:192]
WARNING: [Vivado_Tcl 4-921] Waiver ID 'CDC-6' -to list should not be empty. [/run/media/pjs/6A43-DC8A/smollm2-zybo/hw/vivado_project/GPTalk.gen/sources_1/bd/design_1/ip/design_1_axi_vdma_1_0/design_1_axi_vdma_1_0.xdc:196]
WARNING: [Vivado_Tcl 4-921] Waiver ID 'CDC-6' -to list should not be empty. [/run/media/pjs/6A43-DC8A/smollm2-zybo/hw/vivado_project/GPTalk.gen/sources_1/bd/design_1/ip/design_1_axi_vdma_1_0/design_1_axi_vdma_1_0.xdc:200]
WARNING: [Vivado_Tcl 4-921] Waiver ID 'CDC-6' -to list should not be empty. [/run/media/pjs/6A43-DC8A/smollm2-zybo/hw/vivado_project/GPTalk.gen/sources_1/bd/design_1/ip/design_1_axi_vdma_1_0/design_1_axi_vdma_1_0.xdc:204]
WARNING: [Vivado_Tcl 4-921] Waiver ID 'CDC-6' -to list should not be empty. [/run/media/pjs/6A43-DC8A/smollm2-zybo/hw/vivado_project/GPTalk.gen/sources_1/bd/design_1/ip/design_1_axi_vdma_1_0/design_1_axi_vdma_1_0.xdc:208]
WARNING: [Vivado_Tcl 4-921] Waiver ID 'CDC-6' -to list should not be empty. [/run/media/pjs/6A43-DC8A/smollm2-zybo/hw/vivado_project/GPTalk.gen/sources_1/bd/design_1/ip/design_1_axi_vdma_1_0/design_1_axi_vdma_1_0.xdc:212]
WARNING: [Vivado_Tcl 4-921] Waiver ID 'CDC-6' -to list should not be empty. [/run/media/pjs/6A43-DC8A/smollm2-zybo/hw/vivado_project/GPTalk.gen/sources_1/bd/design_1/ip/design_1_axi_vdma_1_0/design_1_axi_vdma_1_0.xdc:216]
WARNING: [Vivado_Tcl 4-921] Waiver ID 'CDC-6' -to list should not be empty. [/run/media/pjs/6A43-DC8A/smollm2-zybo/hw/vivado_project/GPTalk.gen/sources_1/bd/design_1/ip/design_1_axi_vdma_1_0/design_1_axi_vdma_1_0.xdc:220]
Finished Parsing XDC File [/run/media/pjs/6A43-DC8A/smollm2-zybo/hw/vivado_project/GPTalk.gen/sources_1/bd/design_1/ip/design_1_axi_vdma_1_0/design_1_axi_vdma_1_0.xdc] for cell 'design_1_i/axi_vdma_1/U0'
Parsing XDC File [/run/media/pjs/6A43-DC8A/smollm2-zybo/hw/vivado_project/GPTalk.gen/sources_1/bd/design_1/ip/design_1_axi_dynclk_0_0/src/axi_dynclk.xdc] for cell 'design_1_i/axi_dynclk_0/U0'
Finished Parsing XDC File [/run/media/pjs/6A43-DC8A/smollm2-zybo/hw/vivado_project/GPTalk.gen/sources_1/bd/design_1/ip/design_1_axi_dynclk_0_0/src/axi_dynclk.xdc] for cell 'design_1_i/axi_dynclk_0/U0'
Parsing XDC File [/run/media/pjs/6A43-DC8A/smollm2-zybo/hw/vivado_project/GPTalk.gen/sources_1/bd/design_1/ip/design_1_axi_gemv_hp1_smc_0/smartconnect.xdc] for cell 'design_1_i/axi_gemv_hp1_smc/inst'
Finished Parsing XDC File [/run/media/pjs/6A43-DC8A/smollm2-zybo/hw/vivado_project/GPTalk.gen/sources_1/bd/design_1/ip/design_1_axi_gemv_hp1_smc_0/smartconnect.xdc] for cell 'design_1_i/axi_gemv_hp1_smc/inst'
Parsing XDC File [/run/media/pjs/6A43-DC8A/smollm2-zybo/hw/vivado_project/GPTalk.gen/sources_1/bd/design_1/ip/design_1_axi_gemv_hp1_smc_0/bd_0/ip/ip_1/bd_836e_psr_aclk_0.xdc] for cell 'design_1_i/axi_gemv_hp1_smc/inst/clk_map/psr_aclk/U0'
Finished Parsing XDC File [/run/media/pjs/6A43-DC8A/smollm2-zybo/hw/vivado_project/GPTalk.gen/sources_1/bd/design_1/ip/design_1_axi_gemv_hp1_smc_0/bd_0/ip/ip_1/bd_836e_psr_aclk_0.xdc] for cell 'design_1_i/axi_gemv_hp1_smc/inst/clk_map/psr_aclk/U0'
Parsing XDC File [/run/media/pjs/6A43-DC8A/smollm2-zybo/hw/vivado_project/GPTalk.gen/sources_1/bd/design_1/ip/design_1_axi_gemv_hp1_smc_0/bd_0/ip/ip_1/bd_836e_psr_aclk_0_board.xdc] for cell 'design_1_i/axi_gemv_hp1_smc/inst/clk_map/psr_aclk/U0'
Finished Parsing XDC File [/run/media/pjs/6A43-DC8A/smollm2-zybo/hw/vivado_project/GPTalk.gen/sources_1/bd/design_1/ip/design_1_axi_gemv_hp1_smc_0/bd_0/ip/ip_1/bd_836e_psr_aclk_0_board.xdc] for cell 'design_1_i/axi_gemv_hp1_smc/inst/clk_map/psr_aclk/U0'
Parsing XDC File [/run/media/pjs/6A43-DC8A/smollm2-zybo/hw/vivado_project/GPTalk.gen/sources_1/bd/design_1/ip/design_1_axi_video_hp0_smc_0/smartconnect.xdc] for cell 'design_1_i/axi_video_hp0_smc/inst'
Finished Parsing XDC File [/run/media/pjs/6A43-DC8A/smollm2-zybo/hw/vivado_project/GPTalk.gen/sources_1/bd/design_1/ip/design_1_axi_video_hp0_smc_0/smartconnect.xdc] for cell 'design_1_i/axi_video_hp0_smc/inst'
Parsing XDC File [/run/media/pjs/6A43-DC8A/smollm2-zybo/hw/vivado_project/GPTalk.gen/sources_1/bd/design_1/ip/design_1_axi_video_hp0_smc_0/bd_0/ip/ip_1/bd_aff9_psr_aclk_0.xdc] for cell 'design_1_i/axi_video_hp0_smc/inst/clk_map/psr_aclk/U0'
Finished Parsing XDC File [/run/media/pjs/6A43-DC8A/smollm2-zybo/hw/vivado_project/GPTalk.gen/sources_1/bd/design_1/ip/design_1_axi_video_hp0_smc_0/bd_0/ip/ip_1/bd_aff9_psr_aclk_0.xdc] for cell 'design_1_i/axi_video_hp0_smc/inst/clk_map/psr_aclk/U0'
Parsing XDC File [/run/media/pjs/6A43-DC8A/smollm2-zybo/hw/vivado_project/GPTalk.gen/sources_1/bd/design_1/ip/design_1_processing_system7_0_0/design_1_processing_system7_0_0.xdc] for cell 'design_1_i/processing_system7_0/inst'
Finished Parsing XDC File [/run/media/pjs/6A43-DC8A/smollm2-zybo/hw/vivado_project/GPTalk.gen/sources_1/bd/design_1/ip/design_1_processing_system7_0_0/design_1_processing_system7_0_0.xdc] for cell 'design_1_i/processing_system7_0/inst'
Parsing XDC File [/run/media/pjs/6A43-DC8A/smollm2-zybo/hw/vivado_project/GPTalk.gen/sources_1/bd/design_1/ip/design_1_axi_ctrl_smc_0/smartconnect.xdc] for cell 'design_1_i/axi_ctrl_smc/inst'
Finished Parsing XDC File [/run/media/pjs/6A43-DC8A/smollm2-zybo/hw/vivado_project/GPTalk.gen/sources_1/bd/design_1/ip/design_1_axi_ctrl_smc_0/smartconnect.xdc] for cell 'design_1_i/axi_ctrl_smc/inst'
Parsing XDC File [/run/media/pjs/6A43-DC8A/smollm2-zybo/hw/vivado_project/GPTalk.gen/sources_1/bd/design_1/ip/design_1_axi_ctrl_smc_0/bd_0/ip/ip_1/bd_01d9_psr_aclk_0.xdc] for cell 'design_1_i/axi_ctrl_smc/inst/clk_map/psr_aclk/U0'
Finished Parsing XDC File [/run/media/pjs/6A43-DC8A/smollm2-zybo/hw/vivado_project/GPTalk.gen/sources_1/bd/design_1/ip/design_1_axi_ctrl_smc_0/bd_0/ip/ip_1/bd_01d9_psr_aclk_0.xdc] for cell 'design_1_i/axi_ctrl_smc/inst/clk_map/psr_aclk/U0'
Parsing XDC File [/run/media/pjs/6A43-DC8A/smollm2-zybo/hw/vivado_project/GPTalk.gen/sources_1/bd/design_1/ip/design_1_axi_ctrl_smc_0/bd_0/ip/ip_1/bd_01d9_psr_aclk_0_board.xdc] for cell 'design_1_i/axi_ctrl_smc/inst/clk_map/psr_aclk/U0'
Finished Parsing XDC File [/run/media/pjs/6A43-DC8A/smollm2-zybo/hw/vivado_project/GPTalk.gen/sources_1/bd/design_1/ip/design_1_axi_ctrl_smc_0/bd_0/ip/ip_1/bd_01d9_psr_aclk_0_board.xdc] for cell 'design_1_i/axi_ctrl_smc/inst/clk_map/psr_aclk/U0'
Parsing XDC File [/run/media/pjs/6A43-DC8A/smollm2-zybo/hw/vivado_project/GPTalk.gen/sources_1/bd/design_1/ip/design_1_rst_ps7_0_gemv_0/design_1_rst_ps7_0_gemv_0.xdc] for cell 'design_1_i/rst_ps7_0_gemv/U0'
Finished Parsing XDC File [/run/media/pjs/6A43-DC8A/smollm2-zybo/hw/vivado_project/GPTalk.gen/sources_1/bd/design_1/ip/design_1_rst_ps7_0_gemv_0/design_1_rst_ps7_0_gemv_0.xdc] for cell 'design_1_i/rst_ps7_0_gemv/U0'
Parsing XDC File [/run/media/pjs/6A43-DC8A/smollm2-zybo/hw/vivado_project/GPTalk.gen/sources_1/bd/design_1/ip/design_1_rst_ps7_0_gemv_0/design_1_rst_ps7_0_gemv_0_board.xdc] for cell 'design_1_i/rst_ps7_0_gemv/U0'
Finished Parsing XDC File [/run/media/pjs/6A43-DC8A/smollm2-zybo/hw/vivado_project/GPTalk.gen/sources_1/bd/design_1/ip/design_1_rst_ps7_0_gemv_0/design_1_rst_ps7_0_gemv_0_board.xdc] for cell 'design_1_i/rst_ps7_0_gemv/U0'
Parsing XDC File [/run/media/pjs/6A43-DC8A/smollm2-zybo/hw/vivado_project/GPTalk.gen/sources_1/bd/design_1/ip/design_1_rst_ps7_0_133M_0/design_1_rst_ps7_0_133M_0.xdc] for cell 'design_1_i/rst_ps7_0_133M/U0'
Finished Parsing XDC File [/run/media/pjs/6A43-DC8A/smollm2-zybo/hw/vivado_project/GPTalk.gen/sources_1/bd/design_1/ip/design_1_rst_ps7_0_133M_0/design_1_rst_ps7_0_133M_0.xdc] for cell 'design_1_i/rst_ps7_0_133M/U0'
Parsing XDC File [/run/media/pjs/6A43-DC8A/smollm2-zybo/hw/vivado_project/GPTalk.gen/sources_1/bd/design_1/ip/design_1_rst_ps7_0_133M_0/design_1_rst_ps7_0_133M_0_board.xdc] for cell 'design_1_i/rst_ps7_0_133M/U0'
Finished Parsing XDC File [/run/media/pjs/6A43-DC8A/smollm2-zybo/hw/vivado_project/GPTalk.gen/sources_1/bd/design_1/ip/design_1_rst_ps7_0_133M_0/design_1_rst_ps7_0_133M_0_board.xdc] for cell 'design_1_i/rst_ps7_0_133M/U0'
Parsing XDC File [/run/media/pjs/6A43-DC8A/smollm2-zybo/hw/vivado_project/GPTalk.gen/sources_1/bd/design_1/ip/design_1_rst_ps7_0_100M_0/design_1_rst_ps7_0_100M_0.xdc] for cell 'design_1_i/rst_ps7_0_100M/U0'
Finished Parsing XDC File [/run/media/pjs/6A43-DC8A/smollm2-zybo/hw/vivado_project/GPTalk.gen/sources_1/bd/design_1/ip/design_1_rst_ps7_0_100M_0/design_1_rst_ps7_0_100M_0.xdc] for cell 'design_1_i/rst_ps7_0_100M/U0'
Parsing XDC File [/run/media/pjs/6A43-DC8A/smollm2-zybo/hw/vivado_project/GPTalk.gen/sources_1/bd/design_1/ip/design_1_rst_ps7_0_100M_0/design_1_rst_ps7_0_100M_0_board.xdc] for cell 'design_1_i/rst_ps7_0_100M/U0'
Finished Parsing XDC File [/run/media/pjs/6A43-DC8A/smollm2-zybo/hw/vivado_project/GPTalk.gen/sources_1/bd/design_1/ip/design_1_rst_ps7_0_100M_0/design_1_rst_ps7_0_100M_0_board.xdc] for cell 'design_1_i/rst_ps7_0_100M/U0'
Parsing XDC File [/run/media/pjs/6A43-DC8A/smollm2-zybo/hw/vivado_project/GPTalk.srcs/constrs_1/imports/Downloads/Zybo-Z7-Master.xdc]
Finished Parsing XDC File [/run/media/pjs/6A43-DC8A/smollm2-zybo/hw/vivado_project/GPTalk.srcs/constrs_1/imports/Downloads/Zybo-Z7-Master.xdc]
Parsing XDC File [/run/media/pjs/6A43-DC8A/smollm2-zybo/hw/vivado_project/GPTalk.srcs/constrs_1/new/GPTalk_hdmi_tx.xdc]
Finished Parsing XDC File [/run/media/pjs/6A43-DC8A/smollm2-zybo/hw/vivado_project/GPTalk.srcs/constrs_1/new/GPTalk_hdmi_tx.xdc]
Parsing XDC File [/run/media/pjs/6A43-DC8A/smollm2-zybo/hw/vivado_project/GPTalk.gen/sources_1/bd/design_1/ip/design_1_axi_gemv_ctrl_clkconv_0/design_1_axi_gemv_ctrl_clkconv_0_clocks.xdc] for cell 'design_1_i/axi_gemv_ctrl_clkconv/inst'
WARNING: [Vivado_Tcl 4-921] Waiver ID 'CDC-10' -to list should not be empty. [/run/media/pjs/6A43-DC8A/smollm2-zybo/hw/vivado_project/GPTalk.gen/sources_1/bd/design_1/ip/design_1_axi_gemv_ctrl_clkconv_0/design_1_axi_gemv_ctrl_clkconv_0_clocks.xdc:7]
WARNING: [Vivado_Tcl 4-921] Waiver ID 'CDC-11' -to list should not be empty. [/run/media/pjs/6A43-DC8A/smollm2-zybo/hw/vivado_project/GPTalk.gen/sources_1/bd/design_1/ip/design_1_axi_gemv_ctrl_clkconv_0/design_1_axi_gemv_ctrl_clkconv_0_clocks.xdc:10]
WARNING: [Vivado_Tcl 4-921] Waiver ID 'CDC-15' -to list should not be empty. [/run/media/pjs/6A43-DC8A/smollm2-zybo/hw/vivado_project/GPTalk.gen/sources_1/bd/design_1/ip/design_1_axi_gemv_ctrl_clkconv_0/design_1_axi_gemv_ctrl_clkconv_0_clocks.xdc:13]
WARNING: [Vivado_Tcl 4-939] Waiver ID 'LUTAR-1' object list should not be empty (perhaps an invalid wildcard was used or only unsupported objects). [/run/media/pjs/6A43-DC8A/smollm2-zybo/hw/vivado_project/GPTalk.gen/sources_1/bd/design_1/ip/design_1_axi_gemv_ctrl_clkconv_0/design_1_axi_gemv_ctrl_clkconv_0_clocks.xdc:17]
WARNING: [Vivado_Tcl 4-921] Waiver ID 'CDC-1' -to list should not be empty. [/run/media/pjs/6A43-DC8A/smollm2-zybo/hw/vivado_project/GPTalk.gen/sources_1/bd/design_1/ip/design_1_axi_gemv_ctrl_clkconv_0/design_1_axi_gemv_ctrl_clkconv_0_clocks.xdc:22]
WARNING: [Vivado_Tcl 4-921] Waiver ID 'CDC-1' -to list should not be empty. [/run/media/pjs/6A43-DC8A/smollm2-zybo/hw/vivado_project/GPTalk.gen/sources_1/bd/design_1/ip/design_1_axi_gemv_ctrl_clkconv_0/design_1_axi_gemv_ctrl_clkconv_0_clocks.xdc:26]
WARNING: [Vivado_Tcl 4-921] Waiver ID 'CDC-1' -to list should not be empty. [/run/media/pjs/6A43-DC8A/smollm2-zybo/hw/vivado_project/GPTalk.gen/sources_1/bd/design_1/ip/design_1_axi_gemv_ctrl_clkconv_0/design_1_axi_gemv_ctrl_clkconv_0_clocks.xdc:29]
WARNING: [Vivado_Tcl 4-921] Waiver ID 'CDC-1' -to list should not be empty. [/run/media/pjs/6A43-DC8A/smollm2-zybo/hw/vivado_project/GPTalk.gen/sources_1/bd/design_1/ip/design_1_axi_gemv_ctrl_clkconv_0/design_1_axi_gemv_ctrl_clkconv_0_clocks.xdc:32]
WARNING: [Vivado_Tcl 4-921] Waiver ID 'CDC-10' -to list should not be empty. [/run/media/pjs/6A43-DC8A/smollm2-zybo/hw/vivado_project/GPTalk.gen/sources_1/bd/design_1/ip/design_1_axi_gemv_ctrl_clkconv_0/design_1_axi_gemv_ctrl_clkconv_0_clocks.xdc:36]
WARNING: [Vivado_Tcl 4-921] Waiver ID 'CDC-1' -to list should not be empty. [/run/media/pjs/6A43-DC8A/smollm2-zybo/hw/vivado_project/GPTalk.gen/sources_1/bd/design_1/ip/design_1_axi_gemv_ctrl_clkconv_0/design_1_axi_gemv_ctrl_clkconv_0_clocks.xdc:39]
WARNING: [Vivado_Tcl 4-921] Waiver ID 'CDC-1' -to list should not be empty. [/run/media/pjs/6A43-DC8A/smollm2-zybo/hw/vivado_project/GPTalk.gen/sources_1/bd/design_1/ip/design_1_axi_gemv_ctrl_clkconv_0/design_1_axi_gemv_ctrl_clkconv_0_clocks.xdc:43]
WARNING: [Vivado_Tcl 4-921] Waiver ID 'CDC-1' -to list should not be empty. [/run/media/pjs/6A43-DC8A/smollm2-zybo/hw/vivado_project/GPTalk.gen/sources_1/bd/design_1/ip/design_1_axi_gemv_ctrl_clkconv_0/design_1_axi_gemv_ctrl_clkconv_0_clocks.xdc:47]
WARNING: [Vivado_Tcl 4-921] Waiver ID 'CDC-1' -to list should not be empty. [/run/media/pjs/6A43-DC8A/smollm2-zybo/hw/vivado_project/GPTalk.gen/sources_1/bd/design_1/ip/design_1_axi_gemv_ctrl_clkconv_0/design_1_axi_gemv_ctrl_clkconv_0_clocks.xdc:50]
WARNING: [Vivado_Tcl 4-921] Waiver ID 'CDC-1' -to list should not be empty. [/run/media/pjs/6A43-DC8A/smollm2-zybo/hw/vivado_project/GPTalk.gen/sources_1/bd/design_1/ip/design_1_axi_gemv_ctrl_clkconv_0/design_1_axi_gemv_ctrl_clkconv_0_clocks.xdc:53]
WARNING: [Vivado_Tcl 4-921] Waiver ID 'CDC-2' -to list should not be empty. [/run/media/pjs/6A43-DC8A/smollm2-zybo/hw/vivado_project/GPTalk.gen/sources_1/bd/design_1/ip/design_1_axi_gemv_ctrl_clkconv_0/design_1_axi_gemv_ctrl_clkconv_0_clocks.xdc:57]
Finished Parsing XDC File [/run/media/pjs/6A43-DC8A/smollm2-zybo/hw/vivado_project/GPTalk.gen/sources_1/bd/design_1/ip/design_1_axi_gemv_ctrl_clkconv_0/design_1_axi_gemv_ctrl_clkconv_0_clocks.xdc] for cell 'design_1_i/axi_gemv_ctrl_clkconv/inst'
Parsing XDC File [/run/media/pjs/6A43-DC8A/smollm2-zybo/hw/vivado_project/GPTalk.gen/sources_1/bd/design_1/ip/design_1_axi_bram_ctrl_clkconv_0/design_1_axi_bram_ctrl_clkconv_0_clocks.xdc] for cell 'design_1_i/axi_bram_ctrl_clkconv/inst'
INFO: [Timing 38-35] Done setting XDC timing constraints. [/run/media/pjs/6A43-DC8A/smollm2-zybo/hw/vivado_project/GPTalk.gen/sources_1/bd/design_1/ip/design_1_axi_bram_ctrl_clkconv_0/design_1_axi_bram_ctrl_clkconv_0_clocks.xdc:16]
INFO: [Timing 38-2] Deriving generated clocks [/run/media/pjs/6A43-DC8A/smollm2-zybo/hw/vivado_project/GPTalk.gen/sources_1/bd/design_1/ip/design_1_axi_bram_ctrl_clkconv_0/design_1_axi_bram_ctrl_clkconv_0_clocks.xdc:16]
WARNING: [Vivado_Tcl 4-2057] Waiver ID 'LUTAR-1' object list specifies likely unusable hierarchical instance 'design_1_i/axi_bram_ctrl_clkconv/inst/gen_clock_conv.gen_async_conv.asyncfifo_axi'. [/run/media/pjs/6A43-DC8A/smollm2-zybo/hw/vivado_project/GPTalk.gen/sources_1/bd/design_1/ip/design_1_axi_bram_ctrl_clkconv_0/design_1_axi_bram_ctrl_clkconv_0_clocks.xdc:30]
WARNING: [Vivado_Tcl 4-921] Waiver ID 'CDC-1' -to list should not be empty. [/run/media/pjs/6A43-DC8A/smollm2-zybo/hw/vivado_project/GPTalk.gen/sources_1/bd/design_1/ip/design_1_axi_bram_ctrl_clkconv_0/design_1_axi_bram_ctrl_clkconv_0_clocks.xdc:35]
WARNING: [Vivado_Tcl 4-921] Waiver ID 'CDC-1' -to list should not be empty. [/run/media/pjs/6A43-DC8A/smollm2-zybo/hw/vivado_project/GPTalk.gen/sources_1/bd/design_1/ip/design_1_axi_bram_ctrl_clkconv_0/design_1_axi_bram_ctrl_clkconv_0_clocks.xdc:39]
WARNING: [Vivado_Tcl 4-921] Waiver ID 'CDC-1' -to list should not be empty. [/run/media/pjs/6A43-DC8A/smollm2-zybo/hw/vivado_project/GPTalk.gen/sources_1/bd/design_1/ip/design_1_axi_bram_ctrl_clkconv_0/design_1_axi_bram_ctrl_clkconv_0_clocks.xdc:42]
WARNING: [Vivado_Tcl 4-921] Waiver ID 'CDC-1' -to list should not be empty. [/run/media/pjs/6A43-DC8A/smollm2-zybo/hw/vivado_project/GPTalk.gen/sources_1/bd/design_1/ip/design_1_axi_bram_ctrl_clkconv_0/design_1_axi_bram_ctrl_clkconv_0_clocks.xdc:45]
WARNING: [Vivado_Tcl 4-921] Waiver ID 'CDC-10' -to list should not be empty. [/run/media/pjs/6A43-DC8A/smollm2-zybo/hw/vivado_project/GPTalk.gen/sources_1/bd/design_1/ip/design_1_axi_bram_ctrl_clkconv_0/design_1_axi_bram_ctrl_clkconv_0_clocks.xdc:49]
WARNING: [Vivado_Tcl 4-921] Waiver ID 'CDC-1' -to list should not be empty. [/run/media/pjs/6A43-DC8A/smollm2-zybo/hw/vivado_project/GPTalk.gen/sources_1/bd/design_1/ip/design_1_axi_bram_ctrl_clkconv_0/design_1_axi_bram_ctrl_clkconv_0_clocks.xdc:52]
WARNING: [Vivado_Tcl 4-921] Waiver ID 'CDC-1' -to list should not be empty. [/run/media/pjs/6A43-DC8A/smollm2-zybo/hw/vivado_project/GPTalk.gen/sources_1/bd/design_1/ip/design_1_axi_bram_ctrl_clkconv_0/design_1_axi_bram_ctrl_clkconv_0_clocks.xdc:56]
WARNING: [Vivado_Tcl 4-921] Waiver ID 'CDC-1' -to list should not be empty. [/run/media/pjs/6A43-DC8A/smollm2-zybo/hw/vivado_project/GPTalk.gen/sources_1/bd/design_1/ip/design_1_axi_bram_ctrl_clkconv_0/design_1_axi_bram_ctrl_clkconv_0_clocks.xdc:60]
WARNING: [Vivado_Tcl 4-921] Waiver ID 'CDC-1' -to list should not be empty. [/run/media/pjs/6A43-DC8A/smollm2-zybo/hw/vivado_project/GPTalk.gen/sources_1/bd/design_1/ip/design_1_axi_bram_ctrl_clkconv_0/design_1_axi_bram_ctrl_clkconv_0_clocks.xdc:63]
WARNING: [Vivado_Tcl 4-921] Waiver ID 'CDC-1' -to list should not be empty. [/run/media/pjs/6A43-DC8A/smollm2-zybo/hw/vivado_project/GPTalk.gen/sources_1/bd/design_1/ip/design_1_axi_bram_ctrl_clkconv_0/design_1_axi_bram_ctrl_clkconv_0_clocks.xdc:66]
WARNING: [Vivado_Tcl 4-921] Waiver ID 'CDC-2' -to list should not be empty. [/run/media/pjs/6A43-DC8A/smollm2-zybo/hw/vivado_project/GPTalk.gen/sources_1/bd/design_1/ip/design_1_axi_bram_ctrl_clkconv_0/design_1_axi_bram_ctrl_clkconv_0_clocks.xdc:70]
Finished Parsing XDC File [/run/media/pjs/6A43-DC8A/smollm2-zybo/hw/vivado_project/GPTalk.gen/sources_1/bd/design_1/ip/design_1_axi_bram_ctrl_clkconv_0/design_1_axi_bram_ctrl_clkconv_0_clocks.xdc] for cell 'design_1_i/axi_bram_ctrl_clkconv/inst'
Parsing XDC File [/run/media/pjs/6A43-DC8A/smollm2-zybo/hw/vivado_project/GPTalk.gen/sources_1/bd/design_1/ip/design_1_axi_dma_ctrl_clkconv_0/design_1_axi_dma_ctrl_clkconv_0_clocks.xdc] for cell 'design_1_i/axi_dma_ctrl_clkconv/inst'
WARNING: [Vivado_Tcl 4-921] Waiver ID 'CDC-10' -to list should not be empty. [/run/media/pjs/6A43-DC8A/smollm2-zybo/hw/vivado_project/GPTalk.gen/sources_1/bd/design_1/ip/design_1_axi_dma_ctrl_clkconv_0/design_1_axi_dma_ctrl_clkconv_0_clocks.xdc:7]
WARNING: [Vivado_Tcl 4-921] Waiver ID 'CDC-11' -to list should not be empty. [/run/media/pjs/6A43-DC8A/smollm2-zybo/hw/vivado_project/GPTalk.gen/sources_1/bd/design_1/ip/design_1_axi_dma_ctrl_clkconv_0/design_1_axi_dma_ctrl_clkconv_0_clocks.xdc:10]
WARNING: [Vivado_Tcl 4-921] Waiver ID 'CDC-15' -to list should not be empty. [/run/media/pjs/6A43-DC8A/smollm2-zybo/hw/vivado_project/GPTalk.gen/sources_1/bd/design_1/ip/design_1_axi_dma_ctrl_clkconv_0/design_1_axi_dma_ctrl_clkconv_0_clocks.xdc:13]
WARNING: [Vivado_Tcl 4-939] Waiver ID 'LUTAR-1' object list should not be empty (perhaps an invalid wildcard was used or only unsupported objects). [/run/media/pjs/6A43-DC8A/smollm2-zybo/hw/vivado_project/GPTalk.gen/sources_1/bd/design_1/ip/design_1_axi_dma_ctrl_clkconv_0/design_1_axi_dma_ctrl_clkconv_0_clocks.xdc:17]
WARNING: [Vivado_Tcl 4-921] Waiver ID 'CDC-1' -to list should not be empty. [/run/media/pjs/6A43-DC8A/smollm2-zybo/hw/vivado_project/GPTalk.gen/sources_1/bd/design_1/ip/design_1_axi_dma_ctrl_clkconv_0/design_1_axi_dma_ctrl_clkconv_0_clocks.xdc:22]
WARNING: [Vivado_Tcl 4-921] Waiver ID 'CDC-1' -to list should not be empty. [/run/media/pjs/6A43-DC8A/smollm2-zybo/hw/vivado_project/GPTalk.gen/sources_1/bd/design_1/ip/design_1_axi_dma_ctrl_clkconv_0/design_1_axi_dma_ctrl_clkconv_0_clocks.xdc:26]
WARNING: [Vivado_Tcl 4-921] Waiver ID 'CDC-1' -to list should not be empty. [/run/media/pjs/6A43-DC8A/smollm2-zybo/hw/vivado_project/GPTalk.gen/sources_1/bd/design_1/ip/design_1_axi_dma_ctrl_clkconv_0/design_1_axi_dma_ctrl_clkconv_0_clocks.xdc:29]
WARNING: [Vivado_Tcl 4-921] Waiver ID 'CDC-1' -to list should not be empty. [/run/media/pjs/6A43-DC8A/smollm2-zybo/hw/vivado_project/GPTalk.gen/sources_1/bd/design_1/ip/design_1_axi_dma_ctrl_clkconv_0/design_1_axi_dma_ctrl_clkconv_0_clocks.xdc:32]
WARNING: [Vivado_Tcl 4-921] Waiver ID 'CDC-10' -to list should not be empty. [/run/media/pjs/6A43-DC8A/smollm2-zybo/hw/vivado_project/GPTalk.gen/sources_1/bd/design_1/ip/design_1_axi_dma_ctrl_clkconv_0/design_1_axi_dma_ctrl_clkconv_0_clocks.xdc:36]
WARNING: [Vivado_Tcl 4-921] Waiver ID 'CDC-1' -to list should not be empty. [/run/media/pjs/6A43-DC8A/smollm2-zybo/hw/vivado_project/GPTalk.gen/sources_1/bd/design_1/ip/design_1_axi_dma_ctrl_clkconv_0/design_1_axi_dma_ctrl_clkconv_0_clocks.xdc:39]
WARNING: [Vivado_Tcl 4-921] Waiver ID 'CDC-1' -to list should not be empty. [/run/media/pjs/6A43-DC8A/smollm2-zybo/hw/vivado_project/GPTalk.gen/sources_1/bd/design_1/ip/design_1_axi_dma_ctrl_clkconv_0/design_1_axi_dma_ctrl_clkconv_0_clocks.xdc:43]
WARNING: [Vivado_Tcl 4-921] Waiver ID 'CDC-1' -to list should not be empty. [/run/media/pjs/6A43-DC8A/smollm2-zybo/hw/vivado_project/GPTalk.gen/sources_1/bd/design_1/ip/design_1_axi_dma_ctrl_clkconv_0/design_1_axi_dma_ctrl_clkconv_0_clocks.xdc:47]
WARNING: [Vivado_Tcl 4-921] Waiver ID 'CDC-1' -to list should not be empty. [/run/media/pjs/6A43-DC8A/smollm2-zybo/hw/vivado_project/GPTalk.gen/sources_1/bd/design_1/ip/design_1_axi_dma_ctrl_clkconv_0/design_1_axi_dma_ctrl_clkconv_0_clocks.xdc:50]
WARNING: [Vivado_Tcl 4-921] Waiver ID 'CDC-1' -to list should not be empty. [/run/media/pjs/6A43-DC8A/smollm2-zybo/hw/vivado_project/GPTalk.gen/sources_1/bd/design_1/ip/design_1_axi_dma_ctrl_clkconv_0/design_1_axi_dma_ctrl_clkconv_0_clocks.xdc:53]
WARNING: [Vivado_Tcl 4-921] Waiver ID 'CDC-2' -to list should not be empty. [/run/media/pjs/6A43-DC8A/smollm2-zybo/hw/vivado_project/GPTalk.gen/sources_1/bd/design_1/ip/design_1_axi_dma_ctrl_clkconv_0/design_1_axi_dma_ctrl_clkconv_0_clocks.xdc:57]
Finished Parsing XDC File [/run/media/pjs/6A43-DC8A/smollm2-zybo/hw/vivado_project/GPTalk.gen/sources_1/bd/design_1/ip/design_1_axi_dma_ctrl_clkconv_0/design_1_axi_dma_ctrl_clkconv_0_clocks.xdc] for cell 'design_1_i/axi_dma_ctrl_clkconv/inst'
Parsing XDC File [/run/media/pjs/6A43-DC8A/smollm2-zybo/hw/vivado_project/GPTalk.gen/sources_1/bd/design_1/ip/design_1_v_tc_out_0/design_1_v_tc_out_0_clocks.xdc] for cell 'design_1_i/v_tc_out/U0'
Finished Parsing XDC File [/run/media/pjs/6A43-DC8A/smollm2-zybo/hw/vivado_project/GPTalk.gen/sources_1/bd/design_1/ip/design_1_v_tc_out_0/design_1_v_tc_out_0_clocks.xdc] for cell 'design_1_i/v_tc_out/U0'
Parsing XDC File [/run/media/pjs/6A43-DC8A/smollm2-zybo/hw/vivado_project/GPTalk.gen/sources_1/bd/design_1/ip/design_1_axi_vdma_1_0/design_1_axi_vdma_1_0_clocks.xdc] for cell 'design_1_i/axi_vdma_1/U0'
Finished Parsing XDC File [/run/media/pjs/6A43-DC8A/smollm2-zybo/hw/vivado_project/GPTalk.gen/sources_1/bd/design_1/ip/design_1_axi_vdma_1_0/design_1_axi_vdma_1_0_clocks.xdc] for cell 'design_1_i/axi_vdma_1/U0'
Parsing XDC File [/run/media/pjs/6A43-DC8A/smollm2-zybo/hw/vivado_project/GPTalk.gen/sources_1/bd/design_1/ip/design_1_v_axi4s_vid_out_0_0/design_1_v_axi4s_vid_out_0_0_clocks.xdc] for cell 'design_1_i/v_axi4s_vid_out_0/inst'
Finished Parsing XDC File [/run/media/pjs/6A43-DC8A/smollm2-zybo/hw/vivado_project/GPTalk.gen/sources_1/bd/design_1/ip/design_1_v_axi4s_vid_out_0_0/design_1_v_axi4s_vid_out_0_0_clocks.xdc] for cell 'design_1_i/v_axi4s_vid_out_0/inst'
Parsing XDC File [/run/media/pjs/6A43-DC8A/smollm2-zybo/hw/vivado_project/GPTalk.gen/sources_1/bd/design_1/ip/design_1_rgb2dvi_1_0/src/rgb2dvi_clocks.xdc] for cell 'design_1_i/rgb2dvi_1/U0'
Finished Parsing XDC File [/run/media/pjs/6A43-DC8A/smollm2-zybo/hw/vivado_project/GPTalk.gen/sources_1/bd/design_1/ip/design_1_rgb2dvi_1_0/src/rgb2dvi_clocks.xdc] for cell 'design_1_i/rgb2dvi_1/U0'
Parsing XDC File [/run/media/pjs/6A43-DC8A/smollm2-zybo/hw/vivado_project/GPTalk.gen/sources_1/bd/design_1/ip/design_1_axi_dma_0_0/design_1_axi_dma_0_0_clocks.xdc] for cell 'design_1_i/axi_dma_0/U0'
Finished Parsing XDC File [/run/media/pjs/6A43-DC8A/smollm2-zybo/hw/vivado_project/GPTalk.gen/sources_1/bd/design_1/ip/design_1_axi_dma_0_0/design_1_axi_dma_0_0_clocks.xdc] for cell 'design_1_i/axi_dma_0/U0'
INFO: [Project 1-1714] 250 XPM XDC files have been applied to the design.
INFO: [Opt 31-138] Pushed 0 inverter(s) to 0 load pin(s).
Generating merged BMM file for the design top 'design_1_wrapper'...
INFO: [Project 1-1687] 52 scoped IP constraints or related sub-commands were skipped due to synthesis logic optimizations usually triggered by constant connectivity or unconnected output pins. To review the skipped constraints and messages, run the command 'set_param netlist.IPMsgFiltering false' before opening the design.
Netlist sorting complete. Time (s): cpu = 00:00:00.01 ; elapsed = 00:00:00 . Memory (MB): peak = 2648.473 ; gain = 0.000 ; free physical = 43575 ; free virtual = 63653
INFO: [Project 1-111] Unisim Transformation Summary:
  A total of 400 instances were transformed.
  IOBUF => IOBUF (IBUF, OBUFT): 2 instances
  RAM16X1D => RAM32X1D (RAMD32(x2)): 1 instance 
  RAM32M => RAM32M (RAMD32(x6), RAMS32(x2)): 382 instances
  RAM32X1D => RAM32X1D (RAMD32(x2)): 15 instances

37 Infos, 77 Warnings, 0 Critical Warnings and 0 Errors encountered.
link_design completed successfully
link_design: Time (s): cpu = 00:00:15 ; elapsed = 00:00:12 . Memory (MB): peak = 2648.473 ; gain = 1166.035 ; free physical = 43575 ; free virtual = 63653
Command: opt_design -directive Explore
INFO: [Vivado_Tcl 4-136] Directive used for opt_design is: Explore
Attempting to get a license for feature 'Implementation' and/or device 'xc7z020'
INFO: [Common 17-349] Got license for feature 'Implementation' and/or device 'xc7z020'
Running DRC as a precondition to command opt_design

Starting DRC Task
INFO: [DRC 23-27] Running DRC with 8 threads
INFO: [Project 1-461] DRC finished with 0 Errors
INFO: [Project 1-462] Please refer to the DRC report (report_drc) for more information.

Time (s): cpu = 00:00:02 ; elapsed = 00:00:00.47 . Memory (MB): peak = 2648.473 ; gain = 0.000 ; free physical = 43553 ; free virtual = 63630

Starting Logic Optimization Task

Phase 1 Initialization

Phase 1.1 Core Generation And Design Setup
Phase 1.1 Core Generation And Design Setup | Checksum: 11b122a9f

Time (s): cpu = 00:00:00.04 ; elapsed = 00:00:00.03 . Memory (MB): peak = 2865.371 ; gain = 0.000 ; free physical = 43304 ; free virtual = 63382

Phase 1.2 Setup Constraints And Sort Netlist
Phase 1.2 Setup Constraints And Sort Netlist | Checksum: 11b122a9f

Time (s): cpu = 00:00:00.05 ; elapsed = 00:00:00.04 . Memory (MB): peak = 2865.371 ; gain = 0.000 ; free physical = 43304 ; free virtual = 63382
Phase 1 Initialization | Checksum: 11b122a9f

Time (s): cpu = 00:00:00.05 ; elapsed = 00:00:00.04 . Memory (MB): peak = 2865.371 ; gain = 0.000 ; free physical = 43304 ; free virtual = 63382

Phase 2 Timer Update And Timing Data Collection

Phase 2.1 Timer Update
INFO: [Timing 38-35] Done setting XDC timing constraints.
Phase 2.1 Timer Update | Checksum: 11b122a9f

Time (s): cpu = 00:00:04 ; elapsed = 00:00:01 . Memory (MB): peak = 2951.184 ; gain = 85.812 ; free physical = 43234 ; free virtual = 63312

Phase 2.2 Timing Data Collection
Phase 2.2 Timing Data Collection | Checksum: 11b122a9f

Time (s): cpu = 00:00:04 ; elapsed = 00:00:01 . Memory (MB): peak = 2951.184 ; gain = 85.812 ; free physical = 43218 ; free virtual = 63296
Phase 2 Timer Update And Timing Data Collection | Checksum: 11b122a9f

Time (s): cpu = 00:00:04 ; elapsed = 00:00:01 . Memory (MB): peak = 2951.184 ; gain = 85.812 ; free physical = 43218 ; free virtual = 63296

Phase 3 Retarget
INFO: [Opt 31-1851] Number of loadless carry chains removed were: 0
INFO: [Opt 31-1834] Total Chains To Be Transformed Were: 0 AND Number of Transformed insts Created are: 0
INFO: [Opt 31-1566] Pulled 34 inverters resulting in an inversion of 168 pins
INFO: [Opt 31-138] Pushed 75 inverter(s) to 422 load pin(s).
INFO: [Opt 31-49] Retargeted 0 cell(s).
Phase 3 Retarget | Checksum: 191a06b5d

Time (s): cpu = 00:00:04 ; elapsed = 00:00:02 . Memory (MB): peak = 2951.184 ; gain = 85.812 ; free physical = 43219 ; free virtual = 63296
Retarget | Checksum: 191a06b5d
INFO: [Opt 31-389] Phase Retarget created 287 cells and removed 699 cells
INFO: [Opt 31-1021] In phase Retarget, 255 netlist objects are constrained preventing optimization. Please run opt_design with -debug_log to get more detail. 

Phase 4 Constant propagation
INFO: [Opt 31-138] Pushed 1 inverter(s) to 2 load pin(s).
Phase 4 Constant propagation | Checksum: 2226656a0

Time (s): cpu = 00:00:05 ; elapsed = 00:00:02 . Memory (MB): peak = 2951.184 ; gain = 85.812 ; free physical = 43219 ; free virtual = 63296
Constant propagation | Checksum: 2226656a0
INFO: [Opt 31-389] Phase Constant propagation created 171 cells and removed 934 cells
INFO: [Opt 31-1021] In phase Constant propagation, 606 netlist objects are constrained preventing optimization. Please run opt_design with -debug_log to get more detail. 

Phase 5 Sweep
INFO: [Constraints 18-11670] Building netlist checker database with flags, 0x8
Done building netlist checker database: Time (s): cpu = 00:00:00 ; elapsed = 00:00:00.01 . Memory (MB): peak = 2951.184 ; gain = 0.000 ; free physical = 43219 ; free virtual = 63296
INFO: [Constraints 18-11670] Building netlist checker database with flags, 0x8
Done building netlist checker database: Time (s): cpu = 00:00:00 ; elapsed = 00:00:00.01 . Memory (MB): peak = 2951.184 ; gain = 0.000 ; free physical = 43219 ; free virtual = 63296
Phase 5 Sweep | Checksum: 1a79c2548

Time (s): cpu = 00:00:06 ; elapsed = 00:00:03 . Memory (MB): peak = 2951.184 ; gain = 85.812 ; free physical = 43219 ; free virtual = 63296
Sweep | Checksum: 1a79c2548
INFO: [Opt 31-389] Phase Sweep created 0 cells and removed 2463 cells
INFO: [Opt 31-1021] In phase Sweep, 420 netlist objects are constrained preventing optimization. Please run opt_design with -debug_log to get more detail. 

Phase 6 BUFG optimization
Phase 6 BUFG optimization | Checksum: 1a79c2548

Time (s): cpu = 00:00:06 ; elapsed = 00:00:03 . Memory (MB): peak = 2983.199 ; gain = 117.828 ; free physical = 43219 ; free virtual = 63296
BUFG optimization | Checksum: 1a79c2548
INFO: [Opt 31-662] Phase BUFG optimization created 0 cells of which 0 are BUFGs and removed 0 cells.

Phase 7 Shift Register Optimization
INFO: [Opt 31-1064] SRL Remap converted 0 SRLs to 0 registers and converted 0 registers of register chains to 0 SRLs
Phase 7 Shift Register Optimization | Checksum: 1a79c2548

Time (s): cpu = 00:00:06 ; elapsed = 00:00:03 . Memory (MB): peak = 2983.199 ; gain = 117.828 ; free physical = 43219 ; free virtual = 63297
Shift Register Optimization | Checksum: 1a79c2548
INFO: [Opt 31-389] Phase Shift Register Optimization created 0 cells and removed 0 cells
INFO: [Opt 31-1555] control_set_opt supports Versal devices only, and device 7z020 is unsupported

Phase 8 Post Processing Netlist
INFO: [Opt 31-1566] Pulled 1 inverters resulting in an inversion of 1 pins
Phase 8 Post Processing Netlist | Checksum: 209cb29bb

Time (s): cpu = 00:00:06 ; elapsed = 00:00:03 . Memory (MB): peak = 2983.199 ; gain = 117.828 ; free physical = 43219 ; free virtual = 63297
Post Processing Netlist | Checksum: 209cb29bb
INFO: [Opt 31-389] Phase Post Processing Netlist created 0 cells and removed 1 cells
INFO: [Opt 31-1021] In phase Post Processing Netlist, 233 netlist objects are constrained preventing optimization. Please run opt_design with -debug_log to get more detail. 

Phase 9 Finalization

Phase 9.1 Finalizing Design Cores and Updating Shapes
Phase 9.1 Finalizing Design Cores and Updating Shapes | Checksum: 201b8cbaf

Time (s): cpu = 00:00:07 ; elapsed = 00:00:04 . Memory (MB): peak = 2983.199 ; gain = 117.828 ; free physical = 43219 ; free virtual = 63297

Phase 9.2 Verifying Netlist Connectivity

Starting Connectivity Check Task

Time (s): cpu = 00:00:00.04 ; elapsed = 00:00:00.04 . Memory (MB): peak = 2983.199 ; gain = 0.000 ; free physical = 43218 ; free virtual = 63297
Phase 9.2 Verifying Netlist Connectivity | Checksum: 201b8cbaf

Time (s): cpu = 00:00:07 ; elapsed = 00:00:04 . Memory (MB): peak = 2983.199 ; gain = 117.828 ; free physical = 43218 ; free virtual = 63297
Phase 9 Finalization | Checksum: 201b8cbaf

Time (s): cpu = 00:00:07 ; elapsed = 00:00:04 . Memory (MB): peak = 2983.199 ; gain = 117.828 ; free physical = 43218 ; free virtual = 63297
Opt_design Change Summary
=========================


-------------------------------------------------------------------------------------------------------------------------
|  Phase                        |  #Cells created  |  #Cells Removed  |  #Constrained objects preventing optimizations  |
-------------------------------------------------------------------------------------------------------------------------
|  Retarget                     |             287  |             699  |                                            255  |
|  Constant propagation         |             171  |             934  |                                            606  |
|  Sweep                        |               0  |            2463  |                                            420  |
|  BUFG optimization            |               0  |               0  |                                              0  |
|  Shift Register Optimization  |               0  |               0  |                                              0  |
|  Post Processing Netlist      |               0  |               1  |                                            233  |
-------------------------------------------------------------------------------------------------------------------------


Ending Logic Optimization Task | Checksum: 201b8cbaf

Time (s): cpu = 00:00:07 ; elapsed = 00:00:04 . Memory (MB): peak = 2983.199 ; gain = 117.828 ; free physical = 43218 ; free virtual = 63297

Starting Netlist Obfuscation Task
Netlist sorting complete. Time (s): cpu = 00:00:00 ; elapsed = 00:00:00 . Memory (MB): peak = 2983.199 ; gain = 0.000 ; free physical = 43218 ; free virtual = 63297
Ending Netlist Obfuscation Task | Checksum: 201b8cbaf

Time (s): cpu = 00:00:00.01 ; elapsed = 00:00:00 . Memory (MB): peak = 2983.199 ; gain = 0.000 ; free physical = 43218 ; free virtual = 63297
INFO: [Common 17-83] Releasing license: Implementation
65 Infos, 77 Warnings, 0 Critical Warnings and 0 Errors encountered.
opt_design completed successfully
opt_design: Time (s): cpu = 00:00:10 ; elapsed = 00:00:05 . Memory (MB): peak = 2983.199 ; gain = 334.727 ; free physical = 43218 ; free virtual = 63297
INFO: [Vivado 12-24828] Executing command : report_drc -file design_1_wrapper_drc_opted.rpt -pb design_1_wrapper_drc_opted.pb -rpx design_1_wrapper_drc_opted.rpx
Command: report_drc -file design_1_wrapper_drc_opted.rpt -pb design_1_wrapper_drc_opted.pb -rpx design_1_wrapper_drc_opted.rpx
INFO: [IP_Flow 19-1839] IP Catalog is up to date.
INFO: [DRC 23-27] Running DRC with 8 threads
INFO: [Vivado_Tcl 2-168] The results of DRC are in file /run/media/pjs/6A43-DC8A/smollm2-zybo/hw/vivado_project/GPTalk.runs/impl_1/design_1_wrapper_drc_opted.rpt.
report_drc completed successfully
INFO: [Timing 38-35] Done setting XDC timing constraints.
INFO: [Timing 38-480] Writing timing data to binary archive.
Wrote PlaceDB: Time (s): cpu = 00:00:00.03 ; elapsed = 00:00:00 . Memory (MB): peak = 3014.918 ; gain = 8.906 ; free physical = 43187 ; free virtual = 63267
Wrote PulsedLatchDB: Time (s): cpu = 00:00:00 ; elapsed = 00:00:00 . Memory (MB): peak = 3014.918 ; gain = 0.000 ; free physical = 43187 ; free virtual = 63267
Writing XDEF routing.
Writing XDEF routing logical nets.
Write ShapeDB Complete: Time (s): cpu = 00:00:00.19 ; elapsed = 00:00:00.04 . Memory (MB): peak = 3032.527 ; gain = 26.516 ; free physical = 43140 ; free virtual = 63224
Writing XDEF routing special nets.
Wrote RouteStorage: Time (s): cpu = 00:00:00.22 ; elapsed = 00:00:00.06 . Memory (MB): peak = 3036.199 ; gain = 21.281 ; free physical = 43133 ; free virtual = 63217
Wrote Netlist Cache: Time (s): cpu = 00:00:00 ; elapsed = 00:00:00 . Memory (MB): peak = 3036.199 ; gain = 0.000 ; free physical = 43133 ; free virtual = 63217
Wrote Device Cache: Time (s): cpu = 00:00:00.02 ; elapsed = 00:00:00 . Memory (MB): peak = 3037.199 ; gain = 1.000 ; free physical = 43125 ; free virtual = 63211
Write Physdb Complete: Time (s): cpu = 00:00:00.27 ; elapsed = 00:00:00.07 . Memory (MB): peak = 3037.199 ; gain = 31.188 ; free physical = 43117 ; free virtual = 63203
INFO: [Common 17-1381] The checkpoint '/run/media/pjs/6A43-DC8A/smollm2-zybo/hw/vivado_project/GPTalk.runs/impl_1/design_1_wrapper_opt.dcp' has been generated.
Command: place_design -directive ExtraNetDelay_high
Attempting to get a license for feature 'Implementation' and/or device 'xc7z020'
INFO: [Common 17-349] Got license for feature 'Implementation' and/or device 'xc7z020'
INFO: [Common 17-83] Releasing license: Implementation
INFO: [DRC 23-27] Running DRC with 8 threads
INFO: [Vivado_Tcl 4-198] DRC finished with 0 Errors
INFO: [Vivado_Tcl 4-199] Please refer to the DRC report (report_drc) for more information.
INFO: [Vivado_Tcl 4-2302] The placer was invoked with the 'ExtraNetDelay_high' directive.
Running DRC as a precondition to command place_design
INFO: [DRC 23-27] Running DRC with 8 threads
INFO: [Vivado_Tcl 4-198] DRC finished with 0 Errors
INFO: [Vivado_Tcl 4-199] Please refer to the DRC report (report_drc) for more information.
INFO: [Place 30-611] Multithreading enabled for place_design using a maximum of 8 CPUs

Starting Placer Task

Phase 1 Placer Initialization

Phase 1.1 Placer Initialization Netlist Sorting
Netlist sorting complete. Time (s): cpu = 00:00:00.01 ; elapsed = 00:00:00 . Memory (MB): peak = 3116.926 ; gain = 0.000 ; free physical = 43056 ; free virtual = 63147
Phase 1.1 Placer Initialization Netlist Sorting | Checksum: 1c764d1be

Time (s): cpu = 00:00:00.01 ; elapsed = 00:00:00.01 . Memory (MB): peak = 3116.926 ; gain = 0.000 ; free physical = 43056 ; free virtual = 63147
Netlist sorting complete. Time (s): cpu = 00:00:00 ; elapsed = 00:00:00.01 . Memory (MB): peak = 3116.926 ; gain = 0.000 ; free physical = 43056 ; free virtual = 63147

Phase 1.2 IO Placement/ Clock Placement/ Build Placer Device
Phase 1.2 IO Placement/ Clock Placement/ Build Placer Device | Checksum: f2340cb3

Time (s): cpu = 00:00:03 ; elapsed = 00:00:01 . Memory (MB): peak = 3116.926 ; gain = 0.000 ; free physical = 43054 ; free virtual = 63145

Phase 1.3 Build Placer Netlist Model
Phase 1.3 Build Placer Netlist Model | Checksum: 12ac8bb6d

Time (s): cpu = 00:00:12 ; elapsed = 00:00:05 . Memory (MB): peak = 3189.344 ; gain = 72.418 ; free physical = 42914 ; free virtual = 63005

Phase 1.4 Constrain Clocks/Macros
Phase 1.4 Constrain Clocks/Macros | Checksum: 12ac8bb6d

Time (s): cpu = 00:00:12 ; elapsed = 00:00:05 . Memory (MB): peak = 3189.344 ; gain = 72.418 ; free physical = 42914 ; free virtual = 63005
Phase 1 Placer Initialization | Checksum: 12ac8bb6d

Time (s): cpu = 00:00:12 ; elapsed = 00:00:05 . Memory (MB): peak = 3189.344 ; gain = 72.418 ; free physical = 42914 ; free virtual = 63005

Phase 2 Global Placement

Phase 2.1 Floorplanning
Phase 2.1 Floorplanning | Checksum: de41ba98

Time (s): cpu = 00:00:16 ; elapsed = 00:00:06 . Memory (MB): peak = 3261.336 ; gain = 144.410 ; free physical = 42919 ; free virtual = 63011

Phase 2.2 Update Timing before SLR Path Opt
Phase 2.2 Update Timing before SLR Path Opt | Checksum: 125d3e7c4

Time (s): cpu = 00:00:18 ; elapsed = 00:00:07 . Memory (MB): peak = 3261.336 ; gain = 144.410 ; free physical = 42921 ; free virtual = 63012

Phase 2.3 Post-Processing in Floorplanning
Phase 2.3 Post-Processing in Floorplanning | Checksum: 125d3e7c4

Time (s): cpu = 00:00:19 ; elapsed = 00:00:07 . Memory (MB): peak = 3261.336 ; gain = 144.410 ; free physical = 42921 ; free virtual = 63012

Phase 2.4 Global Place Phase1
Phase 2.4 Global Place Phase1 | Checksum: 151360846

Time (s): cpu = 00:00:49 ; elapsed = 00:00:16 . Memory (MB): peak = 3285.348 ; gain = 168.422 ; free physical = 42861 ; free virtual = 62953

Phase 2.5 Global Place Phase2

Phase 2.5.1 UpdateTiming Before Physical Synthesis
Phase 2.5.1 UpdateTiming Before Physical Synthesis | Checksum: 151360846

Time (s): cpu = 00:00:52 ; elapsed = 00:00:17 . Memory (MB): peak = 3285.348 ; gain = 168.422 ; free physical = 42864 ; free virtual = 62955

Phase 2.5.2 Physical Synthesis In Placer
INFO: [Physopt 32-1035] Found 0 LUTNM shape to break, 1636 LUT instances to create LUTNM shape
INFO: [Physopt 32-1044] Break lutnm for timing: one critical 0, two critical 0, total 0, new lutff created 0
INFO: [Physopt 32-1138] End 1 Pass. Optimized 649 nets or LUTs. Breaked 0 LUT, combined 649 existing LUTs and moved 0 existing LUT
INFO: [Physopt 32-65] No nets found for high-fanout optimization.
INFO: [Physopt 32-232] Optimized 0 net. Created 0 new instance.
INFO: [Physopt 32-775] End 1 Pass. Optimized 0 net or cell. Created 0 new cell, deleted 0 existing cell and moved 0 existing cell
INFO: [Physopt 32-670] No setup violation found.  DSP Register Optimization was not performed.
INFO: [Physopt 32-670] No setup violation found.  Shift Register to Pipeline Optimization was not performed.
INFO: [Physopt 32-670] No setup violation found.  Shift Register Optimization was not performed.
INFO: [Physopt 32-670] No setup violation found.  BRAM Register Optimization was not performed.
INFO: [Physopt 32-670] No setup violation found.  URAM Register Optimization was not performed.
INFO: [Physopt 32-949] No candidate nets found for dynamic/static region interface net replication
INFO: [Physopt 32-775] End 1 Pass. Optimized 0 net or cell. Created 0 new cell, deleted 0 existing cell and moved 0 existing cell
Netlist sorting complete. Time (s): cpu = 00:00:00.01 ; elapsed = 00:00:00.01 . Memory (MB): peak = 3285.348 ; gain = 0.000 ; free physical = 42867 ; free virtual = 62958

Summary of Physical Synthesis Optimizations
============================================


-----------------------------------------------------------------------------------------------------------------------------------------------------------
|  Optimization                                     |  Added Cells  |  Removed Cells  |  Optimized Cells/Nets  |  Dont Touch  |  Iterations  |  Elapsed   |
-----------------------------------------------------------------------------------------------------------------------------------------------------------
|  LUT Combining                                    |            0  |            649  |                   649  |           0  |           1  |  00:00:00  |
|  Retime                                           |            0  |              0  |                     0  |           0  |           1  |  00:00:00  |
|  Very High Fanout                                 |            0  |              0  |                     0  |           0  |           1  |  00:00:00  |
|  DSP Register                                     |            0  |              0  |                     0  |           0  |           0  |  00:00:00  |
|  Shift Register to Pipeline                       |            0  |              0  |                     0  |           0  |           0  |  00:00:00  |
|  Shift Register                                   |            0  |              0  |                     0  |           0  |           0  |  00:00:00  |
|  BRAM Register                                    |            0  |              0  |                     0  |           0  |           0  |  00:00:00  |
|  URAM Register                                    |            0  |              0  |                     0  |           0  |           0  |  00:00:00  |
|  Dynamic/Static Region Interface Net Replication  |            0  |              0  |                     0  |           0  |           1  |  00:00:00  |
|  Total                                            |            0  |            649  |                   649  |           0  |           4  |  00:00:00  |
-----------------------------------------------------------------------------------------------------------------------------------------------------------


Phase 2.5.2 Physical Synthesis In Placer | Checksum: 113f5ffd1

Time (s): cpu = 00:00:56 ; elapsed = 00:00:19 . Memory (MB): peak = 3285.348 ; gain = 168.422 ; free physical = 42872 ; free virtual = 62964
Phase 2.5 Global Place Phase2 | Checksum: 1633d631f

Time (s): cpu = 00:00:58 ; elapsed = 00:00:20 . Memory (MB): peak = 3285.348 ; gain = 168.422 ; free physical = 42877 ; free virtual = 62968
Phase 2 Global Placement | Checksum: 1633d631f

Time (s): cpu = 00:00:58 ; elapsed = 00:00:20 . Memory (MB): peak = 3285.348 ; gain = 168.422 ; free physical = 42877 ; free virtual = 62968

Phase 3 Detail Placement

Phase 3.1 Commit Multi Column Macros
Phase 3.1 Commit Multi Column Macros | Checksum: 933a64af

Time (s): cpu = 00:01:01 ; elapsed = 00:00:21 . Memory (MB): peak = 3285.348 ; gain = 168.422 ; free physical = 42881 ; free virtual = 62973

Phase 3.2 Commit Most Macros & LUTRAMs
Phase 3.2 Commit Most Macros & LUTRAMs | Checksum: 1cb3392f4

Time (s): cpu = 00:01:08 ; elapsed = 00:00:23 . Memory (MB): peak = 3285.348 ; gain = 168.422 ; free physical = 42892 ; free virtual = 62983

Phase 3.3 Area Swap Optimization
Phase 3.3 Area Swap Optimization | Checksum: 1db066686

Time (s): cpu = 00:01:08 ; elapsed = 00:00:23 . Memory (MB): peak = 3285.348 ; gain = 168.422 ; free physical = 42892 ; free virtual = 62983

Phase 3.4 Pipeline Register Optimization
Phase 3.4 Pipeline Register Optimization | Checksum: 1bda1281c

Time (s): cpu = 00:01:08 ; elapsed = 00:00:23 . Memory (MB): peak = 3285.348 ; gain = 168.422 ; free physical = 42891 ; free virtual = 62982

Phase 3.5 Small Shape Detail Placement
Phase 3.5 Small Shape Detail Placement | Checksum: 1960d11c7

Time (s): cpu = 00:01:15 ; elapsed = 00:00:29 . Memory (MB): peak = 3285.348 ; gain = 168.422 ; free physical = 42912 ; free virtual = 63004

Phase 3.6 Re-assign LUT pins
Phase 3.6 Re-assign LUT pins | Checksum: b427f49c

Time (s): cpu = 00:01:16 ; elapsed = 00:00:30 . Memory (MB): peak = 3285.348 ; gain = 168.422 ; free physical = 42898 ; free virtual = 62990

Phase 3.7 Pipeline Register Optimization
Phase 3.7 Pipeline Register Optimization | Checksum: 12c566df6

Time (s): cpu = 00:01:16 ; elapsed = 00:00:30 . Memory (MB): peak = 3285.348 ; gain = 168.422 ; free physical = 42898 ; free virtual = 62990
Phase 3 Detail Placement | Checksum: 12c566df6

Time (s): cpu = 00:01:16 ; elapsed = 00:00:30 . Memory (MB): peak = 3285.348 ; gain = 168.422 ; free physical = 42898 ; free virtual = 62990

Phase 4 Post Placement Optimization and Clean-Up

Phase 4.1 Post Commit Optimization
INFO: [Place 46-20] Placer is running with the ExtraNetDelay_high directive. Post Placement Optimization may take longer to complete with ExtraNetDelay_high compared to other directives.
INFO: [Timing 38-35] Done setting XDC timing constraints.

Phase 4.1.1 Post Placement Optimization
Post Placement Optimization Initialization | Checksum: 1975eb683

Phase 4.1.1.1 BUFG Insertion

Starting Physical Synthesis Task

Phase 1 Physical Synthesis Initialization
INFO: [Physopt 32-721] Multithreading enabled for phys_opt_design using a maximum of 8 CPUs
INFO: [Physopt 32-619] Estimated Timing Summary | WNS=0.915 | TNS=0.000 |
Phase 1 Physical Synthesis Initialization | Checksum: 126bf0693

Time (s): cpu = 00:00:03 ; elapsed = 00:00:00.66 . Memory (MB): peak = 3288.133 ; gain = 0.000 ; free physical = 42856 ; free virtual = 62948
INFO: [Place 46-33] Processed net design_1_i/gemv_q8_0_dma_top_0/inst/core/SR[0], BUFG insertion was skipped due to placement/routing conflicts.
INFO: [Place 46-33] Processed net design_1_i/gemv_q8_0_dma_top_0/inst/core/row_acc[7][63]_i_1_n_0, BUFG insertion was skipped due to placement/routing conflicts.
INFO: [Place 46-33] Processed net design_1_i/gemv_q8_0_dma_top_0/inst/core/scaled_shifted, BUFG insertion was skipped due to placement/routing conflicts.
INFO: [Place 46-56] BUFG insertion identified 3 candidate nets. Inserted BUFG: 0, Replicated BUFG Driver: 0, Skipped due to Placement/Routing Conflicts: 3, Skipped due to Timing Degradation: 0, Skipped due to netlist editing failed: 0.
Ending Physical Synthesis Task | Checksum: ee30ff71

Time (s): cpu = 00:00:04 ; elapsed = 00:00:00.97 . Memory (MB): peak = 3288.133 ; gain = 0.000 ; free physical = 42859 ; free virtual = 62950
Phase 4.1.1.1 BUFG Insertion | Checksum: 1975eb683

Time (s): cpu = 00:01:31 ; elapsed = 00:00:34 . Memory (MB): peak = 3288.133 ; gain = 171.207 ; free physical = 42855 ; free virtual = 62947

Phase 4.1.1.2 Post Placement Timing Optimization
INFO: [Place 30-746] Post Placement Timing Summary WNS=0.915. For the most accurate timing information please run report_timing.
Phase 4.1.1.2 Post Placement Timing Optimization | Checksum: e88fbe6c

Time (s): cpu = 00:01:31 ; elapsed = 00:00:34 . Memory (MB): peak = 3288.133 ; gain = 171.207 ; free physical = 42855 ; free virtual = 62947

Time (s): cpu = 00:01:31 ; elapsed = 00:00:34 . Memory (MB): peak = 3288.133 ; gain = 171.207 ; free physical = 42855 ; free virtual = 62947
Phase 4.1 Post Commit Optimization | Checksum: e88fbe6c

Time (s): cpu = 00:01:31 ; elapsed = 00:00:34 . Memory (MB): peak = 3288.133 ; gain = 171.207 ; free physical = 42855 ; free virtual = 62947

Phase 4.2 Post Placement Cleanup
Phase 4.2 Post Placement Cleanup | Checksum: e88fbe6c

Time (s): cpu = 00:01:32 ; elapsed = 00:00:34 . Memory (MB): peak = 3288.133 ; gain = 171.207 ; free physical = 42855 ; free virtual = 62947

Phase 4.3 Placer Reporting

Phase 4.3.1 Print Estimated Congestion
INFO: [Place 30-612] Post-Placement Estimated Congestion 
 ____________________________________________________
|           | Global Congestion | Short Congestion  |
| Direction | Region Size       | Region Size       |
|___________|___________________|___________________|
|      North|                1x1|                2x2|
|___________|___________________|___________________|
|      South|                1x1|                4x4|
|___________|___________________|___________________|
|       East|                4x4|                4x4|
|___________|___________________|___________________|
|       West|                1x1|                2x2|
|___________|___________________|___________________|

Phase 4.3.1 Print Estimated Congestion | Checksum: e88fbe6c

Time (s): cpu = 00:01:32 ; elapsed = 00:00:35 . Memory (MB): peak = 3288.133 ; gain = 171.207 ; free physical = 42855 ; free virtual = 62946
Phase 4.3 Placer Reporting | Checksum: e88fbe6c

Time (s): cpu = 00:01:32 ; elapsed = 00:00:35 . Memory (MB): peak = 3288.133 ; gain = 171.207 ; free physical = 42855 ; free virtual = 62946

Phase 4.4 Final Placement Cleanup
Netlist sorting complete. Time (s): cpu = 00:00:00.02 ; elapsed = 00:00:00.02 . Memory (MB): peak = 3288.133 ; gain = 0.000 ; free physical = 42855 ; free virtual = 62946

Time (s): cpu = 00:01:32 ; elapsed = 00:00:35 . Memory (MB): peak = 3288.133 ; gain = 171.207 ; free physical = 42855 ; free virtual = 62946
Phase 4 Post Placement Optimization and Clean-Up | Checksum: 142ad77f3

Time (s): cpu = 00:01:33 ; elapsed = 00:00:35 . Memory (MB): peak = 3288.133 ; gain = 171.207 ; free physical = 42855 ; free virtual = 62946
Ending Placer Task | Checksum: 10dfabf07

Time (s): cpu = 00:01:33 ; elapsed = 00:00:35 . Memory (MB): peak = 3288.133 ; gain = 171.207 ; free physical = 42855 ; free virtual = 62946
105 Infos, 77 Warnings, 0 Critical Warnings and 0 Errors encountered.
place_design completed successfully
place_design: Time (s): cpu = 00:01:37 ; elapsed = 00:00:36 . Memory (MB): peak = 3288.133 ; gain = 249.934 ; free physical = 42855 ; free virtual = 62946
INFO: [Vivado 12-24838] Running report commands "report_control_sets, report_io, report_utilization" in parallel.
Running report generation with 3 threads.
INFO: [Vivado 12-24828] Executing command : report_io -file design_1_wrapper_io_placed.rpt
report_io: Time (s): cpu = 00:00:00.19 ; elapsed = 00:00:00.09 . Memory (MB): peak = 3288.133 ; gain = 0.000 ; free physical = 42851 ; free virtual = 62942
INFO: [Vivado 12-24828] Executing command : report_control_sets -verbose -file design_1_wrapper_control_sets_placed.rpt
report_control_sets: Time (s): cpu = 00:00:00.28 ; elapsed = 00:00:00.16 . Memory (MB): peak = 3288.133 ; gain = 0.000 ; free physical = 42852 ; free virtual = 62943
INFO: [Vivado 12-24828] Executing command : report_utilization -file design_1_wrapper_utilization_placed.rpt -pb design_1_wrapper_utilization_placed.pb
INFO: [Timing 38-480] Writing timing data to binary archive.
Write ShapeDB Complete: Time (s): cpu = 00:00:00.42 ; elapsed = 00:00:00.09 . Memory (MB): peak = 3288.133 ; gain = 0.000 ; free physical = 42835 ; free virtual = 62941
Wrote PlaceDB: Time (s): cpu = 00:00:04 ; elapsed = 00:00:01 . Memory (MB): peak = 3288.133 ; gain = 0.000 ; free physical = 42777 ; free virtual = 62932
Wrote PulsedLatchDB: Time (s): cpu = 00:00:00 ; elapsed = 00:00:00 . Memory (MB): peak = 3288.133 ; gain = 0.000 ; free physical = 42777 ; free virtual = 62932
Writing XDEF routing.
Writing XDEF routing logical nets.
Writing XDEF routing special nets.
Wrote RouteStorage: Time (s): cpu = 00:00:00.04 ; elapsed = 00:00:00.04 . Memory (MB): peak = 3288.133 ; gain = 0.000 ; free physical = 42777 ; free virtual = 62933
Wrote Netlist Cache: Time (s): cpu = 00:00:00.03 ; elapsed = 00:00:00.03 . Memory (MB): peak = 3288.133 ; gain = 0.000 ; free physical = 42769 ; free virtual = 62929
Wrote Device Cache: Time (s): cpu = 00:00:00 ; elapsed = 00:00:00 . Memory (MB): peak = 3288.133 ; gain = 0.000 ; free physical = 42769 ; free virtual = 62930
Write Physdb Complete: Time (s): cpu = 00:00:04 ; elapsed = 00:00:01 . Memory (MB): peak = 3288.133 ; gain = 0.000 ; free physical = 42769 ; free virtual = 62930
INFO: [Common 17-1381] The checkpoint '/run/media/pjs/6A43-DC8A/smollm2-zybo/hw/vivado_project/GPTalk.runs/impl_1/design_1_wrapper_placed.dcp' has been generated.
Command: phys_opt_design -directive AggressiveExplore
Attempting to get a license for feature 'Implementation' and/or device 'xc7z020'
INFO: [Common 17-349] Got license for feature 'Implementation' and/or device 'xc7z020'
INFO: [Vivado_Tcl 4-137] Directive used for phys_opt_design is: AggressiveExplore

Starting Initial Update Timing Task

Time (s): cpu = 00:00:10 ; elapsed = 00:00:02 . Memory (MB): peak = 3288.133 ; gain = 0.000 ; free physical = 42847 ; free virtual = 62955
INFO: [Vivado_Tcl 4-2280] Estimated Timing Summary | WNS= 0.915 | TNS= 0.000 | WHS= -0.298 |
INFO: [Vivado_Tcl 4-383] Design worst setup slack (WNS) is greater than or equal to 0.000 ns. All physical synthesis setup optimizations will be skipped.
INFO: [Vivado_Tcl 4-1435] PhysOpt_Tcl_Interface Runtime Before Starting Physical Synthesis Task | CPU: 10.12s |  WALL: 2.45s
Netlist sorting complete. Time (s): cpu = 00:00:00 ; elapsed = 00:00:00 . Memory (MB): peak = 3288.133 ; gain = 0.000 ; free physical = 42847 ; free virtual = 62955

Starting Physical Synthesis Task

Phase 1 Physical Synthesis Initialization
INFO: [Physopt 32-721] Multithreading enabled for phys_opt_design using a maximum of 8 CPUs
INFO: [Physopt 32-619] Estimated Timing Summary | WNS=0.915 | TNS=0.000 |
Phase 1 Physical Synthesis Initialization | Checksum: 17940c664

Time (s): cpu = 00:00:05 ; elapsed = 00:00:01 . Memory (MB): peak = 3288.133 ; gain = 0.000 ; free physical = 42850 ; free virtual = 62959

Phase 2 Hold Fix Optimization
INFO: [Physopt 32-668] Estimated Timing Summary | WNS=0.915 | TNS=0.000 | WHS=-0.298 | THS=-12.977 |
INFO: [Physopt 32-45] Identified 1 candidate net for hold slack optimization.
INFO: [Physopt 32-234] Optimized 1 net. Inserted 0 new ZHOLD_DELAYs. Calibrated 0 existing ZHOLD_DELAYs. Inserted 1 buffer.

Netlist sorting complete. Time (s): cpu = 00:00:00.01 ; elapsed = 00:00:00 . Memory (MB): peak = 3288.133 ; gain = 0.000 ; free physical = 42850 ; free virtual = 62960
INFO: [Physopt 32-668] Estimated Timing Summary | WNS=0.915 | TNS=0.000 | WHS=-0.244 | THS=-12.679 |
Phase 2 Hold Fix Optimization | Checksum: 1e96279f8

Time (s): cpu = 00:00:06 ; elapsed = 00:00:02 . Memory (MB): peak = 3288.133 ; gain = 0.000 ; free physical = 42850 ; free virtual = 62960
Netlist sorting complete. Time (s): cpu = 00:00:00 ; elapsed = 00:00:00 . Memory (MB): peak = 3288.133 ; gain = 0.000 ; free physical = 42850 ; free virtual = 62960
INFO: [Physopt 32-669] Post Physical Optimization Timing Summary | WNS=0.915 | TNS=0.000 | WHS=-0.244 | THS=-12.679 |

Summary of Physical Synthesis Optimizations
============================================


----------------------------------------------------------------------------------------------------------------------------------------------------------------------
|  Optimization            |  WNS Gain (ns)  |  TNS Gain (ns)  |  Added Cells  |  Removed Cells  |  Optimized Cells/Nets  |  Dont Touch  |  Iterations  |  Elapsed   |
----------------------------------------------------------------------------------------------------------------------------------------------------------------------
|  Fanout                  |          0.000  |          0.000  |            0  |              0  |                     0  |           0  |           0  |  00:00:00  |
|  Single Cell Placement   |          0.000  |          0.000  |            0  |              0  |                     0  |           0  |           0  |  00:00:00  |
|  Multi Cell Placement    |          0.000  |          0.000  |            0  |              0  |                     0  |           0  |           0  |  00:00:00  |
|  Rewire                  |          0.000  |          0.000  |            0  |              0  |                     0  |           0  |           0  |  00:00:00  |
|  Critical Cell           |          0.000  |          0.000  |            0  |              0  |                     0  |           0  |           0  |  00:00:00  |
|  SLR Crossing            |          0.000  |          0.000  |            0  |              0  |                     0  |           0  |           0  |  00:00:00  |
|  DSP Register            |          0.000  |          0.000  |            0  |              0  |                     0  |           0  |           0  |  00:00:00  |
|  BRAM Register           |          0.000  |          0.000  |            0  |              0  |                     0  |           0  |           0  |  00:00:00  |
|  URAM Register           |          0.000  |          0.000  |            0  |              0  |                     0  |           0  |           0  |  00:00:00  |
|  Shift Register          |          0.000  |          0.000  |            0  |              0  |                     0  |           0  |           0  |  00:00:00  |
|  Critical Pin            |          0.000  |          0.000  |            0  |              0  |                     0  |           0  |           0  |  00:00:00  |
|  Very High Fanout        |          0.000  |          0.000  |            0  |              0  |                     0  |           0  |           0  |  00:00:00  |
|  Total                   |          0.000  |          0.000  |            0  |              0  |                     0  |           0  |           0  |  00:00:00  |
----------------------------------------------------------------------------------------------------------------------------------------------------------------------


Summary of Hold Fix Optimizations
=================================


--------------------------------------------------------------------------------------------------------------------------------------------------------------
|  Optimization               |  WHS Gain (ns)  |  THS Gain (ns)  |  Added LUTs  |  Added FFs  |  Optimized Nets  |  Dont Touch  |  Iterations  |  Elapsed   |
--------------------------------------------------------------------------------------------------------------------------------------------------------------
|  LUT1 and ZHOLD Insertion   |          0.055  |          0.298  |           1  |          0  |               1  |           0  |           1  |  00:00:01  |
|  Total                      |          0.055  |          0.298  |           1  |          0  |               1  |           0  |           1  |  00:00:01  |
--------------------------------------------------------------------------------------------------------------------------------------------------------------


Netlist sorting complete. Time (s): cpu = 00:00:00 ; elapsed = 00:00:00.01 . Memory (MB): peak = 3288.133 ; gain = 0.000 ; free physical = 42850 ; free virtual = 62960
Ending Physical Synthesis Task | Checksum: 16fe58cc9

Time (s): cpu = 00:00:07 ; elapsed = 00:00:02 . Memory (MB): peak = 3288.133 ; gain = 0.000 ; free physical = 42854 ; free virtual = 62963
INFO: [Common 17-83] Releasing license: Implementation
124 Infos, 77 Warnings, 0 Critical Warnings and 0 Errors encountered.
phys_opt_design completed successfully
INFO: [Timing 38-480] Writing timing data to binary archive.
Write ShapeDB Complete: Time (s): cpu = 00:00:00.28 ; elapsed = 00:00:00.06 . Memory (MB): peak = 3307.422 ; gain = 19.289 ; free physical = 42823 ; free virtual = 62942
Wrote PlaceDB: Time (s): cpu = 00:00:04 ; elapsed = 00:00:01 . Memory (MB): peak = 3307.422 ; gain = 19.289 ; free physical = 42751 ; free virtual = 62921
Wrote PulsedLatchDB: Time (s): cpu = 00:00:00 ; elapsed = 00:00:00 . Memory (MB): peak = 3307.422 ; gain = 0.000 ; free physical = 42751 ; free virtual = 62921
Writing XDEF routing.
Writing XDEF routing logical nets.
Writing XDEF routing special nets.
Wrote RouteStorage: Time (s): cpu = 00:00:00.03 ; elapsed = 00:00:00.04 . Memory (MB): peak = 3307.422 ; gain = 0.000 ; free physical = 42751 ; free virtual = 62922
Wrote Netlist Cache: Time (s): cpu = 00:00:00.03 ; elapsed = 00:00:00.03 . Memory (MB): peak = 3307.422 ; gain = 0.000 ; free physical = 42743 ; free virtual = 62918
Wrote Device Cache: Time (s): cpu = 00:00:00 ; elapsed = 00:00:00 . Memory (MB): peak = 3307.422 ; gain = 0.000 ; free physical = 42743 ; free virtual = 62919
Write Physdb Complete: Time (s): cpu = 00:00:04 ; elapsed = 00:00:01 . Memory (MB): peak = 3307.422 ; gain = 19.289 ; free physical = 42743 ; free virtual = 62919
INFO: [Common 17-1381] The checkpoint '/run/media/pjs/6A43-DC8A/smollm2-zybo/hw/vivado_project/GPTalk.runs/impl_1/design_1_wrapper_physopt.dcp' has been generated.
Command: route_design -directive AggressiveExplore -tns_cleanup
Attempting to get a license for feature 'Implementation' and/or device 'xc7z020'
INFO: [Common 17-349] Got license for feature 'Implementation' and/or device 'xc7z020'
INFO: [DRC 23-27] Running DRC with 8 threads
INFO: [Vivado_Tcl 4-198] DRC finished with 0 Errors
INFO: [Vivado_Tcl 4-199] Please refer to the DRC report (report_drc) for more information.


Starting Routing Task
INFO: [Route 35-270] Using Router directive 'AggressiveExplore'.
INFO: [Route 35-254] Multithreading enabled for route_design using a maximum of 8 CPUs

Phase 1 Build RT Design
Checksum: PlaceDB: bc803364 ConstDB: 0 ShapeSum: 1a7c3563 RouteDB: 15f972f0
Post Restoration Checksum: NetGraph: 7c77f58e | NumContArr: a2138fd6 | Constraints: c2a8fa9d | Timing: c2a8fa9d
Phase 1 Build RT Design | Checksum: 2a3dd7a9e

Time (s): cpu = 00:00:21 ; elapsed = 00:00:11 . Memory (MB): peak = 3394.828 ; gain = 17.000 ; free physical = 42723 ; free virtual = 62848

Phase 2 Router Initialization

Phase 2.1 Fix Topology Constraints
Phase 2.1 Fix Topology Constraints | Checksum: 2a3dd7a9e

Time (s): cpu = 00:00:21 ; elapsed = 00:00:11 . Memory (MB): peak = 3394.828 ; gain = 17.000 ; free physical = 42723 ; free virtual = 62848

Phase 2.2 Pre Route Cleanup
Phase 2.2 Pre Route Cleanup | Checksum: 2a3dd7a9e

Time (s): cpu = 00:00:21 ; elapsed = 00:00:11 . Memory (MB): peak = 3394.828 ; gain = 17.000 ; free physical = 42723 ; free virtual = 62848
 Number of Nodes with overlaps = 0

Phase 2.3 Update Timing
Phase 2.3 Update Timing | Checksum: 1f8fe6df1

Time (s): cpu = 00:00:36 ; elapsed = 00:00:15 . Memory (MB): peak = 3440.906 ; gain = 63.078 ; free physical = 42692 ; free virtual = 62818
INFO: [Route 35-416] Intermediate Timing Summary | WNS=1.061  | TNS=0.000  | WHS=-0.352 | THS=-1090.351|


Phase 2.4 Update Timing for Bus Skew

Phase 2.4.1 Update Timing
Phase 2.4.1 Update Timing | Checksum: 1a41d8c3c

Time (s): cpu = 00:00:49 ; elapsed = 00:00:18 . Memory (MB): peak = 3520.906 ; gain = 143.078 ; free physical = 42611 ; free virtual = 62736
INFO: [Route 35-416] Intermediate Timing Summary | WNS=1.061  | TNS=0.000  | WHS=-0.176 | THS=-12.403|

Phase 2.4 Update Timing for Bus Skew | Checksum: 21c092855

Time (s): cpu = 00:00:49 ; elapsed = 00:00:18 . Memory (MB): peak = 3520.906 ; gain = 143.078 ; free physical = 42612 ; free virtual = 62737

Router Utilization Summary
  Global Vertical Routing Utilization    = 0.00201926 %
  Global Horizontal Routing Utilization  = 0.000338066 %
  Routable Net Status*
  *Does not include unroutable nets such as driverless and loadless.
  Run report_route_status for detailed report.
  Number of Failed Nets               = 47957
    (Failed Nets is the sum of unrouted and partially routed nets)
  Number of Unrouted Nets             = 47957
  Number of Partially Routed Nets     = 0
  Number of Node Overlaps             = 0

Phase 2 Router Initialization | Checksum: 20e576676

Time (s): cpu = 00:00:50 ; elapsed = 00:00:18 . Memory (MB): peak = 3520.906 ; gain = 143.078 ; free physical = 42612 ; free virtual = 62737

Phase 3 Global Routing
Phase 3 Global Routing | Checksum: 20e576676

Time (s): cpu = 00:00:50 ; elapsed = 00:00:18 . Memory (MB): peak = 3520.906 ; gain = 143.078 ; free physical = 42612 ; free virtual = 62737

Phase 4 Initial Routing

Phase 4.1 Initial Net Routing Pass
Phase 4.1 Initial Net Routing Pass | Checksum: 201251eb3

Time (s): cpu = 00:00:58 ; elapsed = 00:00:21 . Memory (MB): peak = 3520.906 ; gain = 143.078 ; free physical = 42612 ; free virtual = 62737
Phase 4 Initial Routing | Checksum: 201251eb3

Time (s): cpu = 00:00:59 ; elapsed = 00:00:21 . Memory (MB): peak = 3520.906 ; gain = 143.078 ; free physical = 42612 ; free virtual = 62737

Phase 5 Rip-up And Reroute

Phase 5.1 Global Iteration 0
 Number of Nodes with overlaps = 6581
 Number of Nodes with overlaps = 729
 Number of Nodes with overlaps = 103
 Number of Nodes with overlaps = 29
 Number of Nodes with overlaps = 6
 Number of Nodes with overlaps = 3
 Number of Nodes with overlaps = 1
 Number of Nodes with overlaps = 0
INFO: [Route 35-416] Intermediate Timing Summary | WNS=0.665  | TNS=0.000  | WHS=N/A    | THS=N/A    |

Phase 5.1 Global Iteration 0 | Checksum: 26db0f1b9

Time (s): cpu = 00:01:21 ; elapsed = 00:00:32 . Memory (MB): peak = 3520.906 ; gain = 143.078 ; free physical = 42614 ; free virtual = 62740

Phase 5.2 Global Iteration 1
 Number of Nodes with overlaps = 11
 Number of Nodes with overlaps = 2
 Number of Nodes with overlaps = 1
 Number of Nodes with overlaps = 0
INFO: [Route 35-416] Intermediate Timing Summary | WNS=0.665  | TNS=0.000  | WHS=N/A    | THS=N/A    |

Phase 5.2 Global Iteration 1 | Checksum: 225d23df1

Time (s): cpu = 00:01:23 ; elapsed = 00:00:33 . Memory (MB): peak = 3520.906 ; gain = 143.078 ; free physical = 42615 ; free virtual = 62741
Phase 5 Rip-up And Reroute | Checksum: 225d23df1

Time (s): cpu = 00:01:23 ; elapsed = 00:00:33 . Memory (MB): peak = 3520.906 ; gain = 143.078 ; free physical = 42615 ; free virtual = 62741

Phase 6 Delay and Skew Optimization

Phase 6.1 TNS Cleanup

Phase 6.1.1 Delay CleanUp

Phase 6.1.1.1 Update Timing
Phase 6.1.1.1 Update Timing | Checksum: 216d7c5cd

Time (s): cpu = 00:01:27 ; elapsed = 00:00:34 . Memory (MB): peak = 3520.906 ; gain = 143.078 ; free physical = 42618 ; free virtual = 62743
INFO: [Route 35-416] Intermediate Timing Summary | WNS=0.679  | TNS=0.000  | WHS=N/A    | THS=N/A    |

Phase 6.1.1 Delay CleanUp | Checksum: 203dde636

Time (s): cpu = 00:01:27 ; elapsed = 00:00:34 . Memory (MB): peak = 3520.906 ; gain = 143.078 ; free physical = 42618 ; free virtual = 62743
Phase 6.1 TNS Cleanup | Checksum: 203dde636

Time (s): cpu = 00:01:27 ; elapsed = 00:00:34 . Memory (MB): peak = 3520.906 ; gain = 143.078 ; free physical = 42618 ; free virtual = 62743

Phase 6.2 Clock Skew Optimization
Phase 6.2 Clock Skew Optimization | Checksum: 203dde636

Time (s): cpu = 00:01:27 ; elapsed = 00:00:34 . Memory (MB): peak = 3520.906 ; gain = 143.078 ; free physical = 42618 ; free virtual = 62743
Phase 6 Delay and Skew Optimization | Checksum: 203dde636

Time (s): cpu = 00:01:27 ; elapsed = 00:00:34 . Memory (MB): peak = 3520.906 ; gain = 143.078 ; free physical = 42618 ; free virtual = 62743

Phase 7 Post Hold Fix

Phase 7.1 Hold Fix Iter
INFO: [Route 35-416] Intermediate Timing Summary | WNS=0.679  | TNS=0.000  | WHS=0.020  | THS=0.000  |

Phase 7.1 Hold Fix Iter | Checksum: 1d907cc9b

Time (s): cpu = 00:01:32 ; elapsed = 00:00:35 . Memory (MB): peak = 3520.906 ; gain = 143.078 ; free physical = 42619 ; free virtual = 62745
Phase 7 Post Hold Fix | Checksum: 1d907cc9b

Time (s): cpu = 00:01:32 ; elapsed = 00:00:35 . Memory (MB): peak = 3520.906 ; gain = 143.078 ; free physical = 42619 ; free virtual = 62745

Phase 8 Route finalize

Router Utilization Summary
  Global Vertical Routing Utilization    = 11.5137 %
  Global Horizontal Routing Utilization  = 16.0177 %
  Routable Net Status*
  *Does not include unroutable nets such as driverless and loadless.
  Run report_route_status for detailed report.
  Number of Failed Nets               = 0
    (Failed Nets is the sum of unrouted and partially routed nets)
  Number of Unrouted Nets             = 0
  Number of Partially Routed Nets     = 0
  Number of Node Overlaps             = 0

Phase 8 Route finalize | Checksum: 1d907cc9b

Time (s): cpu = 00:01:32 ; elapsed = 00:00:35 . Memory (MB): peak = 3520.906 ; gain = 143.078 ; free physical = 42619 ; free virtual = 62745

Phase 9 Verifying routed nets

 Verification completed successfully
Phase 9 Verifying routed nets | Checksum: 1d907cc9b

Time (s): cpu = 00:01:32 ; elapsed = 00:00:35 . Memory (MB): peak = 3520.906 ; gain = 143.078 ; free physical = 42619 ; free virtual = 62745

Phase 10 Depositing Routes
Phase 10 Depositing Routes | Checksum: 1a6657fa4

Time (s): cpu = 00:01:35 ; elapsed = 00:00:36 . Memory (MB): peak = 3520.906 ; gain = 143.078 ; free physical = 42620 ; free virtual = 62742
INFO: [Route 72-16] Aggressive Explore Summary
+======+=======+=====+=======+=====+========+==============+===================+
| Pass |  WNS  | TNS |  WHS  | THS | Status | Elapsed Time | Solution Selected |
+======+=======+=====+=======+=====+========+==============+===================+
|  1   | 0.679 |  -  | 0.020 |  -  |  Pass  |   00:00:25   |         x         |
|  2   |   -   |  -  |   -   |  -  |  Skip  |   00:00:00   |                   |
+------+-------+-----+-------+-----+--------+--------------+-------------------+


Phase 11 Post Process Routing
Phase 11 Post Process Routing | Checksum: 1a6657fa4

Time (s): cpu = 00:01:35 ; elapsed = 00:00:36 . Memory (MB): peak = 3520.906 ; gain = 143.078 ; free physical = 42620 ; free virtual = 62741

Phase 12 Post Router Timing
INFO: [Route 35-20] Post Routing Timing Summary | WNS=0.619  | TNS=0.000  | WHS=0.020  | THS=0.000  |

Phase 12 Post Router Timing | Checksum: 204184bf5

Time (s): cpu = 00:01:49 ; elapsed = 00:00:39 . Memory (MB): peak = 3520.906 ; gain = 143.078 ; free physical = 42621 ; free virtual = 62742
INFO: [Route 35-61] The design met the timing requirement.
Total Elapsed time in route_design: 38.79 secs

Phase 13 Post-Route Event Processing
Phase 13 Post-Route Event Processing | Checksum: 103d455cb

Time (s): cpu = 00:01:50 ; elapsed = 00:00:39 . Memory (MB): peak = 3520.906 ; gain = 143.078 ; free physical = 42621 ; free virtual = 62742
INFO: [Route 35-16] Router Completed Successfully
Ending Routing Task | Checksum: 103d455cb

Time (s): cpu = 00:01:50 ; elapsed = 00:00:39 . Memory (MB): peak = 3520.906 ; gain = 143.078 ; free physical = 42621 ; free virtual = 62742

Routing Is Done.
INFO: [Common 17-83] Releasing license: Implementation
143 Infos, 77 Warnings, 0 Critical Warnings and 0 Errors encountered.
route_design completed successfully
route_design: Time (s): cpu = 00:01:51 ; elapsed = 00:00:39 . Memory (MB): peak = 3520.906 ; gain = 213.484 ; free physical = 42621 ; free virtual = 62742
INFO: [Vivado 12-24828] Executing command : report_drc -file design_1_wrapper_drc_routed.rpt -pb design_1_wrapper_drc_routed.pb -rpx design_1_wrapper_drc_routed.rpx
Command: report_drc -file design_1_wrapper_drc_routed.rpt -pb design_1_wrapper_drc_routed.pb -rpx design_1_wrapper_drc_routed.rpx
INFO: [IP_Flow 19-1839] IP Catalog is up to date.
INFO: [DRC 23-27] Running DRC with 8 threads
INFO: [Vivado_Tcl 2-168] The results of DRC are in file /run/media/pjs/6A43-DC8A/smollm2-zybo/hw/vivado_project/GPTalk.runs/impl_1/design_1_wrapper_drc_routed.rpt.
report_drc completed successfully
INFO: [Vivado 12-24828] Executing command : report_methodology -file design_1_wrapper_methodology_drc_routed.rpt -pb design_1_wrapper_methodology_drc_routed.pb -rpx design_1_wrapper_methodology_drc_routed.rpx
Command: report_methodology -file design_1_wrapper_methodology_drc_routed.rpt -pb design_1_wrapper_methodology_drc_routed.pb -rpx design_1_wrapper_methodology_drc_routed.rpx
INFO: [Timing 38-35] Done setting XDC timing constraints.
INFO: [DRC 23-133] Running Methodology with 8 threads
INFO: [Vivado_Tcl 2-1520] The results of Report Methodology are in file /run/media/pjs/6A43-DC8A/smollm2-zybo/hw/vivado_project/GPTalk.runs/impl_1/design_1_wrapper_methodology_drc_routed.rpt.
report_methodology completed successfully
report_methodology: Time (s): cpu = 00:00:30 ; elapsed = 00:00:06 . Memory (MB): peak = 3520.906 ; gain = 0.000 ; free physical = 42607 ; free virtual = 62729
INFO: [Vivado 12-24828] Executing command : report_timing_summary -max_paths 10 -report_unconstrained -file design_1_wrapper_timing_summary_routed.rpt -pb design_1_wrapper_timing_summary_routed.pb -rpx design_1_wrapper_timing_summary_routed.rpx
INFO: [Timing 38-35] Done setting XDC timing constraints.
INFO: [Timing 38-91] UpdateTimingParams: Speed grade: -1, Delay Type: min_max.
INFO: [Timing 38-191] Multithreading enabled for timing update using a maximum of 8 CPUs
WARNING: [Timing 38-436] There are set_bus_skew constraint(s) in this design. Please run report_bus_skew to ensure that bus skew requirements are met.
INFO: [Vivado 12-24838] Running report commands "report_bus_skew, report_incremental_reuse, report_route_status" in parallel.
Running report generation with 3 threads.
INFO: [Vivado 12-24828] Executing command : report_incremental_reuse -file design_1_wrapper_incremental_reuse_routed.rpt
INFO: [Vivado_Tcl 4-1062] Incremental flow is disabled. No incremental reuse Info to report.
INFO: [Vivado 12-24828] Executing command : report_bus_skew -warn_on_violation -file design_1_wrapper_bus_skew_routed.rpt -pb design_1_wrapper_bus_skew_routed.pb -rpx design_1_wrapper_bus_skew_routed.rpx
INFO: [Timing 38-91] UpdateTimingParams: Speed grade: -1, Delay Type: min_max.
INFO: [Timing 38-191] Multithreading enabled for timing update using a maximum of 8 CPUs
INFO: [Vivado 12-24828] Executing command : report_route_status -file design_1_wrapper_route_status.rpt -pb design_1_wrapper_route_status.pb
INFO: [Vivado 12-24828] Executing command : report_power -file design_1_wrapper_power_routed.rpt -pb design_1_wrapper_power_summary_routed.pb -rpx design_1_wrapper_power_routed.rpx
Command: report_power -file design_1_wrapper_power_routed.rpt -pb design_1_wrapper_power_summary_routed.pb -rpx design_1_wrapper_power_routed.rpx
Running Vector-less Activity Propagation...

Finished Running Vector-less Activity Propagation
WARNING: [Power 33-332] Found switching activity that implies high-fanout reset nets being asserted for excessive periods of time which may result in inaccurate power analysis.
Resolution: To review and fix problems, please run Power Constraints Advisor in the GUI from Tools > Power Constraints Advisor or run report_power with the -advisory option to generate a text report.
163 Infos, 79 Warnings, 0 Critical Warnings and 0 Errors encountered.
report_power completed successfully
report_power: Time (s): cpu = 00:00:16 ; elapsed = 00:00:06 . Memory (MB): peak = 3606.754 ; gain = 85.848 ; free physical = 42616 ; free virtual = 62760
INFO: [Vivado 12-24828] Executing command : report_clock_utilization -file design_1_wrapper_clock_utilization_routed.rpt
generate_parallel_reports: Time (s): cpu = 00:01:11 ; elapsed = 00:00:19 . Memory (MB): peak = 3606.754 ; gain = 85.848 ; free physical = 42628 ; free virtual = 62763
INFO: [Timing 38-480] Writing timing data to binary archive.
Write ShapeDB Complete: Time (s): cpu = 00:00:00.27 ; elapsed = 00:00:00.06 . Memory (MB): peak = 3606.754 ; gain = 0.000 ; free physical = 42608 ; free virtual = 62754
Wrote PlaceDB: Time (s): cpu = 00:00:04 ; elapsed = 00:00:01 . Memory (MB): peak = 3606.754 ; gain = 0.000 ; free physical = 42526 ; free virtual = 62732
Wrote PulsedLatchDB: Time (s): cpu = 00:00:00 ; elapsed = 00:00:00 . Memory (MB): peak = 3606.754 ; gain = 0.000 ; free physical = 42526 ; free virtual = 62732
Writing XDEF routing.
Writing XDEF routing logical nets.
Writing XDEF routing special nets.
Wrote RouteStorage: Time (s): cpu = 00:00:00.31 ; elapsed = 00:00:00.18 . Memory (MB): peak = 3606.754 ; gain = 0.000 ; free physical = 42529 ; free virtual = 62743
Wrote Netlist Cache: Time (s): cpu = 00:00:00.03 ; elapsed = 00:00:00.02 . Memory (MB): peak = 3606.754 ; gain = 0.000 ; free physical = 42526 ; free virtual = 62745
Wrote Device Cache: Time (s): cpu = 00:00:00 ; elapsed = 00:00:00.01 . Memory (MB): peak = 3606.754 ; gain = 0.000 ; free physical = 42522 ; free virtual = 62742
Write Physdb Complete: Time (s): cpu = 00:00:04 ; elapsed = 00:00:02 . Memory (MB): peak = 3606.754 ; gain = 0.000 ; free physical = 42522 ; free virtual = 62742
INFO: [Common 17-1381] The checkpoint '/run/media/pjs/6A43-DC8A/smollm2-zybo/hw/vivado_project/GPTalk.runs/impl_1/design_1_wrapper_routed.dcp' has been generated.
Command: phys_opt_design -directive AggressiveExplore
Attempting to get a license for feature 'Implementation' and/or device 'xc7z020'
INFO: [Common 17-349] Got license for feature 'Implementation' and/or device 'xc7z020'
INFO: [Vivado_Tcl 4-241] Physical synthesis in post route mode 
INFO: [Vivado_Tcl 4-137] Directive used for phys_opt_design is: AggressiveExplore
INFO: [Vivado_Tcl 4-2280] Estimated Timing Summary | WNS= 0.619 | TNS= 0.000 | WHS= 0.020 |
INFO: [Vivado_Tcl 4-383] Design worst setup slack (WNS) is greater than or equal to 0.000 ns. All physical synthesis setup optimizations will be skipped.
INFO: [Vivado_Tcl 4-2291] Design worst hold slack (WHS) is greater than or equal to 0.000 ns. Hold fix optimization will be skipped.
 
INFO: [Vivado_Tcl 4-232] No setup violation found. The netlist was not modified.
INFO: [Common 17-83] Releasing license: Implementation
174 Infos, 79 Warnings, 0 Critical Warnings and 0 Errors encountered.
phys_opt_design completed successfully
INFO: [Vivado 12-24828] Executing command : report_timing_summary -max_paths 10 -report_unconstrained -warn_on_violation -file design_1_wrapper_timing_summary_postroute_physopted.rpt -pb design_1_wrapper_timing_summary_postroute_physopted.pb -rpx design_1_wrapper_timing_summary_postroute_physopted.rpx
INFO: [Timing 38-91] UpdateTimingParams: Speed grade: -1, Delay Type: min_max.
INFO: [Timing 38-191] Multithreading enabled for timing update using a maximum of 8 CPUs
WARNING: [Timing 38-436] There are set_bus_skew constraint(s) in this design. Please run report_bus_skew to ensure that bus skew requirements are met.
INFO: [Vivado 12-24828] Executing command : report_bus_skew -warn_on_violation -file design_1_wrapper_bus_skew_postroute_physopted.rpt -pb design_1_wrapper_bus_skew_postroute_physopted.pb -rpx design_1_wrapper_bus_skew_postroute_physopted.rpx
INFO: [Timing 38-91] UpdateTimingParams: Speed grade: -1, Delay Type: min_max.
INFO: [Timing 38-191] Multithreading enabled for timing update using a maximum of 8 CPUs
INFO: [Timing 38-480] Writing timing data to binary archive.
Write ShapeDB Complete: Time (s): cpu = 00:00:00.26 ; elapsed = 00:00:00.05 . Memory (MB): peak = 3606.754 ; gain = 0.000 ; free physical = 42567 ; free virtual = 62738
Wrote PlaceDB: Time (s): cpu = 00:00:04 ; elapsed = 00:00:01 . Memory (MB): peak = 3606.754 ; gain = 0.000 ; free physical = 42515 ; free virtual = 62736
Wrote PulsedLatchDB: Time (s): cpu = 00:00:00 ; elapsed = 00:00:00 . Memory (MB): peak = 3606.754 ; gain = 0.000 ; free physical = 42515 ; free virtual = 62736
Writing XDEF routing.
Writing XDEF routing logical nets.
Writing XDEF routing special nets.
Wrote RouteStorage: Time (s): cpu = 00:00:00.32 ; elapsed = 00:00:00.19 . Memory (MB): peak = 3606.754 ; gain = 0.000 ; free physical = 42503 ; free virtual = 62733
Wrote Netlist Cache: Time (s): cpu = 00:00:00.02 ; elapsed = 00:00:00.03 . Memory (MB): peak = 3606.754 ; gain = 0.000 ; free physical = 42496 ; free virtual = 62730
Wrote Device Cache: Time (s): cpu = 00:00:00 ; elapsed = 00:00:00 . Memory (MB): peak = 3606.754 ; gain = 0.000 ; free physical = 42496 ; free virtual = 62731
Write Physdb Complete: Time (s): cpu = 00:00:04 ; elapsed = 00:00:02 . Memory (MB): peak = 3606.754 ; gain = 0.000 ; free physical = 42496 ; free virtual = 62731
INFO: [Common 17-1381] The checkpoint '/run/media/pjs/6A43-DC8A/smollm2-zybo/hw/vivado_project/GPTalk.runs/impl_1/design_1_wrapper_postroute_physopt.dcp' has been generated.
INFO: [Memdata 28-208] The XPM instance: <design_1_i/v_axi4s_vid_out_0/inst/COUPLER_INST/generate_async_fifo.FIFO_INST/XPM_FIFO_ASYNC_INST/gnuram_async_fifo.xpm_fifo_base_inst/gen_sdpram.xpm_memory_base_inst> is part of IP: <design_1_i/v_axi4s_vid_out_0>. This XPM instance will be excluded from the .mmi because updatemem is prohibited from making changes to an XPM that is part of an IP.
INFO: [Memdata 28-208] The XPM instance: <design_1_i/s2mm_axis_fifo/inst/gen_fifo.xpm_fifo_axis_inst/xpm_fifo_base_inst/gen_sdpram.xpm_memory_base_inst> is part of IP: <design_1_i/s2mm_axis_fifo>. This XPM instance will be excluded from the .mmi because updatemem is prohibited from making changes to an XPM that is part of an IP.
INFO: [Memdata 28-208] The XPM instance: <design_1_i/mm2s_axis_fifo/inst/gen_fifo.xpm_fifo_axis_inst/xpm_fifo_base_inst/gen_sdpram.xpm_memory_base_inst> is part of IP: <design_1_i/mm2s_axis_fifo>. This XPM instance will be excluded from the .mmi because updatemem is prohibited from making changes to an XPM that is part of an IP.
INFO: [Memdata 28-167] Found XPM memory block design_1_i/axi_video_hp0_smc/inst/s00_nodes/s00_r_node/inst/inst_mi_handler/gen_normal_area.inst_fifo_node_payld/gen_xpm_memory_fifo.inst_fifo/gen_mem_rep[0].inst_xpm_memory/xpm_memory_base_inst with a P_MEMORY_PRIMITIVE property set to distributed. A value of block is required. You will not be able to use the updatemem program to update the bitstream with new data for the design_1_i/axi_video_hp0_smc/inst/s00_nodes/s00_r_node/inst/inst_mi_handler/gen_normal_area.inst_fifo_node_payld/gen_xpm_memory_fifo.inst_fifo/gen_mem_rep[0].inst_xpm_memory/xpm_memory_base_inst block.
INFO: [Memdata 28-167] Found XPM memory block design_1_i/axi_video_hp0_smc/inst/s00_nodes/s00_ar_node/inst/inst_mi_handler/gen_normal_area.inst_fifo_node_payld/gen_xpm_memory_fifo.inst_fifo/gen_mem_rep[0].inst_xpm_memory/xpm_memory_base_inst with a P_MEMORY_PRIMITIVE property set to distributed. A value of block is required. You will not be able to use the updatemem program to update the bitstream with new data for the design_1_i/axi_video_hp0_smc/inst/s00_nodes/s00_ar_node/inst/inst_mi_handler/gen_normal_area.inst_fifo_node_payld/gen_xpm_memory_fifo.inst_fifo/gen_mem_rep[0].inst_xpm_memory/xpm_memory_base_inst block.
INFO: [Memdata 28-208] The XPM instance: <design_1_i/axi_vdma_1/U0/I_PRMRY_DATAMOVER/GEN_MM2S_FULL.I_MM2S_FULL_WRAPPER/GEN_INCLUDE_MM2S_SF.I_RD_SF/I_DATA_FIFO/BLK_MEM.I_SYNC_FIFOGEN_FIFO/xpm_fifo_instance.xpm_fifo_sync_inst/xpm_fifo_base_inst/gen_sdpram.xpm_memory_base_inst> is part of IP: <design_1_i/axi_vdma_1>. This XPM instance will be excluded from the .mmi because updatemem is prohibited from making changes to an XPM that is part of an IP.
INFO: [Memdata 28-208] The XPM instance: <design_1_i/axi_vdma_1/U0/GEN_SPRT_FOR_MM2S.MM2S_LINEBUFFER_I/GEN_LINEBUF_NO_SOF.GEN_LINEBUFFER.GEN_SYNC_FIFO.I_LINEBUFFER_FIFO/xpm_fifo_sync_inst/xpm_fifo_base_inst/gen_sdpram.xpm_memory_base_inst> is part of IP: <design_1_i/axi_vdma_1>. This XPM instance will be excluded from the .mmi because updatemem is prohibited from making changes to an XPM that is part of an IP.
INFO: [Memdata 28-167] Found XPM memory block design_1_i/axi_gemv_hp1_smc/inst/s01_nodes/s01_w_node/inst/inst_mi_handler/gen_normal_area.inst_fifo_node_payld/gen_xpm_memory_fifo.inst_fifo/gen_mem_rep[0].inst_xpm_memory/xpm_memory_base_inst with a P_MEMORY_PRIMITIVE property set to distributed. A value of block is required. You will not be able to use the updatemem program to update the bitstream with new data for the design_1_i/axi_gemv_hp1_smc/inst/s01_nodes/s01_w_node/inst/inst_mi_handler/gen_normal_area.inst_fifo_node_payld/gen_xpm_memory_fifo.inst_fifo/gen_mem_rep[0].inst_xpm_memory/xpm_memory_base_inst block.
INFO: [Memdata 28-167] Found XPM memory block design_1_i/axi_gemv_hp1_smc/inst/s01_nodes/s01_w_node/inst/inst_mi_handler/gen_normal_area.gen_fifo_req.inst_fifo_req/gen_xpm_memory_fifo.inst_fifo/gen_mem_rep[0].inst_xpm_memory/xpm_memory_base_inst with a P_MEMORY_PRIMITIVE property set to distributed. A value of block is required. You will not be able to use the updatemem program to update the bitstream with new data for the design_1_i/axi_gemv_hp1_smc/inst/s01_nodes/s01_w_node/inst/inst_mi_handler/gen_normal_area.gen_fifo_req.inst_fifo_req/gen_xpm_memory_fifo.inst_fifo/gen_mem_rep[0].inst_xpm_memory/xpm_memory_base_inst block.
INFO: [Memdata 28-167] Found XPM memory block design_1_i/axi_gemv_hp1_smc/inst/s01_nodes/s01_b_node/inst/inst_mi_handler/gen_normal_area.inst_fifo_node_payld/gen_xpm_memory_fifo.inst_fifo/gen_mem_rep[0].inst_xpm_memory/xpm_memory_base_inst with a P_MEMORY_PRIMITIVE property set to distributed. A value of block is required. You will not be able to use the updatemem program to update the bitstream with new data for the design_1_i/axi_gemv_hp1_smc/inst/s01_nodes/s01_b_node/inst/inst_mi_handler/gen_normal_area.inst_fifo_node_payld/gen_xpm_memory_fifo.inst_fifo/gen_mem_rep[0].inst_xpm_memory/xpm_memory_base_inst block.
INFO: [Memdata 28-167] Found XPM memory block design_1_i/axi_gemv_hp1_smc/inst/s01_nodes/s01_aw_node/inst/inst_mi_handler/gen_normal_area.inst_fifo_node_payld/gen_xpm_memory_fifo.inst_fifo/gen_mem_rep[0].inst_xpm_memory/xpm_memory_base_inst with a P_MEMORY_PRIMITIVE property set to distributed. A value of block is required. You will not be able to use the updatemem program to update the bitstream with new data for the design_1_i/axi_gemv_hp1_smc/inst/s01_nodes/s01_aw_node/inst/inst_mi_handler/gen_normal_area.inst_fifo_node_payld/gen_xpm_memory_fifo.inst_fifo/gen_mem_rep[0].inst_xpm_memory/xpm_memory_base_inst block.
INFO: [Memdata 28-167] Found XPM memory block design_1_i/axi_gemv_hp1_smc/inst/s00_nodes/s00_r_node/inst/inst_mi_handler/gen_normal_area.inst_fifo_node_payld/gen_xpm_memory_fifo.inst_fifo/gen_mem_rep[0].inst_xpm_memory/xpm_memory_base_inst with a P_MEMORY_PRIMITIVE property set to distributed. A value of block is required. You will not be able to use the updatemem program to update the bitstream with new data for the design_1_i/axi_gemv_hp1_smc/inst/s00_nodes/s00_r_node/inst/inst_mi_handler/gen_normal_area.inst_fifo_node_payld/gen_xpm_memory_fifo.inst_fifo/gen_mem_rep[0].inst_xpm_memory/xpm_memory_base_inst block.
INFO: [Memdata 28-167] Found XPM memory block design_1_i/axi_gemv_hp1_smc/inst/s00_nodes/s00_ar_node/inst/inst_mi_handler/gen_normal_area.inst_fifo_node_payld/gen_xpm_memory_fifo.inst_fifo/gen_mem_rep[0].inst_xpm_memory/xpm_memory_base_inst with a P_MEMORY_PRIMITIVE property set to distributed. A value of block is required. You will not be able to use the updatemem program to update the bitstream with new data for the design_1_i/axi_gemv_hp1_smc/inst/s00_nodes/s00_ar_node/inst/inst_mi_handler/gen_normal_area.inst_fifo_node_payld/gen_xpm_memory_fifo.inst_fifo/gen_mem_rep[0].inst_xpm_memory/xpm_memory_base_inst block.
INFO: [Memdata 28-167] Found XPM memory block design_1_i/axi_gemv_hp1_smc/inst/m00_nodes/m00_w_node/inst/inst_si_handler/gen_si_handler.gen_request_fifos.gen_req_fifo[1].inst_req_fifo/gen_xpm_memory_fifo.inst_fifo/gen_mem_rep[0].inst_xpm_memory/xpm_memory_base_inst with a P_MEMORY_PRIMITIVE property set to distributed. A value of block is required. You will not be able to use the updatemem program to update the bitstream with new data for the design_1_i/axi_gemv_hp1_smc/inst/m00_nodes/m00_w_node/inst/inst_si_handler/gen_si_handler.gen_request_fifos.gen_req_fifo[1].inst_req_fifo/gen_xpm_memory_fifo.inst_fifo/gen_mem_rep[0].inst_xpm_memory/xpm_memory_base_inst block.
INFO: [Memdata 28-167] Found XPM memory block design_1_i/axi_gemv_hp1_smc/inst/m00_nodes/m00_w_node/inst/inst_mi_handler/gen_normal_area.inst_fifo_node_payld/gen_xpm_memory_fifo.inst_fifo/gen_mem_rep[0].inst_xpm_memory/xpm_memory_base_inst with a P_MEMORY_PRIMITIVE property set to distributed. A value of block is required. You will not be able to use the updatemem program to update the bitstream with new data for the design_1_i/axi_gemv_hp1_smc/inst/m00_nodes/m00_w_node/inst/inst_mi_handler/gen_normal_area.inst_fifo_node_payld/gen_xpm_memory_fifo.inst_fifo/gen_mem_rep[0].inst_xpm_memory/xpm_memory_base_inst block.
INFO: [Memdata 28-167] Found XPM memory block design_1_i/axi_gemv_hp1_smc/inst/m00_nodes/m00_r_node/inst/inst_mi_handler/gen_normal_area.inst_fifo_node_payld/gen_xpm_memory_fifo.inst_fifo/gen_mem_rep[0].inst_xpm_memory/xpm_memory_base_inst with a P_MEMORY_PRIMITIVE property set to distributed. A value of block is required. You will not be able to use the updatemem program to update the bitstream with new data for the design_1_i/axi_gemv_hp1_smc/inst/m00_nodes/m00_r_node/inst/inst_mi_handler/gen_normal_area.inst_fifo_node_payld/gen_xpm_memory_fifo.inst_fifo/gen_mem_rep[0].inst_xpm_memory/xpm_memory_base_inst block.
INFO: [Memdata 28-167] Found XPM memory block design_1_i/axi_gemv_hp1_smc/inst/m00_nodes/m00_r_node/inst/inst_mi_handler/gen_normal_area.gen_fifo_req.inst_fifo_req/gen_xpm_memory_fifo.inst_fifo/gen_mem_rep[0].inst_xpm_memory/xpm_memory_base_inst with a P_MEMORY_PRIMITIVE property set to distributed. A value of block is required. You will not be able to use the updatemem program to update the bitstream with new data for the design_1_i/axi_gemv_hp1_smc/inst/m00_nodes/m00_r_node/inst/inst_mi_handler/gen_normal_area.gen_fifo_req.inst_fifo_req/gen_xpm_memory_fifo.inst_fifo/gen_mem_rep[0].inst_xpm_memory/xpm_memory_base_inst block.
INFO: [Memdata 28-167] Found XPM memory block design_1_i/axi_gemv_hp1_smc/inst/m00_nodes/m00_b_node/inst/inst_mi_handler/gen_normal_area.inst_fifo_node_payld/gen_xpm_memory_fifo.inst_fifo/gen_mem_rep[0].inst_xpm_memory/xpm_memory_base_inst with a P_MEMORY_PRIMITIVE property set to distributed. A value of block is required. You will not be able to use the updatemem program to update the bitstream with new data for the design_1_i/axi_gemv_hp1_smc/inst/m00_nodes/m00_b_node/inst/inst_mi_handler/gen_normal_area.inst_fifo_node_payld/gen_xpm_memory_fifo.inst_fifo/gen_mem_rep[0].inst_xpm_memory/xpm_memory_base_inst block.
INFO: [Memdata 28-167] Found XPM memory block design_1_i/axi_gemv_hp1_smc/inst/m00_nodes/m00_b_node/inst/inst_mi_handler/gen_normal_area.gen_fifo_req.inst_fifo_req/gen_xpm_memory_fifo.inst_fifo/gen_mem_rep[0].inst_xpm_memory/xpm_memory_base_inst with a P_MEMORY_PRIMITIVE property set to distributed. A value of block is required. You will not be able to use the updatemem program to update the bitstream with new data for the design_1_i/axi_gemv_hp1_smc/inst/m00_nodes/m00_b_node/inst/inst_mi_handler/gen_normal_area.gen_fifo_req.inst_fifo_req/gen_xpm_memory_fifo.inst_fifo/gen_mem_rep[0].inst_xpm_memory/xpm_memory_base_inst block.
INFO: [Memdata 28-167] Found XPM memory block design_1_i/axi_gemv_hp1_smc/inst/m00_nodes/m00_aw_node/inst/inst_mi_handler/gen_normal_area.inst_fifo_node_payld/gen_xpm_memory_fifo.inst_fifo/gen_mem_rep[0].inst_xpm_memory/xpm_memory_base_inst with a P_MEMORY_PRIMITIVE property set to distributed. A value of block is required. You will not be able to use the updatemem program to update the bitstream with new data for the design_1_i/axi_gemv_hp1_smc/inst/m00_nodes/m00_aw_node/inst/inst_mi_handler/gen_normal_area.inst_fifo_node_payld/gen_xpm_memory_fifo.inst_fifo/gen_mem_rep[0].inst_xpm_memory/xpm_memory_base_inst block.
INFO: [Memdata 28-167] Found XPM memory block design_1_i/axi_gemv_hp1_smc/inst/m00_nodes/m00_ar_node/inst/inst_mi_handler/gen_normal_area.inst_fifo_node_payld/gen_xpm_memory_fifo.inst_fifo/gen_mem_rep[0].inst_xpm_memory/xpm_memory_base_inst with a P_MEMORY_PRIMITIVE property set to distributed. A value of block is required. You will not be able to use the updatemem program to update the bitstream with new data for the design_1_i/axi_gemv_hp1_smc/inst/m00_nodes/m00_ar_node/inst/inst_mi_handler/gen_normal_area.inst_fifo_node_payld/gen_xpm_memory_fifo.inst_fifo/gen_mem_rep[0].inst_xpm_memory/xpm_memory_base_inst block.
INFO: [Memdata 28-167] Found XPM memory block design_1_i/axi_dma_0/U0/I_PRMRY_DATAMOVER/GEN_S2MM_FULL.I_S2MM_FULL_WRAPPER/GEN_ENABLE_INDET_BTT_SF.I_INDET_BTT/I_XD_FIFO/NON_BLK_MEM.I_SYNC_FIFOGEN_FIFO/xpm_fifo_instance.xpm_fifo_sync_inst/xpm_fifo_base_inst/gen_sdpram.xpm_memory_base_inst with a P_MEMORY_PRIMITIVE property set to auto. A value of block is required. You will not be able to use the updatemem program to update the bitstream with new data for the design_1_i/axi_dma_0/U0/I_PRMRY_DATAMOVER/GEN_S2MM_FULL.I_S2MM_FULL_WRAPPER/GEN_ENABLE_INDET_BTT_SF.I_INDET_BTT/I_XD_FIFO/NON_BLK_MEM.I_SYNC_FIFOGEN_FIFO/xpm_fifo_instance.xpm_fifo_sync_inst/xpm_fifo_base_inst/gen_sdpram.xpm_memory_base_inst block.
INFO: [Memdata 28-208] The XPM instance: <design_1_i/axi_dma_0/U0/I_PRMRY_DATAMOVER/GEN_S2MM_FULL.I_S2MM_FULL_WRAPPER/GEN_ENABLE_INDET_BTT_SF.I_INDET_BTT/I_DATA_FIFO/BLK_MEM.I_SYNC_FIFOGEN_FIFO/xpm_fifo_instance.xpm_fifo_sync_inst/xpm_fifo_base_inst/gen_sdpram.xpm_memory_base_inst> is part of IP: <design_1_i/axi_dma_0>. This XPM instance will be excluded from the .mmi because updatemem is prohibited from making changes to an XPM that is part of an IP.
INFO: [Memdata 28-208] The XPM instance: <design_1_i/axi_dma_0/U0/I_PRMRY_DATAMOVER/GEN_MM2S_FULL.I_MM2S_FULL_WRAPPER/GEN_INCLUDE_MM2S_SF.I_RD_SF/I_DATA_FIFO/BLK_MEM.I_SYNC_FIFOGEN_FIFO/xpm_fifo_instance.xpm_fifo_sync_inst/xpm_fifo_base_inst/gen_sdpram.xpm_memory_base_inst> is part of IP: <design_1_i/axi_dma_0>. This XPM instance will be excluded from the .mmi because updatemem is prohibited from making changes to an XPM that is part of an IP.
INFO: [Memdata 28-167] Found XPM memory block design_1_i/axi_ctrl_smc/inst/s00_nodes/s00_w_node/inst/inst_mi_handler/gen_normal_area.inst_fifo_node_payld/gen_xpm_memory_fifo.inst_fifo/gen_mem_rep[0].inst_xpm_memory/xpm_memory_base_inst with a P_MEMORY_PRIMITIVE property set to distributed. A value of block is required. You will not be able to use the updatemem program to update the bitstream with new data for the design_1_i/axi_ctrl_smc/inst/s00_nodes/s00_w_node/inst/inst_mi_handler/gen_normal_area.inst_fifo_node_payld/gen_xpm_memory_fifo.inst_fifo/gen_mem_rep[0].inst_xpm_memory/xpm_memory_base_inst block.
INFO: [Memdata 28-167] Found XPM memory block design_1_i/axi_ctrl_smc/inst/s00_nodes/s00_w_node/inst/inst_mi_handler/gen_normal_area.gen_fifo_req.inst_fifo_req/gen_xpm_memory_fifo.inst_fifo/gen_mem_rep[0].inst_xpm_memory/xpm_memory_base_inst with a P_MEMORY_PRIMITIVE property set to distributed. A value of block is required. You will not be able to use the updatemem program to update the bitstream with new data for the design_1_i/axi_ctrl_smc/inst/s00_nodes/s00_w_node/inst/inst_mi_handler/gen_normal_area.gen_fifo_req.inst_fifo_req/gen_xpm_memory_fifo.inst_fifo/gen_mem_rep[0].inst_xpm_memory/xpm_memory_base_inst block.
INFO: [Memdata 28-167] Found XPM memory block design_1_i/axi_ctrl_smc/inst/s00_nodes/s00_r_node/inst/inst_mi_handler/gen_normal_area.inst_fifo_node_payld/gen_xpm_memory_fifo.inst_fifo/gen_mem_rep[0].inst_xpm_memory/xpm_memory_base_inst with a P_MEMORY_PRIMITIVE property set to distributed. A value of block is required. You will not be able to use the updatemem program to update the bitstream with new data for the design_1_i/axi_ctrl_smc/inst/s00_nodes/s00_r_node/inst/inst_mi_handler/gen_normal_area.inst_fifo_node_payld/gen_xpm_memory_fifo.inst_fifo/gen_mem_rep[0].inst_xpm_memory/xpm_memory_base_inst block.
INFO: [Memdata 28-167] Found XPM memory block design_1_i/axi_ctrl_smc/inst/s00_nodes/s00_b_node/inst/inst_mi_handler/gen_normal_area.inst_fifo_node_payld/gen_xpm_memory_fifo.inst_fifo/gen_mem_rep[0].inst_xpm_memory/xpm_memory_base_inst with a P_MEMORY_PRIMITIVE property set to distributed. A value of block is required. You will not be able to use the updatemem program to update the bitstream with new data for the design_1_i/axi_ctrl_smc/inst/s00_nodes/s00_b_node/inst/inst_mi_handler/gen_normal_area.inst_fifo_node_payld/gen_xpm_memory_fifo.inst_fifo/gen_mem_rep[0].inst_xpm_memory/xpm_memory_base_inst block.
INFO: [Memdata 28-167] Found XPM memory block design_1_i/axi_ctrl_smc/inst/s00_nodes/s00_aw_node/inst/inst_mi_handler/gen_normal_area.inst_fifo_node_payld/gen_xpm_memory_fifo.inst_fifo/gen_mem_rep[0].inst_xpm_memory/xpm_memory_base_inst with a P_MEMORY_PRIMITIVE property set to distributed. A value of block is required. You will not be able to use the updatemem program to update the bitstream with new data for the design_1_i/axi_ctrl_smc/inst/s00_nodes/s00_aw_node/inst/inst_mi_handler/gen_normal_area.inst_fifo_node_payld/gen_xpm_memory_fifo.inst_fifo/gen_mem_rep[0].inst_xpm_memory/xpm_memory_base_inst block.
INFO: [Memdata 28-167] Found XPM memory block design_1_i/axi_ctrl_smc/inst/s00_nodes/s00_aw_node/inst/inst_mi_handler/gen_normal_area.gen_fifo_req.inst_fifo_req/gen_xpm_memory_fifo.inst_fifo/gen_mem_rep[0].inst_xpm_memory/xpm_memory_base_inst with a P_MEMORY_PRIMITIVE property set to distributed. A value of block is required. You will not be able to use the updatemem program to update the bitstream with new data for the design_1_i/axi_ctrl_smc/inst/s00_nodes/s00_aw_node/inst/inst_mi_handler/gen_normal_area.gen_fifo_req.inst_fifo_req/gen_xpm_memory_fifo.inst_fifo/gen_mem_rep[0].inst_xpm_memory/xpm_memory_base_inst block.
INFO: [Memdata 28-167] Found XPM memory block design_1_i/axi_ctrl_smc/inst/s00_nodes/s00_ar_node/inst/inst_mi_handler/gen_normal_area.inst_fifo_node_payld/gen_xpm_memory_fifo.inst_fifo/gen_mem_rep[0].inst_xpm_memory/xpm_memory_base_inst with a P_MEMORY_PRIMITIVE property set to distributed. A value of block is required. You will not be able to use the updatemem program to update the bitstream with new data for the design_1_i/axi_ctrl_smc/inst/s00_nodes/s00_ar_node/inst/inst_mi_handler/gen_normal_area.inst_fifo_node_payld/gen_xpm_memory_fifo.inst_fifo/gen_mem_rep[0].inst_xpm_memory/xpm_memory_base_inst block.
INFO: [Memdata 28-167] Found XPM memory block design_1_i/axi_ctrl_smc/inst/s00_nodes/s00_ar_node/inst/inst_mi_handler/gen_normal_area.gen_fifo_req.inst_fifo_req/gen_xpm_memory_fifo.inst_fifo/gen_mem_rep[0].inst_xpm_memory/xpm_memory_base_inst with a P_MEMORY_PRIMITIVE property set to distributed. A value of block is required. You will not be able to use the updatemem program to update the bitstream with new data for the design_1_i/axi_ctrl_smc/inst/s00_nodes/s00_ar_node/inst/inst_mi_handler/gen_normal_area.gen_fifo_req.inst_fifo_req/gen_xpm_memory_fifo.inst_fifo/gen_mem_rep[0].inst_xpm_memory/xpm_memory_base_inst block.
INFO: [Memdata 28-167] Found XPM memory block design_1_i/axi_ctrl_smc/inst/m05_nodes/m05_w_node/inst/inst_mi_handler/gen_normal_area.inst_fifo_node_payld/gen_xpm_memory_fifo.inst_fifo/gen_mem_rep[0].inst_xpm_memory/xpm_memory_base_inst with a P_MEMORY_PRIMITIVE property set to distributed. A value of block is required. You will not be able to use the updatemem program to update the bitstream with new data for the design_1_i/axi_ctrl_smc/inst/m05_nodes/m05_w_node/inst/inst_mi_handler/gen_normal_area.inst_fifo_node_payld/gen_xpm_memory_fifo.inst_fifo/gen_mem_rep[0].inst_xpm_memory/xpm_memory_base_inst block.
INFO: [Memdata 28-167] Found XPM memory block design_1_i/axi_ctrl_smc/inst/m05_nodes/m05_r_node/inst/inst_mi_handler/gen_normal_area.inst_fifo_node_payld/gen_xpm_memory_fifo.inst_fifo/gen_mem_rep[0].inst_xpm_memory/xpm_memory_base_inst with a P_MEMORY_PRIMITIVE property set to distributed. A value of block is required. You will not be able to use the updatemem program to update the bitstream with new data for the design_1_i/axi_ctrl_smc/inst/m05_nodes/m05_r_node/inst/inst_mi_handler/gen_normal_area.inst_fifo_node_payld/gen_xpm_memory_fifo.inst_fifo/gen_mem_rep[0].inst_xpm_memory/xpm_memory_base_inst block.
INFO: [Memdata 28-167] Found XPM memory block design_1_i/axi_ctrl_smc/inst/m05_nodes/m05_b_node/inst/inst_mi_handler/gen_normal_area.inst_fifo_node_payld/gen_xpm_memory_fifo.inst_fifo/gen_mem_rep[0].inst_xpm_memory/xpm_memory_base_inst with a P_MEMORY_PRIMITIVE property set to distributed. A value of block is required. You will not be able to use the updatemem program to update the bitstream with new data for the design_1_i/axi_ctrl_smc/inst/m05_nodes/m05_b_node/inst/inst_mi_handler/gen_normal_area.inst_fifo_node_payld/gen_xpm_memory_fifo.inst_fifo/gen_mem_rep[0].inst_xpm_memory/xpm_memory_base_inst block.
INFO: [Memdata 28-167] Found XPM memory block design_1_i/axi_ctrl_smc/inst/m05_nodes/m05_aw_node/inst/inst_mi_handler/gen_normal_area.inst_fifo_node_payld/gen_xpm_memory_fifo.inst_fifo/gen_mem_rep[0].inst_xpm_memory/xpm_memory_base_inst with a P_MEMORY_PRIMITIVE property set to distributed. A value of block is required. You will not be able to use the updatemem program to update the bitstream with new data for the design_1_i/axi_ctrl_smc/inst/m05_nodes/m05_aw_node/inst/inst_mi_handler/gen_normal_area.inst_fifo_node_payld/gen_xpm_memory_fifo.inst_fifo/gen_mem_rep[0].inst_xpm_memory/xpm_memory_base_inst block.
INFO: [Memdata 28-167] Found XPM memory block design_1_i/axi_ctrl_smc/inst/m05_nodes/m05_ar_node/inst/inst_mi_handler/gen_normal_area.inst_fifo_node_payld/gen_xpm_memory_fifo.inst_fifo/gen_mem_rep[0].inst_xpm_memory/xpm_memory_base_inst with a P_MEMORY_PRIMITIVE property set to distributed. A value of block is required. You will not be able to use the updatemem program to update the bitstream with new data for the design_1_i/axi_ctrl_smc/inst/m05_nodes/m05_ar_node/inst/inst_mi_handler/gen_normal_area.inst_fifo_node_payld/gen_xpm_memory_fifo.inst_fifo/gen_mem_rep[0].inst_xpm_memory/xpm_memory_base_inst block.
INFO: [Memdata 28-167] Found XPM memory block design_1_i/axi_ctrl_smc/inst/m04_nodes/m04_w_node/inst/inst_mi_handler/gen_normal_area.inst_fifo_node_payld/gen_xpm_memory_fifo.inst_fifo/gen_mem_rep[0].inst_xpm_memory/xpm_memory_base_inst with a P_MEMORY_PRIMITIVE property set to distributed. A value of block is required. You will not be able to use the updatemem program to update the bitstream with new data for the design_1_i/axi_ctrl_smc/inst/m04_nodes/m04_w_node/inst/inst_mi_handler/gen_normal_area.inst_fifo_node_payld/gen_xpm_memory_fifo.inst_fifo/gen_mem_rep[0].inst_xpm_memory/xpm_memory_base_inst block.
INFO: [Memdata 28-167] Found XPM memory block design_1_i/axi_ctrl_smc/inst/m04_nodes/m04_r_node/inst/inst_mi_handler/gen_normal_area.inst_fifo_node_payld/gen_xpm_memory_fifo.inst_fifo/gen_mem_rep[0].inst_xpm_memory/xpm_memory_base_inst with a P_MEMORY_PRIMITIVE property set to distributed. A value of block is required. You will not be able to use the updatemem program to update the bitstream with new data for the design_1_i/axi_ctrl_smc/inst/m04_nodes/m04_r_node/inst/inst_mi_handler/gen_normal_area.inst_fifo_node_payld/gen_xpm_memory_fifo.inst_fifo/gen_mem_rep[0].inst_xpm_memory/xpm_memory_base_inst block.
INFO: [Memdata 28-167] Found XPM memory block design_1_i/axi_ctrl_smc/inst/m04_nodes/m04_b_node/inst/inst_mi_handler/gen_normal_area.inst_fifo_node_payld/gen_xpm_memory_fifo.inst_fifo/gen_mem_rep[0].inst_xpm_memory/xpm_memory_base_inst with a P_MEMORY_PRIMITIVE property set to distributed. A value of block is required. You will not be able to use the updatemem program to update the bitstream with new data for the design_1_i/axi_ctrl_smc/inst/m04_nodes/m04_b_node/inst/inst_mi_handler/gen_normal_area.inst_fifo_node_payld/gen_xpm_memory_fifo.inst_fifo/gen_mem_rep[0].inst_xpm_memory/xpm_memory_base_inst block.
INFO: [Memdata 28-167] Found XPM memory block design_1_i/axi_ctrl_smc/inst/m04_nodes/m04_aw_node/inst/inst_mi_handler/gen_normal_area.inst_fifo_node_payld/gen_xpm_memory_fifo.inst_fifo/gen_mem_rep[0].inst_xpm_memory/xpm_memory_base_inst with a P_MEMORY_PRIMITIVE property set to distributed. A value of block is required. You will not be able to use the updatemem program to update the bitstream with new data for the design_1_i/axi_ctrl_smc/inst/m04_nodes/m04_aw_node/inst/inst_mi_handler/gen_normal_area.inst_fifo_node_payld/gen_xpm_memory_fifo.inst_fifo/gen_mem_rep[0].inst_xpm_memory/xpm_memory_base_inst block.
INFO: [Memdata 28-167] Found XPM memory block design_1_i/axi_ctrl_smc/inst/m04_nodes/m04_ar_node/inst/inst_mi_handler/gen_normal_area.inst_fifo_node_payld/gen_xpm_memory_fifo.inst_fifo/gen_mem_rep[0].inst_xpm_memory/xpm_memory_base_inst with a P_MEMORY_PRIMITIVE property set to distributed. A value of block is required. You will not be able to use the updatemem program to update the bitstream with new data for the design_1_i/axi_ctrl_smc/inst/m04_nodes/m04_ar_node/inst/inst_mi_handler/gen_normal_area.inst_fifo_node_payld/gen_xpm_memory_fifo.inst_fifo/gen_mem_rep[0].inst_xpm_memory/xpm_memory_base_inst block.
INFO: [Memdata 28-167] Found XPM memory block design_1_i/axi_ctrl_smc/inst/m03_nodes/m03_w_node/inst/inst_mi_handler/gen_normal_area.inst_fifo_node_payld/gen_xpm_memory_fifo.inst_fifo/gen_mem_rep[0].inst_xpm_memory/xpm_memory_base_inst with a P_MEMORY_PRIMITIVE property set to distributed. A value of block is required. You will not be able to use the updatemem program to update the bitstream with new data for the design_1_i/axi_ctrl_smc/inst/m03_nodes/m03_w_node/inst/inst_mi_handler/gen_normal_area.inst_fifo_node_payld/gen_xpm_memory_fifo.inst_fifo/gen_mem_rep[0].inst_xpm_memory/xpm_memory_base_inst block.
INFO: [Memdata 28-167] Found XPM memory block design_1_i/axi_ctrl_smc/inst/m03_nodes/m03_r_node/inst/inst_mi_handler/gen_normal_area.inst_fifo_node_payld/gen_xpm_memory_fifo.inst_fifo/gen_mem_rep[0].inst_xpm_memory/xpm_memory_base_inst with a P_MEMORY_PRIMITIVE property set to distributed. A value of block is required. You will not be able to use the updatemem program to update the bitstream with new data for the design_1_i/axi_ctrl_smc/inst/m03_nodes/m03_r_node/inst/inst_mi_handler/gen_normal_area.inst_fifo_node_payld/gen_xpm_memory_fifo.inst_fifo/gen_mem_rep[0].inst_xpm_memory/xpm_memory_base_inst block.
INFO: [Memdata 28-167] Found XPM memory block design_1_i/axi_ctrl_smc/inst/m03_nodes/m03_b_node/inst/inst_mi_handler/gen_normal_area.inst_fifo_node_payld/gen_xpm_memory_fifo.inst_fifo/gen_mem_rep[0].inst_xpm_memory/xpm_memory_base_inst with a P_MEMORY_PRIMITIVE property set to distributed. A value of block is required. You will not be able to use the updatemem program to update the bitstream with new data for the design_1_i/axi_ctrl_smc/inst/m03_nodes/m03_b_node/inst/inst_mi_handler/gen_normal_area.inst_fifo_node_payld/gen_xpm_memory_fifo.inst_fifo/gen_mem_rep[0].inst_xpm_memory/xpm_memory_base_inst block.
INFO: [Memdata 28-167] Found XPM memory block design_1_i/axi_ctrl_smc/inst/m03_nodes/m03_aw_node/inst/inst_mi_handler/gen_normal_area.inst_fifo_node_payld/gen_xpm_memory_fifo.inst_fifo/gen_mem_rep[0].inst_xpm_memory/xpm_memory_base_inst with a P_MEMORY_PRIMITIVE property set to distributed. A value of block is required. You will not be able to use the updatemem program to update the bitstream with new data for the design_1_i/axi_ctrl_smc/inst/m03_nodes/m03_aw_node/inst/inst_mi_handler/gen_normal_area.inst_fifo_node_payld/gen_xpm_memory_fifo.inst_fifo/gen_mem_rep[0].inst_xpm_memory/xpm_memory_base_inst block.
INFO: [Memdata 28-167] Found XPM memory block design_1_i/axi_ctrl_smc/inst/m03_nodes/m03_ar_node/inst/inst_mi_handler/gen_normal_area.inst_fifo_node_payld/gen_xpm_memory_fifo.inst_fifo/gen_mem_rep[0].inst_xpm_memory/xpm_memory_base_inst with a P_MEMORY_PRIMITIVE property set to distributed. A value of block is required. You will not be able to use the updatemem program to update the bitstream with new data for the design_1_i/axi_ctrl_smc/inst/m03_nodes/m03_ar_node/inst/inst_mi_handler/gen_normal_area.inst_fifo_node_payld/gen_xpm_memory_fifo.inst_fifo/gen_mem_rep[0].inst_xpm_memory/xpm_memory_base_inst block.
INFO: [Memdata 28-167] Found XPM memory block design_1_i/axi_ctrl_smc/inst/m02_nodes/m02_w_node/inst/inst_mi_handler/gen_normal_area.inst_fifo_node_payld/gen_xpm_memory_fifo.inst_fifo/gen_mem_rep[0].inst_xpm_memory/xpm_memory_base_inst with a P_MEMORY_PRIMITIVE property set to distributed. A value of block is required. You will not be able to use the updatemem program to update the bitstream with new data for the design_1_i/axi_ctrl_smc/inst/m02_nodes/m02_w_node/inst/inst_mi_handler/gen_normal_area.inst_fifo_node_payld/gen_xpm_memory_fifo.inst_fifo/gen_mem_rep[0].inst_xpm_memory/xpm_memory_base_inst block.
INFO: [Memdata 28-167] Found XPM memory block design_1_i/axi_ctrl_smc/inst/m02_nodes/m02_r_node/inst/inst_mi_handler/gen_normal_area.inst_fifo_node_payld/gen_xpm_memory_fifo.inst_fifo/gen_mem_rep[0].inst_xpm_memory/xpm_memory_base_inst with a P_MEMORY_PRIMITIVE property set to distributed. A value of block is required. You will not be able to use the updatemem program to update the bitstream with new data for the design_1_i/axi_ctrl_smc/inst/m02_nodes/m02_r_node/inst/inst_mi_handler/gen_normal_area.inst_fifo_node_payld/gen_xpm_memory_fifo.inst_fifo/gen_mem_rep[0].inst_xpm_memory/xpm_memory_base_inst block.
INFO: [Memdata 28-167] Found XPM memory block design_1_i/axi_ctrl_smc/inst/m02_nodes/m02_b_node/inst/inst_mi_handler/gen_normal_area.inst_fifo_node_payld/gen_xpm_memory_fifo.inst_fifo/gen_mem_rep[0].inst_xpm_memory/xpm_memory_base_inst with a P_MEMORY_PRIMITIVE property set to distributed. A value of block is required. You will not be able to use the updatemem program to update the bitstream with new data for the design_1_i/axi_ctrl_smc/inst/m02_nodes/m02_b_node/inst/inst_mi_handler/gen_normal_area.inst_fifo_node_payld/gen_xpm_memory_fifo.inst_fifo/gen_mem_rep[0].inst_xpm_memory/xpm_memory_base_inst block.
INFO: [Memdata 28-167] Found XPM memory block design_1_i/axi_ctrl_smc/inst/m02_nodes/m02_aw_node/inst/inst_mi_handler/gen_normal_area.inst_fifo_node_payld/gen_xpm_memory_fifo.inst_fifo/gen_mem_rep[0].inst_xpm_memory/xpm_memory_base_inst with a P_MEMORY_PRIMITIVE property set to distributed. A value of block is required. You will not be able to use the updatemem program to update the bitstream with new data for the design_1_i/axi_ctrl_smc/inst/m02_nodes/m02_aw_node/inst/inst_mi_handler/gen_normal_area.inst_fifo_node_payld/gen_xpm_memory_fifo.inst_fifo/gen_mem_rep[0].inst_xpm_memory/xpm_memory_base_inst block.
INFO: [Memdata 28-167] Found XPM memory block design_1_i/axi_ctrl_smc/inst/m02_nodes/m02_ar_node/inst/inst_mi_handler/gen_normal_area.inst_fifo_node_payld/gen_xpm_memory_fifo.inst_fifo/gen_mem_rep[0].inst_xpm_memory/xpm_memory_base_inst with a P_MEMORY_PRIMITIVE property set to distributed. A value of block is required. You will not be able to use the updatemem program to update the bitstream with new data for the design_1_i/axi_ctrl_smc/inst/m02_nodes/m02_ar_node/inst/inst_mi_handler/gen_normal_area.inst_fifo_node_payld/gen_xpm_memory_fifo.inst_fifo/gen_mem_rep[0].inst_xpm_memory/xpm_memory_base_inst block.
INFO: [Memdata 28-167] Found XPM memory block design_1_i/axi_ctrl_smc/inst/m01_nodes/m01_w_node/inst/inst_mi_handler/gen_normal_area.inst_fifo_node_payld/gen_xpm_memory_fifo.inst_fifo/gen_mem_rep[0].inst_xpm_memory/xpm_memory_base_inst with a P_MEMORY_PRIMITIVE property set to distributed. A value of block is required. You will not be able to use the updatemem program to update the bitstream with new data for the design_1_i/axi_ctrl_smc/inst/m01_nodes/m01_w_node/inst/inst_mi_handler/gen_normal_area.inst_fifo_node_payld/gen_xpm_memory_fifo.inst_fifo/gen_mem_rep[0].inst_xpm_memory/xpm_memory_base_inst block.
INFO: [Memdata 28-167] Found XPM memory block design_1_i/axi_ctrl_smc/inst/m01_nodes/m01_r_node/inst/inst_mi_handler/gen_normal_area.inst_fifo_node_payld/gen_xpm_memory_fifo.inst_fifo/gen_mem_rep[0].inst_xpm_memory/xpm_memory_base_inst with a P_MEMORY_PRIMITIVE property set to distributed. A value of block is required. You will not be able to use the updatemem program to update the bitstream with new data for the design_1_i/axi_ctrl_smc/inst/m01_nodes/m01_r_node/inst/inst_mi_handler/gen_normal_area.inst_fifo_node_payld/gen_xpm_memory_fifo.inst_fifo/gen_mem_rep[0].inst_xpm_memory/xpm_memory_base_inst block.
INFO: [Memdata 28-167] Found XPM memory block design_1_i/axi_ctrl_smc/inst/m01_nodes/m01_b_node/inst/inst_mi_handler/gen_normal_area.inst_fifo_node_payld/gen_xpm_memory_fifo.inst_fifo/gen_mem_rep[0].inst_xpm_memory/xpm_memory_base_inst with a P_MEMORY_PRIMITIVE property set to distributed. A value of block is required. You will not be able to use the updatemem program to update the bitstream with new data for the design_1_i/axi_ctrl_smc/inst/m01_nodes/m01_b_node/inst/inst_mi_handler/gen_normal_area.inst_fifo_node_payld/gen_xpm_memory_fifo.inst_fifo/gen_mem_rep[0].inst_xpm_memory/xpm_memory_base_inst block.
INFO: [Memdata 28-167] Found XPM memory block design_1_i/axi_ctrl_smc/inst/m01_nodes/m01_aw_node/inst/inst_mi_handler/gen_normal_area.inst_fifo_node_payld/gen_xpm_memory_fifo.inst_fifo/gen_mem_rep[0].inst_xpm_memory/xpm_memory_base_inst with a P_MEMORY_PRIMITIVE property set to distributed. A value of block is required. You will not be able to use the updatemem program to update the bitstream with new data for the design_1_i/axi_ctrl_smc/inst/m01_nodes/m01_aw_node/inst/inst_mi_handler/gen_normal_area.inst_fifo_node_payld/gen_xpm_memory_fifo.inst_fifo/gen_mem_rep[0].inst_xpm_memory/xpm_memory_base_inst block.
INFO: [Memdata 28-167] Found XPM memory block design_1_i/axi_ctrl_smc/inst/m01_nodes/m01_ar_node/inst/inst_mi_handler/gen_normal_area.inst_fifo_node_payld/gen_xpm_memory_fifo.inst_fifo/gen_mem_rep[0].inst_xpm_memory/xpm_memory_base_inst with a P_MEMORY_PRIMITIVE property set to distributed. A value of block is required. You will not be able to use the updatemem program to update the bitstream with new data for the design_1_i/axi_ctrl_smc/inst/m01_nodes/m01_ar_node/inst/inst_mi_handler/gen_normal_area.inst_fifo_node_payld/gen_xpm_memory_fifo.inst_fifo/gen_mem_rep[0].inst_xpm_memory/xpm_memory_base_inst block.
INFO: [Memdata 28-167] Found XPM memory block design_1_i/axi_ctrl_smc/inst/m00_nodes/m00_w_node/inst/inst_mi_handler/gen_normal_area.inst_fifo_node_payld/gen_xpm_memory_fifo.inst_fifo/gen_mem_rep[0].inst_xpm_memory/xpm_memory_base_inst with a P_MEMORY_PRIMITIVE property set to distributed. A value of block is required. You will not be able to use the updatemem program to update the bitstream with new data for the design_1_i/axi_ctrl_smc/inst/m00_nodes/m00_w_node/inst/inst_mi_handler/gen_normal_area.inst_fifo_node_payld/gen_xpm_memory_fifo.inst_fifo/gen_mem_rep[0].inst_xpm_memory/xpm_memory_base_inst block.
INFO: [Memdata 28-167] Found XPM memory block design_1_i/axi_ctrl_smc/inst/m00_nodes/m00_r_node/inst/inst_mi_handler/gen_normal_area.inst_fifo_node_payld/gen_xpm_memory_fifo.inst_fifo/gen_mem_rep[0].inst_xpm_memory/xpm_memory_base_inst with a P_MEMORY_PRIMITIVE property set to distributed. A value of block is required. You will not be able to use the updatemem program to update the bitstream with new data for the design_1_i/axi_ctrl_smc/inst/m00_nodes/m00_r_node/inst/inst_mi_handler/gen_normal_area.inst_fifo_node_payld/gen_xpm_memory_fifo.inst_fifo/gen_mem_rep[0].inst_xpm_memory/xpm_memory_base_inst block.
INFO: [Memdata 28-167] Found XPM memory block design_1_i/axi_ctrl_smc/inst/m00_nodes/m00_b_node/inst/inst_mi_handler/gen_normal_area.inst_fifo_node_payld/gen_xpm_memory_fifo.inst_fifo/gen_mem_rep[0].inst_xpm_memory/xpm_memory_base_inst with a P_MEMORY_PRIMITIVE property set to distributed. A value of block is required. You will not be able to use the updatemem program to update the bitstream with new data for the design_1_i/axi_ctrl_smc/inst/m00_nodes/m00_b_node/inst/inst_mi_handler/gen_normal_area.inst_fifo_node_payld/gen_xpm_memory_fifo.inst_fifo/gen_mem_rep[0].inst_xpm_memory/xpm_memory_base_inst block.
INFO: [Memdata 28-167] Found XPM memory block design_1_i/axi_ctrl_smc/inst/m00_nodes/m00_aw_node/inst/inst_mi_handler/gen_normal_area.inst_fifo_node_payld/gen_xpm_memory_fifo.inst_fifo/gen_mem_rep[0].inst_xpm_memory/xpm_memory_base_inst with a P_MEMORY_PRIMITIVE property set to distributed. A value of block is required. You will not be able to use the updatemem program to update the bitstream with new data for the design_1_i/axi_ctrl_smc/inst/m00_nodes/m00_aw_node/inst/inst_mi_handler/gen_normal_area.inst_fifo_node_payld/gen_xpm_memory_fifo.inst_fifo/gen_mem_rep[0].inst_xpm_memory/xpm_memory_base_inst block.
INFO: [Memdata 28-167] Found XPM memory block design_1_i/axi_ctrl_smc/inst/m00_nodes/m00_ar_node/inst/inst_mi_handler/gen_normal_area.inst_fifo_node_payld/gen_xpm_memory_fifo.inst_fifo/gen_mem_rep[0].inst_xpm_memory/xpm_memory_base_inst with a P_MEMORY_PRIMITIVE property set to distributed. A value of block is required. You will not be able to use the updatemem program to update the bitstream with new data for the design_1_i/axi_ctrl_smc/inst/m00_nodes/m00_ar_node/inst/inst_mi_handler/gen_normal_area.inst_fifo_node_payld/gen_xpm_memory_fifo.inst_fifo/gen_mem_rep[0].inst_xpm_memory/xpm_memory_base_inst block.
Command: write_bitstream -force design_1_wrapper.bit
Attempting to get a license for feature 'Implementation' and/or device 'xc7z020'
INFO: [Common 17-349] Got license for feature 'Implementation' and/or device 'xc7z020'
Running DRC as a precondition to command write_bitstream
INFO: [IP_Flow 19-1839] IP Catalog is up to date.
INFO: [DRC 23-27] Running DRC with 8 threads
INFO: [Vivado 12-3199] DRC finished with 0 Errors
INFO: [Vivado 12-3200] Please refer to the DRC report (report_drc) for more information.
INFO: [Designutils 20-2272] Running write_bitstream with 8 threads.
Loading data files...
Loading site data...
Loading route data...
Processing options...
Creating bitmap...
Creating bitstream...
Writing bitstream ./design_1_wrapper.bit...
INFO: [Vivado 12-1842] Bitgen Completed Successfully.
INFO: [Project 1-1876] WebTalk data collection is mandatory when using a ULT device. To see the specific WebTalk data collected for your design, open the usage_statistics_webtalk.html or usage_statistics_webtalk.xml file in the implementation directory.
INFO: [Common 17-83] Releasing license: Implementation
253 Infos, 80 Warnings, 0 Critical Warnings and 0 Errors encountered.
write_bitstream completed successfully
write_bitstream: Time (s): cpu = 00:00:43 ; elapsed = 00:00:20 . Memory (MB): peak = 3946.133 ; gain = 147.258 ; free physical = 42150 ; free virtual = 62334
INFO: [Common 17-206] Exiting Vivado at Mon Jun 29 15:52:57 2026...
[Mon Jun 29 15:52:57 2026] impl_1 finished
wait_on_runs: Time (s): cpu = 00:06:47 ; elapsed = 00:02:39 . Memory (MB): peak = 2116.488 ; gain = 0.000 ; free physical = 44953 ; free virtual = 65136
# assert_run_complete impl_1
# open_run impl_1
INFO: [Device 21-403] Loading part xc7z020clg400-1
Netlist sorting complete. Time (s): cpu = 00:00:00.34 ; elapsed = 00:00:00.34 . Memory (MB): peak = 2116.488 ; gain = 0.000 ; free physical = 44682 ; free virtual = 64867
INFO: [Netlist 29-17] Analyzing 2479 Unisim elements for replacement
INFO: [Netlist 29-28] Unisim Transformation completed in 0 CPU seconds
INFO: [Project 1-479] Netlist was created with Vivado 2024.2.2
INFO: [Project 1-570] Preparing netlist for logic optimization
Read ShapeDB Complete: Time (s): cpu = 00:00:00.04 ; elapsed = 00:00:00.05 . Memory (MB): peak = 2201.797 ; gain = 9.250 ; free physical = 44500 ; free virtual = 64684
INFO: [Timing 38-478] Restoring timing data from binary archive.
INFO: [Timing 38-479] Binary timing data restore complete.
INFO: [Project 1-856] Restoring constraints from binary archive.
INFO: [Project 1-853] Binary constraint restore complete.
INFO: [Designutils 20-5722] Start Reading Physical Databases.
Reading placement.
Read Netlist Cache: Time (s): cpu = 00:00:00.03 ; elapsed = 00:00:00.02 . Memory (MB): peak = 2857.766 ; gain = 0.000 ; free physical = 43900 ; free virtual = 64084
Reading placer database...
Read Device Cache: Time (s): cpu = 00:00:00 ; elapsed = 00:00:00.01 . Memory (MB): peak = 2857.766 ; gain = 0.000 ; free physical = 43900 ; free virtual = 64084
Read PlaceDB: Time (s): cpu = 00:00:00.78 ; elapsed = 00:00:00.78 . Memory (MB): peak = 2881.742 ; gain = 23.977 ; free physical = 43877 ; free virtual = 64061
Read PulsedLatchDB: Time (s): cpu = 00:00:00 ; elapsed = 00:00:00 . Memory (MB): peak = 2881.742 ; gain = 0.000 ; free physical = 43877 ; free virtual = 64061
Reading routing.
Read RouteStorage: Time (s): cpu = 00:00:00.58 ; elapsed = 00:00:00.17 . Memory (MB): peak = 2909.406 ; gain = 27.664 ; free physical = 43845 ; free virtual = 64029
Read Physdb Files: Time (s): cpu = 00:00:01 ; elapsed = 00:00:00.99 . Memory (MB): peak = 2909.406 ; gain = 51.641 ; free physical = 43845 ; free virtual = 64029
Restored from archive | CPU: 1.440000 secs | Memory: 62.687195 MB |
Finished XDEF File Restore: Time (s): cpu = 00:00:01 ; elapsed = 00:00:01 . Memory (MB): peak = 2909.406 ; gain = 51.641 ; free physical = 43845 ; free virtual = 64029
Generating merged BMM file for the design top 'design_1_wrapper'...
Netlist sorting complete. Time (s): cpu = 00:00:00 ; elapsed = 00:00:00 . Memory (MB): peak = 2918.312 ; gain = 0.000 ; free physical = 43845 ; free virtual = 64029
INFO: [Project 1-111] Unisim Transformation Summary:
  A total of 366 instances were transformed.
  IOBUF => IOBUF (IBUF, OBUFT): 2 instances
  RAM16X1D => RAM32X1D (RAMD32(x2)): 1 instance 
  RAM32M => RAM32M (RAMD32(x6), RAMS32(x2)): 348 instances
  RAM32X1D => RAM32X1D (RAMD32(x2)): 15 instances

open_run: Time (s): cpu = 00:00:09 ; elapsed = 00:00:09 . Memory (MB): peak = 2918.312 ; gain = 801.824 ; free physical = 43845 ; free virtual = 64029
# set report_prefix [file join $report_dir "gptalk_dma_${clk_label}mhz"]
# set timing_report "${report_prefix}_timing_summary.rpt"
# set util_report "${report_prefix}_util_hier.rpt"
# set route_report "${report_prefix}_route_status.rpt"
# set congestion_report "${report_prefix}_congestion.rpt"
# set qor_report "${report_prefix}_qor_suggestions.rpt"
# set check_timing_report "${report_prefix}_check_timing.rpt"
# report_or_warn "hierarchical utilization" [list report_utilization -hierarchical -file $util_report]
REPORT_OK: hierarchical utilization
# report_or_warn "timing summary" [list report_timing_summary -delay_type max -max_paths 50 -file $timing_report]
INFO: [Timing 38-91] UpdateTimingParams: Speed grade: -1, Delay Type: max.
INFO: [Timing 38-191] Multithreading enabled for timing update using a maximum of 8 CPUs
WARNING: [Timing 38-436] There are set_bus_skew constraint(s) in this design. Please run report_bus_skew to ensure that bus skew requirements are met.
REPORT_OK: timing summary
# report_or_warn "route status" [list report_route_status -file $route_report]
REPORT_OK: route status
# report_or_warn "congestion" [list report_design_analysis -congestion -file $congestion_report]
REPORT_OK: congestion
# report_or_warn "qor suggestions" [list report_qor_suggestions -file $qor_report]
Command: report_qor_suggestions -file /run/media/pjs/6A43-DC8A/smollm2-zybo/reports/gptalk_dma_50mhz_qor_suggestions.rpt
Congestion Prediction Time (s): cpu = 00:00:00.75 ; elapsed = 00:00:00.74 . Memory (MB): peak = 3434.973 ; gain = 0.000 ; free physical = 43576 ; free virtual = 63760
INFO: [Implflow 47-1309] PredResultString: 0:54.72:45.28
INFO: [Implflow 47-1276] The design is not compatible for suggesting strategy, as it was not run using vivado implementation default or vivado implementation explore strategy.
report_qor_suggestions completed successfully
report_qor_suggestions: Time (s): cpu = 00:00:23 ; elapsed = 00:00:05 . Memory (MB): peak = 3443.879 ; gain = 302.562 ; free physical = 43573 ; free virtual = 63758
REPORT_OK: qor suggestions
# report_or_warn "check timing" [list check_timing -verbose -file $check_timing_report]
REPORT_OK: check timing
WARNING: [Timing 38-164] This design has multiple clocks. Inter clock paths are considered valid unless explicitly excluded by timing constraints such as set_clock_groups or set_false_path.
WARNING: [Vivado 12-975] No timing paths matched 'get_timing_paths -delay_type max -slack_lesser_than 0 -max_paths 10000'.
# foreach {setup_wns setup_tns setup_fail_count} [timing_slack_summary max] {break}
WARNING: [Timing 38-164] This design has multiple clocks. Inter clock paths are considered valid unless explicitly excluded by timing constraints such as set_clock_groups or set_false_path.
WARNING: [Vivado 12-975] No timing paths matched 'get_timing_paths -delay_type min -slack_lesser_than 0 -max_paths 10000'.
# foreach {hold_whs hold_ths hold_fail_count} [timing_slack_summary min] {break}
# set timing_pass 1
# if {$setup_wns eq "N/A" || $hold_whs eq "N/A"} {
#     set timing_pass 0
# } elseif {double($setup_wns) < 0.0 || double($hold_whs) < 0.0} {
#     set timing_pass 0
# }
# file copy -force $timing_report [file join $report_dir full_gemv_timing_summary.rpt]
# file copy -force $util_report [file join $report_dir full_gemv_util_hier.rpt]
# file copy -force $route_report [file join $report_dir full_gemv_route_status.rpt]
# if {[file exists $congestion_report]} {
#     file copy -force $congestion_report [file join $report_dir full_gemv_congestion.rpt]
# }
# if {[file exists $qor_report]} {
#     file copy -force $qor_report [file join $report_dir full_gemv_qor_suggestions.rpt]
# }
# set verify_log [file join $log_dir s02_bitstream_xsa_verify.txt]
# set verify_fd [open $verify_log w]
# puts $verify_fd "S02 bitstream/XSA verify"
# puts $verify_fd "Active Vivado project: $project_xpr"
# puts $verify_fd [format "PL clock target: %.3f MHz" $pl_clk_mhz]
# puts $verify_fd "PL clock actual FREQ_HZ: $actual_freq_hz"
# puts $verify_fd "Full GEMV DMA datapath: expected in GPTalk BD, not smoke-only"
# puts $verify_fd [format "GEMV control base: 0x%08X" $gemv_base]
# puts $verify_fd [format "AXI DMA base:      0x%08X" $dma_base]
# puts $verify_fd [format "Input BRAM base:   0x%08X" $bram_base]
# puts $verify_fd "setup WNS(ns): $setup_wns"
# puts $verify_fd "setup TNS approx(ns): [format %.3f $setup_tns]"
# puts $verify_fd "setup failing paths sampled: $setup_fail_count"
# puts $verify_fd "hold WHS(ns): $hold_whs"
# puts $verify_fd "hold THS approx(ns): [format %.3f $hold_ths]"
# puts $verify_fd "hold failing paths sampled: $hold_fail_count"
# puts $verify_fd "timing pass: $timing_pass"
# puts $verify_fd "timing report: $timing_report"
# puts $verify_fd "util report: $util_report"
# puts $verify_fd "route report: $route_report"
# puts $verify_fd "congestion report: $congestion_report"
# puts $verify_fd "qor suggestions: $qor_report"
# close $verify_fd
# if {!$timing_pass} {
#     catch {source [file join $script_dir report_failed_impl.tcl]}
#     error "Timing constraints are not met for ${clk_label}MHz: setup WNS=$setup_wns hold WHS=$hold_whs"
# }
# set bit_candidates [glob -nocomplain [file join $project_dir GPTalk.runs impl_1 *.bit]]
# if {[llength $bit_candidates] == 0} {
#     error "bitstream not found under [file join $project_dir GPTalk.runs impl_1]"
# }
# set bit_file [lindex $bit_candidates 0]
# set export_bit_file [file join $export_dir "GPTalk_dma_${clk_label}MHz.bit"]
# set latest_bit_file [file join $export_dir GPTalk_dma.bit]
# file copy -force $bit_file $export_bit_file
# file copy -force $bit_file $latest_bit_file
# set xsa_file [file join $export_dir "GPTalk_dma_${clk_label}MHz.xsa"]
# set latest_xsa_file [file join $export_dir GPTalk_dma.xsa]
# write_hw_platform -fixed -include_bit -force -file $xsa_file
INFO: [Project 1-1918] Creating Hardware Platform: /run/media/pjs/6A43-DC8A/smollm2-zybo/hw/vivado_project/export/GPTalk_dma_50MHz.xsa ...
WARNING: [Project 1-645] Board images not set in Hardware Platform.
INFO: [Project 1-1943] The Hardware Platform can be used for Hardware
INFO: [Project 1-1941] Successfully created Hardware Platform: /run/media/pjs/6A43-DC8A/smollm2-zybo/hw/vivado_project/export/GPTalk_dma_50MHz.xsa
INFO: [Hsi 55-2053] elapsed time for repository (/tools/Xilinx/Vivado/2024.2/data/embeddedsw) loading 0 seconds
# file copy -force $xsa_file $latest_xsa_file
# set verify_fd [open $verify_log a]
# puts $verify_fd "write_bitstream: PASS"
# puts $verify_fd "bitstream: $bit_file"
# puts $verify_fd "export bitstream: $export_bit_file"
# puts $verify_fd "latest bitstream: $latest_bit_file"
# puts $verify_fd "XSA: $xsa_file"
# puts $verify_fd "latest XSA: $latest_xsa_file"
# close $verify_fd
# set result_doc [file join $internal_docs_dir hw_dma_bringup_result.md]
# set result_fd [open $result_doc w]
# puts $result_fd "# S02 GPTalk DMA build result"
# puts $result_fd ""
# puts $result_fd "- Active Vivado project: `$project_xpr`"
# puts $result_fd [format "- PL clock target: %.3f MHz" $pl_clk_mhz]
# puts $result_fd "- PL clock actual FREQ_HZ: `$actual_freq_hz`"
# puts $result_fd "- Full GEMV DMA datapath: yes, not smoke-only"
# puts $result_fd "- Bitstream: `$export_bit_file`"
# puts $result_fd "- Latest bitstream alias: `$latest_bit_file`"
# puts $result_fd "- XSA: `$xsa_file`"
# puts $result_fd "- Latest XSA alias: `$latest_xsa_file`"
# puts $result_fd [format "- GEMV control base: `0x%08X`" $gemv_base]
# puts $result_fd [format "- AXI DMA base: `0x%08X`" $dma_base]
# puts $result_fd [format "- Input BRAM base: `0x%08X`" $bram_base]
# puts $result_fd "- Setup WNS(ns): `$setup_wns`"
# puts $result_fd "- Setup TNS approx(ns): `[format %.3f $setup_tns]`"
# puts $result_fd "- Hold WHS(ns): `$hold_whs`"
# puts $result_fd "- Hold THS approx(ns): `[format %.3f $hold_ths]`"
# puts $result_fd "- Timing pass: `$timing_pass`"
# puts $result_fd "- Strategy log: `$strategy_log`"
# puts $result_fd "- Timing report: `$timing_report`"
# puts $result_fd "- Utilization report: `$util_report`"
# puts $result_fd "- Route status report: `$route_report`"
# close $result_fd
# set active_doc [file join $docs_dir 00_ACTIVE_KR.md]
# set doc_fd [open $active_doc a]
# puts $doc_fd ""
# puts $doc_fd "## S02 빌드 산출물 기록"
# puts $doc_fd ""
# puts $doc_fd "- 기록 시각: [clock format [clock seconds] -format {%Y-%m-%d %H:%M:%S %Z}]"
# puts $doc_fd [format "- PL clock target: `%.3f MHz`" $pl_clk_mhz]
# puts $doc_fd "- PL clock actual FREQ_HZ: `$actual_freq_hz`"
# puts $doc_fd "- Bitstream: `$export_bit_file`"
# puts $doc_fd "- XSA: `$xsa_file`"
# puts $doc_fd "- Latest bitstream alias: `$latest_bit_file`"
# puts $doc_fd "- Latest XSA alias: `$latest_xsa_file`"
# puts $doc_fd "- Timing: setup WNS `$setup_wns` ns, hold WHS `$hold_whs` ns"
# puts $doc_fd "- Strategy log: `$strategy_log`"
# puts $doc_fd "- S02 verify log: `$verify_log`"
# close $doc_fd
# puts "BIT_FILE=$export_bit_file"
BIT_FILE=/run/media/pjs/6A43-DC8A/smollm2-zybo/hw/vivado_project/export/GPTalk_dma_50MHz.bit
# puts "LATEST_BIT_FILE=$latest_bit_file"
LATEST_BIT_FILE=/run/media/pjs/6A43-DC8A/smollm2-zybo/hw/vivado_project/export/GPTalk_dma.bit
# puts "XSA_FILE=$xsa_file"
XSA_FILE=/run/media/pjs/6A43-DC8A/smollm2-zybo/hw/vivado_project/export/GPTalk_dma_50MHz.xsa
# puts "LATEST_XSA_FILE=$latest_xsa_file"
LATEST_XSA_FILE=/run/media/pjs/6A43-DC8A/smollm2-zybo/hw/vivado_project/export/GPTalk_dma.xsa
# puts "STRATEGY_LOG=$strategy_log"
STRATEGY_LOG=/run/media/pjs/6A43-DC8A/smollm2-zybo/logs/vivado_impl_strategy.txt
# puts "S02_VERIFY_LOG=$verify_log"
S02_VERIFY_LOG=/run/media/pjs/6A43-DC8A/smollm2-zybo/logs/s02_bitstream_xsa_verify.txt
# puts "SETUP_WNS_NS=$setup_wns"
SETUP_WNS_NS=0.619
# puts [format "SETUP_TNS_APPROX_NS=%.3f" $setup_tns]
SETUP_TNS_APPROX_NS=0.000
# puts "HOLD_WHS_NS=$hold_whs"
HOLD_WHS_NS=0.020
# puts [format "HOLD_THS_APPROX_NS=%.3f" $hold_ths]
HOLD_THS_APPROX_NS=0.000
INFO: [Common 17-206] Exiting Vivado at Mon Jun 29 15:53:20 2026...
