
****** Vivado v2024.2.2 (64-bit)
  **** SW Build 6060944 on Thu Mar 06 19:10:09 MST 2025
  **** IP Build 6050500 on Thu Mar  6 23:33:39 MST 2025
  **** SharedData Build 6060542 on Thu Mar 06 10:31:07 MST 2025
  **** Start of session at: Tue Jun 30 18:30:48 2026
    ** Copyright 1986-2022 Xilinx, Inc. All Rights Reserved.
    ** Copyright 2022-2025 Advanced Micro Devices, Inc. All Rights Reserved.

CRITICAL WARNING: [Common 17-741] No write access right to the local Tcl store at '/home/pjs/.Xilinx/Vivado/2024.2.2/XilinxTclStore'. XilinxTclStore is reverted to the installation area. If you want to use local Tcl Store, please change the access right and relaunch Vivado.
Sourcing tcl script '/home/pjs/.Xilinx/Vivado/Vivado_init.tcl'
source scripts/build_gptalk_dma_bitstream.tcl
# set script_dir [file normalize [file dirname [info script]]]
# set repo_root [file normalize [file join $script_dir ..]]
# set project_xpr [file join $repo_root hw vivado_project GPTalk.xpr]
# set project_dir [file dirname $project_xpr]
# set log_dir [file join $repo_root logs]
# set report_dir [file join $repo_root reports]
# set docs_dir [file join $repo_root docs]
# set internal_docs_dir [file join $docs_dir internal]
# set export_dir [file join $project_dir export]
# file mkdir $log_dir
# file mkdir $report_dir
# file mkdir $docs_dir
# file mkdir $internal_docs_dir
# file mkdir $export_dir
# if {![file exists $project_xpr]} {
#     error "Active Vivado project is missing: $project_xpr"
# }
# proc env_default {name default_value} {
#     if {[info exists ::env($name)] && $::env($name) ne ""} {
#         return $::env($name)
#     }
#     return $default_value
# }
# proc clock_label {clk_mhz} {
#     if {[expr {abs($clk_mhz - round($clk_mhz)) < 0.001}]} {
#         return [format "%d" [expr {int(round($clk_mhz))}]]
#     }
#     set label [format "%.3f" $clk_mhz]
#     regsub {0+$} $label "" label
#     regsub {\.$} $label "" label
#     regsub -all {\.} $label "p" label
#     return $label
# }
# set pl_clk_mhz_raw [env_default GPTALK_PL_CLK_MHZ 50]
# if {![string is double -strict $pl_clk_mhz_raw]} {
#     error "GPTALK_PL_CLK_MHZ must be numeric, got: $pl_clk_mhz_raw"
# }
# set pl_clk_mhz [expr {double($pl_clk_mhz_raw)}]
# if {$pl_clk_mhz <= 0.0} {
#     error "GPTALK_PL_CLK_MHZ must be positive, got: $pl_clk_mhz_raw"
# }
# set clk_label [clock_label $pl_clk_mhz]
# set ctrl_clk_mhz_raw [env_default GPTALK_CTRL_CLK_MHZ 100]
# if {![string is double -strict $ctrl_clk_mhz_raw]} {
#     error "GPTALK_CTRL_CLK_MHZ must be numeric, got: $ctrl_clk_mhz_raw"
# }
# set ctrl_clk_mhz [expr {double($ctrl_clk_mhz_raw)}]
# if {$ctrl_clk_mhz <= 0.0} {
#     error "GPTALK_CTRL_CLK_MHZ must be positive, got: $ctrl_clk_mhz_raw"
# }
# set ctrl_actual_freq_hz_raw [env_default GPTALK_CTRL_ACTUAL_FREQ_HZ [expr {int(round($ctrl_clk_mhz * 1000000.0))}]]
# if {![string is integer -strict $ctrl_actual_freq_hz_raw] || $ctrl_actual_freq_hz_raw <= 0} {
#     error "GPTALK_CTRL_ACTUAL_FREQ_HZ must be a positive integer, got: $ctrl_actual_freq_hz_raw"
# }
# set ctrl_actual_freq_hz $ctrl_actual_freq_hz_raw
# set actual_freq_hz_raw [env_default GPTALK_PL_ACTUAL_FREQ_HZ [expr {int(round($pl_clk_mhz * 1000000.0))}]]
# if {![string is integer -strict $actual_freq_hz_raw] || $actual_freq_hz_raw <= 0} {
#     error "GPTALK_PL_ACTUAL_FREQ_HZ must be a positive integer, got: $actual_freq_hz_raw"
# }
# set actual_freq_hz $actual_freq_hz_raw
# set jobs_raw [env_default GPTALK_VIVADO_JOBS 8]
# if {![string is integer -strict $jobs_raw] || $jobs_raw <= 0} {
#     error "GPTALK_VIVADO_JOBS must be a positive integer, got: $jobs_raw"
# }
# set vivado_jobs $jobs_raw
# set apply_clock_only [env_default GPTALK_APPLY_CLOCK_ONLY 0]
# set fallback_log {}
# proc try_run_strategy {run_name label candidates} {
#     global fallback_log
#     foreach candidate $candidates {
#         if {[catch {set_property strategy $candidate [get_runs $run_name]} msg]} {
#             lappend fallback_log "$label fallback: $candidate rejected: $msg"
#         } else {
#             return $candidate
#         }
#     }
#     lappend fallback_log "$label fallback: no candidate accepted; leaving unchanged"
#     return "unchanged"
# }
# proc try_step_directive {run_name prop_name label candidates} {
#     global fallback_log
#     foreach candidate $candidates {
#         if {[catch {set_property $prop_name $candidate [get_runs $run_name]} msg]} {
#             lappend fallback_log "$label fallback: $candidate rejected: $msg"
#         } else {
#             return $candidate
#         }
#     }
#     lappend fallback_log "$label fallback: no candidate accepted; leaving unchanged"
#     return "unchanged"
# }
# proc report_or_warn {label command} {
#     if {[catch {uplevel 1 $command} msg]} {
#         puts "WARN: $label failed: $msg"
#         return 0
#     }
#     puts "REPORT_OK: $label"
#     return 1
# }
# proc read_base_from_report {path label default_value} {
#     if {![file exists $path]} {
#         return $default_value
#     }
#     set fd [open $path r]
#     set text [read $fd]
#     close $fd
#     set pattern [format {%s:[ \t]+0x([0-9A-Fa-f]+)} $label]
#     if {[regexp $pattern $text -> hex_value]} {
#         return [expr "0x$hex_value"]
#     }
#     return $default_value
# }
# proc assert_run_complete {run_name} {
#     set progress [get_property PROGRESS [get_runs $run_name]]
#     set status [get_property STATUS [get_runs $run_name]]
#     if {$progress ne "100%"} {
#         error "$run_name did not complete: progress=$progress status=$status"
#     }
#     if {![string match "*Complete*" $status]} {
#         error "$run_name failed: $status"
#     }
# }
# proc clear_stale_run_markers {run_name} {
#     set run_obj [get_runs -quiet $run_name]
#     if {[llength $run_obj] == 0} {
#         return
#     }
#     set run_dir [get_property DIRECTORY $run_obj]
#     foreach marker [list \
#         ".stop.rst" \
#         ".vivado.begin.rst" \
#         ".vivado.end.rst" \
#         ".vivado.error.rst" \
#         ".Vivado_Synthesis.queue.rst" \
#     ] {
#         set marker_path [file join $run_dir $marker]
#         if {[file exists $marker_path]} {
#             file delete -force $marker_path
#         }
#     }
# }
# proc reset_run_clean {run_name} {
#     clear_stale_run_markers $run_name
#     if {[catch {reset_runs $run_name} msg]} {
#         clear_stale_run_markers $run_name
#         if {[catch {reset_runs $run_name} retry_msg]} {
#             error "reset_run $run_name failed: $msg; retry failed: $retry_msg"
#         }
#     }
# }
# proc timing_slack_summary {delay_type} {
#     set worst "N/A"
#     set total 0.0
#     set count 0
#     set worst_paths [get_timing_paths -delay_type $delay_type -max_paths 1]
#     if {[llength $worst_paths] > 0} {
#         set worst [get_property SLACK [lindex $worst_paths 0]]
#     }
#     set violating_paths [get_timing_paths -delay_type $delay_type -slack_lesser_than 0 -max_paths 10000]
#     foreach path $violating_paths {
#         set slack [get_property SLACK $path]
#         if {[string is double -strict $slack] && $slack < 0.0} {
#             set total [expr {$total + double($slack)}]
#             incr count
#         }
#     }
#     return [list $worst $total $count]
# }
# set bd_name "design_1"
# set bd_file [file join $project_dir GPTalk.srcs sources_1 bd $bd_name ${bd_name}.bd]
# if {![file exists $bd_file]} {
#     error "Block design is missing: $bd_file"
# }
# set hdmi_tx_xdc [file join $project_dir GPTalk.srcs constrs_1 new GPTalk_hdmi_tx.xdc]
# set address_report [file join $log_dir hw_dma_hdmi_address_map.txt]
# if {![file exists $address_report]} {
#     set address_report [file join $log_dir hw_dma_address_map.txt]
# }
# set gemv_base [read_base_from_report $address_report "GEMV control base" 0x43C00000]
# set dma_base  [read_base_from_report $address_report "AXI DMA base" 0x40400000]
# set bram_base [read_base_from_report $address_report "Input BRAM base" 0x42000000]
# set module_xci [file join $project_dir GPTalk.srcs sources_1 bd $bd_name ip design_1_gemv_q8_0_dma_top_0_0 design_1_gemv_q8_0_dma_top_0_0.xci]
# proc patch_freq_hz_file {path freq_hz} {
#     if {![file exists $path]} {
#         return 0
#     }
#     set fd [open $path r]
#     set text [read $fd]
#     close $fd
# 
#     set changed 0
#     set patch_next_value 0
#     set out_lines {}
#     foreach line [split $text "\n"] {
#         if {[string first "\"FREQ_HZ\"" $line] >= 0} {
#             if {[regsub {("value": *")[0-9]+(")} $line "\\1$freq_hz\\2" new_line]} {
#                 set line $new_line
#                 set changed 1
#                 set patch_next_value 0
#             } else {
#                 set patch_next_value 1
#             }
#         } elseif {$patch_next_value} {
#             if {[regsub {("value": *")[0-9]+(")} $line "\\1$freq_hz\\2" new_line]} {
#                 set line $new_line
#                 set changed 1
#                 set patch_next_value 0
#             }
#         }
#         lappend out_lines $line
#     }
# 
#     if {$changed} {
#         set fd [open $path w]
#         puts -nonewline $fd [join $out_lines "\n"]
#         close $fd
#     }
#     return $changed
# }
# patch_freq_hz_file $module_xci $actual_freq_hz
# open_project $project_xpr
WARNING: [filemgmt 56-3] IPUserFilesDir: Could not find the directory '/run/media/pjs/6A43-DC8A/smollm2-zybo/hw/vivado_project/GPTalk.ip_user_files'.
Scanning sources...
Finished scanning sources
INFO: [IP_Flow 19-234] Refreshing IP repositories
INFO: [IP_Flow 19-1700] Loaded user IP repository '/run/media/pjs/6A43-DC8A/smollm2-zybo/third_party/digilent-vivado-library/if'.
INFO: [IP_Flow 19-1700] Loaded user IP repository '/run/media/pjs/6A43-DC8A/smollm2-zybo/third_party/digilent-vivado-library/ip'.
INFO: [IP_Flow 19-2313] Loaded Vivado IP repository '/tools/Xilinx/Vivado/2024.2/data/ip'.
INFO: [Project 1-5579] Found utility IPs instantiated in one or more block designs which have equivalent inline hdl with improved performance and reduced diskspace. It is recommended to migrate these utility IPs to inline hdl using the command upgrade_project -migrate_to_inline_hdl. The utility IPs may be deprecated in future releases. More information on inline hdl is available in UG994.
# set_property target_language Verilog [current_project]
# if {[file exists $hdmi_tx_xdc] && [llength [get_files -quiet $hdmi_tx_xdc]] == 0} {
#     add_files -fileset constrs_1 -norecurse $hdmi_tx_xdc
# }
# open_bd_design /run/media/pjs/6A43-DC8A/smollm2-zybo/hw/vivado_project/GPTalk.srcs/sources_1/bd/design_1/design_1.bd
Reading block design file </run/media/pjs/6A43-DC8A/smollm2-zybo/hw/vivado_project/GPTalk.srcs/sources_1/bd/design_1/design_1.bd>...
Adding component instance block -- xilinx.com:ip:processing_system7:5.5 - processing_system7_0
Adding component instance block -- xilinx.com:ip:proc_sys_reset:5.0 - rst_ps7_0_100M
Adding component instance block -- xilinx.com:ip:proc_sys_reset:5.0 - rst_ps7_0_133M
Adding component instance block -- xilinx.com:ip:proc_sys_reset:5.0 - rst_ps7_0_gemv
Adding component instance block -- xilinx.com:ip:smartconnect:1.0 - axi_ctrl_smc
Adding component instance block -- xilinx.com:ip:smartconnect:1.0 - axi_video_hp0_smc
Adding component instance block -- xilinx.com:ip:smartconnect:1.0 - axi_gemv_hp1_smc
Adding component instance block -- xilinx.com:ip:axi_clock_converter:2.1 - axi_gemv_ctrl_clkconv
Adding component instance block -- xilinx.com:ip:axi_clock_converter:2.1 - axi_bram_ctrl_clkconv
Adding component instance block -- xilinx.com:ip:axi_clock_converter:2.1 - axi_dma_ctrl_clkconv
Adding component instance block -- digilentinc.com:ip:axi_dynclk:1.2 - axi_dynclk_0
Adding component instance block -- xilinx.com:ip:v_tc:6.2 - v_tc_out
Adding component instance block -- xilinx.com:ip:axi_vdma:6.3 - axi_vdma_1
Adding component instance block -- xilinx.com:ip:axis_subset_converter:1.1 - axis_subset_converter_out
Adding component instance block -- xilinx.com:ip:v_axi4s_vid_out:4.0 - v_axi4s_vid_out_0
Adding component instance block -- digilentinc.com:ip:rgb2dvi:1.4 - rgb2dvi_1
Adding component instance block -- xilinx.com:ip:axi_dma:7.1 - axi_dma_0
Adding component instance block -- xilinx.com:ip:axis_data_fifo:2.0 - mm2s_axis_fifo
Adding component instance block -- xilinx.com:ip:axis_data_fifo:2.0 - s2mm_axis_fifo
Adding component instance block -- xilinx.com:ip:axi_bram_ctrl:4.1 - axi_input_bram_ctrl
Adding component instance block -- xilinx.com:ip:blk_mem_gen:8.4 - input_vector_bram
Adding component instance block -- xilinx.com:module_ref:gemv_q8_0_dma_top:1.0 - gemv_q8_0_dma_top_0
Adding component instance block -- xilinx.com:ip:xlconcat:2.1 - xlconcat_0
Successfully read diagram <design_1> from block design file </run/media/pjs/6A43-DC8A/smollm2-zybo/hw/vivado_project/GPTalk.srcs/sources_1/bd/design_1/design_1.bd>
# set ps7 [get_bd_cells -quiet processing_system7_0]
# if {[llength $ps7] == 0} {
#     error "processing_system7_0 is missing from $bd_name"
# }
# if {[llength [get_bd_cells -quiet gemv_q8_0_dma_top_0]]} {
#     catch {update_module_reference [get_bd_cells gemv_q8_0_dma_top_0]}
# }
# set_property CONFIG.PCW_FPGA0_PERIPHERAL_FREQMHZ [format "%.6f" $ctrl_clk_mhz] $ps7
# set_property CONFIG.PCW_FPGA2_PERIPHERAL_FREQMHZ [format "%.6f" $pl_clk_mhz] $ps7
# foreach {fclk_pin_name expected_freq_hz} [list \
#     processing_system7_0/FCLK_CLK0 $ctrl_actual_freq_hz \
#     processing_system7_0/FCLK_CLK2 $actual_freq_hz \
# ] {
#     set fclk_pin [get_bd_pins -quiet $fclk_pin_name]
#     if {![llength $fclk_pin]} {
#         continue
#     }
#     set fclk_freq [get_property -quiet CONFIG.FREQ_HZ $fclk_pin]
#     if {$fclk_freq ne "" && $fclk_freq ne $expected_freq_hz} {
#         puts "WARN: requested actual FREQ_HZ $expected_freq_hz differs from $fclk_pin_name $fclk_freq"
#     }
# }
WARN: requested actual FREQ_HZ 74000000 differs from processing_system7_0/FCLK_CLK2 71428566
# foreach intf_name [list \
#     gemv_q8_0_dma_top_0/S_AXI \
#     gemv_q8_0_dma_top_0/S_AXIS \
#     gemv_q8_0_dma_top_0/M_AXIS \
# ] {
#     set intf_pin [get_bd_intf_pins -quiet $intf_name]
#     if {[llength $intf_pin]} {
#         # FREQ_HZ is read-only on module_ref pins after import; it is patched
#         # in the BD/XCI metadata before open_bd_design.
#     }
# }
# set gemv_clk [get_bd_pins -quiet gemv_q8_0_dma_top_0/S_AXI_ACLK]
# if {[llength $gemv_clk]} {
#     # See module_ref metadata patch above.
# }
# validate_bd_design
WARNING: [SMARTCONNECT-2] Port M03_AXI of /axi_ctrl_smc is connected to an infrastructure IP (/axi_dma_ctrl_clkconv).  It is recommended to attach AXI SmartConnect directly to endpoint IPs to avoid mismatches or other issues during validation.  If mismatches occur, manually assign values for AXI Interface properties of /axi_dma_ctrl_clkconv.
WARNING: [SMARTCONNECT-2] Port M04_AXI of /axi_ctrl_smc is connected to an infrastructure IP (/axi_gemv_ctrl_clkconv).  It is recommended to attach AXI SmartConnect directly to endpoint IPs to avoid mismatches or other issues during validation.  If mismatches occur, manually assign values for AXI Interface properties of /axi_gemv_ctrl_clkconv.
WARNING: [SMARTCONNECT-2] Port M05_AXI of /axi_ctrl_smc is connected to an infrastructure IP (/axi_bram_ctrl_clkconv).  It is recommended to attach AXI SmartConnect directly to endpoint IPs to avoid mismatches or other issues during validation.  If mismatches occur, manually assign values for AXI Interface properties of /axi_bram_ctrl_clkconv.
INFO: [BD 5-943] Reserving offset range <0x4301_0000 [ 64K ]> from slave interface '/axi_ctrl_smc/S00_AXI' to master interface '/axi_ctrl_smc/M00_AXI'. This will be used by smartconnect on path for routing.
INFO: [BD 5-943] Reserving offset range <0x43C1_0000 [ 64K ]> from slave interface '/axi_ctrl_smc/S00_AXI' to master interface '/axi_ctrl_smc/M01_AXI'. This will be used by smartconnect on path for routing.
INFO: [BD 5-943] Reserving offset range <0x43C2_0000 [ 64K ]> from slave interface '/axi_ctrl_smc/S00_AXI' to master interface '/axi_ctrl_smc/M02_AXI'. This will be used by smartconnect on path for routing.
INFO: [BD 5-943] Reserving offset range <0x4040_0000 [ 64K ]> from slave interface '/axi_ctrl_smc/S00_AXI' to master interface '/axi_ctrl_smc/M03_AXI'. This will be used by smartconnect on path for routing.
INFO: [BD 5-943] Reserving offset range <0x43CA_0000 [ 4K ]> from slave interface '/axi_ctrl_smc/S00_AXI' to master interface '/axi_ctrl_smc/M04_AXI'. This will be used by smartconnect on path for routing.
INFO: [BD 5-943] Reserving offset range <0x4200_0000 [ 64K ]> from slave interface '/axi_ctrl_smc/S00_AXI' to master interface '/axi_ctrl_smc/M05_AXI'. This will be used by smartconnect on path for routing.
INFO: [xilinx.com:ip:smartconnect:1.0-1] design_1_axi_ctrl_smc_0: SmartConnect design_1_axi_ctrl_smc_0 is in High-performance Mode.
INFO: [Ipptcl 7-1463] No Compatible Board Interface found. Board Tab not created in customize GUI
INFO: [BD 5-943] Reserving offset range <0x0000_0000 [ 1G ]> from slave interface '/axi_video_hp0_smc/S00_AXI' to master interface '/axi_video_hp0_smc/M00_AXI'. This will be used by smartconnect on path for routing.
INFO: [xilinx.com:ip:smartconnect:1.0-1] design_1_axi_video_hp0_smc_0: SmartConnect design_1_axi_video_hp0_smc_0 is in High-performance Mode.
INFO: [BD 5-943] Reserving offset range <0x0000_0000 [ 1G ]> from slave interface '/axi_gemv_hp1_smc/S00_AXI' to master interface '/axi_gemv_hp1_smc/M00_AXI'. This will be used by smartconnect on path for routing.
INFO: [BD 5-943] Reserving offset range <0x0000_0000 [ 1G ]> from slave interface '/axi_gemv_hp1_smc/S01_AXI' to master interface '/axi_gemv_hp1_smc/M00_AXI'. This will be used by smartconnect on path for routing.
INFO: [xilinx.com:ip:smartconnect:1.0-1] design_1_axi_gemv_hp1_smc_0: SmartConnect design_1_axi_gemv_hp1_smc_0 is in High-performance Mode.
WARNING: [filemgmt 56-443] The ECC Algorithm string is empty. Setting the Memory Map to default ECC value to ECC_NONE.
INFO: [digilentinc.com:ip:axi_dynclk:1.2-17] /axi_dynclk_0FREQ_HZ of 100000000 propagated into CONFIG.kRefClkFreqHz
# save_bd_design
Wrote  : </run/media/pjs/6A43-DC8A/smollm2-zybo/hw/vivado_project/GPTalk.srcs/sources_1/bd/design_1/design_1.bd> 
# generate_target all [get_files $bd_file]
INFO: [BD 41-1662] The design 'design_1.bd' is already validated. Therefore parameter propagation will not be re-run.
WARNING: [filemgmt 56-443] The ECC Algorithm string is empty. Setting the Memory Map to default ECC value to ECC_NONE.
WARNING: [filemgmt 56-443] The ECC Algorithm string is empty. Setting the Memory Map to default ECC value to ECC_NONE.
WARNING: [BD 41-2384] Width mismatch when connecting pin: '/input_vector_bram/addra'(32) to pin: '/axi_input_bram_ctrl/bram_addr_a'(16) - Only lower order bits will be connected.
Verilog Output written to : /run/media/pjs/6A43-DC8A/smollm2-zybo/hw/vivado_project/GPTalk.gen/sources_1/bd/design_1/synth/design_1.v
WARNING: [BD 41-2384] Width mismatch when connecting pin: '/input_vector_bram/addra'(32) to pin: '/axi_input_bram_ctrl/bram_addr_a'(16) - Only lower order bits will be connected.
Verilog Output written to : /run/media/pjs/6A43-DC8A/smollm2-zybo/hw/vivado_project/GPTalk.gen/sources_1/bd/design_1/sim/design_1.v
Verilog Output written to : /run/media/pjs/6A43-DC8A/smollm2-zybo/hw/vivado_project/GPTalk.gen/sources_1/bd/design_1/hdl/design_1_wrapper.v
Exporting to file /run/media/pjs/6A43-DC8A/smollm2-zybo/hw/vivado_project/GPTalk.gen/sources_1/bd/design_1/ip/design_1_axi_ctrl_smc_0/bd_0/hw_handoff/design_1_axi_ctrl_smc_0.hwh
Generated Hardware Definition File /run/media/pjs/6A43-DC8A/smollm2-zybo/hw/vivado_project/GPTalk.gen/sources_1/bd/design_1/ip/design_1_axi_ctrl_smc_0/bd_0/synth/design_1_axi_ctrl_smc_0.hwdef
INFO: [BD 41-1029] Generation completed for the IP Integrator block axi_ctrl_smc .
Exporting to file /run/media/pjs/6A43-DC8A/smollm2-zybo/hw/vivado_project/GPTalk.gen/sources_1/bd/design_1/ip/design_1_axi_video_hp0_smc_0/bd_0/hw_handoff/design_1_axi_video_hp0_smc_0.hwh
Generated Hardware Definition File /run/media/pjs/6A43-DC8A/smollm2-zybo/hw/vivado_project/GPTalk.gen/sources_1/bd/design_1/ip/design_1_axi_video_hp0_smc_0/bd_0/synth/design_1_axi_video_hp0_smc_0.hwdef
INFO: [BD 41-1029] Generation completed for the IP Integrator block axi_video_hp0_smc .
Exporting to file /run/media/pjs/6A43-DC8A/smollm2-zybo/hw/vivado_project/GPTalk.gen/sources_1/bd/design_1/ip/design_1_axi_gemv_hp1_smc_0/bd_0/hw_handoff/design_1_axi_gemv_hp1_smc_0.hwh
Generated Hardware Definition File /run/media/pjs/6A43-DC8A/smollm2-zybo/hw/vivado_project/GPTalk.gen/sources_1/bd/design_1/ip/design_1_axi_gemv_hp1_smc_0/bd_0/synth/design_1_axi_gemv_hp1_smc_0.hwdef
INFO: [BD 41-1029] Generation completed for the IP Integrator block axi_gemv_hp1_smc .
Exporting to file /run/media/pjs/6A43-DC8A/smollm2-zybo/hw/vivado_project/GPTalk.gen/sources_1/bd/design_1/hw_handoff/design_1.hwh
Generated Hardware Definition File /run/media/pjs/6A43-DC8A/smollm2-zybo/hw/vivado_project/GPTalk.gen/sources_1/bd/design_1/synth/design_1.hwdef
# update_compile_order -fileset sources_1
# if {[llength [get_files -quiet [file join $project_dir GPTalk.gen sources_1 bd $bd_name hdl ${bd_name}_wrapper.v]]]} {
#     set_property top ${bd_name}_wrapper [current_fileset]
# }
# if {$apply_clock_only} {
#     set apply_log [file join $log_dir s02_clock_prediction.txt]
#     set apply_fd [open $apply_log w]
#     puts $apply_fd "S02 predicted clock application"
#     puts $apply_fd "Active Vivado project: $project_xpr"
#     puts $apply_fd [format "Applied PL clock target: %.3f MHz" $pl_clk_mhz]
#     puts $apply_fd "Applied PL clock actual FREQ_HZ: $actual_freq_hz"
#     puts $apply_fd "Source data:"
#     puts $apply_fd "- 50 MHz run: setup WNS 1.427 ns, TNS 0.000 ns, hold WHS 0.016 ns, THS 0.000 ns"
#     puts $apply_fd "- 75 nominal run: actual clk_fpga_0 76.929 MHz, setup WNS 0.000 ns, TNS 0.000 ns, hold WHS 0.025 ns, THS 0.000 ns"
#     puts $apply_fd "Prediction: 76.929 MHz is the highest no-violation clock supported by the available timing data."
#     puts $apply_fd "Action: BD/XCI frequency metadata restored to 76923080 Hz; no synthesis/implementation was run in this apply-only pass."
#     close $apply_fd
#     close_project
#     puts "APPLIED_CLOCK_ONLY=1"
#     puts "APPLIED_FREQ_HZ=$actual_freq_hz"
#     puts "CLOCK_PREDICTION_LOG=$apply_log"
#     return
# }
# set synth_strategy [try_run_strategy synth_1 "synth_1 strategy" [list \
#     "Flow_PerfOptimized_high" \
#     "Flow_AreaOptimized_high" \
#     "Vivado Synthesis Defaults" \
# ]]
# set impl_strategy [try_run_strategy impl_1 "impl_1 strategy" [list \
#     "Performance_ExplorePostRoutePhysOpt" \
#     "Performance_Explore" \
#     "Performance_NetDelay_high" \
#     "Performance_WLBlockPlacement" \
#     "Vivado Implementation Defaults" \
# ]]
# set opt_directive [try_step_directive impl_1 STEPS.OPT_DESIGN.ARGS.DIRECTIVE "opt_design directive" [list Explore ExploreWithRemap AddRemap Default]]
# set place_directive [try_step_directive impl_1 STEPS.PLACE_DESIGN.ARGS.DIRECTIVE "place_design directive" [list ExtraNetDelay_high ExtraPostPlacementOpt Explore WLDrivenBlockPlacement Default]]
# set phys_directive [try_step_directive impl_1 STEPS.PHYS_OPT_DESIGN.ARGS.DIRECTIVE "phys_opt_design directive" [list AggressiveExplore Explore AggressiveFanoutOpt Default]]
# set route_directive [try_step_directive impl_1 STEPS.ROUTE_DESIGN.ARGS.DIRECTIVE "route_design directive" [list AggressiveExplore Explore NoTimingRelaxation Default]]
# if {[catch {set_property STEPS.PHYS_OPT_DESIGN.IS_ENABLED true [get_runs impl_1]} msg]} {
#     lappend fallback_log "phys_opt_design enable rejected: $msg"
# }
# if {[catch {set_property STEPS.POST_ROUTE_PHYS_OPT_DESIGN.IS_ENABLED true [get_runs impl_1]} msg]} {
#     lappend fallback_log "post_route_phys_opt_design enable rejected: $msg"
# }
# set post_route_phys_directive [try_step_directive impl_1 STEPS.POST_ROUTE_PHYS_OPT_DESIGN.ARGS.DIRECTIVE "post_route_phys_opt_design directive" [list AggressiveExplore Explore Default]]
# set strategy_log [file join $log_dir vivado_impl_strategy.txt]
# set strategy_fd [open $strategy_log w]
# puts $strategy_fd "GPTalk DMA Vivado build strategy"
# puts $strategy_fd "Project: $project_xpr"
# puts $strategy_fd [format "Control/dynclk clock target: %.3f MHz" $ctrl_clk_mhz]
# puts $strategy_fd "Control/dynclk actual FREQ_HZ: $ctrl_actual_freq_hz"
# puts $strategy_fd [format "PL clock target: %.3f MHz" $pl_clk_mhz]
# puts $strategy_fd "PL clock actual FREQ_HZ: $actual_freq_hz"
# puts $strategy_fd "Vivado jobs: $vivado_jobs"
# puts $strategy_fd "synth_1 strategy: $synth_strategy"
# puts $strategy_fd "impl_1 strategy: $impl_strategy"
# puts $strategy_fd "opt_design directive: $opt_directive"
# puts $strategy_fd "place_design directive: $place_directive"
# puts $strategy_fd "phys_opt_design directive: $phys_directive"
# puts $strategy_fd "route_design directive: $route_directive"
# puts $strategy_fd "post_route_phys_opt_design directive: $post_route_phys_directive"
# puts $strategy_fd ""
# puts $strategy_fd "Fallback notes:"
# if {[llength $fallback_log] == 0} {
#     puts $strategy_fd "- none"
# } else {
#     foreach item $fallback_log {
#         puts $strategy_fd "- $item"
#     }
# }
# close $strategy_fd
# reset_run_clean impl_1
# reset_run_clean synth_1
INFO: [Project 1-1161] Replacing file /run/media/pjs/6A43-DC8A/smollm2-zybo/hw/vivado_project/GPTalk.srcs/utils_1/imports/synth_1/design_1_wrapper.dcp with file /run/media/pjs/6A43-DC8A/smollm2-zybo/hw/vivado_project/GPTalk.runs/synth_1/design_1_wrapper.dcp
# set gemv_ooc_run design_1_gemv_q8_0_dma_top_0_0_synth_1
# if {[llength [get_runs -quiet $gemv_ooc_run]]} {
#     reset_run_clean $gemv_ooc_run
#     launch_runs $gemv_ooc_run -jobs $vivado_jobs
#     wait_on_run $gemv_ooc_run
#     assert_run_complete $gemv_ooc_run
# }
[Tue Jun 30 18:31:04 2026] Launched design_1_gemv_q8_0_dma_top_0_0_synth_1...
Run output will be captured here: /run/media/pjs/6A43-DC8A/smollm2-zybo/hw/vivado_project/GPTalk.runs/design_1_gemv_q8_0_dma_top_0_0_synth_1/runme.log
[Tue Jun 30 18:31:04 2026] Waiting for design_1_gemv_q8_0_dma_top_0_0_synth_1 to finish...

*** Running vivado
    with args -log design_1_gemv_q8_0_dma_top_0_0.vds -m64 -product Vivado -mode batch -messageDb vivado.pb -notrace -source design_1_gemv_q8_0_dma_top_0_0.tcl


****** Vivado v2024.2.2 (64-bit)
  **** SW Build 6060944 on Thu Mar 06 19:10:09 MST 2025
  **** IP Build 6050500 on Thu Mar  6 23:33:39 MST 2025
  **** SharedData Build 6060542 on Thu Mar 06 10:31:07 MST 2025
  **** Start of session at: Tue Jun 30 18:31:05 2026
    ** Copyright 1986-2022 Xilinx, Inc. All Rights Reserved.
    ** Copyright 2022-2025 Advanced Micro Devices, Inc. All Rights Reserved.

CRITICAL WARNING: [Common 17-741] No write access right to the local Tcl store at '/home/pjs/.Xilinx/Vivado/2024.2.2/XilinxTclStore'. XilinxTclStore is reverted to the installation area. If you want to use local Tcl Store, please change the access right and relaunch Vivado.
Sourcing tcl script '/home/pjs/.Xilinx/Vivado/Vivado_init.tcl'
source design_1_gemv_q8_0_dma_top_0_0.tcl -notrace
INFO: [IP_Flow 19-234] Refreshing IP repositories
INFO: [IP_Flow 19-1700] Loaded user IP repository '/run/media/pjs/6A43-DC8A/smollm2-zybo/third_party/digilent-vivado-library/if'.
INFO: [IP_Flow 19-1700] Loaded user IP repository '/run/media/pjs/6A43-DC8A/smollm2-zybo/third_party/digilent-vivado-library/ip'.
INFO: [IP_Flow 19-2313] Loaded Vivado IP repository '/tools/Xilinx/Vivado/2024.2/data/ip'.
Command: synth_design -top design_1_gemv_q8_0_dma_top_0_0 -part xc7z020clg400-1 -incremental_mode off -mode out_of_context
Starting synth_design
Attempting to get a license for feature 'Synthesis' and/or device 'xc7z020'
INFO: [Common 17-349] Got license for feature 'Synthesis' and/or device 'xc7z020'
INFO: [Device 21-403] Loading part xc7z020clg400-1
INFO: [Synth 8-7079] Multithreading enabled for synth_design using a maximum of 7 processes.
INFO: [Synth 8-7078] Launching helper process for spawning children vivado processes
INFO: [Synth 8-7075] Helper process launched with PID 435
---------------------------------------------------------------------------------
Starting RTL Elaboration : Time (s): cpu = 00:00:02 ; elapsed = 00:00:02 . Memory (MB): peak = 2006.668 ; gain = 419.711 ; free physical = 50161 ; free virtual = 65489
---------------------------------------------------------------------------------
INFO: [Synth 8-6157] synthesizing module 'design_1_gemv_q8_0_dma_top_0_0' [/run/media/pjs/6A43-DC8A/smollm2-zybo/hw/vivado_project/GPTalk.gen/sources_1/bd/design_1/ip/design_1_gemv_q8_0_dma_top_0_0/synth/design_1_gemv_q8_0_dma_top_0_0.v:53]
INFO: [Synth 8-6157] synthesizing module 'gemv_q8_0_dma_top' [/run/media/pjs/6A43-DC8A/smollm2-zybo/vivado_ip/rtl/gemv_q8_0_dma_top.v:11]
	Parameter C_S_AXI_DATA_WIDTH bound to: 32 - type: integer 
	Parameter C_S_AXI_ADDR_WIDTH bound to: 12 - type: integer 
	Parameter LANES bound to: 16 - type: integer 
	Parameter Q8_BLOCK_SIZE bound to: 32 - type: integer 
	Parameter INPUT_ADDR_WIDTH bound to: 16 - type: integer 
	Parameter VERSION bound to: 655361 - type: integer 
INFO: [Synth 8-6157] synthesizing module 'gemv_q8_0_ctrl_axi_lite' [/run/media/pjs/6A43-DC8A/smollm2-zybo/vivado_ip/rtl/gemv_q8_0_ctrl_axi_lite.v:7]
	Parameter C_S_AXI_DATA_WIDTH bound to: 32 - type: integer 
	Parameter C_S_AXI_ADDR_WIDTH bound to: 12 - type: integer 
	Parameter VERSION bound to: 655361 - type: integer 
INFO: [Synth 8-6155] done synthesizing module 'gemv_q8_0_ctrl_axi_lite' (0#1) [/run/media/pjs/6A43-DC8A/smollm2-zybo/vivado_ip/rtl/gemv_q8_0_ctrl_axi_lite.v:7]
INFO: [Synth 8-6157] synthesizing module 'gemv_q8_0_stream_core' [/run/media/pjs/6A43-DC8A/smollm2-zybo/vivado_ip/rtl/gemv_q8_0_stream_core.v:21]
	Parameter LANES bound to: 16 - type: integer 
	Parameter Q8_BLOCK_SIZE bound to: 32 - type: integer 
	Parameter TDATA_WIDTH bound to: 32 - type: integer 
	Parameter INPUT_ADDR_WIDTH bound to: 16 - type: integer 
	Parameter FEATURE_WIDTH bound to: 32 - type: integer 
	Parameter SCALE_SHIFT_WIDTH bound to: 6 - type: integer 
	Parameter SCALE_SHIFT_DEFAULT bound to: 20 - type: integer 
	Parameter ROW_ACC_WIDTH bound to: 64 - type: integer 
	Parameter ROUND_ENABLE bound to: 1 - type: integer 
INFO: [Synth 8-6155] done synthesizing module 'gemv_q8_0_stream_core' (0#1) [/run/media/pjs/6A43-DC8A/smollm2-zybo/vivado_ip/rtl/gemv_q8_0_stream_core.v:21]
INFO: [Synth 8-6155] done synthesizing module 'gemv_q8_0_dma_top' (0#1) [/run/media/pjs/6A43-DC8A/smollm2-zybo/vivado_ip/rtl/gemv_q8_0_dma_top.v:11]
INFO: [Synth 8-6155] done synthesizing module 'design_1_gemv_q8_0_dma_top_0_0' (0#1) [/run/media/pjs/6A43-DC8A/smollm2-zybo/hw/vivado_project/GPTalk.gen/sources_1/bd/design_1/ip/design_1_gemv_q8_0_dma_top_0_0/synth/design_1_gemv_q8_0_dma_top_0_0.v:53]
WARNING: [Synth 8-6014] Unused sequential element in_features_reg_reg was removed.  [/run/media/pjs/6A43-DC8A/smollm2-zybo/vivado_ip/rtl/gemv_q8_0_stream_core.v:214]
WARNING: [Synth 8-7129] Port S_AXI_AWPROT[2] in module gemv_q8_0_ctrl_axi_lite is either unconnected or has no load
WARNING: [Synth 8-7129] Port S_AXI_AWPROT[1] in module gemv_q8_0_ctrl_axi_lite is either unconnected or has no load
WARNING: [Synth 8-7129] Port S_AXI_AWPROT[0] in module gemv_q8_0_ctrl_axi_lite is either unconnected or has no load
WARNING: [Synth 8-7129] Port S_AXI_WSTRB[3] in module gemv_q8_0_ctrl_axi_lite is either unconnected or has no load
WARNING: [Synth 8-7129] Port S_AXI_WSTRB[2] in module gemv_q8_0_ctrl_axi_lite is either unconnected or has no load
WARNING: [Synth 8-7129] Port S_AXI_WSTRB[1] in module gemv_q8_0_ctrl_axi_lite is either unconnected or has no load
WARNING: [Synth 8-7129] Port S_AXI_WSTRB[0] in module gemv_q8_0_ctrl_axi_lite is either unconnected or has no load
WARNING: [Synth 8-7129] Port S_AXI_ARPROT[2] in module gemv_q8_0_ctrl_axi_lite is either unconnected or has no load
WARNING: [Synth 8-7129] Port S_AXI_ARPROT[1] in module gemv_q8_0_ctrl_axi_lite is either unconnected or has no load
WARNING: [Synth 8-7129] Port S_AXI_ARPROT[0] in module gemv_q8_0_ctrl_axi_lite is either unconnected or has no load
---------------------------------------------------------------------------------
Finished RTL Elaboration : Time (s): cpu = 00:00:03 ; elapsed = 00:00:03 . Memory (MB): peak = 2131.605 ; gain = 544.648 ; free physical = 50036 ; free virtual = 65365
---------------------------------------------------------------------------------
---------------------------------------------------------------------------------
Start Handling Custom Attributes
---------------------------------------------------------------------------------
---------------------------------------------------------------------------------
Finished Handling Custom Attributes : Time (s): cpu = 00:00:03 ; elapsed = 00:00:03 . Memory (MB): peak = 2146.449 ; gain = 559.492 ; free physical = 50036 ; free virtual = 65365
---------------------------------------------------------------------------------
---------------------------------------------------------------------------------
Finished RTL Optimization Phase 1 : Time (s): cpu = 00:00:03 ; elapsed = 00:00:03 . Memory (MB): peak = 2146.449 ; gain = 559.492 ; free physical = 50036 ; free virtual = 65365
---------------------------------------------------------------------------------
Netlist sorting complete. Time (s): cpu = 00:00:00.04 ; elapsed = 00:00:00.05 . Memory (MB): peak = 2146.449 ; gain = 0.000 ; free physical = 50054 ; free virtual = 65382
INFO: [Project 1-570] Preparing netlist for logic optimization

Processing XDC Constraints
Initializing timing engine
Completed Processing XDC Constraints

Netlist sorting complete. Time (s): cpu = 00:00:00 ; elapsed = 00:00:00 . Memory (MB): peak = 2258.188 ; gain = 0.000 ; free physical = 50146 ; free virtual = 65475
INFO: [Project 1-111] Unisim Transformation Summary:
No Unisim elements were transformed.

Constraint Validation Runtime : Time (s): cpu = 00:00:00.13 ; elapsed = 00:00:00.04 . Memory (MB): peak = 2258.188 ; gain = 0.000 ; free physical = 50146 ; free virtual = 65475
INFO: [Designutils 20-5008] Incremental synthesis strategy off
---------------------------------------------------------------------------------
Finished Constraint Validation : Time (s): cpu = 00:00:07 ; elapsed = 00:00:07 . Memory (MB): peak = 2258.188 ; gain = 671.230 ; free physical = 50136 ; free virtual = 65465
---------------------------------------------------------------------------------
---------------------------------------------------------------------------------
Start Loading Part and Timing Information
---------------------------------------------------------------------------------
Loading part: xc7z020clg400-1
---------------------------------------------------------------------------------
Finished Loading Part and Timing Information : Time (s): cpu = 00:00:07 ; elapsed = 00:00:07 . Memory (MB): peak = 2266.191 ; gain = 679.234 ; free physical = 50136 ; free virtual = 65465
---------------------------------------------------------------------------------
---------------------------------------------------------------------------------
Start Applying 'set_property' XDC Constraints
---------------------------------------------------------------------------------
---------------------------------------------------------------------------------
Finished applying 'set_property' XDC Constraints : Time (s): cpu = 00:00:07 ; elapsed = 00:00:07 . Memory (MB): peak = 2266.191 ; gain = 679.234 ; free physical = 50136 ; free virtual = 65465
---------------------------------------------------------------------------------
INFO: [Synth 8-802] inferred FSM for state register 'state_reg' in module 'gemv_q8_0_stream_core'
---------------------------------------------------------------------------------------------------
                   State |                     New Encoding |                Previous Encoding 
---------------------------------------------------------------------------------------------------
                 ST_IDLE |                             0000 |                             0000
                ST_SCALE |                             0001 |                             0001
          ST_WEIGHT_RECV |                             0010 |                             0010
           ST_INPUT_WAIT |                             0011 |                             1000
          ST_INPUT_WAIT2 |                             0100 |                             1100
         ST_WEIGHT_APPLY |                             0101 |                             0011
           ST_BLOCK_DONE |                             0110 |                             0100
           ST_EMIT_BLOCK |                             0111 |                             0111
            ST_SCALE_MUL |                             1000 |                             1001
          ST_SCALE_SHIFT |                             1001 |                             1010
          ST_SCALE_ACCUM |                             1010 |                             1011
          ST_AFTER_SCALE |                             1011 |                             0101
             ST_EMIT_ROW |                             1100 |                             0110
---------------------------------------------------------------------------------------------------
INFO: [Synth 8-3354] encoded FSM with state register 'state_reg' using encoding 'sequential' in module 'gemv_q8_0_stream_core'
---------------------------------------------------------------------------------
Finished RTL Optimization Phase 2 : Time (s): cpu = 00:00:08 ; elapsed = 00:00:08 . Memory (MB): peak = 2266.191 ; gain = 679.234 ; free physical = 50155 ; free virtual = 65477
---------------------------------------------------------------------------------
---------------------------------------------------------------------------------
Start RTL Component Statistics 
---------------------------------------------------------------------------------
Detailed RTL Component Info : 
+---Adders : 
	   2 Input   64 Bit       Adders := 48    
	   3 Input   64 Bit       Adders := 16    
	   2 Input   32 Bit       Adders := 5     
	   2 Input   17 Bit       Adders := 4     
	   2 Input   16 Bit       Adders := 4     
	   2 Input    6 Bit       Adders := 1     
+---Registers : 
	               64 Bit    Registers := 48    
	               32 Bit    Registers := 86    
	               16 Bit    Registers := 6     
	               12 Bit    Registers := 2     
	                8 Bit    Registers := 4     
	                6 Bit    Registers := 2     
	                4 Bit    Registers := 1     
	                2 Bit    Registers := 2     
	                1 Bit    Registers := 20    
+---Multipliers : 
	              32x32  Multipliers := 16    
+---Muxes : 
	   2 Input   64 Bit        Muxes := 16    
	  13 Input   64 Bit        Muxes := 16    
	   2 Input   32 Bit        Muxes := 46    
	  13 Input   32 Bit        Muxes := 26    
	   2 Input   16 Bit        Muxes := 4     
	  13 Input   16 Bit        Muxes := 5     
	  13 Input    8 Bit        Muxes := 1     
	  13 Input    4 Bit        Muxes := 2     
	   2 Input    4 Bit        Muxes := 8     
	   2 Input    2 Bit        Muxes := 1     
	   2 Input    1 Bit        Muxes := 76    
	  13 Input    1 Bit        Muxes := 66    
	  11 Input    1 Bit        Muxes := 11    
---------------------------------------------------------------------------------
Finished RTL Component Statistics 
---------------------------------------------------------------------------------
---------------------------------------------------------------------------------
Start Part Resource Summary
---------------------------------------------------------------------------------
Part Resources:
DSPs: 220 (col length:60)
BRAMs: 280 (col length: RAMB18 60 RAMB36 30)
---------------------------------------------------------------------------------
Finished Part Resource Summary
---------------------------------------------------------------------------------
---------------------------------------------------------------------------------
Start Cross Boundary and Area Optimization
---------------------------------------------------------------------------------
WARNING: [Synth 8-7080] Parallel synthesis criteria is not met
DSP Report: Generating DSP mul_i32_i32_to_i64_return, operation Mode is: A''*B''.
DSP Report: register block_acc_reg[1] is absorbed into DSP mul_i32_i32_to_i64_return.
DSP Report: register block_acc_stage_reg[1] is absorbed into DSP mul_i32_i32_to_i64_return.
DSP Report: register mul_i32_i32_to_i64_return is absorbed into DSP mul_i32_i32_to_i64_return.
DSP Report: register mul_i32_i32_to_i64_return is absorbed into DSP mul_i32_i32_to_i64_return.
DSP Report: operator mul_i32_i32_to_i64_return is absorbed into DSP mul_i32_i32_to_i64_return.
DSP Report: operator mul_i32_i32_to_i64_return is absorbed into DSP mul_i32_i32_to_i64_return.
DSP Report: Generating DSP scaled_product_reg[1], operation Mode is: (PCIN>>17)+A''*B''.
DSP Report: register scale_q_reg[1] is absorbed into DSP scaled_product_reg[1].
DSP Report: register scale_q_stage_reg[1] is absorbed into DSP scaled_product_reg[1].
DSP Report: register block_acc_reg[1] is absorbed into DSP scaled_product_reg[1].
DSP Report: register block_acc_stage_reg[1] is absorbed into DSP scaled_product_reg[1].
DSP Report: register scaled_product_reg[1] is absorbed into DSP scaled_product_reg[1].
DSP Report: operator mul_i32_i32_to_i64_return is absorbed into DSP scaled_product_reg[1].
DSP Report: operator mul_i32_i32_to_i64_return is absorbed into DSP scaled_product_reg[1].
DSP Report: Generating DSP mul_i32_i32_to_i64_return, operation Mode is: A''*B''.
DSP Report: register mul_i32_i32_to_i64_return is absorbed into DSP mul_i32_i32_to_i64_return.
DSP Report: register mul_i32_i32_to_i64_return is absorbed into DSP mul_i32_i32_to_i64_return.
DSP Report: register mul_i32_i32_to_i64_return is absorbed into DSP mul_i32_i32_to_i64_return.
DSP Report: register mul_i32_i32_to_i64_return is absorbed into DSP mul_i32_i32_to_i64_return.
DSP Report: operator mul_i32_i32_to_i64_return is absorbed into DSP mul_i32_i32_to_i64_return.
DSP Report: operator mul_i32_i32_to_i64_return is absorbed into DSP mul_i32_i32_to_i64_return.
DSP Report: Generating DSP scaled_product_reg[1], operation Mode is: (PCIN>>17)+A''*B''.
DSP Report: register scale_q_reg[1] is absorbed into DSP scaled_product_reg[1].
DSP Report: register scale_q_stage_reg[1] is absorbed into DSP scaled_product_reg[1].
DSP Report: register scaled_product_reg[1] is absorbed into DSP scaled_product_reg[1].
DSP Report: register scaled_product_reg[1] is absorbed into DSP scaled_product_reg[1].
DSP Report: register scaled_product_reg[1] is absorbed into DSP scaled_product_reg[1].
DSP Report: operator mul_i32_i32_to_i64_return is absorbed into DSP scaled_product_reg[1].
DSP Report: operator mul_i32_i32_to_i64_return is absorbed into DSP scaled_product_reg[1].
DSP Report: Generating DSP mul_i32_i32_to_i64_return, operation Mode is: A''*B''.
DSP Report: register block_acc_reg[2] is absorbed into DSP mul_i32_i32_to_i64_return.
DSP Report: register block_acc_stage_reg[2] is absorbed into DSP mul_i32_i32_to_i64_return.
DSP Report: register mul_i32_i32_to_i64_return is absorbed into DSP mul_i32_i32_to_i64_return.
DSP Report: register mul_i32_i32_to_i64_return is absorbed into DSP mul_i32_i32_to_i64_return.
DSP Report: operator mul_i32_i32_to_i64_return is absorbed into DSP mul_i32_i32_to_i64_return.
DSP Report: operator mul_i32_i32_to_i64_return is absorbed into DSP mul_i32_i32_to_i64_return.
DSP Report: Generating DSP scaled_product_reg[2], operation Mode is: (PCIN>>17)+A''*B''.
DSP Report: register scale_q_reg[2] is absorbed into DSP scaled_product_reg[2].
DSP Report: register scale_q_stage_reg[2] is absorbed into DSP scaled_product_reg[2].
DSP Report: register block_acc_reg[2] is absorbed into DSP scaled_product_reg[2].
DSP Report: register block_acc_stage_reg[2] is absorbed into DSP scaled_product_reg[2].
DSP Report: register scaled_product_reg[2] is absorbed into DSP scaled_product_reg[2].
DSP Report: operator mul_i32_i32_to_i64_return is absorbed into DSP scaled_product_reg[2].
DSP Report: operator mul_i32_i32_to_i64_return is absorbed into DSP scaled_product_reg[2].
DSP Report: Generating DSP mul_i32_i32_to_i64_return, operation Mode is: A''*B''.
DSP Report: register mul_i32_i32_to_i64_return is absorbed into DSP mul_i32_i32_to_i64_return.
DSP Report: register mul_i32_i32_to_i64_return is absorbed into DSP mul_i32_i32_to_i64_return.
DSP Report: register mul_i32_i32_to_i64_return is absorbed into DSP mul_i32_i32_to_i64_return.
DSP Report: register mul_i32_i32_to_i64_return is absorbed into DSP mul_i32_i32_to_i64_return.
DSP Report: operator mul_i32_i32_to_i64_return is absorbed into DSP mul_i32_i32_to_i64_return.
DSP Report: operator mul_i32_i32_to_i64_return is absorbed into DSP mul_i32_i32_to_i64_return.
DSP Report: Generating DSP scaled_product_reg[2], operation Mode is: (PCIN>>17)+A''*B''.
DSP Report: register scale_q_reg[2] is absorbed into DSP scaled_product_reg[2].
DSP Report: register scale_q_stage_reg[2] is absorbed into DSP scaled_product_reg[2].
DSP Report: register scaled_product_reg[2] is absorbed into DSP scaled_product_reg[2].
DSP Report: register scaled_product_reg[2] is absorbed into DSP scaled_product_reg[2].
DSP Report: register scaled_product_reg[2] is absorbed into DSP scaled_product_reg[2].
DSP Report: operator mul_i32_i32_to_i64_return is absorbed into DSP scaled_product_reg[2].
DSP Report: operator mul_i32_i32_to_i64_return is absorbed into DSP scaled_product_reg[2].
DSP Report: Generating DSP mul_i32_i32_to_i64_return, operation Mode is: A''*B''.
DSP Report: register block_acc_reg[9] is absorbed into DSP mul_i32_i32_to_i64_return.
DSP Report: register block_acc_stage_reg[9] is absorbed into DSP mul_i32_i32_to_i64_return.
DSP Report: register mul_i32_i32_to_i64_return is absorbed into DSP mul_i32_i32_to_i64_return.
DSP Report: register mul_i32_i32_to_i64_return is absorbed into DSP mul_i32_i32_to_i64_return.
DSP Report: operator mul_i32_i32_to_i64_return is absorbed into DSP mul_i32_i32_to_i64_return.
DSP Report: operator mul_i32_i32_to_i64_return is absorbed into DSP mul_i32_i32_to_i64_return.
DSP Report: Generating DSP scaled_product_reg[9], operation Mode is: (PCIN>>17)+A''*B''.
DSP Report: register scale_q_reg[9] is absorbed into DSP scaled_product_reg[9].
DSP Report: register scale_q_stage_reg[9] is absorbed into DSP scaled_product_reg[9].
DSP Report: register block_acc_reg[9] is absorbed into DSP scaled_product_reg[9].
DSP Report: register block_acc_stage_reg[9] is absorbed into DSP scaled_product_reg[9].
DSP Report: register scaled_product_reg[9] is absorbed into DSP scaled_product_reg[9].
DSP Report: operator mul_i32_i32_to_i64_return is absorbed into DSP scaled_product_reg[9].
DSP Report: operator mul_i32_i32_to_i64_return is absorbed into DSP scaled_product_reg[9].
DSP Report: Generating DSP mul_i32_i32_to_i64_return, operation Mode is: A''*B''.
DSP Report: register mul_i32_i32_to_i64_return is absorbed into DSP mul_i32_i32_to_i64_return.
DSP Report: register mul_i32_i32_to_i64_return is absorbed into DSP mul_i32_i32_to_i64_return.
DSP Report: register mul_i32_i32_to_i64_return is absorbed into DSP mul_i32_i32_to_i64_return.
DSP Report: register mul_i32_i32_to_i64_return is absorbed into DSP mul_i32_i32_to_i64_return.
DSP Report: operator mul_i32_i32_to_i64_return is absorbed into DSP mul_i32_i32_to_i64_return.
DSP Report: operator mul_i32_i32_to_i64_return is absorbed into DSP mul_i32_i32_to_i64_return.
DSP Report: Generating DSP scaled_product_reg[9], operation Mode is: (PCIN>>17)+A''*B''.
DSP Report: register scale_q_reg[9] is absorbed into DSP scaled_product_reg[9].
DSP Report: register scale_q_stage_reg[9] is absorbed into DSP scaled_product_reg[9].
DSP Report: register scaled_product_reg[9] is absorbed into DSP scaled_product_reg[9].
DSP Report: register scaled_product_reg[9] is absorbed into DSP scaled_product_reg[9].
DSP Report: register scaled_product_reg[9] is absorbed into DSP scaled_product_reg[9].
DSP Report: operator mul_i32_i32_to_i64_return is absorbed into DSP scaled_product_reg[9].
DSP Report: operator mul_i32_i32_to_i64_return is absorbed into DSP scaled_product_reg[9].
DSP Report: Generating DSP mul_i32_i32_to_i64_return, operation Mode is: A''*B''.
DSP Report: register block_acc_reg[10] is absorbed into DSP mul_i32_i32_to_i64_return.
DSP Report: register block_acc_stage_reg[10] is absorbed into DSP mul_i32_i32_to_i64_return.
DSP Report: register mul_i32_i32_to_i64_return is absorbed into DSP mul_i32_i32_to_i64_return.
DSP Report: register mul_i32_i32_to_i64_return is absorbed into DSP mul_i32_i32_to_i64_return.
DSP Report: operator mul_i32_i32_to_i64_return is absorbed into DSP mul_i32_i32_to_i64_return.
DSP Report: operator mul_i32_i32_to_i64_return is absorbed into DSP mul_i32_i32_to_i64_return.
DSP Report: Generating DSP scaled_product_reg[10], operation Mode is: (PCIN>>17)+A''*B''.
DSP Report: register scale_q_reg[10] is absorbed into DSP scaled_product_reg[10].
DSP Report: register scale_q_stage_reg[10] is absorbed into DSP scaled_product_reg[10].
DSP Report: register block_acc_reg[10] is absorbed into DSP scaled_product_reg[10].
DSP Report: register block_acc_stage_reg[10] is absorbed into DSP scaled_product_reg[10].
DSP Report: register scaled_product_reg[10] is absorbed into DSP scaled_product_reg[10].
DSP Report: operator mul_i32_i32_to_i64_return is absorbed into DSP scaled_product_reg[10].
DSP Report: operator mul_i32_i32_to_i64_return is absorbed into DSP scaled_product_reg[10].
DSP Report: Generating DSP mul_i32_i32_to_i64_return, operation Mode is: A''*B''.
DSP Report: register mul_i32_i32_to_i64_return is absorbed into DSP mul_i32_i32_to_i64_return.
DSP Report: register mul_i32_i32_to_i64_return is absorbed into DSP mul_i32_i32_to_i64_return.
DSP Report: register mul_i32_i32_to_i64_return is absorbed into DSP mul_i32_i32_to_i64_return.
DSP Report: register mul_i32_i32_to_i64_return is absorbed into DSP mul_i32_i32_to_i64_return.
DSP Report: operator mul_i32_i32_to_i64_return is absorbed into DSP mul_i32_i32_to_i64_return.
DSP Report: operator mul_i32_i32_to_i64_return is absorbed into DSP mul_i32_i32_to_i64_return.
DSP Report: Generating DSP scaled_product_reg[10], operation Mode is: (PCIN>>17)+A''*B''.
DSP Report: register scale_q_reg[10] is absorbed into DSP scaled_product_reg[10].
DSP Report: register scale_q_stage_reg[10] is absorbed into DSP scaled_product_reg[10].
DSP Report: register scaled_product_reg[10] is absorbed into DSP scaled_product_reg[10].
DSP Report: register scaled_product_reg[10] is absorbed into DSP scaled_product_reg[10].
DSP Report: register scaled_product_reg[10] is absorbed into DSP scaled_product_reg[10].
DSP Report: operator mul_i32_i32_to_i64_return is absorbed into DSP scaled_product_reg[10].
DSP Report: operator mul_i32_i32_to_i64_return is absorbed into DSP scaled_product_reg[10].
DSP Report: Generating DSP mul_i32_i32_to_i64_return, operation Mode is: A''*B''.
DSP Report: register block_acc_reg[11] is absorbed into DSP mul_i32_i32_to_i64_return.
DSP Report: register block_acc_stage_reg[11] is absorbed into DSP mul_i32_i32_to_i64_return.
DSP Report: register mul_i32_i32_to_i64_return is absorbed into DSP mul_i32_i32_to_i64_return.
DSP Report: register mul_i32_i32_to_i64_return is absorbed into DSP mul_i32_i32_to_i64_return.
DSP Report: operator mul_i32_i32_to_i64_return is absorbed into DSP mul_i32_i32_to_i64_return.
DSP Report: operator mul_i32_i32_to_i64_return is absorbed into DSP mul_i32_i32_to_i64_return.
DSP Report: Generating DSP scaled_product_reg[11], operation Mode is: (PCIN>>17)+A''*B''.
DSP Report: register scale_q_reg[11] is absorbed into DSP scaled_product_reg[11].
DSP Report: register scale_q_stage_reg[11] is absorbed into DSP scaled_product_reg[11].
DSP Report: register block_acc_reg[11] is absorbed into DSP scaled_product_reg[11].
DSP Report: register block_acc_stage_reg[11] is absorbed into DSP scaled_product_reg[11].
DSP Report: register scaled_product_reg[11] is absorbed into DSP scaled_product_reg[11].
DSP Report: operator mul_i32_i32_to_i64_return is absorbed into DSP scaled_product_reg[11].
DSP Report: operator mul_i32_i32_to_i64_return is absorbed into DSP scaled_product_reg[11].
DSP Report: Generating DSP mul_i32_i32_to_i64_return, operation Mode is: A''*B''.
DSP Report: register mul_i32_i32_to_i64_return is absorbed into DSP mul_i32_i32_to_i64_return.
DSP Report: register mul_i32_i32_to_i64_return is absorbed into DSP mul_i32_i32_to_i64_return.
DSP Report: register mul_i32_i32_to_i64_return is absorbed into DSP mul_i32_i32_to_i64_return.
DSP Report: register mul_i32_i32_to_i64_return is absorbed into DSP mul_i32_i32_to_i64_return.
DSP Report: operator mul_i32_i32_to_i64_return is absorbed into DSP mul_i32_i32_to_i64_return.
DSP Report: operator mul_i32_i32_to_i64_return is absorbed into DSP mul_i32_i32_to_i64_return.
DSP Report: Generating DSP scaled_product_reg[11], operation Mode is: (PCIN>>17)+A''*B''.
DSP Report: register scale_q_reg[11] is absorbed into DSP scaled_product_reg[11].
DSP Report: register scale_q_stage_reg[11] is absorbed into DSP scaled_product_reg[11].
DSP Report: register scaled_product_reg[11] is absorbed into DSP scaled_product_reg[11].
DSP Report: register scaled_product_reg[11] is absorbed into DSP scaled_product_reg[11].
DSP Report: register scaled_product_reg[11] is absorbed into DSP scaled_product_reg[11].
DSP Report: operator mul_i32_i32_to_i64_return is absorbed into DSP scaled_product_reg[11].
DSP Report: operator mul_i32_i32_to_i64_return is absorbed into DSP scaled_product_reg[11].
DSP Report: Generating DSP mul_i32_i32_to_i64_return, operation Mode is: A''*B''.
DSP Report: register block_acc_reg[5] is absorbed into DSP mul_i32_i32_to_i64_return.
DSP Report: register block_acc_stage_reg[5] is absorbed into DSP mul_i32_i32_to_i64_return.
DSP Report: register mul_i32_i32_to_i64_return is absorbed into DSP mul_i32_i32_to_i64_return.
DSP Report: register mul_i32_i32_to_i64_return is absorbed into DSP mul_i32_i32_to_i64_return.
DSP Report: operator mul_i32_i32_to_i64_return is absorbed into DSP mul_i32_i32_to_i64_return.
DSP Report: operator mul_i32_i32_to_i64_return is absorbed into DSP mul_i32_i32_to_i64_return.
DSP Report: Generating DSP scaled_product_reg[5], operation Mode is: (PCIN>>17)+A''*B''.
DSP Report: register scale_q_reg[5] is absorbed into DSP scaled_product_reg[5].
DSP Report: register scale_q_stage_reg[5] is absorbed into DSP scaled_product_reg[5].
DSP Report: register block_acc_reg[5] is absorbed into DSP scaled_product_reg[5].
DSP Report: register block_acc_stage_reg[5] is absorbed into DSP scaled_product_reg[5].
DSP Report: register scaled_product_reg[5] is absorbed into DSP scaled_product_reg[5].
DSP Report: operator mul_i32_i32_to_i64_return is absorbed into DSP scaled_product_reg[5].
DSP Report: operator mul_i32_i32_to_i64_return is absorbed into DSP scaled_product_reg[5].
DSP Report: Generating DSP mul_i32_i32_to_i64_return, operation Mode is: A''*B''.
DSP Report: register mul_i32_i32_to_i64_return is absorbed into DSP mul_i32_i32_to_i64_return.
DSP Report: register mul_i32_i32_to_i64_return is absorbed into DSP mul_i32_i32_to_i64_return.
DSP Report: register mul_i32_i32_to_i64_return is absorbed into DSP mul_i32_i32_to_i64_return.
DSP Report: register mul_i32_i32_to_i64_return is absorbed into DSP mul_i32_i32_to_i64_return.
DSP Report: operator mul_i32_i32_to_i64_return is absorbed into DSP mul_i32_i32_to_i64_return.
DSP Report: operator mul_i32_i32_to_i64_return is absorbed into DSP mul_i32_i32_to_i64_return.
DSP Report: Generating DSP scaled_product_reg[5], operation Mode is: (PCIN>>17)+A''*B''.
DSP Report: register scale_q_reg[5] is absorbed into DSP scaled_product_reg[5].
DSP Report: register scale_q_stage_reg[5] is absorbed into DSP scaled_product_reg[5].
DSP Report: register scaled_product_reg[5] is absorbed into DSP scaled_product_reg[5].
DSP Report: register scaled_product_reg[5] is absorbed into DSP scaled_product_reg[5].
DSP Report: register scaled_product_reg[5] is absorbed into DSP scaled_product_reg[5].
DSP Report: operator mul_i32_i32_to_i64_return is absorbed into DSP scaled_product_reg[5].
DSP Report: operator mul_i32_i32_to_i64_return is absorbed into DSP scaled_product_reg[5].
DSP Report: Generating DSP mul_i32_i32_to_i64_return, operation Mode is: A''*B''.
DSP Report: register block_acc_reg[6] is absorbed into DSP mul_i32_i32_to_i64_return.
DSP Report: register block_acc_stage_reg[6] is absorbed into DSP mul_i32_i32_to_i64_return.
DSP Report: register mul_i32_i32_to_i64_return is absorbed into DSP mul_i32_i32_to_i64_return.
DSP Report: register mul_i32_i32_to_i64_return is absorbed into DSP mul_i32_i32_to_i64_return.
DSP Report: operator mul_i32_i32_to_i64_return is absorbed into DSP mul_i32_i32_to_i64_return.
DSP Report: operator mul_i32_i32_to_i64_return is absorbed into DSP mul_i32_i32_to_i64_return.
DSP Report: Generating DSP scaled_product_reg[6], operation Mode is: (PCIN>>17)+A''*B''.
DSP Report: register scale_q_reg[6] is absorbed into DSP scaled_product_reg[6].
DSP Report: register scale_q_stage_reg[6] is absorbed into DSP scaled_product_reg[6].
DSP Report: register block_acc_reg[6] is absorbed into DSP scaled_product_reg[6].
DSP Report: register block_acc_stage_reg[6] is absorbed into DSP scaled_product_reg[6].
DSP Report: register scaled_product_reg[6] is absorbed into DSP scaled_product_reg[6].
DSP Report: operator mul_i32_i32_to_i64_return is absorbed into DSP scaled_product_reg[6].
DSP Report: operator mul_i32_i32_to_i64_return is absorbed into DSP scaled_product_reg[6].
DSP Report: Generating DSP mul_i32_i32_to_i64_return, operation Mode is: A''*B''.
DSP Report: register mul_i32_i32_to_i64_return is absorbed into DSP mul_i32_i32_to_i64_return.
DSP Report: register mul_i32_i32_to_i64_return is absorbed into DSP mul_i32_i32_to_i64_return.
DSP Report: register mul_i32_i32_to_i64_return is absorbed into DSP mul_i32_i32_to_i64_return.
DSP Report: register mul_i32_i32_to_i64_return is absorbed into DSP mul_i32_i32_to_i64_return.
DSP Report: operator mul_i32_i32_to_i64_return is absorbed into DSP mul_i32_i32_to_i64_return.
DSP Report: operator mul_i32_i32_to_i64_return is absorbed into DSP mul_i32_i32_to_i64_return.
DSP Report: Generating DSP scaled_product_reg[6], operation Mode is: (PCIN>>17)+A''*B''.
DSP Report: register scale_q_reg[6] is absorbed into DSP scaled_product_reg[6].
DSP Report: register scale_q_stage_reg[6] is absorbed into DSP scaled_product_reg[6].
DSP Report: register scaled_product_reg[6] is absorbed into DSP scaled_product_reg[6].
DSP Report: register scaled_product_reg[6] is absorbed into DSP scaled_product_reg[6].
DSP Report: register scaled_product_reg[6] is absorbed into DSP scaled_product_reg[6].
DSP Report: operator mul_i32_i32_to_i64_return is absorbed into DSP scaled_product_reg[6].
DSP Report: operator mul_i32_i32_to_i64_return is absorbed into DSP scaled_product_reg[6].
DSP Report: Generating DSP mul_i32_i32_to_i64_return, operation Mode is: A''*B''.
DSP Report: register block_acc_reg[8] is absorbed into DSP mul_i32_i32_to_i64_return.
DSP Report: register block_acc_stage_reg[8] is absorbed into DSP mul_i32_i32_to_i64_return.
DSP Report: register mul_i32_i32_to_i64_return is absorbed into DSP mul_i32_i32_to_i64_return.
DSP Report: register mul_i32_i32_to_i64_return is absorbed into DSP mul_i32_i32_to_i64_return.
DSP Report: operator mul_i32_i32_to_i64_return is absorbed into DSP mul_i32_i32_to_i64_return.
DSP Report: operator mul_i32_i32_to_i64_return is absorbed into DSP mul_i32_i32_to_i64_return.
DSP Report: Generating DSP scaled_product_reg[8], operation Mode is: (PCIN>>17)+A''*B''.
DSP Report: register scale_q_reg[8] is absorbed into DSP scaled_product_reg[8].
DSP Report: register scale_q_stage_reg[8] is absorbed into DSP scaled_product_reg[8].
DSP Report: register block_acc_reg[8] is absorbed into DSP scaled_product_reg[8].
DSP Report: register block_acc_stage_reg[8] is absorbed into DSP scaled_product_reg[8].
DSP Report: register scaled_product_reg[8] is absorbed into DSP scaled_product_reg[8].
DSP Report: operator mul_i32_i32_to_i64_return is absorbed into DSP scaled_product_reg[8].
DSP Report: operator mul_i32_i32_to_i64_return is absorbed into DSP scaled_product_reg[8].
DSP Report: Generating DSP mul_i32_i32_to_i64_return, operation Mode is: A''*B''.
DSP Report: register mul_i32_i32_to_i64_return is absorbed into DSP mul_i32_i32_to_i64_return.
DSP Report: register mul_i32_i32_to_i64_return is absorbed into DSP mul_i32_i32_to_i64_return.
DSP Report: register mul_i32_i32_to_i64_return is absorbed into DSP mul_i32_i32_to_i64_return.
DSP Report: register mul_i32_i32_to_i64_return is absorbed into DSP mul_i32_i32_to_i64_return.
DSP Report: operator mul_i32_i32_to_i64_return is absorbed into DSP mul_i32_i32_to_i64_return.
DSP Report: operator mul_i32_i32_to_i64_return is absorbed into DSP mul_i32_i32_to_i64_return.
DSP Report: Generating DSP scaled_product_reg[8], operation Mode is: (PCIN>>17)+A''*B''.
DSP Report: register scale_q_reg[8] is absorbed into DSP scaled_product_reg[8].
DSP Report: register scale_q_stage_reg[8] is absorbed into DSP scaled_product_reg[8].
DSP Report: register scaled_product_reg[8] is absorbed into DSP scaled_product_reg[8].
DSP Report: register scaled_product_reg[8] is absorbed into DSP scaled_product_reg[8].
DSP Report: register scaled_product_reg[8] is absorbed into DSP scaled_product_reg[8].
DSP Report: operator mul_i32_i32_to_i64_return is absorbed into DSP scaled_product_reg[8].
DSP Report: operator mul_i32_i32_to_i64_return is absorbed into DSP scaled_product_reg[8].
DSP Report: Generating DSP mul_i32_i32_to_i64_return, operation Mode is: A''*B''.
DSP Report: register block_acc_reg[7] is absorbed into DSP mul_i32_i32_to_i64_return.
DSP Report: register block_acc_stage_reg[7] is absorbed into DSP mul_i32_i32_to_i64_return.
DSP Report: register mul_i32_i32_to_i64_return is absorbed into DSP mul_i32_i32_to_i64_return.
DSP Report: register mul_i32_i32_to_i64_return is absorbed into DSP mul_i32_i32_to_i64_return.
DSP Report: operator mul_i32_i32_to_i64_return is absorbed into DSP mul_i32_i32_to_i64_return.
DSP Report: operator mul_i32_i32_to_i64_return is absorbed into DSP mul_i32_i32_to_i64_return.
DSP Report: Generating DSP scaled_product_reg[7], operation Mode is: (PCIN>>17)+A''*B''.
DSP Report: register scale_q_reg[7] is absorbed into DSP scaled_product_reg[7].
DSP Report: register scale_q_stage_reg[7] is absorbed into DSP scaled_product_reg[7].
DSP Report: register block_acc_reg[7] is absorbed into DSP scaled_product_reg[7].
DSP Report: register block_acc_stage_reg[7] is absorbed into DSP scaled_product_reg[7].
DSP Report: register scaled_product_reg[7] is absorbed into DSP scaled_product_reg[7].
DSP Report: operator mul_i32_i32_to_i64_return is absorbed into DSP scaled_product_reg[7].
DSP Report: operator mul_i32_i32_to_i64_return is absorbed into DSP scaled_product_reg[7].
DSP Report: Generating DSP mul_i32_i32_to_i64_return, operation Mode is: A''*B''.
DSP Report: register mul_i32_i32_to_i64_return is absorbed into DSP mul_i32_i32_to_i64_return.
DSP Report: register mul_i32_i32_to_i64_return is absorbed into DSP mul_i32_i32_to_i64_return.
DSP Report: register mul_i32_i32_to_i64_return is absorbed into DSP mul_i32_i32_to_i64_return.
DSP Report: register mul_i32_i32_to_i64_return is absorbed into DSP mul_i32_i32_to_i64_return.
DSP Report: operator mul_i32_i32_to_i64_return is absorbed into DSP mul_i32_i32_to_i64_return.
DSP Report: operator mul_i32_i32_to_i64_return is absorbed into DSP mul_i32_i32_to_i64_return.
DSP Report: Generating DSP scaled_product_reg[7], operation Mode is: (PCIN>>17)+A''*B''.
DSP Report: register scale_q_reg[7] is absorbed into DSP scaled_product_reg[7].
DSP Report: register scale_q_stage_reg[7] is absorbed into DSP scaled_product_reg[7].
DSP Report: register scaled_product_reg[7] is absorbed into DSP scaled_product_reg[7].
DSP Report: register scaled_product_reg[7] is absorbed into DSP scaled_product_reg[7].
DSP Report: register scaled_product_reg[7] is absorbed into DSP scaled_product_reg[7].
DSP Report: operator mul_i32_i32_to_i64_return is absorbed into DSP scaled_product_reg[7].
DSP Report: operator mul_i32_i32_to_i64_return is absorbed into DSP scaled_product_reg[7].
DSP Report: Generating DSP mul_i32_i32_to_i64_return, operation Mode is: A''*B.
DSP Report: register mul_i32_i32_to_i64_return is absorbed into DSP mul_i32_i32_to_i64_return.
DSP Report: register mul_i32_i32_to_i64_return is absorbed into DSP mul_i32_i32_to_i64_return.
DSP Report: operator mul_i32_i32_to_i64_return is absorbed into DSP mul_i32_i32_to_i64_return.
DSP Report: operator mul_i32_i32_to_i64_return is absorbed into DSP mul_i32_i32_to_i64_return.
DSP Report: Generating DSP scaled_product_reg[3], operation Mode is: (PCIN>>17)+A*B2.
DSP Report: register scale_q_stage_reg[3] is absorbed into DSP scaled_product_reg[3].
DSP Report: register scaled_product_reg[3] is absorbed into DSP scaled_product_reg[3].
DSP Report: operator mul_i32_i32_to_i64_return is absorbed into DSP scaled_product_reg[3].
DSP Report: operator mul_i32_i32_to_i64_return is absorbed into DSP scaled_product_reg[3].
DSP Report: Generating DSP mul_i32_i32_to_i64_return, operation Mode is: A2*B''.
DSP Report: register mul_i32_i32_to_i64_return is absorbed into DSP mul_i32_i32_to_i64_return.
DSP Report: register mul_i32_i32_to_i64_return is absorbed into DSP mul_i32_i32_to_i64_return.
DSP Report: register mul_i32_i32_to_i64_return is absorbed into DSP mul_i32_i32_to_i64_return.
DSP Report: operator mul_i32_i32_to_i64_return is absorbed into DSP mul_i32_i32_to_i64_return.
DSP Report: operator mul_i32_i32_to_i64_return is absorbed into DSP mul_i32_i32_to_i64_return.
DSP Report: Generating DSP scaled_product_reg[3], operation Mode is: (PCIN>>17)+A2*B2.
DSP Report: register scale_q_stage_reg[3] is absorbed into DSP scaled_product_reg[3].
DSP Report: register scaled_product_reg[3] is absorbed into DSP scaled_product_reg[3].
DSP Report: register scaled_product_reg[3] is absorbed into DSP scaled_product_reg[3].
DSP Report: operator mul_i32_i32_to_i64_return is absorbed into DSP scaled_product_reg[3].
DSP Report: operator mul_i32_i32_to_i64_return is absorbed into DSP scaled_product_reg[3].
DSP Report: Generating DSP p_0_out, operation Mode is: C+A*B2.
DSP Report: register weight_word_reg_reg is absorbed into DSP p_0_out.
DSP Report: operator p_0_out is absorbed into DSP p_0_out.
DSP Report: operator mul_i16_i8_to_i32_return is absorbed into DSP p_0_out.
DSP Report: Generating DSP p_0_out, operation Mode is: C+A*B2.
DSP Report: register B is absorbed into DSP p_0_out.
DSP Report: operator p_0_out is absorbed into DSP p_0_out.
DSP Report: operator mul_i16_i8_to_i32_return is absorbed into DSP p_0_out.
DSP Report: Generating DSP p_0_out, operation Mode is: C+A*B2.
DSP Report: register B is absorbed into DSP p_0_out.
DSP Report: operator p_0_out is absorbed into DSP p_0_out.
DSP Report: operator mul_i16_i8_to_i32_return is absorbed into DSP p_0_out.
DSP Report: Generating DSP p_0_out, operation Mode is: C+A*B2.
DSP Report: register B is absorbed into DSP p_0_out.
DSP Report: operator p_0_out is absorbed into DSP p_0_out.
DSP Report: operator mul_i16_i8_to_i32_return is absorbed into DSP p_0_out.
DSP Report: Generating DSP mul_i32_i32_to_i64_return, operation Mode is: A''*B.
DSP Report: register mul_i32_i32_to_i64_return is absorbed into DSP mul_i32_i32_to_i64_return.
DSP Report: register mul_i32_i32_to_i64_return is absorbed into DSP mul_i32_i32_to_i64_return.
DSP Report: operator mul_i32_i32_to_i64_return is absorbed into DSP mul_i32_i32_to_i64_return.
DSP Report: operator mul_i32_i32_to_i64_return is absorbed into DSP mul_i32_i32_to_i64_return.
DSP Report: Generating DSP scaled_product_reg[12], operation Mode is: (PCIN>>17)+A*B2.
DSP Report: register scale_q_stage_reg[12] is absorbed into DSP scaled_product_reg[12].
DSP Report: register scaled_product_reg[12] is absorbed into DSP scaled_product_reg[12].
DSP Report: operator mul_i32_i32_to_i64_return is absorbed into DSP scaled_product_reg[12].
DSP Report: operator mul_i32_i32_to_i64_return is absorbed into DSP scaled_product_reg[12].
DSP Report: Generating DSP mul_i32_i32_to_i64_return, operation Mode is: A2*B''.
DSP Report: register mul_i32_i32_to_i64_return is absorbed into DSP mul_i32_i32_to_i64_return.
DSP Report: register mul_i32_i32_to_i64_return is absorbed into DSP mul_i32_i32_to_i64_return.
DSP Report: register mul_i32_i32_to_i64_return is absorbed into DSP mul_i32_i32_to_i64_return.
DSP Report: operator mul_i32_i32_to_i64_return is absorbed into DSP mul_i32_i32_to_i64_return.
DSP Report: operator mul_i32_i32_to_i64_return is absorbed into DSP mul_i32_i32_to_i64_return.
DSP Report: Generating DSP scaled_product_reg[12], operation Mode is: (PCIN>>17)+A2*B2.
DSP Report: register scale_q_stage_reg[12] is absorbed into DSP scaled_product_reg[12].
DSP Report: register scaled_product_reg[12] is absorbed into DSP scaled_product_reg[12].
DSP Report: register scaled_product_reg[12] is absorbed into DSP scaled_product_reg[12].
DSP Report: operator mul_i32_i32_to_i64_return is absorbed into DSP scaled_product_reg[12].
DSP Report: operator mul_i32_i32_to_i64_return is absorbed into DSP scaled_product_reg[12].
DSP Report: Generating DSP mul_i32_i32_to_i64_return, operation Mode is: A''*B.
DSP Report: register mul_i32_i32_to_i64_return is absorbed into DSP mul_i32_i32_to_i64_return.
DSP Report: register mul_i32_i32_to_i64_return is absorbed into DSP mul_i32_i32_to_i64_return.
DSP Report: operator mul_i32_i32_to_i64_return is absorbed into DSP mul_i32_i32_to_i64_return.
DSP Report: operator mul_i32_i32_to_i64_return is absorbed into DSP mul_i32_i32_to_i64_return.
DSP Report: Generating DSP scaled_product_reg[15], operation Mode is: (PCIN>>17)+A*B2.
DSP Report: register scale_q_stage_reg[15] is absorbed into DSP scaled_product_reg[15].
DSP Report: register scaled_product_reg[15] is absorbed into DSP scaled_product_reg[15].
DSP Report: operator mul_i32_i32_to_i64_return is absorbed into DSP scaled_product_reg[15].
DSP Report: operator mul_i32_i32_to_i64_return is absorbed into DSP scaled_product_reg[15].
DSP Report: Generating DSP mul_i32_i32_to_i64_return, operation Mode is: A*B''.
DSP Report: register mul_i32_i32_to_i64_return is absorbed into DSP mul_i32_i32_to_i64_return.
DSP Report: register mul_i32_i32_to_i64_return is absorbed into DSP mul_i32_i32_to_i64_return.
DSP Report: operator mul_i32_i32_to_i64_return is absorbed into DSP mul_i32_i32_to_i64_return.
DSP Report: operator mul_i32_i32_to_i64_return is absorbed into DSP mul_i32_i32_to_i64_return.
DSP Report: Generating DSP scaled_product_reg[15], operation Mode is: (PCIN>>17)+A*B2.
DSP Report: register scale_q_stage_reg[15] is absorbed into DSP scaled_product_reg[15].
DSP Report: register scaled_product_reg[15] is absorbed into DSP scaled_product_reg[15].
DSP Report: operator mul_i32_i32_to_i64_return is absorbed into DSP scaled_product_reg[15].
DSP Report: operator mul_i32_i32_to_i64_return is absorbed into DSP scaled_product_reg[15].
DSP Report: Generating DSP mul_i32_i32_to_i64_return, operation Mode is: A''*B.
DSP Report: register mul_i32_i32_to_i64_return is absorbed into DSP mul_i32_i32_to_i64_return.
DSP Report: register mul_i32_i32_to_i64_return is absorbed into DSP mul_i32_i32_to_i64_return.
DSP Report: operator mul_i32_i32_to_i64_return is absorbed into DSP mul_i32_i32_to_i64_return.
DSP Report: operator mul_i32_i32_to_i64_return is absorbed into DSP mul_i32_i32_to_i64_return.
DSP Report: Generating DSP scaled_product_reg[14], operation Mode is: (PCIN>>17)+A*B2.
DSP Report: register scale_q_stage_reg[14] is absorbed into DSP scaled_product_reg[14].
DSP Report: register scaled_product_reg[14] is absorbed into DSP scaled_product_reg[14].
DSP Report: operator mul_i32_i32_to_i64_return is absorbed into DSP scaled_product_reg[14].
DSP Report: operator mul_i32_i32_to_i64_return is absorbed into DSP scaled_product_reg[14].
DSP Report: Generating DSP mul_i32_i32_to_i64_return, operation Mode is: A*B''.
DSP Report: register mul_i32_i32_to_i64_return is absorbed into DSP mul_i32_i32_to_i64_return.
DSP Report: register mul_i32_i32_to_i64_return is absorbed into DSP mul_i32_i32_to_i64_return.
DSP Report: operator mul_i32_i32_to_i64_return is absorbed into DSP mul_i32_i32_to_i64_return.
DSP Report: operator mul_i32_i32_to_i64_return is absorbed into DSP mul_i32_i32_to_i64_return.
DSP Report: Generating DSP scaled_product_reg[14], operation Mode is: (PCIN>>17)+A*B2.
DSP Report: register scale_q_stage_reg[14] is absorbed into DSP scaled_product_reg[14].
DSP Report: register scaled_product_reg[14] is absorbed into DSP scaled_product_reg[14].
DSP Report: operator mul_i32_i32_to_i64_return is absorbed into DSP scaled_product_reg[14].
DSP Report: operator mul_i32_i32_to_i64_return is absorbed into DSP scaled_product_reg[14].
DSP Report: Generating DSP mul_i32_i32_to_i64_return, operation Mode is: A''*B.
DSP Report: register mul_i32_i32_to_i64_return is absorbed into DSP mul_i32_i32_to_i64_return.
DSP Report: register mul_i32_i32_to_i64_return is absorbed into DSP mul_i32_i32_to_i64_return.
DSP Report: operator mul_i32_i32_to_i64_return is absorbed into DSP mul_i32_i32_to_i64_return.
DSP Report: operator mul_i32_i32_to_i64_return is absorbed into DSP mul_i32_i32_to_i64_return.
DSP Report: Generating DSP scaled_product_reg[13], operation Mode is: (PCIN>>17)+A*B2.
DSP Report: register scale_q_stage_reg[13] is absorbed into DSP scaled_product_reg[13].
DSP Report: register scaled_product_reg[13] is absorbed into DSP scaled_product_reg[13].
DSP Report: operator mul_i32_i32_to_i64_return is absorbed into DSP scaled_product_reg[13].
DSP Report: operator mul_i32_i32_to_i64_return is absorbed into DSP scaled_product_reg[13].
DSP Report: Generating DSP mul_i32_i32_to_i64_return, operation Mode is: A*B''.
DSP Report: register mul_i32_i32_to_i64_return is absorbed into DSP mul_i32_i32_to_i64_return.
DSP Report: register mul_i32_i32_to_i64_return is absorbed into DSP mul_i32_i32_to_i64_return.
DSP Report: operator mul_i32_i32_to_i64_return is absorbed into DSP mul_i32_i32_to_i64_return.
DSP Report: operator mul_i32_i32_to_i64_return is absorbed into DSP mul_i32_i32_to_i64_return.
DSP Report: Generating DSP scaled_product_reg[13], operation Mode is: (PCIN>>17)+A*B2.
DSP Report: register scale_q_stage_reg[13] is absorbed into DSP scaled_product_reg[13].
DSP Report: register scaled_product_reg[13] is absorbed into DSP scaled_product_reg[13].
DSP Report: operator mul_i32_i32_to_i64_return is absorbed into DSP scaled_product_reg[13].
DSP Report: operator mul_i32_i32_to_i64_return is absorbed into DSP scaled_product_reg[13].
DSP Report: Generating DSP mul_i32_i32_to_i64_return, operation Mode is: A''*B.
DSP Report: register mul_i32_i32_to_i64_return is absorbed into DSP mul_i32_i32_to_i64_return.
DSP Report: register mul_i32_i32_to_i64_return is absorbed into DSP mul_i32_i32_to_i64_return.
DSP Report: operator mul_i32_i32_to_i64_return is absorbed into DSP mul_i32_i32_to_i64_return.
DSP Report: operator mul_i32_i32_to_i64_return is absorbed into DSP mul_i32_i32_to_i64_return.
DSP Report: Generating DSP scaled_product_reg[4], operation Mode is: (PCIN>>17)+A*B2.
DSP Report: register scale_q_stage_reg[4] is absorbed into DSP scaled_product_reg[4].
DSP Report: register scaled_product_reg[4] is absorbed into DSP scaled_product_reg[4].
DSP Report: operator mul_i32_i32_to_i64_return is absorbed into DSP scaled_product_reg[4].
DSP Report: operator mul_i32_i32_to_i64_return is absorbed into DSP scaled_product_reg[4].
DSP Report: Generating DSP mul_i32_i32_to_i64_return, operation Mode is: A*B''.
DSP Report: register mul_i32_i32_to_i64_return is absorbed into DSP mul_i32_i32_to_i64_return.
DSP Report: register mul_i32_i32_to_i64_return is absorbed into DSP mul_i32_i32_to_i64_return.
DSP Report: operator mul_i32_i32_to_i64_return is absorbed into DSP mul_i32_i32_to_i64_return.
DSP Report: operator mul_i32_i32_to_i64_return is absorbed into DSP mul_i32_i32_to_i64_return.
DSP Report: Generating DSP scaled_product_reg[4], operation Mode is: (PCIN>>17)+A*B2.
DSP Report: register scale_q_stage_reg[4] is absorbed into DSP scaled_product_reg[4].
DSP Report: register scaled_product_reg[4] is absorbed into DSP scaled_product_reg[4].
DSP Report: operator mul_i32_i32_to_i64_return is absorbed into DSP scaled_product_reg[4].
DSP Report: operator mul_i32_i32_to_i64_return is absorbed into DSP scaled_product_reg[4].
DSP Report: Generating DSP mul_i32_i32_to_i64_return, operation Mode is: A''*B.
DSP Report: register mul_i32_i32_to_i64_return is absorbed into DSP mul_i32_i32_to_i64_return.
DSP Report: register mul_i32_i32_to_i64_return is absorbed into DSP mul_i32_i32_to_i64_return.
DSP Report: operator mul_i32_i32_to_i64_return is absorbed into DSP mul_i32_i32_to_i64_return.
DSP Report: operator mul_i32_i32_to_i64_return is absorbed into DSP mul_i32_i32_to_i64_return.
DSP Report: Generating DSP scaled_product_reg[0], operation Mode is: (PCIN>>17)+A*B2.
DSP Report: register scale_q_stage_reg[0] is absorbed into DSP scaled_product_reg[0].
DSP Report: register scaled_product_reg[0] is absorbed into DSP scaled_product_reg[0].
DSP Report: operator mul_i32_i32_to_i64_return is absorbed into DSP scaled_product_reg[0].
DSP Report: operator mul_i32_i32_to_i64_return is absorbed into DSP scaled_product_reg[0].
DSP Report: Generating DSP mul_i32_i32_to_i64_return, operation Mode is: A*B''.
DSP Report: register mul_i32_i32_to_i64_return is absorbed into DSP mul_i32_i32_to_i64_return.
DSP Report: register mul_i32_i32_to_i64_return is absorbed into DSP mul_i32_i32_to_i64_return.
DSP Report: operator mul_i32_i32_to_i64_return is absorbed into DSP mul_i32_i32_to_i64_return.
DSP Report: operator mul_i32_i32_to_i64_return is absorbed into DSP mul_i32_i32_to_i64_return.
DSP Report: Generating DSP scaled_product_reg[0], operation Mode is: (PCIN>>17)+A*B2.
DSP Report: register scale_q_stage_reg[0] is absorbed into DSP scaled_product_reg[0].
DSP Report: register scaled_product_reg[0] is absorbed into DSP scaled_product_reg[0].
DSP Report: operator mul_i32_i32_to_i64_return is absorbed into DSP scaled_product_reg[0].
DSP Report: operator mul_i32_i32_to_i64_return is absorbed into DSP scaled_product_reg[0].
INFO: [Synth 8-3917] design design_1_gemv_q8_0_dma_top_0_0 has port M_AXIS_TKEEP[3] driven by constant 1
INFO: [Synth 8-3917] design design_1_gemv_q8_0_dma_top_0_0 has port M_AXIS_TKEEP[2] driven by constant 1
INFO: [Synth 8-3917] design design_1_gemv_q8_0_dma_top_0_0 has port M_AXIS_TKEEP[1] driven by constant 1
INFO: [Synth 8-3917] design design_1_gemv_q8_0_dma_top_0_0 has port M_AXIS_TKEEP[0] driven by constant 1
INFO: [Synth 8-3917] design design_1_gemv_q8_0_dma_top_0_0 has port INPUT_BRAM_WE[3] driven by constant 0
INFO: [Synth 8-3917] design design_1_gemv_q8_0_dma_top_0_0 has port INPUT_BRAM_WE[2] driven by constant 0
INFO: [Synth 8-3917] design design_1_gemv_q8_0_dma_top_0_0 has port INPUT_BRAM_WE[1] driven by constant 0
INFO: [Synth 8-3917] design design_1_gemv_q8_0_dma_top_0_0 has port INPUT_BRAM_WE[0] driven by constant 0
INFO: [Synth 8-3917] design design_1_gemv_q8_0_dma_top_0_0 has port INPUT_BRAM_ADDR[31] driven by constant 0
INFO: [Synth 8-3917] design design_1_gemv_q8_0_dma_top_0_0 has port INPUT_BRAM_ADDR[30] driven by constant 0
INFO: [Synth 8-3917] design design_1_gemv_q8_0_dma_top_0_0 has port INPUT_BRAM_ADDR[29] driven by constant 0
INFO: [Synth 8-3917] design design_1_gemv_q8_0_dma_top_0_0 has port INPUT_BRAM_ADDR[28] driven by constant 0
INFO: [Synth 8-3917] design design_1_gemv_q8_0_dma_top_0_0 has port INPUT_BRAM_ADDR[27] driven by constant 0
INFO: [Synth 8-3917] design design_1_gemv_q8_0_dma_top_0_0 has port INPUT_BRAM_ADDR[26] driven by constant 0
INFO: [Synth 8-3917] design design_1_gemv_q8_0_dma_top_0_0 has port INPUT_BRAM_ADDR[25] driven by constant 0
INFO: [Synth 8-3917] design design_1_gemv_q8_0_dma_top_0_0 has port INPUT_BRAM_ADDR[24] driven by constant 0
INFO: [Synth 8-3917] design design_1_gemv_q8_0_dma_top_0_0 has port INPUT_BRAM_ADDR[23] driven by constant 0
INFO: [Synth 8-3917] design design_1_gemv_q8_0_dma_top_0_0 has port INPUT_BRAM_ADDR[22] driven by constant 0
INFO: [Synth 8-3917] design design_1_gemv_q8_0_dma_top_0_0 has port INPUT_BRAM_ADDR[21] driven by constant 0
INFO: [Synth 8-3917] design design_1_gemv_q8_0_dma_top_0_0 has port INPUT_BRAM_ADDR[20] driven by constant 0
INFO: [Synth 8-3917] design design_1_gemv_q8_0_dma_top_0_0 has port INPUT_BRAM_ADDR[19] driven by constant 0
INFO: [Synth 8-3917] design design_1_gemv_q8_0_dma_top_0_0 has port INPUT_BRAM_ADDR[18] driven by constant 0
INFO: [Synth 8-3917] design design_1_gemv_q8_0_dma_top_0_0 has port INPUT_BRAM_ADDR[17] driven by constant 0
INFO: [Synth 8-3917] design design_1_gemv_q8_0_dma_top_0_0 has port INPUT_BRAM_ADDR[1] driven by constant 0
INFO: [Synth 8-3917] design design_1_gemv_q8_0_dma_top_0_0 has port INPUT_BRAM_ADDR[0] driven by constant 0
INFO: [Synth 8-3917] design design_1_gemv_q8_0_dma_top_0_0 has port INPUT_BRAM_DIN[31] driven by constant 0
INFO: [Synth 8-3917] design design_1_gemv_q8_0_dma_top_0_0 has port INPUT_BRAM_DIN[30] driven by constant 0
INFO: [Synth 8-3917] design design_1_gemv_q8_0_dma_top_0_0 has port INPUT_BRAM_DIN[29] driven by constant 0
INFO: [Synth 8-3917] design design_1_gemv_q8_0_dma_top_0_0 has port INPUT_BRAM_DIN[28] driven by constant 0
INFO: [Synth 8-3917] design design_1_gemv_q8_0_dma_top_0_0 has port INPUT_BRAM_DIN[27] driven by constant 0
INFO: [Synth 8-3917] design design_1_gemv_q8_0_dma_top_0_0 has port INPUT_BRAM_DIN[26] driven by constant 0
INFO: [Synth 8-3917] design design_1_gemv_q8_0_dma_top_0_0 has port INPUT_BRAM_DIN[25] driven by constant 0
INFO: [Synth 8-3917] design design_1_gemv_q8_0_dma_top_0_0 has port INPUT_BRAM_DIN[24] driven by constant 0
INFO: [Synth 8-3917] design design_1_gemv_q8_0_dma_top_0_0 has port INPUT_BRAM_DIN[23] driven by constant 0
INFO: [Synth 8-3917] design design_1_gemv_q8_0_dma_top_0_0 has port INPUT_BRAM_DIN[22] driven by constant 0
INFO: [Synth 8-3917] design design_1_gemv_q8_0_dma_top_0_0 has port INPUT_BRAM_DIN[21] driven by constant 0
INFO: [Synth 8-3917] design design_1_gemv_q8_0_dma_top_0_0 has port INPUT_BRAM_DIN[20] driven by constant 0
INFO: [Synth 8-3917] design design_1_gemv_q8_0_dma_top_0_0 has port INPUT_BRAM_DIN[19] driven by constant 0
INFO: [Synth 8-3917] design design_1_gemv_q8_0_dma_top_0_0 has port INPUT_BRAM_DIN[18] driven by constant 0
INFO: [Synth 8-3917] design design_1_gemv_q8_0_dma_top_0_0 has port INPUT_BRAM_DIN[17] driven by constant 0
INFO: [Synth 8-3917] design design_1_gemv_q8_0_dma_top_0_0 has port INPUT_BRAM_DIN[16] driven by constant 0
INFO: [Synth 8-3917] design design_1_gemv_q8_0_dma_top_0_0 has port INPUT_BRAM_DIN[15] driven by constant 0
INFO: [Synth 8-3917] design design_1_gemv_q8_0_dma_top_0_0 has port INPUT_BRAM_DIN[14] driven by constant 0
INFO: [Synth 8-3917] design design_1_gemv_q8_0_dma_top_0_0 has port INPUT_BRAM_DIN[13] driven by constant 0
INFO: [Synth 8-3917] design design_1_gemv_q8_0_dma_top_0_0 has port INPUT_BRAM_DIN[12] driven by constant 0
INFO: [Synth 8-3917] design design_1_gemv_q8_0_dma_top_0_0 has port INPUT_BRAM_DIN[11] driven by constant 0
INFO: [Synth 8-3917] design design_1_gemv_q8_0_dma_top_0_0 has port INPUT_BRAM_DIN[10] driven by constant 0
INFO: [Synth 8-3917] design design_1_gemv_q8_0_dma_top_0_0 has port INPUT_BRAM_DIN[9] driven by constant 0
INFO: [Synth 8-3917] design design_1_gemv_q8_0_dma_top_0_0 has port INPUT_BRAM_DIN[8] driven by constant 0
INFO: [Synth 8-3917] design design_1_gemv_q8_0_dma_top_0_0 has port INPUT_BRAM_DIN[7] driven by constant 0
INFO: [Synth 8-3917] design design_1_gemv_q8_0_dma_top_0_0 has port INPUT_BRAM_DIN[6] driven by constant 0
INFO: [Synth 8-3917] design design_1_gemv_q8_0_dma_top_0_0 has port INPUT_BRAM_DIN[5] driven by constant 0
INFO: [Synth 8-3917] design design_1_gemv_q8_0_dma_top_0_0 has port INPUT_BRAM_DIN[4] driven by constant 0
INFO: [Synth 8-3917] design design_1_gemv_q8_0_dma_top_0_0 has port INPUT_BRAM_DIN[3] driven by constant 0
INFO: [Synth 8-3917] design design_1_gemv_q8_0_dma_top_0_0 has port INPUT_BRAM_DIN[2] driven by constant 0
INFO: [Synth 8-3917] design design_1_gemv_q8_0_dma_top_0_0 has port INPUT_BRAM_DIN[1] driven by constant 0
INFO: [Synth 8-3917] design design_1_gemv_q8_0_dma_top_0_0 has port INPUT_BRAM_DIN[0] driven by constant 0
---------------------------------------------------------------------------------
Finished Cross Boundary and Area Optimization : Time (s): cpu = 00:00:30 ; elapsed = 00:00:30 . Memory (MB): peak = 2444.176 ; gain = 857.219 ; free physical = 49921 ; free virtual = 65252
---------------------------------------------------------------------------------
 Sort Area is gemv_q8_0_stream_core__GB0 mul_i32_i32_to_i64_return_0 : 0 0 : 2773 5050 : Used 1 time 0
 Sort Area is gemv_q8_0_stream_core__GB0 mul_i32_i32_to_i64_return_0 : 0 1 : 2277 5050 : Used 1 time 0
 Sort Area is gemv_q8_0_stream_core__GB0 mul_i32_i32_to_i64_return_10 : 0 0 : 2773 5050 : Used 1 time 0
 Sort Area is gemv_q8_0_stream_core__GB0 mul_i32_i32_to_i64_return_10 : 0 1 : 2277 5050 : Used 1 time 0
 Sort Area is gemv_q8_0_stream_core__GB0 mul_i32_i32_to_i64_return_12 : 0 0 : 2773 5050 : Used 1 time 0
 Sort Area is gemv_q8_0_stream_core__GB0 mul_i32_i32_to_i64_return_12 : 0 1 : 2277 5050 : Used 1 time 0
 Sort Area is gemv_q8_0_stream_core__GB0 mul_i32_i32_to_i64_return_14 : 0 0 : 2773 5050 : Used 1 time 0
 Sort Area is gemv_q8_0_stream_core__GB0 mul_i32_i32_to_i64_return_14 : 0 1 : 2277 5050 : Used 1 time 0
 Sort Area is gemv_q8_0_stream_core__GB0 mul_i32_i32_to_i64_return_6 : 0 0 : 2773 5050 : Used 1 time 0
 Sort Area is gemv_q8_0_stream_core__GB0 mul_i32_i32_to_i64_return_6 : 0 1 : 2277 5050 : Used 1 time 0
 Sort Area is gemv_q8_0_stream_core__GB0 mul_i32_i32_to_i64_return_8 : 0 0 : 2773 5050 : Used 1 time 0
 Sort Area is gemv_q8_0_stream_core__GB0 mul_i32_i32_to_i64_return_8 : 0 1 : 2277 5050 : Used 1 time 0
 Sort Area is gemv_q8_0_stream_core__GB0 mul_i32_i32_to_i64_return_a : 0 0 : 2773 5050 : Used 1 time 0
 Sort Area is gemv_q8_0_stream_core__GB0 mul_i32_i32_to_i64_return_a : 0 1 : 2277 5050 : Used 1 time 0
 Sort Area is gemv_q8_0_stream_core__GB0 mul_i32_i32_to_i64_return_c : 0 0 : 2773 5050 : Used 1 time 0
 Sort Area is gemv_q8_0_stream_core__GB0 mul_i32_i32_to_i64_return_c : 0 1 : 2277 5050 : Used 1 time 0
 Sort Area is gemv_q8_0_stream_core__GB0 mul_i32_i32_to_i64_return_e : 0 0 : 2773 5050 : Used 1 time 0
 Sort Area is gemv_q8_0_stream_core__GB0 mul_i32_i32_to_i64_return_e : 0 1 : 2277 5050 : Used 1 time 0
 Sort Area is gemv_q8_0_stream_core__GB2 mul_i32_i32_to_i64_return_16 : 0 0 : 2755 4999 : Used 1 time 0
 Sort Area is gemv_q8_0_stream_core__GB2 mul_i32_i32_to_i64_return_16 : 0 1 : 2244 4999 : Used 1 time 0
 Sort Area is gemv_q8_0_stream_core__GB2 mul_i32_i32_to_i64_return_21 : 0 0 : 2755 4999 : Used 1 time 0
 Sort Area is gemv_q8_0_stream_core__GB2 mul_i32_i32_to_i64_return_21 : 0 1 : 2244 4999 : Used 1 time 0
 Sort Area is gemv_q8_0_stream_core__GB3 mul_i32_i32_to_i64_return_23 : 0 0 : 2737 4963 : Used 1 time 0
 Sort Area is gemv_q8_0_stream_core__GB3 mul_i32_i32_to_i64_return_23 : 0 1 : 2226 4963 : Used 1 time 0
 Sort Area is gemv_q8_0_stream_core__GB3 mul_i32_i32_to_i64_return_27 : 0 0 : 2737 4963 : Used 1 time 0
 Sort Area is gemv_q8_0_stream_core__GB3 mul_i32_i32_to_i64_return_27 : 0 1 : 2226 4963 : Used 1 time 0
 Sort Area is gemv_q8_0_stream_core__GB3 mul_i32_i32_to_i64_return_29 : 0 0 : 2737 4963 : Used 1 time 0
 Sort Area is gemv_q8_0_stream_core__GB3 mul_i32_i32_to_i64_return_29 : 0 1 : 2226 4963 : Used 1 time 0
 Sort Area is gemv_q8_0_stream_core__GB3 mul_i32_i32_to_i64_return_2b : 0 0 : 2737 4963 : Used 1 time 0
 Sort Area is gemv_q8_0_stream_core__GB3 mul_i32_i32_to_i64_return_2b : 0 1 : 2226 4963 : Used 1 time 0
 Sort Area is gemv_q8_0_stream_core__GB3 mul_i32_i32_to_i64_return_2d : 0 0 : 2737 4963 : Used 1 time 0
 Sort Area is gemv_q8_0_stream_core__GB3 mul_i32_i32_to_i64_return_2d : 0 1 : 2226 4963 : Used 1 time 0
 Sort Area is gemv_q8_0_stream_core__GB0 mul_i32_i32_to_i64_return_11 : 0 0 : 2224 4188 : Used 1 time 0
 Sort Area is gemv_q8_0_stream_core__GB0 mul_i32_i32_to_i64_return_11 : 0 1 : 1964 4188 : Used 1 time 0
 Sort Area is gemv_q8_0_stream_core__GB0 mul_i32_i32_to_i64_return_13 : 0 0 : 2224 4188 : Used 1 time 0
 Sort Area is gemv_q8_0_stream_core__GB0 mul_i32_i32_to_i64_return_13 : 0 1 : 1964 4188 : Used 1 time 0
 Sort Area is gemv_q8_0_stream_core__GB0 mul_i32_i32_to_i64_return_15 : 0 0 : 2224 4188 : Used 1 time 0
 Sort Area is gemv_q8_0_stream_core__GB0 mul_i32_i32_to_i64_return_15 : 0 1 : 1964 4188 : Used 1 time 0
 Sort Area is gemv_q8_0_stream_core__GB0 mul_i32_i32_to_i64_return_3 : 0 0 : 2224 4188 : Used 1 time 0
 Sort Area is gemv_q8_0_stream_core__GB0 mul_i32_i32_to_i64_return_3 : 0 1 : 1964 4188 : Used 1 time 0
 Sort Area is gemv_q8_0_stream_core__GB0 mul_i32_i32_to_i64_return_7 : 0 0 : 2224 4188 : Used 1 time 0
 Sort Area is gemv_q8_0_stream_core__GB0 mul_i32_i32_to_i64_return_7 : 0 1 : 1964 4188 : Used 1 time 0
 Sort Area is gemv_q8_0_stream_core__GB0 mul_i32_i32_to_i64_return_9 : 0 0 : 2224 4188 : Used 1 time 0
 Sort Area is gemv_q8_0_stream_core__GB0 mul_i32_i32_to_i64_return_9 : 0 1 : 1964 4188 : Used 1 time 0
 Sort Area is gemv_q8_0_stream_core__GB0 mul_i32_i32_to_i64_return_b : 0 0 : 2224 4188 : Used 1 time 0
 Sort Area is gemv_q8_0_stream_core__GB0 mul_i32_i32_to_i64_return_b : 0 1 : 1964 4188 : Used 1 time 0
 Sort Area is gemv_q8_0_stream_core__GB0 mul_i32_i32_to_i64_return_d : 0 0 : 2224 4188 : Used 1 time 0
 Sort Area is gemv_q8_0_stream_core__GB0 mul_i32_i32_to_i64_return_d : 0 1 : 1964 4188 : Used 1 time 0
 Sort Area is gemv_q8_0_stream_core__GB0 mul_i32_i32_to_i64_return_f : 0 0 : 2224 4188 : Used 1 time 0
 Sort Area is gemv_q8_0_stream_core__GB0 mul_i32_i32_to_i64_return_f : 0 1 : 1964 4188 : Used 1 time 0
 Sort Area is gemv_q8_0_stream_core__GB2 mul_i32_i32_to_i64_return_19 : 0 0 : 2194 4113 : Used 1 time 0
 Sort Area is gemv_q8_0_stream_core__GB2 mul_i32_i32_to_i64_return_19 : 0 1 : 1919 4113 : Used 1 time 0
 Sort Area is gemv_q8_0_stream_core__GB2 mul_i32_i32_to_i64_return_22 : 0 0 : 2194 4113 : Used 1 time 0
 Sort Area is gemv_q8_0_stream_core__GB2 mul_i32_i32_to_i64_return_22 : 0 1 : 1919 4113 : Used 1 time 0
 Sort Area is gemv_q8_0_stream_core__GB3 mul_i32_i32_to_i64_return_26 : 0 0 : 2194 4113 : Used 1 time 0
 Sort Area is gemv_q8_0_stream_core__GB3 mul_i32_i32_to_i64_return_26 : 0 1 : 1919 4113 : Used 1 time 0
 Sort Area is gemv_q8_0_stream_core__GB3 mul_i32_i32_to_i64_return_28 : 0 0 : 2194 4113 : Used 1 time 0
 Sort Area is gemv_q8_0_stream_core__GB3 mul_i32_i32_to_i64_return_28 : 0 1 : 1919 4113 : Used 1 time 0
 Sort Area is gemv_q8_0_stream_core__GB3 mul_i32_i32_to_i64_return_2a : 0 0 : 2194 4113 : Used 1 time 0
 Sort Area is gemv_q8_0_stream_core__GB3 mul_i32_i32_to_i64_return_2a : 0 1 : 1919 4113 : Used 1 time 0
 Sort Area is gemv_q8_0_stream_core__GB3 mul_i32_i32_to_i64_return_2c : 0 0 : 2194 4113 : Used 1 time 0
 Sort Area is gemv_q8_0_stream_core__GB3 mul_i32_i32_to_i64_return_2c : 0 1 : 1919 4113 : Used 1 time 0
 Sort Area is gemv_q8_0_stream_core__GB3 mul_i32_i32_to_i64_return_2e : 0 0 : 2194 4113 : Used 1 time 0
 Sort Area is gemv_q8_0_stream_core__GB3 mul_i32_i32_to_i64_return_2e : 0 1 : 1919 4113 : Used 1 time 0
 Sort Area is gemv_q8_0_stream_core__GB2 p_0_out_1c : 0 0 : 953 953 : Used 1 time 0
 Sort Area is gemv_q8_0_stream_core__GB2 p_0_out_1e : 0 0 : 953 953 : Used 1 time 0
 Sort Area is gemv_q8_0_stream_core__GB2 p_0_out_1f : 0 0 : 953 953 : Used 1 time 0
 Sort Area is gemv_q8_0_stream_core__GB2 p_0_out_20 : 0 0 : 953 953 : Used 1 time 0
---------------------------------------------------------------------------------
Start ROM, RAM, DSP, Shift Register and Retiming Reporting
---------------------------------------------------------------------------------

DSP: Preliminary Mapping Report (see note below. The ' indicates corresponding REG is set)
+-------------------------------+--------------------+--------+--------+--------+--------+--------+------+------+------+------+-------+------+------+
|Module Name                    | DSP Mapping        | A Size | B Size | C Size | D Size | P Size | AREG | BREG | CREG | DREG | ADREG | MREG | PREG | 
+-------------------------------+--------------------+--------+--------+--------+--------+--------+------+------+------+------+-------+------+------+
|design_1_gemv_q8_0_dma_top_0_0 | A''*B''            | 18     | 15     | -      | -      | 48     | 2    | 2    | -    | -    | -     | 0    | 0    | 
|design_1_gemv_q8_0_dma_top_0_0 | (PCIN>>17)+A''*B'' | 15     | 15     | -      | -      | 48     | 2    | 2    | -    | -    | -     | 0    | 1    | 
|design_1_gemv_q8_0_dma_top_0_0 | A''*B''            | 18     | 18     | -      | -      | 48     | 2    | 2    | -    | -    | -     | 0    | 0    | 
|design_1_gemv_q8_0_dma_top_0_0 | (PCIN>>17)+A''*B'' | 18     | 15     | -      | -      | 48     | 2    | 2    | -    | -    | -     | 0    | 1    | 
|design_1_gemv_q8_0_dma_top_0_0 | A''*B''            | 18     | 15     | -      | -      | 48     | 2    | 2    | -    | -    | -     | 0    | 0    | 
|design_1_gemv_q8_0_dma_top_0_0 | (PCIN>>17)+A''*B'' | 15     | 15     | -      | -      | 48     | 2    | 2    | -    | -    | -     | 0    | 1    | 
|design_1_gemv_q8_0_dma_top_0_0 | A''*B''            | 18     | 18     | -      | -      | 48     | 2    | 2    | -    | -    | -     | 0    | 0    | 
|design_1_gemv_q8_0_dma_top_0_0 | (PCIN>>17)+A''*B'' | 18     | 15     | -      | -      | 48     | 2    | 2    | -    | -    | -     | 0    | 1    | 
|design_1_gemv_q8_0_dma_top_0_0 | A''*B''            | 18     | 15     | -      | -      | 48     | 2    | 2    | -    | -    | -     | 0    | 0    | 
|design_1_gemv_q8_0_dma_top_0_0 | (PCIN>>17)+A''*B'' | 15     | 15     | -      | -      | 48     | 2    | 2    | -    | -    | -     | 0    | 1    | 
|design_1_gemv_q8_0_dma_top_0_0 | A''*B''            | 18     | 18     | -      | -      | 48     | 2    | 2    | -    | -    | -     | 0    | 0    | 
|design_1_gemv_q8_0_dma_top_0_0 | (PCIN>>17)+A''*B'' | 18     | 15     | -      | -      | 48     | 2    | 2    | -    | -    | -     | 0    | 1    | 
|design_1_gemv_q8_0_dma_top_0_0 | A''*B''            | 18     | 15     | -      | -      | 48     | 2    | 2    | -    | -    | -     | 0    | 0    | 
|design_1_gemv_q8_0_dma_top_0_0 | (PCIN>>17)+A''*B'' | 15     | 15     | -      | -      | 48     | 2    | 2    | -    | -    | -     | 0    | 1    | 
|design_1_gemv_q8_0_dma_top_0_0 | A''*B''            | 18     | 18     | -      | -      | 48     | 2    | 2    | -    | -    | -     | 0    | 0    | 
|design_1_gemv_q8_0_dma_top_0_0 | (PCIN>>17)+A''*B'' | 18     | 15     | -      | -      | 48     | 2    | 2    | -    | -    | -     | 0    | 1    | 
|design_1_gemv_q8_0_dma_top_0_0 | A''*B''            | 18     | 15     | -      | -      | 48     | 2    | 2    | -    | -    | -     | 0    | 0    | 
|design_1_gemv_q8_0_dma_top_0_0 | (PCIN>>17)+A''*B'' | 15     | 15     | -      | -      | 48     | 2    | 2    | -    | -    | -     | 0    | 1    | 
|design_1_gemv_q8_0_dma_top_0_0 | A''*B''            | 18     | 18     | -      | -      | 48     | 2    | 2    | -    | -    | -     | 0    | 0    | 
|design_1_gemv_q8_0_dma_top_0_0 | (PCIN>>17)+A''*B'' | 18     | 15     | -      | -      | 48     | 2    | 2    | -    | -    | -     | 0    | 1    | 
|design_1_gemv_q8_0_dma_top_0_0 | A''*B''            | 18     | 15     | -      | -      | 48     | 2    | 2    | -    | -    | -     | 0    | 0    | 
|design_1_gemv_q8_0_dma_top_0_0 | (PCIN>>17)+A''*B'' | 15     | 15     | -      | -      | 48     | 2    | 2    | -    | -    | -     | 0    | 1    | 
|design_1_gemv_q8_0_dma_top_0_0 | A''*B''            | 18     | 18     | -      | -      | 48     | 2    | 2    | -    | -    | -     | 0    | 0    | 
|design_1_gemv_q8_0_dma_top_0_0 | (PCIN>>17)+A''*B'' | 18     | 15     | -      | -      | 48     | 2    | 2    | -    | -    | -     | 0    | 1    | 
|design_1_gemv_q8_0_dma_top_0_0 | A''*B''            | 18     | 15     | -      | -      | 48     | 2    | 2    | -    | -    | -     | 0    | 0    | 
|design_1_gemv_q8_0_dma_top_0_0 | (PCIN>>17)+A''*B'' | 15     | 15     | -      | -      | 48     | 2    | 2    | -    | -    | -     | 0    | 1    | 
|design_1_gemv_q8_0_dma_top_0_0 | A''*B''            | 18     | 18     | -      | -      | 48     | 2    | 2    | -    | -    | -     | 0    | 0    | 
|design_1_gemv_q8_0_dma_top_0_0 | (PCIN>>17)+A''*B'' | 18     | 15     | -      | -      | 48     | 2    | 2    | -    | -    | -     | 0    | 1    | 
|design_1_gemv_q8_0_dma_top_0_0 | A''*B''            | 18     | 15     | -      | -      | 48     | 2    | 2    | -    | -    | -     | 0    | 0    | 
|design_1_gemv_q8_0_dma_top_0_0 | (PCIN>>17)+A''*B'' | 15     | 15     | -      | -      | 48     | 2    | 2    | -    | -    | -     | 0    | 1    | 
|design_1_gemv_q8_0_dma_top_0_0 | A''*B''            | 18     | 18     | -      | -      | 48     | 2    | 2    | -    | -    | -     | 0    | 0    | 
|design_1_gemv_q8_0_dma_top_0_0 | (PCIN>>17)+A''*B'' | 18     | 15     | -      | -      | 48     | 2    | 2    | -    | -    | -     | 0    | 1    | 
|design_1_gemv_q8_0_dma_top_0_0 | A''*B''            | 18     | 15     | -      | -      | 48     | 2    | 2    | -    | -    | -     | 0    | 0    | 
|design_1_gemv_q8_0_dma_top_0_0 | (PCIN>>17)+A''*B'' | 15     | 15     | -      | -      | 48     | 2    | 2    | -    | -    | -     | 0    | 1    | 
|design_1_gemv_q8_0_dma_top_0_0 | A''*B''            | 18     | 18     | -      | -      | 48     | 2    | 2    | -    | -    | -     | 0    | 0    | 
|design_1_gemv_q8_0_dma_top_0_0 | (PCIN>>17)+A''*B'' | 18     | 15     | -      | -      | 48     | 2    | 2    | -    | -    | -     | 0    | 1    | 
|design_1_gemv_q8_0_dma_top_0_0 | A''*B              | 18     | 15     | -      | -      | 48     | 2    | 0    | -    | -    | -     | 0    | 0    | 
|design_1_gemv_q8_0_dma_top_0_0 | (PCIN>>17)+A*B2    | 15     | 15     | -      | -      | 48     | 0    | 1    | -    | -    | -     | 0    | 1    | 
|design_1_gemv_q8_0_dma_top_0_0 | A2*B''             | 18     | 18     | -      | -      | 48     | 1    | 2    | -    | -    | -     | 0    | 0    | 
|design_1_gemv_q8_0_dma_top_0_0 | (PCIN>>17)+A2*B2   | 18     | 15     | -      | -      | 48     | 1    | 1    | -    | -    | -     | 0    | 1    | 
|gemv_q8_0_stream_core          | C+A*B2             | 16     | 8      | 32     | -      | 32     | 0    | 1    | 0    | -    | -     | 0    | 0    | 
|gemv_q8_0_stream_core          | C+A*B2             | 16     | 8      | 32     | -      | 32     | 0    | 1    | 0    | -    | -     | 0    | 0    | 
|gemv_q8_0_stream_core          | C+A*B2             | 16     | 8      | 32     | -      | 32     | 0    | 1    | 0    | -    | -     | 0    | 0    | 
|gemv_q8_0_stream_core          | C+A*B2             | 16     | 8      | 32     | -      | 32     | 0    | 1    | 0    | -    | -     | 0    | 0    | 
|design_1_gemv_q8_0_dma_top_0_0 | A''*B              | 18     | 15     | -      | -      | 48     | 2    | 0    | -    | -    | -     | 0    | 0    | 
|design_1_gemv_q8_0_dma_top_0_0 | (PCIN>>17)+A*B2    | 15     | 15     | -      | -      | 48     | 0    | 1    | -    | -    | -     | 0    | 1    | 
|design_1_gemv_q8_0_dma_top_0_0 | A2*B''             | 18     | 18     | -      | -      | 48     | 1    | 2    | -    | -    | -     | 0    | 0    | 
|design_1_gemv_q8_0_dma_top_0_0 | (PCIN>>17)+A2*B2   | 18     | 15     | -      | -      | 48     | 1    | 1    | -    | -    | -     | 0    | 1    | 
|design_1_gemv_q8_0_dma_top_0_0 | A''*B              | 18     | 15     | -      | -      | 48     | 2    | 0    | -    | -    | -     | 0    | 0    | 
|design_1_gemv_q8_0_dma_top_0_0 | (PCIN>>17)+A*B2    | 15     | 15     | -      | -      | 48     | 0    | 1    | -    | -    | -     | 0    | 1    | 
|design_1_gemv_q8_0_dma_top_0_0 | A*B''              | 18     | 18     | -      | -      | 48     | 0    | 2    | -    | -    | -     | 0    | 0    | 
|design_1_gemv_q8_0_dma_top_0_0 | (PCIN>>17)+A*B2    | 18     | 15     | -      | -      | 48     | 0    | 1    | -    | -    | -     | 0    | 1    | 
|design_1_gemv_q8_0_dma_top_0_0 | A''*B              | 18     | 15     | -      | -      | 48     | 2    | 0    | -    | -    | -     | 0    | 0    | 
|design_1_gemv_q8_0_dma_top_0_0 | (PCIN>>17)+A*B2    | 15     | 15     | -      | -      | 48     | 0    | 1    | -    | -    | -     | 0    | 1    | 
|design_1_gemv_q8_0_dma_top_0_0 | A*B''              | 18     | 18     | -      | -      | 48     | 0    | 2    | -    | -    | -     | 0    | 0    | 
|design_1_gemv_q8_0_dma_top_0_0 | (PCIN>>17)+A*B2    | 18     | 15     | -      | -      | 48     | 0    | 1    | -    | -    | -     | 0    | 1    | 
|design_1_gemv_q8_0_dma_top_0_0 | A''*B              | 18     | 15     | -      | -      | 48     | 2    | 0    | -    | -    | -     | 0    | 0    | 
|design_1_gemv_q8_0_dma_top_0_0 | (PCIN>>17)+A*B2    | 15     | 15     | -      | -      | 48     | 0    | 1    | -    | -    | -     | 0    | 1    | 
|design_1_gemv_q8_0_dma_top_0_0 | A*B''              | 18     | 18     | -      | -      | 48     | 0    | 2    | -    | -    | -     | 0    | 0    | 
|design_1_gemv_q8_0_dma_top_0_0 | (PCIN>>17)+A*B2    | 18     | 15     | -      | -      | 48     | 0    | 1    | -    | -    | -     | 0    | 1    | 
|design_1_gemv_q8_0_dma_top_0_0 | A''*B              | 18     | 15     | -      | -      | 48     | 2    | 0    | -    | -    | -     | 0    | 0    | 
|design_1_gemv_q8_0_dma_top_0_0 | (PCIN>>17)+A*B2    | 15     | 15     | -      | -      | 48     | 0    | 1    | -    | -    | -     | 0    | 1    | 
|design_1_gemv_q8_0_dma_top_0_0 | A*B''              | 18     | 18     | -      | -      | 48     | 0    | 2    | -    | -    | -     | 0    | 0    | 
|design_1_gemv_q8_0_dma_top_0_0 | (PCIN>>17)+A*B2    | 18     | 15     | -      | -      | 48     | 0    | 1    | -    | -    | -     | 0    | 1    | 
|design_1_gemv_q8_0_dma_top_0_0 | A''*B              | 18     | 15     | -      | -      | 48     | 2    | 0    | -    | -    | -     | 0    | 0    | 
|design_1_gemv_q8_0_dma_top_0_0 | (PCIN>>17)+A*B2    | 15     | 15     | -      | -      | 48     | 0    | 1    | -    | -    | -     | 0    | 1    | 
|design_1_gemv_q8_0_dma_top_0_0 | A*B''              | 18     | 18     | -      | -      | 48     | 0    | 2    | -    | -    | -     | 0    | 0    | 
|design_1_gemv_q8_0_dma_top_0_0 | (PCIN>>17)+A*B2    | 18     | 15     | -      | -      | 48     | 0    | 1    | -    | -    | -     | 0    | 1    | 
+-------------------------------+--------------------+--------+--------+--------+--------+--------+------+------+------+------+-------+------+------+

Note: The table above is a preliminary report that shows the DSPs inferred at the current stage of the synthesis flow. Some DSP may be reimplemented as non DSP primitives later in the synthesis flow. Multiple instantiated DSPs are reported only once.
---------------------------------------------------------------------------------
Finished ROM, RAM, DSP, Shift Register and Retiming Reporting
---------------------------------------------------------------------------------
---------------------------------------------------------------------------------
Start Applying XDC Timing Constraints
---------------------------------------------------------------------------------
---------------------------------------------------------------------------------
Finished Applying XDC Timing Constraints : Time (s): cpu = 00:00:33 ; elapsed = 00:00:33 . Memory (MB): peak = 2444.176 ; gain = 857.219 ; free physical = 49923 ; free virtual = 65254
---------------------------------------------------------------------------------
---------------------------------------------------------------------------------
Start Timing Optimization
---------------------------------------------------------------------------------
---------------------------------------------------------------------------------
Finished Timing Optimization : Time (s): cpu = 00:00:33 ; elapsed = 00:00:33 . Memory (MB): peak = 2444.176 ; gain = 857.219 ; free physical = 49923 ; free virtual = 65254
---------------------------------------------------------------------------------
---------------------------------------------------------------------------------
Start Technology Mapping
---------------------------------------------------------------------------------
---------------------------------------------------------------------------------
Finished Technology Mapping : Time (s): cpu = 00:00:34 ; elapsed = 00:00:34 . Memory (MB): peak = 2450.160 ; gain = 863.203 ; free physical = 49913 ; free virtual = 65245
---------------------------------------------------------------------------------
---------------------------------------------------------------------------------
Start IO Insertion
---------------------------------------------------------------------------------
---------------------------------------------------------------------------------
Start Flattening Before IO Insertion
---------------------------------------------------------------------------------
---------------------------------------------------------------------------------
Finished Flattening Before IO Insertion
---------------------------------------------------------------------------------
---------------------------------------------------------------------------------
Start Final Netlist Cleanup
---------------------------------------------------------------------------------
---------------------------------------------------------------------------------
Finished Final Netlist Cleanup
---------------------------------------------------------------------------------
---------------------------------------------------------------------------------
Finished IO Insertion : Time (s): cpu = 00:00:36 ; elapsed = 00:00:36 . Memory (MB): peak = 2570.973 ; gain = 984.016 ; free physical = 49834 ; free virtual = 65168
---------------------------------------------------------------------------------
---------------------------------------------------------------------------------
Start Renaming Generated Instances
---------------------------------------------------------------------------------
---------------------------------------------------------------------------------
Finished Renaming Generated Instances : Time (s): cpu = 00:00:36 ; elapsed = 00:00:36 . Memory (MB): peak = 2570.973 ; gain = 984.016 ; free physical = 49835 ; free virtual = 65168
---------------------------------------------------------------------------------
---------------------------------------------------------------------------------
Start Rebuilding User Hierarchy
---------------------------------------------------------------------------------
---------------------------------------------------------------------------------
Finished Rebuilding User Hierarchy : Time (s): cpu = 00:00:36 ; elapsed = 00:00:37 . Memory (MB): peak = 2570.973 ; gain = 984.016 ; free physical = 49819 ; free virtual = 65150
---------------------------------------------------------------------------------
---------------------------------------------------------------------------------
Start Renaming Generated Ports
---------------------------------------------------------------------------------
---------------------------------------------------------------------------------
Finished Renaming Generated Ports : Time (s): cpu = 00:00:36 ; elapsed = 00:00:37 . Memory (MB): peak = 2570.973 ; gain = 984.016 ; free physical = 49819 ; free virtual = 65150
---------------------------------------------------------------------------------
---------------------------------------------------------------------------------
Start Handling Custom Attributes
---------------------------------------------------------------------------------
---------------------------------------------------------------------------------
Finished Handling Custom Attributes : Time (s): cpu = 00:00:37 ; elapsed = 00:00:37 . Memory (MB): peak = 2570.973 ; gain = 984.016 ; free physical = 49822 ; free virtual = 65153
---------------------------------------------------------------------------------
---------------------------------------------------------------------------------
Start Renaming Generated Nets
---------------------------------------------------------------------------------
---------------------------------------------------------------------------------
Finished Renaming Generated Nets : Time (s): cpu = 00:00:37 ; elapsed = 00:00:37 . Memory (MB): peak = 2570.973 ; gain = 984.016 ; free physical = 49822 ; free virtual = 65153
---------------------------------------------------------------------------------
---------------------------------------------------------------------------------
Start Writing Synthesis Report
---------------------------------------------------------------------------------

DSP Final Report (the ' indicates corresponding REG is set)
+-------------------------------+---------------------+--------+--------+--------+--------+--------+------+------+------+------+-------+------+------+
|Module Name                    | DSP Mapping         | A Size | B Size | C Size | D Size | P Size | AREG | BREG | CREG | DREG | ADREG | MREG | PREG | 
+-------------------------------+---------------------+--------+--------+--------+--------+--------+------+------+------+------+-------+------+------+
|design_1_gemv_q8_0_dma_top_0_0 | A''*B''             | 17     | 18     | -      | -      | 48     | 2    | 2    | -    | -    | -     | 0    | 0    | 
|design_1_gemv_q8_0_dma_top_0_0 | (PCIN>>17+A''*B'')' | 30     | 18     | -      | -      | 48     | 2    | 2    | -    | -    | -     | 0    | 1    | 
|design_1_gemv_q8_0_dma_top_0_0 | A''*B''             | 17     | 17     | -      | -      | 48     | 2    | 2    | -    | -    | -     | 0    | 0    | 
|design_1_gemv_q8_0_dma_top_0_0 | (PCIN>>17+A''*B'')' | 17     | 18     | -      | -      | 48     | 2    | 2    | -    | -    | -     | 0    | 1    | 
|design_1_gemv_q8_0_dma_top_0_0 | A''*B''             | 17     | 18     | -      | -      | 48     | 2    | 2    | -    | -    | -     | 0    | 0    | 
|design_1_gemv_q8_0_dma_top_0_0 | (PCIN>>17+A''*B'')' | 30     | 18     | -      | -      | 48     | 2    | 2    | -    | -    | -     | 0    | 1    | 
|design_1_gemv_q8_0_dma_top_0_0 | A''*B''             | 17     | 17     | -      | -      | 48     | 2    | 2    | -    | -    | -     | 0    | 0    | 
|design_1_gemv_q8_0_dma_top_0_0 | (PCIN>>17+A''*B'')' | 17     | 18     | -      | -      | 48     | 2    | 2    | -    | -    | -     | 0    | 1    | 
|design_1_gemv_q8_0_dma_top_0_0 | A''*B''             | 17     | 18     | -      | -      | 48     | 2    | 2    | -    | -    | -     | 0    | 0    | 
|design_1_gemv_q8_0_dma_top_0_0 | (PCIN>>17+A''*B'')' | 30     | 18     | -      | -      | 48     | 2    | 2    | -    | -    | -     | 0    | 1    | 
|design_1_gemv_q8_0_dma_top_0_0 | A''*B''             | 17     | 17     | -      | -      | 48     | 2    | 2    | -    | -    | -     | 0    | 0    | 
|design_1_gemv_q8_0_dma_top_0_0 | (PCIN>>17+A''*B'')' | 17     | 18     | -      | -      | 48     | 2    | 2    | -    | -    | -     | 0    | 1    | 
|design_1_gemv_q8_0_dma_top_0_0 | A''*B''             | 17     | 18     | -      | -      | 48     | 2    | 2    | -    | -    | -     | 0    | 0    | 
|design_1_gemv_q8_0_dma_top_0_0 | (PCIN>>17+A''*B'')' | 30     | 18     | -      | -      | 48     | 2    | 2    | -    | -    | -     | 0    | 1    | 
|design_1_gemv_q8_0_dma_top_0_0 | A''*B''             | 17     | 17     | -      | -      | 48     | 2    | 2    | -    | -    | -     | 0    | 0    | 
|design_1_gemv_q8_0_dma_top_0_0 | (PCIN>>17+A''*B'')' | 17     | 18     | -      | -      | 48     | 2    | 2    | -    | -    | -     | 0    | 1    | 
|design_1_gemv_q8_0_dma_top_0_0 | A''*B''             | 17     | 18     | -      | -      | 48     | 2    | 2    | -    | -    | -     | 0    | 0    | 
|design_1_gemv_q8_0_dma_top_0_0 | (PCIN>>17+A''*B'')' | 30     | 18     | -      | -      | 48     | 2    | 2    | -    | -    | -     | 0    | 1    | 
|design_1_gemv_q8_0_dma_top_0_0 | A''*B''             | 17     | 17     | -      | -      | 48     | 2    | 2    | -    | -    | -     | 0    | 0    | 
|design_1_gemv_q8_0_dma_top_0_0 | (PCIN>>17+A''*B'')' | 17     | 18     | -      | -      | 48     | 2    | 2    | -    | -    | -     | 0    | 1    | 
|design_1_gemv_q8_0_dma_top_0_0 | A''*B''             | 17     | 18     | -      | -      | 48     | 2    | 2    | -    | -    | -     | 0    | 0    | 
|design_1_gemv_q8_0_dma_top_0_0 | (PCIN>>17+A''*B'')' | 30     | 18     | -      | -      | 48     | 2    | 2    | -    | -    | -     | 0    | 1    | 
|design_1_gemv_q8_0_dma_top_0_0 | A''*B''             | 17     | 17     | -      | -      | 48     | 2    | 2    | -    | -    | -     | 0    | 0    | 
|design_1_gemv_q8_0_dma_top_0_0 | (PCIN>>17+A''*B'')' | 17     | 18     | -      | -      | 48     | 2    | 2    | -    | -    | -     | 0    | 1    | 
|design_1_gemv_q8_0_dma_top_0_0 | A''*B''             | 17     | 18     | -      | -      | 48     | 2    | 2    | -    | -    | -     | 0    | 0    | 
|design_1_gemv_q8_0_dma_top_0_0 | (PCIN>>17+A''*B'')' | 30     | 18     | -      | -      | 48     | 2    | 2    | -    | -    | -     | 0    | 1    | 
|design_1_gemv_q8_0_dma_top_0_0 | A''*B''             | 17     | 17     | -      | -      | 48     | 2    | 2    | -    | -    | -     | 0    | 0    | 
|design_1_gemv_q8_0_dma_top_0_0 | (PCIN>>17+A''*B'')' | 17     | 18     | -      | -      | 48     | 2    | 2    | -    | -    | -     | 0    | 1    | 
|design_1_gemv_q8_0_dma_top_0_0 | A''*B''             | 17     | 18     | -      | -      | 48     | 2    | 2    | -    | -    | -     | 0    | 0    | 
|design_1_gemv_q8_0_dma_top_0_0 | (PCIN>>17+A''*B'')' | 30     | 18     | -      | -      | 48     | 2    | 2    | -    | -    | -     | 0    | 1    | 
|design_1_gemv_q8_0_dma_top_0_0 | A''*B''             | 17     | 17     | -      | -      | 48     | 2    | 2    | -    | -    | -     | 0    | 0    | 
|design_1_gemv_q8_0_dma_top_0_0 | (PCIN>>17+A''*B'')' | 17     | 18     | -      | -      | 48     | 2    | 2    | -    | -    | -     | 0    | 1    | 
|design_1_gemv_q8_0_dma_top_0_0 | A''*B''             | 17     | 18     | -      | -      | 48     | 2    | 2    | -    | -    | -     | 0    | 0    | 
|design_1_gemv_q8_0_dma_top_0_0 | (PCIN>>17+A''*B'')' | 30     | 18     | -      | -      | 48     | 2    | 2    | -    | -    | -     | 0    | 1    | 
|design_1_gemv_q8_0_dma_top_0_0 | A''*B''             | 17     | 17     | -      | -      | 48     | 2    | 2    | -    | -    | -     | 0    | 0    | 
|design_1_gemv_q8_0_dma_top_0_0 | (PCIN>>17+A''*B'')' | 17     | 18     | -      | -      | 48     | 2    | 2    | -    | -    | -     | 0    | 1    | 
|design_1_gemv_q8_0_dma_top_0_0 | A''*B''             | 17     | 18     | -      | -      | 48     | 2    | 2    | -    | -    | -     | 0    | 0    | 
|design_1_gemv_q8_0_dma_top_0_0 | (PCIN>>17+A''*B'')' | 30     | 18     | -      | -      | 48     | 2    | 2    | -    | -    | -     | 0    | 1    | 
|design_1_gemv_q8_0_dma_top_0_0 | A''*B''             | 17     | 17     | -      | -      | 48     | 2    | 2    | -    | -    | -     | 0    | 0    | 
|design_1_gemv_q8_0_dma_top_0_0 | (PCIN>>17+A''*B'')' | 17     | 18     | -      | -      | 48     | 2    | 2    | -    | -    | -     | 0    | 1    | 
|gemv_q8_0_stream_core          | C+A*B'              | 30     | 18     | 48     | -      | 32     | 0    | 1    | 0    | -    | -     | 0    | 0    | 
|gemv_q8_0_stream_core          | C+A*B'              | 30     | 18     | 48     | -      | 32     | 0    | 1    | 0    | -    | -     | 0    | 0    | 
|gemv_q8_0_stream_core          | C+A*B'              | 30     | 18     | 48     | -      | 32     | 0    | 1    | 0    | -    | -     | 0    | 0    | 
|gemv_q8_0_stream_core          | C+A*B'              | 30     | 18     | 48     | -      | 32     | 0    | 1    | 0    | -    | -     | 0    | 0    | 
|design_1_gemv_q8_0_dma_top_0_0 | A''*B''             | 17     | 18     | -      | -      | 48     | 2    | 2    | -    | -    | -     | 0    | 0    | 
|design_1_gemv_q8_0_dma_top_0_0 | (PCIN>>17+A''*B'')' | 30     | 18     | -      | -      | 48     | 2    | 2    | -    | -    | -     | 0    | 1    | 
|design_1_gemv_q8_0_dma_top_0_0 | A''*B''             | 17     | 17     | -      | -      | 48     | 2    | 2    | -    | -    | -     | 0    | 0    | 
|design_1_gemv_q8_0_dma_top_0_0 | (PCIN>>17+A''*B'')' | 17     | 18     | -      | -      | 48     | 2    | 2    | -    | -    | -     | 0    | 1    | 
|design_1_gemv_q8_0_dma_top_0_0 | A''*B''             | 17     | 18     | -      | -      | 48     | 2    | 2    | -    | -    | -     | 0    | 0    | 
|design_1_gemv_q8_0_dma_top_0_0 | (PCIN>>17+A''*B'')' | 30     | 18     | -      | -      | 48     | 2    | 2    | -    | -    | -     | 0    | 1    | 
|design_1_gemv_q8_0_dma_top_0_0 | A''*B''             | 17     | 17     | -      | -      | 48     | 2    | 2    | -    | -    | -     | 0    | 0    | 
|design_1_gemv_q8_0_dma_top_0_0 | (PCIN>>17+A''*B'')' | 17     | 18     | -      | -      | 48     | 2    | 2    | -    | -    | -     | 0    | 1    | 
|design_1_gemv_q8_0_dma_top_0_0 | A''*B''             | 17     | 18     | -      | -      | 48     | 2    | 2    | -    | -    | -     | 0    | 0    | 
|design_1_gemv_q8_0_dma_top_0_0 | (PCIN>>17+A''*B'')' | 30     | 18     | -      | -      | 48     | 2    | 2    | -    | -    | -     | 0    | 1    | 
|design_1_gemv_q8_0_dma_top_0_0 | A''*B''             | 17     | 17     | -      | -      | 48     | 2    | 2    | -    | -    | -     | 0    | 0    | 
|design_1_gemv_q8_0_dma_top_0_0 | (PCIN>>17+A''*B'')' | 17     | 18     | -      | -      | 48     | 2    | 2    | -    | -    | -     | 0    | 1    | 
|design_1_gemv_q8_0_dma_top_0_0 | A''*B''             | 17     | 18     | -      | -      | 48     | 2    | 2    | -    | -    | -     | 0    | 0    | 
|design_1_gemv_q8_0_dma_top_0_0 | (PCIN>>17+A''*B'')' | 30     | 18     | -      | -      | 48     | 2    | 2    | -    | -    | -     | 0    | 1    | 
|design_1_gemv_q8_0_dma_top_0_0 | A''*B''             | 17     | 17     | -      | -      | 48     | 2    | 2    | -    | -    | -     | 0    | 0    | 
|design_1_gemv_q8_0_dma_top_0_0 | (PCIN>>17+A''*B'')' | 17     | 18     | -      | -      | 48     | 2    | 2    | -    | -    | -     | 0    | 1    | 
|design_1_gemv_q8_0_dma_top_0_0 | A''*B''             | 17     | 18     | -      | -      | 48     | 2    | 2    | -    | -    | -     | 0    | 0    | 
|design_1_gemv_q8_0_dma_top_0_0 | (PCIN>>17+A''*B'')' | 30     | 18     | -      | -      | 48     | 2    | 2    | -    | -    | -     | 0    | 1    | 
|design_1_gemv_q8_0_dma_top_0_0 | A''*B''             | 17     | 17     | -      | -      | 48     | 2    | 2    | -    | -    | -     | 0    | 0    | 
|design_1_gemv_q8_0_dma_top_0_0 | (PCIN>>17+A''*B'')' | 17     | 18     | -      | -      | 48     | 2    | 2    | -    | -    | -     | 0    | 1    | 
|design_1_gemv_q8_0_dma_top_0_0 | A''*B''             | 17     | 18     | -      | -      | 48     | 2    | 2    | -    | -    | -     | 0    | 0    | 
|design_1_gemv_q8_0_dma_top_0_0 | (PCIN>>17+A''*B'')' | 30     | 18     | -      | -      | 48     | 2    | 2    | -    | -    | -     | 0    | 1    | 
|design_1_gemv_q8_0_dma_top_0_0 | A''*B''             | 17     | 17     | -      | -      | 48     | 2    | 2    | -    | -    | -     | 0    | 0    | 
|design_1_gemv_q8_0_dma_top_0_0 | (PCIN>>17+A''*B'')' | 17     | 18     | -      | -      | 48     | 2    | 2    | -    | -    | -     | 0    | 1    | 
+-------------------------------+---------------------+--------+--------+--------+--------+--------+------+------+------+------+-------+------+------+


Report BlackBoxes: 
+-+--------------+----------+
| |BlackBox name |Instances |
+-+--------------+----------+
+-+--------------+----------+

Report Cell Usage: 
+------+--------+------+
|      |Cell    |Count |
+------+--------+------+
|1     |CARRY4  |  1304|
|2     |DSP48E1 |    68|
|5     |LUT1    |   352|
|6     |LUT2    |  5009|
|7     |LUT3    |   689|
|8     |LUT4    |   944|
|9     |LUT5    |  2337|
|10    |LUT6    |  5552|
|11    |MUXF7   |   146|
|12    |MUXF8   |    18|
|13    |FDRE    |  3937|
|14    |FDSE    |    61|
+------+--------+------+
---------------------------------------------------------------------------------
Finished Writing Synthesis Report : Time (s): cpu = 00:00:37 ; elapsed = 00:00:37 . Memory (MB): peak = 2570.973 ; gain = 984.016 ; free physical = 49822 ; free virtual = 65153
---------------------------------------------------------------------------------
Synthesis finished with 0 errors, 0 critical warnings and 1 warnings.
Synthesis Optimization Runtime : Time (s): cpu = 00:00:35 ; elapsed = 00:00:36 . Memory (MB): peak = 2570.973 ; gain = 872.277 ; free physical = 49822 ; free virtual = 65153
Synthesis Optimization Complete : Time (s): cpu = 00:00:37 ; elapsed = 00:00:37 . Memory (MB): peak = 2570.980 ; gain = 984.016 ; free physical = 49822 ; free virtual = 65153
INFO: [Project 1-571] Translating synthesized netlist
Netlist sorting complete. Time (s): cpu = 00:00:00.06 ; elapsed = 00:00:00.06 . Memory (MB): peak = 2579.879 ; gain = 0.000 ; free physical = 49985 ; free virtual = 65316
INFO: [Netlist 29-17] Analyzing 1536 Unisim elements for replacement
INFO: [Netlist 29-28] Unisim Transformation completed in 0 CPU seconds
WARNING: [Netlist 29-101] Netlist 'design_1_gemv_q8_0_dma_top_0_0' is not ideal for floorplanning, since the cellview 'gemv_q8_0_stream_core' contains a large number of primitives.  Please consider enabling hierarchy in synthesis if you want to do floorplanning.
INFO: [Project 1-570] Preparing netlist for logic optimization
INFO: [Opt 31-138] Pushed 0 inverter(s) to 0 load pin(s).
Netlist sorting complete. Time (s): cpu = 00:00:00 ; elapsed = 00:00:00 . Memory (MB): peak = 2641.844 ; gain = 0.000 ; free physical = 49979 ; free virtual = 65311
INFO: [Project 1-111] Unisim Transformation Summary:
No Unisim elements were transformed.

Synth Design complete | Checksum: 1b970617
INFO: [Common 17-83] Releasing license: Synthesis
86 Infos, 13 Warnings, 0 Critical Warnings and 0 Errors encountered.
synth_design completed successfully
synth_design: Time (s): cpu = 00:00:43 ; elapsed = 00:00:41 . Memory (MB): peak = 2641.844 ; gain = 1160.402 ; free physical = 49979 ; free virtual = 65310
INFO: [Common 17-2834] synth_design peak Physical Memory [PSS] (MB): overall = 1877.448; main = 1793.032; forked = 266.947
INFO: [Common 17-2834] synth_design peak Virtual Memory [VSS] (MB): overall = 3391.566; main = 2641.848; forked = 947.387
INFO: [Coretcl 2-1174] Renamed 3 cell refs.
Write ShapeDB Complete: Time (s): cpu = 00:00:00.03 ; elapsed = 00:00:00.01 . Memory (MB): peak = 2665.855 ; gain = 0.000 ; free physical = 49978 ; free virtual = 65311
INFO: [Common 17-1381] The checkpoint '/run/media/pjs/6A43-DC8A/smollm2-zybo/hw/vivado_project/GPTalk.runs/design_1_gemv_q8_0_dma_top_0_0_synth_1/design_1_gemv_q8_0_dma_top_0_0.dcp' has been generated.
INFO: [Vivado 12-24828] Executing command : report_utilization -file design_1_gemv_q8_0_dma_top_0_0_utilization_synth.rpt -pb design_1_gemv_q8_0_dma_top_0_0_utilization_synth.pb
INFO: [Common 17-206] Exiting Vivado at Tue Jun 30 18:31:52 2026...
[Tue Jun 30 18:32:02 2026] design_1_gemv_q8_0_dma_top_0_0_synth_1 finished
wait_on_runs: Time (s): cpu = 00:00:49 ; elapsed = 00:00:58 . Memory (MB): peak = 2031.816 ; gain = 0.000 ; free physical = 51505 ; free virtual = 66854
# launch_runs synth_1 -jobs $vivado_jobs
INFO: [IP_Flow 19-6930] IPCACHE: runCacheChecks() number of threads = 8
INFO: [IP_Flow 19-6921] IPCACHE: Adding cache check func to thread queue for IP design_1_axi_ctrl_smc_0
INFO: [IP_Flow 19-6921] IPCACHE: Adding cache check func to thread queue for IP design_1_axi_gemv_hp1_smc_0
INFO: [IP_Flow 19-6921] IPCACHE: Adding cache check func to thread queue for IP design_1_axi_video_hp0_smc_0
INFO: [IP_Flow 19-8020] IPCACHE: runCacheChecks() calling threadPool finishWork()
INFO: [IP_Flow 19-6924] IPCACHE: Running cache check for IP inst: design_1_axi_ctrl_smc_0
INFO: [IP_Flow 19-6922] IPCACHE: Exporting cached entry fa3727ad2fbb62e9 to dir: /run/media/pjs/6A43-DC8A/smollm2-zybo/hw/vivado_project/GPTalk.gen/sources_1/bd/design_1/ip/design_1_axi_ctrl_smc_0
INFO: [IP_Flow 19-6928] IPCACHE: copied cached file /run/media/pjs/6A43-DC8A/smollm2-zybo/hw/vivado_project/GPTalk.cache/ip/2024.2.2/f/a/fa3727ad2fbb62e9/design_1_axi_ctrl_smc_0.dcp to /run/media/pjs/6A43-DC8A/smollm2-zybo/hw/vivado_project/GPTalk.gen/sources_1/bd/design_1/ip/design_1_axi_ctrl_smc_0/design_1_axi_ctrl_smc_0.dcp.
INFO: [IP_Flow 19-6926] IPCACHE: added file to list for BOM: /run/media/pjs/6A43-DC8A/smollm2-zybo/hw/vivado_project/GPTalk.gen/sources_1/bd/design_1/ip/design_1_axi_ctrl_smc_0/design_1_axi_ctrl_smc_0.dcp
INFO: [IP_Flow 19-6928] IPCACHE: copied cached file /run/media/pjs/6A43-DC8A/smollm2-zybo/hw/vivado_project/GPTalk.cache/ip/2024.2.2/f/a/fa3727ad2fbb62e9/design_1_axi_ctrl_smc_0_stub.v to /run/media/pjs/6A43-DC8A/smollm2-zybo/hw/vivado_project/GPTalk.gen/sources_1/bd/design_1/ip/design_1_axi_ctrl_smc_0/design_1_axi_ctrl_smc_0_stub.v.
INFO: [IP_Flow 19-6926] IPCACHE: added file to list for BOM: /run/media/pjs/6A43-DC8A/smollm2-zybo/hw/vivado_project/GPTalk.gen/sources_1/bd/design_1/ip/design_1_axi_ctrl_smc_0/design_1_axi_ctrl_smc_0_stub.v
INFO: [IP_Flow 19-6928] IPCACHE: copied cached file /run/media/pjs/6A43-DC8A/smollm2-zybo/hw/vivado_project/GPTalk.cache/ip/2024.2.2/f/a/fa3727ad2fbb62e9/design_1_axi_ctrl_smc_0_stub.vhdl to /run/media/pjs/6A43-DC8A/smollm2-zybo/hw/vivado_project/GPTalk.gen/sources_1/bd/design_1/ip/design_1_axi_ctrl_smc_0/design_1_axi_ctrl_smc_0_stub.vhdl.
INFO: [IP_Flow 19-6926] IPCACHE: added file to list for BOM: /run/media/pjs/6A43-DC8A/smollm2-zybo/hw/vivado_project/GPTalk.gen/sources_1/bd/design_1/ip/design_1_axi_ctrl_smc_0/design_1_axi_ctrl_smc_0_stub.vhdl
INFO: [IP_Flow 19-6928] IPCACHE: copied cached file /run/media/pjs/6A43-DC8A/smollm2-zybo/hw/vivado_project/GPTalk.cache/ip/2024.2.2/f/a/fa3727ad2fbb62e9/design_1_axi_ctrl_smc_0_sim_netlist.v to /run/media/pjs/6A43-DC8A/smollm2-zybo/hw/vivado_project/GPTalk.gen/sources_1/bd/design_1/ip/design_1_axi_ctrl_smc_0/design_1_axi_ctrl_smc_0_sim_netlist.v.
INFO: [IP_Flow 19-6926] IPCACHE: added file to list for BOM: /run/media/pjs/6A43-DC8A/smollm2-zybo/hw/vivado_project/GPTalk.gen/sources_1/bd/design_1/ip/design_1_axi_ctrl_smc_0/design_1_axi_ctrl_smc_0_sim_netlist.v
INFO: [IP_Flow 19-6928] IPCACHE: copied cached file /run/media/pjs/6A43-DC8A/smollm2-zybo/hw/vivado_project/GPTalk.cache/ip/2024.2.2/f/a/fa3727ad2fbb62e9/design_1_axi_ctrl_smc_0_sim_netlist.vhdl to /run/media/pjs/6A43-DC8A/smollm2-zybo/hw/vivado_project/GPTalk.gen/sources_1/bd/design_1/ip/design_1_axi_ctrl_smc_0/design_1_axi_ctrl_smc_0_sim_netlist.vhdl.
INFO: [IP_Flow 19-6926] IPCACHE: added file to list for BOM: /run/media/pjs/6A43-DC8A/smollm2-zybo/hw/vivado_project/GPTalk.gen/sources_1/bd/design_1/ip/design_1_axi_ctrl_smc_0/design_1_axi_ctrl_smc_0_sim_netlist.vhdl
INFO: [IP_Flow 19-4993] Using cached IP synthesis design for IP design_1_axi_ctrl_smc_0, cache-ID = fa3727ad2fbb62e9; cache size = 318.651 MB.
INFO: [IP_Flow 19-6924] IPCACHE: Running cache check for IP inst: design_1_axi_gemv_hp1_smc_0
INFO: [IP_Flow 19-6922] IPCACHE: Exporting cached entry 4c5cd8ee9e102ed5 to dir: /run/media/pjs/6A43-DC8A/smollm2-zybo/hw/vivado_project/GPTalk.gen/sources_1/bd/design_1/ip/design_1_axi_gemv_hp1_smc_0
INFO: [IP_Flow 19-6928] IPCACHE: copied cached file /run/media/pjs/6A43-DC8A/smollm2-zybo/hw/vivado_project/GPTalk.cache/ip/2024.2.2/4/c/4c5cd8ee9e102ed5/design_1_axi_gemv_hp1_smc_0.dcp to /run/media/pjs/6A43-DC8A/smollm2-zybo/hw/vivado_project/GPTalk.gen/sources_1/bd/design_1/ip/design_1_axi_gemv_hp1_smc_0/design_1_axi_gemv_hp1_smc_0.dcp.
INFO: [IP_Flow 19-6926] IPCACHE: added file to list for BOM: /run/media/pjs/6A43-DC8A/smollm2-zybo/hw/vivado_project/GPTalk.gen/sources_1/bd/design_1/ip/design_1_axi_gemv_hp1_smc_0/design_1_axi_gemv_hp1_smc_0.dcp
INFO: [IP_Flow 19-6928] IPCACHE: copied cached file /run/media/pjs/6A43-DC8A/smollm2-zybo/hw/vivado_project/GPTalk.cache/ip/2024.2.2/4/c/4c5cd8ee9e102ed5/design_1_axi_gemv_hp1_smc_0_stub.v to /run/media/pjs/6A43-DC8A/smollm2-zybo/hw/vivado_project/GPTalk.gen/sources_1/bd/design_1/ip/design_1_axi_gemv_hp1_smc_0/design_1_axi_gemv_hp1_smc_0_stub.v.
INFO: [IP_Flow 19-6926] IPCACHE: added file to list for BOM: /run/media/pjs/6A43-DC8A/smollm2-zybo/hw/vivado_project/GPTalk.gen/sources_1/bd/design_1/ip/design_1_axi_gemv_hp1_smc_0/design_1_axi_gemv_hp1_smc_0_stub.v
INFO: [IP_Flow 19-6928] IPCACHE: copied cached file /run/media/pjs/6A43-DC8A/smollm2-zybo/hw/vivado_project/GPTalk.cache/ip/2024.2.2/4/c/4c5cd8ee9e102ed5/design_1_axi_gemv_hp1_smc_0_stub.vhdl to /run/media/pjs/6A43-DC8A/smollm2-zybo/hw/vivado_project/GPTalk.gen/sources_1/bd/design_1/ip/design_1_axi_gemv_hp1_smc_0/design_1_axi_gemv_hp1_smc_0_stub.vhdl.
INFO: [IP_Flow 19-6926] IPCACHE: added file to list for BOM: /run/media/pjs/6A43-DC8A/smollm2-zybo/hw/vivado_project/GPTalk.gen/sources_1/bd/design_1/ip/design_1_axi_gemv_hp1_smc_0/design_1_axi_gemv_hp1_smc_0_stub.vhdl
INFO: [IP_Flow 19-6928] IPCACHE: copied cached file /run/media/pjs/6A43-DC8A/smollm2-zybo/hw/vivado_project/GPTalk.cache/ip/2024.2.2/4/c/4c5cd8ee9e102ed5/design_1_axi_gemv_hp1_smc_0_sim_netlist.v to /run/media/pjs/6A43-DC8A/smollm2-zybo/hw/vivado_project/GPTalk.gen/sources_1/bd/design_1/ip/design_1_axi_gemv_hp1_smc_0/design_1_axi_gemv_hp1_smc_0_sim_netlist.v.
INFO: [IP_Flow 19-6926] IPCACHE: added file to list for BOM: /run/media/pjs/6A43-DC8A/smollm2-zybo/hw/vivado_project/GPTalk.gen/sources_1/bd/design_1/ip/design_1_axi_gemv_hp1_smc_0/design_1_axi_gemv_hp1_smc_0_sim_netlist.v
INFO: [IP_Flow 19-6928] IPCACHE: copied cached file /run/media/pjs/6A43-DC8A/smollm2-zybo/hw/vivado_project/GPTalk.cache/ip/2024.2.2/4/c/4c5cd8ee9e102ed5/design_1_axi_gemv_hp1_smc_0_sim_netlist.vhdl to /run/media/pjs/6A43-DC8A/smollm2-zybo/hw/vivado_project/GPTalk.gen/sources_1/bd/design_1/ip/design_1_axi_gemv_hp1_smc_0/design_1_axi_gemv_hp1_smc_0_sim_netlist.vhdl.
INFO: [IP_Flow 19-6926] IPCACHE: added file to list for BOM: /run/media/pjs/6A43-DC8A/smollm2-zybo/hw/vivado_project/GPTalk.gen/sources_1/bd/design_1/ip/design_1_axi_gemv_hp1_smc_0/design_1_axi_gemv_hp1_smc_0_sim_netlist.vhdl
INFO: [IP_Flow 19-4993] Using cached IP synthesis design for IP design_1_axi_gemv_hp1_smc_0, cache-ID = 4c5cd8ee9e102ed5; cache size = 318.651 MB.
INFO: [IP_Flow 19-6924] IPCACHE: Running cache check for IP inst: design_1_axi_video_hp0_smc_0
INFO: [IP_Flow 19-6922] IPCACHE: Exporting cached entry 9877856e2acdf83e to dir: /run/media/pjs/6A43-DC8A/smollm2-zybo/hw/vivado_project/GPTalk.gen/sources_1/bd/design_1/ip/design_1_axi_video_hp0_smc_0
INFO: [IP_Flow 19-6928] IPCACHE: copied cached file /run/media/pjs/6A43-DC8A/smollm2-zybo/hw/vivado_project/GPTalk.cache/ip/2024.2.2/9/8/9877856e2acdf83e/design_1_axi_video_hp0_smc_0.dcp to /run/media/pjs/6A43-DC8A/smollm2-zybo/hw/vivado_project/GPTalk.gen/sources_1/bd/design_1/ip/design_1_axi_video_hp0_smc_0/design_1_axi_video_hp0_smc_0.dcp.
INFO: [IP_Flow 19-6926] IPCACHE: added file to list for BOM: /run/media/pjs/6A43-DC8A/smollm2-zybo/hw/vivado_project/GPTalk.gen/sources_1/bd/design_1/ip/design_1_axi_video_hp0_smc_0/design_1_axi_video_hp0_smc_0.dcp
INFO: [IP_Flow 19-6928] IPCACHE: copied cached file /run/media/pjs/6A43-DC8A/smollm2-zybo/hw/vivado_project/GPTalk.cache/ip/2024.2.2/9/8/9877856e2acdf83e/design_1_axi_video_hp0_smc_0_stub.v to /run/media/pjs/6A43-DC8A/smollm2-zybo/hw/vivado_project/GPTalk.gen/sources_1/bd/design_1/ip/design_1_axi_video_hp0_smc_0/design_1_axi_video_hp0_smc_0_stub.v.
INFO: [IP_Flow 19-6926] IPCACHE: added file to list for BOM: /run/media/pjs/6A43-DC8A/smollm2-zybo/hw/vivado_project/GPTalk.gen/sources_1/bd/design_1/ip/design_1_axi_video_hp0_smc_0/design_1_axi_video_hp0_smc_0_stub.v
INFO: [IP_Flow 19-6928] IPCACHE: copied cached file /run/media/pjs/6A43-DC8A/smollm2-zybo/hw/vivado_project/GPTalk.cache/ip/2024.2.2/9/8/9877856e2acdf83e/design_1_axi_video_hp0_smc_0_stub.vhdl to /run/media/pjs/6A43-DC8A/smollm2-zybo/hw/vivado_project/GPTalk.gen/sources_1/bd/design_1/ip/design_1_axi_video_hp0_smc_0/design_1_axi_video_hp0_smc_0_stub.vhdl.
INFO: [IP_Flow 19-6926] IPCACHE: added file to list for BOM: /run/media/pjs/6A43-DC8A/smollm2-zybo/hw/vivado_project/GPTalk.gen/sources_1/bd/design_1/ip/design_1_axi_video_hp0_smc_0/design_1_axi_video_hp0_smc_0_stub.vhdl
INFO: [IP_Flow 19-6928] IPCACHE: copied cached file /run/media/pjs/6A43-DC8A/smollm2-zybo/hw/vivado_project/GPTalk.cache/ip/2024.2.2/9/8/9877856e2acdf83e/design_1_axi_video_hp0_smc_0_sim_netlist.v to /run/media/pjs/6A43-DC8A/smollm2-zybo/hw/vivado_project/GPTalk.gen/sources_1/bd/design_1/ip/design_1_axi_video_hp0_smc_0/design_1_axi_video_hp0_smc_0_sim_netlist.v.
INFO: [IP_Flow 19-6926] IPCACHE: added file to list for BOM: /run/media/pjs/6A43-DC8A/smollm2-zybo/hw/vivado_project/GPTalk.gen/sources_1/bd/design_1/ip/design_1_axi_video_hp0_smc_0/design_1_axi_video_hp0_smc_0_sim_netlist.v
INFO: [IP_Flow 19-6928] IPCACHE: copied cached file /run/media/pjs/6A43-DC8A/smollm2-zybo/hw/vivado_project/GPTalk.cache/ip/2024.2.2/9/8/9877856e2acdf83e/design_1_axi_video_hp0_smc_0_sim_netlist.vhdl to /run/media/pjs/6A43-DC8A/smollm2-zybo/hw/vivado_project/GPTalk.gen/sources_1/bd/design_1/ip/design_1_axi_video_hp0_smc_0/design_1_axi_video_hp0_smc_0_sim_netlist.vhdl.
INFO: [IP_Flow 19-6926] IPCACHE: added file to list for BOM: /run/media/pjs/6A43-DC8A/smollm2-zybo/hw/vivado_project/GPTalk.gen/sources_1/bd/design_1/ip/design_1_axi_video_hp0_smc_0/design_1_axi_video_hp0_smc_0_sim_netlist.vhdl
INFO: [IP_Flow 19-4993] Using cached IP synthesis design for IP design_1_axi_video_hp0_smc_0, cache-ID = 9877856e2acdf83e; cache size = 318.651 MB.
[Tue Jun 30 18:32:05 2026] Launched synth_1...
Run output will be captured here: /run/media/pjs/6A43-DC8A/smollm2-zybo/hw/vivado_project/GPTalk.runs/synth_1/runme.log
# wait_on_run synth_1
[Tue Jun 30 18:32:05 2026] Waiting for synth_1 to finish...

*** Running vivado
    with args -log design_1_wrapper.vds -m64 -product Vivado -mode batch -messageDb vivado.pb -notrace -source design_1_wrapper.tcl


****** Vivado v2024.2.2 (64-bit)
  **** SW Build 6060944 on Thu Mar 06 19:10:09 MST 2025
  **** IP Build 6050500 on Thu Mar  6 23:33:39 MST 2025
  **** SharedData Build 6060542 on Thu Mar 06 10:31:07 MST 2025
  **** Start of session at: Tue Jun 30 18:32:06 2026
    ** Copyright 1986-2022 Xilinx, Inc. All Rights Reserved.
    ** Copyright 2022-2025 Advanced Micro Devices, Inc. All Rights Reserved.

CRITICAL WARNING: [Common 17-741] No write access right to the local Tcl store at '/home/pjs/.Xilinx/Vivado/2024.2.2/XilinxTclStore'. XilinxTclStore is reverted to the installation area. If you want to use local Tcl Store, please change the access right and relaunch Vivado.
Sourcing tcl script '/home/pjs/.Xilinx/Vivado/Vivado_init.tcl'
source design_1_wrapper.tcl -notrace
INFO: [IP_Flow 19-234] Refreshing IP repositories
INFO: [IP_Flow 19-1700] Loaded user IP repository '/run/media/pjs/6A43-DC8A/smollm2-zybo/third_party/digilent-vivado-library/if'.
INFO: [IP_Flow 19-1700] Loaded user IP repository '/run/media/pjs/6A43-DC8A/smollm2-zybo/third_party/digilent-vivado-library/ip'.
INFO: [IP_Flow 19-2313] Loaded Vivado IP repository '/tools/Xilinx/Vivado/2024.2/data/ip'.
INFO: [Project 1-5578] Found utility IPs instantiated in block design /run/media/pjs/6A43-DC8A/smollm2-zybo/hw/vivado_project/GPTalk.srcs/sources_1/bd/design_1/design_1.bd which have equivalent inline hdl with improved performance and reduced diskspace.
It is recommended to migrate these utility IPs to inline hdl  using the command upgrade_project -migrate_to_inline_hdl.  The utility IPs may be deprecated in future releases.
More information on inline hdl is available in UG994. 
Command: read_checkpoint -auto_incremental -incremental /run/media/pjs/6A43-DC8A/smollm2-zybo/hw/vivado_project/GPTalk.srcs/utils_1/imports/synth_1/design_1_wrapper.dcp
INFO: [Vivado 12-5825] Read reference checkpoint from /run/media/pjs/6A43-DC8A/smollm2-zybo/hw/vivado_project/GPTalk.srcs/utils_1/imports/synth_1/design_1_wrapper.dcp for incremental synthesis
INFO: [Vivado 12-7989] Please ensure there are no constraint changes
Command: synth_design -top design_1_wrapper -part xc7z020clg400-1 -directive PerformanceOptimized -fsm_extraction one_hot -keep_equivalent_registers -resource_sharing off -no_lc -shreg_min_size 5
Starting synth_design
Attempting to get a license for feature 'Synthesis' and/or device 'xc7z020'
INFO: [Common 17-349] Got license for feature 'Synthesis' and/or device 'xc7z020'
INFO: [Device 21-403] Loading part xc7z020clg400-1
INFO: [Designutils 20-5440] No compile time benefit to using incremental synthesis; A full resynthesis will be run
INFO: [Designutils 20-4379] Flow is switching to default flow due to incremental criteria not met. If you would like to alter this behaviour and have the flow terminate instead, please set the following parameter config_implementation {autoIncr.Synth.RejectBehavior Terminate}
INFO: [Synth 8-7079] Multithreading enabled for synth_design using a maximum of 7 processes.
INFO: [Synth 8-7078] Launching helper process for spawning children vivado processes
INFO: [Synth 8-7075] Helper process launched with PID 875
---------------------------------------------------------------------------------
Starting RTL Elaboration : Time (s): cpu = 00:00:02 ; elapsed = 00:00:02 . Memory (MB): peak = 2071.793 ; gain = 387.707 ; free physical = 50106 ; free virtual = 65456
---------------------------------------------------------------------------------
INFO: [Synth 8-6157] synthesizing module 'design_1_wrapper' [/run/media/pjs/6A43-DC8A/smollm2-zybo/hw/vivado_project/GPTalk.gen/sources_1/bd/design_1/hdl/design_1_wrapper.v:13]
INFO: [Synth 8-6157] synthesizing module 'design_1' [/run/media/pjs/6A43-DC8A/smollm2-zybo/hw/vivado_project/GPTalk.gen/sources_1/bd/design_1/synth/design_1.v:13]
INFO: [Synth 8-6157] synthesizing module 'design_1_axi_bram_ctrl_clkconv_0' [/run/media/pjs/6A43-DC8A/smollm2-zybo/hw/vivado_project/GPTalk.runs/synth_1/.Xil/Vivado-813-pjs-laptop/realtime/design_1_axi_bram_ctrl_clkconv_0_stub.v:6]
INFO: [Synth 8-6155] done synthesizing module 'design_1_axi_bram_ctrl_clkconv_0' (0#1) [/run/media/pjs/6A43-DC8A/smollm2-zybo/hw/vivado_project/GPTalk.runs/synth_1/.Xil/Vivado-813-pjs-laptop/realtime/design_1_axi_bram_ctrl_clkconv_0_stub.v:6]
WARNING: [Synth 8-7071] port 'm_axi_awregion' of module 'design_1_axi_bram_ctrl_clkconv_0' is unconnected for instance 'axi_bram_ctrl_clkconv' [/run/media/pjs/6A43-DC8A/smollm2-zybo/hw/vivado_project/GPTalk.gen/sources_1/bd/design_1/synth/design_1.v:497]
WARNING: [Synth 8-7071] port 'm_axi_awqos' of module 'design_1_axi_bram_ctrl_clkconv_0' is unconnected for instance 'axi_bram_ctrl_clkconv' [/run/media/pjs/6A43-DC8A/smollm2-zybo/hw/vivado_project/GPTalk.gen/sources_1/bd/design_1/synth/design_1.v:497]
WARNING: [Synth 8-7071] port 'm_axi_arregion' of module 'design_1_axi_bram_ctrl_clkconv_0' is unconnected for instance 'axi_bram_ctrl_clkconv' [/run/media/pjs/6A43-DC8A/smollm2-zybo/hw/vivado_project/GPTalk.gen/sources_1/bd/design_1/synth/design_1.v:497]
WARNING: [Synth 8-7071] port 'm_axi_arqos' of module 'design_1_axi_bram_ctrl_clkconv_0' is unconnected for instance 'axi_bram_ctrl_clkconv' [/run/media/pjs/6A43-DC8A/smollm2-zybo/hw/vivado_project/GPTalk.gen/sources_1/bd/design_1/synth/design_1.v:497]
WARNING: [Synth 8-7023] instance 'axi_bram_ctrl_clkconv' of module 'design_1_axi_bram_ctrl_clkconv_0' has 74 connections declared, but only 70 given [/run/media/pjs/6A43-DC8A/smollm2-zybo/hw/vivado_project/GPTalk.gen/sources_1/bd/design_1/synth/design_1.v:497]
INFO: [Synth 8-6157] synthesizing module 'design_1_axi_ctrl_smc_0' [/run/media/pjs/6A43-DC8A/smollm2-zybo/hw/vivado_project/GPTalk.runs/synth_1/.Xil/Vivado-813-pjs-laptop/realtime/design_1_axi_ctrl_smc_0_stub.v:6]
INFO: [Synth 8-6155] done synthesizing module 'design_1_axi_ctrl_smc_0' (0#1) [/run/media/pjs/6A43-DC8A/smollm2-zybo/hw/vivado_project/GPTalk.runs/synth_1/.Xil/Vivado-813-pjs-laptop/realtime/design_1_axi_ctrl_smc_0_stub.v:6]
WARNING: [Synth 8-7071] port 'M00_AXI_awprot' of module 'design_1_axi_ctrl_smc_0' is unconnected for instance 'axi_ctrl_smc' [/run/media/pjs/6A43-DC8A/smollm2-zybo/hw/vivado_project/GPTalk.gen/sources_1/bd/design_1/synth/design_1.v:568]
WARNING: [Synth 8-7071] port 'M00_AXI_wstrb' of module 'design_1_axi_ctrl_smc_0' is unconnected for instance 'axi_ctrl_smc' [/run/media/pjs/6A43-DC8A/smollm2-zybo/hw/vivado_project/GPTalk.gen/sources_1/bd/design_1/synth/design_1.v:568]
WARNING: [Synth 8-7071] port 'M00_AXI_arprot' of module 'design_1_axi_ctrl_smc_0' is unconnected for instance 'axi_ctrl_smc' [/run/media/pjs/6A43-DC8A/smollm2-zybo/hw/vivado_project/GPTalk.gen/sources_1/bd/design_1/synth/design_1.v:568]
WARNING: [Synth 8-7071] port 'M01_AXI_awprot' of module 'design_1_axi_ctrl_smc_0' is unconnected for instance 'axi_ctrl_smc' [/run/media/pjs/6A43-DC8A/smollm2-zybo/hw/vivado_project/GPTalk.gen/sources_1/bd/design_1/synth/design_1.v:568]
WARNING: [Synth 8-7071] port 'M01_AXI_arprot' of module 'design_1_axi_ctrl_smc_0' is unconnected for instance 'axi_ctrl_smc' [/run/media/pjs/6A43-DC8A/smollm2-zybo/hw/vivado_project/GPTalk.gen/sources_1/bd/design_1/synth/design_1.v:568]
WARNING: [Synth 8-7023] instance 'axi_ctrl_smc' of module 'design_1_axi_ctrl_smc_0' has 168 connections declared, but only 163 given [/run/media/pjs/6A43-DC8A/smollm2-zybo/hw/vivado_project/GPTalk.gen/sources_1/bd/design_1/synth/design_1.v:568]
INFO: [Synth 8-6157] synthesizing module 'design_1_axi_dma_0_0' [/run/media/pjs/6A43-DC8A/smollm2-zybo/hw/vivado_project/GPTalk.runs/synth_1/.Xil/Vivado-813-pjs-laptop/realtime/design_1_axi_dma_0_0_stub.v:6]
INFO: [Synth 8-6155] done synthesizing module 'design_1_axi_dma_0_0' (0#1) [/run/media/pjs/6A43-DC8A/smollm2-zybo/hw/vivado_project/GPTalk.runs/synth_1/.Xil/Vivado-813-pjs-laptop/realtime/design_1_axi_dma_0_0_stub.v:6]
WARNING: [Synth 8-7071] port 'mm2s_prmry_reset_out_n' of module 'design_1_axi_dma_0_0' is unconnected for instance 'axi_dma_0' [/run/media/pjs/6A43-DC8A/smollm2-zybo/hw/vivado_project/GPTalk.gen/sources_1/bd/design_1/synth/design_1.v:732]
WARNING: [Synth 8-7071] port 's2mm_prmry_reset_out_n' of module 'design_1_axi_dma_0_0' is unconnected for instance 'axi_dma_0' [/run/media/pjs/6A43-DC8A/smollm2-zybo/hw/vivado_project/GPTalk.gen/sources_1/bd/design_1/synth/design_1.v:732]
WARNING: [Synth 8-7071] port 'axi_dma_tstvec' of module 'design_1_axi_dma_0_0' is unconnected for instance 'axi_dma_0' [/run/media/pjs/6A43-DC8A/smollm2-zybo/hw/vivado_project/GPTalk.gen/sources_1/bd/design_1/synth/design_1.v:732]
WARNING: [Synth 8-7023] instance 'axi_dma_0' of module 'design_1_axi_dma_0_0' has 64 connections declared, but only 61 given [/run/media/pjs/6A43-DC8A/smollm2-zybo/hw/vivado_project/GPTalk.gen/sources_1/bd/design_1/synth/design_1.v:732]
INFO: [Synth 8-6157] synthesizing module 'design_1_axi_dma_ctrl_clkconv_0' [/run/media/pjs/6A43-DC8A/smollm2-zybo/hw/vivado_project/GPTalk.runs/synth_1/.Xil/Vivado-813-pjs-laptop/realtime/design_1_axi_dma_ctrl_clkconv_0_stub.v:6]
INFO: [Synth 8-6155] done synthesizing module 'design_1_axi_dma_ctrl_clkconv_0' (0#1) [/run/media/pjs/6A43-DC8A/smollm2-zybo/hw/vivado_project/GPTalk.runs/synth_1/.Xil/Vivado-813-pjs-laptop/realtime/design_1_axi_dma_ctrl_clkconv_0_stub.v:6]
WARNING: [Synth 8-7071] port 'm_axi_awprot' of module 'design_1_axi_dma_ctrl_clkconv_0' is unconnected for instance 'axi_dma_ctrl_clkconv' [/run/media/pjs/6A43-DC8A/smollm2-zybo/hw/vivado_project/GPTalk.gen/sources_1/bd/design_1/synth/design_1.v:794]
WARNING: [Synth 8-7071] port 'm_axi_wstrb' of module 'design_1_axi_dma_ctrl_clkconv_0' is unconnected for instance 'axi_dma_ctrl_clkconv' [/run/media/pjs/6A43-DC8A/smollm2-zybo/hw/vivado_project/GPTalk.gen/sources_1/bd/design_1/synth/design_1.v:794]
WARNING: [Synth 8-7071] port 'm_axi_arprot' of module 'design_1_axi_dma_ctrl_clkconv_0' is unconnected for instance 'axi_dma_ctrl_clkconv' [/run/media/pjs/6A43-DC8A/smollm2-zybo/hw/vivado_project/GPTalk.gen/sources_1/bd/design_1/synth/design_1.v:794]
WARNING: [Synth 8-7023] instance 'axi_dma_ctrl_clkconv' of module 'design_1_axi_dma_ctrl_clkconv_0' has 42 connections declared, but only 39 given [/run/media/pjs/6A43-DC8A/smollm2-zybo/hw/vivado_project/GPTalk.gen/sources_1/bd/design_1/synth/design_1.v:794]
INFO: [Synth 8-6157] synthesizing module 'design_1_axi_dynclk_0_0' [/run/media/pjs/6A43-DC8A/smollm2-zybo/hw/vivado_project/GPTalk.runs/synth_1/.Xil/Vivado-813-pjs-laptop/realtime/design_1_axi_dynclk_0_0_stub.v:6]
INFO: [Synth 8-6155] done synthesizing module 'design_1_axi_dynclk_0_0' (0#1) [/run/media/pjs/6A43-DC8A/smollm2-zybo/hw/vivado_project/GPTalk.runs/synth_1/.Xil/Vivado-813-pjs-laptop/realtime/design_1_axi_dynclk_0_0_stub.v:6]
INFO: [Synth 8-6157] synthesizing module 'design_1_axi_gemv_ctrl_clkconv_0' [/run/media/pjs/6A43-DC8A/smollm2-zybo/hw/vivado_project/GPTalk.runs/synth_1/.Xil/Vivado-813-pjs-laptop/realtime/design_1_axi_gemv_ctrl_clkconv_0_stub.v:6]
INFO: [Synth 8-6155] done synthesizing module 'design_1_axi_gemv_ctrl_clkconv_0' (0#1) [/run/media/pjs/6A43-DC8A/smollm2-zybo/hw/vivado_project/GPTalk.runs/synth_1/.Xil/Vivado-813-pjs-laptop/realtime/design_1_axi_gemv_ctrl_clkconv_0_stub.v:6]
INFO: [Synth 8-6157] synthesizing module 'design_1_axi_gemv_hp1_smc_0' [/run/media/pjs/6A43-DC8A/smollm2-zybo/hw/vivado_project/GPTalk.runs/synth_1/.Xil/Vivado-813-pjs-laptop/realtime/design_1_axi_gemv_hp1_smc_0_stub.v:6]
INFO: [Synth 8-6155] done synthesizing module 'design_1_axi_gemv_hp1_smc_0' (0#1) [/run/media/pjs/6A43-DC8A/smollm2-zybo/hw/vivado_project/GPTalk.runs/synth_1/.Xil/Vivado-813-pjs-laptop/realtime/design_1_axi_gemv_hp1_smc_0_stub.v:6]
INFO: [Synth 8-6157] synthesizing module 'design_1_axi_input_bram_ctrl_0' [/run/media/pjs/6A43-DC8A/smollm2-zybo/hw/vivado_project/GPTalk.runs/synth_1/.Xil/Vivado-813-pjs-laptop/realtime/design_1_axi_input_bram_ctrl_0_stub.v:6]
INFO: [Synth 8-6155] done synthesizing module 'design_1_axi_input_bram_ctrl_0' (0#1) [/run/media/pjs/6A43-DC8A/smollm2-zybo/hw/vivado_project/GPTalk.runs/synth_1/.Xil/Vivado-813-pjs-laptop/realtime/design_1_axi_input_bram_ctrl_0_stub.v:6]
INFO: [Synth 8-6157] synthesizing module 'design_1_axi_vdma_1_0' [/run/media/pjs/6A43-DC8A/smollm2-zybo/hw/vivado_project/GPTalk.runs/synth_1/.Xil/Vivado-813-pjs-laptop/realtime/design_1_axi_vdma_1_0_stub.v:6]
INFO: [Synth 8-6155] done synthesizing module 'design_1_axi_vdma_1_0' (0#1) [/run/media/pjs/6A43-DC8A/smollm2-zybo/hw/vivado_project/GPTalk.runs/synth_1/.Xil/Vivado-813-pjs-laptop/realtime/design_1_axi_vdma_1_0_stub.v:6]
WARNING: [Synth 8-7071] port 'mm2s_frame_ptr_out' of module 'design_1_axi_vdma_1_0' is unconnected for instance 'axi_vdma_1' [/run/media/pjs/6A43-DC8A/smollm2-zybo/hw/vivado_project/GPTalk.gen/sources_1/bd/design_1/synth/design_1.v:1015]
WARNING: [Synth 8-7023] instance 'axi_vdma_1' of module 'design_1_axi_vdma_1_0' has 42 connections declared, but only 41 given [/run/media/pjs/6A43-DC8A/smollm2-zybo/hw/vivado_project/GPTalk.gen/sources_1/bd/design_1/synth/design_1.v:1015]
INFO: [Synth 8-6157] synthesizing module 'design_1_axi_video_hp0_smc_0' [/run/media/pjs/6A43-DC8A/smollm2-zybo/hw/vivado_project/GPTalk.runs/synth_1/.Xil/Vivado-813-pjs-laptop/realtime/design_1_axi_video_hp0_smc_0_stub.v:6]
INFO: [Synth 8-6155] done synthesizing module 'design_1_axi_video_hp0_smc_0' (0#1) [/run/media/pjs/6A43-DC8A/smollm2-zybo/hw/vivado_project/GPTalk.runs/synth_1/.Xil/Vivado-813-pjs-laptop/realtime/design_1_axi_video_hp0_smc_0_stub.v:6]
INFO: [Synth 8-6157] synthesizing module 'design_1_axis_subset_converter_out_0' [/run/media/pjs/6A43-DC8A/smollm2-zybo/hw/vivado_project/GPTalk.runs/synth_1/.Xil/Vivado-813-pjs-laptop/realtime/design_1_axis_subset_converter_out_0_stub.v:6]
INFO: [Synth 8-6155] done synthesizing module 'design_1_axis_subset_converter_out_0' (0#1) [/run/media/pjs/6A43-DC8A/smollm2-zybo/hw/vivado_project/GPTalk.runs/synth_1/.Xil/Vivado-813-pjs-laptop/realtime/design_1_axis_subset_converter_out_0_stub.v:6]
WARNING: [Synth 8-7071] port 'm_axis_tkeep' of module 'design_1_axis_subset_converter_out_0' is unconnected for instance 'axis_subset_converter_out' [/run/media/pjs/6A43-DC8A/smollm2-zybo/hw/vivado_project/GPTalk.gen/sources_1/bd/design_1/synth/design_1.v:1090]
WARNING: [Synth 8-7023] instance 'axis_subset_converter_out' of module 'design_1_axis_subset_converter_out_0' has 14 connections declared, but only 13 given [/run/media/pjs/6A43-DC8A/smollm2-zybo/hw/vivado_project/GPTalk.gen/sources_1/bd/design_1/synth/design_1.v:1090]
INFO: [Synth 8-6157] synthesizing module 'design_1_gemv_q8_0_dma_top_0_0' [/run/media/pjs/6A43-DC8A/smollm2-zybo/hw/vivado_project/GPTalk.runs/synth_1/.Xil/Vivado-813-pjs-laptop/realtime/design_1_gemv_q8_0_dma_top_0_0_stub.v:6]
INFO: [Synth 8-6155] done synthesizing module 'design_1_gemv_q8_0_dma_top_0_0' (0#1) [/run/media/pjs/6A43-DC8A/smollm2-zybo/hw/vivado_project/GPTalk.runs/synth_1/.Xil/Vivado-813-pjs-laptop/realtime/design_1_gemv_q8_0_dma_top_0_0_stub.v:6]
INFO: [Synth 8-6157] synthesizing module 'design_1_input_vector_bram_0' [/run/media/pjs/6A43-DC8A/smollm2-zybo/hw/vivado_project/GPTalk.runs/synth_1/.Xil/Vivado-813-pjs-laptop/realtime/design_1_input_vector_bram_0_stub.v:6]
INFO: [Synth 8-6155] done synthesizing module 'design_1_input_vector_bram_0' (0#1) [/run/media/pjs/6A43-DC8A/smollm2-zybo/hw/vivado_project/GPTalk.runs/synth_1/.Xil/Vivado-813-pjs-laptop/realtime/design_1_input_vector_bram_0_stub.v:6]
WARNING: [Synth 8-7071] port 'rsta_busy' of module 'design_1_input_vector_bram_0' is unconnected for instance 'input_vector_bram' [/run/media/pjs/6A43-DC8A/smollm2-zybo/hw/vivado_project/GPTalk.gen/sources_1/bd/design_1/synth/design_1.v:1143]
WARNING: [Synth 8-7071] port 'rstb_busy' of module 'design_1_input_vector_bram_0' is unconnected for instance 'input_vector_bram' [/run/media/pjs/6A43-DC8A/smollm2-zybo/hw/vivado_project/GPTalk.gen/sources_1/bd/design_1/synth/design_1.v:1143]
WARNING: [Synth 8-7023] instance 'input_vector_bram' of module 'design_1_input_vector_bram_0' has 16 connections declared, but only 14 given [/run/media/pjs/6A43-DC8A/smollm2-zybo/hw/vivado_project/GPTalk.gen/sources_1/bd/design_1/synth/design_1.v:1143]
INFO: [Synth 8-6157] synthesizing module 'design_1_mm2s_axis_fifo_0' [/run/media/pjs/6A43-DC8A/smollm2-zybo/hw/vivado_project/GPTalk.runs/synth_1/.Xil/Vivado-813-pjs-laptop/realtime/design_1_mm2s_axis_fifo_0_stub.v:6]
INFO: [Synth 8-6155] done synthesizing module 'design_1_mm2s_axis_fifo_0' (0#1) [/run/media/pjs/6A43-DC8A/smollm2-zybo/hw/vivado_project/GPTalk.runs/synth_1/.Xil/Vivado-813-pjs-laptop/realtime/design_1_mm2s_axis_fifo_0_stub.v:6]
INFO: [Synth 8-6157] synthesizing module 'design_1_processing_system7_0_0' [/run/media/pjs/6A43-DC8A/smollm2-zybo/hw/vivado_project/GPTalk.runs/synth_1/.Xil/Vivado-813-pjs-laptop/realtime/design_1_processing_system7_0_0_stub.v:6]
INFO: [Synth 8-6155] done synthesizing module 'design_1_processing_system7_0_0' (0#1) [/run/media/pjs/6A43-DC8A/smollm2-zybo/hw/vivado_project/GPTalk.runs/synth_1/.Xil/Vivado-813-pjs-laptop/realtime/design_1_processing_system7_0_0_stub.v:6]
WARNING: [Synth 8-7071] port 'USB0_PORT_INDCTL' of module 'design_1_processing_system7_0_0' is unconnected for instance 'processing_system7_0' [/run/media/pjs/6A43-DC8A/smollm2-zybo/hw/vivado_project/GPTalk.gen/sources_1/bd/design_1/synth/design_1.v:1173]
WARNING: [Synth 8-7071] port 'USB0_VBUS_PWRSELECT' of module 'design_1_processing_system7_0_0' is unconnected for instance 'processing_system7_0' [/run/media/pjs/6A43-DC8A/smollm2-zybo/hw/vivado_project/GPTalk.gen/sources_1/bd/design_1/synth/design_1.v:1173]
WARNING: [Synth 8-7071] port 'S_AXI_HP0_AWREADY' of module 'design_1_processing_system7_0_0' is unconnected for instance 'processing_system7_0' [/run/media/pjs/6A43-DC8A/smollm2-zybo/hw/vivado_project/GPTalk.gen/sources_1/bd/design_1/synth/design_1.v:1173]
WARNING: [Synth 8-7071] port 'S_AXI_HP0_BVALID' of module 'design_1_processing_system7_0_0' is unconnected for instance 'processing_system7_0' [/run/media/pjs/6A43-DC8A/smollm2-zybo/hw/vivado_project/GPTalk.gen/sources_1/bd/design_1/synth/design_1.v:1173]
WARNING: [Synth 8-7071] port 'S_AXI_HP0_WREADY' of module 'design_1_processing_system7_0_0' is unconnected for instance 'processing_system7_0' [/run/media/pjs/6A43-DC8A/smollm2-zybo/hw/vivado_project/GPTalk.gen/sources_1/bd/design_1/synth/design_1.v:1173]
WARNING: [Synth 8-7071] port 'S_AXI_HP0_BRESP' of module 'design_1_processing_system7_0_0' is unconnected for instance 'processing_system7_0' [/run/media/pjs/6A43-DC8A/smollm2-zybo/hw/vivado_project/GPTalk.gen/sources_1/bd/design_1/synth/design_1.v:1173]
WARNING: [Synth 8-7071] port 'S_AXI_HP0_BID' of module 'design_1_processing_system7_0_0' is unconnected for instance 'processing_system7_0' [/run/media/pjs/6A43-DC8A/smollm2-zybo/hw/vivado_project/GPTalk.gen/sources_1/bd/design_1/synth/design_1.v:1173]
WARNING: [Synth 8-7071] port 'S_AXI_HP0_RID' of module 'design_1_processing_system7_0_0' is unconnected for instance 'processing_system7_0' [/run/media/pjs/6A43-DC8A/smollm2-zybo/hw/vivado_project/GPTalk.gen/sources_1/bd/design_1/synth/design_1.v:1173]
WARNING: [Synth 8-7071] port 'S_AXI_HP0_RCOUNT' of module 'design_1_processing_system7_0_0' is unconnected for instance 'processing_system7_0' [/run/media/pjs/6A43-DC8A/smollm2-zybo/hw/vivado_project/GPTalk.gen/sources_1/bd/design_1/synth/design_1.v:1173]
WARNING: [Synth 8-7071] port 'S_AXI_HP0_WCOUNT' of module 'design_1_processing_system7_0_0' is unconnected for instance 'processing_system7_0' [/run/media/pjs/6A43-DC8A/smollm2-zybo/hw/vivado_project/GPTalk.gen/sources_1/bd/design_1/synth/design_1.v:1173]
WARNING: [Synth 8-7071] port 'S_AXI_HP0_RACOUNT' of module 'design_1_processing_system7_0_0' is unconnected for instance 'processing_system7_0' [/run/media/pjs/6A43-DC8A/smollm2-zybo/hw/vivado_project/GPTalk.gen/sources_1/bd/design_1/synth/design_1.v:1173]
WARNING: [Synth 8-7071] port 'S_AXI_HP0_WACOUNT' of module 'design_1_processing_system7_0_0' is unconnected for instance 'processing_system7_0' [/run/media/pjs/6A43-DC8A/smollm2-zybo/hw/vivado_project/GPTalk.gen/sources_1/bd/design_1/synth/design_1.v:1173]
WARNING: [Synth 8-7071] port 'S_AXI_HP1_BID' of module 'design_1_processing_system7_0_0' is unconnected for instance 'processing_system7_0' [/run/media/pjs/6A43-DC8A/smollm2-zybo/hw/vivado_project/GPTalk.gen/sources_1/bd/design_1/synth/design_1.v:1173]
WARNING: [Synth 8-7071] port 'S_AXI_HP1_RID' of module 'design_1_processing_system7_0_0' is unconnected for instance 'processing_system7_0' [/run/media/pjs/6A43-DC8A/smollm2-zybo/hw/vivado_project/GPTalk.gen/sources_1/bd/design_1/synth/design_1.v:1173]
WARNING: [Synth 8-7071] port 'S_AXI_HP1_RCOUNT' of module 'design_1_processing_system7_0_0' is unconnected for instance 'processing_system7_0' [/run/media/pjs/6A43-DC8A/smollm2-zybo/hw/vivado_project/GPTalk.gen/sources_1/bd/design_1/synth/design_1.v:1173]
WARNING: [Synth 8-7071] port 'S_AXI_HP1_WCOUNT' of module 'design_1_processing_system7_0_0' is unconnected for instance 'processing_system7_0' [/run/media/pjs/6A43-DC8A/smollm2-zybo/hw/vivado_project/GPTalk.gen/sources_1/bd/design_1/synth/design_1.v:1173]
WARNING: [Synth 8-7071] port 'S_AXI_HP1_RACOUNT' of module 'design_1_processing_system7_0_0' is unconnected for instance 'processing_system7_0' [/run/media/pjs/6A43-DC8A/smollm2-zybo/hw/vivado_project/GPTalk.gen/sources_1/bd/design_1/synth/design_1.v:1173]
WARNING: [Synth 8-7071] port 'S_AXI_HP1_WACOUNT' of module 'design_1_processing_system7_0_0' is unconnected for instance 'processing_system7_0' [/run/media/pjs/6A43-DC8A/smollm2-zybo/hw/vivado_project/GPTalk.gen/sources_1/bd/design_1/synth/design_1.v:1173]
WARNING: [Synth 8-7023] instance 'processing_system7_0' of module 'design_1_processing_system7_0_0' has 164 connections declared, but only 146 given [/run/media/pjs/6A43-DC8A/smollm2-zybo/hw/vivado_project/GPTalk.gen/sources_1/bd/design_1/synth/design_1.v:1173]
INFO: [Synth 8-6157] synthesizing module 'design_1_rgb2dvi_1_0' [/run/media/pjs/6A43-DC8A/smollm2-zybo/hw/vivado_project/GPTalk.runs/synth_1/.Xil/Vivado-813-pjs-laptop/realtime/design_1_rgb2dvi_1_0_stub.v:6]
INFO: [Synth 8-6155] done synthesizing module 'design_1_rgb2dvi_1_0' (0#1) [/run/media/pjs/6A43-DC8A/smollm2-zybo/hw/vivado_project/GPTalk.runs/synth_1/.Xil/Vivado-813-pjs-laptop/realtime/design_1_rgb2dvi_1_0_stub.v:6]
INFO: [Synth 8-6157] synthesizing module 'design_1_rst_ps7_0_100M_0' [/run/media/pjs/6A43-DC8A/smollm2-zybo/hw/vivado_project/GPTalk.runs/synth_1/.Xil/Vivado-813-pjs-laptop/realtime/design_1_rst_ps7_0_100M_0_stub.v:6]
INFO: [Synth 8-6155] done synthesizing module 'design_1_rst_ps7_0_100M_0' (0#1) [/run/media/pjs/6A43-DC8A/smollm2-zybo/hw/vivado_project/GPTalk.runs/synth_1/.Xil/Vivado-813-pjs-laptop/realtime/design_1_rst_ps7_0_100M_0_stub.v:6]
WARNING: [Synth 8-7071] port 'mb_reset' of module 'design_1_rst_ps7_0_100M_0' is unconnected for instance 'rst_ps7_0_100M' [/run/media/pjs/6A43-DC8A/smollm2-zybo/hw/vivado_project/GPTalk.gen/sources_1/bd/design_1/synth/design_1.v:1332]
WARNING: [Synth 8-7071] port 'bus_struct_reset' of module 'design_1_rst_ps7_0_100M_0' is unconnected for instance 'rst_ps7_0_100M' [/run/media/pjs/6A43-DC8A/smollm2-zybo/hw/vivado_project/GPTalk.gen/sources_1/bd/design_1/synth/design_1.v:1332]
WARNING: [Synth 8-7071] port 'peripheral_reset' of module 'design_1_rst_ps7_0_100M_0' is unconnected for instance 'rst_ps7_0_100M' [/run/media/pjs/6A43-DC8A/smollm2-zybo/hw/vivado_project/GPTalk.gen/sources_1/bd/design_1/synth/design_1.v:1332]
WARNING: [Synth 8-7071] port 'interconnect_aresetn' of module 'design_1_rst_ps7_0_100M_0' is unconnected for instance 'rst_ps7_0_100M' [/run/media/pjs/6A43-DC8A/smollm2-zybo/hw/vivado_project/GPTalk.gen/sources_1/bd/design_1/synth/design_1.v:1332]
WARNING: [Synth 8-7023] instance 'rst_ps7_0_100M' of module 'design_1_rst_ps7_0_100M_0' has 10 connections declared, but only 6 given [/run/media/pjs/6A43-DC8A/smollm2-zybo/hw/vivado_project/GPTalk.gen/sources_1/bd/design_1/synth/design_1.v:1332]
INFO: [Synth 8-6157] synthesizing module 'design_1_rst_ps7_0_133M_0' [/run/media/pjs/6A43-DC8A/smollm2-zybo/hw/vivado_project/GPTalk.runs/synth_1/.Xil/Vivado-813-pjs-laptop/realtime/design_1_rst_ps7_0_133M_0_stub.v:6]
INFO: [Synth 8-6155] done synthesizing module 'design_1_rst_ps7_0_133M_0' (0#1) [/run/media/pjs/6A43-DC8A/smollm2-zybo/hw/vivado_project/GPTalk.runs/synth_1/.Xil/Vivado-813-pjs-laptop/realtime/design_1_rst_ps7_0_133M_0_stub.v:6]
WARNING: [Synth 8-7071] port 'mb_reset' of module 'design_1_rst_ps7_0_133M_0' is unconnected for instance 'rst_ps7_0_133M' [/run/media/pjs/6A43-DC8A/smollm2-zybo/hw/vivado_project/GPTalk.gen/sources_1/bd/design_1/synth/design_1.v:1339]
WARNING: [Synth 8-7071] port 'bus_struct_reset' of module 'design_1_rst_ps7_0_133M_0' is unconnected for instance 'rst_ps7_0_133M' [/run/media/pjs/6A43-DC8A/smollm2-zybo/hw/vivado_project/GPTalk.gen/sources_1/bd/design_1/synth/design_1.v:1339]
WARNING: [Synth 8-7071] port 'peripheral_reset' of module 'design_1_rst_ps7_0_133M_0' is unconnected for instance 'rst_ps7_0_133M' [/run/media/pjs/6A43-DC8A/smollm2-zybo/hw/vivado_project/GPTalk.gen/sources_1/bd/design_1/synth/design_1.v:1339]
WARNING: [Synth 8-7071] port 'interconnect_aresetn' of module 'design_1_rst_ps7_0_133M_0' is unconnected for instance 'rst_ps7_0_133M' [/run/media/pjs/6A43-DC8A/smollm2-zybo/hw/vivado_project/GPTalk.gen/sources_1/bd/design_1/synth/design_1.v:1339]
WARNING: [Synth 8-7023] instance 'rst_ps7_0_133M' of module 'design_1_rst_ps7_0_133M_0' has 10 connections declared, but only 6 given [/run/media/pjs/6A43-DC8A/smollm2-zybo/hw/vivado_project/GPTalk.gen/sources_1/bd/design_1/synth/design_1.v:1339]
INFO: [Synth 8-6157] synthesizing module 'design_1_rst_ps7_0_gemv_0' [/run/media/pjs/6A43-DC8A/smollm2-zybo/hw/vivado_project/GPTalk.runs/synth_1/.Xil/Vivado-813-pjs-laptop/realtime/design_1_rst_ps7_0_gemv_0_stub.v:6]
INFO: [Synth 8-6155] done synthesizing module 'design_1_rst_ps7_0_gemv_0' (0#1) [/run/media/pjs/6A43-DC8A/smollm2-zybo/hw/vivado_project/GPTalk.runs/synth_1/.Xil/Vivado-813-pjs-laptop/realtime/design_1_rst_ps7_0_gemv_0_stub.v:6]
WARNING: [Synth 8-7071] port 'mb_reset' of module 'design_1_rst_ps7_0_gemv_0' is unconnected for instance 'rst_ps7_0_gemv' [/run/media/pjs/6A43-DC8A/smollm2-zybo/hw/vivado_project/GPTalk.gen/sources_1/bd/design_1/synth/design_1.v:1346]
WARNING: [Synth 8-7071] port 'bus_struct_reset' of module 'design_1_rst_ps7_0_gemv_0' is unconnected for instance 'rst_ps7_0_gemv' [/run/media/pjs/6A43-DC8A/smollm2-zybo/hw/vivado_project/GPTalk.gen/sources_1/bd/design_1/synth/design_1.v:1346]
WARNING: [Synth 8-7071] port 'peripheral_reset' of module 'design_1_rst_ps7_0_gemv_0' is unconnected for instance 'rst_ps7_0_gemv' [/run/media/pjs/6A43-DC8A/smollm2-zybo/hw/vivado_project/GPTalk.gen/sources_1/bd/design_1/synth/design_1.v:1346]
WARNING: [Synth 8-7071] port 'interconnect_aresetn' of module 'design_1_rst_ps7_0_gemv_0' is unconnected for instance 'rst_ps7_0_gemv' [/run/media/pjs/6A43-DC8A/smollm2-zybo/hw/vivado_project/GPTalk.gen/sources_1/bd/design_1/synth/design_1.v:1346]
WARNING: [Synth 8-7023] instance 'rst_ps7_0_gemv' of module 'design_1_rst_ps7_0_gemv_0' has 10 connections declared, but only 6 given [/run/media/pjs/6A43-DC8A/smollm2-zybo/hw/vivado_project/GPTalk.gen/sources_1/bd/design_1/synth/design_1.v:1346]
INFO: [Synth 8-6157] synthesizing module 'design_1_s2mm_axis_fifo_0' [/run/media/pjs/6A43-DC8A/smollm2-zybo/hw/vivado_project/GPTalk.runs/synth_1/.Xil/Vivado-813-pjs-laptop/realtime/design_1_s2mm_axis_fifo_0_stub.v:6]
INFO: [Synth 8-6155] done synthesizing module 'design_1_s2mm_axis_fifo_0' (0#1) [/run/media/pjs/6A43-DC8A/smollm2-zybo/hw/vivado_project/GPTalk.runs/synth_1/.Xil/Vivado-813-pjs-laptop/realtime/design_1_s2mm_axis_fifo_0_stub.v:6]
INFO: [Synth 8-6157] synthesizing module 'design_1_v_axi4s_vid_out_0_0' [/run/media/pjs/6A43-DC8A/smollm2-zybo/hw/vivado_project/GPTalk.runs/synth_1/.Xil/Vivado-813-pjs-laptop/realtime/design_1_v_axi4s_vid_out_0_0_stub.v:6]
INFO: [Synth 8-6155] done synthesizing module 'design_1_v_axi4s_vid_out_0_0' (0#1) [/run/media/pjs/6A43-DC8A/smollm2-zybo/hw/vivado_project/GPTalk.runs/synth_1/.Xil/Vivado-813-pjs-laptop/realtime/design_1_v_axi4s_vid_out_0_0_stub.v:6]
WARNING: [Synth 8-7071] port 'vid_vblank' of module 'design_1_v_axi4s_vid_out_0_0' is unconnected for instance 'v_axi4s_vid_out_0' [/run/media/pjs/6A43-DC8A/smollm2-zybo/hw/vivado_project/GPTalk.gen/sources_1/bd/design_1/synth/design_1.v:1366]
WARNING: [Synth 8-7071] port 'vid_hblank' of module 'design_1_v_axi4s_vid_out_0_0' is unconnected for instance 'v_axi4s_vid_out_0' [/run/media/pjs/6A43-DC8A/smollm2-zybo/hw/vivado_project/GPTalk.gen/sources_1/bd/design_1/synth/design_1.v:1366]
WARNING: [Synth 8-7071] port 'vid_field_id' of module 'design_1_v_axi4s_vid_out_0_0' is unconnected for instance 'v_axi4s_vid_out_0' [/run/media/pjs/6A43-DC8A/smollm2-zybo/hw/vivado_project/GPTalk.gen/sources_1/bd/design_1/synth/design_1.v:1366]
WARNING: [Synth 8-7071] port 'locked' of module 'design_1_v_axi4s_vid_out_0_0' is unconnected for instance 'v_axi4s_vid_out_0' [/run/media/pjs/6A43-DC8A/smollm2-zybo/hw/vivado_project/GPTalk.gen/sources_1/bd/design_1/synth/design_1.v:1366]
WARNING: [Synth 8-7071] port 'overflow' of module 'design_1_v_axi4s_vid_out_0_0' is unconnected for instance 'v_axi4s_vid_out_0' [/run/media/pjs/6A43-DC8A/smollm2-zybo/hw/vivado_project/GPTalk.gen/sources_1/bd/design_1/synth/design_1.v:1366]
WARNING: [Synth 8-7071] port 'underflow' of module 'design_1_v_axi4s_vid_out_0_0' is unconnected for instance 'v_axi4s_vid_out_0' [/run/media/pjs/6A43-DC8A/smollm2-zybo/hw/vivado_project/GPTalk.gen/sources_1/bd/design_1/synth/design_1.v:1366]
WARNING: [Synth 8-7071] port 'fifo_read_level' of module 'design_1_v_axi4s_vid_out_0_0' is unconnected for instance 'v_axi4s_vid_out_0' [/run/media/pjs/6A43-DC8A/smollm2-zybo/hw/vivado_project/GPTalk.gen/sources_1/bd/design_1/synth/design_1.v:1366]
WARNING: [Synth 8-7071] port 'status' of module 'design_1_v_axi4s_vid_out_0_0' is unconnected for instance 'v_axi4s_vid_out_0' [/run/media/pjs/6A43-DC8A/smollm2-zybo/hw/vivado_project/GPTalk.gen/sources_1/bd/design_1/synth/design_1.v:1366]
WARNING: [Synth 8-7071] port 'sof_state_out' of module 'design_1_v_axi4s_vid_out_0_0' is unconnected for instance 'v_axi4s_vid_out_0' [/run/media/pjs/6A43-DC8A/smollm2-zybo/hw/vivado_project/GPTalk.gen/sources_1/bd/design_1/synth/design_1.v:1366]
WARNING: [Synth 8-7023] instance 'v_axi4s_vid_out_0' of module 'design_1_v_axi4s_vid_out_0_0' has 32 connections declared, but only 23 given [/run/media/pjs/6A43-DC8A/smollm2-zybo/hw/vivado_project/GPTalk.gen/sources_1/bd/design_1/synth/design_1.v:1366]
INFO: [Synth 8-6157] synthesizing module 'design_1_v_tc_out_0' [/run/media/pjs/6A43-DC8A/smollm2-zybo/hw/vivado_project/GPTalk.runs/synth_1/.Xil/Vivado-813-pjs-laptop/realtime/design_1_v_tc_out_0_stub.v:6]
INFO: [Synth 8-6155] done synthesizing module 'design_1_v_tc_out_0' (0#1) [/run/media/pjs/6A43-DC8A/smollm2-zybo/hw/vivado_project/GPTalk.runs/synth_1/.Xil/Vivado-813-pjs-laptop/realtime/design_1_v_tc_out_0_stub.v:6]
WARNING: [Synth 8-7071] port 'fsync_out' of module 'design_1_v_tc_out_0' is unconnected for instance 'v_tc_out' [/run/media/pjs/6A43-DC8A/smollm2-zybo/hw/vivado_project/GPTalk.gen/sources_1/bd/design_1/synth/design_1.v:1390]
WARNING: [Synth 8-7023] instance 'v_tc_out' of module 'design_1_v_tc_out_0' has 33 connections declared, but only 32 given [/run/media/pjs/6A43-DC8A/smollm2-zybo/hw/vivado_project/GPTalk.gen/sources_1/bd/design_1/synth/design_1.v:1390]
INFO: [Synth 8-6157] synthesizing module 'design_1_xlconcat_0_0' [/run/media/pjs/6A43-DC8A/smollm2-zybo/hw/vivado_project/GPTalk.gen/sources_1/bd/design_1/ip/design_1_xlconcat_0_0/synth/design_1_xlconcat_0_0.v:53]
INFO: [Synth 8-6157] synthesizing module 'xlconcat_v2_1_6_xlconcat' [/run/media/pjs/6A43-DC8A/smollm2-zybo/hw/vivado_project/GPTalk.gen/sources_1/bd/design_1/ipshared/6120/hdl/xlconcat_v2_1_vl_rfs.v:59]
INFO: [Synth 8-6155] done synthesizing module 'xlconcat_v2_1_6_xlconcat' (0#1) [/run/media/pjs/6A43-DC8A/smollm2-zybo/hw/vivado_project/GPTalk.gen/sources_1/bd/design_1/ipshared/6120/hdl/xlconcat_v2_1_vl_rfs.v:59]
INFO: [Synth 8-6155] done synthesizing module 'design_1_xlconcat_0_0' (0#1) [/run/media/pjs/6A43-DC8A/smollm2-zybo/hw/vivado_project/GPTalk.gen/sources_1/bd/design_1/ip/design_1_xlconcat_0_0/synth/design_1_xlconcat_0_0.v:53]
INFO: [Synth 8-6155] done synthesizing module 'design_1' (0#1) [/run/media/pjs/6A43-DC8A/smollm2-zybo/hw/vivado_project/GPTalk.gen/sources_1/bd/design_1/synth/design_1.v:13]
INFO: [Synth 8-6157] synthesizing module 'IOBUF' [/tools/Xilinx/Vivado/2024.2/scripts/rt/data/unisim_comp.v:80391]
INFO: [Synth 8-6155] done synthesizing module 'IOBUF' (0#1) [/tools/Xilinx/Vivado/2024.2/scripts/rt/data/unisim_comp.v:80391]
INFO: [Synth 8-6155] done synthesizing module 'design_1_wrapper' (0#1) [/run/media/pjs/6A43-DC8A/smollm2-zybo/hw/vivado_project/GPTalk.gen/sources_1/bd/design_1/hdl/design_1_wrapper.v:13]
WARNING: [Synth 8-7129] Port In4[0] in module xlconcat_v2_1_6_xlconcat is either unconnected or has no load
WARNING: [Synth 8-7129] Port In5[0] in module xlconcat_v2_1_6_xlconcat is either unconnected or has no load
WARNING: [Synth 8-7129] Port In6[0] in module xlconcat_v2_1_6_xlconcat is either unconnected or has no load
WARNING: [Synth 8-7129] Port In7[0] in module xlconcat_v2_1_6_xlconcat is either unconnected or has no load
WARNING: [Synth 8-7129] Port In8[0] in module xlconcat_v2_1_6_xlconcat is either unconnected or has no load
WARNING: [Synth 8-7129] Port In9[0] in module xlconcat_v2_1_6_xlconcat is either unconnected or has no load
WARNING: [Synth 8-7129] Port In10[0] in module xlconcat_v2_1_6_xlconcat is either unconnected or has no load
WARNING: [Synth 8-7129] Port In11[0] in module xlconcat_v2_1_6_xlconcat is either unconnected or has no load
WARNING: [Synth 8-7129] Port In12[0] in module xlconcat_v2_1_6_xlconcat is either unconnected or has no load
WARNING: [Synth 8-7129] Port In13[0] in module xlconcat_v2_1_6_xlconcat is either unconnected or has no load
WARNING: [Synth 8-7129] Port In14[0] in module xlconcat_v2_1_6_xlconcat is either unconnected or has no load
WARNING: [Synth 8-7129] Port In15[0] in module xlconcat_v2_1_6_xlconcat is either unconnected or has no load
WARNING: [Synth 8-7129] Port In16[0] in module xlconcat_v2_1_6_xlconcat is either unconnected or has no load
WARNING: [Synth 8-7129] Port In17[0] in module xlconcat_v2_1_6_xlconcat is either unconnected or has no load
WARNING: [Synth 8-7129] Port In18[0] in module xlconcat_v2_1_6_xlconcat is either unconnected or has no load
WARNING: [Synth 8-7129] Port In19[0] in module xlconcat_v2_1_6_xlconcat is either unconnected or has no load
WARNING: [Synth 8-7129] Port In20[0] in module xlconcat_v2_1_6_xlconcat is either unconnected or has no load
WARNING: [Synth 8-7129] Port In21[0] in module xlconcat_v2_1_6_xlconcat is either unconnected or has no load
WARNING: [Synth 8-7129] Port In22[0] in module xlconcat_v2_1_6_xlconcat is either unconnected or has no load
WARNING: [Synth 8-7129] Port In23[0] in module xlconcat_v2_1_6_xlconcat is either unconnected or has no load
WARNING: [Synth 8-7129] Port In24[0] in module xlconcat_v2_1_6_xlconcat is either unconnected or has no load
WARNING: [Synth 8-7129] Port In25[0] in module xlconcat_v2_1_6_xlconcat is either unconnected or has no load
WARNING: [Synth 8-7129] Port In26[0] in module xlconcat_v2_1_6_xlconcat is either unconnected or has no load
WARNING: [Synth 8-7129] Port In27[0] in module xlconcat_v2_1_6_xlconcat is either unconnected or has no load
WARNING: [Synth 8-7129] Port In28[0] in module xlconcat_v2_1_6_xlconcat is either unconnected or has no load
WARNING: [Synth 8-7129] Port In29[0] in module xlconcat_v2_1_6_xlconcat is either unconnected or has no load
WARNING: [Synth 8-7129] Port In30[0] in module xlconcat_v2_1_6_xlconcat is either unconnected or has no load
WARNING: [Synth 8-7129] Port In31[0] in module xlconcat_v2_1_6_xlconcat is either unconnected or has no load
WARNING: [Synth 8-7129] Port In32[0] in module xlconcat_v2_1_6_xlconcat is either unconnected or has no load
WARNING: [Synth 8-7129] Port In33[0] in module xlconcat_v2_1_6_xlconcat is either unconnected or has no load
WARNING: [Synth 8-7129] Port In34[0] in module xlconcat_v2_1_6_xlconcat is either unconnected or has no load
WARNING: [Synth 8-7129] Port In35[0] in module xlconcat_v2_1_6_xlconcat is either unconnected or has no load
WARNING: [Synth 8-7129] Port In36[0] in module xlconcat_v2_1_6_xlconcat is either unconnected or has no load
WARNING: [Synth 8-7129] Port In37[0] in module xlconcat_v2_1_6_xlconcat is either unconnected or has no load
WARNING: [Synth 8-7129] Port In38[0] in module xlconcat_v2_1_6_xlconcat is either unconnected or has no load
WARNING: [Synth 8-7129] Port In39[0] in module xlconcat_v2_1_6_xlconcat is either unconnected or has no load
WARNING: [Synth 8-7129] Port In40[0] in module xlconcat_v2_1_6_xlconcat is either unconnected or has no load
WARNING: [Synth 8-7129] Port In41[0] in module xlconcat_v2_1_6_xlconcat is either unconnected or has no load
WARNING: [Synth 8-7129] Port In42[0] in module xlconcat_v2_1_6_xlconcat is either unconnected or has no load
WARNING: [Synth 8-7129] Port In43[0] in module xlconcat_v2_1_6_xlconcat is either unconnected or has no load
WARNING: [Synth 8-7129] Port In44[0] in module xlconcat_v2_1_6_xlconcat is either unconnected or has no load
WARNING: [Synth 8-7129] Port In45[0] in module xlconcat_v2_1_6_xlconcat is either unconnected or has no load
WARNING: [Synth 8-7129] Port In46[0] in module xlconcat_v2_1_6_xlconcat is either unconnected or has no load
WARNING: [Synth 8-7129] Port In47[0] in module xlconcat_v2_1_6_xlconcat is either unconnected or has no load
WARNING: [Synth 8-7129] Port In48[0] in module xlconcat_v2_1_6_xlconcat is either unconnected or has no load
WARNING: [Synth 8-7129] Port In49[0] in module xlconcat_v2_1_6_xlconcat is either unconnected or has no load
WARNING: [Synth 8-7129] Port In50[0] in module xlconcat_v2_1_6_xlconcat is either unconnected or has no load
WARNING: [Synth 8-7129] Port In51[0] in module xlconcat_v2_1_6_xlconcat is either unconnected or has no load
WARNING: [Synth 8-7129] Port In52[0] in module xlconcat_v2_1_6_xlconcat is either unconnected or has no load
WARNING: [Synth 8-7129] Port In53[0] in module xlconcat_v2_1_6_xlconcat is either unconnected or has no load
WARNING: [Synth 8-7129] Port In54[0] in module xlconcat_v2_1_6_xlconcat is either unconnected or has no load
WARNING: [Synth 8-7129] Port In55[0] in module xlconcat_v2_1_6_xlconcat is either unconnected or has no load
WARNING: [Synth 8-7129] Port In56[0] in module xlconcat_v2_1_6_xlconcat is either unconnected or has no load
WARNING: [Synth 8-7129] Port In57[0] in module xlconcat_v2_1_6_xlconcat is either unconnected or has no load
WARNING: [Synth 8-7129] Port In58[0] in module xlconcat_v2_1_6_xlconcat is either unconnected or has no load
WARNING: [Synth 8-7129] Port In59[0] in module xlconcat_v2_1_6_xlconcat is either unconnected or has no load
WARNING: [Synth 8-7129] Port In60[0] in module xlconcat_v2_1_6_xlconcat is either unconnected or has no load
WARNING: [Synth 8-7129] Port In61[0] in module xlconcat_v2_1_6_xlconcat is either unconnected or has no load
WARNING: [Synth 8-7129] Port In62[0] in module xlconcat_v2_1_6_xlconcat is either unconnected or has no load
WARNING: [Synth 8-7129] Port In63[0] in module xlconcat_v2_1_6_xlconcat is either unconnected or has no load
WARNING: [Synth 8-7129] Port In64[0] in module xlconcat_v2_1_6_xlconcat is either unconnected or has no load
WARNING: [Synth 8-7129] Port In65[0] in module xlconcat_v2_1_6_xlconcat is either unconnected or has no load
WARNING: [Synth 8-7129] Port In66[0] in module xlconcat_v2_1_6_xlconcat is either unconnected or has no load
WARNING: [Synth 8-7129] Port In67[0] in module xlconcat_v2_1_6_xlconcat is either unconnected or has no load
WARNING: [Synth 8-7129] Port In68[0] in module xlconcat_v2_1_6_xlconcat is either unconnected or has no load
WARNING: [Synth 8-7129] Port In69[0] in module xlconcat_v2_1_6_xlconcat is either unconnected or has no load
WARNING: [Synth 8-7129] Port In70[0] in module xlconcat_v2_1_6_xlconcat is either unconnected or has no load
WARNING: [Synth 8-7129] Port In71[0] in module xlconcat_v2_1_6_xlconcat is either unconnected or has no load
WARNING: [Synth 8-7129] Port In72[0] in module xlconcat_v2_1_6_xlconcat is either unconnected or has no load
WARNING: [Synth 8-7129] Port In73[0] in module xlconcat_v2_1_6_xlconcat is either unconnected or has no load
WARNING: [Synth 8-7129] Port In74[0] in module xlconcat_v2_1_6_xlconcat is either unconnected or has no load
WARNING: [Synth 8-7129] Port In75[0] in module xlconcat_v2_1_6_xlconcat is either unconnected or has no load
WARNING: [Synth 8-7129] Port In76[0] in module xlconcat_v2_1_6_xlconcat is either unconnected or has no load
WARNING: [Synth 8-7129] Port In77[0] in module xlconcat_v2_1_6_xlconcat is either unconnected or has no load
WARNING: [Synth 8-7129] Port In78[0] in module xlconcat_v2_1_6_xlconcat is either unconnected or has no load
WARNING: [Synth 8-7129] Port In79[0] in module xlconcat_v2_1_6_xlconcat is either unconnected or has no load
WARNING: [Synth 8-7129] Port In80[0] in module xlconcat_v2_1_6_xlconcat is either unconnected or has no load
WARNING: [Synth 8-7129] Port In81[0] in module xlconcat_v2_1_6_xlconcat is either unconnected or has no load
WARNING: [Synth 8-7129] Port In82[0] in module xlconcat_v2_1_6_xlconcat is either unconnected or has no load
WARNING: [Synth 8-7129] Port In83[0] in module xlconcat_v2_1_6_xlconcat is either unconnected or has no load
WARNING: [Synth 8-7129] Port In84[0] in module xlconcat_v2_1_6_xlconcat is either unconnected or has no load
WARNING: [Synth 8-7129] Port In85[0] in module xlconcat_v2_1_6_xlconcat is either unconnected or has no load
WARNING: [Synth 8-7129] Port In86[0] in module xlconcat_v2_1_6_xlconcat is either unconnected or has no load
WARNING: [Synth 8-7129] Port In87[0] in module xlconcat_v2_1_6_xlconcat is either unconnected or has no load
WARNING: [Synth 8-7129] Port In88[0] in module xlconcat_v2_1_6_xlconcat is either unconnected or has no load
WARNING: [Synth 8-7129] Port In89[0] in module xlconcat_v2_1_6_xlconcat is either unconnected or has no load
WARNING: [Synth 8-7129] Port In90[0] in module xlconcat_v2_1_6_xlconcat is either unconnected or has no load
WARNING: [Synth 8-7129] Port In91[0] in module xlconcat_v2_1_6_xlconcat is either unconnected or has no load
WARNING: [Synth 8-7129] Port In92[0] in module xlconcat_v2_1_6_xlconcat is either unconnected or has no load
WARNING: [Synth 8-7129] Port In93[0] in module xlconcat_v2_1_6_xlconcat is either unconnected or has no load
WARNING: [Synth 8-7129] Port In94[0] in module xlconcat_v2_1_6_xlconcat is either unconnected or has no load
WARNING: [Synth 8-7129] Port In95[0] in module xlconcat_v2_1_6_xlconcat is either unconnected or has no load
WARNING: [Synth 8-7129] Port In96[0] in module xlconcat_v2_1_6_xlconcat is either unconnected or has no load
WARNING: [Synth 8-7129] Port In97[0] in module xlconcat_v2_1_6_xlconcat is either unconnected or has no load
WARNING: [Synth 8-7129] Port In98[0] in module xlconcat_v2_1_6_xlconcat is either unconnected or has no load
WARNING: [Synth 8-7129] Port In99[0] in module xlconcat_v2_1_6_xlconcat is either unconnected or has no load
WARNING: [Synth 8-7129] Port In100[0] in module xlconcat_v2_1_6_xlconcat is either unconnected or has no load
WARNING: [Synth 8-7129] Port In101[0] in module xlconcat_v2_1_6_xlconcat is either unconnected or has no load
WARNING: [Synth 8-7129] Port In102[0] in module xlconcat_v2_1_6_xlconcat is either unconnected or has no load
WARNING: [Synth 8-7129] Port In103[0] in module xlconcat_v2_1_6_xlconcat is either unconnected or has no load
INFO: [Common 17-14] Message 'Synth 8-7129' appears 100 times and further instances of the messages will be disabled. Use the Tcl command set_msg_config to change the current settings.
---------------------------------------------------------------------------------
Finished RTL Elaboration : Time (s): cpu = 00:00:03 ; elapsed = 00:00:03 . Memory (MB): peak = 2154.762 ; gain = 470.676 ; free physical = 50073 ; free virtual = 65423
---------------------------------------------------------------------------------
---------------------------------------------------------------------------------
Start Handling Custom Attributes
---------------------------------------------------------------------------------
---------------------------------------------------------------------------------
Finished Handling Custom Attributes : Time (s): cpu = 00:00:03 ; elapsed = 00:00:03 . Memory (MB): peak = 2166.637 ; gain = 482.551 ; free physical = 50072 ; free virtual = 65422
---------------------------------------------------------------------------------
---------------------------------------------------------------------------------
Finished RTL Optimization Phase 1 : Time (s): cpu = 00:00:03 ; elapsed = 00:00:03 . Memory (MB): peak = 2166.637 ; gain = 482.551 ; free physical = 50072 ; free virtual = 65422
---------------------------------------------------------------------------------
Netlist sorting complete. Time (s): cpu = 00:00:00 ; elapsed = 00:00:00 . Memory (MB): peak = 2172.574 ; gain = 0.000 ; free physical = 50070 ; free virtual = 65421
INFO: [Netlist 29-17] Analyzing 2 Unisim elements for replacement
INFO: [Netlist 29-28] Unisim Transformation completed in 0 CPU seconds
INFO: [Project 1-570] Preparing netlist for logic optimization

Processing XDC Constraints
Initializing timing engine
Parsing XDC File [/run/media/pjs/6A43-DC8A/smollm2-zybo/hw/vivado_project/GPTalk.gen/sources_1/bd/design_1/ip/design_1_processing_system7_0_0/design_1_processing_system7_0_0/design_1_processing_system7_0_0_in_context.xdc] for cell 'design_1_i/processing_system7_0'
Finished Parsing XDC File [/run/media/pjs/6A43-DC8A/smollm2-zybo/hw/vivado_project/GPTalk.gen/sources_1/bd/design_1/ip/design_1_processing_system7_0_0/design_1_processing_system7_0_0/design_1_processing_system7_0_0_in_context.xdc] for cell 'design_1_i/processing_system7_0'
Parsing XDC File [/run/media/pjs/6A43-DC8A/smollm2-zybo/hw/vivado_project/GPTalk.gen/sources_1/bd/design_1/ip/design_1_rst_ps7_0_100M_0/design_1_rst_ps7_0_100M_0/design_1_rst_ps7_0_50M_0_in_context.xdc] for cell 'design_1_i/rst_ps7_0_100M'
Finished Parsing XDC File [/run/media/pjs/6A43-DC8A/smollm2-zybo/hw/vivado_project/GPTalk.gen/sources_1/bd/design_1/ip/design_1_rst_ps7_0_100M_0/design_1_rst_ps7_0_100M_0/design_1_rst_ps7_0_50M_0_in_context.xdc] for cell 'design_1_i/rst_ps7_0_100M'
Parsing XDC File [/run/media/pjs/6A43-DC8A/smollm2-zybo/hw/vivado_project/GPTalk.gen/sources_1/bd/design_1/ip/design_1_rst_ps7_0_133M_0/design_1_rst_ps7_0_133M_0/design_1_rst_ps7_0_133M_0_in_context.xdc] for cell 'design_1_i/rst_ps7_0_133M'
Finished Parsing XDC File [/run/media/pjs/6A43-DC8A/smollm2-zybo/hw/vivado_project/GPTalk.gen/sources_1/bd/design_1/ip/design_1_rst_ps7_0_133M_0/design_1_rst_ps7_0_133M_0/design_1_rst_ps7_0_133M_0_in_context.xdc] for cell 'design_1_i/rst_ps7_0_133M'
Parsing XDC File [/run/media/pjs/6A43-DC8A/smollm2-zybo/hw/vivado_project/GPTalk.gen/sources_1/bd/design_1/ip/design_1_rst_ps7_0_gemv_0/design_1_rst_ps7_0_gemv_0/design_1_rst_ps7_0_gemv_0_in_context.xdc] for cell 'design_1_i/rst_ps7_0_gemv'
Finished Parsing XDC File [/run/media/pjs/6A43-DC8A/smollm2-zybo/hw/vivado_project/GPTalk.gen/sources_1/bd/design_1/ip/design_1_rst_ps7_0_gemv_0/design_1_rst_ps7_0_gemv_0/design_1_rst_ps7_0_gemv_0_in_context.xdc] for cell 'design_1_i/rst_ps7_0_gemv'
Parsing XDC File [/run/media/pjs/6A43-DC8A/smollm2-zybo/hw/vivado_project/GPTalk.gen/sources_1/bd/design_1/ip/design_1_axi_ctrl_smc_0/design_1_axi_ctrl_smc_0/design_1_axi_ctrl_smc_0_in_context.xdc] for cell 'design_1_i/axi_ctrl_smc'
Finished Parsing XDC File [/run/media/pjs/6A43-DC8A/smollm2-zybo/hw/vivado_project/GPTalk.gen/sources_1/bd/design_1/ip/design_1_axi_ctrl_smc_0/design_1_axi_ctrl_smc_0/design_1_axi_ctrl_smc_0_in_context.xdc] for cell 'design_1_i/axi_ctrl_smc'
Parsing XDC File [/run/media/pjs/6A43-DC8A/smollm2-zybo/hw/vivado_project/GPTalk.gen/sources_1/bd/design_1/ip/design_1_axi_video_hp0_smc_0/design_1_axi_video_hp0_smc_0/design_1_axi_video_hp0_smc_0_in_context.xdc] for cell 'design_1_i/axi_video_hp0_smc'
Finished Parsing XDC File [/run/media/pjs/6A43-DC8A/smollm2-zybo/hw/vivado_project/GPTalk.gen/sources_1/bd/design_1/ip/design_1_axi_video_hp0_smc_0/design_1_axi_video_hp0_smc_0/design_1_axi_video_hp0_smc_0_in_context.xdc] for cell 'design_1_i/axi_video_hp0_smc'
Parsing XDC File [/run/media/pjs/6A43-DC8A/smollm2-zybo/hw/vivado_project/GPTalk.gen/sources_1/bd/design_1/ip/design_1_axi_gemv_hp1_smc_0/design_1_axi_gemv_hp1_smc_0/design_1_axi_gemv_hp1_smc_0_in_context.xdc] for cell 'design_1_i/axi_gemv_hp1_smc'
Finished Parsing XDC File [/run/media/pjs/6A43-DC8A/smollm2-zybo/hw/vivado_project/GPTalk.gen/sources_1/bd/design_1/ip/design_1_axi_gemv_hp1_smc_0/design_1_axi_gemv_hp1_smc_0/design_1_axi_gemv_hp1_smc_0_in_context.xdc] for cell 'design_1_i/axi_gemv_hp1_smc'
Parsing XDC File [/run/media/pjs/6A43-DC8A/smollm2-zybo/hw/vivado_project/GPTalk.gen/sources_1/bd/design_1/ip/design_1_axi_gemv_ctrl_clkconv_0/design_1_axi_gemv_ctrl_clkconv_0/design_1_axi_gemv_ctrl_clkconv_0_in_context.xdc] for cell 'design_1_i/axi_gemv_ctrl_clkconv'
Finished Parsing XDC File [/run/media/pjs/6A43-DC8A/smollm2-zybo/hw/vivado_project/GPTalk.gen/sources_1/bd/design_1/ip/design_1_axi_gemv_ctrl_clkconv_0/design_1_axi_gemv_ctrl_clkconv_0/design_1_axi_gemv_ctrl_clkconv_0_in_context.xdc] for cell 'design_1_i/axi_gemv_ctrl_clkconv'
Parsing XDC File [/run/media/pjs/6A43-DC8A/smollm2-zybo/hw/vivado_project/GPTalk.gen/sources_1/bd/design_1/ip/design_1_axi_bram_ctrl_clkconv_0/design_1_axi_bram_ctrl_clkconv_0/design_1_axi_bram_ctrl_clkconv_0_in_context.xdc] for cell 'design_1_i/axi_bram_ctrl_clkconv'
Finished Parsing XDC File [/run/media/pjs/6A43-DC8A/smollm2-zybo/hw/vivado_project/GPTalk.gen/sources_1/bd/design_1/ip/design_1_axi_bram_ctrl_clkconv_0/design_1_axi_bram_ctrl_clkconv_0/design_1_axi_bram_ctrl_clkconv_0_in_context.xdc] for cell 'design_1_i/axi_bram_ctrl_clkconv'
Parsing XDC File [/run/media/pjs/6A43-DC8A/smollm2-zybo/hw/vivado_project/GPTalk.gen/sources_1/bd/design_1/ip/design_1_axi_dma_ctrl_clkconv_0/design_1_axi_dma_ctrl_clkconv_0/design_1_axi_dma_ctrl_clkconv_0_in_context.xdc] for cell 'design_1_i/axi_dma_ctrl_clkconv'
Finished Parsing XDC File [/run/media/pjs/6A43-DC8A/smollm2-zybo/hw/vivado_project/GPTalk.gen/sources_1/bd/design_1/ip/design_1_axi_dma_ctrl_clkconv_0/design_1_axi_dma_ctrl_clkconv_0/design_1_axi_dma_ctrl_clkconv_0_in_context.xdc] for cell 'design_1_i/axi_dma_ctrl_clkconv'
Parsing XDC File [/run/media/pjs/6A43-DC8A/smollm2-zybo/hw/vivado_project/GPTalk.gen/sources_1/bd/design_1/ip/design_1_axi_dynclk_0_0/design_1_axi_dynclk_0_0/design_1_axi_dynclk_0_0_in_context.xdc] for cell 'design_1_i/axi_dynclk_0'
Finished Parsing XDC File [/run/media/pjs/6A43-DC8A/smollm2-zybo/hw/vivado_project/GPTalk.gen/sources_1/bd/design_1/ip/design_1_axi_dynclk_0_0/design_1_axi_dynclk_0_0/design_1_axi_dynclk_0_0_in_context.xdc] for cell 'design_1_i/axi_dynclk_0'
Parsing XDC File [/run/media/pjs/6A43-DC8A/smollm2-zybo/hw/vivado_project/GPTalk.gen/sources_1/bd/design_1/ip/design_1_v_tc_out_0/design_1_v_tc_out_0/design_1_v_tc_out_0_in_context.xdc] for cell 'design_1_i/v_tc_out'
Finished Parsing XDC File [/run/media/pjs/6A43-DC8A/smollm2-zybo/hw/vivado_project/GPTalk.gen/sources_1/bd/design_1/ip/design_1_v_tc_out_0/design_1_v_tc_out_0/design_1_v_tc_out_0_in_context.xdc] for cell 'design_1_i/v_tc_out'
Parsing XDC File [/run/media/pjs/6A43-DC8A/smollm2-zybo/hw/vivado_project/GPTalk.gen/sources_1/bd/design_1/ip/design_1_axi_vdma_1_0/design_1_axi_vdma_1_0/design_1_axi_vdma_1_0_in_context.xdc] for cell 'design_1_i/axi_vdma_1'
Finished Parsing XDC File [/run/media/pjs/6A43-DC8A/smollm2-zybo/hw/vivado_project/GPTalk.gen/sources_1/bd/design_1/ip/design_1_axi_vdma_1_0/design_1_axi_vdma_1_0/design_1_axi_vdma_1_0_in_context.xdc] for cell 'design_1_i/axi_vdma_1'
Parsing XDC File [/run/media/pjs/6A43-DC8A/smollm2-zybo/hw/vivado_project/GPTalk.gen/sources_1/bd/design_1/ip/design_1_axis_subset_converter_out_0/design_1_axis_subset_converter_out_0/design_1_axis_subset_converter_out_0_in_context.xdc] for cell 'design_1_i/axis_subset_converter_out'
Finished Parsing XDC File [/run/media/pjs/6A43-DC8A/smollm2-zybo/hw/vivado_project/GPTalk.gen/sources_1/bd/design_1/ip/design_1_axis_subset_converter_out_0/design_1_axis_subset_converter_out_0/design_1_axis_subset_converter_out_0_in_context.xdc] for cell 'design_1_i/axis_subset_converter_out'
Parsing XDC File [/run/media/pjs/6A43-DC8A/smollm2-zybo/hw/vivado_project/GPTalk.gen/sources_1/bd/design_1/ip/design_1_v_axi4s_vid_out_0_0/design_1_v_axi4s_vid_out_0_0/design_1_v_axi4s_vid_out_0_0_in_context.xdc] for cell 'design_1_i/v_axi4s_vid_out_0'
Finished Parsing XDC File [/run/media/pjs/6A43-DC8A/smollm2-zybo/hw/vivado_project/GPTalk.gen/sources_1/bd/design_1/ip/design_1_v_axi4s_vid_out_0_0/design_1_v_axi4s_vid_out_0_0/design_1_v_axi4s_vid_out_0_0_in_context.xdc] for cell 'design_1_i/v_axi4s_vid_out_0'
Parsing XDC File [/run/media/pjs/6A43-DC8A/smollm2-zybo/hw/vivado_project/GPTalk.gen/sources_1/bd/design_1/ip/design_1_rgb2dvi_1_0/design_1_rgb2dvi_1_0/design_1_rgb2dvi_1_0_in_context.xdc] for cell 'design_1_i/rgb2dvi_1'
Finished Parsing XDC File [/run/media/pjs/6A43-DC8A/smollm2-zybo/hw/vivado_project/GPTalk.gen/sources_1/bd/design_1/ip/design_1_rgb2dvi_1_0/design_1_rgb2dvi_1_0/design_1_rgb2dvi_1_0_in_context.xdc] for cell 'design_1_i/rgb2dvi_1'
Parsing XDC File [/run/media/pjs/6A43-DC8A/smollm2-zybo/hw/vivado_project/GPTalk.gen/sources_1/bd/design_1/ip/design_1_axi_dma_0_0/design_1_axi_dma_0_0/design_1_axi_dma_0_0_in_context.xdc] for cell 'design_1_i/axi_dma_0'
Finished Parsing XDC File [/run/media/pjs/6A43-DC8A/smollm2-zybo/hw/vivado_project/GPTalk.gen/sources_1/bd/design_1/ip/design_1_axi_dma_0_0/design_1_axi_dma_0_0/design_1_axi_dma_0_0_in_context.xdc] for cell 'design_1_i/axi_dma_0'
Parsing XDC File [/run/media/pjs/6A43-DC8A/smollm2-zybo/hw/vivado_project/GPTalk.gen/sources_1/bd/design_1/ip/design_1_mm2s_axis_fifo_0/design_1_mm2s_axis_fifo_0/design_1_mm2s_axis_fifo_0_in_context.xdc] for cell 'design_1_i/mm2s_axis_fifo'
Finished Parsing XDC File [/run/media/pjs/6A43-DC8A/smollm2-zybo/hw/vivado_project/GPTalk.gen/sources_1/bd/design_1/ip/design_1_mm2s_axis_fifo_0/design_1_mm2s_axis_fifo_0/design_1_mm2s_axis_fifo_0_in_context.xdc] for cell 'design_1_i/mm2s_axis_fifo'
Parsing XDC File [/run/media/pjs/6A43-DC8A/smollm2-zybo/hw/vivado_project/GPTalk.gen/sources_1/bd/design_1/ip/design_1_s2mm_axis_fifo_0/design_1_s2mm_axis_fifo_0/design_1_mm2s_axis_fifo_0_in_context.xdc] for cell 'design_1_i/s2mm_axis_fifo'
Finished Parsing XDC File [/run/media/pjs/6A43-DC8A/smollm2-zybo/hw/vivado_project/GPTalk.gen/sources_1/bd/design_1/ip/design_1_s2mm_axis_fifo_0/design_1_s2mm_axis_fifo_0/design_1_mm2s_axis_fifo_0_in_context.xdc] for cell 'design_1_i/s2mm_axis_fifo'
Parsing XDC File [/run/media/pjs/6A43-DC8A/smollm2-zybo/hw/vivado_project/GPTalk.gen/sources_1/bd/design_1/ip/design_1_axi_input_bram_ctrl_0/design_1_axi_input_bram_ctrl_0/design_1_axi_input_bram_ctrl_0_in_context.xdc] for cell 'design_1_i/axi_input_bram_ctrl'
Finished Parsing XDC File [/run/media/pjs/6A43-DC8A/smollm2-zybo/hw/vivado_project/GPTalk.gen/sources_1/bd/design_1/ip/design_1_axi_input_bram_ctrl_0/design_1_axi_input_bram_ctrl_0/design_1_axi_input_bram_ctrl_0_in_context.xdc] for cell 'design_1_i/axi_input_bram_ctrl'
Parsing XDC File [/run/media/pjs/6A43-DC8A/smollm2-zybo/hw/vivado_project/GPTalk.gen/sources_1/bd/design_1/ip/design_1_input_vector_bram_0/design_1_input_vector_bram_0/design_1_input_vector_bram_0_in_context.xdc] for cell 'design_1_i/input_vector_bram'
Finished Parsing XDC File [/run/media/pjs/6A43-DC8A/smollm2-zybo/hw/vivado_project/GPTalk.gen/sources_1/bd/design_1/ip/design_1_input_vector_bram_0/design_1_input_vector_bram_0/design_1_input_vector_bram_0_in_context.xdc] for cell 'design_1_i/input_vector_bram'
Parsing XDC File [/run/media/pjs/6A43-DC8A/smollm2-zybo/hw/vivado_project/GPTalk.gen/sources_1/bd/design_1/ip/design_1_gemv_q8_0_dma_top_0_0/design_1_gemv_q8_0_dma_top_0_0/design_1_gemv_q8_0_dma_top_0_0_in_context.xdc] for cell 'design_1_i/gemv_q8_0_dma_top_0'
Finished Parsing XDC File [/run/media/pjs/6A43-DC8A/smollm2-zybo/hw/vivado_project/GPTalk.gen/sources_1/bd/design_1/ip/design_1_gemv_q8_0_dma_top_0_0/design_1_gemv_q8_0_dma_top_0_0/design_1_gemv_q8_0_dma_top_0_0_in_context.xdc] for cell 'design_1_i/gemv_q8_0_dma_top_0'
Parsing XDC File [/run/media/pjs/6A43-DC8A/smollm2-zybo/hw/vivado_project/GPTalk.srcs/constrs_1/imports/Downloads/Zybo-Z7-Master.xdc]
Finished Parsing XDC File [/run/media/pjs/6A43-DC8A/smollm2-zybo/hw/vivado_project/GPTalk.srcs/constrs_1/imports/Downloads/Zybo-Z7-Master.xdc]
Parsing XDC File [/run/media/pjs/6A43-DC8A/smollm2-zybo/hw/vivado_project/GPTalk.srcs/constrs_1/new/GPTalk_hdmi_tx.xdc]
Finished Parsing XDC File [/run/media/pjs/6A43-DC8A/smollm2-zybo/hw/vivado_project/GPTalk.srcs/constrs_1/new/GPTalk_hdmi_tx.xdc]
INFO: [Project 1-236] Implementation specific constraints were found while reading constraint file [/run/media/pjs/6A43-DC8A/smollm2-zybo/hw/vivado_project/GPTalk.srcs/constrs_1/new/GPTalk_hdmi_tx.xdc]. These constraints will be ignored for synthesis but will be used in implementation. Impacted constraints are listed in the file [.Xil/design_1_wrapper_propImpl.xdc].
Resolution: To avoid this warning, move constraints listed in [.Xil/design_1_wrapper_propImpl.xdc] to another XDC file and exclude this new file from synthesis with the used_in_synthesis property (File Properties dialog in GUI) and re-run elaboration/synthesis.
Parsing XDC File [/run/media/pjs/6A43-DC8A/smollm2-zybo/hw/vivado_project/GPTalk.runs/synth_1/dont_touch.xdc]
Finished Parsing XDC File [/run/media/pjs/6A43-DC8A/smollm2-zybo/hw/vivado_project/GPTalk.runs/synth_1/dont_touch.xdc]
Completed Processing XDC Constraints

Netlist sorting complete. Time (s): cpu = 00:00:00 ; elapsed = 00:00:00 . Memory (MB): peak = 2218.531 ; gain = 0.000 ; free physical = 50088 ; free virtual = 65438
INFO: [Project 1-111] Unisim Transformation Summary:
  A total of 2 instances were transformed.
  IOBUF => IOBUF (IBUF, OBUFT): 2 instances

Constraint Validation Runtime : Time (s): cpu = 00:00:00 ; elapsed = 00:00:00 . Memory (MB): peak = 2218.531 ; gain = 0.000 ; free physical = 50088 ; free virtual = 65438
WARNING: [Timing 38-316] Clock period '20.000' specified during out-of-context synthesis of instance 'design_1_i/input_vector_bram' at clock pin 'clka' is different from the actual clock period '14.000', this can lead to different synthesis results.
INFO: [Designutils 20-5440] No compile time benefit to using incremental synthesis; A full resynthesis will be run
INFO: [Designutils 20-4379] Flow is switching to default flow due to incremental criteria not met. If you would like to alter this behaviour and have the flow terminate instead, please set the following parameter config_implementation {autoIncr.Synth.RejectBehavior Terminate}
---------------------------------------------------------------------------------
Finished Constraint Validation : Time (s): cpu = 00:00:06 ; elapsed = 00:00:06 . Memory (MB): peak = 2218.531 ; gain = 534.445 ; free physical = 50094 ; free virtual = 65445
---------------------------------------------------------------------------------
---------------------------------------------------------------------------------
Start Loading Part and Timing Information
---------------------------------------------------------------------------------
Loading part: xc7z020clg400-1
---------------------------------------------------------------------------------
Finished Loading Part and Timing Information : Time (s): cpu = 00:00:06 ; elapsed = 00:00:06 . Memory (MB): peak = 2226.535 ; gain = 542.449 ; free physical = 50094 ; free virtual = 65445
---------------------------------------------------------------------------------
---------------------------------------------------------------------------------
Start Applying 'set_property' XDC Constraints
---------------------------------------------------------------------------------
Applied set_property IO_BUFFER_TYPE = NONE for DDR_addr[0]. (constraint file  /run/media/pjs/6A43-DC8A/smollm2-zybo/hw/vivado_project/GPTalk.gen/sources_1/bd/design_1/ip/design_1_processing_system7_0_0/design_1_processing_system7_0_0/design_1_processing_system7_0_0_in_context.xdc, line 4).
Applied set_property CLOCK_BUFFER_TYPE = NONE for DDR_addr[0]. (constraint file  /run/media/pjs/6A43-DC8A/smollm2-zybo/hw/vivado_project/GPTalk.gen/sources_1/bd/design_1/ip/design_1_processing_system7_0_0/design_1_processing_system7_0_0/design_1_processing_system7_0_0_in_context.xdc, line 5).
Applied set_property IO_BUFFER_TYPE = NONE for DDR_addr[10]. (constraint file  /run/media/pjs/6A43-DC8A/smollm2-zybo/hw/vivado_project/GPTalk.gen/sources_1/bd/design_1/ip/design_1_processing_system7_0_0/design_1_processing_system7_0_0/design_1_processing_system7_0_0_in_context.xdc, line 6).
Applied set_property CLOCK_BUFFER_TYPE = NONE for DDR_addr[10]. (constraint file  /run/media/pjs/6A43-DC8A/smollm2-zybo/hw/vivado_project/GPTalk.gen/sources_1/bd/design_1/ip/design_1_processing_system7_0_0/design_1_processing_system7_0_0/design_1_processing_system7_0_0_in_context.xdc, line 7).
Applied set_property IO_BUFFER_TYPE = NONE for DDR_addr[11]. (constraint file  /run/media/pjs/6A43-DC8A/smollm2-zybo/hw/vivado_project/GPTalk.gen/sources_1/bd/design_1/ip/design_1_processing_system7_0_0/design_1_processing_system7_0_0/design_1_processing_system7_0_0_in_context.xdc, line 8).
Applied set_property CLOCK_BUFFER_TYPE = NONE for DDR_addr[11]. (constraint file  /run/media/pjs/6A43-DC8A/smollm2-zybo/hw/vivado_project/GPTalk.gen/sources_1/bd/design_1/ip/design_1_processing_system7_0_0/design_1_processing_system7_0_0/design_1_processing_system7_0_0_in_context.xdc, line 9).
Applied set_property IO_BUFFER_TYPE = NONE for DDR_addr[12]. (constraint file  /run/media/pjs/6A43-DC8A/smollm2-zybo/hw/vivado_project/GPTalk.gen/sources_1/bd/design_1/ip/design_1_processing_system7_0_0/design_1_processing_system7_0_0/design_1_processing_system7_0_0_in_context.xdc, line 10).
Applied set_property CLOCK_BUFFER_TYPE = NONE for DDR_addr[12]. (constraint file  /run/media/pjs/6A43-DC8A/smollm2-zybo/hw/vivado_project/GPTalk.gen/sources_1/bd/design_1/ip/design_1_processing_system7_0_0/design_1_processing_system7_0_0/design_1_processing_system7_0_0_in_context.xdc, line 11).
Applied set_property IO_BUFFER_TYPE = NONE for DDR_addr[13]. (constraint file  /run/media/pjs/6A43-DC8A/smollm2-zybo/hw/vivado_project/GPTalk.gen/sources_1/bd/design_1/ip/design_1_processing_system7_0_0/design_1_processing_system7_0_0/design_1_processing_system7_0_0_in_context.xdc, line 12).
Applied set_property CLOCK_BUFFER_TYPE = NONE for DDR_addr[13]. (constraint file  /run/media/pjs/6A43-DC8A/smollm2-zybo/hw/vivado_project/GPTalk.gen/sources_1/bd/design_1/ip/design_1_processing_system7_0_0/design_1_processing_system7_0_0/design_1_processing_system7_0_0_in_context.xdc, line 13).
Applied set_property IO_BUFFER_TYPE = NONE for DDR_addr[14]. (constraint file  /run/media/pjs/6A43-DC8A/smollm2-zybo/hw/vivado_project/GPTalk.gen/sources_1/bd/design_1/ip/design_1_processing_system7_0_0/design_1_processing_system7_0_0/design_1_processing_system7_0_0_in_context.xdc, line 14).
Applied set_property CLOCK_BUFFER_TYPE = NONE for DDR_addr[14]. (constraint file  /run/media/pjs/6A43-DC8A/smollm2-zybo/hw/vivado_project/GPTalk.gen/sources_1/bd/design_1/ip/design_1_processing_system7_0_0/design_1_processing_system7_0_0/design_1_processing_system7_0_0_in_context.xdc, line 15).
Applied set_property IO_BUFFER_TYPE = NONE for DDR_addr[1]. (constraint file  /run/media/pjs/6A43-DC8A/smollm2-zybo/hw/vivado_project/GPTalk.gen/sources_1/bd/design_1/ip/design_1_processing_system7_0_0/design_1_processing_system7_0_0/design_1_processing_system7_0_0_in_context.xdc, line 16).
Applied set_property CLOCK_BUFFER_TYPE = NONE for DDR_addr[1]. (constraint file  /run/media/pjs/6A43-DC8A/smollm2-zybo/hw/vivado_project/GPTalk.gen/sources_1/bd/design_1/ip/design_1_processing_system7_0_0/design_1_processing_system7_0_0/design_1_processing_system7_0_0_in_context.xdc, line 17).
Applied set_property IO_BUFFER_TYPE = NONE for DDR_addr[2]. (constraint file  /run/media/pjs/6A43-DC8A/smollm2-zybo/hw/vivado_project/GPTalk.gen/sources_1/bd/design_1/ip/design_1_processing_system7_0_0/design_1_processing_system7_0_0/design_1_processing_system7_0_0_in_context.xdc, line 18).
Applied set_property CLOCK_BUFFER_TYPE = NONE for DDR_addr[2]. (constraint file  /run/media/pjs/6A43-DC8A/smollm2-zybo/hw/vivado_project/GPTalk.gen/sources_1/bd/design_1/ip/design_1_processing_system7_0_0/design_1_processing_system7_0_0/design_1_processing_system7_0_0_in_context.xdc, line 19).
Applied set_property IO_BUFFER_TYPE = NONE for DDR_addr[3]. (constraint file  /run/media/pjs/6A43-DC8A/smollm2-zybo/hw/vivado_project/GPTalk.gen/sources_1/bd/design_1/ip/design_1_processing_system7_0_0/design_1_processing_system7_0_0/design_1_processing_system7_0_0_in_context.xdc, line 20).
Applied set_property CLOCK_BUFFER_TYPE = NONE for DDR_addr[3]. (constraint file  /run/media/pjs/6A43-DC8A/smollm2-zybo/hw/vivado_project/GPTalk.gen/sources_1/bd/design_1/ip/design_1_processing_system7_0_0/design_1_processing_system7_0_0/design_1_processing_system7_0_0_in_context.xdc, line 21).
Applied set_property IO_BUFFER_TYPE = NONE for DDR_addr[4]. (constraint file  /run/media/pjs/6A43-DC8A/smollm2-zybo/hw/vivado_project/GPTalk.gen/sources_1/bd/design_1/ip/design_1_processing_system7_0_0/design_1_processing_system7_0_0/design_1_processing_system7_0_0_in_context.xdc, line 22).
Applied set_property CLOCK_BUFFER_TYPE = NONE for DDR_addr[4]. (constraint file  /run/media/pjs/6A43-DC8A/smollm2-zybo/hw/vivado_project/GPTalk.gen/sources_1/bd/design_1/ip/design_1_processing_system7_0_0/design_1_processing_system7_0_0/design_1_processing_system7_0_0_in_context.xdc, line 23).
Applied set_property IO_BUFFER_TYPE = NONE for DDR_addr[5]. (constraint file  /run/media/pjs/6A43-DC8A/smollm2-zybo/hw/vivado_project/GPTalk.gen/sources_1/bd/design_1/ip/design_1_processing_system7_0_0/design_1_processing_system7_0_0/design_1_processing_system7_0_0_in_context.xdc, line 24).
Applied set_property CLOCK_BUFFER_TYPE = NONE for DDR_addr[5]. (constraint file  /run/media/pjs/6A43-DC8A/smollm2-zybo/hw/vivado_project/GPTalk.gen/sources_1/bd/design_1/ip/design_1_processing_system7_0_0/design_1_processing_system7_0_0/design_1_processing_system7_0_0_in_context.xdc, line 25).
Applied set_property IO_BUFFER_TYPE = NONE for DDR_addr[6]. (constraint file  /run/media/pjs/6A43-DC8A/smollm2-zybo/hw/vivado_project/GPTalk.gen/sources_1/bd/design_1/ip/design_1_processing_system7_0_0/design_1_processing_system7_0_0/design_1_processing_system7_0_0_in_context.xdc, line 26).
Applied set_property CLOCK_BUFFER_TYPE = NONE for DDR_addr[6]. (constraint file  /run/media/pjs/6A43-DC8A/smollm2-zybo/hw/vivado_project/GPTalk.gen/sources_1/bd/design_1/ip/design_1_processing_system7_0_0/design_1_processing_system7_0_0/design_1_processing_system7_0_0_in_context.xdc, line 27).
Applied set_property IO_BUFFER_TYPE = NONE for DDR_addr[7]. (constraint file  /run/media/pjs/6A43-DC8A/smollm2-zybo/hw/vivado_project/GPTalk.gen/sources_1/bd/design_1/ip/design_1_processing_system7_0_0/design_1_processing_system7_0_0/design_1_processing_system7_0_0_in_context.xdc, line 28).
Applied set_property CLOCK_BUFFER_TYPE = NONE for DDR_addr[7]. (constraint file  /run/media/pjs/6A43-DC8A/smollm2-zybo/hw/vivado_project/GPTalk.gen/sources_1/bd/design_1/ip/design_1_processing_system7_0_0/design_1_processing_system7_0_0/design_1_processing_system7_0_0_in_context.xdc, line 29).
Applied set_property IO_BUFFER_TYPE = NONE for DDR_addr[8]. (constraint file  /run/media/pjs/6A43-DC8A/smollm2-zybo/hw/vivado_project/GPTalk.gen/sources_1/bd/design_1/ip/design_1_processing_system7_0_0/design_1_processing_system7_0_0/design_1_processing_system7_0_0_in_context.xdc, line 30).
Applied set_property CLOCK_BUFFER_TYPE = NONE for DDR_addr[8]. (constraint file  /run/media/pjs/6A43-DC8A/smollm2-zybo/hw/vivado_project/GPTalk.gen/sources_1/bd/design_1/ip/design_1_processing_system7_0_0/design_1_processing_system7_0_0/design_1_processing_system7_0_0_in_context.xdc, line 31).
Applied set_property IO_BUFFER_TYPE = NONE for DDR_addr[9]. (constraint file  /run/media/pjs/6A43-DC8A/smollm2-zybo/hw/vivado_project/GPTalk.gen/sources_1/bd/design_1/ip/design_1_processing_system7_0_0/design_1_processing_system7_0_0/design_1_processing_system7_0_0_in_context.xdc, line 32).
Applied set_property CLOCK_BUFFER_TYPE = NONE for DDR_addr[9]. (constraint file  /run/media/pjs/6A43-DC8A/smollm2-zybo/hw/vivado_project/GPTalk.gen/sources_1/bd/design_1/ip/design_1_processing_system7_0_0/design_1_processing_system7_0_0/design_1_processing_system7_0_0_in_context.xdc, line 33).
Applied set_property IO_BUFFER_TYPE = NONE for DDR_ba[0]. (constraint file  /run/media/pjs/6A43-DC8A/smollm2-zybo/hw/vivado_project/GPTalk.gen/sources_1/bd/design_1/ip/design_1_processing_system7_0_0/design_1_processing_system7_0_0/design_1_processing_system7_0_0_in_context.xdc, line 34).
Applied set_property CLOCK_BUFFER_TYPE = NONE for DDR_ba[0]. (constraint file  /run/media/pjs/6A43-DC8A/smollm2-zybo/hw/vivado_project/GPTalk.gen/sources_1/bd/design_1/ip/design_1_processing_system7_0_0/design_1_processing_system7_0_0/design_1_processing_system7_0_0_in_context.xdc, line 35).
Applied set_property IO_BUFFER_TYPE = NONE for DDR_ba[1]. (constraint file  /run/media/pjs/6A43-DC8A/smollm2-zybo/hw/vivado_project/GPTalk.gen/sources_1/bd/design_1/ip/design_1_processing_system7_0_0/design_1_processing_system7_0_0/design_1_processing_system7_0_0_in_context.xdc, line 36).
Applied set_property CLOCK_BUFFER_TYPE = NONE for DDR_ba[1]. (constraint file  /run/media/pjs/6A43-DC8A/smollm2-zybo/hw/vivado_project/GPTalk.gen/sources_1/bd/design_1/ip/design_1_processing_system7_0_0/design_1_processing_system7_0_0/design_1_processing_system7_0_0_in_context.xdc, line 37).
Applied set_property IO_BUFFER_TYPE = NONE for DDR_ba[2]. (constraint file  /run/media/pjs/6A43-DC8A/smollm2-zybo/hw/vivado_project/GPTalk.gen/sources_1/bd/design_1/ip/design_1_processing_system7_0_0/design_1_processing_system7_0_0/design_1_processing_system7_0_0_in_context.xdc, line 38).
Applied set_property CLOCK_BUFFER_TYPE = NONE for DDR_ba[2]. (constraint file  /run/media/pjs/6A43-DC8A/smollm2-zybo/hw/vivado_project/GPTalk.gen/sources_1/bd/design_1/ip/design_1_processing_system7_0_0/design_1_processing_system7_0_0/design_1_processing_system7_0_0_in_context.xdc, line 39).
Applied set_property IO_BUFFER_TYPE = NONE for DDR_cas_n. (constraint file  /run/media/pjs/6A43-DC8A/smollm2-zybo/hw/vivado_project/GPTalk.gen/sources_1/bd/design_1/ip/design_1_processing_system7_0_0/design_1_processing_system7_0_0/design_1_processing_system7_0_0_in_context.xdc, line 40).
Applied set_property CLOCK_BUFFER_TYPE = NONE for DDR_cas_n. (constraint file  /run/media/pjs/6A43-DC8A/smollm2-zybo/hw/vivado_project/GPTalk.gen/sources_1/bd/design_1/ip/design_1_processing_system7_0_0/design_1_processing_system7_0_0/design_1_processing_system7_0_0_in_context.xdc, line 41).
Applied set_property IO_BUFFER_TYPE = NONE for DDR_cke. (constraint file  /run/media/pjs/6A43-DC8A/smollm2-zybo/hw/vivado_project/GPTalk.gen/sources_1/bd/design_1/ip/design_1_processing_system7_0_0/design_1_processing_system7_0_0/design_1_processing_system7_0_0_in_context.xdc, line 42).
Applied set_property CLOCK_BUFFER_TYPE = NONE for DDR_cke. (constraint file  /run/media/pjs/6A43-DC8A/smollm2-zybo/hw/vivado_project/GPTalk.gen/sources_1/bd/design_1/ip/design_1_processing_system7_0_0/design_1_processing_system7_0_0/design_1_processing_system7_0_0_in_context.xdc, line 43).
Applied set_property IO_BUFFER_TYPE = NONE for DDR_cs_n. (constraint file  /run/media/pjs/6A43-DC8A/smollm2-zybo/hw/vivado_project/GPTalk.gen/sources_1/bd/design_1/ip/design_1_processing_system7_0_0/design_1_processing_system7_0_0/design_1_processing_system7_0_0_in_context.xdc, line 44).
Applied set_property CLOCK_BUFFER_TYPE = NONE for DDR_cs_n. (constraint file  /run/media/pjs/6A43-DC8A/smollm2-zybo/hw/vivado_project/GPTalk.gen/sources_1/bd/design_1/ip/design_1_processing_system7_0_0/design_1_processing_system7_0_0/design_1_processing_system7_0_0_in_context.xdc, line 45).
Applied set_property IO_BUFFER_TYPE = NONE for DDR_ck_p. (constraint file  /run/media/pjs/6A43-DC8A/smollm2-zybo/hw/vivado_project/GPTalk.gen/sources_1/bd/design_1/ip/design_1_processing_system7_0_0/design_1_processing_system7_0_0/design_1_processing_system7_0_0_in_context.xdc, line 46).
Applied set_property CLOCK_BUFFER_TYPE = NONE for DDR_ck_p. (constraint file  /run/media/pjs/6A43-DC8A/smollm2-zybo/hw/vivado_project/GPTalk.gen/sources_1/bd/design_1/ip/design_1_processing_system7_0_0/design_1_processing_system7_0_0/design_1_processing_system7_0_0_in_context.xdc, line 47).
Applied set_property IO_BUFFER_TYPE = NONE for DDR_ck_n. (constraint file  /run/media/pjs/6A43-DC8A/smollm2-zybo/hw/vivado_project/GPTalk.gen/sources_1/bd/design_1/ip/design_1_processing_system7_0_0/design_1_processing_system7_0_0/design_1_processing_system7_0_0_in_context.xdc, line 48).
Applied set_property CLOCK_BUFFER_TYPE = NONE for DDR_ck_n. (constraint file  /run/media/pjs/6A43-DC8A/smollm2-zybo/hw/vivado_project/GPTalk.gen/sources_1/bd/design_1/ip/design_1_processing_system7_0_0/design_1_processing_system7_0_0/design_1_processing_system7_0_0_in_context.xdc, line 49).
Applied set_property IO_BUFFER_TYPE = NONE for DDR_dm[0]. (constraint file  /run/media/pjs/6A43-DC8A/smollm2-zybo/hw/vivado_project/GPTalk.gen/sources_1/bd/design_1/ip/design_1_processing_system7_0_0/design_1_processing_system7_0_0/design_1_processing_system7_0_0_in_context.xdc, line 50).
Applied set_property CLOCK_BUFFER_TYPE = NONE for DDR_dm[0]. (constraint file  /run/media/pjs/6A43-DC8A/smollm2-zybo/hw/vivado_project/GPTalk.gen/sources_1/bd/design_1/ip/design_1_processing_system7_0_0/design_1_processing_system7_0_0/design_1_processing_system7_0_0_in_context.xdc, line 51).
Applied set_property IO_BUFFER_TYPE = NONE for DDR_dm[1]. (constraint file  /run/media/pjs/6A43-DC8A/smollm2-zybo/hw/vivado_project/GPTalk.gen/sources_1/bd/design_1/ip/design_1_processing_system7_0_0/design_1_processing_system7_0_0/design_1_processing_system7_0_0_in_context.xdc, line 52).
Applied set_property CLOCK_BUFFER_TYPE = NONE for DDR_dm[1]. (constraint file  /run/media/pjs/6A43-DC8A/smollm2-zybo/hw/vivado_project/GPTalk.gen/sources_1/bd/design_1/ip/design_1_processing_system7_0_0/design_1_processing_system7_0_0/design_1_processing_system7_0_0_in_context.xdc, line 53).
Applied set_property IO_BUFFER_TYPE = NONE for DDR_dm[2]. (constraint file  /run/media/pjs/6A43-DC8A/smollm2-zybo/hw/vivado_project/GPTalk.gen/sources_1/bd/design_1/ip/design_1_processing_system7_0_0/design_1_processing_system7_0_0/design_1_processing_system7_0_0_in_context.xdc, line 54).
Applied set_property CLOCK_BUFFER_TYPE = NONE for DDR_dm[2]. (constraint file  /run/media/pjs/6A43-DC8A/smollm2-zybo/hw/vivado_project/GPTalk.gen/sources_1/bd/design_1/ip/design_1_processing_system7_0_0/design_1_processing_system7_0_0/design_1_processing_system7_0_0_in_context.xdc, line 55).
Applied set_property IO_BUFFER_TYPE = NONE for DDR_dm[3]. (constraint file  /run/media/pjs/6A43-DC8A/smollm2-zybo/hw/vivado_project/GPTalk.gen/sources_1/bd/design_1/ip/design_1_processing_system7_0_0/design_1_processing_system7_0_0/design_1_processing_system7_0_0_in_context.xdc, line 56).
Applied set_property CLOCK_BUFFER_TYPE = NONE for DDR_dm[3]. (constraint file  /run/media/pjs/6A43-DC8A/smollm2-zybo/hw/vivado_project/GPTalk.gen/sources_1/bd/design_1/ip/design_1_processing_system7_0_0/design_1_processing_system7_0_0/design_1_processing_system7_0_0_in_context.xdc, line 57).
Applied set_property IO_BUFFER_TYPE = NONE for DDR_dqs_p[0]. (constraint file  /run/media/pjs/6A43-DC8A/smollm2-zybo/hw/vivado_project/GPTalk.gen/sources_1/bd/design_1/ip/design_1_processing_system7_0_0/design_1_processing_system7_0_0/design_1_processing_system7_0_0_in_context.xdc, line 58).
Applied set_property CLOCK_BUFFER_TYPE = NONE for DDR_dqs_p[0]. (constraint file  /run/media/pjs/6A43-DC8A/smollm2-zybo/hw/vivado_project/GPTalk.gen/sources_1/bd/design_1/ip/design_1_processing_system7_0_0/design_1_processing_system7_0_0/design_1_processing_system7_0_0_in_context.xdc, line 59).
Applied set_property IO_BUFFER_TYPE = NONE for DDR_dqs_p[1]. (constraint file  /run/media/pjs/6A43-DC8A/smollm2-zybo/hw/vivado_project/GPTalk.gen/sources_1/bd/design_1/ip/design_1_processing_system7_0_0/design_1_processing_system7_0_0/design_1_processing_system7_0_0_in_context.xdc, line 60).
Applied set_property CLOCK_BUFFER_TYPE = NONE for DDR_dqs_p[1]. (constraint file  /run/media/pjs/6A43-DC8A/smollm2-zybo/hw/vivado_project/GPTalk.gen/sources_1/bd/design_1/ip/design_1_processing_system7_0_0/design_1_processing_system7_0_0/design_1_processing_system7_0_0_in_context.xdc, line 61).
Applied set_property IO_BUFFER_TYPE = NONE for DDR_dqs_p[2]. (constraint file  /run/media/pjs/6A43-DC8A/smollm2-zybo/hw/vivado_project/GPTalk.gen/sources_1/bd/design_1/ip/design_1_processing_system7_0_0/design_1_processing_system7_0_0/design_1_processing_system7_0_0_in_context.xdc, line 62).
Applied set_property CLOCK_BUFFER_TYPE = NONE for DDR_dqs_p[2]. (constraint file  /run/media/pjs/6A43-DC8A/smollm2-zybo/hw/vivado_project/GPTalk.gen/sources_1/bd/design_1/ip/design_1_processing_system7_0_0/design_1_processing_system7_0_0/design_1_processing_system7_0_0_in_context.xdc, line 63).
Applied set_property IO_BUFFER_TYPE = NONE for DDR_dqs_p[3]. (constraint file  /run/media/pjs/6A43-DC8A/smollm2-zybo/hw/vivado_project/GPTalk.gen/sources_1/bd/design_1/ip/design_1_processing_system7_0_0/design_1_processing_system7_0_0/design_1_processing_system7_0_0_in_context.xdc, line 64).
Applied set_property CLOCK_BUFFER_TYPE = NONE for DDR_dqs_p[3]. (constraint file  /run/media/pjs/6A43-DC8A/smollm2-zybo/hw/vivado_project/GPTalk.gen/sources_1/bd/design_1/ip/design_1_processing_system7_0_0/design_1_processing_system7_0_0/design_1_processing_system7_0_0_in_context.xdc, line 65).
Applied set_property IO_BUFFER_TYPE = NONE for DDR_dqs_n[0]. (constraint file  /run/media/pjs/6A43-DC8A/smollm2-zybo/hw/vivado_project/GPTalk.gen/sources_1/bd/design_1/ip/design_1_processing_system7_0_0/design_1_processing_system7_0_0/design_1_processing_system7_0_0_in_context.xdc, line 66).
Applied set_property CLOCK_BUFFER_TYPE = NONE for DDR_dqs_n[0]. (constraint file  /run/media/pjs/6A43-DC8A/smollm2-zybo/hw/vivado_project/GPTalk.gen/sources_1/bd/design_1/ip/design_1_processing_system7_0_0/design_1_processing_system7_0_0/design_1_processing_system7_0_0_in_context.xdc, line 67).
Applied set_property IO_BUFFER_TYPE = NONE for DDR_dqs_n[1]. (constraint file  /run/media/pjs/6A43-DC8A/smollm2-zybo/hw/vivado_project/GPTalk.gen/sources_1/bd/design_1/ip/design_1_processing_system7_0_0/design_1_processing_system7_0_0/design_1_processing_system7_0_0_in_context.xdc, line 68).
Applied set_property CLOCK_BUFFER_TYPE = NONE for DDR_dqs_n[1]. (constraint file  /run/media/pjs/6A43-DC8A/smollm2-zybo/hw/vivado_project/GPTalk.gen/sources_1/bd/design_1/ip/design_1_processing_system7_0_0/design_1_processing_system7_0_0/design_1_processing_system7_0_0_in_context.xdc, line 69).
Applied set_property IO_BUFFER_TYPE = NONE for DDR_dqs_n[2]. (constraint file  /run/media/pjs/6A43-DC8A/smollm2-zybo/hw/vivado_project/GPTalk.gen/sources_1/bd/design_1/ip/design_1_processing_system7_0_0/design_1_processing_system7_0_0/design_1_processing_system7_0_0_in_context.xdc, line 70).
Applied set_property CLOCK_BUFFER_TYPE = NONE for DDR_dqs_n[2]. (constraint file  /run/media/pjs/6A43-DC8A/smollm2-zybo/hw/vivado_project/GPTalk.gen/sources_1/bd/design_1/ip/design_1_processing_system7_0_0/design_1_processing_system7_0_0/design_1_processing_system7_0_0_in_context.xdc, line 71).
Applied set_property IO_BUFFER_TYPE = NONE for DDR_dqs_n[3]. (constraint file  /run/media/pjs/6A43-DC8A/smollm2-zybo/hw/vivado_project/GPTalk.gen/sources_1/bd/design_1/ip/design_1_processing_system7_0_0/design_1_processing_system7_0_0/design_1_processing_system7_0_0_in_context.xdc, line 72).
Applied set_property CLOCK_BUFFER_TYPE = NONE for DDR_dqs_n[3]. (constraint file  /run/media/pjs/6A43-DC8A/smollm2-zybo/hw/vivado_project/GPTalk.gen/sources_1/bd/design_1/ip/design_1_processing_system7_0_0/design_1_processing_system7_0_0/design_1_processing_system7_0_0_in_context.xdc, line 73).
Applied set_property IO_BUFFER_TYPE = NONE for DDR_dq[0]. (constraint file  /run/media/pjs/6A43-DC8A/smollm2-zybo/hw/vivado_project/GPTalk.gen/sources_1/bd/design_1/ip/design_1_processing_system7_0_0/design_1_processing_system7_0_0/design_1_processing_system7_0_0_in_context.xdc, line 74).
Applied set_property CLOCK_BUFFER_TYPE = NONE for DDR_dq[0]. (constraint file  /run/media/pjs/6A43-DC8A/smollm2-zybo/hw/vivado_project/GPTalk.gen/sources_1/bd/design_1/ip/design_1_processing_system7_0_0/design_1_processing_system7_0_0/design_1_processing_system7_0_0_in_context.xdc, line 75).
Applied set_property IO_BUFFER_TYPE = NONE for DDR_dq[10]. (constraint file  /run/media/pjs/6A43-DC8A/smollm2-zybo/hw/vivado_project/GPTalk.gen/sources_1/bd/design_1/ip/design_1_processing_system7_0_0/design_1_processing_system7_0_0/design_1_processing_system7_0_0_in_context.xdc, line 76).
Applied set_property CLOCK_BUFFER_TYPE = NONE for DDR_dq[10]. (constraint file  /run/media/pjs/6A43-DC8A/smollm2-zybo/hw/vivado_project/GPTalk.gen/sources_1/bd/design_1/ip/design_1_processing_system7_0_0/design_1_processing_system7_0_0/design_1_processing_system7_0_0_in_context.xdc, line 77).
Applied set_property IO_BUFFER_TYPE = NONE for DDR_dq[11]. (constraint file  /run/media/pjs/6A43-DC8A/smollm2-zybo/hw/vivado_project/GPTalk.gen/sources_1/bd/design_1/ip/design_1_processing_system7_0_0/design_1_processing_system7_0_0/design_1_processing_system7_0_0_in_context.xdc, line 78).
Applied set_property CLOCK_BUFFER_TYPE = NONE for DDR_dq[11]. (constraint file  /run/media/pjs/6A43-DC8A/smollm2-zybo/hw/vivado_project/GPTalk.gen/sources_1/bd/design_1/ip/design_1_processing_system7_0_0/design_1_processing_system7_0_0/design_1_processing_system7_0_0_in_context.xdc, line 79).
Applied set_property IO_BUFFER_TYPE = NONE for DDR_dq[12]. (constraint file  /run/media/pjs/6A43-DC8A/smollm2-zybo/hw/vivado_project/GPTalk.gen/sources_1/bd/design_1/ip/design_1_processing_system7_0_0/design_1_processing_system7_0_0/design_1_processing_system7_0_0_in_context.xdc, line 80).
Applied set_property CLOCK_BUFFER_TYPE = NONE for DDR_dq[12]. (constraint file  /run/media/pjs/6A43-DC8A/smollm2-zybo/hw/vivado_project/GPTalk.gen/sources_1/bd/design_1/ip/design_1_processing_system7_0_0/design_1_processing_system7_0_0/design_1_processing_system7_0_0_in_context.xdc, line 81).
Applied set_property IO_BUFFER_TYPE = NONE for DDR_dq[13]. (constraint file  /run/media/pjs/6A43-DC8A/smollm2-zybo/hw/vivado_project/GPTalk.gen/sources_1/bd/design_1/ip/design_1_processing_system7_0_0/design_1_processing_system7_0_0/design_1_processing_system7_0_0_in_context.xdc, line 82).
Applied set_property CLOCK_BUFFER_TYPE = NONE for DDR_dq[13]. (constraint file  /run/media/pjs/6A43-DC8A/smollm2-zybo/hw/vivado_project/GPTalk.gen/sources_1/bd/design_1/ip/design_1_processing_system7_0_0/design_1_processing_system7_0_0/design_1_processing_system7_0_0_in_context.xdc, line 83).
Applied set_property IO_BUFFER_TYPE = NONE for DDR_dq[14]. (constraint file  /run/media/pjs/6A43-DC8A/smollm2-zybo/hw/vivado_project/GPTalk.gen/sources_1/bd/design_1/ip/design_1_processing_system7_0_0/design_1_processing_system7_0_0/design_1_processing_system7_0_0_in_context.xdc, line 84).
Applied set_property CLOCK_BUFFER_TYPE = NONE for DDR_dq[14]. (constraint file  /run/media/pjs/6A43-DC8A/smollm2-zybo/hw/vivado_project/GPTalk.gen/sources_1/bd/design_1/ip/design_1_processing_system7_0_0/design_1_processing_system7_0_0/design_1_processing_system7_0_0_in_context.xdc, line 85).
Applied set_property IO_BUFFER_TYPE = NONE for DDR_dq[15]. (constraint file  /run/media/pjs/6A43-DC8A/smollm2-zybo/hw/vivado_project/GPTalk.gen/sources_1/bd/design_1/ip/design_1_processing_system7_0_0/design_1_processing_system7_0_0/design_1_processing_system7_0_0_in_context.xdc, line 86).
Applied set_property CLOCK_BUFFER_TYPE = NONE for DDR_dq[15]. (constraint file  /run/media/pjs/6A43-DC8A/smollm2-zybo/hw/vivado_project/GPTalk.gen/sources_1/bd/design_1/ip/design_1_processing_system7_0_0/design_1_processing_system7_0_0/design_1_processing_system7_0_0_in_context.xdc, line 87).
Applied set_property IO_BUFFER_TYPE = NONE for DDR_dq[16]. (constraint file  /run/media/pjs/6A43-DC8A/smollm2-zybo/hw/vivado_project/GPTalk.gen/sources_1/bd/design_1/ip/design_1_processing_system7_0_0/design_1_processing_system7_0_0/design_1_processing_system7_0_0_in_context.xdc, line 88).
Applied set_property CLOCK_BUFFER_TYPE = NONE for DDR_dq[16]. (constraint file  /run/media/pjs/6A43-DC8A/smollm2-zybo/hw/vivado_project/GPTalk.gen/sources_1/bd/design_1/ip/design_1_processing_system7_0_0/design_1_processing_system7_0_0/design_1_processing_system7_0_0_in_context.xdc, line 89).
Applied set_property IO_BUFFER_TYPE = NONE for DDR_dq[17]. (constraint file  /run/media/pjs/6A43-DC8A/smollm2-zybo/hw/vivado_project/GPTalk.gen/sources_1/bd/design_1/ip/design_1_processing_system7_0_0/design_1_processing_system7_0_0/design_1_processing_system7_0_0_in_context.xdc, line 90).
Applied set_property CLOCK_BUFFER_TYPE = NONE for DDR_dq[17]. (constraint file  /run/media/pjs/6A43-DC8A/smollm2-zybo/hw/vivado_project/GPTalk.gen/sources_1/bd/design_1/ip/design_1_processing_system7_0_0/design_1_processing_system7_0_0/design_1_processing_system7_0_0_in_context.xdc, line 91).
Applied set_property IO_BUFFER_TYPE = NONE for DDR_dq[18]. (constraint file  /run/media/pjs/6A43-DC8A/smollm2-zybo/hw/vivado_project/GPTalk.gen/sources_1/bd/design_1/ip/design_1_processing_system7_0_0/design_1_processing_system7_0_0/design_1_processing_system7_0_0_in_context.xdc, line 92).
Applied set_property CLOCK_BUFFER_TYPE = NONE for DDR_dq[18]. (constraint file  /run/media/pjs/6A43-DC8A/smollm2-zybo/hw/vivado_project/GPTalk.gen/sources_1/bd/design_1/ip/design_1_processing_system7_0_0/design_1_processing_system7_0_0/design_1_processing_system7_0_0_in_context.xdc, line 93).
Applied set_property IO_BUFFER_TYPE = NONE for DDR_dq[19]. (constraint file  /run/media/pjs/6A43-DC8A/smollm2-zybo/hw/vivado_project/GPTalk.gen/sources_1/bd/design_1/ip/design_1_processing_system7_0_0/design_1_processing_system7_0_0/design_1_processing_system7_0_0_in_context.xdc, line 94).
Applied set_property CLOCK_BUFFER_TYPE = NONE for DDR_dq[19]. (constraint file  /run/media/pjs/6A43-DC8A/smollm2-zybo/hw/vivado_project/GPTalk.gen/sources_1/bd/design_1/ip/design_1_processing_system7_0_0/design_1_processing_system7_0_0/design_1_processing_system7_0_0_in_context.xdc, line 95).
Applied set_property IO_BUFFER_TYPE = NONE for DDR_dq[1]. (constraint file  /run/media/pjs/6A43-DC8A/smollm2-zybo/hw/vivado_project/GPTalk.gen/sources_1/bd/design_1/ip/design_1_processing_system7_0_0/design_1_processing_system7_0_0/design_1_processing_system7_0_0_in_context.xdc, line 96).
Applied set_property CLOCK_BUFFER_TYPE = NONE for DDR_dq[1]. (constraint file  /run/media/pjs/6A43-DC8A/smollm2-zybo/hw/vivado_project/GPTalk.gen/sources_1/bd/design_1/ip/design_1_processing_system7_0_0/design_1_processing_system7_0_0/design_1_processing_system7_0_0_in_context.xdc, line 97).
Applied set_property IO_BUFFER_TYPE = NONE for DDR_dq[20]. (constraint file  /run/media/pjs/6A43-DC8A/smollm2-zybo/hw/vivado_project/GPTalk.gen/sources_1/bd/design_1/ip/design_1_processing_system7_0_0/design_1_processing_system7_0_0/design_1_processing_system7_0_0_in_context.xdc, line 98).
Applied set_property CLOCK_BUFFER_TYPE = NONE for DDR_dq[20]. (constraint file  /run/media/pjs/6A43-DC8A/smollm2-zybo/hw/vivado_project/GPTalk.gen/sources_1/bd/design_1/ip/design_1_processing_system7_0_0/design_1_processing_system7_0_0/design_1_processing_system7_0_0_in_context.xdc, line 99).
Applied set_property IO_BUFFER_TYPE = NONE for DDR_dq[21]. (constraint file  /run/media/pjs/6A43-DC8A/smollm2-zybo/hw/vivado_project/GPTalk.gen/sources_1/bd/design_1/ip/design_1_processing_system7_0_0/design_1_processing_system7_0_0/design_1_processing_system7_0_0_in_context.xdc, line 100).
Applied set_property CLOCK_BUFFER_TYPE = NONE for DDR_dq[21]. (constraint file  /run/media/pjs/6A43-DC8A/smollm2-zybo/hw/vivado_project/GPTalk.gen/sources_1/bd/design_1/ip/design_1_processing_system7_0_0/design_1_processing_system7_0_0/design_1_processing_system7_0_0_in_context.xdc, line 101).
Applied set_property IO_BUFFER_TYPE = NONE for DDR_dq[22]. (constraint file  /run/media/pjs/6A43-DC8A/smollm2-zybo/hw/vivado_project/GPTalk.gen/sources_1/bd/design_1/ip/design_1_processing_system7_0_0/design_1_processing_system7_0_0/design_1_processing_system7_0_0_in_context.xdc, line 102).
Applied set_property CLOCK_BUFFER_TYPE = NONE for DDR_dq[22]. (constraint file  /run/media/pjs/6A43-DC8A/smollm2-zybo/hw/vivado_project/GPTalk.gen/sources_1/bd/design_1/ip/design_1_processing_system7_0_0/design_1_processing_system7_0_0/design_1_processing_system7_0_0_in_context.xdc, line 103).
Applied set_property IO_BUFFER_TYPE = NONE for DDR_dq[23]. (constraint file  /run/media/pjs/6A43-DC8A/smollm2-zybo/hw/vivado_project/GPTalk.gen/sources_1/bd/design_1/ip/design_1_processing_system7_0_0/design_1_processing_system7_0_0/design_1_processing_system7_0_0_in_context.xdc, line 104).
Applied set_property CLOCK_BUFFER_TYPE = NONE for DDR_dq[23]. (constraint file  /run/media/pjs/6A43-DC8A/smollm2-zybo/hw/vivado_project/GPTalk.gen/sources_1/bd/design_1/ip/design_1_processing_system7_0_0/design_1_processing_system7_0_0/design_1_processing_system7_0_0_in_context.xdc, line 105).
Applied set_property IO_BUFFER_TYPE = NONE for DDR_dq[24]. (constraint file  /run/media/pjs/6A43-DC8A/smollm2-zybo/hw/vivado_project/GPTalk.gen/sources_1/bd/design_1/ip/design_1_processing_system7_0_0/design_1_processing_system7_0_0/design_1_processing_system7_0_0_in_context.xdc, line 106).
Applied set_property CLOCK_BUFFER_TYPE = NONE for DDR_dq[24]. (constraint file  /run/media/pjs/6A43-DC8A/smollm2-zybo/hw/vivado_project/GPTalk.gen/sources_1/bd/design_1/ip/design_1_processing_system7_0_0/design_1_processing_system7_0_0/design_1_processing_system7_0_0_in_context.xdc, line 107).
Applied set_property IO_BUFFER_TYPE = NONE for DDR_dq[25]. (constraint file  /run/media/pjs/6A43-DC8A/smollm2-zybo/hw/vivado_project/GPTalk.gen/sources_1/bd/design_1/ip/design_1_processing_system7_0_0/design_1_processing_system7_0_0/design_1_processing_system7_0_0_in_context.xdc, line 108).
Applied set_property CLOCK_BUFFER_TYPE = NONE for DDR_dq[25]. (constraint file  /run/media/pjs/6A43-DC8A/smollm2-zybo/hw/vivado_project/GPTalk.gen/sources_1/bd/design_1/ip/design_1_processing_system7_0_0/design_1_processing_system7_0_0/design_1_processing_system7_0_0_in_context.xdc, line 109).
Applied set_property IO_BUFFER_TYPE = NONE for DDR_dq[26]. (constraint file  /run/media/pjs/6A43-DC8A/smollm2-zybo/hw/vivado_project/GPTalk.gen/sources_1/bd/design_1/ip/design_1_processing_system7_0_0/design_1_processing_system7_0_0/design_1_processing_system7_0_0_in_context.xdc, line 110).
Applied set_property CLOCK_BUFFER_TYPE = NONE for DDR_dq[26]. (constraint file  /run/media/pjs/6A43-DC8A/smollm2-zybo/hw/vivado_project/GPTalk.gen/sources_1/bd/design_1/ip/design_1_processing_system7_0_0/design_1_processing_system7_0_0/design_1_processing_system7_0_0_in_context.xdc, line 111).
Applied set_property IO_BUFFER_TYPE = NONE for DDR_dq[27]. (constraint file  /run/media/pjs/6A43-DC8A/smollm2-zybo/hw/vivado_project/GPTalk.gen/sources_1/bd/design_1/ip/design_1_processing_system7_0_0/design_1_processing_system7_0_0/design_1_processing_system7_0_0_in_context.xdc, line 112).
Applied set_property CLOCK_BUFFER_TYPE = NONE for DDR_dq[27]. (constraint file  /run/media/pjs/6A43-DC8A/smollm2-zybo/hw/vivado_project/GPTalk.gen/sources_1/bd/design_1/ip/design_1_processing_system7_0_0/design_1_processing_system7_0_0/design_1_processing_system7_0_0_in_context.xdc, line 113).
Applied set_property IO_BUFFER_TYPE = NONE for DDR_dq[28]. (constraint file  /run/media/pjs/6A43-DC8A/smollm2-zybo/hw/vivado_project/GPTalk.gen/sources_1/bd/design_1/ip/design_1_processing_system7_0_0/design_1_processing_system7_0_0/design_1_processing_system7_0_0_in_context.xdc, line 114).
Applied set_property CLOCK_BUFFER_TYPE = NONE for DDR_dq[28]. (constraint file  /run/media/pjs/6A43-DC8A/smollm2-zybo/hw/vivado_project/GPTalk.gen/sources_1/bd/design_1/ip/design_1_processing_system7_0_0/design_1_processing_system7_0_0/design_1_processing_system7_0_0_in_context.xdc, line 115).
Applied set_property IO_BUFFER_TYPE = NONE for DDR_dq[29]. (constraint file  /run/media/pjs/6A43-DC8A/smollm2-zybo/hw/vivado_project/GPTalk.gen/sources_1/bd/design_1/ip/design_1_processing_system7_0_0/design_1_processing_system7_0_0/design_1_processing_system7_0_0_in_context.xdc, line 116).
Applied set_property CLOCK_BUFFER_TYPE = NONE for DDR_dq[29]. (constraint file  /run/media/pjs/6A43-DC8A/smollm2-zybo/hw/vivado_project/GPTalk.gen/sources_1/bd/design_1/ip/design_1_processing_system7_0_0/design_1_processing_system7_0_0/design_1_processing_system7_0_0_in_context.xdc, line 117).
Applied set_property IO_BUFFER_TYPE = NONE for DDR_dq[2]. (constraint file  /run/media/pjs/6A43-DC8A/smollm2-zybo/hw/vivado_project/GPTalk.gen/sources_1/bd/design_1/ip/design_1_processing_system7_0_0/design_1_processing_system7_0_0/design_1_processing_system7_0_0_in_context.xdc, line 118).
Applied set_property CLOCK_BUFFER_TYPE = NONE for DDR_dq[2]. (constraint file  /run/media/pjs/6A43-DC8A/smollm2-zybo/hw/vivado_project/GPTalk.gen/sources_1/bd/design_1/ip/design_1_processing_system7_0_0/design_1_processing_system7_0_0/design_1_processing_system7_0_0_in_context.xdc, line 119).
Applied set_property IO_BUFFER_TYPE = NONE for DDR_dq[30]. (constraint file  /run/media/pjs/6A43-DC8A/smollm2-zybo/hw/vivado_project/GPTalk.gen/sources_1/bd/design_1/ip/design_1_processing_system7_0_0/design_1_processing_system7_0_0/design_1_processing_system7_0_0_in_context.xdc, line 120).
Applied set_property CLOCK_BUFFER_TYPE = NONE for DDR_dq[30]. (constraint file  /run/media/pjs/6A43-DC8A/smollm2-zybo/hw/vivado_project/GPTalk.gen/sources_1/bd/design_1/ip/design_1_processing_system7_0_0/design_1_processing_system7_0_0/design_1_processing_system7_0_0_in_context.xdc, line 121).
Applied set_property IO_BUFFER_TYPE = NONE for DDR_dq[31]. (constraint file  /run/media/pjs/6A43-DC8A/smollm2-zybo/hw/vivado_project/GPTalk.gen/sources_1/bd/design_1/ip/design_1_processing_system7_0_0/design_1_processing_system7_0_0/design_1_processing_system7_0_0_in_context.xdc, line 122).
Applied set_property CLOCK_BUFFER_TYPE = NONE for DDR_dq[31]. (constraint file  /run/media/pjs/6A43-DC8A/smollm2-zybo/hw/vivado_project/GPTalk.gen/sources_1/bd/design_1/ip/design_1_processing_system7_0_0/design_1_processing_system7_0_0/design_1_processing_system7_0_0_in_context.xdc, line 123).
Applied set_property IO_BUFFER_TYPE = NONE for DDR_dq[3]. (constraint file  /run/media/pjs/6A43-DC8A/smollm2-zybo/hw/vivado_project/GPTalk.gen/sources_1/bd/design_1/ip/design_1_processing_system7_0_0/design_1_processing_system7_0_0/design_1_processing_system7_0_0_in_context.xdc, line 124).
Applied set_property CLOCK_BUFFER_TYPE = NONE for DDR_dq[3]. (constraint file  /run/media/pjs/6A43-DC8A/smollm2-zybo/hw/vivado_project/GPTalk.gen/sources_1/bd/design_1/ip/design_1_processing_system7_0_0/design_1_processing_system7_0_0/design_1_processing_system7_0_0_in_context.xdc, line 125).
Applied set_property IO_BUFFER_TYPE = NONE for DDR_dq[4]. (constraint file  /run/media/pjs/6A43-DC8A/smollm2-zybo/hw/vivado_project/GPTalk.gen/sources_1/bd/design_1/ip/design_1_processing_system7_0_0/design_1_processing_system7_0_0/design_1_processing_system7_0_0_in_context.xdc, line 126).
Applied set_property CLOCK_BUFFER_TYPE = NONE for DDR_dq[4]. (constraint file  /run/media/pjs/6A43-DC8A/smollm2-zybo/hw/vivado_project/GPTalk.gen/sources_1/bd/design_1/ip/design_1_processing_system7_0_0/design_1_processing_system7_0_0/design_1_processing_system7_0_0_in_context.xdc, line 127).
Applied set_property IO_BUFFER_TYPE = NONE for DDR_dq[5]. (constraint file  /run/media/pjs/6A43-DC8A/smollm2-zybo/hw/vivado_project/GPTalk.gen/sources_1/bd/design_1/ip/design_1_processing_system7_0_0/design_1_processing_system7_0_0/design_1_processing_system7_0_0_in_context.xdc, line 128).
Applied set_property CLOCK_BUFFER_TYPE = NONE for DDR_dq[5]. (constraint file  /run/media/pjs/6A43-DC8A/smollm2-zybo/hw/vivado_project/GPTalk.gen/sources_1/bd/design_1/ip/design_1_processing_system7_0_0/design_1_processing_system7_0_0/design_1_processing_system7_0_0_in_context.xdc, line 129).
Applied set_property IO_BUFFER_TYPE = NONE for DDR_dq[6]. (constraint file  /run/media/pjs/6A43-DC8A/smollm2-zybo/hw/vivado_project/GPTalk.gen/sources_1/bd/design_1/ip/design_1_processing_system7_0_0/design_1_processing_system7_0_0/design_1_processing_system7_0_0_in_context.xdc, line 130).
Applied set_property CLOCK_BUFFER_TYPE = NONE for DDR_dq[6]. (constraint file  /run/media/pjs/6A43-DC8A/smollm2-zybo/hw/vivado_project/GPTalk.gen/sources_1/bd/design_1/ip/design_1_processing_system7_0_0/design_1_processing_system7_0_0/design_1_processing_system7_0_0_in_context.xdc, line 131).
Applied set_property IO_BUFFER_TYPE = NONE for DDR_dq[7]. (constraint file  /run/media/pjs/6A43-DC8A/smollm2-zybo/hw/vivado_project/GPTalk.gen/sources_1/bd/design_1/ip/design_1_processing_system7_0_0/design_1_processing_system7_0_0/design_1_processing_system7_0_0_in_context.xdc, line 132).
Applied set_property CLOCK_BUFFER_TYPE = NONE for DDR_dq[7]. (constraint file  /run/media/pjs/6A43-DC8A/smollm2-zybo/hw/vivado_project/GPTalk.gen/sources_1/bd/design_1/ip/design_1_processing_system7_0_0/design_1_processing_system7_0_0/design_1_processing_system7_0_0_in_context.xdc, line 133).
Applied set_property IO_BUFFER_TYPE = NONE for DDR_dq[8]. (constraint file  /run/media/pjs/6A43-DC8A/smollm2-zybo/hw/vivado_project/GPTalk.gen/sources_1/bd/design_1/ip/design_1_processing_system7_0_0/design_1_processing_system7_0_0/design_1_processing_system7_0_0_in_context.xdc, line 134).
Applied set_property CLOCK_BUFFER_TYPE = NONE for DDR_dq[8]. (constraint file  /run/media/pjs/6A43-DC8A/smollm2-zybo/hw/vivado_project/GPTalk.gen/sources_1/bd/design_1/ip/design_1_processing_system7_0_0/design_1_processing_system7_0_0/design_1_processing_system7_0_0_in_context.xdc, line 135).
Applied set_property IO_BUFFER_TYPE = NONE for DDR_dq[9]. (constraint file  /run/media/pjs/6A43-DC8A/smollm2-zybo/hw/vivado_project/GPTalk.gen/sources_1/bd/design_1/ip/design_1_processing_system7_0_0/design_1_processing_system7_0_0/design_1_processing_system7_0_0_in_context.xdc, line 136).
Applied set_property CLOCK_BUFFER_TYPE = NONE for DDR_dq[9]. (constraint file  /run/media/pjs/6A43-DC8A/smollm2-zybo/hw/vivado_project/GPTalk.gen/sources_1/bd/design_1/ip/design_1_processing_system7_0_0/design_1_processing_system7_0_0/design_1_processing_system7_0_0_in_context.xdc, line 137).
Applied set_property IO_BUFFER_TYPE = NONE for DDR_reset_n. (constraint file  /run/media/pjs/6A43-DC8A/smollm2-zybo/hw/vivado_project/GPTalk.gen/sources_1/bd/design_1/ip/design_1_processing_system7_0_0/design_1_processing_system7_0_0/design_1_processing_system7_0_0_in_context.xdc, line 138).
Applied set_property CLOCK_BUFFER_TYPE = NONE for DDR_reset_n. (constraint file  /run/media/pjs/6A43-DC8A/smollm2-zybo/hw/vivado_project/GPTalk.gen/sources_1/bd/design_1/ip/design_1_processing_system7_0_0/design_1_processing_system7_0_0/design_1_processing_system7_0_0_in_context.xdc, line 139).
Applied set_property IO_BUFFER_TYPE = NONE for DDR_odt. (constraint file  /run/media/pjs/6A43-DC8A/smollm2-zybo/hw/vivado_project/GPTalk.gen/sources_1/bd/design_1/ip/design_1_processing_system7_0_0/design_1_processing_system7_0_0/design_1_processing_system7_0_0_in_context.xdc, line 140).
Applied set_property CLOCK_BUFFER_TYPE = NONE for DDR_odt. (constraint file  /run/media/pjs/6A43-DC8A/smollm2-zybo/hw/vivado_project/GPTalk.gen/sources_1/bd/design_1/ip/design_1_processing_system7_0_0/design_1_processing_system7_0_0/design_1_processing_system7_0_0_in_context.xdc, line 141).
Applied set_property IO_BUFFER_TYPE = NONE for DDR_ras_n. (constraint file  /run/media/pjs/6A43-DC8A/smollm2-zybo/hw/vivado_project/GPTalk.gen/sources_1/bd/design_1/ip/design_1_processing_system7_0_0/design_1_processing_system7_0_0/design_1_processing_system7_0_0_in_context.xdc, line 142).
Applied set_property CLOCK_BUFFER_TYPE = NONE for DDR_ras_n. (constraint file  /run/media/pjs/6A43-DC8A/smollm2-zybo/hw/vivado_project/GPTalk.gen/sources_1/bd/design_1/ip/design_1_processing_system7_0_0/design_1_processing_system7_0_0/design_1_processing_system7_0_0_in_context.xdc, line 143).
Applied set_property IO_BUFFER_TYPE = NONE for FIXED_IO_ddr_vrn. (constraint file  /run/media/pjs/6A43-DC8A/smollm2-zybo/hw/vivado_project/GPTalk.gen/sources_1/bd/design_1/ip/design_1_processing_system7_0_0/design_1_processing_system7_0_0/design_1_processing_system7_0_0_in_context.xdc, line 144).
Applied set_property CLOCK_BUFFER_TYPE = NONE for FIXED_IO_ddr_vrn. (constraint file  /run/media/pjs/6A43-DC8A/smollm2-zybo/hw/vivado_project/GPTalk.gen/sources_1/bd/design_1/ip/design_1_processing_system7_0_0/design_1_processing_system7_0_0/design_1_processing_system7_0_0_in_context.xdc, line 145).
Applied set_property IO_BUFFER_TYPE = NONE for FIXED_IO_ddr_vrp. (constraint file  /run/media/pjs/6A43-DC8A/smollm2-zybo/hw/vivado_project/GPTalk.gen/sources_1/bd/design_1/ip/design_1_processing_system7_0_0/design_1_processing_system7_0_0/design_1_processing_system7_0_0_in_context.xdc, line 146).
Applied set_property CLOCK_BUFFER_TYPE = NONE for FIXED_IO_ddr_vrp. (constraint file  /run/media/pjs/6A43-DC8A/smollm2-zybo/hw/vivado_project/GPTalk.gen/sources_1/bd/design_1/ip/design_1_processing_system7_0_0/design_1_processing_system7_0_0/design_1_processing_system7_0_0_in_context.xdc, line 147).
Applied set_property IO_BUFFER_TYPE = NONE for DDR_we_n. (constraint file  /run/media/pjs/6A43-DC8A/smollm2-zybo/hw/vivado_project/GPTalk.gen/sources_1/bd/design_1/ip/design_1_processing_system7_0_0/design_1_processing_system7_0_0/design_1_processing_system7_0_0_in_context.xdc, line 148).
Applied set_property CLOCK_BUFFER_TYPE = NONE for DDR_we_n. (constraint file  /run/media/pjs/6A43-DC8A/smollm2-zybo/hw/vivado_project/GPTalk.gen/sources_1/bd/design_1/ip/design_1_processing_system7_0_0/design_1_processing_system7_0_0/design_1_processing_system7_0_0_in_context.xdc, line 149).
Applied set_property IO_BUFFER_TYPE = NONE for FIXED_IO_mio[0]. (constraint file  /run/media/pjs/6A43-DC8A/smollm2-zybo/hw/vivado_project/GPTalk.gen/sources_1/bd/design_1/ip/design_1_processing_system7_0_0/design_1_processing_system7_0_0/design_1_processing_system7_0_0_in_context.xdc, line 150).
Applied set_property CLOCK_BUFFER_TYPE = NONE for FIXED_IO_mio[0]. (constraint file  /run/media/pjs/6A43-DC8A/smollm2-zybo/hw/vivado_project/GPTalk.gen/sources_1/bd/design_1/ip/design_1_processing_system7_0_0/design_1_processing_system7_0_0/design_1_processing_system7_0_0_in_context.xdc, line 151).
Applied set_property IO_BUFFER_TYPE = NONE for FIXED_IO_mio[10]. (constraint file  /run/media/pjs/6A43-DC8A/smollm2-zybo/hw/vivado_project/GPTalk.gen/sources_1/bd/design_1/ip/design_1_processing_system7_0_0/design_1_processing_system7_0_0/design_1_processing_system7_0_0_in_context.xdc, line 152).
Applied set_property CLOCK_BUFFER_TYPE = NONE for FIXED_IO_mio[10]. (constraint file  /run/media/pjs/6A43-DC8A/smollm2-zybo/hw/vivado_project/GPTalk.gen/sources_1/bd/design_1/ip/design_1_processing_system7_0_0/design_1_processing_system7_0_0/design_1_processing_system7_0_0_in_context.xdc, line 153).
Applied set_property IO_BUFFER_TYPE = NONE for FIXED_IO_mio[11]. (constraint file  /run/media/pjs/6A43-DC8A/smollm2-zybo/hw/vivado_project/GPTalk.gen/sources_1/bd/design_1/ip/design_1_processing_system7_0_0/design_1_processing_system7_0_0/design_1_processing_system7_0_0_in_context.xdc, line 154).
Applied set_property CLOCK_BUFFER_TYPE = NONE for FIXED_IO_mio[11]. (constraint file  /run/media/pjs/6A43-DC8A/smollm2-zybo/hw/vivado_project/GPTalk.gen/sources_1/bd/design_1/ip/design_1_processing_system7_0_0/design_1_processing_system7_0_0/design_1_processing_system7_0_0_in_context.xdc, line 155).
Applied set_property IO_BUFFER_TYPE = NONE for FIXED_IO_mio[12]. (constraint file  /run/media/pjs/6A43-DC8A/smollm2-zybo/hw/vivado_project/GPTalk.gen/sources_1/bd/design_1/ip/design_1_processing_system7_0_0/design_1_processing_system7_0_0/design_1_processing_system7_0_0_in_context.xdc, line 156).
Applied set_property CLOCK_BUFFER_TYPE = NONE for FIXED_IO_mio[12]. (constraint file  /run/media/pjs/6A43-DC8A/smollm2-zybo/hw/vivado_project/GPTalk.gen/sources_1/bd/design_1/ip/design_1_processing_system7_0_0/design_1_processing_system7_0_0/design_1_processing_system7_0_0_in_context.xdc, line 157).
Applied set_property IO_BUFFER_TYPE = NONE for FIXED_IO_mio[13]. (constraint file  /run/media/pjs/6A43-DC8A/smollm2-zybo/hw/vivado_project/GPTalk.gen/sources_1/bd/design_1/ip/design_1_processing_system7_0_0/design_1_processing_system7_0_0/design_1_processing_system7_0_0_in_context.xdc, line 158).
Applied set_property CLOCK_BUFFER_TYPE = NONE for FIXED_IO_mio[13]. (constraint file  /run/media/pjs/6A43-DC8A/smollm2-zybo/hw/vivado_project/GPTalk.gen/sources_1/bd/design_1/ip/design_1_processing_system7_0_0/design_1_processing_system7_0_0/design_1_processing_system7_0_0_in_context.xdc, line 159).
Applied set_property IO_BUFFER_TYPE = NONE for FIXED_IO_mio[14]. (constraint file  /run/media/pjs/6A43-DC8A/smollm2-zybo/hw/vivado_project/GPTalk.gen/sources_1/bd/design_1/ip/design_1_processing_system7_0_0/design_1_processing_system7_0_0/design_1_processing_system7_0_0_in_context.xdc, line 160).
Applied set_property CLOCK_BUFFER_TYPE = NONE for FIXED_IO_mio[14]. (constraint file  /run/media/pjs/6A43-DC8A/smollm2-zybo/hw/vivado_project/GPTalk.gen/sources_1/bd/design_1/ip/design_1_processing_system7_0_0/design_1_processing_system7_0_0/design_1_processing_system7_0_0_in_context.xdc, line 161).
Applied set_property IO_BUFFER_TYPE = NONE for FIXED_IO_mio[15]. (constraint file  /run/media/pjs/6A43-DC8A/smollm2-zybo/hw/vivado_project/GPTalk.gen/sources_1/bd/design_1/ip/design_1_processing_system7_0_0/design_1_processing_system7_0_0/design_1_processing_system7_0_0_in_context.xdc, line 162).
Applied set_property CLOCK_BUFFER_TYPE = NONE for FIXED_IO_mio[15]. (constraint file  /run/media/pjs/6A43-DC8A/smollm2-zybo/hw/vivado_project/GPTalk.gen/sources_1/bd/design_1/ip/design_1_processing_system7_0_0/design_1_processing_system7_0_0/design_1_processing_system7_0_0_in_context.xdc, line 163).
Applied set_property IO_BUFFER_TYPE = NONE for FIXED_IO_mio[16]. (constraint file  /run/media/pjs/6A43-DC8A/smollm2-zybo/hw/vivado_project/GPTalk.gen/sources_1/bd/design_1/ip/design_1_processing_system7_0_0/design_1_processing_system7_0_0/design_1_processing_system7_0_0_in_context.xdc, line 164).
Applied set_property CLOCK_BUFFER_TYPE = NONE for FIXED_IO_mio[16]. (constraint file  /run/media/pjs/6A43-DC8A/smollm2-zybo/hw/vivado_project/GPTalk.gen/sources_1/bd/design_1/ip/design_1_processing_system7_0_0/design_1_processing_system7_0_0/design_1_processing_system7_0_0_in_context.xdc, line 165).
Applied set_property IO_BUFFER_TYPE = NONE for FIXED_IO_mio[17]. (constraint file  /run/media/pjs/6A43-DC8A/smollm2-zybo/hw/vivado_project/GPTalk.gen/sources_1/bd/design_1/ip/design_1_processing_system7_0_0/design_1_processing_system7_0_0/design_1_processing_system7_0_0_in_context.xdc, line 166).
Applied set_property CLOCK_BUFFER_TYPE = NONE for FIXED_IO_mio[17]. (constraint file  /run/media/pjs/6A43-DC8A/smollm2-zybo/hw/vivado_project/GPTalk.gen/sources_1/bd/design_1/ip/design_1_processing_system7_0_0/design_1_processing_system7_0_0/design_1_processing_system7_0_0_in_context.xdc, line 167).
Applied set_property IO_BUFFER_TYPE = NONE for FIXED_IO_mio[18]. (constraint file  /run/media/pjs/6A43-DC8A/smollm2-zybo/hw/vivado_project/GPTalk.gen/sources_1/bd/design_1/ip/design_1_processing_system7_0_0/design_1_processing_system7_0_0/design_1_processing_system7_0_0_in_context.xdc, line 168).
Applied set_property CLOCK_BUFFER_TYPE = NONE for FIXED_IO_mio[18]. (constraint file  /run/media/pjs/6A43-DC8A/smollm2-zybo/hw/vivado_project/GPTalk.gen/sources_1/bd/design_1/ip/design_1_processing_system7_0_0/design_1_processing_system7_0_0/design_1_processing_system7_0_0_in_context.xdc, line 169).
Applied set_property IO_BUFFER_TYPE = NONE for FIXED_IO_mio[19]. (constraint file  /run/media/pjs/6A43-DC8A/smollm2-zybo/hw/vivado_project/GPTalk.gen/sources_1/bd/design_1/ip/design_1_processing_system7_0_0/design_1_processing_system7_0_0/design_1_processing_system7_0_0_in_context.xdc, line 170).
Applied set_property CLOCK_BUFFER_TYPE = NONE for FIXED_IO_mio[19]. (constraint file  /run/media/pjs/6A43-DC8A/smollm2-zybo/hw/vivado_project/GPTalk.gen/sources_1/bd/design_1/ip/design_1_processing_system7_0_0/design_1_processing_system7_0_0/design_1_processing_system7_0_0_in_context.xdc, line 171).
Applied set_property IO_BUFFER_TYPE = NONE for FIXED_IO_mio[1]. (constraint file  /run/media/pjs/6A43-DC8A/smollm2-zybo/hw/vivado_project/GPTalk.gen/sources_1/bd/design_1/ip/design_1_processing_system7_0_0/design_1_processing_system7_0_0/design_1_processing_system7_0_0_in_context.xdc, line 172).
Applied set_property CLOCK_BUFFER_TYPE = NONE for FIXED_IO_mio[1]. (constraint file  /run/media/pjs/6A43-DC8A/smollm2-zybo/hw/vivado_project/GPTalk.gen/sources_1/bd/design_1/ip/design_1_processing_system7_0_0/design_1_processing_system7_0_0/design_1_processing_system7_0_0_in_context.xdc, line 173).
Applied set_property IO_BUFFER_TYPE = NONE for FIXED_IO_mio[20]. (constraint file  /run/media/pjs/6A43-DC8A/smollm2-zybo/hw/vivado_project/GPTalk.gen/sources_1/bd/design_1/ip/design_1_processing_system7_0_0/design_1_processing_system7_0_0/design_1_processing_system7_0_0_in_context.xdc, line 174).
Applied set_property CLOCK_BUFFER_TYPE = NONE for FIXED_IO_mio[20]. (constraint file  /run/media/pjs/6A43-DC8A/smollm2-zybo/hw/vivado_project/GPTalk.gen/sources_1/bd/design_1/ip/design_1_processing_system7_0_0/design_1_processing_system7_0_0/design_1_processing_system7_0_0_in_context.xdc, line 175).
Applied set_property IO_BUFFER_TYPE = NONE for FIXED_IO_mio[21]. (constraint file  /run/media/pjs/6A43-DC8A/smollm2-zybo/hw/vivado_project/GPTalk.gen/sources_1/bd/design_1/ip/design_1_processing_system7_0_0/design_1_processing_system7_0_0/design_1_processing_system7_0_0_in_context.xdc, line 176).
Applied set_property CLOCK_BUFFER_TYPE = NONE for FIXED_IO_mio[21]. (constraint file  /run/media/pjs/6A43-DC8A/smollm2-zybo/hw/vivado_project/GPTalk.gen/sources_1/bd/design_1/ip/design_1_processing_system7_0_0/design_1_processing_system7_0_0/design_1_processing_system7_0_0_in_context.xdc, line 177).
Applied set_property IO_BUFFER_TYPE = NONE for FIXED_IO_mio[22]. (constraint file  /run/media/pjs/6A43-DC8A/smollm2-zybo/hw/vivado_project/GPTalk.gen/sources_1/bd/design_1/ip/design_1_processing_system7_0_0/design_1_processing_system7_0_0/design_1_processing_system7_0_0_in_context.xdc, line 178).
Applied set_property CLOCK_BUFFER_TYPE = NONE for FIXED_IO_mio[22]. (constraint file  /run/media/pjs/6A43-DC8A/smollm2-zybo/hw/vivado_project/GPTalk.gen/sources_1/bd/design_1/ip/design_1_processing_system7_0_0/design_1_processing_system7_0_0/design_1_processing_system7_0_0_in_context.xdc, line 179).
Applied set_property IO_BUFFER_TYPE = NONE for FIXED_IO_mio[23]. (constraint file  /run/media/pjs/6A43-DC8A/smollm2-zybo/hw/vivado_project/GPTalk.gen/sources_1/bd/design_1/ip/design_1_processing_system7_0_0/design_1_processing_system7_0_0/design_1_processing_system7_0_0_in_context.xdc, line 180).
Applied set_property CLOCK_BUFFER_TYPE = NONE for FIXED_IO_mio[23]. (constraint file  /run/media/pjs/6A43-DC8A/smollm2-zybo/hw/vivado_project/GPTalk.gen/sources_1/bd/design_1/ip/design_1_processing_system7_0_0/design_1_processing_system7_0_0/design_1_processing_system7_0_0_in_context.xdc, line 181).
Applied set_property IO_BUFFER_TYPE = NONE for FIXED_IO_mio[24]. (constraint file  /run/media/pjs/6A43-DC8A/smollm2-zybo/hw/vivado_project/GPTalk.gen/sources_1/bd/design_1/ip/design_1_processing_system7_0_0/design_1_processing_system7_0_0/design_1_processing_system7_0_0_in_context.xdc, line 182).
Applied set_property CLOCK_BUFFER_TYPE = NONE for FIXED_IO_mio[24]. (constraint file  /run/media/pjs/6A43-DC8A/smollm2-zybo/hw/vivado_project/GPTalk.gen/sources_1/bd/design_1/ip/design_1_processing_system7_0_0/design_1_processing_system7_0_0/design_1_processing_system7_0_0_in_context.xdc, line 183).
Applied set_property IO_BUFFER_TYPE = NONE for FIXED_IO_mio[25]. (constraint file  /run/media/pjs/6A43-DC8A/smollm2-zybo/hw/vivado_project/GPTalk.gen/sources_1/bd/design_1/ip/design_1_processing_system7_0_0/design_1_processing_system7_0_0/design_1_processing_system7_0_0_in_context.xdc, line 184).
Applied set_property CLOCK_BUFFER_TYPE = NONE for FIXED_IO_mio[25]. (constraint file  /run/media/pjs/6A43-DC8A/smollm2-zybo/hw/vivado_project/GPTalk.gen/sources_1/bd/design_1/ip/design_1_processing_system7_0_0/design_1_processing_system7_0_0/design_1_processing_system7_0_0_in_context.xdc, line 185).
Applied set_property IO_BUFFER_TYPE = NONE for FIXED_IO_mio[26]. (constraint file  /run/media/pjs/6A43-DC8A/smollm2-zybo/hw/vivado_project/GPTalk.gen/sources_1/bd/design_1/ip/design_1_processing_system7_0_0/design_1_processing_system7_0_0/design_1_processing_system7_0_0_in_context.xdc, line 186).
Applied set_property CLOCK_BUFFER_TYPE = NONE for FIXED_IO_mio[26]. (constraint file  /run/media/pjs/6A43-DC8A/smollm2-zybo/hw/vivado_project/GPTalk.gen/sources_1/bd/design_1/ip/design_1_processing_system7_0_0/design_1_processing_system7_0_0/design_1_processing_system7_0_0_in_context.xdc, line 187).
Applied set_property IO_BUFFER_TYPE = NONE for FIXED_IO_mio[27]. (constraint file  /run/media/pjs/6A43-DC8A/smollm2-zybo/hw/vivado_project/GPTalk.gen/sources_1/bd/design_1/ip/design_1_processing_system7_0_0/design_1_processing_system7_0_0/design_1_processing_system7_0_0_in_context.xdc, line 188).
Applied set_property CLOCK_BUFFER_TYPE = NONE for FIXED_IO_mio[27]. (constraint file  /run/media/pjs/6A43-DC8A/smollm2-zybo/hw/vivado_project/GPTalk.gen/sources_1/bd/design_1/ip/design_1_processing_system7_0_0/design_1_processing_system7_0_0/design_1_processing_system7_0_0_in_context.xdc, line 189).
Applied set_property IO_BUFFER_TYPE = NONE for FIXED_IO_mio[28]. (constraint file  /run/media/pjs/6A43-DC8A/smollm2-zybo/hw/vivado_project/GPTalk.gen/sources_1/bd/design_1/ip/design_1_processing_system7_0_0/design_1_processing_system7_0_0/design_1_processing_system7_0_0_in_context.xdc, line 190).
Applied set_property CLOCK_BUFFER_TYPE = NONE for FIXED_IO_mio[28]. (constraint file  /run/media/pjs/6A43-DC8A/smollm2-zybo/hw/vivado_project/GPTalk.gen/sources_1/bd/design_1/ip/design_1_processing_system7_0_0/design_1_processing_system7_0_0/design_1_processing_system7_0_0_in_context.xdc, line 191).
Applied set_property IO_BUFFER_TYPE = NONE for FIXED_IO_mio[29]. (constraint file  /run/media/pjs/6A43-DC8A/smollm2-zybo/hw/vivado_project/GPTalk.gen/sources_1/bd/design_1/ip/design_1_processing_system7_0_0/design_1_processing_system7_0_0/design_1_processing_system7_0_0_in_context.xdc, line 192).
Applied set_property CLOCK_BUFFER_TYPE = NONE for FIXED_IO_mio[29]. (constraint file  /run/media/pjs/6A43-DC8A/smollm2-zybo/hw/vivado_project/GPTalk.gen/sources_1/bd/design_1/ip/design_1_processing_system7_0_0/design_1_processing_system7_0_0/design_1_processing_system7_0_0_in_context.xdc, line 193).
Applied set_property IO_BUFFER_TYPE = NONE for FIXED_IO_mio[2]. (constraint file  /run/media/pjs/6A43-DC8A/smollm2-zybo/hw/vivado_project/GPTalk.gen/sources_1/bd/design_1/ip/design_1_processing_system7_0_0/design_1_processing_system7_0_0/design_1_processing_system7_0_0_in_context.xdc, line 194).
Applied set_property CLOCK_BUFFER_TYPE = NONE for FIXED_IO_mio[2]. (constraint file  /run/media/pjs/6A43-DC8A/smollm2-zybo/hw/vivado_project/GPTalk.gen/sources_1/bd/design_1/ip/design_1_processing_system7_0_0/design_1_processing_system7_0_0/design_1_processing_system7_0_0_in_context.xdc, line 195).
Applied set_property IO_BUFFER_TYPE = NONE for FIXED_IO_mio[30]. (constraint file  /run/media/pjs/6A43-DC8A/smollm2-zybo/hw/vivado_project/GPTalk.gen/sources_1/bd/design_1/ip/design_1_processing_system7_0_0/design_1_processing_system7_0_0/design_1_processing_system7_0_0_in_context.xdc, line 196).
Applied set_property CLOCK_BUFFER_TYPE = NONE for FIXED_IO_mio[30]. (constraint file  /run/media/pjs/6A43-DC8A/smollm2-zybo/hw/vivado_project/GPTalk.gen/sources_1/bd/design_1/ip/design_1_processing_system7_0_0/design_1_processing_system7_0_0/design_1_processing_system7_0_0_in_context.xdc, line 197).
Applied set_property IO_BUFFER_TYPE = NONE for FIXED_IO_mio[31]. (constraint file  /run/media/pjs/6A43-DC8A/smollm2-zybo/hw/vivado_project/GPTalk.gen/sources_1/bd/design_1/ip/design_1_processing_system7_0_0/design_1_processing_system7_0_0/design_1_processing_system7_0_0_in_context.xdc, line 198).
Applied set_property CLOCK_BUFFER_TYPE = NONE for FIXED_IO_mio[31]. (constraint file  /run/media/pjs/6A43-DC8A/smollm2-zybo/hw/vivado_project/GPTalk.gen/sources_1/bd/design_1/ip/design_1_processing_system7_0_0/design_1_processing_system7_0_0/design_1_processing_system7_0_0_in_context.xdc, line 199).
Applied set_property IO_BUFFER_TYPE = NONE for FIXED_IO_mio[32]. (constraint file  /run/media/pjs/6A43-DC8A/smollm2-zybo/hw/vivado_project/GPTalk.gen/sources_1/bd/design_1/ip/design_1_processing_system7_0_0/design_1_processing_system7_0_0/design_1_processing_system7_0_0_in_context.xdc, line 200).
Applied set_property CLOCK_BUFFER_TYPE = NONE for FIXED_IO_mio[32]. (constraint file  /run/media/pjs/6A43-DC8A/smollm2-zybo/hw/vivado_project/GPTalk.gen/sources_1/bd/design_1/ip/design_1_processing_system7_0_0/design_1_processing_system7_0_0/design_1_processing_system7_0_0_in_context.xdc, line 201).
Applied set_property IO_BUFFER_TYPE = NONE for FIXED_IO_mio[33]. (constraint file  /run/media/pjs/6A43-DC8A/smollm2-zybo/hw/vivado_project/GPTalk.gen/sources_1/bd/design_1/ip/design_1_processing_system7_0_0/design_1_processing_system7_0_0/design_1_processing_system7_0_0_in_context.xdc, line 202).
Applied set_property CLOCK_BUFFER_TYPE = NONE for FIXED_IO_mio[33]. (constraint file  /run/media/pjs/6A43-DC8A/smollm2-zybo/hw/vivado_project/GPTalk.gen/sources_1/bd/design_1/ip/design_1_processing_system7_0_0/design_1_processing_system7_0_0/design_1_processing_system7_0_0_in_context.xdc, line 203).
Applied set_property IO_BUFFER_TYPE = NONE for FIXED_IO_mio[34]. (constraint file  /run/media/pjs/6A43-DC8A/smollm2-zybo/hw/vivado_project/GPTalk.gen/sources_1/bd/design_1/ip/design_1_processing_system7_0_0/design_1_processing_system7_0_0/design_1_processing_system7_0_0_in_context.xdc, line 204).
Applied set_property CLOCK_BUFFER_TYPE = NONE for FIXED_IO_mio[34]. (constraint file  /run/media/pjs/6A43-DC8A/smollm2-zybo/hw/vivado_project/GPTalk.gen/sources_1/bd/design_1/ip/design_1_processing_system7_0_0/design_1_processing_system7_0_0/design_1_processing_system7_0_0_in_context.xdc, line 205).
Applied set_property IO_BUFFER_TYPE = NONE for FIXED_IO_mio[35]. (constraint file  /run/media/pjs/6A43-DC8A/smollm2-zybo/hw/vivado_project/GPTalk.gen/sources_1/bd/design_1/ip/design_1_processing_system7_0_0/design_1_processing_system7_0_0/design_1_processing_system7_0_0_in_context.xdc, line 206).
Applied set_property CLOCK_BUFFER_TYPE = NONE for FIXED_IO_mio[35]. (constraint file  /run/media/pjs/6A43-DC8A/smollm2-zybo/hw/vivado_project/GPTalk.gen/sources_1/bd/design_1/ip/design_1_processing_system7_0_0/design_1_processing_system7_0_0/design_1_processing_system7_0_0_in_context.xdc, line 207).
Applied set_property IO_BUFFER_TYPE = NONE for FIXED_IO_mio[36]. (constraint file  /run/media/pjs/6A43-DC8A/smollm2-zybo/hw/vivado_project/GPTalk.gen/sources_1/bd/design_1/ip/design_1_processing_system7_0_0/design_1_processing_system7_0_0/design_1_processing_system7_0_0_in_context.xdc, line 208).
Applied set_property CLOCK_BUFFER_TYPE = NONE for FIXED_IO_mio[36]. (constraint file  /run/media/pjs/6A43-DC8A/smollm2-zybo/hw/vivado_project/GPTalk.gen/sources_1/bd/design_1/ip/design_1_processing_system7_0_0/design_1_processing_system7_0_0/design_1_processing_system7_0_0_in_context.xdc, line 209).
Applied set_property IO_BUFFER_TYPE = NONE for FIXED_IO_mio[37]. (constraint file  /run/media/pjs/6A43-DC8A/smollm2-zybo/hw/vivado_project/GPTalk.gen/sources_1/bd/design_1/ip/design_1_processing_system7_0_0/design_1_processing_system7_0_0/design_1_processing_system7_0_0_in_context.xdc, line 210).
Applied set_property CLOCK_BUFFER_TYPE = NONE for FIXED_IO_mio[37]. (constraint file  /run/media/pjs/6A43-DC8A/smollm2-zybo/hw/vivado_project/GPTalk.gen/sources_1/bd/design_1/ip/design_1_processing_system7_0_0/design_1_processing_system7_0_0/design_1_processing_system7_0_0_in_context.xdc, line 211).
Applied set_property IO_BUFFER_TYPE = NONE for FIXED_IO_mio[38]. (constraint file  /run/media/pjs/6A43-DC8A/smollm2-zybo/hw/vivado_project/GPTalk.gen/sources_1/bd/design_1/ip/design_1_processing_system7_0_0/design_1_processing_system7_0_0/design_1_processing_system7_0_0_in_context.xdc, line 212).
Applied set_property CLOCK_BUFFER_TYPE = NONE for FIXED_IO_mio[38]. (constraint file  /run/media/pjs/6A43-DC8A/smollm2-zybo/hw/vivado_project/GPTalk.gen/sources_1/bd/design_1/ip/design_1_processing_system7_0_0/design_1_processing_system7_0_0/design_1_processing_system7_0_0_in_context.xdc, line 213).
Applied set_property IO_BUFFER_TYPE = NONE for FIXED_IO_mio[39]. (constraint file  /run/media/pjs/6A43-DC8A/smollm2-zybo/hw/vivado_project/GPTalk.gen/sources_1/bd/design_1/ip/design_1_processing_system7_0_0/design_1_processing_system7_0_0/design_1_processing_system7_0_0_in_context.xdc, line 214).
Applied set_property CLOCK_BUFFER_TYPE = NONE for FIXED_IO_mio[39]. (constraint file  /run/media/pjs/6A43-DC8A/smollm2-zybo/hw/vivado_project/GPTalk.gen/sources_1/bd/design_1/ip/design_1_processing_system7_0_0/design_1_processing_system7_0_0/design_1_processing_system7_0_0_in_context.xdc, line 215).
Applied set_property IO_BUFFER_TYPE = NONE for FIXED_IO_mio[3]. (constraint file  /run/media/pjs/6A43-DC8A/smollm2-zybo/hw/vivado_project/GPTalk.gen/sources_1/bd/design_1/ip/design_1_processing_system7_0_0/design_1_processing_system7_0_0/design_1_processing_system7_0_0_in_context.xdc, line 216).
Applied set_property CLOCK_BUFFER_TYPE = NONE for FIXED_IO_mio[3]. (constraint file  /run/media/pjs/6A43-DC8A/smollm2-zybo/hw/vivado_project/GPTalk.gen/sources_1/bd/design_1/ip/design_1_processing_system7_0_0/design_1_processing_system7_0_0/design_1_processing_system7_0_0_in_context.xdc, line 217).
Applied set_property IO_BUFFER_TYPE = NONE for FIXED_IO_mio[40]. (constraint file  /run/media/pjs/6A43-DC8A/smollm2-zybo/hw/vivado_project/GPTalk.gen/sources_1/bd/design_1/ip/design_1_processing_system7_0_0/design_1_processing_system7_0_0/design_1_processing_system7_0_0_in_context.xdc, line 218).
Applied set_property CLOCK_BUFFER_TYPE = NONE for FIXED_IO_mio[40]. (constraint file  /run/media/pjs/6A43-DC8A/smollm2-zybo/hw/vivado_project/GPTalk.gen/sources_1/bd/design_1/ip/design_1_processing_system7_0_0/design_1_processing_system7_0_0/design_1_processing_system7_0_0_in_context.xdc, line 219).
Applied set_property IO_BUFFER_TYPE = NONE for FIXED_IO_mio[41]. (constraint file  /run/media/pjs/6A43-DC8A/smollm2-zybo/hw/vivado_project/GPTalk.gen/sources_1/bd/design_1/ip/design_1_processing_system7_0_0/design_1_processing_system7_0_0/design_1_processing_system7_0_0_in_context.xdc, line 220).
Applied set_property CLOCK_BUFFER_TYPE = NONE for FIXED_IO_mio[41]. (constraint file  /run/media/pjs/6A43-DC8A/smollm2-zybo/hw/vivado_project/GPTalk.gen/sources_1/bd/design_1/ip/design_1_processing_system7_0_0/design_1_processing_system7_0_0/design_1_processing_system7_0_0_in_context.xdc, line 221).
Applied set_property IO_BUFFER_TYPE = NONE for FIXED_IO_mio[42]. (constraint file  /run/media/pjs/6A43-DC8A/smollm2-zybo/hw/vivado_project/GPTalk.gen/sources_1/bd/design_1/ip/design_1_processing_system7_0_0/design_1_processing_system7_0_0/design_1_processing_system7_0_0_in_context.xdc, line 222).
Applied set_property CLOCK_BUFFER_TYPE = NONE for FIXED_IO_mio[42]. (constraint file  /run/media/pjs/6A43-DC8A/smollm2-zybo/hw/vivado_project/GPTalk.gen/sources_1/bd/design_1/ip/design_1_processing_system7_0_0/design_1_processing_system7_0_0/design_1_processing_system7_0_0_in_context.xdc, line 223).
Applied set_property IO_BUFFER_TYPE = NONE for FIXED_IO_mio[43]. (constraint file  /run/media/pjs/6A43-DC8A/smollm2-zybo/hw/vivado_project/GPTalk.gen/sources_1/bd/design_1/ip/design_1_processing_system7_0_0/design_1_processing_system7_0_0/design_1_processing_system7_0_0_in_context.xdc, line 224).
Applied set_property CLOCK_BUFFER_TYPE = NONE for FIXED_IO_mio[43]. (constraint file  /run/media/pjs/6A43-DC8A/smollm2-zybo/hw/vivado_project/GPTalk.gen/sources_1/bd/design_1/ip/design_1_processing_system7_0_0/design_1_processing_system7_0_0/design_1_processing_system7_0_0_in_context.xdc, line 225).
Applied set_property IO_BUFFER_TYPE = NONE for FIXED_IO_mio[44]. (constraint file  /run/media/pjs/6A43-DC8A/smollm2-zybo/hw/vivado_project/GPTalk.gen/sources_1/bd/design_1/ip/design_1_processing_system7_0_0/design_1_processing_system7_0_0/design_1_processing_system7_0_0_in_context.xdc, line 226).
Applied set_property CLOCK_BUFFER_TYPE = NONE for FIXED_IO_mio[44]. (constraint file  /run/media/pjs/6A43-DC8A/smollm2-zybo/hw/vivado_project/GPTalk.gen/sources_1/bd/design_1/ip/design_1_processing_system7_0_0/design_1_processing_system7_0_0/design_1_processing_system7_0_0_in_context.xdc, line 227).
Applied set_property IO_BUFFER_TYPE = NONE for FIXED_IO_mio[45]. (constraint file  /run/media/pjs/6A43-DC8A/smollm2-zybo/hw/vivado_project/GPTalk.gen/sources_1/bd/design_1/ip/design_1_processing_system7_0_0/design_1_processing_system7_0_0/design_1_processing_system7_0_0_in_context.xdc, line 228).
Applied set_property CLOCK_BUFFER_TYPE = NONE for FIXED_IO_mio[45]. (constraint file  /run/media/pjs/6A43-DC8A/smollm2-zybo/hw/vivado_project/GPTalk.gen/sources_1/bd/design_1/ip/design_1_processing_system7_0_0/design_1_processing_system7_0_0/design_1_processing_system7_0_0_in_context.xdc, line 229).
Applied set_property IO_BUFFER_TYPE = NONE for FIXED_IO_mio[46]. (constraint file  /run/media/pjs/6A43-DC8A/smollm2-zybo/hw/vivado_project/GPTalk.gen/sources_1/bd/design_1/ip/design_1_processing_system7_0_0/design_1_processing_system7_0_0/design_1_processing_system7_0_0_in_context.xdc, line 230).
Applied set_property CLOCK_BUFFER_TYPE = NONE for FIXED_IO_mio[46]. (constraint file  /run/media/pjs/6A43-DC8A/smollm2-zybo/hw/vivado_project/GPTalk.gen/sources_1/bd/design_1/ip/design_1_processing_system7_0_0/design_1_processing_system7_0_0/design_1_processing_system7_0_0_in_context.xdc, line 231).
Applied set_property IO_BUFFER_TYPE = NONE for FIXED_IO_mio[47]. (constraint file  /run/media/pjs/6A43-DC8A/smollm2-zybo/hw/vivado_project/GPTalk.gen/sources_1/bd/design_1/ip/design_1_processing_system7_0_0/design_1_processing_system7_0_0/design_1_processing_system7_0_0_in_context.xdc, line 232).
Applied set_property CLOCK_BUFFER_TYPE = NONE for FIXED_IO_mio[47]. (constraint file  /run/media/pjs/6A43-DC8A/smollm2-zybo/hw/vivado_project/GPTalk.gen/sources_1/bd/design_1/ip/design_1_processing_system7_0_0/design_1_processing_system7_0_0/design_1_processing_system7_0_0_in_context.xdc, line 233).
Applied set_property IO_BUFFER_TYPE = NONE for FIXED_IO_mio[48]. (constraint file  /run/media/pjs/6A43-DC8A/smollm2-zybo/hw/vivado_project/GPTalk.gen/sources_1/bd/design_1/ip/design_1_processing_system7_0_0/design_1_processing_system7_0_0/design_1_processing_system7_0_0_in_context.xdc, line 234).
Applied set_property CLOCK_BUFFER_TYPE = NONE for FIXED_IO_mio[48]. (constraint file  /run/media/pjs/6A43-DC8A/smollm2-zybo/hw/vivado_project/GPTalk.gen/sources_1/bd/design_1/ip/design_1_processing_system7_0_0/design_1_processing_system7_0_0/design_1_processing_system7_0_0_in_context.xdc, line 235).
Applied set_property IO_BUFFER_TYPE = NONE for FIXED_IO_mio[49]. (constraint file  /run/media/pjs/6A43-DC8A/smollm2-zybo/hw/vivado_project/GPTalk.gen/sources_1/bd/design_1/ip/design_1_processing_system7_0_0/design_1_processing_system7_0_0/design_1_processing_system7_0_0_in_context.xdc, line 236).
Applied set_property CLOCK_BUFFER_TYPE = NONE for FIXED_IO_mio[49]. (constraint file  /run/media/pjs/6A43-DC8A/smollm2-zybo/hw/vivado_project/GPTalk.gen/sources_1/bd/design_1/ip/design_1_processing_system7_0_0/design_1_processing_system7_0_0/design_1_processing_system7_0_0_in_context.xdc, line 237).
Applied set_property IO_BUFFER_TYPE = NONE for FIXED_IO_mio[4]. (constraint file  /run/media/pjs/6A43-DC8A/smollm2-zybo/hw/vivado_project/GPTalk.gen/sources_1/bd/design_1/ip/design_1_processing_system7_0_0/design_1_processing_system7_0_0/design_1_processing_system7_0_0_in_context.xdc, line 238).
Applied set_property CLOCK_BUFFER_TYPE = NONE for FIXED_IO_mio[4]. (constraint file  /run/media/pjs/6A43-DC8A/smollm2-zybo/hw/vivado_project/GPTalk.gen/sources_1/bd/design_1/ip/design_1_processing_system7_0_0/design_1_processing_system7_0_0/design_1_processing_system7_0_0_in_context.xdc, line 239).
Applied set_property IO_BUFFER_TYPE = NONE for FIXED_IO_mio[50]. (constraint file  /run/media/pjs/6A43-DC8A/smollm2-zybo/hw/vivado_project/GPTalk.gen/sources_1/bd/design_1/ip/design_1_processing_system7_0_0/design_1_processing_system7_0_0/design_1_processing_system7_0_0_in_context.xdc, line 240).
Applied set_property CLOCK_BUFFER_TYPE = NONE for FIXED_IO_mio[50]. (constraint file  /run/media/pjs/6A43-DC8A/smollm2-zybo/hw/vivado_project/GPTalk.gen/sources_1/bd/design_1/ip/design_1_processing_system7_0_0/design_1_processing_system7_0_0/design_1_processing_system7_0_0_in_context.xdc, line 241).
Applied set_property IO_BUFFER_TYPE = NONE for FIXED_IO_mio[51]. (constraint file  /run/media/pjs/6A43-DC8A/smollm2-zybo/hw/vivado_project/GPTalk.gen/sources_1/bd/design_1/ip/design_1_processing_system7_0_0/design_1_processing_system7_0_0/design_1_processing_system7_0_0_in_context.xdc, line 242).
Applied set_property CLOCK_BUFFER_TYPE = NONE for FIXED_IO_mio[51]. (constraint file  /run/media/pjs/6A43-DC8A/smollm2-zybo/hw/vivado_project/GPTalk.gen/sources_1/bd/design_1/ip/design_1_processing_system7_0_0/design_1_processing_system7_0_0/design_1_processing_system7_0_0_in_context.xdc, line 243).
Applied set_property IO_BUFFER_TYPE = NONE for FIXED_IO_mio[52]. (constraint file  /run/media/pjs/6A43-DC8A/smollm2-zybo/hw/vivado_project/GPTalk.gen/sources_1/bd/design_1/ip/design_1_processing_system7_0_0/design_1_processing_system7_0_0/design_1_processing_system7_0_0_in_context.xdc, line 244).
Applied set_property CLOCK_BUFFER_TYPE = NONE for FIXED_IO_mio[52]. (constraint file  /run/media/pjs/6A43-DC8A/smollm2-zybo/hw/vivado_project/GPTalk.gen/sources_1/bd/design_1/ip/design_1_processing_system7_0_0/design_1_processing_system7_0_0/design_1_processing_system7_0_0_in_context.xdc, line 245).
Applied set_property IO_BUFFER_TYPE = NONE for FIXED_IO_mio[53]. (constraint file  /run/media/pjs/6A43-DC8A/smollm2-zybo/hw/vivado_project/GPTalk.gen/sources_1/bd/design_1/ip/design_1_processing_system7_0_0/design_1_processing_system7_0_0/design_1_processing_system7_0_0_in_context.xdc, line 246).
Applied set_property CLOCK_BUFFER_TYPE = NONE for FIXED_IO_mio[53]. (constraint file  /run/media/pjs/6A43-DC8A/smollm2-zybo/hw/vivado_project/GPTalk.gen/sources_1/bd/design_1/ip/design_1_processing_system7_0_0/design_1_processing_system7_0_0/design_1_processing_system7_0_0_in_context.xdc, line 247).
Applied set_property IO_BUFFER_TYPE = NONE for FIXED_IO_mio[5]. (constraint file  /run/media/pjs/6A43-DC8A/smollm2-zybo/hw/vivado_project/GPTalk.gen/sources_1/bd/design_1/ip/design_1_processing_system7_0_0/design_1_processing_system7_0_0/design_1_processing_system7_0_0_in_context.xdc, line 248).
Applied set_property CLOCK_BUFFER_TYPE = NONE for FIXED_IO_mio[5]. (constraint file  /run/media/pjs/6A43-DC8A/smollm2-zybo/hw/vivado_project/GPTalk.gen/sources_1/bd/design_1/ip/design_1_processing_system7_0_0/design_1_processing_system7_0_0/design_1_processing_system7_0_0_in_context.xdc, line 249).
Applied set_property IO_BUFFER_TYPE = NONE for FIXED_IO_mio[6]. (constraint file  /run/media/pjs/6A43-DC8A/smollm2-zybo/hw/vivado_project/GPTalk.gen/sources_1/bd/design_1/ip/design_1_processing_system7_0_0/design_1_processing_system7_0_0/design_1_processing_system7_0_0_in_context.xdc, line 250).
Applied set_property CLOCK_BUFFER_TYPE = NONE for FIXED_IO_mio[6]. (constraint file  /run/media/pjs/6A43-DC8A/smollm2-zybo/hw/vivado_project/GPTalk.gen/sources_1/bd/design_1/ip/design_1_processing_system7_0_0/design_1_processing_system7_0_0/design_1_processing_system7_0_0_in_context.xdc, line 251).
Applied set_property IO_BUFFER_TYPE = NONE for FIXED_IO_mio[7]. (constraint file  /run/media/pjs/6A43-DC8A/smollm2-zybo/hw/vivado_project/GPTalk.gen/sources_1/bd/design_1/ip/design_1_processing_system7_0_0/design_1_processing_system7_0_0/design_1_processing_system7_0_0_in_context.xdc, line 252).
Applied set_property CLOCK_BUFFER_TYPE = NONE for FIXED_IO_mio[7]. (constraint file  /run/media/pjs/6A43-DC8A/smollm2-zybo/hw/vivado_project/GPTalk.gen/sources_1/bd/design_1/ip/design_1_processing_system7_0_0/design_1_processing_system7_0_0/design_1_processing_system7_0_0_in_context.xdc, line 253).
Applied set_property IO_BUFFER_TYPE = NONE for FIXED_IO_mio[8]. (constraint file  /run/media/pjs/6A43-DC8A/smollm2-zybo/hw/vivado_project/GPTalk.gen/sources_1/bd/design_1/ip/design_1_processing_system7_0_0/design_1_processing_system7_0_0/design_1_processing_system7_0_0_in_context.xdc, line 254).
Applied set_property CLOCK_BUFFER_TYPE = NONE for FIXED_IO_mio[8]. (constraint file  /run/media/pjs/6A43-DC8A/smollm2-zybo/hw/vivado_project/GPTalk.gen/sources_1/bd/design_1/ip/design_1_processing_system7_0_0/design_1_processing_system7_0_0/design_1_processing_system7_0_0_in_context.xdc, line 255).
Applied set_property IO_BUFFER_TYPE = NONE for FIXED_IO_mio[9]. (constraint file  /run/media/pjs/6A43-DC8A/smollm2-zybo/hw/vivado_project/GPTalk.gen/sources_1/bd/design_1/ip/design_1_processing_system7_0_0/design_1_processing_system7_0_0/design_1_processing_system7_0_0_in_context.xdc, line 256).
Applied set_property CLOCK_BUFFER_TYPE = NONE for FIXED_IO_mio[9]. (constraint file  /run/media/pjs/6A43-DC8A/smollm2-zybo/hw/vivado_project/GPTalk.gen/sources_1/bd/design_1/ip/design_1_processing_system7_0_0/design_1_processing_system7_0_0/design_1_processing_system7_0_0_in_context.xdc, line 257).
Applied set_property IO_BUFFER_TYPE = NONE for FIXED_IO_ps_clk. (constraint file  /run/media/pjs/6A43-DC8A/smollm2-zybo/hw/vivado_project/GPTalk.gen/sources_1/bd/design_1/ip/design_1_processing_system7_0_0/design_1_processing_system7_0_0/design_1_processing_system7_0_0_in_context.xdc, line 258).
Applied set_property CLOCK_BUFFER_TYPE = NONE for FIXED_IO_ps_clk. (constraint file  /run/media/pjs/6A43-DC8A/smollm2-zybo/hw/vivado_project/GPTalk.gen/sources_1/bd/design_1/ip/design_1_processing_system7_0_0/design_1_processing_system7_0_0/design_1_processing_system7_0_0_in_context.xdc, line 259).
Applied set_property IO_BUFFER_TYPE = NONE for FIXED_IO_ps_porb. (constraint file  /run/media/pjs/6A43-DC8A/smollm2-zybo/hw/vivado_project/GPTalk.gen/sources_1/bd/design_1/ip/design_1_processing_system7_0_0/design_1_processing_system7_0_0/design_1_processing_system7_0_0_in_context.xdc, line 260).
Applied set_property CLOCK_BUFFER_TYPE = NONE for FIXED_IO_ps_porb. (constraint file  /run/media/pjs/6A43-DC8A/smollm2-zybo/hw/vivado_project/GPTalk.gen/sources_1/bd/design_1/ip/design_1_processing_system7_0_0/design_1_processing_system7_0_0/design_1_processing_system7_0_0_in_context.xdc, line 261).
Applied set_property IO_BUFFER_TYPE = NONE for FIXED_IO_ps_srstb. (constraint file  /run/media/pjs/6A43-DC8A/smollm2-zybo/hw/vivado_project/GPTalk.gen/sources_1/bd/design_1/ip/design_1_processing_system7_0_0/design_1_processing_system7_0_0/design_1_processing_system7_0_0_in_context.xdc, line 262).
Applied set_property CLOCK_BUFFER_TYPE = NONE for FIXED_IO_ps_srstb. (constraint file  /run/media/pjs/6A43-DC8A/smollm2-zybo/hw/vivado_project/GPTalk.gen/sources_1/bd/design_1/ip/design_1_processing_system7_0_0/design_1_processing_system7_0_0/design_1_processing_system7_0_0_in_context.xdc, line 263).
Applied set_property IO_BUFFER_TYPE = NONE for hdmi_out_clk_n. (constraint file  /run/media/pjs/6A43-DC8A/smollm2-zybo/hw/vivado_project/GPTalk.gen/sources_1/bd/design_1/ip/design_1_rgb2dvi_1_0/design_1_rgb2dvi_1_0/design_1_rgb2dvi_1_0_in_context.xdc, line 1).
Applied set_property CLOCK_BUFFER_TYPE = NONE for hdmi_out_clk_n. (constraint file  /run/media/pjs/6A43-DC8A/smollm2-zybo/hw/vivado_project/GPTalk.gen/sources_1/bd/design_1/ip/design_1_rgb2dvi_1_0/design_1_rgb2dvi_1_0/design_1_rgb2dvi_1_0_in_context.xdc, line 2).
Applied set_property IO_BUFFER_TYPE = NONE for hdmi_out_clk_p. (constraint file  /run/media/pjs/6A43-DC8A/smollm2-zybo/hw/vivado_project/GPTalk.gen/sources_1/bd/design_1/ip/design_1_rgb2dvi_1_0/design_1_rgb2dvi_1_0/design_1_rgb2dvi_1_0_in_context.xdc, line 3).
Applied set_property CLOCK_BUFFER_TYPE = NONE for hdmi_out_clk_p. (constraint file  /run/media/pjs/6A43-DC8A/smollm2-zybo/hw/vivado_project/GPTalk.gen/sources_1/bd/design_1/ip/design_1_rgb2dvi_1_0/design_1_rgb2dvi_1_0/design_1_rgb2dvi_1_0_in_context.xdc, line 4).
Applied set_property IO_BUFFER_TYPE = NONE for hdmi_out_data_n[0]. (constraint file  /run/media/pjs/6A43-DC8A/smollm2-zybo/hw/vivado_project/GPTalk.gen/sources_1/bd/design_1/ip/design_1_rgb2dvi_1_0/design_1_rgb2dvi_1_0/design_1_rgb2dvi_1_0_in_context.xdc, line 5).
Applied set_property CLOCK_BUFFER_TYPE = NONE for hdmi_out_data_n[0]. (constraint file  /run/media/pjs/6A43-DC8A/smollm2-zybo/hw/vivado_project/GPTalk.gen/sources_1/bd/design_1/ip/design_1_rgb2dvi_1_0/design_1_rgb2dvi_1_0/design_1_rgb2dvi_1_0_in_context.xdc, line 6).
Applied set_property IO_BUFFER_TYPE = NONE for hdmi_out_data_n[1]. (constraint file  /run/media/pjs/6A43-DC8A/smollm2-zybo/hw/vivado_project/GPTalk.gen/sources_1/bd/design_1/ip/design_1_rgb2dvi_1_0/design_1_rgb2dvi_1_0/design_1_rgb2dvi_1_0_in_context.xdc, line 7).
Applied set_property CLOCK_BUFFER_TYPE = NONE for hdmi_out_data_n[1]. (constraint file  /run/media/pjs/6A43-DC8A/smollm2-zybo/hw/vivado_project/GPTalk.gen/sources_1/bd/design_1/ip/design_1_rgb2dvi_1_0/design_1_rgb2dvi_1_0/design_1_rgb2dvi_1_0_in_context.xdc, line 8).
Applied set_property IO_BUFFER_TYPE = NONE for hdmi_out_data_n[2]. (constraint file  /run/media/pjs/6A43-DC8A/smollm2-zybo/hw/vivado_project/GPTalk.gen/sources_1/bd/design_1/ip/design_1_rgb2dvi_1_0/design_1_rgb2dvi_1_0/design_1_rgb2dvi_1_0_in_context.xdc, line 9).
Applied set_property CLOCK_BUFFER_TYPE = NONE for hdmi_out_data_n[2]. (constraint file  /run/media/pjs/6A43-DC8A/smollm2-zybo/hw/vivado_project/GPTalk.gen/sources_1/bd/design_1/ip/design_1_rgb2dvi_1_0/design_1_rgb2dvi_1_0/design_1_rgb2dvi_1_0_in_context.xdc, line 10).
Applied set_property IO_BUFFER_TYPE = NONE for hdmi_out_data_p[0]. (constraint file  /run/media/pjs/6A43-DC8A/smollm2-zybo/hw/vivado_project/GPTalk.gen/sources_1/bd/design_1/ip/design_1_rgb2dvi_1_0/design_1_rgb2dvi_1_0/design_1_rgb2dvi_1_0_in_context.xdc, line 11).
Applied set_property CLOCK_BUFFER_TYPE = NONE for hdmi_out_data_p[0]. (constraint file  /run/media/pjs/6A43-DC8A/smollm2-zybo/hw/vivado_project/GPTalk.gen/sources_1/bd/design_1/ip/design_1_rgb2dvi_1_0/design_1_rgb2dvi_1_0/design_1_rgb2dvi_1_0_in_context.xdc, line 12).
Applied set_property IO_BUFFER_TYPE = NONE for hdmi_out_data_p[1]. (constraint file  /run/media/pjs/6A43-DC8A/smollm2-zybo/hw/vivado_project/GPTalk.gen/sources_1/bd/design_1/ip/design_1_rgb2dvi_1_0/design_1_rgb2dvi_1_0/design_1_rgb2dvi_1_0_in_context.xdc, line 13).
Applied set_property CLOCK_BUFFER_TYPE = NONE for hdmi_out_data_p[1]. (constraint file  /run/media/pjs/6A43-DC8A/smollm2-zybo/hw/vivado_project/GPTalk.gen/sources_1/bd/design_1/ip/design_1_rgb2dvi_1_0/design_1_rgb2dvi_1_0/design_1_rgb2dvi_1_0_in_context.xdc, line 14).
Applied set_property IO_BUFFER_TYPE = NONE for hdmi_out_data_p[2]. (constraint file  /run/media/pjs/6A43-DC8A/smollm2-zybo/hw/vivado_project/GPTalk.gen/sources_1/bd/design_1/ip/design_1_rgb2dvi_1_0/design_1_rgb2dvi_1_0/design_1_rgb2dvi_1_0_in_context.xdc, line 15).
Applied set_property CLOCK_BUFFER_TYPE = NONE for hdmi_out_data_p[2]. (constraint file  /run/media/pjs/6A43-DC8A/smollm2-zybo/hw/vivado_project/GPTalk.gen/sources_1/bd/design_1/ip/design_1_rgb2dvi_1_0/design_1_rgb2dvi_1_0/design_1_rgb2dvi_1_0_in_context.xdc, line 16).
Applied set_property KEEP_HIERARCHY = SOFT for design_1_i. (constraint file  auto generated constraint).
Applied set_property KEEP_HIERARCHY = SOFT for design_1_i/processing_system7_0. (constraint file  auto generated constraint).
Applied set_property KEEP_HIERARCHY = SOFT for design_1_i/rst_ps7_0_100M. (constraint file  auto generated constraint).
Applied set_property KEEP_HIERARCHY = SOFT for design_1_i/rst_ps7_0_133M. (constraint file  auto generated constraint).
Applied set_property KEEP_HIERARCHY = SOFT for design_1_i/rst_ps7_0_gemv. (constraint file  auto generated constraint).
Applied set_property KEEP_HIERARCHY = SOFT for design_1_i/axi_ctrl_smc. (constraint file  auto generated constraint).
Applied set_property KEEP_HIERARCHY = SOFT for design_1_i/axi_video_hp0_smc. (constraint file  auto generated constraint).
Applied set_property KEEP_HIERARCHY = SOFT for design_1_i/axi_gemv_hp1_smc. (constraint file  auto generated constraint).
Applied set_property KEEP_HIERARCHY = SOFT for design_1_i/axi_gemv_ctrl_clkconv. (constraint file  auto generated constraint).
Applied set_property KEEP_HIERARCHY = SOFT for design_1_i/axi_bram_ctrl_clkconv. (constraint file  auto generated constraint).
Applied set_property KEEP_HIERARCHY = SOFT for design_1_i/axi_dma_ctrl_clkconv. (constraint file  auto generated constraint).
Applied set_property KEEP_HIERARCHY = SOFT for design_1_i/axi_dynclk_0. (constraint file  auto generated constraint).
Applied set_property KEEP_HIERARCHY = SOFT for design_1_i/v_tc_out. (constraint file  auto generated constraint).
Applied set_property KEEP_HIERARCHY = SOFT for design_1_i/axi_vdma_1. (constraint file  auto generated constraint).
Applied set_property KEEP_HIERARCHY = SOFT for design_1_i/axis_subset_converter_out. (constraint file  auto generated constraint).
Applied set_property KEEP_HIERARCHY = SOFT for design_1_i/v_axi4s_vid_out_0. (constraint file  auto generated constraint).
Applied set_property KEEP_HIERARCHY = SOFT for design_1_i/rgb2dvi_1. (constraint file  auto generated constraint).
Applied set_property KEEP_HIERARCHY = SOFT for design_1_i/axi_dma_0. (constraint file  auto generated constraint).
Applied set_property KEEP_HIERARCHY = SOFT for design_1_i/mm2s_axis_fifo. (constraint file  auto generated constraint).
Applied set_property KEEP_HIERARCHY = SOFT for design_1_i/s2mm_axis_fifo. (constraint file  auto generated constraint).
Applied set_property KEEP_HIERARCHY = SOFT for design_1_i/axi_input_bram_ctrl. (constraint file  auto generated constraint).
Applied set_property KEEP_HIERARCHY = SOFT for design_1_i/input_vector_bram. (constraint file  auto generated constraint).
Applied set_property KEEP_HIERARCHY = SOFT for design_1_i/gemv_q8_0_dma_top_0. (constraint file  auto generated constraint).
Applied set_property KEEP_HIERARCHY = SOFT for design_1_i/xlconcat_0. (constraint file  auto generated constraint).
---------------------------------------------------------------------------------
Finished applying 'set_property' XDC Constraints : Time (s): cpu = 00:00:06 ; elapsed = 00:00:06 . Memory (MB): peak = 2226.535 ; gain = 542.449 ; free physical = 50094 ; free virtual = 65445
---------------------------------------------------------------------------------
---------------------------------------------------------------------------------
Finished RTL Optimization Phase 2 : Time (s): cpu = 00:00:06 ; elapsed = 00:00:06 . Memory (MB): peak = 2226.535 ; gain = 542.449 ; free physical = 50094 ; free virtual = 65447
---------------------------------------------------------------------------------
---------------------------------------------------------------------------------
Start RTL Component Statistics 
---------------------------------------------------------------------------------
Detailed RTL Component Info : 
---------------------------------------------------------------------------------
Finished RTL Component Statistics 
---------------------------------------------------------------------------------
---------------------------------------------------------------------------------
Start Part Resource Summary
---------------------------------------------------------------------------------
Part Resources:
DSPs: 220 (col length:60)
BRAMs: 280 (col length: RAMB18 60 RAMB36 30)
---------------------------------------------------------------------------------
Finished Part Resource Summary
---------------------------------------------------------------------------------
---------------------------------------------------------------------------------
Start Cross Boundary and Area Optimization
---------------------------------------------------------------------------------
WARNING: [Synth 8-7080] Parallel synthesis criteria is not met
---------------------------------------------------------------------------------
Finished Cross Boundary and Area Optimization : Time (s): cpu = 00:00:07 ; elapsed = 00:00:07 . Memory (MB): peak = 2226.535 ; gain = 542.449 ; free physical = 50090 ; free virtual = 65447
---------------------------------------------------------------------------------
---------------------------------------------------------------------------------
Start Applying XDC Timing Constraints
---------------------------------------------------------------------------------
---------------------------------------------------------------------------------
Finished Applying XDC Timing Constraints : Time (s): cpu = 00:00:10 ; elapsed = 00:00:10 . Memory (MB): peak = 2297.535 ; gain = 613.449 ; free physical = 50010 ; free virtual = 65360
---------------------------------------------------------------------------------
---------------------------------------------------------------------------------
Start Timing Optimization
---------------------------------------------------------------------------------
---------------------------------------------------------------------------------
Finished Timing Optimization : Time (s): cpu = 00:00:10 ; elapsed = 00:00:10 . Memory (MB): peak = 2297.535 ; gain = 613.449 ; free physical = 50005 ; free virtual = 65362
---------------------------------------------------------------------------------
---------------------------------------------------------------------------------
Start Technology Mapping
---------------------------------------------------------------------------------
---------------------------------------------------------------------------------
Finished Technology Mapping : Time (s): cpu = 00:00:10 ; elapsed = 00:00:10 . Memory (MB): peak = 2309.543 ; gain = 625.457 ; free physical = 49989 ; free virtual = 65337
---------------------------------------------------------------------------------
---------------------------------------------------------------------------------
Start IO Insertion
---------------------------------------------------------------------------------
---------------------------------------------------------------------------------
Start Flattening Before IO Insertion
---------------------------------------------------------------------------------
---------------------------------------------------------------------------------
Finished Flattening Before IO Insertion
---------------------------------------------------------------------------------
---------------------------------------------------------------------------------
Start Final Netlist Cleanup
---------------------------------------------------------------------------------
---------------------------------------------------------------------------------
Finished Final Netlist Cleanup
---------------------------------------------------------------------------------
---------------------------------------------------------------------------------
Finished IO Insertion : Time (s): cpu = 00:00:11 ; elapsed = 00:00:11 . Memory (MB): peak = 2478.355 ; gain = 794.270 ; free physical = 49845 ; free virtual = 65203
---------------------------------------------------------------------------------
---------------------------------------------------------------------------------
Start Renaming Generated Instances
---------------------------------------------------------------------------------
---------------------------------------------------------------------------------
Finished Renaming Generated Instances : Time (s): cpu = 00:00:11 ; elapsed = 00:00:11 . Memory (MB): peak = 2478.355 ; gain = 794.270 ; free physical = 49845 ; free virtual = 65203
---------------------------------------------------------------------------------
---------------------------------------------------------------------------------
Start Rebuilding User Hierarchy
---------------------------------------------------------------------------------
---------------------------------------------------------------------------------
Finished Rebuilding User Hierarchy : Time (s): cpu = 00:00:11 ; elapsed = 00:00:11 . Memory (MB): peak = 2478.355 ; gain = 794.270 ; free physical = 49845 ; free virtual = 65203
---------------------------------------------------------------------------------
---------------------------------------------------------------------------------
Start Renaming Generated Ports
---------------------------------------------------------------------------------
---------------------------------------------------------------------------------
Finished Renaming Generated Ports : Time (s): cpu = 00:00:11 ; elapsed = 00:00:11 . Memory (MB): peak = 2478.355 ; gain = 794.270 ; free physical = 49845 ; free virtual = 65203
---------------------------------------------------------------------------------
---------------------------------------------------------------------------------
Start Handling Custom Attributes
---------------------------------------------------------------------------------
---------------------------------------------------------------------------------
Finished Handling Custom Attributes : Time (s): cpu = 00:00:11 ; elapsed = 00:00:11 . Memory (MB): peak = 2478.355 ; gain = 794.270 ; free physical = 49845 ; free virtual = 65202
---------------------------------------------------------------------------------
---------------------------------------------------------------------------------
Start Renaming Generated Nets
---------------------------------------------------------------------------------
---------------------------------------------------------------------------------
Finished Renaming Generated Nets : Time (s): cpu = 00:00:11 ; elapsed = 00:00:11 . Memory (MB): peak = 2478.355 ; gain = 794.270 ; free physical = 49845 ; free virtual = 65202
---------------------------------------------------------------------------------
---------------------------------------------------------------------------------
Start Writing Synthesis Report
---------------------------------------------------------------------------------

Report BlackBoxes: 
+------+-------------------------------------+----------+
|      |BlackBox name                        |Instances |
+------+-------------------------------------+----------+
|1     |design_1_axi_bram_ctrl_clkconv_0     |         1|
|2     |design_1_axi_ctrl_smc_0              |         1|
|3     |design_1_axi_dma_0_0                 |         1|
|4     |design_1_axi_dma_ctrl_clkconv_0      |         1|
|5     |design_1_axi_dynclk_0_0              |         1|
|6     |design_1_axi_gemv_ctrl_clkconv_0     |         1|
|7     |design_1_axi_gemv_hp1_smc_0          |         1|
|8     |design_1_axi_input_bram_ctrl_0       |         1|
|9     |design_1_axi_vdma_1_0                |         1|
|10    |design_1_axi_video_hp0_smc_0         |         1|
|11    |design_1_axis_subset_converter_out_0 |         1|
|12    |design_1_gemv_q8_0_dma_top_0_0       |         1|
|13    |design_1_input_vector_bram_0         |         1|
|14    |design_1_mm2s_axis_fifo_0            |         1|
|15    |design_1_processing_system7_0_0      |         1|
|16    |design_1_rgb2dvi_1_0                 |         1|
|17    |design_1_rst_ps7_0_100M_0            |         1|
|18    |design_1_rst_ps7_0_133M_0            |         1|
|19    |design_1_rst_ps7_0_gemv_0            |         1|
|20    |design_1_s2mm_axis_fifo_0            |         1|
|21    |design_1_v_axi4s_vid_out_0_0         |         1|
|22    |design_1_v_tc_out_0                  |         1|
+------+-------------------------------------+----------+

Report Cell Usage: 
+------+-----------------------------------+------+
|      |Cell                               |Count |
+------+-----------------------------------+------+
|1     |design_1_axi_bram_ctrl_clkconv     |     1|
|2     |design_1_axi_ctrl_smc              |     1|
|3     |design_1_axi_dma_0                 |     1|
|4     |design_1_axi_dma_ctrl_clkconv      |     1|
|5     |design_1_axi_dynclk_0              |     1|
|6     |design_1_axi_gemv_ctrl_clkconv     |     1|
|7     |design_1_axi_gemv_hp1_smc          |     1|
|8     |design_1_axi_input_bram_ctrl       |     1|
|9     |design_1_axi_vdma_1                |     1|
|10    |design_1_axi_video_hp0_smc         |     1|
|11    |design_1_axis_subset_converter_out |     1|
|12    |design_1_gemv_q8_0_dma_top_0       |     1|
|13    |design_1_input_vector_bram         |     1|
|14    |design_1_mm2s_axis_fifo            |     1|
|15    |design_1_processing_system7_0      |     1|
|16    |design_1_rgb2dvi_1                 |     1|
|17    |design_1_rst_ps7_0_100M            |     1|
|18    |design_1_rst_ps7_0_133M            |     1|
|19    |design_1_rst_ps7_0_gemv            |     1|
|20    |design_1_s2mm_axis_fifo            |     1|
|21    |design_1_v_axi4s_vid_out_0         |     1|
|22    |design_1_v_tc_out                  |     1|
|23    |IOBUF                              |     2|
+------+-----------------------------------+------+
---------------------------------------------------------------------------------
Finished Writing Synthesis Report : Time (s): cpu = 00:00:11 ; elapsed = 00:00:11 . Memory (MB): peak = 2478.355 ; gain = 794.270 ; free physical = 49845 ; free virtual = 65202
---------------------------------------------------------------------------------
Synthesis finished with 0 errors, 0 critical warnings and 1 warnings.
Synthesis Optimization Runtime : Time (s): cpu = 00:00:10 ; elapsed = 00:00:10 . Memory (MB): peak = 2478.355 ; gain = 742.375 ; free physical = 49844 ; free virtual = 65202
Synthesis Optimization Complete : Time (s): cpu = 00:00:11 ; elapsed = 00:00:11 . Memory (MB): peak = 2478.363 ; gain = 794.270 ; free physical = 49844 ; free virtual = 65202
INFO: [Project 1-571] Translating synthesized netlist
Netlist sorting complete. Time (s): cpu = 00:00:00.01 ; elapsed = 00:00:00 . Memory (MB): peak = 2478.363 ; gain = 0.000 ; free physical = 50007 ; free virtual = 65364
INFO: [Netlist 29-17] Analyzing 2 Unisim elements for replacement
INFO: [Netlist 29-28] Unisim Transformation completed in 0 CPU seconds
INFO: [Project 1-570] Preparing netlist for logic optimization
INFO: [Opt 31-138] Pushed 0 inverter(s) to 0 load pin(s).
Netlist sorting complete. Time (s): cpu = 00:00:00 ; elapsed = 00:00:00 . Memory (MB): peak = 2478.363 ; gain = 0.000 ; free physical = 50011 ; free virtual = 65369
INFO: [Project 1-111] Unisim Transformation Summary:
  A total of 2 instances were transformed.
  IOBUF => IOBUF (IBUF, OBUFT): 2 instances

Synth Design complete | Checksum: 18be6877
INFO: [Common 17-83] Releasing license: Synthesis
83 Infos, 174 Warnings, 0 Critical Warnings and 0 Errors encountered.
synth_design completed successfully
synth_design: Time (s): cpu = 00:00:17 ; elapsed = 00:00:15 . Memory (MB): peak = 2478.363 ; gain = 1058.406 ; free physical = 50011 ; free virtual = 65369
INFO: [Common 17-2834] synth_design peak Physical Memory [PSS] (MB): overall = 1774.612; main = 1672.190; forked = 267.002
INFO: [Common 17-2834] synth_design peak Virtual Memory [VSS] (MB): overall = 3291.938; main = 2478.359; forked = 947.391
Write ShapeDB Complete: Time (s): cpu = 00:00:00 ; elapsed = 00:00:00 . Memory (MB): peak = 2502.367 ; gain = 0.000 ; free physical = 50011 ; free virtual = 65369
INFO: [Common 17-1381] The checkpoint '/run/media/pjs/6A43-DC8A/smollm2-zybo/hw/vivado_project/GPTalk.runs/synth_1/design_1_wrapper.dcp' has been generated.
INFO: [Vivado 12-24828] Executing command : report_utilization -file design_1_wrapper_utilization_synth.rpt -pb design_1_wrapper_utilization_synth.pb
INFO: [Common 17-206] Exiting Vivado at Tue Jun 30 18:32:27 2026...
[Tue Jun 30 18:32:27 2026] synth_1 finished
wait_on_runs: Time (s): cpu = 00:00:24 ; elapsed = 00:00:22 . Memory (MB): peak = 2031.816 ; gain = 0.000 ; free physical = 51425 ; free virtual = 66776
# assert_run_complete synth_1
# reset_run_clean impl_1
# launch_runs impl_1 -to_step write_bitstream -jobs $vivado_jobs
[Tue Jun 30 18:32:29 2026] Launched impl_1...
Run output will be captured here: /run/media/pjs/6A43-DC8A/smollm2-zybo/hw/vivado_project/GPTalk.runs/impl_1/runme.log
# wait_on_run impl_1
[Tue Jun 30 18:32:29 2026] Waiting for impl_1 to finish...

*** Running vivado
    with args -log design_1_wrapper.vdi -applog -m64 -product Vivado -messageDb vivado.pb -mode batch -source design_1_wrapper.tcl -notrace


****** Vivado v2024.2.2 (64-bit)
  **** SW Build 6060944 on Thu Mar 06 19:10:09 MST 2025
  **** IP Build 6050500 on Thu Mar  6 23:33:39 MST 2025
  **** SharedData Build 6060542 on Thu Mar 06 10:31:07 MST 2025
  **** Start of session at: Tue Jun 30 18:32:30 2026
    ** Copyright 1986-2022 Xilinx, Inc. All Rights Reserved.
    ** Copyright 2022-2025 Advanced Micro Devices, Inc. All Rights Reserved.

CRITICAL WARNING: [Common 17-741] No write access right to the local Tcl store at '/home/pjs/.Xilinx/Vivado/2024.2.2/XilinxTclStore'. XilinxTclStore is reverted to the installation area. If you want to use local Tcl Store, please change the access right and relaunch Vivado.
Sourcing tcl script '/home/pjs/.Xilinx/Vivado/Vivado_init.tcl'
source design_1_wrapper.tcl -notrace
INFO: [IP_Flow 19-234] Refreshing IP repositories
INFO: [IP_Flow 19-1700] Loaded user IP repository '/run/media/pjs/6A43-DC8A/smollm2-zybo/third_party/digilent-vivado-library/if'.
INFO: [IP_Flow 19-1700] Loaded user IP repository '/run/media/pjs/6A43-DC8A/smollm2-zybo/third_party/digilent-vivado-library/ip'.
INFO: [IP_Flow 19-2313] Loaded Vivado IP repository '/tools/Xilinx/Vivado/2024.2/data/ip'.
Command: link_design -top design_1_wrapper -part xc7z020clg400-1
Design is defaulting to srcset: sources_1
Design is defaulting to constrset: constrs_1
INFO: [Device 21-403] Loading part xc7z020clg400-1
INFO: [Project 1-454] Reading design checkpoint '/run/media/pjs/6A43-DC8A/smollm2-zybo/hw/vivado_project/GPTalk.gen/sources_1/bd/design_1/ip/design_1_axi_bram_ctrl_clkconv_0/design_1_axi_bram_ctrl_clkconv_0.dcp' for cell 'design_1_i/axi_bram_ctrl_clkconv'
INFO: [Project 1-454] Reading design checkpoint '/run/media/pjs/6A43-DC8A/smollm2-zybo/hw/vivado_project/GPTalk.gen/sources_1/bd/design_1/ip/design_1_axi_ctrl_smc_0/design_1_axi_ctrl_smc_0.dcp' for cell 'design_1_i/axi_ctrl_smc'
INFO: [Project 1-454] Reading design checkpoint '/run/media/pjs/6A43-DC8A/smollm2-zybo/hw/vivado_project/GPTalk.gen/sources_1/bd/design_1/ip/design_1_axi_dma_0_0/design_1_axi_dma_0_0.dcp' for cell 'design_1_i/axi_dma_0'
INFO: [Project 1-454] Reading design checkpoint '/run/media/pjs/6A43-DC8A/smollm2-zybo/hw/vivado_project/GPTalk.gen/sources_1/bd/design_1/ip/design_1_axi_dma_ctrl_clkconv_0/design_1_axi_dma_ctrl_clkconv_0.dcp' for cell 'design_1_i/axi_dma_ctrl_clkconv'
INFO: [Project 1-454] Reading design checkpoint '/run/media/pjs/6A43-DC8A/smollm2-zybo/hw/vivado_project/GPTalk.gen/sources_1/bd/design_1/ip/design_1_axi_dynclk_0_0/design_1_axi_dynclk_0_0.dcp' for cell 'design_1_i/axi_dynclk_0'
INFO: [Project 1-454] Reading design checkpoint '/run/media/pjs/6A43-DC8A/smollm2-zybo/hw/vivado_project/GPTalk.gen/sources_1/bd/design_1/ip/design_1_axi_gemv_ctrl_clkconv_0/design_1_axi_gemv_ctrl_clkconv_0.dcp' for cell 'design_1_i/axi_gemv_ctrl_clkconv'
INFO: [Project 1-454] Reading design checkpoint '/run/media/pjs/6A43-DC8A/smollm2-zybo/hw/vivado_project/GPTalk.gen/sources_1/bd/design_1/ip/design_1_axi_gemv_hp1_smc_0/design_1_axi_gemv_hp1_smc_0.dcp' for cell 'design_1_i/axi_gemv_hp1_smc'
INFO: [Project 1-454] Reading design checkpoint '/run/media/pjs/6A43-DC8A/smollm2-zybo/hw/vivado_project/GPTalk.gen/sources_1/bd/design_1/ip/design_1_axi_input_bram_ctrl_0/design_1_axi_input_bram_ctrl_0.dcp' for cell 'design_1_i/axi_input_bram_ctrl'
INFO: [Project 1-454] Reading design checkpoint '/run/media/pjs/6A43-DC8A/smollm2-zybo/hw/vivado_project/GPTalk.gen/sources_1/bd/design_1/ip/design_1_axi_vdma_1_0/design_1_axi_vdma_1_0.dcp' for cell 'design_1_i/axi_vdma_1'
INFO: [Project 1-454] Reading design checkpoint '/run/media/pjs/6A43-DC8A/smollm2-zybo/hw/vivado_project/GPTalk.gen/sources_1/bd/design_1/ip/design_1_axi_video_hp0_smc_0/design_1_axi_video_hp0_smc_0.dcp' for cell 'design_1_i/axi_video_hp0_smc'
INFO: [Project 1-454] Reading design checkpoint '/run/media/pjs/6A43-DC8A/smollm2-zybo/hw/vivado_project/GPTalk.gen/sources_1/bd/design_1/ip/design_1_axis_subset_converter_out_0/design_1_axis_subset_converter_out_0.dcp' for cell 'design_1_i/axis_subset_converter_out'
INFO: [Project 1-454] Reading design checkpoint '/run/media/pjs/6A43-DC8A/smollm2-zybo/hw/vivado_project/GPTalk.gen/sources_1/bd/design_1/ip/design_1_gemv_q8_0_dma_top_0_0/design_1_gemv_q8_0_dma_top_0_0.dcp' for cell 'design_1_i/gemv_q8_0_dma_top_0'
INFO: [Project 1-454] Reading design checkpoint '/run/media/pjs/6A43-DC8A/smollm2-zybo/hw/vivado_project/GPTalk.gen/sources_1/bd/design_1/ip/design_1_input_vector_bram_0/design_1_input_vector_bram_0.dcp' for cell 'design_1_i/input_vector_bram'
INFO: [Project 1-454] Reading design checkpoint '/run/media/pjs/6A43-DC8A/smollm2-zybo/hw/vivado_project/GPTalk.gen/sources_1/bd/design_1/ip/design_1_mm2s_axis_fifo_0/design_1_mm2s_axis_fifo_0.dcp' for cell 'design_1_i/mm2s_axis_fifo'
INFO: [Project 1-454] Reading design checkpoint '/run/media/pjs/6A43-DC8A/smollm2-zybo/hw/vivado_project/GPTalk.gen/sources_1/bd/design_1/ip/design_1_processing_system7_0_0/design_1_processing_system7_0_0.dcp' for cell 'design_1_i/processing_system7_0'
INFO: [Project 1-454] Reading design checkpoint '/run/media/pjs/6A43-DC8A/smollm2-zybo/hw/vivado_project/GPTalk.gen/sources_1/bd/design_1/ip/design_1_rgb2dvi_1_0/design_1_rgb2dvi_1_0.dcp' for cell 'design_1_i/rgb2dvi_1'
INFO: [Project 1-454] Reading design checkpoint '/run/media/pjs/6A43-DC8A/smollm2-zybo/hw/vivado_project/GPTalk.gen/sources_1/bd/design_1/ip/design_1_rst_ps7_0_100M_0/design_1_rst_ps7_0_100M_0.dcp' for cell 'design_1_i/rst_ps7_0_100M'
INFO: [Project 1-454] Reading design checkpoint '/run/media/pjs/6A43-DC8A/smollm2-zybo/hw/vivado_project/GPTalk.gen/sources_1/bd/design_1/ip/design_1_rst_ps7_0_133M_0/design_1_rst_ps7_0_133M_0.dcp' for cell 'design_1_i/rst_ps7_0_133M'
INFO: [Project 1-454] Reading design checkpoint '/run/media/pjs/6A43-DC8A/smollm2-zybo/hw/vivado_project/GPTalk.gen/sources_1/bd/design_1/ip/design_1_rst_ps7_0_gemv_0/design_1_rst_ps7_0_gemv_0.dcp' for cell 'design_1_i/rst_ps7_0_gemv'
INFO: [Project 1-454] Reading design checkpoint '/run/media/pjs/6A43-DC8A/smollm2-zybo/hw/vivado_project/GPTalk.gen/sources_1/bd/design_1/ip/design_1_s2mm_axis_fifo_0/design_1_s2mm_axis_fifo_0.dcp' for cell 'design_1_i/s2mm_axis_fifo'
INFO: [Project 1-454] Reading design checkpoint '/run/media/pjs/6A43-DC8A/smollm2-zybo/hw/vivado_project/GPTalk.gen/sources_1/bd/design_1/ip/design_1_v_axi4s_vid_out_0_0/design_1_v_axi4s_vid_out_0_0.dcp' for cell 'design_1_i/v_axi4s_vid_out_0'
INFO: [Project 1-454] Reading design checkpoint '/run/media/pjs/6A43-DC8A/smollm2-zybo/hw/vivado_project/GPTalk.gen/sources_1/bd/design_1/ip/design_1_v_tc_out_0/design_1_v_tc_out_0.dcp' for cell 'design_1_i/v_tc_out'
Netlist sorting complete. Time (s): cpu = 00:00:00.38 ; elapsed = 00:00:00.37 . Memory (MB): peak = 1758.059 ; gain = 0.000 ; free physical = 50633 ; free virtual = 65984
INFO: [Netlist 29-17] Analyzing 2438 Unisim elements for replacement
INFO: [Netlist 29-28] Unisim Transformation completed in 0 CPU seconds
INFO: [Project 1-479] Netlist was created with Vivado 2024.2.2
INFO: [Project 1-570] Preparing netlist for logic optimization
Parsing XDC File [/run/media/pjs/6A43-DC8A/smollm2-zybo/hw/vivado_project/GPTalk.gen/sources_1/bd/design_1/ip/design_1_axi_video_hp0_smc_0/bd_0/ip/ip_1/bd_aff9_psr_aclk_0_board.xdc] for cell 'design_1_i/axi_video_hp0_smc/inst/clk_map/psr_aclk/U0'
Finished Parsing XDC File [/run/media/pjs/6A43-DC8A/smollm2-zybo/hw/vivado_project/GPTalk.gen/sources_1/bd/design_1/ip/design_1_axi_video_hp0_smc_0/bd_0/ip/ip_1/bd_aff9_psr_aclk_0_board.xdc] for cell 'design_1_i/axi_video_hp0_smc/inst/clk_map/psr_aclk/U0'
Parsing XDC File [/run/media/pjs/6A43-DC8A/smollm2-zybo/hw/vivado_project/GPTalk.gen/sources_1/bd/design_1/ip/design_1_axi_dma_0_0/design_1_axi_dma_0_0.xdc] for cell 'design_1_i/axi_dma_0/U0'
WARNING: [Vivado_Tcl 4-921] Waiver ID 'CDC-1' -to list should not be empty. [/run/media/pjs/6A43-DC8A/smollm2-zybo/hw/vivado_project/GPTalk.gen/sources_1/bd/design_1/ip/design_1_axi_dma_0_0/design_1_axi_dma_0_0.xdc:52]
WARNING: [Vivado_Tcl 4-921] Waiver ID 'CDC-1' -to list should not be empty. [/run/media/pjs/6A43-DC8A/smollm2-zybo/hw/vivado_project/GPTalk.gen/sources_1/bd/design_1/ip/design_1_axi_dma_0_0/design_1_axi_dma_0_0.xdc:56]
WARNING: [Vivado_Tcl 4-919] Waiver ID 'CDC-1' -from list should not be empty. [/run/media/pjs/6A43-DC8A/smollm2-zybo/hw/vivado_project/GPTalk.gen/sources_1/bd/design_1/ip/design_1_axi_dma_0_0/design_1_axi_dma_0_0.xdc:61]
Finished Parsing XDC File [/run/media/pjs/6A43-DC8A/smollm2-zybo/hw/vivado_project/GPTalk.gen/sources_1/bd/design_1/ip/design_1_axi_dma_0_0/design_1_axi_dma_0_0.xdc] for cell 'design_1_i/axi_dma_0/U0'
Parsing XDC File [/run/media/pjs/6A43-DC8A/smollm2-zybo/hw/vivado_project/GPTalk.gen/sources_1/bd/design_1/ip/design_1_rgb2dvi_1_0/src/rgb2dvi.xdc] for cell 'design_1_i/rgb2dvi_1/U0'
Finished Parsing XDC File [/run/media/pjs/6A43-DC8A/smollm2-zybo/hw/vivado_project/GPTalk.gen/sources_1/bd/design_1/ip/design_1_rgb2dvi_1_0/src/rgb2dvi.xdc] for cell 'design_1_i/rgb2dvi_1/U0'
Parsing XDC File [/run/media/pjs/6A43-DC8A/smollm2-zybo/hw/vivado_project/GPTalk.gen/sources_1/bd/design_1/ip/design_1_axi_vdma_1_0/design_1_axi_vdma_1_0.xdc] for cell 'design_1_i/axi_vdma_1/U0'
WARNING: [Vivado_Tcl 4-921] Waiver ID 'CDC-4' -to list should not be empty. [/run/media/pjs/6A43-DC8A/smollm2-zybo/hw/vivado_project/GPTalk.gen/sources_1/bd/design_1/ip/design_1_axi_vdma_1_0/design_1_axi_vdma_1_0.xdc:60]
WARNING: [Vivado_Tcl 4-921] Waiver ID 'CDC-4' -to list should not be empty. [/run/media/pjs/6A43-DC8A/smollm2-zybo/hw/vivado_project/GPTalk.gen/sources_1/bd/design_1/ip/design_1_axi_vdma_1_0/design_1_axi_vdma_1_0.xdc:64]
WARNING: [Vivado_Tcl 4-921] Waiver ID 'CDC-4' -to list should not be empty. [/run/media/pjs/6A43-DC8A/smollm2-zybo/hw/vivado_project/GPTalk.gen/sources_1/bd/design_1/ip/design_1_axi_vdma_1_0/design_1_axi_vdma_1_0.xdc:88]
WARNING: [Vivado_Tcl 4-921] Waiver ID 'CDC-4' -to list should not be empty. [/run/media/pjs/6A43-DC8A/smollm2-zybo/hw/vivado_project/GPTalk.gen/sources_1/bd/design_1/ip/design_1_axi_vdma_1_0/design_1_axi_vdma_1_0.xdc:92]
WARNING: [Vivado_Tcl 4-921] Waiver ID 'CDC-4' -to list should not be empty. [/run/media/pjs/6A43-DC8A/smollm2-zybo/hw/vivado_project/GPTalk.gen/sources_1/bd/design_1/ip/design_1_axi_vdma_1_0/design_1_axi_vdma_1_0.xdc:96]
WARNING: [Vivado_Tcl 4-921] Waiver ID 'CDC-4' -to list should not be empty. [/run/media/pjs/6A43-DC8A/smollm2-zybo/hw/vivado_project/GPTalk.gen/sources_1/bd/design_1/ip/design_1_axi_vdma_1_0/design_1_axi_vdma_1_0.xdc:100]
WARNING: [Vivado_Tcl 4-921] Waiver ID 'CDC-4' -to list should not be empty. [/run/media/pjs/6A43-DC8A/smollm2-zybo/hw/vivado_project/GPTalk.gen/sources_1/bd/design_1/ip/design_1_axi_vdma_1_0/design_1_axi_vdma_1_0.xdc:104]
WARNING: [Vivado_Tcl 4-921] Waiver ID 'CDC-1' -to list should not be empty. [/run/media/pjs/6A43-DC8A/smollm2-zybo/hw/vivado_project/GPTalk.gen/sources_1/bd/design_1/ip/design_1_axi_vdma_1_0/design_1_axi_vdma_1_0.xdc:108]
WARNING: [Vivado_Tcl 4-921] Waiver ID 'CDC-4' -to list should not be empty. [/run/media/pjs/6A43-DC8A/smollm2-zybo/hw/vivado_project/GPTalk.gen/sources_1/bd/design_1/ip/design_1_axi_vdma_1_0/design_1_axi_vdma_1_0.xdc:116]
WARNING: [Vivado_Tcl 4-921] Waiver ID 'CDC-4' -to list should not be empty. [/run/media/pjs/6A43-DC8A/smollm2-zybo/hw/vivado_project/GPTalk.gen/sources_1/bd/design_1/ip/design_1_axi_vdma_1_0/design_1_axi_vdma_1_0.xdc:120]
WARNING: [Vivado_Tcl 4-921] Waiver ID 'CDC-1' -to list should not be empty. [/run/media/pjs/6A43-DC8A/smollm2-zybo/hw/vivado_project/GPTalk.gen/sources_1/bd/design_1/ip/design_1_axi_vdma_1_0/design_1_axi_vdma_1_0.xdc:124]
WARNING: [Vivado_Tcl 4-921] Waiver ID 'CDC-4' -to list should not be empty. [/run/media/pjs/6A43-DC8A/smollm2-zybo/hw/vivado_project/GPTalk.gen/sources_1/bd/design_1/ip/design_1_axi_vdma_1_0/design_1_axi_vdma_1_0.xdc:136]
WARNING: [Vivado_Tcl 4-921] Waiver ID 'CDC-4' -to list should not be empty. [/run/media/pjs/6A43-DC8A/smollm2-zybo/hw/vivado_project/GPTalk.gen/sources_1/bd/design_1/ip/design_1_axi_vdma_1_0/design_1_axi_vdma_1_0.xdc:140]
WARNING: [Vivado_Tcl 4-921] Waiver ID 'CDC-1' -to list should not be empty. [/run/media/pjs/6A43-DC8A/smollm2-zybo/hw/vivado_project/GPTalk.gen/sources_1/bd/design_1/ip/design_1_axi_vdma_1_0/design_1_axi_vdma_1_0.xdc:144]
WARNING: [Vivado_Tcl 4-921] Waiver ID 'CDC-4' -to list should not be empty. [/run/media/pjs/6A43-DC8A/smollm2-zybo/hw/vivado_project/GPTalk.gen/sources_1/bd/design_1/ip/design_1_axi_vdma_1_0/design_1_axi_vdma_1_0.xdc:148]
WARNING: [Vivado_Tcl 4-921] Waiver ID 'CDC-4' -to list should not be empty. [/run/media/pjs/6A43-DC8A/smollm2-zybo/hw/vivado_project/GPTalk.gen/sources_1/bd/design_1/ip/design_1_axi_vdma_1_0/design_1_axi_vdma_1_0.xdc:152]
WARNING: [Vivado_Tcl 4-921] Waiver ID 'CDC-4' -to list should not be empty. [/run/media/pjs/6A43-DC8A/smollm2-zybo/hw/vivado_project/GPTalk.gen/sources_1/bd/design_1/ip/design_1_axi_vdma_1_0/design_1_axi_vdma_1_0.xdc:156]
WARNING: [Vivado_Tcl 4-921] Waiver ID 'CDC-4' -to list should not be empty. [/run/media/pjs/6A43-DC8A/smollm2-zybo/hw/vivado_project/GPTalk.gen/sources_1/bd/design_1/ip/design_1_axi_vdma_1_0/design_1_axi_vdma_1_0.xdc:160]
WARNING: [Vivado_Tcl 4-921] Waiver ID 'CDC-4' -to list should not be empty. [/run/media/pjs/6A43-DC8A/smollm2-zybo/hw/vivado_project/GPTalk.gen/sources_1/bd/design_1/ip/design_1_axi_vdma_1_0/design_1_axi_vdma_1_0.xdc:164]
WARNING: [Vivado_Tcl 4-921] Waiver ID 'CDC-4' -to list should not be empty. [/run/media/pjs/6A43-DC8A/smollm2-zybo/hw/vivado_project/GPTalk.gen/sources_1/bd/design_1/ip/design_1_axi_vdma_1_0/design_1_axi_vdma_1_0.xdc:168]
WARNING: [Vivado_Tcl 4-921] Waiver ID 'CDC-4' -to list should not be empty. [/run/media/pjs/6A43-DC8A/smollm2-zybo/hw/vivado_project/GPTalk.gen/sources_1/bd/design_1/ip/design_1_axi_vdma_1_0/design_1_axi_vdma_1_0.xdc:172]
WARNING: [Vivado_Tcl 4-921] Waiver ID 'CDC-1' -to list should not be empty. [/run/media/pjs/6A43-DC8A/smollm2-zybo/hw/vivado_project/GPTalk.gen/sources_1/bd/design_1/ip/design_1_axi_vdma_1_0/design_1_axi_vdma_1_0.xdc:176]
WARNING: [Vivado_Tcl 4-921] Waiver ID 'CDC-4' -to list should not be empty. [/run/media/pjs/6A43-DC8A/smollm2-zybo/hw/vivado_project/GPTalk.gen/sources_1/bd/design_1/ip/design_1_axi_vdma_1_0/design_1_axi_vdma_1_0.xdc:180]
WARNING: [Vivado_Tcl 4-921] Waiver ID 'CDC-1' -to list should not be empty. [/run/media/pjs/6A43-DC8A/smollm2-zybo/hw/vivado_project/GPTalk.gen/sources_1/bd/design_1/ip/design_1_axi_vdma_1_0/design_1_axi_vdma_1_0.xdc:184]
WARNING: [Vivado_Tcl 4-921] Waiver ID 'CDC-6' -to list should not be empty. [/run/media/pjs/6A43-DC8A/smollm2-zybo/hw/vivado_project/GPTalk.gen/sources_1/bd/design_1/ip/design_1_axi_vdma_1_0/design_1_axi_vdma_1_0.xdc:192]
WARNING: [Vivado_Tcl 4-921] Waiver ID 'CDC-6' -to list should not be empty. [/run/media/pjs/6A43-DC8A/smollm2-zybo/hw/vivado_project/GPTalk.gen/sources_1/bd/design_1/ip/design_1_axi_vdma_1_0/design_1_axi_vdma_1_0.xdc:196]
WARNING: [Vivado_Tcl 4-921] Waiver ID 'CDC-6' -to list should not be empty. [/run/media/pjs/6A43-DC8A/smollm2-zybo/hw/vivado_project/GPTalk.gen/sources_1/bd/design_1/ip/design_1_axi_vdma_1_0/design_1_axi_vdma_1_0.xdc:200]
WARNING: [Vivado_Tcl 4-921] Waiver ID 'CDC-6' -to list should not be empty. [/run/media/pjs/6A43-DC8A/smollm2-zybo/hw/vivado_project/GPTalk.gen/sources_1/bd/design_1/ip/design_1_axi_vdma_1_0/design_1_axi_vdma_1_0.xdc:204]
WARNING: [Vivado_Tcl 4-921] Waiver ID 'CDC-6' -to list should not be empty. [/run/media/pjs/6A43-DC8A/smollm2-zybo/hw/vivado_project/GPTalk.gen/sources_1/bd/design_1/ip/design_1_axi_vdma_1_0/design_1_axi_vdma_1_0.xdc:208]
WARNING: [Vivado_Tcl 4-921] Waiver ID 'CDC-6' -to list should not be empty. [/run/media/pjs/6A43-DC8A/smollm2-zybo/hw/vivado_project/GPTalk.gen/sources_1/bd/design_1/ip/design_1_axi_vdma_1_0/design_1_axi_vdma_1_0.xdc:212]
WARNING: [Vivado_Tcl 4-921] Waiver ID 'CDC-6' -to list should not be empty. [/run/media/pjs/6A43-DC8A/smollm2-zybo/hw/vivado_project/GPTalk.gen/sources_1/bd/design_1/ip/design_1_axi_vdma_1_0/design_1_axi_vdma_1_0.xdc:216]
WARNING: [Vivado_Tcl 4-921] Waiver ID 'CDC-6' -to list should not be empty. [/run/media/pjs/6A43-DC8A/smollm2-zybo/hw/vivado_project/GPTalk.gen/sources_1/bd/design_1/ip/design_1_axi_vdma_1_0/design_1_axi_vdma_1_0.xdc:220]
Finished Parsing XDC File [/run/media/pjs/6A43-DC8A/smollm2-zybo/hw/vivado_project/GPTalk.gen/sources_1/bd/design_1/ip/design_1_axi_vdma_1_0/design_1_axi_vdma_1_0.xdc] for cell 'design_1_i/axi_vdma_1/U0'
Parsing XDC File [/run/media/pjs/6A43-DC8A/smollm2-zybo/hw/vivado_project/GPTalk.gen/sources_1/bd/design_1/ip/design_1_axi_dynclk_0_0/src/axi_dynclk.xdc] for cell 'design_1_i/axi_dynclk_0/U0'
Finished Parsing XDC File [/run/media/pjs/6A43-DC8A/smollm2-zybo/hw/vivado_project/GPTalk.gen/sources_1/bd/design_1/ip/design_1_axi_dynclk_0_0/src/axi_dynclk.xdc] for cell 'design_1_i/axi_dynclk_0/U0'
Parsing XDC File [/run/media/pjs/6A43-DC8A/smollm2-zybo/hw/vivado_project/GPTalk.gen/sources_1/bd/design_1/ip/design_1_axi_gemv_hp1_smc_0/smartconnect.xdc] for cell 'design_1_i/axi_gemv_hp1_smc/inst'
Finished Parsing XDC File [/run/media/pjs/6A43-DC8A/smollm2-zybo/hw/vivado_project/GPTalk.gen/sources_1/bd/design_1/ip/design_1_axi_gemv_hp1_smc_0/smartconnect.xdc] for cell 'design_1_i/axi_gemv_hp1_smc/inst'
Parsing XDC File [/run/media/pjs/6A43-DC8A/smollm2-zybo/hw/vivado_project/GPTalk.gen/sources_1/bd/design_1/ip/design_1_axi_gemv_hp1_smc_0/bd_0/ip/ip_1/bd_836e_psr_aclk_0.xdc] for cell 'design_1_i/axi_gemv_hp1_smc/inst/clk_map/psr_aclk/U0'
Finished Parsing XDC File [/run/media/pjs/6A43-DC8A/smollm2-zybo/hw/vivado_project/GPTalk.gen/sources_1/bd/design_1/ip/design_1_axi_gemv_hp1_smc_0/bd_0/ip/ip_1/bd_836e_psr_aclk_0.xdc] for cell 'design_1_i/axi_gemv_hp1_smc/inst/clk_map/psr_aclk/U0'
Parsing XDC File [/run/media/pjs/6A43-DC8A/smollm2-zybo/hw/vivado_project/GPTalk.gen/sources_1/bd/design_1/ip/design_1_axi_gemv_hp1_smc_0/bd_0/ip/ip_1/bd_836e_psr_aclk_0_board.xdc] for cell 'design_1_i/axi_gemv_hp1_smc/inst/clk_map/psr_aclk/U0'
Finished Parsing XDC File [/run/media/pjs/6A43-DC8A/smollm2-zybo/hw/vivado_project/GPTalk.gen/sources_1/bd/design_1/ip/design_1_axi_gemv_hp1_smc_0/bd_0/ip/ip_1/bd_836e_psr_aclk_0_board.xdc] for cell 'design_1_i/axi_gemv_hp1_smc/inst/clk_map/psr_aclk/U0'
Parsing XDC File [/run/media/pjs/6A43-DC8A/smollm2-zybo/hw/vivado_project/GPTalk.gen/sources_1/bd/design_1/ip/design_1_axi_video_hp0_smc_0/smartconnect.xdc] for cell 'design_1_i/axi_video_hp0_smc/inst'
Finished Parsing XDC File [/run/media/pjs/6A43-DC8A/smollm2-zybo/hw/vivado_project/GPTalk.gen/sources_1/bd/design_1/ip/design_1_axi_video_hp0_smc_0/smartconnect.xdc] for cell 'design_1_i/axi_video_hp0_smc/inst'
Parsing XDC File [/run/media/pjs/6A43-DC8A/smollm2-zybo/hw/vivado_project/GPTalk.gen/sources_1/bd/design_1/ip/design_1_axi_video_hp0_smc_0/bd_0/ip/ip_1/bd_aff9_psr_aclk_0.xdc] for cell 'design_1_i/axi_video_hp0_smc/inst/clk_map/psr_aclk/U0'
Finished Parsing XDC File [/run/media/pjs/6A43-DC8A/smollm2-zybo/hw/vivado_project/GPTalk.gen/sources_1/bd/design_1/ip/design_1_axi_video_hp0_smc_0/bd_0/ip/ip_1/bd_aff9_psr_aclk_0.xdc] for cell 'design_1_i/axi_video_hp0_smc/inst/clk_map/psr_aclk/U0'
Parsing XDC File [/run/media/pjs/6A43-DC8A/smollm2-zybo/hw/vivado_project/GPTalk.gen/sources_1/bd/design_1/ip/design_1_processing_system7_0_0/design_1_processing_system7_0_0.xdc] for cell 'design_1_i/processing_system7_0/inst'
Finished Parsing XDC File [/run/media/pjs/6A43-DC8A/smollm2-zybo/hw/vivado_project/GPTalk.gen/sources_1/bd/design_1/ip/design_1_processing_system7_0_0/design_1_processing_system7_0_0.xdc] for cell 'design_1_i/processing_system7_0/inst'
Parsing XDC File [/run/media/pjs/6A43-DC8A/smollm2-zybo/hw/vivado_project/GPTalk.gen/sources_1/bd/design_1/ip/design_1_axi_ctrl_smc_0/smartconnect.xdc] for cell 'design_1_i/axi_ctrl_smc/inst'
Finished Parsing XDC File [/run/media/pjs/6A43-DC8A/smollm2-zybo/hw/vivado_project/GPTalk.gen/sources_1/bd/design_1/ip/design_1_axi_ctrl_smc_0/smartconnect.xdc] for cell 'design_1_i/axi_ctrl_smc/inst'
Parsing XDC File [/run/media/pjs/6A43-DC8A/smollm2-zybo/hw/vivado_project/GPTalk.gen/sources_1/bd/design_1/ip/design_1_axi_ctrl_smc_0/bd_0/ip/ip_1/bd_01d9_psr_aclk_0.xdc] for cell 'design_1_i/axi_ctrl_smc/inst/clk_map/psr_aclk/U0'
Finished Parsing XDC File [/run/media/pjs/6A43-DC8A/smollm2-zybo/hw/vivado_project/GPTalk.gen/sources_1/bd/design_1/ip/design_1_axi_ctrl_smc_0/bd_0/ip/ip_1/bd_01d9_psr_aclk_0.xdc] for cell 'design_1_i/axi_ctrl_smc/inst/clk_map/psr_aclk/U0'
Parsing XDC File [/run/media/pjs/6A43-DC8A/smollm2-zybo/hw/vivado_project/GPTalk.gen/sources_1/bd/design_1/ip/design_1_axi_ctrl_smc_0/bd_0/ip/ip_1/bd_01d9_psr_aclk_0_board.xdc] for cell 'design_1_i/axi_ctrl_smc/inst/clk_map/psr_aclk/U0'
Finished Parsing XDC File [/run/media/pjs/6A43-DC8A/smollm2-zybo/hw/vivado_project/GPTalk.gen/sources_1/bd/design_1/ip/design_1_axi_ctrl_smc_0/bd_0/ip/ip_1/bd_01d9_psr_aclk_0_board.xdc] for cell 'design_1_i/axi_ctrl_smc/inst/clk_map/psr_aclk/U0'
Parsing XDC File [/run/media/pjs/6A43-DC8A/smollm2-zybo/hw/vivado_project/GPTalk.gen/sources_1/bd/design_1/ip/design_1_rst_ps7_0_gemv_0/design_1_rst_ps7_0_gemv_0.xdc] for cell 'design_1_i/rst_ps7_0_gemv/U0'
Finished Parsing XDC File [/run/media/pjs/6A43-DC8A/smollm2-zybo/hw/vivado_project/GPTalk.gen/sources_1/bd/design_1/ip/design_1_rst_ps7_0_gemv_0/design_1_rst_ps7_0_gemv_0.xdc] for cell 'design_1_i/rst_ps7_0_gemv/U0'
Parsing XDC File [/run/media/pjs/6A43-DC8A/smollm2-zybo/hw/vivado_project/GPTalk.gen/sources_1/bd/design_1/ip/design_1_rst_ps7_0_gemv_0/design_1_rst_ps7_0_gemv_0_board.xdc] for cell 'design_1_i/rst_ps7_0_gemv/U0'
Finished Parsing XDC File [/run/media/pjs/6A43-DC8A/smollm2-zybo/hw/vivado_project/GPTalk.gen/sources_1/bd/design_1/ip/design_1_rst_ps7_0_gemv_0/design_1_rst_ps7_0_gemv_0_board.xdc] for cell 'design_1_i/rst_ps7_0_gemv/U0'
Parsing XDC File [/run/media/pjs/6A43-DC8A/smollm2-zybo/hw/vivado_project/GPTalk.gen/sources_1/bd/design_1/ip/design_1_rst_ps7_0_133M_0/design_1_rst_ps7_0_133M_0.xdc] for cell 'design_1_i/rst_ps7_0_133M/U0'
Finished Parsing XDC File [/run/media/pjs/6A43-DC8A/smollm2-zybo/hw/vivado_project/GPTalk.gen/sources_1/bd/design_1/ip/design_1_rst_ps7_0_133M_0/design_1_rst_ps7_0_133M_0.xdc] for cell 'design_1_i/rst_ps7_0_133M/U0'
Parsing XDC File [/run/media/pjs/6A43-DC8A/smollm2-zybo/hw/vivado_project/GPTalk.gen/sources_1/bd/design_1/ip/design_1_rst_ps7_0_133M_0/design_1_rst_ps7_0_133M_0_board.xdc] for cell 'design_1_i/rst_ps7_0_133M/U0'
Finished Parsing XDC File [/run/media/pjs/6A43-DC8A/smollm2-zybo/hw/vivado_project/GPTalk.gen/sources_1/bd/design_1/ip/design_1_rst_ps7_0_133M_0/design_1_rst_ps7_0_133M_0_board.xdc] for cell 'design_1_i/rst_ps7_0_133M/U0'
Parsing XDC File [/run/media/pjs/6A43-DC8A/smollm2-zybo/hw/vivado_project/GPTalk.gen/sources_1/bd/design_1/ip/design_1_rst_ps7_0_100M_0/design_1_rst_ps7_0_100M_0.xdc] for cell 'design_1_i/rst_ps7_0_100M/U0'
Finished Parsing XDC File [/run/media/pjs/6A43-DC8A/smollm2-zybo/hw/vivado_project/GPTalk.gen/sources_1/bd/design_1/ip/design_1_rst_ps7_0_100M_0/design_1_rst_ps7_0_100M_0.xdc] for cell 'design_1_i/rst_ps7_0_100M/U0'
Parsing XDC File [/run/media/pjs/6A43-DC8A/smollm2-zybo/hw/vivado_project/GPTalk.gen/sources_1/bd/design_1/ip/design_1_rst_ps7_0_100M_0/design_1_rst_ps7_0_100M_0_board.xdc] for cell 'design_1_i/rst_ps7_0_100M/U0'
Finished Parsing XDC File [/run/media/pjs/6A43-DC8A/smollm2-zybo/hw/vivado_project/GPTalk.gen/sources_1/bd/design_1/ip/design_1_rst_ps7_0_100M_0/design_1_rst_ps7_0_100M_0_board.xdc] for cell 'design_1_i/rst_ps7_0_100M/U0'
Parsing XDC File [/run/media/pjs/6A43-DC8A/smollm2-zybo/hw/vivado_project/GPTalk.srcs/constrs_1/imports/Downloads/Zybo-Z7-Master.xdc]
Finished Parsing XDC File [/run/media/pjs/6A43-DC8A/smollm2-zybo/hw/vivado_project/GPTalk.srcs/constrs_1/imports/Downloads/Zybo-Z7-Master.xdc]
Parsing XDC File [/run/media/pjs/6A43-DC8A/smollm2-zybo/hw/vivado_project/GPTalk.srcs/constrs_1/new/GPTalk_hdmi_tx.xdc]
Finished Parsing XDC File [/run/media/pjs/6A43-DC8A/smollm2-zybo/hw/vivado_project/GPTalk.srcs/constrs_1/new/GPTalk_hdmi_tx.xdc]
Parsing XDC File [/run/media/pjs/6A43-DC8A/smollm2-zybo/hw/vivado_project/GPTalk.gen/sources_1/bd/design_1/ip/design_1_axi_gemv_ctrl_clkconv_0/design_1_axi_gemv_ctrl_clkconv_0_clocks.xdc] for cell 'design_1_i/axi_gemv_ctrl_clkconv/inst'
WARNING: [Vivado_Tcl 4-921] Waiver ID 'CDC-10' -to list should not be empty. [/run/media/pjs/6A43-DC8A/smollm2-zybo/hw/vivado_project/GPTalk.gen/sources_1/bd/design_1/ip/design_1_axi_gemv_ctrl_clkconv_0/design_1_axi_gemv_ctrl_clkconv_0_clocks.xdc:7]
WARNING: [Vivado_Tcl 4-921] Waiver ID 'CDC-11' -to list should not be empty. [/run/media/pjs/6A43-DC8A/smollm2-zybo/hw/vivado_project/GPTalk.gen/sources_1/bd/design_1/ip/design_1_axi_gemv_ctrl_clkconv_0/design_1_axi_gemv_ctrl_clkconv_0_clocks.xdc:10]
WARNING: [Vivado_Tcl 4-921] Waiver ID 'CDC-15' -to list should not be empty. [/run/media/pjs/6A43-DC8A/smollm2-zybo/hw/vivado_project/GPTalk.gen/sources_1/bd/design_1/ip/design_1_axi_gemv_ctrl_clkconv_0/design_1_axi_gemv_ctrl_clkconv_0_clocks.xdc:13]
WARNING: [Vivado_Tcl 4-939] Waiver ID 'LUTAR-1' object list should not be empty (perhaps an invalid wildcard was used or only unsupported objects). [/run/media/pjs/6A43-DC8A/smollm2-zybo/hw/vivado_project/GPTalk.gen/sources_1/bd/design_1/ip/design_1_axi_gemv_ctrl_clkconv_0/design_1_axi_gemv_ctrl_clkconv_0_clocks.xdc:17]
WARNING: [Vivado_Tcl 4-921] Waiver ID 'CDC-1' -to list should not be empty. [/run/media/pjs/6A43-DC8A/smollm2-zybo/hw/vivado_project/GPTalk.gen/sources_1/bd/design_1/ip/design_1_axi_gemv_ctrl_clkconv_0/design_1_axi_gemv_ctrl_clkconv_0_clocks.xdc:22]
WARNING: [Vivado_Tcl 4-921] Waiver ID 'CDC-1' -to list should not be empty. [/run/media/pjs/6A43-DC8A/smollm2-zybo/hw/vivado_project/GPTalk.gen/sources_1/bd/design_1/ip/design_1_axi_gemv_ctrl_clkconv_0/design_1_axi_gemv_ctrl_clkconv_0_clocks.xdc:26]
WARNING: [Vivado_Tcl 4-921] Waiver ID 'CDC-1' -to list should not be empty. [/run/media/pjs/6A43-DC8A/smollm2-zybo/hw/vivado_project/GPTalk.gen/sources_1/bd/design_1/ip/design_1_axi_gemv_ctrl_clkconv_0/design_1_axi_gemv_ctrl_clkconv_0_clocks.xdc:29]
WARNING: [Vivado_Tcl 4-921] Waiver ID 'CDC-1' -to list should not be empty. [/run/media/pjs/6A43-DC8A/smollm2-zybo/hw/vivado_project/GPTalk.gen/sources_1/bd/design_1/ip/design_1_axi_gemv_ctrl_clkconv_0/design_1_axi_gemv_ctrl_clkconv_0_clocks.xdc:32]
WARNING: [Vivado_Tcl 4-921] Waiver ID 'CDC-10' -to list should not be empty. [/run/media/pjs/6A43-DC8A/smollm2-zybo/hw/vivado_project/GPTalk.gen/sources_1/bd/design_1/ip/design_1_axi_gemv_ctrl_clkconv_0/design_1_axi_gemv_ctrl_clkconv_0_clocks.xdc:36]
WARNING: [Vivado_Tcl 4-921] Waiver ID 'CDC-1' -to list should not be empty. [/run/media/pjs/6A43-DC8A/smollm2-zybo/hw/vivado_project/GPTalk.gen/sources_1/bd/design_1/ip/design_1_axi_gemv_ctrl_clkconv_0/design_1_axi_gemv_ctrl_clkconv_0_clocks.xdc:39]
WARNING: [Vivado_Tcl 4-921] Waiver ID 'CDC-1' -to list should not be empty. [/run/media/pjs/6A43-DC8A/smollm2-zybo/hw/vivado_project/GPTalk.gen/sources_1/bd/design_1/ip/design_1_axi_gemv_ctrl_clkconv_0/design_1_axi_gemv_ctrl_clkconv_0_clocks.xdc:43]
WARNING: [Vivado_Tcl 4-921] Waiver ID 'CDC-1' -to list should not be empty. [/run/media/pjs/6A43-DC8A/smollm2-zybo/hw/vivado_project/GPTalk.gen/sources_1/bd/design_1/ip/design_1_axi_gemv_ctrl_clkconv_0/design_1_axi_gemv_ctrl_clkconv_0_clocks.xdc:47]
WARNING: [Vivado_Tcl 4-921] Waiver ID 'CDC-1' -to list should not be empty. [/run/media/pjs/6A43-DC8A/smollm2-zybo/hw/vivado_project/GPTalk.gen/sources_1/bd/design_1/ip/design_1_axi_gemv_ctrl_clkconv_0/design_1_axi_gemv_ctrl_clkconv_0_clocks.xdc:50]
WARNING: [Vivado_Tcl 4-921] Waiver ID 'CDC-1' -to list should not be empty. [/run/media/pjs/6A43-DC8A/smollm2-zybo/hw/vivado_project/GPTalk.gen/sources_1/bd/design_1/ip/design_1_axi_gemv_ctrl_clkconv_0/design_1_axi_gemv_ctrl_clkconv_0_clocks.xdc:53]
WARNING: [Vivado_Tcl 4-921] Waiver ID 'CDC-2' -to list should not be empty. [/run/media/pjs/6A43-DC8A/smollm2-zybo/hw/vivado_project/GPTalk.gen/sources_1/bd/design_1/ip/design_1_axi_gemv_ctrl_clkconv_0/design_1_axi_gemv_ctrl_clkconv_0_clocks.xdc:57]
Finished Parsing XDC File [/run/media/pjs/6A43-DC8A/smollm2-zybo/hw/vivado_project/GPTalk.gen/sources_1/bd/design_1/ip/design_1_axi_gemv_ctrl_clkconv_0/design_1_axi_gemv_ctrl_clkconv_0_clocks.xdc] for cell 'design_1_i/axi_gemv_ctrl_clkconv/inst'
Parsing XDC File [/run/media/pjs/6A43-DC8A/smollm2-zybo/hw/vivado_project/GPTalk.gen/sources_1/bd/design_1/ip/design_1_axi_bram_ctrl_clkconv_0/design_1_axi_bram_ctrl_clkconv_0_clocks.xdc] for cell 'design_1_i/axi_bram_ctrl_clkconv/inst'
INFO: [Timing 38-35] Done setting XDC timing constraints. [/run/media/pjs/6A43-DC8A/smollm2-zybo/hw/vivado_project/GPTalk.gen/sources_1/bd/design_1/ip/design_1_axi_bram_ctrl_clkconv_0/design_1_axi_bram_ctrl_clkconv_0_clocks.xdc:16]
INFO: [Timing 38-2] Deriving generated clocks [/run/media/pjs/6A43-DC8A/smollm2-zybo/hw/vivado_project/GPTalk.gen/sources_1/bd/design_1/ip/design_1_axi_bram_ctrl_clkconv_0/design_1_axi_bram_ctrl_clkconv_0_clocks.xdc:16]
WARNING: [Vivado_Tcl 4-2057] Waiver ID 'LUTAR-1' object list specifies likely unusable hierarchical instance 'design_1_i/axi_bram_ctrl_clkconv/inst/gen_clock_conv.gen_async_conv.asyncfifo_axi'. [/run/media/pjs/6A43-DC8A/smollm2-zybo/hw/vivado_project/GPTalk.gen/sources_1/bd/design_1/ip/design_1_axi_bram_ctrl_clkconv_0/design_1_axi_bram_ctrl_clkconv_0_clocks.xdc:30]
WARNING: [Vivado_Tcl 4-921] Waiver ID 'CDC-1' -to list should not be empty. [/run/media/pjs/6A43-DC8A/smollm2-zybo/hw/vivado_project/GPTalk.gen/sources_1/bd/design_1/ip/design_1_axi_bram_ctrl_clkconv_0/design_1_axi_bram_ctrl_clkconv_0_clocks.xdc:35]
WARNING: [Vivado_Tcl 4-921] Waiver ID 'CDC-1' -to list should not be empty. [/run/media/pjs/6A43-DC8A/smollm2-zybo/hw/vivado_project/GPTalk.gen/sources_1/bd/design_1/ip/design_1_axi_bram_ctrl_clkconv_0/design_1_axi_bram_ctrl_clkconv_0_clocks.xdc:39]
WARNING: [Vivado_Tcl 4-921] Waiver ID 'CDC-1' -to list should not be empty. [/run/media/pjs/6A43-DC8A/smollm2-zybo/hw/vivado_project/GPTalk.gen/sources_1/bd/design_1/ip/design_1_axi_bram_ctrl_clkconv_0/design_1_axi_bram_ctrl_clkconv_0_clocks.xdc:42]
WARNING: [Vivado_Tcl 4-921] Waiver ID 'CDC-1' -to list should not be empty. [/run/media/pjs/6A43-DC8A/smollm2-zybo/hw/vivado_project/GPTalk.gen/sources_1/bd/design_1/ip/design_1_axi_bram_ctrl_clkconv_0/design_1_axi_bram_ctrl_clkconv_0_clocks.xdc:45]
WARNING: [Vivado_Tcl 4-921] Waiver ID 'CDC-10' -to list should not be empty. [/run/media/pjs/6A43-DC8A/smollm2-zybo/hw/vivado_project/GPTalk.gen/sources_1/bd/design_1/ip/design_1_axi_bram_ctrl_clkconv_0/design_1_axi_bram_ctrl_clkconv_0_clocks.xdc:49]
WARNING: [Vivado_Tcl 4-921] Waiver ID 'CDC-1' -to list should not be empty. [/run/media/pjs/6A43-DC8A/smollm2-zybo/hw/vivado_project/GPTalk.gen/sources_1/bd/design_1/ip/design_1_axi_bram_ctrl_clkconv_0/design_1_axi_bram_ctrl_clkconv_0_clocks.xdc:52]
WARNING: [Vivado_Tcl 4-921] Waiver ID 'CDC-1' -to list should not be empty. [/run/media/pjs/6A43-DC8A/smollm2-zybo/hw/vivado_project/GPTalk.gen/sources_1/bd/design_1/ip/design_1_axi_bram_ctrl_clkconv_0/design_1_axi_bram_ctrl_clkconv_0_clocks.xdc:56]
WARNING: [Vivado_Tcl 4-921] Waiver ID 'CDC-1' -to list should not be empty. [/run/media/pjs/6A43-DC8A/smollm2-zybo/hw/vivado_project/GPTalk.gen/sources_1/bd/design_1/ip/design_1_axi_bram_ctrl_clkconv_0/design_1_axi_bram_ctrl_clkconv_0_clocks.xdc:60]
WARNING: [Vivado_Tcl 4-921] Waiver ID 'CDC-1' -to list should not be empty. [/run/media/pjs/6A43-DC8A/smollm2-zybo/hw/vivado_project/GPTalk.gen/sources_1/bd/design_1/ip/design_1_axi_bram_ctrl_clkconv_0/design_1_axi_bram_ctrl_clkconv_0_clocks.xdc:63]
WARNING: [Vivado_Tcl 4-921] Waiver ID 'CDC-1' -to list should not be empty. [/run/media/pjs/6A43-DC8A/smollm2-zybo/hw/vivado_project/GPTalk.gen/sources_1/bd/design_1/ip/design_1_axi_bram_ctrl_clkconv_0/design_1_axi_bram_ctrl_clkconv_0_clocks.xdc:66]
WARNING: [Vivado_Tcl 4-921] Waiver ID 'CDC-2' -to list should not be empty. [/run/media/pjs/6A43-DC8A/smollm2-zybo/hw/vivado_project/GPTalk.gen/sources_1/bd/design_1/ip/design_1_axi_bram_ctrl_clkconv_0/design_1_axi_bram_ctrl_clkconv_0_clocks.xdc:70]
Finished Parsing XDC File [/run/media/pjs/6A43-DC8A/smollm2-zybo/hw/vivado_project/GPTalk.gen/sources_1/bd/design_1/ip/design_1_axi_bram_ctrl_clkconv_0/design_1_axi_bram_ctrl_clkconv_0_clocks.xdc] for cell 'design_1_i/axi_bram_ctrl_clkconv/inst'
Parsing XDC File [/run/media/pjs/6A43-DC8A/smollm2-zybo/hw/vivado_project/GPTalk.gen/sources_1/bd/design_1/ip/design_1_axi_dma_ctrl_clkconv_0/design_1_axi_dma_ctrl_clkconv_0_clocks.xdc] for cell 'design_1_i/axi_dma_ctrl_clkconv/inst'
WARNING: [Vivado_Tcl 4-921] Waiver ID 'CDC-10' -to list should not be empty. [/run/media/pjs/6A43-DC8A/smollm2-zybo/hw/vivado_project/GPTalk.gen/sources_1/bd/design_1/ip/design_1_axi_dma_ctrl_clkconv_0/design_1_axi_dma_ctrl_clkconv_0_clocks.xdc:7]
WARNING: [Vivado_Tcl 4-921] Waiver ID 'CDC-11' -to list should not be empty. [/run/media/pjs/6A43-DC8A/smollm2-zybo/hw/vivado_project/GPTalk.gen/sources_1/bd/design_1/ip/design_1_axi_dma_ctrl_clkconv_0/design_1_axi_dma_ctrl_clkconv_0_clocks.xdc:10]
WARNING: [Vivado_Tcl 4-921] Waiver ID 'CDC-15' -to list should not be empty. [/run/media/pjs/6A43-DC8A/smollm2-zybo/hw/vivado_project/GPTalk.gen/sources_1/bd/design_1/ip/design_1_axi_dma_ctrl_clkconv_0/design_1_axi_dma_ctrl_clkconv_0_clocks.xdc:13]
WARNING: [Vivado_Tcl 4-939] Waiver ID 'LUTAR-1' object list should not be empty (perhaps an invalid wildcard was used or only unsupported objects). [/run/media/pjs/6A43-DC8A/smollm2-zybo/hw/vivado_project/GPTalk.gen/sources_1/bd/design_1/ip/design_1_axi_dma_ctrl_clkconv_0/design_1_axi_dma_ctrl_clkconv_0_clocks.xdc:17]
WARNING: [Vivado_Tcl 4-921] Waiver ID 'CDC-1' -to list should not be empty. [/run/media/pjs/6A43-DC8A/smollm2-zybo/hw/vivado_project/GPTalk.gen/sources_1/bd/design_1/ip/design_1_axi_dma_ctrl_clkconv_0/design_1_axi_dma_ctrl_clkconv_0_clocks.xdc:22]
WARNING: [Vivado_Tcl 4-921] Waiver ID 'CDC-1' -to list should not be empty. [/run/media/pjs/6A43-DC8A/smollm2-zybo/hw/vivado_project/GPTalk.gen/sources_1/bd/design_1/ip/design_1_axi_dma_ctrl_clkconv_0/design_1_axi_dma_ctrl_clkconv_0_clocks.xdc:26]
WARNING: [Vivado_Tcl 4-921] Waiver ID 'CDC-1' -to list should not be empty. [/run/media/pjs/6A43-DC8A/smollm2-zybo/hw/vivado_project/GPTalk.gen/sources_1/bd/design_1/ip/design_1_axi_dma_ctrl_clkconv_0/design_1_axi_dma_ctrl_clkconv_0_clocks.xdc:29]
WARNING: [Vivado_Tcl 4-921] Waiver ID 'CDC-1' -to list should not be empty. [/run/media/pjs/6A43-DC8A/smollm2-zybo/hw/vivado_project/GPTalk.gen/sources_1/bd/design_1/ip/design_1_axi_dma_ctrl_clkconv_0/design_1_axi_dma_ctrl_clkconv_0_clocks.xdc:32]
WARNING: [Vivado_Tcl 4-921] Waiver ID 'CDC-10' -to list should not be empty. [/run/media/pjs/6A43-DC8A/smollm2-zybo/hw/vivado_project/GPTalk.gen/sources_1/bd/design_1/ip/design_1_axi_dma_ctrl_clkconv_0/design_1_axi_dma_ctrl_clkconv_0_clocks.xdc:36]
WARNING: [Vivado_Tcl 4-921] Waiver ID 'CDC-1' -to list should not be empty. [/run/media/pjs/6A43-DC8A/smollm2-zybo/hw/vivado_project/GPTalk.gen/sources_1/bd/design_1/ip/design_1_axi_dma_ctrl_clkconv_0/design_1_axi_dma_ctrl_clkconv_0_clocks.xdc:39]
WARNING: [Vivado_Tcl 4-921] Waiver ID 'CDC-1' -to list should not be empty. [/run/media/pjs/6A43-DC8A/smollm2-zybo/hw/vivado_project/GPTalk.gen/sources_1/bd/design_1/ip/design_1_axi_dma_ctrl_clkconv_0/design_1_axi_dma_ctrl_clkconv_0_clocks.xdc:43]
WARNING: [Vivado_Tcl 4-921] Waiver ID 'CDC-1' -to list should not be empty. [/run/media/pjs/6A43-DC8A/smollm2-zybo/hw/vivado_project/GPTalk.gen/sources_1/bd/design_1/ip/design_1_axi_dma_ctrl_clkconv_0/design_1_axi_dma_ctrl_clkconv_0_clocks.xdc:47]
WARNING: [Vivado_Tcl 4-921] Waiver ID 'CDC-1' -to list should not be empty. [/run/media/pjs/6A43-DC8A/smollm2-zybo/hw/vivado_project/GPTalk.gen/sources_1/bd/design_1/ip/design_1_axi_dma_ctrl_clkconv_0/design_1_axi_dma_ctrl_clkconv_0_clocks.xdc:50]
WARNING: [Vivado_Tcl 4-921] Waiver ID 'CDC-1' -to list should not be empty. [/run/media/pjs/6A43-DC8A/smollm2-zybo/hw/vivado_project/GPTalk.gen/sources_1/bd/design_1/ip/design_1_axi_dma_ctrl_clkconv_0/design_1_axi_dma_ctrl_clkconv_0_clocks.xdc:53]
WARNING: [Vivado_Tcl 4-921] Waiver ID 'CDC-2' -to list should not be empty. [/run/media/pjs/6A43-DC8A/smollm2-zybo/hw/vivado_project/GPTalk.gen/sources_1/bd/design_1/ip/design_1_axi_dma_ctrl_clkconv_0/design_1_axi_dma_ctrl_clkconv_0_clocks.xdc:57]
Finished Parsing XDC File [/run/media/pjs/6A43-DC8A/smollm2-zybo/hw/vivado_project/GPTalk.gen/sources_1/bd/design_1/ip/design_1_axi_dma_ctrl_clkconv_0/design_1_axi_dma_ctrl_clkconv_0_clocks.xdc] for cell 'design_1_i/axi_dma_ctrl_clkconv/inst'
Parsing XDC File [/run/media/pjs/6A43-DC8A/smollm2-zybo/hw/vivado_project/GPTalk.gen/sources_1/bd/design_1/ip/design_1_v_tc_out_0/design_1_v_tc_out_0_clocks.xdc] for cell 'design_1_i/v_tc_out/U0'
Finished Parsing XDC File [/run/media/pjs/6A43-DC8A/smollm2-zybo/hw/vivado_project/GPTalk.gen/sources_1/bd/design_1/ip/design_1_v_tc_out_0/design_1_v_tc_out_0_clocks.xdc] for cell 'design_1_i/v_tc_out/U0'
Parsing XDC File [/run/media/pjs/6A43-DC8A/smollm2-zybo/hw/vivado_project/GPTalk.gen/sources_1/bd/design_1/ip/design_1_axi_vdma_1_0/design_1_axi_vdma_1_0_clocks.xdc] for cell 'design_1_i/axi_vdma_1/U0'
Finished Parsing XDC File [/run/media/pjs/6A43-DC8A/smollm2-zybo/hw/vivado_project/GPTalk.gen/sources_1/bd/design_1/ip/design_1_axi_vdma_1_0/design_1_axi_vdma_1_0_clocks.xdc] for cell 'design_1_i/axi_vdma_1/U0'
Parsing XDC File [/run/media/pjs/6A43-DC8A/smollm2-zybo/hw/vivado_project/GPTalk.gen/sources_1/bd/design_1/ip/design_1_v_axi4s_vid_out_0_0/design_1_v_axi4s_vid_out_0_0_clocks.xdc] for cell 'design_1_i/v_axi4s_vid_out_0/inst'
Finished Parsing XDC File [/run/media/pjs/6A43-DC8A/smollm2-zybo/hw/vivado_project/GPTalk.gen/sources_1/bd/design_1/ip/design_1_v_axi4s_vid_out_0_0/design_1_v_axi4s_vid_out_0_0_clocks.xdc] for cell 'design_1_i/v_axi4s_vid_out_0/inst'
Parsing XDC File [/run/media/pjs/6A43-DC8A/smollm2-zybo/hw/vivado_project/GPTalk.gen/sources_1/bd/design_1/ip/design_1_rgb2dvi_1_0/src/rgb2dvi_clocks.xdc] for cell 'design_1_i/rgb2dvi_1/U0'
Finished Parsing XDC File [/run/media/pjs/6A43-DC8A/smollm2-zybo/hw/vivado_project/GPTalk.gen/sources_1/bd/design_1/ip/design_1_rgb2dvi_1_0/src/rgb2dvi_clocks.xdc] for cell 'design_1_i/rgb2dvi_1/U0'
Parsing XDC File [/run/media/pjs/6A43-DC8A/smollm2-zybo/hw/vivado_project/GPTalk.gen/sources_1/bd/design_1/ip/design_1_axi_dma_0_0/design_1_axi_dma_0_0_clocks.xdc] for cell 'design_1_i/axi_dma_0/U0'
Finished Parsing XDC File [/run/media/pjs/6A43-DC8A/smollm2-zybo/hw/vivado_project/GPTalk.gen/sources_1/bd/design_1/ip/design_1_axi_dma_0_0/design_1_axi_dma_0_0_clocks.xdc] for cell 'design_1_i/axi_dma_0/U0'
INFO: [Project 1-1714] 250 XPM XDC files have been applied to the design.
INFO: [Opt 31-138] Pushed 0 inverter(s) to 0 load pin(s).
Generating merged BMM file for the design top 'design_1_wrapper'...
INFO: [Project 1-1687] 52 scoped IP constraints or related sub-commands were skipped due to synthesis logic optimizations usually triggered by constant connectivity or unconnected output pins. To review the skipped constraints and messages, run the command 'set_param netlist.IPMsgFiltering false' before opening the design.
Netlist sorting complete. Time (s): cpu = 00:00:00 ; elapsed = 00:00:00 . Memory (MB): peak = 2649.477 ; gain = 0.000 ; free physical = 49907 ; free virtual = 65255
INFO: [Project 1-111] Unisim Transformation Summary:
  A total of 400 instances were transformed.
  IOBUF => IOBUF (IBUF, OBUFT): 2 instances
  RAM16X1D => RAM32X1D (RAMD32(x2)): 1 instance 
  RAM32M => RAM32M (RAMD32(x6), RAMS32(x2)): 382 instances
  RAM32X1D => RAM32X1D (RAMD32(x2)): 15 instances

37 Infos, 77 Warnings, 0 Critical Warnings and 0 Errors encountered.
link_design completed successfully
link_design: Time (s): cpu = 00:00:16 ; elapsed = 00:00:13 . Memory (MB): peak = 2649.477 ; gain = 1199.309 ; free physical = 49901 ; free virtual = 65255
Command: opt_design -directive Explore
INFO: [Vivado_Tcl 4-136] Directive used for opt_design is: Explore
Attempting to get a license for feature 'Implementation' and/or device 'xc7z020'
INFO: [Common 17-349] Got license for feature 'Implementation' and/or device 'xc7z020'
Running DRC as a precondition to command opt_design

Starting DRC Task
INFO: [DRC 23-27] Running DRC with 8 threads
INFO: [Project 1-461] DRC finished with 0 Errors
INFO: [Project 1-462] Please refer to the DRC report (report_drc) for more information.

Time (s): cpu = 00:00:02 ; elapsed = 00:00:00.49 . Memory (MB): peak = 2649.477 ; gain = 0.000 ; free physical = 49912 ; free virtual = 65266

Starting Logic Optimization Task

Phase 1 Initialization

Phase 1.1 Core Generation And Design Setup
Phase 1.1 Core Generation And Design Setup | Checksum: 237f7f29e

Time (s): cpu = 00:00:00.04 ; elapsed = 00:00:00.04 . Memory (MB): peak = 2866.375 ; gain = 0.000 ; free physical = 49646 ; free virtual = 64992

Phase 1.2 Setup Constraints And Sort Netlist
Phase 1.2 Setup Constraints And Sort Netlist | Checksum: 237f7f29e

Time (s): cpu = 00:00:00.05 ; elapsed = 00:00:00.05 . Memory (MB): peak = 2866.375 ; gain = 0.000 ; free physical = 49638 ; free virtual = 64992
Phase 1 Initialization | Checksum: 237f7f29e

Time (s): cpu = 00:00:00.06 ; elapsed = 00:00:00.06 . Memory (MB): peak = 2866.375 ; gain = 0.000 ; free physical = 49638 ; free virtual = 64992

Phase 2 Timer Update And Timing Data Collection

Phase 2.1 Timer Update
INFO: [Timing 38-35] Done setting XDC timing constraints.
Phase 2.1 Timer Update | Checksum: 237f7f29e

Time (s): cpu = 00:00:04 ; elapsed = 00:00:01 . Memory (MB): peak = 2947.188 ; gain = 80.812 ; free physical = 49626 ; free virtual = 64977

Phase 2.2 Timing Data Collection
Phase 2.2 Timing Data Collection | Checksum: 237f7f29e

Time (s): cpu = 00:00:04 ; elapsed = 00:00:01 . Memory (MB): peak = 2947.188 ; gain = 80.812 ; free physical = 49605 ; free virtual = 64957
Phase 2 Timer Update And Timing Data Collection | Checksum: 237f7f29e

Time (s): cpu = 00:00:04 ; elapsed = 00:00:01 . Memory (MB): peak = 2947.188 ; gain = 80.812 ; free physical = 49605 ; free virtual = 64957

Phase 3 Retarget
INFO: [Opt 31-1851] Number of loadless carry chains removed were: 0
INFO: [Opt 31-1834] Total Chains To Be Transformed Were: 0 AND Number of Transformed insts Created are: 0
INFO: [Opt 31-1566] Pulled 34 inverters resulting in an inversion of 168 pins
INFO: [Opt 31-138] Pushed 75 inverter(s) to 422 load pin(s).
INFO: [Opt 31-49] Retargeted 0 cell(s).
Phase 3 Retarget | Checksum: 2231b5186

Time (s): cpu = 00:00:05 ; elapsed = 00:00:02 . Memory (MB): peak = 2947.188 ; gain = 80.812 ; free physical = 49601 ; free virtual = 64953
Retarget | Checksum: 2231b5186
INFO: [Opt 31-389] Phase Retarget created 287 cells and removed 699 cells
INFO: [Opt 31-1021] In phase Retarget, 255 netlist objects are constrained preventing optimization. Please run opt_design with -debug_log to get more detail. 

Phase 4 Constant propagation
INFO: [Opt 31-138] Pushed 1 inverter(s) to 2 load pin(s).
Phase 4 Constant propagation | Checksum: 27a9030b3

Time (s): cpu = 00:00:05 ; elapsed = 00:00:02 . Memory (MB): peak = 2947.188 ; gain = 80.812 ; free physical = 49605 ; free virtual = 64957
Constant propagation | Checksum: 27a9030b3
INFO: [Opt 31-389] Phase Constant propagation created 171 cells and removed 934 cells
INFO: [Opt 31-1021] In phase Constant propagation, 606 netlist objects are constrained preventing optimization. Please run opt_design with -debug_log to get more detail. 

Phase 5 Sweep
INFO: [Constraints 18-11670] Building netlist checker database with flags, 0x8
Done building netlist checker database: Time (s): cpu = 00:00:00.01 ; elapsed = 00:00:00 . Memory (MB): peak = 2947.188 ; gain = 0.000 ; free physical = 49621 ; free virtual = 64973
INFO: [Constraints 18-11670] Building netlist checker database with flags, 0x8
Done building netlist checker database: Time (s): cpu = 00:00:00 ; elapsed = 00:00:00.01 . Memory (MB): peak = 2947.188 ; gain = 0.000 ; free physical = 49620 ; free virtual = 64972
Phase 5 Sweep | Checksum: 22edc1c06

Time (s): cpu = 00:00:06 ; elapsed = 00:00:03 . Memory (MB): peak = 2947.188 ; gain = 80.812 ; free physical = 49621 ; free virtual = 64973
Sweep | Checksum: 22edc1c06
INFO: [Opt 31-389] Phase Sweep created 0 cells and removed 2463 cells
INFO: [Opt 31-1021] In phase Sweep, 420 netlist objects are constrained preventing optimization. Please run opt_design with -debug_log to get more detail. 

Phase 6 BUFG optimization
Phase 6 BUFG optimization | Checksum: 22edc1c06

Time (s): cpu = 00:00:07 ; elapsed = 00:00:03 . Memory (MB): peak = 2979.203 ; gain = 112.828 ; free physical = 49620 ; free virtual = 64972
BUFG optimization | Checksum: 22edc1c06
INFO: [Opt 31-662] Phase BUFG optimization created 0 cells of which 0 are BUFGs and removed 0 cells.

Phase 7 Shift Register Optimization
INFO: [Opt 31-1064] SRL Remap converted 0 SRLs to 0 registers and converted 0 registers of register chains to 0 SRLs
Phase 7 Shift Register Optimization | Checksum: 22edc1c06

Time (s): cpu = 00:00:07 ; elapsed = 00:00:03 . Memory (MB): peak = 2979.203 ; gain = 112.828 ; free physical = 49620 ; free virtual = 64972
Shift Register Optimization | Checksum: 22edc1c06
INFO: [Opt 31-389] Phase Shift Register Optimization created 0 cells and removed 0 cells
INFO: [Opt 31-1555] control_set_opt supports Versal devices only, and device 7z020 is unsupported

Phase 8 Post Processing Netlist
INFO: [Opt 31-1566] Pulled 1 inverters resulting in an inversion of 1 pins
Phase 8 Post Processing Netlist | Checksum: 1cd0f17b3

Time (s): cpu = 00:00:07 ; elapsed = 00:00:04 . Memory (MB): peak = 2979.203 ; gain = 112.828 ; free physical = 49622 ; free virtual = 64974
Post Processing Netlist | Checksum: 1cd0f17b3
INFO: [Opt 31-389] Phase Post Processing Netlist created 0 cells and removed 1 cells
INFO: [Opt 31-1021] In phase Post Processing Netlist, 233 netlist objects are constrained preventing optimization. Please run opt_design with -debug_log to get more detail. 

Phase 9 Finalization

Phase 9.1 Finalizing Design Cores and Updating Shapes
Phase 9.1 Finalizing Design Cores and Updating Shapes | Checksum: 19f391e4f

Time (s): cpu = 00:00:07 ; elapsed = 00:00:04 . Memory (MB): peak = 2979.203 ; gain = 112.828 ; free physical = 49621 ; free virtual = 64973

Phase 9.2 Verifying Netlist Connectivity

Starting Connectivity Check Task

Time (s): cpu = 00:00:00.04 ; elapsed = 00:00:00.04 . Memory (MB): peak = 2979.203 ; gain = 0.000 ; free physical = 49621 ; free virtual = 64973
Phase 9.2 Verifying Netlist Connectivity | Checksum: 19f391e4f

Time (s): cpu = 00:00:07 ; elapsed = 00:00:04 . Memory (MB): peak = 2979.203 ; gain = 112.828 ; free physical = 49621 ; free virtual = 64973
Phase 9 Finalization | Checksum: 19f391e4f

Time (s): cpu = 00:00:07 ; elapsed = 00:00:04 . Memory (MB): peak = 2979.203 ; gain = 112.828 ; free physical = 49621 ; free virtual = 64973
Opt_design Change Summary
=========================


-------------------------------------------------------------------------------------------------------------------------
|  Phase                        |  #Cells created  |  #Cells Removed  |  #Constrained objects preventing optimizations  |
-------------------------------------------------------------------------------------------------------------------------
|  Retarget                     |             287  |             699  |                                            255  |
|  Constant propagation         |             171  |             934  |                                            606  |
|  Sweep                        |               0  |            2463  |                                            420  |
|  BUFG optimization            |               0  |               0  |                                              0  |
|  Shift Register Optimization  |               0  |               0  |                                              0  |
|  Post Processing Netlist      |               0  |               1  |                                            233  |
-------------------------------------------------------------------------------------------------------------------------


Ending Logic Optimization Task | Checksum: 19f391e4f

Time (s): cpu = 00:00:07 ; elapsed = 00:00:04 . Memory (MB): peak = 2979.203 ; gain = 112.828 ; free physical = 49621 ; free virtual = 64973

Starting Netlist Obfuscation Task
Netlist sorting complete. Time (s): cpu = 00:00:00 ; elapsed = 00:00:00 . Memory (MB): peak = 2979.203 ; gain = 0.000 ; free physical = 49622 ; free virtual = 64974
Ending Netlist Obfuscation Task | Checksum: 19f391e4f

Time (s): cpu = 00:00:00 ; elapsed = 00:00:00 . Memory (MB): peak = 2979.203 ; gain = 0.000 ; free physical = 49622 ; free virtual = 64974
INFO: [Common 17-83] Releasing license: Implementation
65 Infos, 77 Warnings, 0 Critical Warnings and 0 Errors encountered.
opt_design completed successfully
opt_design: Time (s): cpu = 00:00:11 ; elapsed = 00:00:06 . Memory (MB): peak = 2979.203 ; gain = 329.727 ; free physical = 49622 ; free virtual = 64974
INFO: [Vivado 12-24828] Executing command : report_drc -file design_1_wrapper_drc_opted.rpt -pb design_1_wrapper_drc_opted.pb -rpx design_1_wrapper_drc_opted.rpx
Command: report_drc -file design_1_wrapper_drc_opted.rpt -pb design_1_wrapper_drc_opted.pb -rpx design_1_wrapper_drc_opted.rpx
INFO: [IP_Flow 19-1839] IP Catalog is up to date.
INFO: [DRC 23-27] Running DRC with 8 threads
INFO: [Vivado_Tcl 2-168] The results of DRC are in file /run/media/pjs/6A43-DC8A/smollm2-zybo/hw/vivado_project/GPTalk.runs/impl_1/design_1_wrapper_drc_opted.rpt.
report_drc completed successfully
INFO: [Timing 38-35] Done setting XDC timing constraints.
INFO: [Timing 38-480] Writing timing data to binary archive.
Wrote PlaceDB: Time (s): cpu = 00:00:00.04 ; elapsed = 00:00:00.01 . Memory (MB): peak = 3004.016 ; gain = 0.000 ; free physical = 49583 ; free virtual = 64937
Wrote PulsedLatchDB: Time (s): cpu = 00:00:00 ; elapsed = 00:00:00 . Memory (MB): peak = 3004.016 ; gain = 0.000 ; free physical = 49583 ; free virtual = 64936
Writing XDEF routing.
Writing XDEF routing logical nets.
Write ShapeDB Complete: Time (s): cpu = 00:00:00.2 ; elapsed = 00:00:00.04 . Memory (MB): peak = 3030.102 ; gain = 26.086 ; free physical = 49541 ; free virtual = 64898
Writing XDEF routing special nets.
Wrote RouteStorage: Time (s): cpu = 00:00:00.25 ; elapsed = 00:00:00.06 . Memory (MB): peak = 3037.773 ; gain = 33.758 ; free physical = 49526 ; free virtual = 64885
Wrote Netlist Cache: Time (s): cpu = 00:00:00 ; elapsed = 00:00:00 . Memory (MB): peak = 3037.773 ; gain = 0.000 ; free physical = 49536 ; free virtual = 64887
Wrote Device Cache: Time (s): cpu = 00:00:00.02 ; elapsed = 00:00:00 . Memory (MB): peak = 3037.773 ; gain = 0.000 ; free physical = 49527 ; free virtual = 64887
Write Physdb Complete: Time (s): cpu = 00:00:00.32 ; elapsed = 00:00:00.08 . Memory (MB): peak = 3037.773 ; gain = 33.758 ; free physical = 49527 ; free virtual = 64888
INFO: [Common 17-1381] The checkpoint '/run/media/pjs/6A43-DC8A/smollm2-zybo/hw/vivado_project/GPTalk.runs/impl_1/design_1_wrapper_opt.dcp' has been generated.
Command: place_design -directive ExtraNetDelay_high
Attempting to get a license for feature 'Implementation' and/or device 'xc7z020'
INFO: [Common 17-349] Got license for feature 'Implementation' and/or device 'xc7z020'
INFO: [Common 17-83] Releasing license: Implementation
INFO: [DRC 23-27] Running DRC with 8 threads
INFO: [Vivado_Tcl 4-198] DRC finished with 0 Errors
INFO: [Vivado_Tcl 4-199] Please refer to the DRC report (report_drc) for more information.
INFO: [Vivado_Tcl 4-2302] The placer was invoked with the 'ExtraNetDelay_high' directive.
Running DRC as a precondition to command place_design
INFO: [DRC 23-27] Running DRC with 8 threads
INFO: [Vivado_Tcl 4-198] DRC finished with 0 Errors
INFO: [Vivado_Tcl 4-199] Please refer to the DRC report (report_drc) for more information.
INFO: [Place 30-611] Multithreading enabled for place_design using a maximum of 8 CPUs

Starting Placer Task

Phase 1 Placer Initialization

Phase 1.1 Placer Initialization Netlist Sorting
Netlist sorting complete. Time (s): cpu = 00:00:00 ; elapsed = 00:00:00.01 . Memory (MB): peak = 3115.117 ; gain = 0.000 ; free physical = 49439 ; free virtual = 64805
Phase 1.1 Placer Initialization Netlist Sorting | Checksum: 105c283f3

Time (s): cpu = 00:00:00.01 ; elapsed = 00:00:00.01 . Memory (MB): peak = 3115.117 ; gain = 0.000 ; free physical = 49439 ; free virtual = 64805
Netlist sorting complete. Time (s): cpu = 00:00:00.01 ; elapsed = 00:00:00.01 . Memory (MB): peak = 3115.117 ; gain = 0.000 ; free physical = 49430 ; free virtual = 64805

Phase 1.2 IO Placement/ Clock Placement/ Build Placer Device
Phase 1.2 IO Placement/ Clock Placement/ Build Placer Device | Checksum: 16dc760a1

Time (s): cpu = 00:00:03 ; elapsed = 00:00:01 . Memory (MB): peak = 3115.117 ; gain = 0.000 ; free physical = 49462 ; free virtual = 64828

Phase 1.3 Build Placer Netlist Model
Phase 1.3 Build Placer Netlist Model | Checksum: 1e23f41cf

Time (s): cpu = 00:00:13 ; elapsed = 00:00:05 . Memory (MB): peak = 3188.660 ; gain = 73.543 ; free physical = 49324 ; free virtual = 64689

Phase 1.4 Constrain Clocks/Macros
Phase 1.4 Constrain Clocks/Macros | Checksum: 1e23f41cf

Time (s): cpu = 00:00:13 ; elapsed = 00:00:05 . Memory (MB): peak = 3188.660 ; gain = 73.543 ; free physical = 49328 ; free virtual = 64693
Phase 1 Placer Initialization | Checksum: 1e23f41cf

Time (s): cpu = 00:00:13 ; elapsed = 00:00:05 . Memory (MB): peak = 3188.660 ; gain = 73.543 ; free physical = 49327 ; free virtual = 64692

Phase 2 Global Placement

Phase 2.1 Floorplanning
Phase 2.1 Floorplanning | Checksum: 179c620aa

Time (s): cpu = 00:00:17 ; elapsed = 00:00:06 . Memory (MB): peak = 3260.629 ; gain = 145.512 ; free physical = 49314 ; free virtual = 64680

Phase 2.2 Update Timing before SLR Path Opt
Phase 2.2 Update Timing before SLR Path Opt | Checksum: 1c4e9081c

Time (s): cpu = 00:00:20 ; elapsed = 00:00:07 . Memory (MB): peak = 3260.629 ; gain = 145.512 ; free physical = 49332 ; free virtual = 64697

Phase 2.3 Post-Processing in Floorplanning
Phase 2.3 Post-Processing in Floorplanning | Checksum: 1c4e9081c

Time (s): cpu = 00:00:20 ; elapsed = 00:00:07 . Memory (MB): peak = 3260.629 ; gain = 145.512 ; free physical = 49332 ; free virtual = 64698

Phase 2.4 Global Place Phase1
Phase 2.4 Global Place Phase1 | Checksum: 11c728f03

Time (s): cpu = 00:00:57 ; elapsed = 00:00:19 . Memory (MB): peak = 3276.637 ; gain = 161.520 ; free physical = 49337 ; free virtual = 64703

Phase 2.5 Global Place Phase2

Phase 2.5.1 UpdateTiming Before Physical Synthesis
Phase 2.5.1 UpdateTiming Before Physical Synthesis | Checksum: 11a2082a5

Time (s): cpu = 00:01:01 ; elapsed = 00:00:20 . Memory (MB): peak = 3276.637 ; gain = 161.520 ; free physical = 49338 ; free virtual = 64703

Phase 2.5.2 Physical Synthesis In Placer
INFO: [Physopt 32-1035] Found 5 LUTNM shape to break, 1720 LUT instances to create LUTNM shape
INFO: [Physopt 32-1044] Break lutnm for timing: one critical 4, two critical 1, total 5, new lutff created 0
INFO: [Physopt 32-1138] End 1 Pass. Optimized 676 nets or LUTs. Breaked 5 LUTs, combined 671 existing LUTs and moved 0 existing LUT
INFO: [Physopt 32-65] No nets found for high-fanout optimization.
INFO: [Physopt 32-232] Optimized 0 net. Created 0 new instance.
INFO: [Physopt 32-775] End 1 Pass. Optimized 0 net or cell. Created 0 new cell, deleted 0 existing cell and moved 0 existing cell
INFO: [Physopt 32-457] Pass 1. Identified 36 candidate cells for DSP register optimization.
INFO: [Physopt 32-665] Processed cell design_1_i/gemv_q8_0_dma_top_0/inst/core/scaled_product_reg[9]__0. 47 registers were pushed out.
INFO: [Physopt 32-665] Processed cell design_1_i/gemv_q8_0_dma_top_0/inst/core/scaled_product_reg[1]__0. 47 registers were pushed out.
INFO: [Physopt 32-665] Processed cell design_1_i/gemv_q8_0_dma_top_0/inst/core/scaled_product_reg[15]. 30 registers were pushed out.
INFO: [Physopt 32-665] Processed cell design_1_i/gemv_q8_0_dma_top_0/inst/core/mul_i32_i32_to_i64_return__1__0. 15 registers were pushed out.
INFO: [Physopt 32-665] Processed cell design_1_i/gemv_q8_0_dma_top_0/inst/core/scaled_product_reg[1]. 30 registers were pushed out.
INFO: [Physopt 32-665] Processed cell design_1_i/gemv_q8_0_dma_top_0/inst/core/scaled_product_reg[3]. 30 registers were pushed out.
INFO: [Physopt 32-665] Processed cell design_1_i/gemv_q8_0_dma_top_0/inst/core/scaled_product_reg[12]. 16 registers were pushed out.
INFO: [Physopt 32-665] Processed cell design_1_i/gemv_q8_0_dma_top_0/inst/core/scaled_product_reg[15]. 15 registers were pushed out.
INFO: [Physopt 32-665] Processed cell design_1_i/gemv_q8_0_dma_top_0/inst/core/scaled_product_reg[4]__0. 47 registers were pushed out.
INFO: [Physopt 32-665] Processed cell design_1_i/gemv_q8_0_dma_top_0/inst/core/scaled_product_reg[6]. 15 registers were pushed out.
INFO: [Physopt 32-665] Processed cell design_1_i/gemv_q8_0_dma_top_0/inst/core/mul_i32_i32_to_i64_return__11. 15 registers were pushed out.
INFO: [Physopt 32-665] Processed cell design_1_i/gemv_q8_0_dma_top_0/inst/core/scaled_product_reg[0]__0. 47 registers were pushed out.
INFO: [Physopt 32-665] Processed cell design_1_i/gemv_q8_0_dma_top_0/inst/core/mul_i32_i32_to_i64_return__5__0. 15 registers were pushed out.
INFO: [Physopt 32-665] Processed cell design_1_i/gemv_q8_0_dma_top_0/inst/core/scaled_product_reg[10]__0. 47 registers were pushed out.
INFO: [Physopt 32-665] Processed cell design_1_i/gemv_q8_0_dma_top_0/inst/core/scaled_product_reg[12]__0. 47 registers were pushed out.
INFO: [Physopt 32-665] Processed cell design_1_i/gemv_q8_0_dma_top_0/inst/core/mul_i32_i32_to_i64_return__13. 15 registers were pushed out.
INFO: [Physopt 32-665] Processed cell design_1_i/gemv_q8_0_dma_top_0/inst/core/mul_i32_i32_to_i64_return__18. 15 registers were pushed out.
INFO: [Physopt 32-665] Processed cell design_1_i/gemv_q8_0_dma_top_0/inst/core/scaled_product_reg[14]. 30 registers were pushed out.
INFO: [Physopt 32-665] Processed cell design_1_i/gemv_q8_0_dma_top_0/inst/core/scaled_product_reg[11]. 30 registers were pushed out.
INFO: [Physopt 32-665] Processed cell design_1_i/gemv_q8_0_dma_top_0/inst/core/mul_i32_i32_to_i64_return__1__1. 15 registers were pushed out.
INFO: [Physopt 32-665] Processed cell design_1_i/gemv_q8_0_dma_top_0/inst/core/scaled_product_reg[8]__0. 47 registers were pushed out.
INFO: [Physopt 32-665] Processed cell design_1_i/gemv_q8_0_dma_top_0/inst/core/mul_i32_i32_to_i64_return__7__0. 15 registers were pushed out.
INFO: [Physopt 32-665] Processed cell design_1_i/gemv_q8_0_dma_top_0/inst/core/scaled_product_reg[4]. 16 registers were pushed out.
INFO: [Physopt 32-665] Processed cell design_1_i/gemv_q8_0_dma_top_0/inst/core/mul_i32_i32_to_i64_return__14. 17 registers were pushed out.
INFO: [Physopt 32-665] Processed cell design_1_i/gemv_q8_0_dma_top_0/inst/core/mul_i32_i32_to_i64_return__15. 15 registers were pushed out.
INFO: [Physopt 32-665] Processed cell design_1_i/gemv_q8_0_dma_top_0/inst/core/scaled_product_reg[14]. 15 registers were pushed out.
INFO: [Physopt 32-665] Processed cell design_1_i/gemv_q8_0_dma_top_0/inst/core/scaled_product_reg[8]. 16 registers were pushed out.
INFO: [Physopt 32-665] Processed cell design_1_i/gemv_q8_0_dma_top_0/inst/core/mul_i32_i32_to_i64_return__12. 17 registers were pushed out.
INFO: [Physopt 32-665] Processed cell design_1_i/gemv_q8_0_dma_top_0/inst/core/scaled_product_reg[6]__0. 17 registers were pushed out.
INFO: [Physopt 32-665] Processed cell design_1_i/gemv_q8_0_dma_top_0/inst/core/scaled_product_reg[12]__0. 17 registers were pushed out.
INFO: [Physopt 32-665] Processed cell design_1_i/gemv_q8_0_dma_top_0/inst/core/mul_i32_i32_to_i64_return__2__0. 17 registers were pushed out.
INFO: [Physopt 32-665] Processed cell design_1_i/gemv_q8_0_dma_top_0/inst/core/scaled_product_reg[0]. 16 registers were pushed out.
INFO: [Physopt 32-665] Processed cell design_1_i/gemv_q8_0_dma_top_0/inst/core/mul_i32_i32_to_i64_return__7. 15 registers were pushed out.
INFO: [Physopt 32-665] Processed cell design_1_i/gemv_q8_0_dma_top_0/inst/core/scaled_product_reg[13]__0. 47 registers were pushed out.
INFO: [Physopt 32-665] Processed cell design_1_i/gemv_q8_0_dma_top_0/inst/core/scaled_product_reg[7]. 15 registers were pushed out.
INFO: [Physopt 32-665] Processed cell design_1_i/gemv_q8_0_dma_top_0/inst/core/scaled_product_reg[7]__0. 47 registers were pushed out.
INFO: [Physopt 32-775] End 2 Pass. Optimized 36 nets or cells. Created 917 new cells, deleted 0 existing cell and moved 0 existing cell
Netlist sorting complete. Time (s): cpu = 00:00:00.06 ; elapsed = 00:00:00.05 . Memory (MB): peak = 3276.637 ; gain = 0.000 ; free physical = 49338 ; free virtual = 64703
INFO: [Physopt 32-1123] No candidate cells found for Shift Register to Pipeline optimization
INFO: [Physopt 32-775] End 2 Pass. Optimized 0 net or cell. Created 0 new cell, deleted 0 existing cell and moved 0 existing cell
INFO: [Physopt 32-1401] No candidate cells found for Shift Register optimization.
INFO: [Physopt 32-677] No candidate cells for Shift Register optimization found in the design
INFO: [Physopt 32-775] End 1 Pass. Optimized 0 net or cell. Created 0 new cell, deleted 0 existing cell and moved 0 existing cell
INFO: [Physopt 32-526] No candidate cells for BRAM register optimization found in the design
INFO: [Physopt 32-775] End 1 Pass. Optimized 0 net or cell. Created 0 new cell, deleted 0 existing cell and moved 0 existing cell
INFO: [Physopt 32-846] No candidate cells for URAM register optimization found in the design
INFO: [Physopt 32-775] End 1 Pass. Optimized 0 net or cell. Created 0 new cell, deleted 0 existing cell and moved 0 existing cell
INFO: [Physopt 32-846] No candidate cells for URAM register optimization found in the design
INFO: [Physopt 32-775] End 1 Pass. Optimized 0 net or cell. Created 0 new cell, deleted 0 existing cell and moved 0 existing cell
INFO: [Physopt 32-949] No candidate nets found for dynamic/static region interface net replication
INFO: [Physopt 32-775] End 1 Pass. Optimized 0 net or cell. Created 0 new cell, deleted 0 existing cell and moved 0 existing cell
Netlist sorting complete. Time (s): cpu = 00:00:00 ; elapsed = 00:00:00.01 . Memory (MB): peak = 3276.637 ; gain = 0.000 ; free physical = 49338 ; free virtual = 64704

Summary of Physical Synthesis Optimizations
============================================


-----------------------------------------------------------------------------------------------------------------------------------------------------------
|  Optimization                                     |  Added Cells  |  Removed Cells  |  Optimized Cells/Nets  |  Dont Touch  |  Iterations  |  Elapsed   |
-----------------------------------------------------------------------------------------------------------------------------------------------------------
|  LUT Combining                                    |            5  |            671  |                   676  |           0  |           1  |  00:00:00  |
|  Retime                                           |            0  |              0  |                     0  |           0  |           1  |  00:00:00  |
|  Very High Fanout                                 |            0  |              0  |                     0  |           0  |           1  |  00:00:00  |
|  DSP Register                                     |          917  |              0  |                    36  |           0  |           1  |  00:00:01  |
|  Shift Register to Pipeline                       |            0  |              0  |                     0  |           0  |           1  |  00:00:00  |
|  Shift Register                                   |            0  |              0  |                     0  |           0  |           1  |  00:00:00  |
|  BRAM Register                                    |            0  |              0  |                     0  |           0  |           1  |  00:00:00  |
|  URAM Register                                    |            0  |              0  |                     0  |           0  |           1  |  00:00:00  |
|  Dynamic/Static Region Interface Net Replication  |            0  |              0  |                     0  |           0  |           1  |  00:00:00  |
|  Total                                            |          922  |            671  |                   712  |           0  |           9  |  00:00:02  |
-----------------------------------------------------------------------------------------------------------------------------------------------------------


Phase 2.5.2 Physical Synthesis In Placer | Checksum: 9778e6d5

Time (s): cpu = 00:01:07 ; elapsed = 00:00:23 . Memory (MB): peak = 3276.637 ; gain = 161.520 ; free physical = 49347 ; free virtual = 64712
Phase 2.5 Global Place Phase2 | Checksum: ede2cba8

Time (s): cpu = 00:01:10 ; elapsed = 00:00:24 . Memory (MB): peak = 3276.637 ; gain = 161.520 ; free physical = 49343 ; free virtual = 64709
Phase 2 Global Placement | Checksum: ede2cba8

Time (s): cpu = 00:01:10 ; elapsed = 00:00:24 . Memory (MB): peak = 3276.637 ; gain = 161.520 ; free physical = 49343 ; free virtual = 64708

Phase 3 Detail Placement

Phase 3.1 Commit Multi Column Macros
Phase 3.1 Commit Multi Column Macros | Checksum: 80977a8b

Time (s): cpu = 00:01:14 ; elapsed = 00:00:25 . Memory (MB): peak = 3276.637 ; gain = 161.520 ; free physical = 49303 ; free virtual = 64671

Phase 3.2 Commit Most Macros & LUTRAMs
Phase 3.2 Commit Most Macros & LUTRAMs | Checksum: e0740408

Time (s): cpu = 00:01:21 ; elapsed = 00:00:28 . Memory (MB): peak = 3276.637 ; gain = 161.520 ; free physical = 49317 ; free virtual = 64684

Phase 3.3 Area Swap Optimization
Phase 3.3 Area Swap Optimization | Checksum: a47a775f

Time (s): cpu = 00:01:22 ; elapsed = 00:00:28 . Memory (MB): peak = 3276.637 ; gain = 161.520 ; free physical = 49324 ; free virtual = 64691

Phase 3.4 Pipeline Register Optimization
Phase 3.4 Pipeline Register Optimization | Checksum: e327a679

Time (s): cpu = 00:01:22 ; elapsed = 00:00:28 . Memory (MB): peak = 3276.637 ; gain = 161.520 ; free physical = 49324 ; free virtual = 64691

Phase 3.5 Fast Optimization
Phase 3.5 Fast Optimization | Checksum: cbbaf116

Time (s): cpu = 00:01:32 ; elapsed = 00:00:30 . Memory (MB): peak = 3276.637 ; gain = 161.520 ; free physical = 49333 ; free virtual = 64698

Phase 3.6 Small Shape Detail Placement
Phase 3.6 Small Shape Detail Placement | Checksum: 19387fae6

Time (s): cpu = 00:01:40 ; elapsed = 00:00:37 . Memory (MB): peak = 3276.637 ; gain = 161.520 ; free physical = 49283 ; free virtual = 64654

Phase 3.7 Re-assign LUT pins
Phase 3.7 Re-assign LUT pins | Checksum: 126fd687f

Time (s): cpu = 00:01:41 ; elapsed = 00:00:38 . Memory (MB): peak = 3276.637 ; gain = 161.520 ; free physical = 49312 ; free virtual = 64679

Phase 3.8 Pipeline Register Optimization
Phase 3.8 Pipeline Register Optimization | Checksum: 19203a5e2

Time (s): cpu = 00:01:41 ; elapsed = 00:00:38 . Memory (MB): peak = 3276.637 ; gain = 161.520 ; free physical = 49328 ; free virtual = 64695

Phase 3.9 Fast Optimization
Phase 3.9 Fast Optimization | Checksum: d1cae66d

Time (s): cpu = 00:01:54 ; elapsed = 00:00:41 . Memory (MB): peak = 3276.637 ; gain = 161.520 ; free physical = 49339 ; free virtual = 64706
Phase 3 Detail Placement | Checksum: d1cae66d

Time (s): cpu = 00:01:55 ; elapsed = 00:00:41 . Memory (MB): peak = 3276.637 ; gain = 161.520 ; free physical = 49339 ; free virtual = 64706

Phase 4 Post Placement Optimization and Clean-Up

Phase 4.1 Post Commit Optimization
INFO: [Place 46-20] Placer is running with the ExtraNetDelay_high directive. Post Placement Optimization may take longer to complete with ExtraNetDelay_high compared to other directives.
INFO: [Timing 38-35] Done setting XDC timing constraints.

Phase 4.1.1 Post Placement Optimization
Post Placement Optimization Initialization | Checksum: 1ba3e16d5

Phase 4.1.1.1 BUFG Insertion

Starting Physical Synthesis Task

Phase 1 Physical Synthesis Initialization
INFO: [Physopt 32-721] Multithreading enabled for phys_opt_design using a maximum of 8 CPUs
INFO: [Physopt 32-619] Estimated Timing Summary | WNS=-0.889 | TNS=-152.116 |
Phase 1 Physical Synthesis Initialization | Checksum: 143673703

Time (s): cpu = 00:00:03 ; elapsed = 00:00:00.73 . Memory (MB): peak = 3328.426 ; gain = 0.000 ; free physical = 49286 ; free virtual = 64651
INFO: [Place 46-33] Processed net design_1_i/gemv_q8_0_dma_top_0/inst/ctrl/clear_pulse_reg_0, BUFG insertion was skipped due to placement/routing conflicts.
INFO: [Place 46-33] Processed net design_1_i/gemv_q8_0_dma_top_0/inst/core/scaled_product, BUFG insertion was skipped due to placement/routing conflicts.
INFO: [Place 46-33] Processed net design_1_i/gemv_q8_0_dma_top_0/inst/core/row_acc[0][63]_i_1_n_0, BUFG insertion was skipped due to placement/routing conflicts.
INFO: [Place 46-33] Processed net design_1_i/gemv_q8_0_dma_top_0/inst/core/scaled_shifted, BUFG insertion was skipped due to placement/routing conflicts.
INFO: [Place 46-56] BUFG insertion identified 4 candidate nets. Inserted BUFG: 0, Replicated BUFG Driver: 0, Skipped due to Placement/Routing Conflicts: 4, Skipped due to Timing Degradation: 0, Skipped due to netlist editing failed: 0.
Ending Physical Synthesis Task | Checksum: 168a76473

Time (s): cpu = 00:00:04 ; elapsed = 00:00:01 . Memory (MB): peak = 3328.426 ; gain = 0.000 ; free physical = 49285 ; free virtual = 64650
Phase 4.1.1.1 BUFG Insertion | Checksum: 1ba3e16d5

Time (s): cpu = 00:02:10 ; elapsed = 00:00:46 . Memory (MB): peak = 3328.426 ; gain = 213.309 ; free physical = 49286 ; free virtual = 64651

Phase 4.1.1.2 Post Placement Timing Optimization
INFO: [Place 30-746] Post Placement Timing Summary WNS=-0.231. For the most accurate timing information please run report_timing.
Phase 4.1.1.2 Post Placement Timing Optimization | Checksum: 1bf1e2a41

Time (s): cpu = 00:04:48 ; elapsed = 00:03:11 . Memory (MB): peak = 3328.426 ; gain = 213.309 ; free physical = 49294 ; free virtual = 64660

Time (s): cpu = 00:04:48 ; elapsed = 00:03:11 . Memory (MB): peak = 3328.426 ; gain = 213.309 ; free physical = 49294 ; free virtual = 64660
Phase 4.1 Post Commit Optimization | Checksum: 1bf1e2a41

Time (s): cpu = 00:04:49 ; elapsed = 00:03:11 . Memory (MB): peak = 3328.426 ; gain = 213.309 ; free physical = 49293 ; free virtual = 64659

Phase 4.2 Post Placement Cleanup
Phase 4.2 Post Placement Cleanup | Checksum: 1bf1e2a41

Time (s): cpu = 00:04:49 ; elapsed = 00:03:11 . Memory (MB): peak = 3328.426 ; gain = 213.309 ; free physical = 49292 ; free virtual = 64658

Phase 4.3 Placer Reporting

Phase 4.3.1 Print Estimated Congestion
INFO: [Place 30-612] Post-Placement Estimated Congestion 
 ____________________________________________________
|           | Global Congestion | Short Congestion  |
| Direction | Region Size       | Region Size       |
|___________|___________________|___________________|
|      North|                1x1|                4x4|
|___________|___________________|___________________|
|      South|                4x4|                8x8|
|___________|___________________|___________________|
|       East|                4x4|                8x8|
|___________|___________________|___________________|
|       West|                2x2|                4x4|
|___________|___________________|___________________|

Phase 4.3.1 Print Estimated Congestion | Checksum: 1bf1e2a41

Time (s): cpu = 00:04:49 ; elapsed = 00:03:11 . Memory (MB): peak = 3328.426 ; gain = 213.309 ; free physical = 49293 ; free virtual = 64659
Phase 4.3 Placer Reporting | Checksum: 1bf1e2a41

Time (s): cpu = 00:04:50 ; elapsed = 00:03:11 . Memory (MB): peak = 3328.426 ; gain = 213.309 ; free physical = 49293 ; free virtual = 64659

Phase 4.4 Final Placement Cleanup
Netlist sorting complete. Time (s): cpu = 00:00:00.02 ; elapsed = 00:00:00.02 . Memory (MB): peak = 3328.426 ; gain = 0.000 ; free physical = 49293 ; free virtual = 64660

Time (s): cpu = 00:04:50 ; elapsed = 00:03:11 . Memory (MB): peak = 3328.426 ; gain = 213.309 ; free physical = 49293 ; free virtual = 64660
Phase 4 Post Placement Optimization and Clean-Up | Checksum: 2024fae82

Time (s): cpu = 00:04:50 ; elapsed = 00:03:11 . Memory (MB): peak = 3328.426 ; gain = 213.309 ; free physical = 49292 ; free virtual = 64658
Ending Placer Task | Checksum: 1b1b617f1

Time (s): cpu = 00:04:50 ; elapsed = 00:03:11 . Memory (MB): peak = 3328.426 ; gain = 213.309 ; free physical = 49293 ; free virtual = 64659
150 Infos, 77 Warnings, 0 Critical Warnings and 0 Errors encountered.
place_design completed successfully
place_design: Time (s): cpu = 00:04:54 ; elapsed = 00:03:12 . Memory (MB): peak = 3328.426 ; gain = 290.652 ; free physical = 49293 ; free virtual = 64659
INFO: [Vivado 12-24838] Running report commands "report_control_sets, report_io, report_utilization" in parallel.
Running report generation with 3 threads.
INFO: [Vivado 12-24828] Executing command : report_io -file design_1_wrapper_io_placed.rpt
report_io: Time (s): cpu = 00:00:00.21 ; elapsed = 00:00:00.1 . Memory (MB): peak = 3328.426 ; gain = 0.000 ; free physical = 49268 ; free virtual = 64634
INFO: [Vivado 12-24828] Executing command : report_control_sets -verbose -file design_1_wrapper_control_sets_placed.rpt
report_control_sets: Time (s): cpu = 00:00:00.3 ; elapsed = 00:00:00.15 . Memory (MB): peak = 3328.426 ; gain = 0.000 ; free physical = 49251 ; free virtual = 64618
INFO: [Vivado 12-24828] Executing command : report_utilization -file design_1_wrapper_utilization_placed.rpt -pb design_1_wrapper_utilization_placed.pb
INFO: [Timing 38-480] Writing timing data to binary archive.
Write ShapeDB Complete: Time (s): cpu = 00:00:00.46 ; elapsed = 00:00:00.1 . Memory (MB): peak = 3328.426 ; gain = 0.000 ; free physical = 49237 ; free virtual = 64617
Wrote PlaceDB: Time (s): cpu = 00:00:04 ; elapsed = 00:00:02 . Memory (MB): peak = 3328.426 ; gain = 0.000 ; free physical = 49165 ; free virtual = 64596
Wrote PulsedLatchDB: Time (s): cpu = 00:00:00 ; elapsed = 00:00:00 . Memory (MB): peak = 3328.426 ; gain = 0.000 ; free physical = 49165 ; free virtual = 64596
Writing XDEF routing.
Writing XDEF routing logical nets.
Writing XDEF routing special nets.
Wrote RouteStorage: Time (s): cpu = 00:00:00.04 ; elapsed = 00:00:00.05 . Memory (MB): peak = 3328.426 ; gain = 0.000 ; free physical = 49165 ; free virtual = 64597
Wrote Netlist Cache: Time (s): cpu = 00:00:00.03 ; elapsed = 00:00:00.03 . Memory (MB): peak = 3328.426 ; gain = 0.000 ; free physical = 49157 ; free virtual = 64593
Wrote Device Cache: Time (s): cpu = 00:00:00.01 ; elapsed = 00:00:00 . Memory (MB): peak = 3328.426 ; gain = 0.000 ; free physical = 49157 ; free virtual = 64594
Write Physdb Complete: Time (s): cpu = 00:00:04 ; elapsed = 00:00:02 . Memory (MB): peak = 3328.426 ; gain = 0.000 ; free physical = 49149 ; free virtual = 64592
INFO: [Common 17-1381] The checkpoint '/run/media/pjs/6A43-DC8A/smollm2-zybo/hw/vivado_project/GPTalk.runs/impl_1/design_1_wrapper_placed.dcp' has been generated.
Command: phys_opt_design -directive AggressiveExplore
Attempting to get a license for feature 'Implementation' and/or device 'xc7z020'
INFO: [Common 17-349] Got license for feature 'Implementation' and/or device 'xc7z020'
INFO: [Vivado_Tcl 4-137] Directive used for phys_opt_design is: AggressiveExplore

Starting Initial Update Timing Task

Time (s): cpu = 00:00:10 ; elapsed = 00:00:03 . Memory (MB): peak = 3328.426 ; gain = 0.000 ; free physical = 49261 ; free virtual = 64645
INFO: [Vivado_Tcl 4-1435] PhysOpt_Tcl_Interface Runtime Before Starting Physical Synthesis Task | CPU: 10.79s |  WALL: 2.64s
Netlist sorting complete. Time (s): cpu = 00:00:00 ; elapsed = 00:00:00 . Memory (MB): peak = 3328.426 ; gain = 0.000 ; free physical = 49261 ; free virtual = 64645

Starting Physical Synthesis Task

Phase 1 Physical Synthesis Initialization
INFO: [Physopt 32-721] Multithreading enabled for phys_opt_design using a maximum of 8 CPUs
INFO: [Physopt 32-619] Estimated Timing Summary | WNS=-0.231 | TNS=-0.379 |
Phase 1 Physical Synthesis Initialization | Checksum: 1871e2546

Time (s): cpu = 00:00:05 ; elapsed = 00:00:02 . Memory (MB): peak = 3330.715 ; gain = 2.289 ; free physical = 49254 ; free virtual = 64637

Phase 2 SLR Crossing Optimization
Phase 2 SLR Crossing Optimization | Checksum: 1871e2546

Time (s): cpu = 00:00:05 ; elapsed = 00:00:02 . Memory (MB): peak = 3330.715 ; gain = 2.289 ; free physical = 49254 ; free virtual = 64637
INFO: [Physopt 32-619] Estimated Timing Summary | WNS=-0.231 | TNS=-0.379 |

Phase 3 Fanout Optimization
INFO: [Physopt 32-64] No nets found for fanout-optimization.
INFO: [Physopt 32-232] Optimized 0 net. Created 0 new instance.
INFO: [Physopt 32-775] End 1 Pass. Optimized 0 net or cell. Created 0 new cell, deleted 0 existing cell and moved 0 existing cell
Phase 3 Fanout Optimization | Checksum: 1871e2546

Time (s): cpu = 00:00:06 ; elapsed = 00:00:02 . Memory (MB): peak = 3330.715 ; gain = 2.289 ; free physical = 49253 ; free virtual = 64637

Phase 4 Single Cell Placement Optimization
INFO: [Physopt 32-660] Identified 250 candidate nets for placement-based optimization.
INFO: [Physopt 32-662] Processed net design_1_i/gemv_q8_0_dma_top_0/inst/core/scaled_shifted[2][0]_i_16_n_0.  Did not re-place instance design_1_i/gemv_q8_0_dma_top_0/inst/core/scaled_shifted[2][0]_i_16
INFO: [Physopt 32-662] Processed net design_1_i/gemv_q8_0_dma_top_0/inst/core/scaled_shifted[2][0]_i_58_n_0.  Did not re-place instance design_1_i/gemv_q8_0_dma_top_0/inst/core/scaled_shifted[2][0]_i_58
INFO: [Physopt 32-663] Processed net design_1_i/gemv_q8_0_dma_top_0/inst/core/scaled_shifted[2][19]_i_6_n_0.  Re-placed instance design_1_i/gemv_q8_0_dma_top_0/inst/core/scaled_shifted[2][19]_i_6
INFO: [Physopt 32-663] Processed net design_1_i/gemv_q8_0_dma_top_0/inst/core/scaled_shifted[2][4]_i_12_n_0.  Re-placed instance design_1_i/gemv_q8_0_dma_top_0/inst/core/scaled_shifted[2][4]_i_12
INFO: [Physopt 32-662] Processed net design_1_i/gemv_q8_0_dma_top_0/inst/core/scaled_shifted[2][4]_i_13_n_0.  Did not re-place instance design_1_i/gemv_q8_0_dma_top_0/inst/core/scaled_shifted[2][4]_i_13
INFO: [Physopt 32-662] Processed net design_1_i/gemv_q8_0_dma_top_0/inst/core/scaled_shifted[2][4]_i_9_n_0.  Did not re-place instance design_1_i/gemv_q8_0_dma_top_0/inst/core/scaled_shifted[2][4]_i_9
INFO: [Physopt 32-662] Processed net design_1_i/gemv_q8_0_dma_top_0/inst/core/scaled_shifted[2][56]_i_1_n_0.  Did not re-place instance design_1_i/gemv_q8_0_dma_top_0/inst/core/scaled_shifted[2][56]_i_1
INFO: [Physopt 32-662] Processed net design_1_i/gemv_q8_0_dma_top_0/inst/core/scaled_shifted[2][56]_i_2_n_0.  Did not re-place instance design_1_i/gemv_q8_0_dma_top_0/inst/core/scaled_shifted[2][56]_i_2
INFO: [Physopt 32-662] Processed net design_1_i/gemv_q8_0_dma_top_0/inst/core/scaled_shifted_reg[2]_4[56].  Did not re-place instance design_1_i/gemv_q8_0_dma_top_0/inst/core/scaled_shifted_reg[2][56]
INFO: [Physopt 32-662] Processed net design_1_i/gemv_q8_0_dma_top_0/inst/core/scaled_shifted[2][58]_i_1_n_0.  Did not re-place instance design_1_i/gemv_q8_0_dma_top_0/inst/core/scaled_shifted[2][58]_i_1
INFO: [Physopt 32-663] Processed net design_1_i/gemv_q8_0_dma_top_0/inst/core/scaled_shifted[2][58]_i_2_n_0.  Re-placed instance design_1_i/gemv_q8_0_dma_top_0/inst/core/scaled_shifted[2][58]_i_2
INFO: [Physopt 32-662] Processed net design_1_i/gemv_q8_0_dma_top_0/inst/core/scaled_shifted_reg[2]_4[58].  Did not re-place instance design_1_i/gemv_q8_0_dma_top_0/inst/core/scaled_shifted_reg[2][58]
INFO: [Physopt 32-662] Processed net design_1_i/gemv_q8_0_dma_top_0/inst/core/scaled_shifted[2][19]_i_4_n_0.  Did not re-place instance design_1_i/gemv_q8_0_dma_top_0/inst/core/scaled_shifted[2][19]_i_4
INFO: [Physopt 32-662] Processed net design_1_i/gemv_q8_0_dma_top_0/inst/core/scaled_shifted[2][48]_i_1_n_0.  Did not re-place instance design_1_i/gemv_q8_0_dma_top_0/inst/core/scaled_shifted[2][48]_i_1
INFO: [Physopt 32-662] Processed net design_1_i/gemv_q8_0_dma_top_0/inst/core/scaled_shifted[2][48]_i_2_n_0.  Did not re-place instance design_1_i/gemv_q8_0_dma_top_0/inst/core/scaled_shifted[2][48]_i_2
INFO: [Physopt 32-662] Processed net design_1_i/gemv_q8_0_dma_top_0/inst/core/scaled_shifted_reg[2]_4[48].  Did not re-place instance design_1_i/gemv_q8_0_dma_top_0/inst/core/scaled_shifted_reg[2][48]
INFO: [Physopt 32-663] Processed net design_1_i/gemv_q8_0_dma_top_0/inst/core/scaled_shifted[2][0]_i_57_n_0.  Re-placed instance design_1_i/gemv_q8_0_dma_top_0/inst/core/scaled_shifted[2][0]_i_57
INFO: [Physopt 32-662] Processed net design_1_i/gemv_q8_0_dma_top_0/inst/core/scaled_shifted[2][0]_i_17_n_0.  Did not re-place instance design_1_i/gemv_q8_0_dma_top_0/inst/core/scaled_shifted[2][0]_i_17
INFO: [Physopt 32-662] Processed net design_1_i/gemv_q8_0_dma_top_0/inst/core/scaled_shifted[2][54]_i_1_n_0.  Did not re-place instance design_1_i/gemv_q8_0_dma_top_0/inst/core/scaled_shifted[2][54]_i_1
INFO: [Physopt 32-663] Processed net design_1_i/gemv_q8_0_dma_top_0/inst/core/scaled_shifted[2][54]_i_2_n_0.  Re-placed instance design_1_i/gemv_q8_0_dma_top_0/inst/core/scaled_shifted[2][54]_i_2
INFO: [Physopt 32-662] Processed net design_1_i/gemv_q8_0_dma_top_0/inst/core/scaled_shifted_reg[2]_4[54].  Did not re-place instance design_1_i/gemv_q8_0_dma_top_0/inst/core/scaled_shifted_reg[2][54]
INFO: [Physopt 32-662] Processed net design_1_i/gemv_q8_0_dma_top_0/inst/core/scaled_shifted[2][50]_i_1_n_0.  Did not re-place instance design_1_i/gemv_q8_0_dma_top_0/inst/core/scaled_shifted[2][50]_i_1
INFO: [Physopt 32-662] Processed net design_1_i/gemv_q8_0_dma_top_0/inst/core/scaled_shifted[2][50]_i_2_n_0.  Did not re-place instance design_1_i/gemv_q8_0_dma_top_0/inst/core/scaled_shifted[2][50]_i_2
INFO: [Physopt 32-662] Processed net design_1_i/gemv_q8_0_dma_top_0/inst/core/scaled_shifted_reg[2]_4[50].  Did not re-place instance design_1_i/gemv_q8_0_dma_top_0/inst/core/scaled_shifted_reg[2][50]
INFO: [Physopt 32-662] Processed net design_1_i/gemv_q8_0_dma_top_0/inst/core/scaled_shifted[2][0]_i_75_n_0.  Did not re-place instance design_1_i/gemv_q8_0_dma_top_0/inst/core/scaled_shifted[2][0]_i_75
INFO: [Physopt 32-663] Processed net design_1_i/gemv_q8_0_dma_top_0/inst/core/core_input_rd_data[13].  Re-placed instance design_1_i/gemv_q8_0_dma_top_0/inst/core/p_0_out_i_3
INFO: [Physopt 32-663] Processed net design_1_i/gemv_q8_0_dma_top_0/inst/core/block_acc[3][29]_i_1_n_0.  Re-placed instance design_1_i/gemv_q8_0_dma_top_0/inst/core/block_acc[3][29]_i_1
INFO: [Physopt 32-662] Processed net design_1_i/gemv_q8_0_dma_top_0/inst/core/scaled_shifted[2][0]_i_59_n_0.  Did not re-place instance design_1_i/gemv_q8_0_dma_top_0/inst/core/scaled_shifted[2][0]_i_59
INFO: [Physopt 32-662] Processed net design_1_i/gemv_q8_0_dma_top_0/inst/core/scaled_shifted[2][0]_i_63_n_0.  Did not re-place instance design_1_i/gemv_q8_0_dma_top_0/inst/core/scaled_shifted[2][0]_i_63
INFO: [Physopt 32-662] Processed net design_1_i/gemv_q8_0_dma_top_0/inst/core/scaled_shifted[2][0]_i_71_n_0.  Did not re-place instance design_1_i/gemv_q8_0_dma_top_0/inst/core/scaled_shifted[2][0]_i_71
INFO: [Physopt 32-662] Processed net design_1_i/gemv_q8_0_dma_top_0/inst/core/scaled_shifted[2][19]_i_5_n_0.  Did not re-place instance design_1_i/gemv_q8_0_dma_top_0/inst/core/scaled_shifted[2][19]_i_5
INFO: [Physopt 32-663] Processed net design_1_i/gemv_q8_0_dma_top_0/inst/core/core_input_rd_data[6].  Re-placed instance design_1_i/gemv_q8_0_dma_top_0/inst/core/p_0_out_i_10
INFO: [Physopt 32-662] Processed net design_1_i/gemv_q8_0_dma_top_0/inst/core/scaled_shifted[2][0]_i_85_n_0.  Did not re-place instance design_1_i/gemv_q8_0_dma_top_0/inst/core/scaled_shifted[2][0]_i_85
INFO: [Physopt 32-663] Processed net design_1_i/gemv_q8_0_dma_top_0/inst/core/block_acc[0][9]_i_1_n_0.  Re-placed instance design_1_i/gemv_q8_0_dma_top_0/inst/core/block_acc[0][9]_i_1
INFO: [Physopt 32-663] Processed net design_1_i/gemv_q8_0_dma_top_0/inst/core/block_acc[0][6]_i_1_n_0.  Re-placed instance design_1_i/gemv_q8_0_dma_top_0/inst/core/block_acc[0][6]_i_1
INFO: [Physopt 32-663] Processed net design_1_i/gemv_q8_0_dma_top_0/inst/core/block_acc[0][14]_i_1_n_0.  Re-placed instance design_1_i/gemv_q8_0_dma_top_0/inst/core/block_acc[0][14]_i_1
INFO: [Physopt 32-662] Processed net design_1_i/gemv_q8_0_dma_top_0/inst/core/scaled_shifted[2][23]_i_6_n_0.  Did not re-place instance design_1_i/gemv_q8_0_dma_top_0/inst/core/scaled_shifted[2][23]_i_6
INFO: [Physopt 32-662] Processed net design_1_i/gemv_q8_0_dma_top_0/inst/core/scaled_shifted[2][4]_i_5_n_0.  Did not re-place instance design_1_i/gemv_q8_0_dma_top_0/inst/core/scaled_shifted[2][0]_i_3
INFO: [Physopt 32-662] Processed net design_1_i/gemv_q8_0_dma_top_0/inst/core/scaled_shifted[2][0]_i_6_n_0.  Did not re-place instance design_1_i/gemv_q8_0_dma_top_0/inst/core/scaled_shifted[2][0]_i_6
INFO: [Physopt 32-663] Processed net design_1_i/gemv_q8_0_dma_top_0/inst/core/core_input_rd_data[12].  Re-placed instance design_1_i/gemv_q8_0_dma_top_0/inst/core/p_0_out_i_4
INFO: [Physopt 32-662] Processed net design_1_i/gemv_q8_0_dma_top_0/inst/core/scaled_shifted[2][23]_i_7_n_0.  Did not re-place instance design_1_i/gemv_q8_0_dma_top_0/inst/core/scaled_shifted[2][23]_i_7
INFO: [Physopt 32-662] Processed net design_1_i/gemv_q8_0_dma_top_0/inst/core/scaled_shifted[2][0]_i_14_n_0.  Did not re-place instance design_1_i/gemv_q8_0_dma_top_0/inst/core/scaled_shifted[2][0]_i_14
INFO: [Physopt 32-663] Processed net design_1_i/gemv_q8_0_dma_top_0/inst/core/block_acc[3][31]_i_1_n_0.  Re-placed instance design_1_i/gemv_q8_0_dma_top_0/inst/core/block_acc[3][31]_i_1
INFO: [Physopt 32-663] Processed net design_1_i/gemv_q8_0_dma_top_0/inst/core/block_acc[1][0]_i_1_n_0.  Re-placed instance design_1_i/gemv_q8_0_dma_top_0/inst/core/block_acc[1][0]_i_1
INFO: [Physopt 32-662] Processed net design_1_i/gemv_q8_0_dma_top_0/inst/core/scaled_shifted[2][55]_i_1_n_0.  Did not re-place instance design_1_i/gemv_q8_0_dma_top_0/inst/core/scaled_shifted[2][55]_i_1
INFO: [Physopt 32-662] Processed net design_1_i/gemv_q8_0_dma_top_0/inst/core/scaled_shifted[2][55]_i_3_n_0.  Did not re-place instance design_1_i/gemv_q8_0_dma_top_0/inst/core/scaled_shifted[2][55]_i_3
INFO: [Physopt 32-662] Processed net design_1_i/gemv_q8_0_dma_top_0/inst/core/scaled_shifted_reg[2]_4[55].  Did not re-place instance design_1_i/gemv_q8_0_dma_top_0/inst/core/scaled_shifted_reg[2][55]
INFO: [Physopt 32-662] Processed net design_1_i/gemv_q8_0_dma_top_0/inst/core/scaled_shifted[2][8]_i_14_n_0.  Did not re-place instance design_1_i/gemv_q8_0_dma_top_0/inst/core/scaled_shifted[2][8]_i_14
INFO: [Physopt 32-662] Processed net design_1_i/gemv_q8_0_dma_top_0/inst/core/scaled_shifted[2][52]_i_1_n_0.  Did not re-place instance design_1_i/gemv_q8_0_dma_top_0/inst/core/scaled_shifted[2][52]_i_1
INFO: [Physopt 32-662] Processed net design_1_i/gemv_q8_0_dma_top_0/inst/core/scaled_shifted[2][52]_i_2_n_0.  Did not re-place instance design_1_i/gemv_q8_0_dma_top_0/inst/core/scaled_shifted[2][52]_i_2
INFO: [Physopt 32-662] Processed net design_1_i/gemv_q8_0_dma_top_0/inst/core/scaled_shifted_reg[2]_4[52].  Did not re-place instance design_1_i/gemv_q8_0_dma_top_0/inst/core/scaled_shifted_reg[2][52]
INFO: [Physopt 32-663] Processed net design_1_i/gemv_q8_0_dma_top_0/inst/core/block_acc[0][16]_i_1_n_0.  Re-placed instance design_1_i/gemv_q8_0_dma_top_0/inst/core/block_acc[0][16]_i_1
INFO: [Physopt 32-662] Processed net design_1_i/gemv_q8_0_dma_top_0/inst/core/scaled_shifted[2][0]_i_42_n_0.  Did not re-place instance design_1_i/gemv_q8_0_dma_top_0/inst/core/scaled_shifted[2][0]_i_42
INFO: [Physopt 32-662] Processed net design_1_i/gemv_q8_0_dma_top_0/inst/core/scaled_shifted[2][0]_i_46_n_0.  Did not re-place instance design_1_i/gemv_q8_0_dma_top_0/inst/core/scaled_shifted[2][0]_i_46
INFO: [Physopt 32-662] Processed net design_1_i/gemv_q8_0_dma_top_0/inst/core/scaled_shifted[2][0]_i_62_n_0.  Did not re-place instance design_1_i/gemv_q8_0_dma_top_0/inst/core/scaled_shifted[2][0]_i_62
INFO: [Physopt 32-662] Processed net design_1_i/gemv_q8_0_dma_top_0/inst/core/scaled_shifted[2][0]_i_70_n_0.  Did not re-place instance design_1_i/gemv_q8_0_dma_top_0/inst/core/scaled_shifted[2][0]_i_70
INFO: [Physopt 32-662] Processed net design_1_i/gemv_q8_0_dma_top_0/inst/core/scaled_shifted[2][0]_i_74_n_0.  Did not re-place instance design_1_i/gemv_q8_0_dma_top_0/inst/core/scaled_shifted[2][0]_i_74
INFO: [Physopt 32-663] Processed net design_1_i/gemv_q8_0_dma_top_0/inst/core/scaled_shifted[2][0]_i_84_n_0.  Re-placed instance design_1_i/gemv_q8_0_dma_top_0/inst/core/scaled_shifted[2][0]_i_84
INFO: [Physopt 32-662] Processed net design_1_i/gemv_q8_0_dma_top_0/inst/core/scaled_shifted[2][0]_i_90_n_0.  Did not re-place instance design_1_i/gemv_q8_0_dma_top_0/inst/core/scaled_shifted[2][0]_i_90
INFO: [Physopt 32-662] Processed net design_1_i/gemv_q8_0_dma_top_0/inst/core/scaled_shifted[7][0]_i_16_n_0.  Did not re-place instance design_1_i/gemv_q8_0_dma_top_0/inst/core/scaled_shifted[7][0]_i_16
INFO: [Physopt 32-662] Processed net design_1_i/gemv_q8_0_dma_top_0/inst/core/scaled_shifted[7][0]_i_55_n_0.  Did not re-place instance design_1_i/gemv_q8_0_dma_top_0/inst/core/scaled_shifted[7][0]_i_55
INFO: [Physopt 32-662] Processed net design_1_i/gemv_q8_0_dma_top_0/inst/core/scaled_shifted[7][0]_i_83_n_0.  Did not re-place instance design_1_i/gemv_q8_0_dma_top_0/inst/core/scaled_shifted[7][0]_i_83
INFO: [Physopt 32-662] Processed net design_1_i/gemv_q8_0_dma_top_0/inst/core/scaled_shifted[7][43]_i_6_n_0.  Did not re-place instance design_1_i/gemv_q8_0_dma_top_0/inst/core/scaled_shifted[7][43]_i_6
INFO: [Physopt 32-662] Processed net design_1_i/gemv_q8_0_dma_top_0/inst/core/scaled_shifted[7][4]_i_12_n_0.  Did not re-place instance design_1_i/gemv_q8_0_dma_top_0/inst/core/scaled_shifted[7][4]_i_12
INFO: [Physopt 32-662] Processed net design_1_i/gemv_q8_0_dma_top_0/inst/core/scaled_shifted[7][4]_i_13_n_0.  Did not re-place instance design_1_i/gemv_q8_0_dma_top_0/inst/core/scaled_shifted[7][4]_i_13
INFO: [Physopt 32-662] Processed net design_1_i/gemv_q8_0_dma_top_0/inst/core/scaled_shifted[7][4]_i_9_n_0.  Did not re-place instance design_1_i/gemv_q8_0_dma_top_0/inst/core/scaled_shifted[7][4]_i_9
INFO: [Physopt 32-662] Processed net design_1_i/gemv_q8_0_dma_top_0/inst/core/scaled_shifted[7][58]_i_1_n_0.  Did not re-place instance design_1_i/gemv_q8_0_dma_top_0/inst/core/scaled_shifted[7][58]_i_1
INFO: [Physopt 32-663] Processed net design_1_i/gemv_q8_0_dma_top_0/inst/core/scaled_shifted[7][58]_i_2_n_0.  Re-placed instance design_1_i/gemv_q8_0_dma_top_0/inst/core/scaled_shifted[7][58]_i_2
INFO: [Physopt 32-662] Processed net design_1_i/gemv_q8_0_dma_top_0/inst/core/scaled_shifted_reg[7]_14[58].  Did not re-place instance design_1_i/gemv_q8_0_dma_top_0/inst/core/scaled_shifted_reg[7][58]
INFO: [Physopt 32-662] Processed net design_1_i/gemv_q8_0_dma_top_0/inst/core/scaled_shifted[2][0]_i_43_n_0.  Did not re-place instance design_1_i/gemv_q8_0_dma_top_0/inst/core/scaled_shifted[2][0]_i_43
INFO: [Physopt 32-662] Processed net design_1_i/gemv_q8_0_dma_top_0/inst/core/scaled_shifted[2][0]_i_47_n_0.  Did not re-place instance design_1_i/gemv_q8_0_dma_top_0/inst/core/scaled_shifted[2][0]_i_47
INFO: [Physopt 32-662] Processed net design_1_i/gemv_q8_0_dma_top_0/inst/core/scaled_shifted[2][0]_i_54_n_0.  Did not re-place instance design_1_i/gemv_q8_0_dma_top_0/inst/core/scaled_shifted[2][0]_i_54
INFO: [Physopt 32-662] Processed net design_1_i/gemv_q8_0_dma_top_0/inst/core/scaled_shifted[2][0]_i_82_n_0.  Did not re-place instance design_1_i/gemv_q8_0_dma_top_0/inst/core/scaled_shifted[2][0]_i_82
INFO: [Physopt 32-662] Processed net design_1_i/gemv_q8_0_dma_top_0/inst/core/scaled_shifted[2][0]_i_91_n_0.  Did not re-place instance design_1_i/gemv_q8_0_dma_top_0/inst/core/scaled_shifted[2][0]_i_91
INFO: [Physopt 32-662] Processed net design_1_i/gemv_q8_0_dma_top_0/inst/core/scaled_shifted[7][0]_i_75_n_0.  Did not re-place instance design_1_i/gemv_q8_0_dma_top_0/inst/core/scaled_shifted[7][0]_i_75
INFO: [Physopt 32-662] Processed net design_1_i/gemv_q8_0_dma_top_0/inst/core/scaled_shifted[7][39]_i_6_n_0.  Did not re-place instance design_1_i/gemv_q8_0_dma_top_0/inst/core/scaled_shifted[7][39]_i_6
INFO: [Physopt 32-662] Processed net design_1_i/gemv_q8_0_dma_top_0/inst/core/scaled_shifted[2][62]_i_1_n_0.  Did not re-place instance design_1_i/gemv_q8_0_dma_top_0/inst/core/scaled_shifted[2][62]_i_1
INFO: [Physopt 32-663] Processed net design_1_i/gemv_q8_0_dma_top_0/inst/core/scaled_shifted[2][62]_i_2_n_0.  Re-placed instance design_1_i/gemv_q8_0_dma_top_0/inst/core/scaled_shifted[2][62]_i_2
INFO: [Physopt 32-662] Processed net design_1_i/gemv_q8_0_dma_top_0/inst/core/scaled_shifted_reg[2]_4[62].  Did not re-place instance design_1_i/gemv_q8_0_dma_top_0/inst/core/scaled_shifted_reg[2][62]
INFO: [Physopt 32-663] Processed net design_1_i/gemv_q8_0_dma_top_0/inst/core/block_acc[3][27]_i_1_n_0.  Re-placed instance design_1_i/gemv_q8_0_dma_top_0/inst/core/block_acc[3][27]_i_1
INFO: [Physopt 32-662] Processed net design_1_i/gemv_q8_0_dma_top_0/inst/core/scaled_shifted[7][35]_i_4_n_0.  Did not re-place instance design_1_i/gemv_q8_0_dma_top_0/inst/core/scaled_shifted[7][35]_i_4
INFO: [Physopt 32-663] Processed net design_1_i/gemv_q8_0_dma_top_0/inst/core/block_acc[0][3]_i_1_n_0.  Re-placed instance design_1_i/gemv_q8_0_dma_top_0/inst/core/block_acc[0][3]_i_1
INFO: [Physopt 32-662] Processed net design_1_i/gemv_q8_0_dma_top_0/inst/core/scaled_shifted[2][0]_i_55_n_0.  Did not re-place instance design_1_i/gemv_q8_0_dma_top_0/inst/core/scaled_shifted[2][0]_i_55
INFO: [Physopt 32-662] Processed net design_1_i/gemv_q8_0_dma_top_0/inst/core/scaled_shifted[2][0]_i_83_n_0.  Did not re-place instance design_1_i/gemv_q8_0_dma_top_0/inst/core/scaled_shifted[2][0]_i_83
INFO: [Physopt 32-662] Processed net design_1_i/gemv_q8_0_dma_top_0/inst/core/scaled_shifted[7][35]_i_5_n_0.  Did not re-place instance design_1_i/gemv_q8_0_dma_top_0/inst/core/scaled_shifted[7][35]_i_5
INFO: [Physopt 32-662] Processed net design_1_i/gemv_q8_0_dma_top_0/inst/core/scaled_shifted[7][43]_i_7_n_0.  Did not re-place instance design_1_i/gemv_q8_0_dma_top_0/inst/core/scaled_shifted[7][43]_i_7
INFO: [Physopt 32-662] Processed net design_1_i/gemv_q8_0_dma_top_0/inst/core/scaled_shifted[2][0]_i_5_n_0.  Did not re-place instance design_1_i/gemv_q8_0_dma_top_0/inst/core/scaled_shifted[2][0]_i_5
INFO: [Physopt 32-662] Processed net design_1_i/gemv_q8_0_dma_top_0/inst/core/scaled_shifted[2][0]_i_10_n_0.  Did not re-place instance design_1_i/gemv_q8_0_dma_top_0/inst/core/scaled_shifted[2][0]_i_10
INFO: [Physopt 32-662] Processed net design_1_i/gemv_q8_0_dma_top_0/inst/core/scaled_shifted[7][39]_i_7_n_0.  Did not re-place instance design_1_i/gemv_q8_0_dma_top_0/inst/core/scaled_shifted[7][39]_i_7
INFO: [Physopt 32-663] Processed net design_1_i/gemv_q8_0_dma_top_0/inst/core/block_acc[0][1]_i_1_n_0.  Re-placed instance design_1_i/gemv_q8_0_dma_top_0/inst/core/block_acc[0][1]_i_1
INFO: [Physopt 32-663] Processed net design_1_i/gemv_q8_0_dma_top_0/inst/core/block_acc[0][8]_i_1_n_0.  Re-placed instance design_1_i/gemv_q8_0_dma_top_0/inst/core/block_acc[0][8]_i_1
INFO: [Physopt 32-662] Processed net design_1_i/gemv_q8_0_dma_top_0/inst/core/block_acc[0][4]_i_1_n_0.  Did not re-place instance design_1_i/gemv_q8_0_dma_top_0/inst/core/block_acc[0][4]_i_1
INFO: [Physopt 32-663] Processed net design_1_i/gemv_q8_0_dma_top_0/inst/core/block_acc[0][15]_i_1_n_0.  Re-placed instance design_1_i/gemv_q8_0_dma_top_0/inst/core/block_acc[0][15]_i_1
INFO: [Physopt 32-663] Processed net design_1_i/gemv_q8_0_dma_top_0/inst/core/block_acc[7][5]_i_1_n_0.  Re-placed instance design_1_i/gemv_q8_0_dma_top_0/inst/core/block_acc[7][5]_i_1
INFO: [Physopt 32-662] Processed net design_1_i/gemv_q8_0_dma_top_0/inst/core/scaled_shifted[2][8]_i_13_n_0.  Did not re-place instance design_1_i/gemv_q8_0_dma_top_0/inst/core/scaled_shifted[2][8]_i_13
INFO: [Physopt 32-662] Processed net design_1_i/gemv_q8_0_dma_top_0/inst/core/scaled_shifted[2][0]_i_40_n_0.  Did not re-place instance design_1_i/gemv_q8_0_dma_top_0/inst/core/scaled_shifted[2][0]_i_40
INFO: [Physopt 32-662] Processed net design_1_i/gemv_q8_0_dma_top_0/inst/core/scaled_shifted[2][0]_i_44_n_0.  Did not re-place instance design_1_i/gemv_q8_0_dma_top_0/inst/core/scaled_shifted[2][0]_i_44
INFO: [Physopt 32-662] Processed net design_1_i/gemv_q8_0_dma_top_0/inst/core/scaled_shifted[2][0]_i_56_n_0.  Did not re-place instance design_1_i/gemv_q8_0_dma_top_0/inst/core/scaled_shifted[2][0]_i_56
INFO: [Physopt 32-662] Processed net design_1_i/gemv_q8_0_dma_top_0/inst/core/scaled_shifted[2][0]_i_60_n_0.  Did not re-place instance design_1_i/gemv_q8_0_dma_top_0/inst/core/scaled_shifted[2][0]_i_60
INFO: [Physopt 32-662] Processed net design_1_i/gemv_q8_0_dma_top_0/inst/core/scaled_shifted[2][0]_i_68_n_0.  Did not re-place instance design_1_i/gemv_q8_0_dma_top_0/inst/core/scaled_shifted[2][0]_i_68
INFO: [Physopt 32-662] Processed net design_1_i/gemv_q8_0_dma_top_0/inst/core/scaled_shifted[2][0]_i_72_n_0.  Did not re-place instance design_1_i/gemv_q8_0_dma_top_0/inst/core/scaled_shifted[2][0]_i_72
INFO: [Physopt 32-662] Processed net design_1_i/gemv_q8_0_dma_top_0/inst/core/scaled_shifted[2][0]_i_88_n_0.  Did not re-place instance design_1_i/gemv_q8_0_dma_top_0/inst/core/scaled_shifted[2][0]_i_88
INFO: [Physopt 32-662] Processed net design_1_i/gemv_q8_0_dma_top_0/inst/core/scaled_shifted[2][4]_i_8_n_0.  Did not re-place instance design_1_i/gemv_q8_0_dma_top_0/inst/core/scaled_shifted[2][4]_i_8
INFO: [Physopt 32-662] Processed net design_1_i/gemv_q8_0_dma_top_0/inst/core/scaled_shifted[2][8]_i_8_n_0.  Did not re-place instance design_1_i/gemv_q8_0_dma_top_0/inst/core/scaled_shifted[2][8]_i_8
INFO: [Physopt 32-663] Processed net design_1_i/gemv_q8_0_dma_top_0/inst/core/block_acc[7][13]_i_1_n_0.  Re-placed instance design_1_i/gemv_q8_0_dma_top_0/inst/core/block_acc[7][13]_i_1
INFO: [Physopt 32-662] Processed net design_1_i/gemv_q8_0_dma_top_0/inst/core/scaled_shifted[2][0]_i_52_n_0.  Did not re-place instance design_1_i/gemv_q8_0_dma_top_0/inst/core/scaled_shifted[2][0]_i_52
INFO: [Physopt 32-662] Processed net design_1_i/gemv_q8_0_dma_top_0/inst/core/scaled_shifted[2][0]_i_80_n_0.  Did not re-place instance design_1_i/gemv_q8_0_dma_top_0/inst/core/scaled_shifted[2][0]_i_80
INFO: [Physopt 32-662] Processed net design_1_i/gemv_q8_0_dma_top_0/inst/core/block_acc[0][7]_i_1_n_0.  Did not re-place instance design_1_i/gemv_q8_0_dma_top_0/inst/core/block_acc[0][7]_i_1
INFO: [Physopt 32-662] Processed net design_1_i/gemv_q8_0_dma_top_0/inst/core/scaled_shifted[2][27]_i_6_n_0.  Did not re-place instance design_1_i/gemv_q8_0_dma_top_0/inst/core/scaled_shifted[2][27]_i_6
INFO: [Physopt 32-663] Processed net design_1_i/gemv_q8_0_dma_top_0/inst/core/block_acc[3][30]_i_1_n_0.  Re-placed instance design_1_i/gemv_q8_0_dma_top_0/inst/core/block_acc[3][30]_i_1
INFO: [Physopt 32-662] Processed net design_1_i/gemv_q8_0_dma_top_0/inst/core/scaled_shifted[2][27]_i_7_n_0.  Did not re-place instance design_1_i/gemv_q8_0_dma_top_0/inst/core/scaled_shifted[2][27]_i_7
INFO: [Physopt 32-663] Processed net design_1_i/gemv_q8_0_dma_top_0/inst/core/block_acc[1][3]_i_1_n_0.  Re-placed instance design_1_i/gemv_q8_0_dma_top_0/inst/core/block_acc[1][3]_i_1
INFO: [Physopt 32-663] Processed net design_1_i/gemv_q8_0_dma_top_0/inst/core/block_acc[7][9]_i_1_n_0.  Re-placed instance design_1_i/gemv_q8_0_dma_top_0/inst/core/block_acc[7][9]_i_1
INFO: [Physopt 32-663] Processed net design_1_i/gemv_q8_0_dma_top_0/inst/core/block_acc[1][6]_i_1_n_0.  Re-placed instance design_1_i/gemv_q8_0_dma_top_0/inst/core/block_acc[1][6]_i_1
INFO: [Physopt 32-663] Processed net design_1_i/gemv_q8_0_dma_top_0/inst/core/core_input_rd_data[4].  Re-placed instance design_1_i/gemv_q8_0_dma_top_0/inst/core/p_0_out_i_12
INFO: [Physopt 32-662] Processed net design_1_i/gemv_q8_0_dma_top_0/inst/core/scaled_shifted[2][47]_i_1_n_0.  Did not re-place instance design_1_i/gemv_q8_0_dma_top_0/inst/core/scaled_shifted[2][47]_i_1
INFO: [Physopt 32-663] Processed net design_1_i/gemv_q8_0_dma_top_0/inst/core/scaled_shifted[2][47]_i_3_n_0.  Re-placed instance design_1_i/gemv_q8_0_dma_top_0/inst/core/scaled_shifted[2][47]_i_3
INFO: [Physopt 32-662] Processed net design_1_i/gemv_q8_0_dma_top_0/inst/core/scaled_shifted_reg[2]_4[47].  Did not re-place instance design_1_i/gemv_q8_0_dma_top_0/inst/core/scaled_shifted_reg[2][47]
INFO: [Physopt 32-663] Processed net design_1_i/gemv_q8_0_dma_top_0/inst/core/block_acc[1][7]_i_1_n_0.  Re-placed instance design_1_i/gemv_q8_0_dma_top_0/inst/core/block_acc[1][7]_i_1
INFO: [Physopt 32-663] Processed net design_1_i/gemv_q8_0_dma_top_0/inst/core/block_acc[3][18]_i_1_n_0.  Re-placed instance design_1_i/gemv_q8_0_dma_top_0/inst/core/block_acc[3][18]_i_1
INFO: [Physopt 32-662] Processed net design_1_i/gemv_q8_0_dma_top_0/inst/core/scaled_shifted[2][57]_i_1_n_0.  Did not re-place instance design_1_i/gemv_q8_0_dma_top_0/inst/core/scaled_shifted[2][57]_i_1
INFO: [Physopt 32-662] Processed net design_1_i/gemv_q8_0_dma_top_0/inst/core/scaled_shifted[2][57]_i_2_n_0.  Did not re-place instance design_1_i/gemv_q8_0_dma_top_0/inst/core/scaled_shifted[2][57]_i_2
INFO: [Physopt 32-662] Processed net design_1_i/gemv_q8_0_dma_top_0/inst/core/scaled_shifted_reg[2]_4[57].  Did not re-place instance design_1_i/gemv_q8_0_dma_top_0/inst/core/scaled_shifted_reg[2][57]
INFO: [Physopt 32-662] Processed net design_1_i/gemv_q8_0_dma_top_0/inst/core/scale_shift_reg_reg[4]_rep__20_n_0.  Did not re-place instance design_1_i/gemv_q8_0_dma_top_0/inst/core/scale_shift_reg_reg[4]_rep__20
INFO: [Physopt 32-662] Processed net design_1_i/gemv_q8_0_dma_top_0/inst/core/scaled_shifted[1][0]_i_142_n_0.  Did not re-place instance design_1_i/gemv_q8_0_dma_top_0/inst/core/scaled_shifted[1][0]_i_142
INFO: [Physopt 32-662] Processed net design_1_i/gemv_q8_0_dma_top_0/inst/core/scaled_shifted[3][0]_i_16_n_0.  Did not re-place instance design_1_i/gemv_q8_0_dma_top_0/inst/core/scaled_shifted[3][0]_i_16
INFO: [Physopt 32-662] Processed net design_1_i/gemv_q8_0_dma_top_0/inst/core/scaled_shifted[3][0]_i_94_n_0.  Did not re-place instance design_1_i/gemv_q8_0_dma_top_0/inst/core/scaled_shifted[3][0]_i_94
INFO: [Physopt 32-662] Processed net design_1_i/gemv_q8_0_dma_top_0/inst/core/scaled_shifted[3][4]_i_12_n_0.  Did not re-place instance design_1_i/gemv_q8_0_dma_top_0/inst/core/scaled_shifted[3][4]_i_12
INFO: [Physopt 32-662] Processed net design_1_i/gemv_q8_0_dma_top_0/inst/core/scaled_shifted[3][4]_i_13_n_0.  Did not re-place instance design_1_i/gemv_q8_0_dma_top_0/inst/core/scaled_shifted[3][4]_i_13
INFO: [Physopt 32-662] Processed net design_1_i/gemv_q8_0_dma_top_0/inst/core/scaled_shifted[3][4]_i_9_n_0.  Did not re-place instance design_1_i/gemv_q8_0_dma_top_0/inst/core/scaled_shifted[3][4]_i_9
INFO: [Physopt 32-662] Processed net design_1_i/gemv_q8_0_dma_top_0/inst/core/scaled_shifted[3][62]_i_1_n_0.  Did not re-place instance design_1_i/gemv_q8_0_dma_top_0/inst/core/scaled_shifted[3][62]_i_1
INFO: [Physopt 32-662] Processed net design_1_i/gemv_q8_0_dma_top_0/inst/core/scaled_shifted[3][62]_i_2_n_0.  Did not re-place instance design_1_i/gemv_q8_0_dma_top_0/inst/core/scaled_shifted[3][62]_i_2
INFO: [Physopt 32-662] Processed net design_1_i/gemv_q8_0_dma_top_0/inst/core/scaled_shifted_reg[3]_6[62].  Did not re-place instance design_1_i/gemv_q8_0_dma_top_0/inst/core/scaled_shifted_reg[3][62]
INFO: [Physopt 32-663] Processed net design_1_i/gemv_q8_0_dma_top_0/inst/core/block_acc[7][14]_i_1_n_0.  Re-placed instance design_1_i/gemv_q8_0_dma_top_0/inst/core/block_acc[7][14]_i_1
INFO: [Physopt 32-662] Processed net design_1_i/gemv_q8_0_dma_top_0/inst/core/scaled_shifted[7][47]_i_6_n_0.  Did not re-place instance design_1_i/gemv_q8_0_dma_top_0/inst/core/scaled_shifted[7][47]_i_6
INFO: [Physopt 32-662] Processed net design_1_i/gemv_q8_0_dma_top_0/inst/core/scale_shift_reg_reg[3]_rep__17_n_0.  Did not re-place instance design_1_i/gemv_q8_0_dma_top_0/inst/core/scale_shift_reg_reg[3]_rep__17
INFO: [Physopt 32-662] Processed net design_1_i/gemv_q8_0_dma_top_0/inst/core/scaled_shifted[7][56]_i_1_n_0.  Did not re-place instance design_1_i/gemv_q8_0_dma_top_0/inst/core/scaled_shifted[7][56]_i_1
INFO: [Physopt 32-662] Processed net design_1_i/gemv_q8_0_dma_top_0/inst/core/scaled_shifted[7][56]_i_2_n_0.  Did not re-place instance design_1_i/gemv_q8_0_dma_top_0/inst/core/scaled_shifted[7][56]_i_2
INFO: [Physopt 32-662] Processed net design_1_i/gemv_q8_0_dma_top_0/inst/core/scaled_shifted_reg[7]_14[56].  Did not re-place instance design_1_i/gemv_q8_0_dma_top_0/inst/core/scaled_shifted_reg[7][56]
INFO: [Physopt 32-663] Processed net design_1_i/gemv_q8_0_dma_top_0/inst/core/scale_shift_reg_reg[5]_rep__20_n_0.  Re-placed instance design_1_i/gemv_q8_0_dma_top_0/inst/core/scale_shift_reg_reg[5]_rep__20
INFO: [Physopt 32-662] Processed net design_1_i/gemv_q8_0_dma_top_0/inst/core/block_acc[7][1]_i_1_n_0.  Did not re-place instance design_1_i/gemv_q8_0_dma_top_0/inst/core/block_acc[7][1]_i_1
INFO: [Physopt 32-662] Processed net design_1_i/gemv_q8_0_dma_top_0/inst/core/block_acc[7][2]_i_1_n_0.  Did not re-place instance design_1_i/gemv_q8_0_dma_top_0/inst/core/block_acc[7][2]_i_1
INFO: [Physopt 32-663] Processed net design_1_i/gemv_q8_0_dma_top_0/inst/core/block_acc[1][5]_i_1_n_0.  Re-placed instance design_1_i/gemv_q8_0_dma_top_0/inst/core/block_acc[1][5]_i_1
INFO: [Physopt 32-663] Processed net design_1_i/gemv_q8_0_dma_top_0/inst/core/scaled_shifted[1][0]_i_111_n_0.  Re-placed instance design_1_i/gemv_q8_0_dma_top_0/inst/core/scaled_shifted[1][0]_i_111
INFO: [Physopt 32-662] Processed net design_1_i/gemv_q8_0_dma_top_0/inst/core/scaled_shifted[6][8]_i_14_n_0.  Did not re-place instance design_1_i/gemv_q8_0_dma_top_0/inst/core/scaled_shifted[6][8]_i_14
INFO: [Physopt 32-662] Processed net design_1_i/gemv_q8_0_dma_top_0/inst/core/scaled_shifted[6][0]_i_14_n_0.  Did not re-place instance design_1_i/gemv_q8_0_dma_top_0/inst/core/scaled_shifted[6][0]_i_14
INFO: [Physopt 32-662] Processed net design_1_i/gemv_q8_0_dma_top_0/inst/core/data1__0[62].  Did not re-place instance design_1_i/gemv_q8_0_dma_top_0/inst/core/scaled_shifted[6][62]_i_2
INFO: [Physopt 32-662] Processed net design_1_i/gemv_q8_0_dma_top_0/inst/core/scaled_shifted[6][0]_i_79_n_0.  Did not re-place instance design_1_i/gemv_q8_0_dma_top_0/inst/core/scaled_shifted[6][0]_i_79
INFO: [Physopt 32-662] Processed net design_1_i/gemv_q8_0_dma_top_0/inst/core/scaled_shifted[6][4]_i_12_n_0.  Did not re-place instance design_1_i/gemv_q8_0_dma_top_0/inst/core/scaled_shifted[6][4]_i_12
INFO: [Physopt 32-662] Processed net design_1_i/gemv_q8_0_dma_top_0/inst/core/scaled_shifted[6][4]_i_9_n_0.  Did not re-place instance design_1_i/gemv_q8_0_dma_top_0/inst/core/scaled_shifted[6][4]_i_9
INFO: [Physopt 32-662] Processed net design_1_i/gemv_q8_0_dma_top_0/inst/core/scaled_shifted[6][62]_i_1_n_0.  Did not re-place instance design_1_i/gemv_q8_0_dma_top_0/inst/core/scaled_shifted[6][62]_i_1
INFO: [Physopt 32-662] Processed net design_1_i/gemv_q8_0_dma_top_0/inst/core/scaled_shifted_reg[6]_12[62].  Did not re-place instance design_1_i/gemv_q8_0_dma_top_0/inst/core/scaled_shifted_reg[6][62]
INFO: [Physopt 32-662] Processed net design_1_i/gemv_q8_0_dma_top_0/inst/core/scaled_shifted[7][39]_i_4_n_0.  Did not re-place instance design_1_i/gemv_q8_0_dma_top_0/inst/core/scaled_shifted[7][39]_i_4
INFO: [Physopt 32-662] Processed net design_1_i/gemv_q8_0_dma_top_0/inst/core/scaled_shifted[3][0]_i_10_n_0.  Did not re-place instance design_1_i/gemv_q8_0_dma_top_0/inst/core/scaled_shifted[3][0]_i_10
INFO: [Physopt 32-662] Processed net design_1_i/gemv_q8_0_dma_top_0/inst/core/scaled_shifted[3][0]_i_5_n_0.  Did not re-place instance design_1_i/gemv_q8_0_dma_top_0/inst/core/scaled_shifted[3][0]_i_5
INFO: [Physopt 32-662] Processed net design_1_i/gemv_q8_0_dma_top_0/inst/core/scaled_shifted[3][4]_i_5_n_0.  Did not re-place instance design_1_i/gemv_q8_0_dma_top_0/inst/core/scaled_shifted[3][0]_i_3
INFO: [Physopt 32-662] Processed net design_1_i/gemv_q8_0_dma_top_0/inst/core/scaled_shifted[1][0]_i_110_n_0.  Did not re-place instance design_1_i/gemv_q8_0_dma_top_0/inst/core/scaled_shifted[1][0]_i_110
INFO: [Physopt 32-663] Processed net design_1_i/gemv_q8_0_dma_top_0/inst/core/block_acc[7][3]_i_1_n_0.  Re-placed instance design_1_i/gemv_q8_0_dma_top_0/inst/core/block_acc[7][3]_i_1
INFO: [Physopt 32-662] Processed net design_1_i/gemv_q8_0_dma_top_0/inst/core/scaled_shifted[6][0]_i_78_n_0.  Did not re-place instance design_1_i/gemv_q8_0_dma_top_0/inst/core/scaled_shifted[6][0]_i_78
INFO: [Physopt 32-662] Processed net design_1_i/gemv_q8_0_dma_top_0/inst/core/scaled_product_reg[2][16]__0_n_0.  Did not re-place instance design_1_i/gemv_q8_0_dma_top_0/inst/core/scaled_product_reg[2][16]__0
INFO: [Physopt 32-662] Processed net design_1_i/gemv_q8_0_dma_top_0/inst/core/scaled_shifted[7][39]_i_5_n_0.  Did not re-place instance design_1_i/gemv_q8_0_dma_top_0/inst/core/scaled_shifted[7][39]_i_5
INFO: [Physopt 32-663] Processed net design_1_i/gemv_q8_0_dma_top_0/inst/core/block_acc[1][15]_i_1_n_0.  Re-placed instance design_1_i/gemv_q8_0_dma_top_0/inst/core/block_acc[1][15]_i_1
INFO: [Physopt 32-663] Processed net design_1_i/gemv_q8_0_dma_top_0/inst/core/block_acc[0][11]_i_1_n_0.  Re-placed instance design_1_i/gemv_q8_0_dma_top_0/inst/core/block_acc[0][11]_i_1
INFO: [Physopt 32-662] Processed net design_1_i/gemv_q8_0_dma_top_0/inst/core/scaled_shifted[7][47]_i_7_n_0.  Did not re-place instance design_1_i/gemv_q8_0_dma_top_0/inst/core/scaled_shifted[7][47]_i_7
INFO: [Physopt 32-663] Processed net design_1_i/gemv_q8_0_dma_top_0/inst/core/core_input_rd_data[9].  Re-placed instance design_1_i/gemv_q8_0_dma_top_0/inst/core/p_0_out_i_7
INFO: [Physopt 32-663] Processed net design_1_i/gemv_q8_0_dma_top_0/inst/core/block_acc[1][4]_i_1_n_0.  Re-placed instance design_1_i/gemv_q8_0_dma_top_0/inst/core/block_acc[1][4]_i_1
INFO: [Physopt 32-663] Processed net design_1_i/gemv_q8_0_dma_top_0/inst/core/block_acc[1][2]_i_1_n_0.  Re-placed instance design_1_i/gemv_q8_0_dma_top_0/inst/core/block_acc[1][2]_i_1
INFO: [Physopt 32-663] Processed net design_1_i/gemv_q8_0_dma_top_0/inst/core/block_acc[1][10]_i_1_n_0.  Re-placed instance design_1_i/gemv_q8_0_dma_top_0/inst/core/block_acc[1][10]_i_1
INFO: [Physopt 32-662] Processed net design_1_i/gemv_q8_0_dma_top_0/inst/core/block_acc[7][6]_i_1_n_0.  Did not re-place instance design_1_i/gemv_q8_0_dma_top_0/inst/core/block_acc[7][6]_i_1
INFO: [Physopt 32-663] Processed net design_1_i/gemv_q8_0_dma_top_0/inst/core/block_acc[3][17]_i_1_n_0.  Re-placed instance design_1_i/gemv_q8_0_dma_top_0/inst/core/block_acc[3][17]_i_1
INFO: [Physopt 32-662] Processed net design_1_i/gemv_q8_0_dma_top_0/inst/core/scaled_shifted[3][0]_i_78_n_0.  Did not re-place instance design_1_i/gemv_q8_0_dma_top_0/inst/core/scaled_shifted[3][0]_i_78
INFO: [Physopt 32-662] Processed net design_1_i/gemv_q8_0_dma_top_0/inst/core/scaled_shifted[7][43]_i_5_n_0.  Did not re-place instance design_1_i/gemv_q8_0_dma_top_0/inst/core/scaled_shifted[7][43]_i_5
INFO: [Physopt 32-662] Processed net design_1_i/gemv_q8_0_dma_top_0/inst/core/scaled_shifted[7][43]_i_4_n_0.  Did not re-place instance design_1_i/gemv_q8_0_dma_top_0/inst/core/scaled_shifted[7][43]_i_4
INFO: [Physopt 32-662] Processed net design_1_i/gemv_q8_0_dma_top_0/inst/core/scaled_shifted[2][39]_i_6_n_0.  Did not re-place instance design_1_i/gemv_q8_0_dma_top_0/inst/core/scaled_shifted[2][39]_i_6
INFO: [Physopt 32-662] Processed net design_1_i/gemv_q8_0_dma_top_0/inst/core/block_acc[3][6]_i_1_n_0.  Did not re-place instance design_1_i/gemv_q8_0_dma_top_0/inst/core/block_acc[3][6]_i_1
INFO: [Physopt 32-662] Processed net design_1_i/gemv_q8_0_dma_top_0/inst/core/scaled_shifted[7][0]_i_46_n_0.  Did not re-place instance design_1_i/gemv_q8_0_dma_top_0/inst/core/scaled_shifted[7][0]_i_46
INFO: [Physopt 32-662] Processed net design_1_i/gemv_q8_0_dma_top_0/inst/core/scaled_shifted[7][0]_i_47_n_0.  Did not re-place instance design_1_i/gemv_q8_0_dma_top_0/inst/core/scaled_shifted[7][0]_i_47
INFO: [Physopt 32-662] Processed net design_1_i/gemv_q8_0_dma_top_0/inst/core/scaled_shifted[7][0]_i_54_n_0.  Did not re-place instance design_1_i/gemv_q8_0_dma_top_0/inst/core/scaled_shifted[7][0]_i_54
INFO: [Physopt 32-662] Processed net design_1_i/gemv_q8_0_dma_top_0/inst/core/scaled_shifted[7][0]_i_82_n_0.  Did not re-place instance design_1_i/gemv_q8_0_dma_top_0/inst/core/scaled_shifted[7][0]_i_82
INFO: [Physopt 32-663] Processed net design_1_i/gemv_q8_0_dma_top_0/inst/core/block_acc[0][12]_i_1_n_0.  Re-placed instance design_1_i/gemv_q8_0_dma_top_0/inst/core/block_acc[0][12]_i_1
INFO: [Physopt 32-662] Processed net design_1_i/gemv_q8_0_dma_top_0/inst/core/scaled_shifted[7][0]_i_74_n_0.  Did not re-place instance design_1_i/gemv_q8_0_dma_top_0/inst/core/scaled_shifted[7][0]_i_74
INFO: [Physopt 32-662] Processed net design_1_i/gemv_q8_0_dma_top_0/inst/core/block_acc[0][12]_i_1_psdsp_n_2.  Did not re-place instance design_1_i/gemv_q8_0_dma_top_0/inst/core/block_acc[0][12]_i_1_psdsp_2
INFO: [Physopt 32-662] Processed net design_1_i/gemv_q8_0_dma_top_0/inst/core/scaled_shifted[2][4]_i_11_n_0.  Did not re-place instance design_1_i/gemv_q8_0_dma_top_0/inst/core/scaled_shifted[2][4]_i_11
INFO: [Physopt 32-662] Processed net design_1_i/gemv_q8_0_dma_top_0/inst/core/scaled_shifted[2][0]_i_24_n_0.  Did not re-place instance design_1_i/gemv_q8_0_dma_top_0/inst/core/scaled_shifted[2][0]_i_24
INFO: [Physopt 32-662] Processed net design_1_i/gemv_q8_0_dma_top_0/inst/core/scaled_shifted[2][4]_i_6_n_0.  Did not re-place instance design_1_i/gemv_q8_0_dma_top_0/inst/core/scaled_shifted[2][4]_i_6
INFO: [Physopt 32-663] Processed net design_1_i/gemv_q8_0_dma_top_0/inst/core/scaled_shifted[2][63]_i_43_n_0.  Re-placed instance design_1_i/gemv_q8_0_dma_top_0/inst/core/scaled_shifted[2][63]_i_43
INFO: [Physopt 32-662] Processed net design_1_i/gemv_q8_0_dma_top_0/inst/core/scaled_shifted[2][16]_i_13_n_0.  Did not re-place instance design_1_i/gemv_q8_0_dma_top_0/inst/core/scaled_shifted[2][16]_i_13
INFO: [Physopt 32-662] Processed net design_1_i/gemv_q8_0_dma_top_0/inst/core/scaled_shifted[2][20]_i_17_n_0.  Did not re-place instance design_1_i/gemv_q8_0_dma_top_0/inst/core/scaled_shifted[2][20]_i_17
INFO: [Physopt 32-662] Processed net design_1_i/gemv_q8_0_dma_top_0/inst/core/scaled_shifted[2][12]_i_7_n_0.  Did not re-place instance design_1_i/gemv_q8_0_dma_top_0/inst/core/scaled_shifted[2][12]_i_7
INFO: [Physopt 32-662] Processed net design_1_i/gemv_q8_0_dma_top_0/inst/core/scaled_shifted[7][0]_i_62_n_0.  Did not re-place instance design_1_i/gemv_q8_0_dma_top_0/inst/core/scaled_shifted[7][0]_i_62
INFO: [Physopt 32-662] Processed net design_1_i/gemv_q8_0_dma_top_0/inst/core/scaled_shifted[7][0]_i_63_n_0.  Did not re-place instance design_1_i/gemv_q8_0_dma_top_0/inst/core/scaled_shifted[7][0]_i_63
INFO: [Physopt 32-662] Processed net design_1_i/gemv_q8_0_dma_top_0/inst/core/scaled_shifted[3][0]_i_11_n_0.  Did not re-place instance design_1_i/gemv_q8_0_dma_top_0/inst/core/scaled_shifted[3][0]_i_11
INFO: [Physopt 32-662] Processed net design_1_i/gemv_q8_0_dma_top_0/inst/core/scaled_shifted[2][0]_i_20_n_0.  Did not re-place instance design_1_i/gemv_q8_0_dma_top_0/inst/core/scaled_shifted[2][0]_i_20
INFO: [Physopt 32-662] Processed net design_1_i/gemv_q8_0_dma_top_0/inst/core/scaled_shifted[2][12]_i_12_n_0.  Did not re-place instance design_1_i/gemv_q8_0_dma_top_0/inst/core/scaled_shifted[2][12]_i_12
INFO: [Physopt 32-662] Processed net design_1_i/gemv_q8_0_dma_top_0/inst/core/scaled_shifted[2][8]_i_6_n_0.  Did not re-place instance design_1_i/gemv_q8_0_dma_top_0/inst/core/scaled_shifted[2][8]_i_6
INFO: [Physopt 32-663] Processed net design_1_i/gemv_q8_0_dma_top_0/inst/core/block_acc[7][12]_i_1_n_0.  Re-placed instance design_1_i/gemv_q8_0_dma_top_0/inst/core/block_acc[7][12]_i_1
INFO: [Physopt 32-662] Processed net design_1_i/gemv_q8_0_dma_top_0/inst/core/scaled_shifted[2][0]_i_7_n_0.  Did not re-place instance design_1_i/gemv_q8_0_dma_top_0/inst/core/scaled_shifted[2][0]_i_7
INFO: [Physopt 32-662] Processed net design_1_i/gemv_q8_0_dma_top_0/inst/core/scaled_shifted[2][0]_i_19_n_0.  Did not re-place instance design_1_i/gemv_q8_0_dma_top_0/inst/core/scaled_shifted[2][0]_i_19
INFO: [Physopt 32-662] Processed net design_1_i/gemv_q8_0_dma_top_0/inst/core/scaled_shifted[1][0]_i_87_n_0.  Did not re-place instance design_1_i/gemv_q8_0_dma_top_0/inst/core/scaled_shifted[1][0]_i_87
INFO: [Physopt 32-662] Processed net design_1_i/gemv_q8_0_dma_top_0/inst/core/scaled_shifted[13][0]_i_16_n_0.  Did not re-place instance design_1_i/gemv_q8_0_dma_top_0/inst/core/scaled_shifted[13][0]_i_16
INFO: [Physopt 32-662] Processed net design_1_i/gemv_q8_0_dma_top_0/inst/core/scaled_shifted[13][0]_i_95_n_0.  Did not re-place instance design_1_i/gemv_q8_0_dma_top_0/inst/core/scaled_shifted[13][0]_i_95
INFO: [Physopt 32-663] Processed net design_1_i/gemv_q8_0_dma_top_0/inst/core/scaled_shifted[13][4]_i_12_n_0.  Re-placed instance design_1_i/gemv_q8_0_dma_top_0/inst/core/scaled_shifted[13][4]_i_12
INFO: [Physopt 32-662] Processed net design_1_i/gemv_q8_0_dma_top_0/inst/core/scaled_shifted[13][4]_i_13_n_0.  Did not re-place instance design_1_i/gemv_q8_0_dma_top_0/inst/core/scaled_shifted[13][4]_i_13
INFO: [Physopt 32-662] Processed net design_1_i/gemv_q8_0_dma_top_0/inst/core/scaled_shifted[13][4]_i_9_n_0.  Did not re-place instance design_1_i/gemv_q8_0_dma_top_0/inst/core/scaled_shifted[13][4]_i_9
INFO: [Physopt 32-662] Processed net design_1_i/gemv_q8_0_dma_top_0/inst/core/scaled_shifted[13][56]_i_1_n_0.  Did not re-place instance design_1_i/gemv_q8_0_dma_top_0/inst/core/scaled_shifted[13][56]_i_1
INFO: [Physopt 32-662] Processed net design_1_i/gemv_q8_0_dma_top_0/inst/core/scaled_shifted[13][56]_i_2_n_0.  Did not re-place instance design_1_i/gemv_q8_0_dma_top_0/inst/core/scaled_shifted[13][56]_i_2
INFO: [Physopt 32-662] Processed net design_1_i/gemv_q8_0_dma_top_0/inst/core/scaled_shifted[13][58]_i_1_n_0.  Did not re-place instance design_1_i/gemv_q8_0_dma_top_0/inst/core/scaled_shifted[13][58]_i_1
INFO: [Physopt 32-663] Processed net design_1_i/gemv_q8_0_dma_top_0/inst/core/scaled_shifted[13][58]_i_2_n_0.  Re-placed instance design_1_i/gemv_q8_0_dma_top_0/inst/core/scaled_shifted[13][58]_i_2
INFO: [Physopt 32-662] Processed net design_1_i/gemv_q8_0_dma_top_0/inst/core/scaled_shifted_reg[13]_26[56].  Did not re-place instance design_1_i/gemv_q8_0_dma_top_0/inst/core/scaled_shifted_reg[13][56]
INFO: [Physopt 32-662] Processed net design_1_i/gemv_q8_0_dma_top_0/inst/core/scaled_shifted_reg[13]_26[58].  Did not re-place instance design_1_i/gemv_q8_0_dma_top_0/inst/core/scaled_shifted_reg[13][58]
INFO: [Physopt 32-662] Processed net design_1_i/gemv_q8_0_dma_top_0/inst/core/scaled_shifted[6][0]_i_94_n_0.  Did not re-place instance design_1_i/gemv_q8_0_dma_top_0/inst/core/scaled_shifted[6][0]_i_94
INFO: [Physopt 32-662] Processed net design_1_i/gemv_q8_0_dma_top_0/inst/core/scaled_shifted[6][8]_i_13_n_0.  Did not re-place instance design_1_i/gemv_q8_0_dma_top_0/inst/core/scaled_shifted[6][8]_i_13
INFO: [Physopt 32-662] Processed net design_1_i/gemv_q8_0_dma_top_0/inst/core/scaled_shifted[6][8]_i_8_n_0.  Did not re-place instance design_1_i/gemv_q8_0_dma_top_0/inst/core/scaled_shifted[6][8]_i_8
INFO: [Physopt 32-663] Processed net design_1_i/gemv_q8_0_dma_top_0/inst/core/block_acc[3][28]_i_1_n_0.  Re-placed instance design_1_i/gemv_q8_0_dma_top_0/inst/core/block_acc[3][28]_i_1
INFO: [Physopt 32-662] Processed net design_1_i/gemv_q8_0_dma_top_0/inst/core/scaled_product_reg_n_0_[2][0].  Did not re-place instance design_1_i/gemv_q8_0_dma_top_0/inst/core/scaled_product_reg[2][0]
INFO: [Physopt 32-662] Processed net design_1_i/gemv_q8_0_dma_top_0/inst/core/block_acc[0][5]_i_1_n_0.  Did not re-place instance design_1_i/gemv_q8_0_dma_top_0/inst/core/block_acc[0][5]_i_1
INFO: [Physopt 32-662] Processed net design_1_i/gemv_q8_0_dma_top_0/inst/core/scaled_shifted[3][0]_i_79_n_0.  Did not re-place instance design_1_i/gemv_q8_0_dma_top_0/inst/core/scaled_shifted[3][0]_i_79
INFO: [Physopt 32-662] Processed net design_1_i/gemv_q8_0_dma_top_0/inst/core/scaled_shifted[2][0]_i_11_n_0.  Did not re-place instance design_1_i/gemv_q8_0_dma_top_0/inst/core/scaled_shifted[2][0]_i_11
INFO: [Physopt 32-662] Processed net design_1_i/gemv_q8_0_dma_top_0/inst/core/scaled_shifted[2][63]_i_42_n_0.  Did not re-place instance design_1_i/gemv_q8_0_dma_top_0/inst/core/scaled_shifted[2][63]_i_42
INFO: [Physopt 32-662] Processed net design_1_i/gemv_q8_0_dma_top_0/inst/core/scaled_shifted[3][0]_i_14_n_0.  Did not re-place instance design_1_i/gemv_q8_0_dma_top_0/inst/core/scaled_shifted[3][0]_i_14
INFO: [Physopt 32-662] Processed net design_1_i/gemv_q8_0_dma_top_0/inst/core/scaled_shifted[3][8]_i_14_n_0.  Did not re-place instance design_1_i/gemv_q8_0_dma_top_0/inst/core/scaled_shifted[3][8]_i_14
INFO: [Physopt 32-662] Processed net design_1_i/gemv_q8_0_dma_top_0/inst/core/scaled_shifted[7][0]_i_44_n_0.  Did not re-place instance design_1_i/gemv_q8_0_dma_top_0/inst/core/scaled_shifted[7][0]_i_44
INFO: [Physopt 32-662] Processed net design_1_i/gemv_q8_0_dma_top_0/inst/core/scaled_shifted[7][0]_i_52_n_0.  Did not re-place instance design_1_i/gemv_q8_0_dma_top_0/inst/core/scaled_shifted[7][0]_i_52
INFO: [Physopt 32-662] Processed net design_1_i/gemv_q8_0_dma_top_0/inst/core/scaled_shifted[7][0]_i_80_n_0.  Did not re-place instance design_1_i/gemv_q8_0_dma_top_0/inst/core/scaled_shifted[7][0]_i_80
INFO: [Physopt 32-663] Processed net design_1_i/gemv_q8_0_dma_top_0/inst/core/block_acc[0][10]_i_1_n_0.  Re-placed instance design_1_i/gemv_q8_0_dma_top_0/inst/core/block_acc[0][10]_i_1
INFO: [Physopt 32-662] Processed net design_1_i/gemv_q8_0_dma_top_0/inst/core/scaled_shifted[2][12]_i_10_n_0.  Did not re-place instance design_1_i/gemv_q8_0_dma_top_0/inst/core/scaled_shifted[2][12]_i_10
INFO: [Physopt 32-662] Processed net design_1_i/gemv_q8_0_dma_top_0/inst/core/scaled_shifted[2][16]_i_14_n_0.  Did not re-place instance design_1_i/gemv_q8_0_dma_top_0/inst/core/scaled_shifted[2][16]_i_14
INFO: [Physopt 32-662] Processed net design_1_i/gemv_q8_0_dma_top_0/inst/core/scaled_shifted[2][12]_i_8_n_0.  Did not re-place instance design_1_i/gemv_q8_0_dma_top_0/inst/core/scaled_shifted[2][12]_i_8
INFO: [Physopt 32-662] Processed net design_1_i/gemv_q8_0_dma_top_0/inst/core/scaled_shifted[6][4]_i_8_n_0.  Did not re-place instance design_1_i/gemv_q8_0_dma_top_0/inst/core/scaled_shifted[6][4]_i_8
INFO: [Physopt 32-662] Processed net design_1_i/gemv_q8_0_dma_top_0/inst/core/scaled_shifted[2][4]_i_7_n_0.  Did not re-place instance design_1_i/gemv_q8_0_dma_top_0/inst/core/scaled_shifted[2][4]_i_7
INFO: [Physopt 32-662] Processed net design_1_i/gemv_q8_0_dma_top_0/inst/core/scaled_shifted[1][0]_i_143_n_0.  Did not re-place instance design_1_i/gemv_q8_0_dma_top_0/inst/core/scaled_shifted[1][0]_i_143
INFO: [Physopt 32-662] Processed net design_1_i/gemv_q8_0_dma_top_0/inst/core/scaled_shifted[6][0]_i_95_n_0.  Did not re-place instance design_1_i/gemv_q8_0_dma_top_0/inst/core/scaled_shifted[6][0]_i_95
INFO: [Physopt 32-662] Processed net design_1_i/gemv_q8_0_dma_top_0/inst/core/scaled_shifted[7][54]_i_1_n_0.  Did not re-place instance design_1_i/gemv_q8_0_dma_top_0/inst/core/scaled_shifted[7][54]_i_1
INFO: [Physopt 32-662] Processed net design_1_i/gemv_q8_0_dma_top_0/inst/core/scaled_shifted[7][54]_i_2_n_0.  Did not re-place instance design_1_i/gemv_q8_0_dma_top_0/inst/core/scaled_shifted[7][54]_i_2
INFO: [Physopt 32-662] Processed net design_1_i/gemv_q8_0_dma_top_0/inst/core/scaled_shifted_reg[7]_14[54].  Did not re-place instance design_1_i/gemv_q8_0_dma_top_0/inst/core/scaled_shifted_reg[7][54]
INFO: [Physopt 32-662] Processed net design_1_i/gemv_q8_0_dma_top_0/inst/core/scaled_shifted[4][8]_i_14_n_0.  Did not re-place instance design_1_i/gemv_q8_0_dma_top_0/inst/core/scaled_shifted[4][8]_i_14
INFO: [Physopt 32-663] Processed net design_1_i/gemv_q8_0_dma_top_0/inst/core/scaled_shifted[1][0]_i_126_n_0.  Re-placed instance design_1_i/gemv_q8_0_dma_top_0/inst/core/scaled_shifted[1][0]_i_126
INFO: [Physopt 32-662] Processed net design_1_i/gemv_q8_0_dma_top_0/inst/core/scaled_shifted[4][0]_i_14_n_0.  Did not re-place instance design_1_i/gemv_q8_0_dma_top_0/inst/core/scaled_shifted[4][0]_i_14
INFO: [Physopt 32-662] Processed net design_1_i/gemv_q8_0_dma_top_0/inst/core/scaled_shifted[4][0]_i_134_n_0.  Did not re-place instance design_1_i/gemv_q8_0_dma_top_0/inst/core/scaled_shifted[4][0]_i_134
INFO: [Physopt 32-662] Processed net design_1_i/gemv_q8_0_dma_top_0/inst/core/scaled_shifted[4][4]_i_12_n_0.  Did not re-place instance design_1_i/gemv_q8_0_dma_top_0/inst/core/scaled_shifted[4][4]_i_12
INFO: [Physopt 32-662] Processed net design_1_i/gemv_q8_0_dma_top_0/inst/core/scaled_shifted[4][4]_i_9_n_0.  Did not re-place instance design_1_i/gemv_q8_0_dma_top_0/inst/core/scaled_shifted[4][4]_i_9
INFO: [Physopt 32-662] Processed net design_1_i/gemv_q8_0_dma_top_0/inst/core/scaled_shifted[4][52]_i_1_n_0.  Did not re-place instance design_1_i/gemv_q8_0_dma_top_0/inst/core/scaled_shifted[4][52]_i_1
INFO: [Physopt 32-662] Processed net design_1_i/gemv_q8_0_dma_top_0/inst/core/scaled_shifted[4][52]_i_2_n_0.  Did not re-place instance design_1_i/gemv_q8_0_dma_top_0/inst/core/scaled_shifted[4][52]_i_2
INFO: [Physopt 32-662] Processed net design_1_i/gemv_q8_0_dma_top_0/inst/core/scaled_shifted_reg[4]_8[52].  Did not re-place instance design_1_i/gemv_q8_0_dma_top_0/inst/core/scaled_shifted_reg[4][52]
INFO: [Physopt 32-663] Processed net design_1_i/gemv_q8_0_dma_top_0/inst/core/block_acc[3][19]_i_1_n_0.  Re-placed instance design_1_i/gemv_q8_0_dma_top_0/inst/core/block_acc[3][19]_i_1
INFO: [Physopt 32-662] Processed net design_1_i/gemv_q8_0_dma_top_0/inst/core/scaled_shifted[2][24]_i_14_n_0.  Did not re-place instance design_1_i/gemv_q8_0_dma_top_0/inst/core/scaled_shifted[2][24]_i_14
INFO: [Physopt 32-662] Processed net design_1_i/gemv_q8_0_dma_top_0/inst/core/scaled_shifted[3][0]_i_6_n_0.  Did not re-place instance design_1_i/gemv_q8_0_dma_top_0/inst/core/scaled_shifted[3][0]_i_6
INFO: [Physopt 32-662] Processed net design_1_i/gemv_q8_0_dma_top_0/inst/core/scaled_shifted[3][0]_i_12_n_0.  Did not re-place instance design_1_i/gemv_q8_0_dma_top_0/inst/core/scaled_shifted[3][0]_i_12
INFO: [Physopt 32-662] Processed net design_1_i/gemv_q8_0_dma_top_0/inst/core/scaled_shifted[7][0]_i_72_n_0.  Did not re-place instance design_1_i/gemv_q8_0_dma_top_0/inst/core/scaled_shifted[7][0]_i_72
INFO: [Physopt 32-662] Processed net design_1_i/gemv_q8_0_dma_top_0/inst/core/scaled_shifted[7][0]_i_60_n_0.  Did not re-place instance design_1_i/gemv_q8_0_dma_top_0/inst/core/scaled_shifted[7][0]_i_60
INFO: [Physopt 32-661] Optimized 54 nets.  Re-placed 54 instances.
INFO: [Physopt 32-775] End 1 Pass. Optimized 54 nets or cells. Created 0 new cell, deleted 0 existing cell and moved 54 existing cells
INFO: [Physopt 32-619] Estimated Timing Summary | WNS=-0.005 | TNS=-0.005 |
Netlist sorting complete. Time (s): cpu = 00:00:00.03 ; elapsed = 00:00:00 . Memory (MB): peak = 3330.715 ; gain = 0.000 ; free physical = 49251 ; free virtual = 64635
Phase 4 Single Cell Placement Optimization | Checksum: 13afa64ce

Time (s): cpu = 00:00:34 ; elapsed = 00:00:06 . Memory (MB): peak = 3330.715 ; gain = 2.289 ; free physical = 49251 ; free virtual = 64635

Phase 5 Multi Cell Placement Optimization
INFO: [Physopt 32-660] Identified 100 candidate nets for placement-based optimization.
INFO: [Physopt 32-662] Processed net design_1_i/gemv_q8_0_dma_top_0/inst/core/scaled_shifted[2][0]_i_5_n_0.  Did not re-place instance design_1_i/gemv_q8_0_dma_top_0/inst/core/scaled_shifted[2][0]_i_5/O
INFO: [Physopt 32-662] Processed net design_1_i/gemv_q8_0_dma_top_0/inst/core/scaled_shifted[2][0]_i_10_n_0.  Did not re-place instance design_1_i/gemv_q8_0_dma_top_0/inst/core/scaled_shifted[2][0]_i_10/O
INFO: [Physopt 32-662] Processed net design_1_i/gemv_q8_0_dma_top_0/inst/core/scaled_shifted[2][4]_i_12_n_0.  Did not re-place instance design_1_i/gemv_q8_0_dma_top_0/inst/core/scaled_shifted[2][4]_i_12/O
INFO: [Physopt 32-662] Processed net design_1_i/gemv_q8_0_dma_top_0/inst/core/scaled_shifted[2][56]_i_1_n_0.  Did not re-place instance design_1_i/gemv_q8_0_dma_top_0/inst/core/scaled_shifted[2][56]_i_1/O
INFO: [Physopt 32-662] Processed net design_1_i/gemv_q8_0_dma_top_0/inst/core/scaled_shifted[2][56]_i_2_n_0.  Did not re-place instance design_1_i/gemv_q8_0_dma_top_0/inst/core/scaled_shifted[2][56]_i_2/O
INFO: [Physopt 32-661] Optimized 0 net.  Re-placed 0 instance.
INFO: [Physopt 32-775] End 1 Pass. Optimized 0 net or cell. Created 0 new cell, deleted 0 existing cell and moved 0 existing cell
Netlist sorting complete. Time (s): cpu = 00:00:00 ; elapsed = 00:00:00 . Memory (MB): peak = 3330.715 ; gain = 0.000 ; free physical = 49249 ; free virtual = 64633
Phase 5 Multi Cell Placement Optimization | Checksum: 13c0105da

Time (s): cpu = 00:00:35 ; elapsed = 00:00:06 . Memory (MB): peak = 3330.715 ; gain = 2.289 ; free physical = 49249 ; free virtual = 64633

Phase 6 Rewire
INFO: [Physopt 32-246] Starting Signal Push optimization...
INFO: [Physopt 32-241] No nets found for rewiring () optimization.
INFO: [Physopt 32-232] Optimized 0 net. Created 0 new instance.
INFO: [Physopt 32-775] End 1 Pass. Optimized 0 net or cell. Created 0 new cell, deleted 0 existing cell and moved 0 existing cell
Netlist sorting complete. Time (s): cpu = 00:00:00.01 ; elapsed = 00:00:00 . Memory (MB): peak = 3330.715 ; gain = 0.000 ; free physical = 49248 ; free virtual = 64632
Phase 6 Rewire | Checksum: 13c0105da

Time (s): cpu = 00:00:35 ; elapsed = 00:00:07 . Memory (MB): peak = 3330.715 ; gain = 2.289 ; free physical = 49248 ; free virtual = 64632

Phase 7 Critical Cell Optimization
INFO: [Physopt 32-46] Identified 30 candidate nets for critical-cell optimization.
INFO: [Physopt 32-572] Net design_1_i/gemv_q8_0_dma_top_0/inst/core/scaled_shifted[2][0]_i_5_n_0 was not replicated.
Resolution: phys_opt_design can be forced to replicate a net driver using the option -force_replication_on_nets <list of net objects>.
INFO: [Physopt 32-572] Net design_1_i/gemv_q8_0_dma_top_0/inst/core/scaled_shifted[2][0]_i_10_n_0 was not replicated.
Resolution: phys_opt_design can be forced to replicate a net driver using the option -force_replication_on_nets <list of net objects>.
INFO: [Physopt 32-571] Net design_1_i/gemv_q8_0_dma_top_0/inst/core/scaled_shifted[2][0]_i_16_n_0 was not replicated.
INFO: [Physopt 32-571] Net design_1_i/gemv_q8_0_dma_top_0/inst/core/scaled_shifted[2][0]_i_14_n_0 was not replicated.
INFO: [Physopt 32-571] Net design_1_i/gemv_q8_0_dma_top_0/inst/core/scaled_shifted[2][8]_i_14_n_0 was not replicated.
INFO: [Physopt 32-571] Net design_1_i/gemv_q8_0_dma_top_0/inst/core/scaled_shifted[7][0]_i_16_n_0 was not replicated.
INFO: [Physopt 32-571] Net design_1_i/gemv_q8_0_dma_top_0/inst/core/scaled_shifted[2][0]_i_12_n_0 was not replicated.
INFO: [Physopt 32-571] Net design_1_i/gemv_q8_0_dma_top_0/inst/core/scaled_shifted[2][0]_i_17_n_0 was not replicated.
INFO: [Physopt 32-571] Net design_1_i/gemv_q8_0_dma_top_0/inst/core/scaled_shifted[2][4]_i_5_n_0 was not replicated.
INFO: [Physopt 32-571] Net design_1_i/gemv_q8_0_dma_top_0/inst/core/scale_shift_reg_reg[4]_rep__20_n_0 was not replicated.
INFO: [Physopt 32-571] Net design_1_i/gemv_q8_0_dma_top_0/inst/core/scaled_shifted[1][0]_i_142_n_0 was not replicated.
INFO: [Physopt 32-571] Net design_1_i/gemv_q8_0_dma_top_0/inst/core/scaled_shifted[3][0]_i_16_n_0 was not replicated.
INFO: [Physopt 32-571] Net design_1_i/gemv_q8_0_dma_top_0/inst/core/scale_shift_reg_reg[3]_rep__17_n_0 was not replicated.
INFO: [Physopt 32-571] Net design_1_i/gemv_q8_0_dma_top_0/inst/core/scaled_shifted[3][0]_i_10_n_0 was not replicated.
INFO: [Physopt 32-571] Net design_1_i/gemv_q8_0_dma_top_0/inst/core/scaled_shifted[3][0]_i_5_n_0 was not replicated.
INFO: [Physopt 32-571] Net design_1_i/gemv_q8_0_dma_top_0/inst/core/scaled_shifted[3][4]_i_5_n_0 was not replicated.
INFO: [Physopt 32-571] Net design_1_i/gemv_q8_0_dma_top_0/inst/core/scaled_shifted[1][0]_i_110_n_0 was not replicated.
INFO: [Physopt 32-571] Net design_1_i/gemv_q8_0_dma_top_0/inst/core/scaled_shifted[6][8]_i_14_n_0 was not replicated.
INFO: [Physopt 32-571] Net design_1_i/gemv_q8_0_dma_top_0/inst/core/scaled_shifted[6][0]_i_14_n_0 was not replicated.
INFO: [Physopt 32-571] Net design_1_i/gemv_q8_0_dma_top_0/inst/core/scaled_shifted[3][0]_i_11_n_0 was not replicated.
INFO: [Physopt 32-571] Net design_1_i/gemv_q8_0_dma_top_0/inst/core/scaled_shifted[2][8]_i_13_n_0 was not replicated.
INFO: [Physopt 32-571] Net design_1_i/gemv_q8_0_dma_top_0/inst/core/scaled_shifted[1][0]_i_143_n_0 was not replicated.
INFO: [Physopt 32-571] Net design_1_i/gemv_q8_0_dma_top_0/inst/core/scale_shift_reg_reg[5]_rep__20_n_0 was not replicated.
INFO: [Physopt 32-571] Net design_1_i/gemv_q8_0_dma_top_0/inst/core/scaled_shifted[6][8]_i_13_n_0 was not replicated.
INFO: [Physopt 32-571] Net design_1_i/gemv_q8_0_dma_top_0/inst/core/scaled_shifted[3][0]_i_14_n_0 was not replicated.
INFO: [Physopt 32-571] Net design_1_i/gemv_q8_0_dma_top_0/inst/core/scaled_shifted[3][8]_i_14_n_0 was not replicated.
INFO: [Physopt 32-571] Net design_1_i/gemv_q8_0_dma_top_0/inst/core/scaled_shifted[1][0]_i_111_n_0 was not replicated.
INFO: [Physopt 32-571] Net design_1_i/gemv_q8_0_dma_top_0/inst/core/scaled_shifted[4][8]_i_14_n_0 was not replicated.
INFO: [Physopt 32-571] Net design_1_i/gemv_q8_0_dma_top_0/inst/core/scale_shift_reg_reg[3]_rep__23_n_0 was not replicated.
INFO: [Physopt 32-232] Optimized 0 net. Created 0 new instance.
INFO: [Physopt 32-775] End 1 Pass. Optimized 0 net or cell. Created 0 new cell, deleted 0 existing cell and moved 0 existing cell
Netlist sorting complete. Time (s): cpu = 00:00:00.03 ; elapsed = 00:00:00.02 . Memory (MB): peak = 3330.715 ; gain = 0.000 ; free physical = 49246 ; free virtual = 64630
Phase 7 Critical Cell Optimization | Checksum: 1951deb43

Time (s): cpu = 00:00:36 ; elapsed = 00:00:07 . Memory (MB): peak = 3330.715 ; gain = 2.289 ; free physical = 49246 ; free virtual = 64630

Phase 8 Fanout Optimization
INFO: [Physopt 32-64] No nets found for fanout-optimization.
INFO: [Physopt 32-232] Optimized 0 net. Created 0 new instance.
INFO: [Physopt 32-775] End 1 Pass. Optimized 0 net or cell. Created 0 new cell, deleted 0 existing cell and moved 0 existing cell
Phase 8 Fanout Optimization | Checksum: 1951deb43

Time (s): cpu = 00:00:36 ; elapsed = 00:00:07 . Memory (MB): peak = 3330.715 ; gain = 2.289 ; free physical = 49248 ; free virtual = 64632

Phase 9 Single Cell Placement Optimization
INFO: [Physopt 32-660] Identified 207 candidate nets for placement-based optimization.
INFO: [Physopt 32-662] Processed net design_1_i/gemv_q8_0_dma_top_0/inst/core/scaled_shifted[2][0]_i_5_n_0.  Did not re-place instance design_1_i/gemv_q8_0_dma_top_0/inst/core/scaled_shifted[2][0]_i_5
INFO: [Physopt 32-662] Processed net design_1_i/gemv_q8_0_dma_top_0/inst/core/scaled_shifted[2][0]_i_10_n_0.  Did not re-place instance design_1_i/gemv_q8_0_dma_top_0/inst/core/scaled_shifted[2][0]_i_10
INFO: [Physopt 32-662] Processed net design_1_i/gemv_q8_0_dma_top_0/inst/core/scaled_shifted[2][0]_i_58_n_0.  Did not re-place instance design_1_i/gemv_q8_0_dma_top_0/inst/core/scaled_shifted[2][0]_i_58
INFO: [Physopt 32-662] Processed net design_1_i/gemv_q8_0_dma_top_0/inst/core/scaled_shifted[2][19]_i_4_n_0.  Did not re-place instance design_1_i/gemv_q8_0_dma_top_0/inst/core/scaled_shifted[2][19]_i_4
INFO: [Physopt 32-662] Processed net design_1_i/gemv_q8_0_dma_top_0/inst/core/scaled_shifted[2][4]_i_12_n_0.  Did not re-place instance design_1_i/gemv_q8_0_dma_top_0/inst/core/scaled_shifted[2][4]_i_12
INFO: [Physopt 32-662] Processed net design_1_i/gemv_q8_0_dma_top_0/inst/core/scaled_shifted[2][4]_i_9_n_0.  Did not re-place instance design_1_i/gemv_q8_0_dma_top_0/inst/core/scaled_shifted[2][4]_i_9
INFO: [Physopt 32-662] Processed net design_1_i/gemv_q8_0_dma_top_0/inst/core/scaled_shifted[2][56]_i_1_n_0.  Did not re-place instance design_1_i/gemv_q8_0_dma_top_0/inst/core/scaled_shifted[2][56]_i_1
INFO: [Physopt 32-662] Processed net design_1_i/gemv_q8_0_dma_top_0/inst/core/scaled_shifted[2][56]_i_2_n_0.  Did not re-place instance design_1_i/gemv_q8_0_dma_top_0/inst/core/scaled_shifted[2][56]_i_2
INFO: [Physopt 32-662] Processed net design_1_i/gemv_q8_0_dma_top_0/inst/core/scaled_shifted_reg[2]_4[56].  Did not re-place instance design_1_i/gemv_q8_0_dma_top_0/inst/core/scaled_shifted_reg[2][56]
INFO: [Physopt 32-662] Processed net design_1_i/gemv_q8_0_dma_top_0/inst/core/scaled_shifted[2][19]_i_6_n_0.  Did not re-place instance design_1_i/gemv_q8_0_dma_top_0/inst/core/scaled_shifted[2][19]_i_6
INFO: [Physopt 32-662] Processed net design_1_i/gemv_q8_0_dma_top_0/inst/core/scaled_shifted[2][0]_i_16_n_0.  Did not re-place instance design_1_i/gemv_q8_0_dma_top_0/inst/core/scaled_shifted[2][0]_i_16
INFO: [Physopt 32-663] Processed net design_1_i/gemv_q8_0_dma_top_0/inst/core/scaled_shifted[2][4]_i_13_n_0.  Re-placed instance design_1_i/gemv_q8_0_dma_top_0/inst/core/scaled_shifted[2][4]_i_13
INFO: [Physopt 32-662] Processed net design_1_i/gemv_q8_0_dma_top_0/inst/core/scaled_shifted[2][0]_i_14_n_0.  Did not re-place instance design_1_i/gemv_q8_0_dma_top_0/inst/core/scaled_shifted[2][0]_i_14
INFO: [Physopt 32-662] Processed net design_1_i/gemv_q8_0_dma_top_0/inst/core/scaled_shifted[2][8]_i_14_n_0.  Did not re-place instance design_1_i/gemv_q8_0_dma_top_0/inst/core/scaled_shifted[2][8]_i_14
INFO: [Physopt 32-662] Processed net design_1_i/gemv_q8_0_dma_top_0/inst/core/scaled_shifted[2][58]_i_1_n_0.  Did not re-place instance design_1_i/gemv_q8_0_dma_top_0/inst/core/scaled_shifted[2][58]_i_1
INFO: [Physopt 32-662] Processed net design_1_i/gemv_q8_0_dma_top_0/inst/core/scaled_shifted[2][58]_i_2_n_0.  Did not re-place instance design_1_i/gemv_q8_0_dma_top_0/inst/core/scaled_shifted[2][58]_i_2
INFO: [Physopt 32-662] Processed net design_1_i/gemv_q8_0_dma_top_0/inst/core/scaled_shifted_reg[2]_4[58].  Did not re-place instance design_1_i/gemv_q8_0_dma_top_0/inst/core/scaled_shifted_reg[2][58]
INFO: [Physopt 32-662] Processed net design_1_i/gemv_q8_0_dma_top_0/inst/core/scaled_shifted[2][0]_i_11_n_0.  Did not re-place instance design_1_i/gemv_q8_0_dma_top_0/inst/core/scaled_shifted[2][0]_i_11
INFO: [Physopt 32-662] Processed net design_1_i/gemv_q8_0_dma_top_0/inst/core/scaled_shifted[2][19]_i_5_n_0.  Did not re-place instance design_1_i/gemv_q8_0_dma_top_0/inst/core/scaled_shifted[2][19]_i_5
INFO: [Physopt 32-662] Processed net design_1_i/gemv_q8_0_dma_top_0/inst/core/scaled_shifted[2][23]_i_6_n_0.  Did not re-place instance design_1_i/gemv_q8_0_dma_top_0/inst/core/scaled_shifted[2][23]_i_6
INFO: [Physopt 32-662] Processed net design_1_i/gemv_q8_0_dma_top_0/inst/core/scaled_shifted[2][63]_i_42_n_0.  Did not re-place instance design_1_i/gemv_q8_0_dma_top_0/inst/core/scaled_shifted[2][63]_i_42
INFO: [Physopt 32-662] Processed net design_1_i/gemv_q8_0_dma_top_0/inst/core/scaled_shifted[2][48]_i_1_n_0.  Did not re-place instance design_1_i/gemv_q8_0_dma_top_0/inst/core/scaled_shifted[2][48]_i_1
INFO: [Physopt 32-662] Processed net design_1_i/gemv_q8_0_dma_top_0/inst/core/scaled_shifted[2][48]_i_2_n_0.  Did not re-place instance design_1_i/gemv_q8_0_dma_top_0/inst/core/scaled_shifted[2][48]_i_2
INFO: [Physopt 32-662] Processed net design_1_i/gemv_q8_0_dma_top_0/inst/core/scaled_shifted_reg[2]_4[48].  Did not re-place instance design_1_i/gemv_q8_0_dma_top_0/inst/core/scaled_shifted_reg[2][48]
INFO: [Physopt 32-662] Processed net design_1_i/gemv_q8_0_dma_top_0/inst/core/scaled_shifted[2][23]_i_7_n_0.  Did not re-place instance design_1_i/gemv_q8_0_dma_top_0/inst/core/scaled_shifted[2][23]_i_7
INFO: [Physopt 32-662] Processed net design_1_i/gemv_q8_0_dma_top_0/inst/core/scaled_shifted[7][0]_i_16_n_0.  Did not re-place instance design_1_i/gemv_q8_0_dma_top_0/inst/core/scaled_shifted[7][0]_i_16
INFO: [Physopt 32-662] Processed net design_1_i/gemv_q8_0_dma_top_0/inst/core/scaled_shifted[7][0]_i_55_n_0.  Did not re-place instance design_1_i/gemv_q8_0_dma_top_0/inst/core/scaled_shifted[7][0]_i_55
INFO: [Physopt 32-662] Processed net design_1_i/gemv_q8_0_dma_top_0/inst/core/scaled_shifted[7][0]_i_83_n_0.  Did not re-place instance design_1_i/gemv_q8_0_dma_top_0/inst/core/scaled_shifted[7][0]_i_83
INFO: [Physopt 32-662] Processed net design_1_i/gemv_q8_0_dma_top_0/inst/core/scaled_shifted[7][43]_i_6_n_0.  Did not re-place instance design_1_i/gemv_q8_0_dma_top_0/inst/core/scaled_shifted[7][43]_i_6
INFO: [Physopt 32-662] Processed net design_1_i/gemv_q8_0_dma_top_0/inst/core/scaled_shifted[7][4]_i_12_n_0.  Did not re-place instance design_1_i/gemv_q8_0_dma_top_0/inst/core/scaled_shifted[7][4]_i_12
INFO: [Physopt 32-662] Processed net design_1_i/gemv_q8_0_dma_top_0/inst/core/scaled_shifted[7][4]_i_13_n_0.  Did not re-place instance design_1_i/gemv_q8_0_dma_top_0/inst/core/scaled_shifted[7][4]_i_13
INFO: [Physopt 32-662] Processed net design_1_i/gemv_q8_0_dma_top_0/inst/core/scaled_shifted[7][4]_i_9_n_0.  Did not re-place instance design_1_i/gemv_q8_0_dma_top_0/inst/core/scaled_shifted[7][4]_i_9
INFO: [Physopt 32-662] Processed net design_1_i/gemv_q8_0_dma_top_0/inst/core/scaled_shifted[7][58]_i_1_n_0.  Did not re-place instance design_1_i/gemv_q8_0_dma_top_0/inst/core/scaled_shifted[7][58]_i_1
INFO: [Physopt 32-662] Processed net design_1_i/gemv_q8_0_dma_top_0/inst/core/scaled_shifted[7][58]_i_2_n_0.  Did not re-place instance design_1_i/gemv_q8_0_dma_top_0/inst/core/scaled_shifted[7][58]_i_2
INFO: [Physopt 32-662] Processed net design_1_i/gemv_q8_0_dma_top_0/inst/core/scaled_shifted_reg[7]_14[58].  Did not re-place instance design_1_i/gemv_q8_0_dma_top_0/inst/core/scaled_shifted_reg[7][58]
INFO: [Physopt 32-662] Processed net design_1_i/gemv_q8_0_dma_top_0/inst/core/scaled_shifted[7][0]_i_75_n_0.  Did not re-place instance design_1_i/gemv_q8_0_dma_top_0/inst/core/scaled_shifted[7][0]_i_75
INFO: [Physopt 32-662] Processed net design_1_i/gemv_q8_0_dma_top_0/inst/core/scaled_shifted[7][39]_i_6_n_0.  Did not re-place instance design_1_i/gemv_q8_0_dma_top_0/inst/core/scaled_shifted[7][39]_i_6
INFO: [Physopt 32-662] Processed net design_1_i/gemv_q8_0_dma_top_0/inst/core/scaled_shifted[2][0]_i_12_n_0.  Did not re-place instance design_1_i/gemv_q8_0_dma_top_0/inst/core/scaled_shifted[2][0]_i_12
INFO: [Physopt 32-662] Processed net design_1_i/gemv_q8_0_dma_top_0/inst/core/scaled_shifted[7][35]_i_4_n_0.  Did not re-place instance design_1_i/gemv_q8_0_dma_top_0/inst/core/scaled_shifted[7][35]_i_4
INFO: [Physopt 32-662] Processed net design_1_i/gemv_q8_0_dma_top_0/inst/core/scaled_shifted[2][50]_i_1_n_0.  Did not re-place instance design_1_i/gemv_q8_0_dma_top_0/inst/core/scaled_shifted[2][50]_i_1
INFO: [Physopt 32-662] Processed net design_1_i/gemv_q8_0_dma_top_0/inst/core/scaled_shifted[2][50]_i_2_n_0.  Did not re-place instance design_1_i/gemv_q8_0_dma_top_0/inst/core/scaled_shifted[2][50]_i_2
INFO: [Physopt 32-662] Processed net design_1_i/gemv_q8_0_dma_top_0/inst/core/scaled_shifted_reg[2]_4[50].  Did not re-place instance design_1_i/gemv_q8_0_dma_top_0/inst/core/scaled_shifted_reg[2][50]
INFO: [Physopt 32-662] Processed net design_1_i/gemv_q8_0_dma_top_0/inst/core/scaled_shifted[7][35]_i_5_n_0.  Did not re-place instance design_1_i/gemv_q8_0_dma_top_0/inst/core/scaled_shifted[7][35]_i_5
INFO: [Physopt 32-662] Processed net design_1_i/gemv_q8_0_dma_top_0/inst/core/scaled_shifted[2][0]_i_13_n_0.  Did not re-place instance design_1_i/gemv_q8_0_dma_top_0/inst/core/scaled_shifted[2][0]_i_13
INFO: [Physopt 32-662] Processed net design_1_i/gemv_q8_0_dma_top_0/inst/core/scaled_shifted[7][43]_i_7_n_0.  Did not re-place instance design_1_i/gemv_q8_0_dma_top_0/inst/core/scaled_shifted[7][43]_i_7
INFO: [Physopt 32-662] Processed net design_1_i/gemv_q8_0_dma_top_0/inst/core/scaled_shifted[2][0]_i_75_n_0.  Did not re-place instance design_1_i/gemv_q8_0_dma_top_0/inst/core/scaled_shifted[2][0]_i_75
INFO: [Physopt 32-662] Processed net design_1_i/gemv_q8_0_dma_top_0/inst/core/scaled_shifted[7][39]_i_7_n_0.  Did not re-place instance design_1_i/gemv_q8_0_dma_top_0/inst/core/scaled_shifted[7][39]_i_7
INFO: [Physopt 32-662] Processed net design_1_i/gemv_q8_0_dma_top_0/inst/core/scaled_shifted[2][54]_i_1_n_0.  Did not re-place instance design_1_i/gemv_q8_0_dma_top_0/inst/core/scaled_shifted[2][54]_i_1
INFO: [Physopt 32-662] Processed net design_1_i/gemv_q8_0_dma_top_0/inst/core/scaled_shifted[2][54]_i_2_n_0.  Did not re-place instance design_1_i/gemv_q8_0_dma_top_0/inst/core/scaled_shifted[2][54]_i_2
INFO: [Physopt 32-662] Processed net design_1_i/gemv_q8_0_dma_top_0/inst/core/scaled_shifted_reg[2]_4[54].  Did not re-place instance design_1_i/gemv_q8_0_dma_top_0/inst/core/scaled_shifted_reg[2][54]
INFO: [Physopt 32-662] Processed net design_1_i/gemv_q8_0_dma_top_0/inst/core/scaled_shifted[2][0]_i_63_n_0.  Did not re-place instance design_1_i/gemv_q8_0_dma_top_0/inst/core/scaled_shifted[2][0]_i_63
INFO: [Physopt 32-662] Processed net design_1_i/gemv_q8_0_dma_top_0/inst/core/scaled_shifted[2][0]_i_71_n_0.  Did not re-place instance design_1_i/gemv_q8_0_dma_top_0/inst/core/scaled_shifted[2][0]_i_71
INFO: [Physopt 32-662] Processed net design_1_i/gemv_q8_0_dma_top_0/inst/core/scaled_shifted[2][63]_i_43_n_0.  Did not re-place instance design_1_i/gemv_q8_0_dma_top_0/inst/core/scaled_shifted[2][63]_i_43
INFO: [Physopt 32-662] Processed net design_1_i/gemv_q8_0_dma_top_0/inst/core/scaled_shifted[2][27]_i_6_n_0.  Did not re-place instance design_1_i/gemv_q8_0_dma_top_0/inst/core/scaled_shifted[2][27]_i_6
INFO: [Physopt 32-662] Processed net design_1_i/gemv_q8_0_dma_top_0/inst/core/scaled_shifted[2][0]_i_17_n_0.  Did not re-place instance design_1_i/gemv_q8_0_dma_top_0/inst/core/scaled_shifted[2][0]_i_17
INFO: [Physopt 32-662] Processed net design_1_i/gemv_q8_0_dma_top_0/inst/core/scaled_shifted[2][0]_i_59_n_0.  Did not re-place instance design_1_i/gemv_q8_0_dma_top_0/inst/core/scaled_shifted[2][0]_i_59
INFO: [Physopt 32-662] Processed net design_1_i/gemv_q8_0_dma_top_0/inst/core/scaled_shifted[2][4]_i_5_n_0.  Did not re-place instance design_1_i/gemv_q8_0_dma_top_0/inst/core/scaled_shifted[2][0]_i_3
INFO: [Physopt 32-662] Processed net design_1_i/gemv_q8_0_dma_top_0/inst/core/scaled_shifted[2][0]_i_6_n_0.  Did not re-place instance design_1_i/gemv_q8_0_dma_top_0/inst/core/scaled_shifted[2][0]_i_6
INFO: [Physopt 32-662] Processed net design_1_i/gemv_q8_0_dma_top_0/inst/core/scaled_shifted[2][27]_i_7_n_0.  Did not re-place instance design_1_i/gemv_q8_0_dma_top_0/inst/core/scaled_shifted[2][27]_i_7
INFO: [Physopt 32-662] Processed net design_1_i/gemv_q8_0_dma_top_0/inst/core/scale_shift_reg_reg[4]_rep__20_n_0.  Did not re-place instance design_1_i/gemv_q8_0_dma_top_0/inst/core/scale_shift_reg_reg[4]_rep__20
INFO: [Physopt 32-662] Processed net design_1_i/gemv_q8_0_dma_top_0/inst/core/scaled_shifted[1][0]_i_142_n_0.  Did not re-place instance design_1_i/gemv_q8_0_dma_top_0/inst/core/scaled_shifted[1][0]_i_142
INFO: [Physopt 32-662] Processed net design_1_i/gemv_q8_0_dma_top_0/inst/core/scaled_shifted[3][0]_i_16_n_0.  Did not re-place instance design_1_i/gemv_q8_0_dma_top_0/inst/core/scaled_shifted[3][0]_i_16
INFO: [Physopt 32-662] Processed net design_1_i/gemv_q8_0_dma_top_0/inst/core/scaled_shifted[3][0]_i_94_n_0.  Did not re-place instance design_1_i/gemv_q8_0_dma_top_0/inst/core/scaled_shifted[3][0]_i_94
INFO: [Physopt 32-662] Processed net design_1_i/gemv_q8_0_dma_top_0/inst/core/scaled_shifted[3][4]_i_12_n_0.  Did not re-place instance design_1_i/gemv_q8_0_dma_top_0/inst/core/scaled_shifted[3][4]_i_12
INFO: [Physopt 32-662] Processed net design_1_i/gemv_q8_0_dma_top_0/inst/core/scaled_shifted[3][4]_i_13_n_0.  Did not re-place instance design_1_i/gemv_q8_0_dma_top_0/inst/core/scaled_shifted[3][4]_i_13
INFO: [Physopt 32-662] Processed net design_1_i/gemv_q8_0_dma_top_0/inst/core/scaled_shifted[3][4]_i_9_n_0.  Did not re-place instance design_1_i/gemv_q8_0_dma_top_0/inst/core/scaled_shifted[3][4]_i_9
INFO: [Physopt 32-662] Processed net design_1_i/gemv_q8_0_dma_top_0/inst/core/scaled_shifted[3][62]_i_1_n_0.  Did not re-place instance design_1_i/gemv_q8_0_dma_top_0/inst/core/scaled_shifted[3][62]_i_1
INFO: [Physopt 32-662] Processed net design_1_i/gemv_q8_0_dma_top_0/inst/core/scaled_shifted[3][62]_i_2_n_0.  Did not re-place instance design_1_i/gemv_q8_0_dma_top_0/inst/core/scaled_shifted[3][62]_i_2
INFO: [Physopt 32-662] Processed net design_1_i/gemv_q8_0_dma_top_0/inst/core/scaled_shifted_reg[3]_6[62].  Did not re-place instance design_1_i/gemv_q8_0_dma_top_0/inst/core/scaled_shifted_reg[3][62]
INFO: [Physopt 32-662] Processed net design_1_i/gemv_q8_0_dma_top_0/inst/core/scale_shift_reg_reg[3]_rep__17_n_0.  Did not re-place instance design_1_i/gemv_q8_0_dma_top_0/inst/core/scale_shift_reg_reg[3]_rep__17
INFO: [Physopt 32-662] Processed net design_1_i/gemv_q8_0_dma_top_0/inst/core/scaled_shifted[7][56]_i_1_n_0.  Did not re-place instance design_1_i/gemv_q8_0_dma_top_0/inst/core/scaled_shifted[7][56]_i_1
INFO: [Physopt 32-662] Processed net design_1_i/gemv_q8_0_dma_top_0/inst/core/scaled_shifted[7][56]_i_2_n_0.  Did not re-place instance design_1_i/gemv_q8_0_dma_top_0/inst/core/scaled_shifted[7][56]_i_2
INFO: [Physopt 32-662] Processed net design_1_i/gemv_q8_0_dma_top_0/inst/core/scaled_shifted_reg[7]_14[56].  Did not re-place instance design_1_i/gemv_q8_0_dma_top_0/inst/core/scaled_shifted_reg[7][56]
INFO: [Physopt 32-662] Processed net design_1_i/gemv_q8_0_dma_top_0/inst/core/scaled_shifted[3][0]_i_10_n_0.  Did not re-place instance design_1_i/gemv_q8_0_dma_top_0/inst/core/scaled_shifted[3][0]_i_10
INFO: [Physopt 32-662] Processed net design_1_i/gemv_q8_0_dma_top_0/inst/core/scaled_shifted[3][0]_i_5_n_0.  Did not re-place instance design_1_i/gemv_q8_0_dma_top_0/inst/core/scaled_shifted[3][0]_i_5
INFO: [Physopt 32-662] Processed net design_1_i/gemv_q8_0_dma_top_0/inst/core/scaled_shifted[3][4]_i_5_n_0.  Did not re-place instance design_1_i/gemv_q8_0_dma_top_0/inst/core/scaled_shifted[3][0]_i_3
INFO: [Physopt 32-662] Processed net design_1_i/gemv_q8_0_dma_top_0/inst/core/scaled_shifted[1][0]_i_110_n_0.  Did not re-place instance design_1_i/gemv_q8_0_dma_top_0/inst/core/scaled_shifted[1][0]_i_110
INFO: [Physopt 32-662] Processed net design_1_i/gemv_q8_0_dma_top_0/inst/core/scaled_shifted[6][8]_i_14_n_0.  Did not re-place instance design_1_i/gemv_q8_0_dma_top_0/inst/core/scaled_shifted[6][8]_i_14
INFO: [Physopt 32-662] Processed net design_1_i/gemv_q8_0_dma_top_0/inst/core/scaled_shifted[6][0]_i_14_n_0.  Did not re-place instance design_1_i/gemv_q8_0_dma_top_0/inst/core/scaled_shifted[6][0]_i_14
INFO: [Physopt 32-662] Processed net design_1_i/gemv_q8_0_dma_top_0/inst/core/data1__0[62].  Did not re-place instance design_1_i/gemv_q8_0_dma_top_0/inst/core/scaled_shifted[6][62]_i_2
INFO: [Physopt 32-662] Processed net design_1_i/gemv_q8_0_dma_top_0/inst/core/scaled_shifted[6][0]_i_78_n_0.  Did not re-place instance design_1_i/gemv_q8_0_dma_top_0/inst/core/scaled_shifted[6][0]_i_78
INFO: [Physopt 32-662] Processed net design_1_i/gemv_q8_0_dma_top_0/inst/core/scaled_shifted[6][4]_i_12_n_0.  Did not re-place instance design_1_i/gemv_q8_0_dma_top_0/inst/core/scaled_shifted[6][4]_i_12
INFO: [Physopt 32-662] Processed net design_1_i/gemv_q8_0_dma_top_0/inst/core/scaled_shifted[6][4]_i_9_n_0.  Did not re-place instance design_1_i/gemv_q8_0_dma_top_0/inst/core/scaled_shifted[6][4]_i_9
INFO: [Physopt 32-662] Processed net design_1_i/gemv_q8_0_dma_top_0/inst/core/scaled_shifted[6][62]_i_1_n_0.  Did not re-place instance design_1_i/gemv_q8_0_dma_top_0/inst/core/scaled_shifted[6][62]_i_1
INFO: [Physopt 32-662] Processed net design_1_i/gemv_q8_0_dma_top_0/inst/core/scaled_shifted_reg[6]_12[62].  Did not re-place instance design_1_i/gemv_q8_0_dma_top_0/inst/core/scaled_shifted_reg[6][62]
INFO: [Physopt 32-662] Processed net design_1_i/gemv_q8_0_dma_top_0/inst/core/scaled_shifted[7][47]_i_6_n_0.  Did not re-place instance design_1_i/gemv_q8_0_dma_top_0/inst/core/scaled_shifted[7][47]_i_6
INFO: [Physopt 32-662] Processed net design_1_i/gemv_q8_0_dma_top_0/inst/core/scaled_shifted[2][0]_i_85_n_0.  Did not re-place instance design_1_i/gemv_q8_0_dma_top_0/inst/core/scaled_shifted[2][0]_i_85
INFO: [Physopt 32-662] Processed net design_1_i/gemv_q8_0_dma_top_0/inst/core/scaled_shifted[2][63]_i_40_n_0.  Did not re-place instance design_1_i/gemv_q8_0_dma_top_0/inst/core/scaled_shifted[2][63]_i_40
INFO: [Physopt 32-662] Processed net design_1_i/gemv_q8_0_dma_top_0/inst/core/scaled_shifted[7][39]_i_4_n_0.  Did not re-place instance design_1_i/gemv_q8_0_dma_top_0/inst/core/scaled_shifted[7][39]_i_4
INFO: [Physopt 32-662] Processed net design_1_i/gemv_q8_0_dma_top_0/inst/core/scaled_shifted[7][39]_i_5_n_0.  Did not re-place instance design_1_i/gemv_q8_0_dma_top_0/inst/core/scaled_shifted[7][39]_i_5
INFO: [Physopt 32-662] Processed net design_1_i/gemv_q8_0_dma_top_0/inst/core/scaled_shifted[3][0]_i_78_n_0.  Did not re-place instance design_1_i/gemv_q8_0_dma_top_0/inst/core/scaled_shifted[3][0]_i_78
INFO: [Physopt 32-662] Processed net design_1_i/gemv_q8_0_dma_top_0/inst/core/scaled_shifted[7][47]_i_7_n_0.  Did not re-place instance design_1_i/gemv_q8_0_dma_top_0/inst/core/scaled_shifted[7][47]_i_7
INFO: [Physopt 32-662] Processed net design_1_i/gemv_q8_0_dma_top_0/inst/core/scaled_shifted[2][39]_i_6_n_0.  Did not re-place instance design_1_i/gemv_q8_0_dma_top_0/inst/core/scaled_shifted[2][39]_i_6
INFO: [Physopt 32-662] Processed net design_1_i/gemv_q8_0_dma_top_0/inst/core/scaled_shifted[7][43]_i_5_n_0.  Did not re-place instance design_1_i/gemv_q8_0_dma_top_0/inst/core/scaled_shifted[7][43]_i_5
INFO: [Physopt 32-662] Processed net design_1_i/gemv_q8_0_dma_top_0/inst/core/scaled_shifted[7][43]_i_4_n_0.  Did not re-place instance design_1_i/gemv_q8_0_dma_top_0/inst/core/scaled_shifted[7][43]_i_4
INFO: [Physopt 32-662] Processed net design_1_i/gemv_q8_0_dma_top_0/inst/core/scaled_shifted[3][0]_i_11_n_0.  Did not re-place instance design_1_i/gemv_q8_0_dma_top_0/inst/core/scaled_shifted[3][0]_i_11
INFO: [Physopt 32-662] Processed net design_1_i/gemv_q8_0_dma_top_0/inst/core/scaled_shifted[7][0]_i_46_n_0.  Did not re-place instance design_1_i/gemv_q8_0_dma_top_0/inst/core/scaled_shifted[7][0]_i_46
INFO: [Physopt 32-662] Processed net design_1_i/gemv_q8_0_dma_top_0/inst/core/scaled_shifted[7][0]_i_47_n_0.  Did not re-place instance design_1_i/gemv_q8_0_dma_top_0/inst/core/scaled_shifted[7][0]_i_47
INFO: [Physopt 32-662] Processed net design_1_i/gemv_q8_0_dma_top_0/inst/core/scaled_shifted[7][0]_i_54_n_0.  Did not re-place instance design_1_i/gemv_q8_0_dma_top_0/inst/core/scaled_shifted[7][0]_i_54
INFO: [Physopt 32-662] Processed net design_1_i/gemv_q8_0_dma_top_0/inst/core/scaled_shifted[7][0]_i_82_n_0.  Did not re-place instance design_1_i/gemv_q8_0_dma_top_0/inst/core/scaled_shifted[7][0]_i_82
INFO: [Physopt 32-662] Processed net design_1_i/gemv_q8_0_dma_top_0/inst/core/scaled_shifted[2][8]_i_13_n_0.  Did not re-place instance design_1_i/gemv_q8_0_dma_top_0/inst/core/scaled_shifted[2][8]_i_13
INFO: [Physopt 32-662] Processed net design_1_i/gemv_q8_0_dma_top_0/inst/core/scaled_shifted[2][4]_i_8_n_0.  Did not re-place instance design_1_i/gemv_q8_0_dma_top_0/inst/core/scaled_shifted[2][4]_i_8
INFO: [Physopt 32-662] Processed net design_1_i/gemv_q8_0_dma_top_0/inst/core/scaled_shifted[2][8]_i_8_n_0.  Did not re-place instance design_1_i/gemv_q8_0_dma_top_0/inst/core/scaled_shifted[2][8]_i_8
INFO: [Physopt 32-662] Processed net design_1_i/gemv_q8_0_dma_top_0/inst/core/scaled_shifted[7][0]_i_74_n_0.  Did not re-place instance design_1_i/gemv_q8_0_dma_top_0/inst/core/scaled_shifted[7][0]_i_74
INFO: [Physopt 32-662] Processed net design_1_i/gemv_q8_0_dma_top_0/inst/core/scaled_shifted[6][0]_i_94_n_0.  Did not re-place instance design_1_i/gemv_q8_0_dma_top_0/inst/core/scaled_shifted[6][0]_i_94
INFO: [Physopt 32-662] Processed net design_1_i/gemv_q8_0_dma_top_0/inst/core/scaled_shifted[7][0]_i_62_n_0.  Did not re-place instance design_1_i/gemv_q8_0_dma_top_0/inst/core/scaled_shifted[7][0]_i_62
INFO: [Physopt 32-662] Processed net design_1_i/gemv_q8_0_dma_top_0/inst/core/scaled_shifted[7][0]_i_63_n_0.  Did not re-place instance design_1_i/gemv_q8_0_dma_top_0/inst/core/scaled_shifted[7][0]_i_63
INFO: [Physopt 32-662] Processed net design_1_i/gemv_q8_0_dma_top_0/inst/core/scaled_shifted[1][0]_i_143_n_0.  Did not re-place instance design_1_i/gemv_q8_0_dma_top_0/inst/core/scaled_shifted[1][0]_i_143
INFO: [Physopt 32-662] Processed net design_1_i/gemv_q8_0_dma_top_0/inst/core/scale_shift_reg_reg[5]_rep__20_n_0.  Did not re-place instance design_1_i/gemv_q8_0_dma_top_0/inst/core/scale_shift_reg_reg[5]_rep__20
INFO: [Physopt 32-662] Processed net design_1_i/gemv_q8_0_dma_top_0/inst/core/scaled_shifted[6][0]_i_95_n_0.  Did not re-place instance design_1_i/gemv_q8_0_dma_top_0/inst/core/scaled_shifted[6][0]_i_95
INFO: [Physopt 32-662] Processed net design_1_i/gemv_q8_0_dma_top_0/inst/core/scaled_shifted[6][8]_i_13_n_0.  Did not re-place instance design_1_i/gemv_q8_0_dma_top_0/inst/core/scaled_shifted[6][8]_i_13
INFO: [Physopt 32-662] Processed net design_1_i/gemv_q8_0_dma_top_0/inst/core/scaled_shifted[6][8]_i_8_n_0.  Did not re-place instance design_1_i/gemv_q8_0_dma_top_0/inst/core/scaled_shifted[6][8]_i_8
INFO: [Physopt 32-662] Processed net design_1_i/gemv_q8_0_dma_top_0/inst/core/scaled_shifted[3][0]_i_14_n_0.  Did not re-place instance design_1_i/gemv_q8_0_dma_top_0/inst/core/scaled_shifted[3][0]_i_14
INFO: [Physopt 32-662] Processed net design_1_i/gemv_q8_0_dma_top_0/inst/core/scaled_shifted[3][8]_i_14_n_0.  Did not re-place instance design_1_i/gemv_q8_0_dma_top_0/inst/core/scaled_shifted[3][8]_i_14
INFO: [Physopt 32-662] Processed net design_1_i/gemv_q8_0_dma_top_0/inst/core/scaled_shifted[1][0]_i_111_n_0.  Did not re-place instance design_1_i/gemv_q8_0_dma_top_0/inst/core/scaled_shifted[1][0]_i_111
INFO: [Physopt 32-662] Processed net design_1_i/gemv_q8_0_dma_top_0/inst/core/scaled_shifted[4][8]_i_14_n_0.  Did not re-place instance design_1_i/gemv_q8_0_dma_top_0/inst/core/scaled_shifted[4][8]_i_14
INFO: [Physopt 32-663] Processed net design_1_i/gemv_q8_0_dma_top_0/inst/core/scale_shift_reg_reg[3]_rep__23_n_0.  Re-placed instance design_1_i/gemv_q8_0_dma_top_0/inst/core/scale_shift_reg_reg[3]_rep__23
INFO: [Physopt 32-662] Processed net design_1_i/gemv_q8_0_dma_top_0/inst/core/scaled_shifted[4][0]_i_14_n_0.  Did not re-place instance design_1_i/gemv_q8_0_dma_top_0/inst/core/scaled_shifted[4][0]_i_14
INFO: [Physopt 32-662] Processed net design_1_i/gemv_q8_0_dma_top_0/inst/core/scaled_shifted[4][0]_i_119_n_0.  Did not re-place instance design_1_i/gemv_q8_0_dma_top_0/inst/core/scaled_shifted[4][0]_i_119
INFO: [Physopt 32-662] Processed net design_1_i/gemv_q8_0_dma_top_0/inst/core/scaled_shifted[4][4]_i_12_n_0.  Did not re-place instance design_1_i/gemv_q8_0_dma_top_0/inst/core/scaled_shifted[4][4]_i_12
INFO: [Physopt 32-662] Processed net design_1_i/gemv_q8_0_dma_top_0/inst/core/scaled_shifted[4][4]_i_9_n_0.  Did not re-place instance design_1_i/gemv_q8_0_dma_top_0/inst/core/scaled_shifted[4][4]_i_9
INFO: [Physopt 32-662] Processed net design_1_i/gemv_q8_0_dma_top_0/inst/core/scaled_shifted[4][52]_i_1_n_0.  Did not re-place instance design_1_i/gemv_q8_0_dma_top_0/inst/core/scaled_shifted[4][52]_i_1
INFO: [Physopt 32-662] Processed net design_1_i/gemv_q8_0_dma_top_0/inst/core/scaled_shifted[4][52]_i_2_n_0.  Did not re-place instance design_1_i/gemv_q8_0_dma_top_0/inst/core/scaled_shifted[4][52]_i_2
INFO: [Physopt 32-662] Processed net design_1_i/gemv_q8_0_dma_top_0/inst/core/scaled_shifted_reg[4]_8[52].  Did not re-place instance design_1_i/gemv_q8_0_dma_top_0/inst/core/scaled_shifted_reg[4][52]
INFO: [Physopt 32-662] Processed net design_1_i/gemv_q8_0_dma_top_0/inst/core/scaled_shifted[7][54]_i_1_n_0.  Did not re-place instance design_1_i/gemv_q8_0_dma_top_0/inst/core/scaled_shifted[7][54]_i_1
INFO: [Physopt 32-662] Processed net design_1_i/gemv_q8_0_dma_top_0/inst/core/scaled_shifted[7][54]_i_2_n_0.  Did not re-place instance design_1_i/gemv_q8_0_dma_top_0/inst/core/scaled_shifted[7][54]_i_2
INFO: [Physopt 32-662] Processed net design_1_i/gemv_q8_0_dma_top_0/inst/core/scaled_shifted_reg[7]_14[54].  Did not re-place instance design_1_i/gemv_q8_0_dma_top_0/inst/core/scaled_shifted_reg[7][54]
INFO: [Physopt 32-662] Processed net design_1_i/gemv_q8_0_dma_top_0/inst/core/scaled_shifted[3][0]_i_79_n_0.  Did not re-place instance design_1_i/gemv_q8_0_dma_top_0/inst/core/scaled_shifted[3][0]_i_79
INFO: [Physopt 32-662] Processed net design_1_i/gemv_q8_0_dma_top_0/inst/core/scaled_shifted[3][0]_i_6_n_0.  Did not re-place instance design_1_i/gemv_q8_0_dma_top_0/inst/core/scaled_shifted[3][0]_i_6
INFO: [Physopt 32-662] Processed net design_1_i/gemv_q8_0_dma_top_0/inst/core/scaled_shifted[3][0]_i_12_n_0.  Did not re-place instance design_1_i/gemv_q8_0_dma_top_0/inst/core/scaled_shifted[3][0]_i_12
INFO: [Physopt 32-662] Processed net design_1_i/gemv_q8_0_dma_top_0/inst/core/scaled_shifted[6][4]_i_8_n_0.  Did not re-place instance design_1_i/gemv_q8_0_dma_top_0/inst/core/scaled_shifted[6][4]_i_8
INFO: [Physopt 32-662] Processed net design_1_i/gemv_q8_0_dma_top_0/inst/core/scaled_shifted[2][0]_i_42_n_0.  Did not re-place instance design_1_i/gemv_q8_0_dma_top_0/inst/core/scaled_shifted[2][0]_i_42
INFO: [Physopt 32-662] Processed net design_1_i/gemv_q8_0_dma_top_0/inst/core/scaled_shifted[2][0]_i_46_n_0.  Did not re-place instance design_1_i/gemv_q8_0_dma_top_0/inst/core/scaled_shifted[2][0]_i_46
INFO: [Physopt 32-662] Processed net design_1_i/gemv_q8_0_dma_top_0/inst/core/scaled_shifted[2][0]_i_62_n_0.  Did not re-place instance design_1_i/gemv_q8_0_dma_top_0/inst/core/scaled_shifted[2][0]_i_62
INFO: [Physopt 32-662] Processed net design_1_i/gemv_q8_0_dma_top_0/inst/core/scaled_shifted[2][0]_i_70_n_0.  Did not re-place instance design_1_i/gemv_q8_0_dma_top_0/inst/core/scaled_shifted[2][0]_i_70
INFO: [Physopt 32-662] Processed net design_1_i/gemv_q8_0_dma_top_0/inst/core/scaled_shifted[2][0]_i_74_n_0.  Did not re-place instance design_1_i/gemv_q8_0_dma_top_0/inst/core/scaled_shifted[2][0]_i_74
INFO: [Physopt 32-662] Processed net design_1_i/gemv_q8_0_dma_top_0/inst/core/scaled_shifted[2][0]_i_90_n_0.  Did not re-place instance design_1_i/gemv_q8_0_dma_top_0/inst/core/scaled_shifted[2][0]_i_90
INFO: [Physopt 32-662] Processed net design_1_i/gemv_q8_0_dma_top_0/inst/core/scaled_shifted[2][55]_i_1_n_0.  Did not re-place instance design_1_i/gemv_q8_0_dma_top_0/inst/core/scaled_shifted[2][55]_i_1
INFO: [Physopt 32-662] Processed net design_1_i/gemv_q8_0_dma_top_0/inst/core/scaled_shifted[2][55]_i_3_n_0.  Did not re-place instance design_1_i/gemv_q8_0_dma_top_0/inst/core/scaled_shifted[2][55]_i_3
INFO: [Physopt 32-662] Processed net design_1_i/gemv_q8_0_dma_top_0/inst/core/scaled_shifted_reg[2]_4[55].  Did not re-place instance design_1_i/gemv_q8_0_dma_top_0/inst/core/scaled_shifted_reg[2][55]
INFO: [Physopt 32-662] Processed net design_1_i/gemv_q8_0_dma_top_0/inst/core/scaled_shifted[1][0]_i_87_n_0.  Did not re-place instance design_1_i/gemv_q8_0_dma_top_0/inst/core/scaled_shifted[1][0]_i_87
INFO: [Physopt 32-662] Processed net design_1_i/gemv_q8_0_dma_top_0/inst/core/scaled_shifted[6][0]_i_67_n_0.  Did not re-place instance design_1_i/gemv_q8_0_dma_top_0/inst/core/scaled_shifted[6][0]_i_67
INFO: [Physopt 32-662] Processed net design_1_i/gemv_q8_0_dma_top_0/inst/core/scaled_shifted[7][0]_i_44_n_0.  Did not re-place instance design_1_i/gemv_q8_0_dma_top_0/inst/core/scaled_shifted[7][0]_i_44
INFO: [Physopt 32-662] Processed net design_1_i/gemv_q8_0_dma_top_0/inst/core/scaled_shifted[7][0]_i_52_n_0.  Did not re-place instance design_1_i/gemv_q8_0_dma_top_0/inst/core/scaled_shifted[7][0]_i_52
INFO: [Physopt 32-662] Processed net design_1_i/gemv_q8_0_dma_top_0/inst/core/scaled_shifted[7][0]_i_80_n_0.  Did not re-place instance design_1_i/gemv_q8_0_dma_top_0/inst/core/scaled_shifted[7][0]_i_80
INFO: [Physopt 32-662] Processed net design_1_i/gemv_q8_0_dma_top_0/inst/core/scaled_shifted[2][0]_i_43_n_0.  Did not re-place instance design_1_i/gemv_q8_0_dma_top_0/inst/core/scaled_shifted[2][0]_i_43
INFO: [Physopt 32-662] Processed net design_1_i/gemv_q8_0_dma_top_0/inst/core/scaled_shifted[2][0]_i_47_n_0.  Did not re-place instance design_1_i/gemv_q8_0_dma_top_0/inst/core/scaled_shifted[2][0]_i_47
INFO: [Physopt 32-662] Processed net design_1_i/gemv_q8_0_dma_top_0/inst/core/scaled_shifted[2][0]_i_54_n_0.  Did not re-place instance design_1_i/gemv_q8_0_dma_top_0/inst/core/scaled_shifted[2][0]_i_54
INFO: [Physopt 32-662] Processed net design_1_i/gemv_q8_0_dma_top_0/inst/core/scaled_shifted[2][0]_i_82_n_0.  Did not re-place instance design_1_i/gemv_q8_0_dma_top_0/inst/core/scaled_shifted[2][0]_i_82
INFO: [Physopt 32-662] Processed net design_1_i/gemv_q8_0_dma_top_0/inst/core/scaled_shifted[2][0]_i_91_n_0.  Did not re-place instance design_1_i/gemv_q8_0_dma_top_0/inst/core/scaled_shifted[2][0]_i_91
INFO: [Physopt 32-663] Processed net design_1_i/gemv_q8_0_dma_top_0/inst/core/scale_shift_reg_reg_n_0_[1].  Re-placed instance design_1_i/gemv_q8_0_dma_top_0/inst/core/scale_shift_reg_reg[1]
INFO: [Physopt 32-662] Processed net design_1_i/gemv_q8_0_dma_top_0/inst/core/scaled_shifted[7][0]_i_72_n_0.  Did not re-place instance design_1_i/gemv_q8_0_dma_top_0/inst/core/scaled_shifted[7][0]_i_72
INFO: [Physopt 32-662] Processed net design_1_i/gemv_q8_0_dma_top_0/inst/core/scaled_shifted[3][0]_i_95_n_0.  Did not re-place instance design_1_i/gemv_q8_0_dma_top_0/inst/core/scaled_shifted[3][0]_i_95
INFO: [Physopt 32-662] Processed net design_1_i/gemv_q8_0_dma_top_0/inst/core/scaled_shifted[2][52]_i_1_n_0.  Did not re-place instance design_1_i/gemv_q8_0_dma_top_0/inst/core/scaled_shifted[2][52]_i_1
INFO: [Physopt 32-662] Processed net design_1_i/gemv_q8_0_dma_top_0/inst/core/scaled_shifted[2][52]_i_2_n_0.  Did not re-place instance design_1_i/gemv_q8_0_dma_top_0/inst/core/scaled_shifted[2][52]_i_2
INFO: [Physopt 32-662] Processed net design_1_i/gemv_q8_0_dma_top_0/inst/core/scaled_shifted_reg[2]_4[52].  Did not re-place instance design_1_i/gemv_q8_0_dma_top_0/inst/core/scaled_shifted_reg[2][52]
INFO: [Physopt 32-662] Processed net design_1_i/gemv_q8_0_dma_top_0/inst/core/scaled_shifted[7][0]_i_60_n_0.  Did not re-place instance design_1_i/gemv_q8_0_dma_top_0/inst/core/scaled_shifted[7][0]_i_60
INFO: [Physopt 32-662] Processed net design_1_i/gemv_q8_0_dma_top_0/inst/core/scaled_product_reg[2][16]__0_n_0.  Did not re-place instance design_1_i/gemv_q8_0_dma_top_0/inst/core/scaled_product_reg[2][16]__0
INFO: [Physopt 32-662] Processed net design_1_i/gemv_q8_0_dma_top_0/inst/core/scaled_shifted[2][0]_i_55_n_0.  Did not re-place instance design_1_i/gemv_q8_0_dma_top_0/inst/core/scaled_shifted[2][0]_i_55
INFO: [Physopt 32-662] Processed net design_1_i/gemv_q8_0_dma_top_0/inst/core/scaled_shifted[2][0]_i_83_n_0.  Did not re-place instance design_1_i/gemv_q8_0_dma_top_0/inst/core/scaled_shifted[2][0]_i_83
INFO: [Physopt 32-662] Processed net design_1_i/gemv_q8_0_dma_top_0/inst/core/scaled_shifted[7][52]_i_1_n_0.  Did not re-place instance design_1_i/gemv_q8_0_dma_top_0/inst/core/scaled_shifted[7][52]_i_1
INFO: [Physopt 32-662] Processed net design_1_i/gemv_q8_0_dma_top_0/inst/core/scaled_shifted[7][52]_i_2_n_0.  Did not re-place instance design_1_i/gemv_q8_0_dma_top_0/inst/core/scaled_shifted[7][52]_i_2
INFO: [Physopt 32-662] Processed net design_1_i/gemv_q8_0_dma_top_0/inst/core/scaled_shifted_reg[7]_14[52].  Did not re-place instance design_1_i/gemv_q8_0_dma_top_0/inst/core/scaled_shifted_reg[7][52]
INFO: [Physopt 32-662] Processed net design_1_i/gemv_q8_0_dma_top_0/inst/core/scaled_shifted[4][0]_i_16_n_0.  Did not re-place instance design_1_i/gemv_q8_0_dma_top_0/inst/core/scaled_shifted[4][0]_i_16
INFO: [Physopt 32-662] Processed net design_1_i/gemv_q8_0_dma_top_0/inst/core/scaled_shifted[4][4]_i_13_n_0.  Did not re-place instance design_1_i/gemv_q8_0_dma_top_0/inst/core/scaled_shifted[4][4]_i_13
INFO: [Physopt 32-662] Processed net design_1_i/gemv_q8_0_dma_top_0/inst/core/data1__0[57].  Did not re-place instance design_1_i/gemv_q8_0_dma_top_0/inst/core/scaled_shifted[6][57]_i_2
INFO: [Physopt 32-662] Processed net design_1_i/gemv_q8_0_dma_top_0/inst/core/scaled_shifted[6][57]_i_1_n_0.  Did not re-place instance design_1_i/gemv_q8_0_dma_top_0/inst/core/scaled_shifted[6][57]_i_1
INFO: [Physopt 32-662] Processed net design_1_i/gemv_q8_0_dma_top_0/inst/core/scaled_shifted_reg[6]_12[57].  Did not re-place instance design_1_i/gemv_q8_0_dma_top_0/inst/core/scaled_shifted_reg[6][57]
INFO: [Physopt 32-662] Processed net design_1_i/gemv_q8_0_dma_top_0/inst/core/scaled_shifted[7][50]_i_1_n_0.  Did not re-place instance design_1_i/gemv_q8_0_dma_top_0/inst/core/scaled_shifted[7][50]_i_1
INFO: [Physopt 32-663] Processed net design_1_i/gemv_q8_0_dma_top_0/inst/core/scaled_shifted[7][50]_i_2_n_0.  Re-placed instance design_1_i/gemv_q8_0_dma_top_0/inst/core/scaled_shifted[7][50]_i_2
INFO: [Physopt 32-662] Processed net design_1_i/gemv_q8_0_dma_top_0/inst/core/scaled_shifted_reg[7]_14[50].  Did not re-place instance design_1_i/gemv_q8_0_dma_top_0/inst/core/scaled_shifted_reg[7][50]
INFO: [Physopt 32-662] Processed net design_1_i/gemv_q8_0_dma_top_0/inst/core/scaled_shifted[1][0]_i_108_n_0.  Did not re-place instance design_1_i/gemv_q8_0_dma_top_0/inst/core/scaled_shifted[1][0]_i_108
INFO: [Physopt 32-662] Processed net design_1_i/gemv_q8_0_dma_top_0/inst/core/scaled_shifted[6][0]_i_76_n_0.  Did not re-place instance design_1_i/gemv_q8_0_dma_top_0/inst/core/scaled_shifted[6][0]_i_76
INFO: [Physopt 32-662] Processed net design_1_i/gemv_q8_0_dma_top_0/inst/core/scaled_shifted[3][0]_i_17_n_0.  Did not re-place instance design_1_i/gemv_q8_0_dma_top_0/inst/core/scaled_shifted[3][0]_i_17
INFO: [Physopt 32-662] Processed net design_1_i/gemv_q8_0_dma_top_0/inst/core/scaled_shifted[7][51]_i_6_n_0.  Did not re-place instance design_1_i/gemv_q8_0_dma_top_0/inst/core/scaled_shifted[7][51]_i_6
INFO: [Physopt 32-662] Processed net design_1_i/gemv_q8_0_dma_top_0/inst/core/scaled_shifted[2][63]_i_41_n_0.  Did not re-place instance design_1_i/gemv_q8_0_dma_top_0/inst/core/scaled_shifted[2][63]_i_41
INFO: [Physopt 32-662] Processed net design_1_i/gemv_q8_0_dma_top_0/inst/core/scaled_shifted[1][0]_i_127_n_0.  Did not re-place instance design_1_i/gemv_q8_0_dma_top_0/inst/core/scaled_shifted[1][0]_i_127
INFO: [Physopt 32-662] Processed net design_1_i/gemv_q8_0_dma_top_0/inst/core/scaled_shifted[3][0]_i_15_n_0.  Did not re-place instance design_1_i/gemv_q8_0_dma_top_0/inst/core/scaled_shifted[3][0]_i_15
INFO: [Physopt 32-663] Processed net design_1_i/gemv_q8_0_dma_top_0/inst/core/scaled_shifted[6][0]_i_87_n_0.  Re-placed instance design_1_i/gemv_q8_0_dma_top_0/inst/core/scaled_shifted[6][0]_i_87
INFO: [Physopt 32-662] Processed net design_1_i/gemv_q8_0_dma_top_0/inst/core/scaled_shifted[3][0]_i_13_n_0.  Did not re-place instance design_1_i/gemv_q8_0_dma_top_0/inst/core/scaled_shifted[3][0]_i_13
INFO: [Physopt 32-662] Processed net design_1_i/gemv_q8_0_dma_top_0/inst/core/scaled_shifted[2][0]_i_40_n_0.  Did not re-place instance design_1_i/gemv_q8_0_dma_top_0/inst/core/scaled_shifted[2][0]_i_40
INFO: [Physopt 32-662] Processed net design_1_i/gemv_q8_0_dma_top_0/inst/core/scaled_shifted[2][0]_i_44_n_0.  Did not re-place instance design_1_i/gemv_q8_0_dma_top_0/inst/core/scaled_shifted[2][0]_i_44
INFO: [Physopt 32-662] Processed net design_1_i/gemv_q8_0_dma_top_0/inst/core/scaled_shifted[2][0]_i_60_n_0.  Did not re-place instance design_1_i/gemv_q8_0_dma_top_0/inst/core/scaled_shifted[2][0]_i_60
INFO: [Physopt 32-662] Processed net design_1_i/gemv_q8_0_dma_top_0/inst/core/scaled_shifted[2][0]_i_68_n_0.  Did not re-place instance design_1_i/gemv_q8_0_dma_top_0/inst/core/scaled_shifted[2][0]_i_68
INFO: [Physopt 32-662] Processed net design_1_i/gemv_q8_0_dma_top_0/inst/core/scaled_shifted[2][0]_i_72_n_0.  Did not re-place instance design_1_i/gemv_q8_0_dma_top_0/inst/core/scaled_shifted[2][0]_i_72
INFO: [Physopt 32-662] Processed net design_1_i/gemv_q8_0_dma_top_0/inst/core/scaled_shifted[2][0]_i_88_n_0.  Did not re-place instance design_1_i/gemv_q8_0_dma_top_0/inst/core/scaled_shifted[2][0]_i_88
INFO: [Physopt 32-662] Processed net design_1_i/gemv_q8_0_dma_top_0/inst/core/scaled_shifted[1][0]_i_109_n_0.  Did not re-place instance design_1_i/gemv_q8_0_dma_top_0/inst/core/scaled_shifted[1][0]_i_109
INFO: [Physopt 32-662] Processed net design_1_i/gemv_q8_0_dma_top_0/inst/core/scaled_shifted[3][8]_i_13_n_0.  Did not re-place instance design_1_i/gemv_q8_0_dma_top_0/inst/core/scaled_shifted[3][8]_i_13
INFO: [Physopt 32-662] Processed net design_1_i/gemv_q8_0_dma_top_0/inst/core/scaled_shifted[3][8]_i_8_n_0.  Did not re-place instance design_1_i/gemv_q8_0_dma_top_0/inst/core/scaled_shifted[3][8]_i_8
INFO: [Physopt 32-662] Processed net design_1_i/gemv_q8_0_dma_top_0/inst/core/scaled_shifted[6][0]_i_77_n_0.  Did not re-place instance design_1_i/gemv_q8_0_dma_top_0/inst/core/scaled_shifted[6][0]_i_77
INFO: [Physopt 32-662] Processed net design_1_i/gemv_q8_0_dma_top_0/inst/core/scaled_shifted[2][62]_i_1_n_0.  Did not re-place instance design_1_i/gemv_q8_0_dma_top_0/inst/core/scaled_shifted[2][62]_i_1
INFO: [Physopt 32-662] Processed net design_1_i/gemv_q8_0_dma_top_0/inst/core/scaled_shifted[2][62]_i_2_n_0.  Did not re-place instance design_1_i/gemv_q8_0_dma_top_0/inst/core/scaled_shifted[2][62]_i_2
INFO: [Physopt 32-662] Processed net design_1_i/gemv_q8_0_dma_top_0/inst/core/scaled_shifted_reg[2]_4[62].  Did not re-place instance design_1_i/gemv_q8_0_dma_top_0/inst/core/scaled_shifted_reg[2][62]
INFO: [Physopt 32-662] Processed net design_1_i/gemv_q8_0_dma_top_0/inst/core/scaled_product_reg_n_0_[2][0].  Did not re-place instance design_1_i/gemv_q8_0_dma_top_0/inst/core/scaled_product_reg[2][0]
INFO: [Physopt 32-662] Processed net design_1_i/gemv_q8_0_dma_top_0/inst/core/scaled_shifted[12][0]_i_15_n_0.  Did not re-place instance design_1_i/gemv_q8_0_dma_top_0/inst/core/scaled_shifted[12][0]_i_15
INFO: [Physopt 32-662] Processed net design_1_i/gemv_q8_0_dma_top_0/inst/core/scaled_shifted[12][4]_i_5_n_0.  Did not re-place instance design_1_i/gemv_q8_0_dma_top_0/inst/core/scaled_shifted[12][0]_i_3
INFO: [Physopt 32-662] Processed net design_1_i/gemv_q8_0_dma_top_0/inst/core/scaled_shifted[12][0]_i_6_n_0.  Did not re-place instance design_1_i/gemv_q8_0_dma_top_0/inst/core/scaled_shifted[12][0]_i_6
INFO: [Physopt 32-662] Processed net design_1_i/gemv_q8_0_dma_top_0/inst/core/scaled_shifted[12][0]_i_79_n_0.  Did not re-place instance design_1_i/gemv_q8_0_dma_top_0/inst/core/scaled_shifted[12][0]_i_79
INFO: [Physopt 32-662] Processed net design_1_i/gemv_q8_0_dma_top_0/inst/core/scaled_shifted[12][62]_i_1_n_0.  Did not re-place instance design_1_i/gemv_q8_0_dma_top_0/inst/core/scaled_shifted[12][62]_i_1
INFO: [Physopt 32-662] Processed net design_1_i/gemv_q8_0_dma_top_0/inst/core/scaled_shifted[12][62]_i_2_n_0.  Did not re-place instance design_1_i/gemv_q8_0_dma_top_0/inst/core/scaled_shifted[12][62]_i_2
INFO: [Physopt 32-662] Processed net design_1_i/gemv_q8_0_dma_top_0/inst/core/scaled_shifted_reg[12]_24[62].  Did not re-place instance design_1_i/gemv_q8_0_dma_top_0/inst/core/scaled_shifted_reg[12][62]
INFO: [Physopt 32-662] Processed net design_1_i/gemv_q8_0_dma_top_0/inst/core/scaled_shifted[2][23]_i_5_n_0.  Did not re-place instance design_1_i/gemv_q8_0_dma_top_0/inst/core/scaled_shifted[2][23]_i_5
INFO: [Physopt 32-662] Processed net design_1_i/gemv_q8_0_dma_top_0/inst/core/scaled_shifted[2][0]_i_57_n_0.  Did not re-place instance design_1_i/gemv_q8_0_dma_top_0/inst/core/scaled_shifted[2][0]_i_57
INFO: [Physopt 32-662] Processed net design_1_i/gemv_q8_0_dma_top_0/inst/core/scaled_shifted[4][8]_i_13_n_0.  Did not re-place instance design_1_i/gemv_q8_0_dma_top_0/inst/core/scaled_shifted[4][8]_i_13
INFO: [Physopt 32-662] Processed net design_1_i/gemv_q8_0_dma_top_0/inst/core/scaled_shifted[4][4]_i_8_n_0.  Did not re-place instance design_1_i/gemv_q8_0_dma_top_0/inst/core/scaled_shifted[4][4]_i_8
INFO: [Physopt 32-662] Processed net design_1_i/gemv_q8_0_dma_top_0/inst/core/scaled_shifted[2][0]_i_52_n_0.  Did not re-place instance design_1_i/gemv_q8_0_dma_top_0/inst/core/scaled_shifted[2][0]_i_52
INFO: [Physopt 32-662] Processed net design_1_i/gemv_q8_0_dma_top_0/inst/core/scaled_shifted[2][0]_i_80_n_0.  Did not re-place instance design_1_i/gemv_q8_0_dma_top_0/inst/core/scaled_shifted[2][0]_i_80
INFO: [Physopt 32-661] Optimized 5 nets.  Re-placed 5 instances.
INFO: [Physopt 32-775] End 1 Pass. Optimized 5 nets or cells. Created 0 new cell, deleted 0 existing cell and moved 5 existing cells
INFO: [Physopt 32-619] Estimated Timing Summary | WNS=-0.005 | TNS=-0.005 |
Netlist sorting complete. Time (s): cpu = 00:00:00.08 ; elapsed = 00:00:00.02 . Memory (MB): peak = 3330.715 ; gain = 0.000 ; free physical = 49246 ; free virtual = 64631
Phase 9 Single Cell Placement Optimization | Checksum: 1a72f54dc

Time (s): cpu = 00:01:00 ; elapsed = 00:00:10 . Memory (MB): peak = 3330.715 ; gain = 2.289 ; free physical = 49246 ; free virtual = 64630

Phase 10 Multi Cell Placement Optimization
INFO: [Physopt 32-660] Identified 100 candidate nets for placement-based optimization.
INFO: [Physopt 32-662] Processed net design_1_i/gemv_q8_0_dma_top_0/inst/core/scaled_shifted[2][0]_i_5_n_0.  Did not re-place instance design_1_i/gemv_q8_0_dma_top_0/inst/core/scaled_shifted[2][0]_i_5/O
INFO: [Physopt 32-662] Processed net design_1_i/gemv_q8_0_dma_top_0/inst/core/scaled_shifted[2][0]_i_10_n_0.  Did not re-place instance design_1_i/gemv_q8_0_dma_top_0/inst/core/scaled_shifted[2][0]_i_10/O
INFO: [Physopt 32-662] Processed net design_1_i/gemv_q8_0_dma_top_0/inst/core/scaled_shifted[2][4]_i_12_n_0.  Did not re-place instance design_1_i/gemv_q8_0_dma_top_0/inst/core/scaled_shifted[2][4]_i_12/O
INFO: [Physopt 32-662] Processed net design_1_i/gemv_q8_0_dma_top_0/inst/core/scaled_shifted[2][56]_i_1_n_0.  Did not re-place instance design_1_i/gemv_q8_0_dma_top_0/inst/core/scaled_shifted[2][56]_i_1/O
INFO: [Physopt 32-662] Processed net design_1_i/gemv_q8_0_dma_top_0/inst/core/scaled_shifted[2][56]_i_2_n_0.  Did not re-place instance design_1_i/gemv_q8_0_dma_top_0/inst/core/scaled_shifted[2][56]_i_2/O
INFO: [Physopt 32-661] Optimized 0 net.  Re-placed 0 instance.
INFO: [Physopt 32-775] End 1 Pass. Optimized 0 net or cell. Created 0 new cell, deleted 0 existing cell and moved 0 existing cell
Netlist sorting complete. Time (s): cpu = 00:00:00 ; elapsed = 00:00:00.01 . Memory (MB): peak = 3330.715 ; gain = 0.000 ; free physical = 49248 ; free virtual = 64632
Phase 10 Multi Cell Placement Optimization | Checksum: 1edd874e7

Time (s): cpu = 00:01:01 ; elapsed = 00:00:11 . Memory (MB): peak = 3330.715 ; gain = 2.289 ; free physical = 49248 ; free virtual = 64632

Phase 11 Rewire
INFO: [Physopt 32-246] Starting Signal Push optimization...
INFO: [Physopt 32-241] No nets found for rewiring () optimization.
INFO: [Physopt 32-232] Optimized 0 net. Created 0 new instance.
INFO: [Physopt 32-775] End 1 Pass. Optimized 0 net or cell. Created 0 new cell, deleted 0 existing cell and moved 0 existing cell
Netlist sorting complete. Time (s): cpu = 00:00:00.01 ; elapsed = 00:00:00 . Memory (MB): peak = 3330.715 ; gain = 0.000 ; free physical = 49250 ; free virtual = 64634
Phase 11 Rewire | Checksum: 1edd874e7

Time (s): cpu = 00:01:01 ; elapsed = 00:00:11 . Memory (MB): peak = 3330.715 ; gain = 2.289 ; free physical = 49250 ; free virtual = 64634

Phase 12 Critical Cell Optimization
INFO: [Physopt 32-46] Identified 16 candidate nets for critical-cell optimization.
INFO: [Physopt 32-571] Net design_1_i/gemv_q8_0_dma_top_0/inst/core/scaled_shifted[7][0]_i_16_n_0 was not replicated.
INFO: [Physopt 32-571] Net design_1_i/gemv_q8_0_dma_top_0/inst/core/scaled_shifted[2][0]_i_17_n_0 was not replicated.
INFO: [Physopt 32-571] Net design_1_i/gemv_q8_0_dma_top_0/inst/core/scaled_shifted[1][0]_i_142_n_0 was not replicated.
INFO: [Physopt 32-571] Net design_1_i/gemv_q8_0_dma_top_0/inst/core/scaled_shifted[1][0]_i_110_n_0 was not replicated.
INFO: [Physopt 32-571] Net design_1_i/gemv_q8_0_dma_top_0/inst/core/scaled_shifted[6][8]_i_14_n_0 was not replicated.
INFO: [Physopt 32-571] Net design_1_i/gemv_q8_0_dma_top_0/inst/core/scaled_shifted[1][0]_i_143_n_0 was not replicated.
INFO: [Physopt 32-571] Net design_1_i/gemv_q8_0_dma_top_0/inst/core/scaled_shifted[6][8]_i_13_n_0 was not replicated.
INFO: [Physopt 32-571] Net design_1_i/gemv_q8_0_dma_top_0/inst/core/scaled_shifted[3][0]_i_12_n_0 was not replicated.
INFO: [Physopt 32-571] Net design_1_i/gemv_q8_0_dma_top_0/inst/core/scaled_shifted[1][0]_i_87_n_0 was not replicated.
INFO: [Physopt 32-571] Net design_1_i/gemv_q8_0_dma_top_0/inst/core/scaled_shifted[1][0]_i_108_n_0 was not replicated.
INFO: [Physopt 32-571] Net design_1_i/gemv_q8_0_dma_top_0/inst/core/scaled_shifted[3][0]_i_17_n_0 was not replicated.
INFO: [Physopt 32-571] Net design_1_i/gemv_q8_0_dma_top_0/inst/core/scaled_shifted[3][0]_i_15_n_0 was not replicated.
INFO: [Physopt 32-571] Net design_1_i/gemv_q8_0_dma_top_0/inst/core/scaled_shifted[2][0]_i_16_n_0 was not replicated.
INFO: [Physopt 32-571] Net design_1_i/gemv_q8_0_dma_top_0/inst/core/scaled_shifted[1][0]_i_109_n_0 was not replicated.
INFO: [Physopt 32-571] Net design_1_i/gemv_q8_0_dma_top_0/inst/core/scaled_shifted[3][8]_i_13_n_0 was not replicated.
INFO: [Physopt 32-232] Optimized 0 net. Created 0 new instance.
INFO: [Physopt 32-775] End 1 Pass. Optimized 0 net or cell. Created 0 new cell, deleted 0 existing cell and moved 0 existing cell
Phase 12 Critical Cell Optimization | Checksum: 1edd874e7

Time (s): cpu = 00:01:01 ; elapsed = 00:00:11 . Memory (MB): peak = 3330.715 ; gain = 2.289 ; free physical = 49249 ; free virtual = 64634

Phase 13 SLR Crossing Optimization
Phase 13 SLR Crossing Optimization | Checksum: 1edd874e7

Time (s): cpu = 00:01:01 ; elapsed = 00:00:11 . Memory (MB): peak = 3330.715 ; gain = 2.289 ; free physical = 49250 ; free virtual = 64634

Phase 14 Fanout Optimization
INFO: [Physopt 32-64] No nets found for fanout-optimization.
INFO: [Physopt 32-232] Optimized 0 net. Created 0 new instance.
INFO: [Physopt 32-775] End 1 Pass. Optimized 0 net or cell. Created 0 new cell, deleted 0 existing cell and moved 0 existing cell
Phase 14 Fanout Optimization | Checksum: 1edd874e7

Time (s): cpu = 00:01:01 ; elapsed = 00:00:11 . Memory (MB): peak = 3330.715 ; gain = 2.289 ; free physical = 49241 ; free virtual = 64632

Phase 15 Single Cell Placement Optimization
INFO: [Physopt 32-660] Identified 182 candidate nets for placement-based optimization.
INFO: [Physopt 32-662] Processed net design_1_i/gemv_q8_0_dma_top_0/inst/core/scaled_shifted[2][0]_i_5_n_0.  Did not re-place instance design_1_i/gemv_q8_0_dma_top_0/inst/core/scaled_shifted[2][0]_i_5
INFO: [Physopt 32-662] Processed net design_1_i/gemv_q8_0_dma_top_0/inst/core/scaled_shifted[2][0]_i_10_n_0.  Did not re-place instance design_1_i/gemv_q8_0_dma_top_0/inst/core/scaled_shifted[2][0]_i_10
INFO: [Physopt 32-662] Processed net design_1_i/gemv_q8_0_dma_top_0/inst/core/scaled_shifted[2][0]_i_58_n_0.  Did not re-place instance design_1_i/gemv_q8_0_dma_top_0/inst/core/scaled_shifted[2][0]_i_58
INFO: [Physopt 32-662] Processed net design_1_i/gemv_q8_0_dma_top_0/inst/core/scaled_shifted[2][19]_i_4_n_0.  Did not re-place instance design_1_i/gemv_q8_0_dma_top_0/inst/core/scaled_shifted[2][19]_i_4
INFO: [Physopt 32-662] Processed net design_1_i/gemv_q8_0_dma_top_0/inst/core/scaled_shifted[2][4]_i_12_n_0.  Did not re-place instance design_1_i/gemv_q8_0_dma_top_0/inst/core/scaled_shifted[2][4]_i_12
INFO: [Physopt 32-662] Processed net design_1_i/gemv_q8_0_dma_top_0/inst/core/scaled_shifted[2][4]_i_9_n_0.  Did not re-place instance design_1_i/gemv_q8_0_dma_top_0/inst/core/scaled_shifted[2][4]_i_9
INFO: [Physopt 32-662] Processed net design_1_i/gemv_q8_0_dma_top_0/inst/core/scaled_shifted[2][56]_i_1_n_0.  Did not re-place instance design_1_i/gemv_q8_0_dma_top_0/inst/core/scaled_shifted[2][56]_i_1
INFO: [Physopt 32-662] Processed net design_1_i/gemv_q8_0_dma_top_0/inst/core/scaled_shifted[2][56]_i_2_n_0.  Did not re-place instance design_1_i/gemv_q8_0_dma_top_0/inst/core/scaled_shifted[2][56]_i_2
INFO: [Physopt 32-662] Processed net design_1_i/gemv_q8_0_dma_top_0/inst/core/scaled_shifted_reg[2]_4[56].  Did not re-place instance design_1_i/gemv_q8_0_dma_top_0/inst/core/scaled_shifted_reg[2][56]
INFO: [Physopt 32-662] Processed net design_1_i/gemv_q8_0_dma_top_0/inst/core/scaled_shifted[2][19]_i_6_n_0.  Did not re-place instance design_1_i/gemv_q8_0_dma_top_0/inst/core/scaled_shifted[2][19]_i_6
INFO: [Physopt 32-662] Processed net design_1_i/gemv_q8_0_dma_top_0/inst/core/scaled_shifted[2][0]_i_14_n_0.  Did not re-place instance design_1_i/gemv_q8_0_dma_top_0/inst/core/scaled_shifted[2][0]_i_14
INFO: [Physopt 32-662] Processed net design_1_i/gemv_q8_0_dma_top_0/inst/core/scaled_shifted[2][8]_i_14_n_0.  Did not re-place instance design_1_i/gemv_q8_0_dma_top_0/inst/core/scaled_shifted[2][8]_i_14
INFO: [Physopt 32-662] Processed net design_1_i/gemv_q8_0_dma_top_0/inst/core/scaled_shifted[2][58]_i_1_n_0.  Did not re-place instance design_1_i/gemv_q8_0_dma_top_0/inst/core/scaled_shifted[2][58]_i_1
INFO: [Physopt 32-662] Processed net design_1_i/gemv_q8_0_dma_top_0/inst/core/scaled_shifted[2][58]_i_2_n_0.  Did not re-place instance design_1_i/gemv_q8_0_dma_top_0/inst/core/scaled_shifted[2][58]_i_2
INFO: [Physopt 32-662] Processed net design_1_i/gemv_q8_0_dma_top_0/inst/core/scaled_shifted_reg[2]_4[58].  Did not re-place instance design_1_i/gemv_q8_0_dma_top_0/inst/core/scaled_shifted_reg[2][58]
INFO: [Physopt 32-662] Processed net design_1_i/gemv_q8_0_dma_top_0/inst/core/scaled_shifted[2][0]_i_11_n_0.  Did not re-place instance design_1_i/gemv_q8_0_dma_top_0/inst/core/scaled_shifted[2][0]_i_11
INFO: [Physopt 32-662] Processed net design_1_i/gemv_q8_0_dma_top_0/inst/core/scaled_shifted[2][19]_i_5_n_0.  Did not re-place instance design_1_i/gemv_q8_0_dma_top_0/inst/core/scaled_shifted[2][19]_i_5
INFO: [Physopt 32-662] Processed net design_1_i/gemv_q8_0_dma_top_0/inst/core/scaled_shifted[2][23]_i_6_n_0.  Did not re-place instance design_1_i/gemv_q8_0_dma_top_0/inst/core/scaled_shifted[2][23]_i_6
INFO: [Physopt 32-662] Processed net design_1_i/gemv_q8_0_dma_top_0/inst/core/scaled_shifted[2][63]_i_42_n_0.  Did not re-place instance design_1_i/gemv_q8_0_dma_top_0/inst/core/scaled_shifted[2][63]_i_42
INFO: [Physopt 32-662] Processed net design_1_i/gemv_q8_0_dma_top_0/inst/core/scaled_shifted[2][48]_i_1_n_0.  Did not re-place instance design_1_i/gemv_q8_0_dma_top_0/inst/core/scaled_shifted[2][48]_i_1
INFO: [Physopt 32-662] Processed net design_1_i/gemv_q8_0_dma_top_0/inst/core/scaled_shifted[2][48]_i_2_n_0.  Did not re-place instance design_1_i/gemv_q8_0_dma_top_0/inst/core/scaled_shifted[2][48]_i_2
INFO: [Physopt 32-662] Processed net design_1_i/gemv_q8_0_dma_top_0/inst/core/scaled_shifted_reg[2]_4[48].  Did not re-place instance design_1_i/gemv_q8_0_dma_top_0/inst/core/scaled_shifted_reg[2][48]
INFO: [Physopt 32-662] Processed net design_1_i/gemv_q8_0_dma_top_0/inst/core/scaled_shifted[2][23]_i_7_n_0.  Did not re-place instance design_1_i/gemv_q8_0_dma_top_0/inst/core/scaled_shifted[2][23]_i_7
INFO: [Physopt 32-662] Processed net design_1_i/gemv_q8_0_dma_top_0/inst/core/scaled_shifted[7][0]_i_16_n_0.  Did not re-place instance design_1_i/gemv_q8_0_dma_top_0/inst/core/scaled_shifted[7][0]_i_16
INFO: [Physopt 32-662] Processed net design_1_i/gemv_q8_0_dma_top_0/inst/core/scaled_shifted[7][0]_i_55_n_0.  Did not re-place instance design_1_i/gemv_q8_0_dma_top_0/inst/core/scaled_shifted[7][0]_i_55
INFO: [Physopt 32-662] Processed net design_1_i/gemv_q8_0_dma_top_0/inst/core/scaled_shifted[7][0]_i_83_n_0.  Did not re-place instance design_1_i/gemv_q8_0_dma_top_0/inst/core/scaled_shifted[7][0]_i_83
INFO: [Physopt 32-662] Processed net design_1_i/gemv_q8_0_dma_top_0/inst/core/scaled_shifted[7][43]_i_6_n_0.  Did not re-place instance design_1_i/gemv_q8_0_dma_top_0/inst/core/scaled_shifted[7][43]_i_6
INFO: [Physopt 32-662] Processed net design_1_i/gemv_q8_0_dma_top_0/inst/core/scaled_shifted[7][4]_i_12_n_0.  Did not re-place instance design_1_i/gemv_q8_0_dma_top_0/inst/core/scaled_shifted[7][4]_i_12
INFO: [Physopt 32-662] Processed net design_1_i/gemv_q8_0_dma_top_0/inst/core/scaled_shifted[7][4]_i_13_n_0.  Did not re-place instance design_1_i/gemv_q8_0_dma_top_0/inst/core/scaled_shifted[7][4]_i_13
INFO: [Physopt 32-662] Processed net design_1_i/gemv_q8_0_dma_top_0/inst/core/scaled_shifted[7][4]_i_9_n_0.  Did not re-place instance design_1_i/gemv_q8_0_dma_top_0/inst/core/scaled_shifted[7][4]_i_9
INFO: [Physopt 32-662] Processed net design_1_i/gemv_q8_0_dma_top_0/inst/core/scaled_shifted[7][58]_i_1_n_0.  Did not re-place instance design_1_i/gemv_q8_0_dma_top_0/inst/core/scaled_shifted[7][58]_i_1
INFO: [Physopt 32-662] Processed net design_1_i/gemv_q8_0_dma_top_0/inst/core/scaled_shifted[7][58]_i_2_n_0.  Did not re-place instance design_1_i/gemv_q8_0_dma_top_0/inst/core/scaled_shifted[7][58]_i_2
INFO: [Physopt 32-662] Processed net design_1_i/gemv_q8_0_dma_top_0/inst/core/scaled_shifted_reg[7]_14[58].  Did not re-place instance design_1_i/gemv_q8_0_dma_top_0/inst/core/scaled_shifted_reg[7][58]
INFO: [Physopt 32-662] Processed net design_1_i/gemv_q8_0_dma_top_0/inst/core/scaled_shifted[7][0]_i_75_n_0.  Did not re-place instance design_1_i/gemv_q8_0_dma_top_0/inst/core/scaled_shifted[7][0]_i_75
INFO: [Physopt 32-662] Processed net design_1_i/gemv_q8_0_dma_top_0/inst/core/scaled_shifted[7][39]_i_6_n_0.  Did not re-place instance design_1_i/gemv_q8_0_dma_top_0/inst/core/scaled_shifted[7][39]_i_6
INFO: [Physopt 32-662] Processed net design_1_i/gemv_q8_0_dma_top_0/inst/core/scaled_shifted[2][0]_i_12_n_0.  Did not re-place instance design_1_i/gemv_q8_0_dma_top_0/inst/core/scaled_shifted[2][0]_i_12
INFO: [Physopt 32-662] Processed net design_1_i/gemv_q8_0_dma_top_0/inst/core/scaled_shifted[7][35]_i_4_n_0.  Did not re-place instance design_1_i/gemv_q8_0_dma_top_0/inst/core/scaled_shifted[7][35]_i_4
INFO: [Physopt 32-662] Processed net design_1_i/gemv_q8_0_dma_top_0/inst/core/scaled_shifted[2][50]_i_1_n_0.  Did not re-place instance design_1_i/gemv_q8_0_dma_top_0/inst/core/scaled_shifted[2][50]_i_1
INFO: [Physopt 32-662] Processed net design_1_i/gemv_q8_0_dma_top_0/inst/core/scaled_shifted[2][50]_i_2_n_0.  Did not re-place instance design_1_i/gemv_q8_0_dma_top_0/inst/core/scaled_shifted[2][50]_i_2
INFO: [Physopt 32-662] Processed net design_1_i/gemv_q8_0_dma_top_0/inst/core/scaled_shifted_reg[2]_4[50].  Did not re-place instance design_1_i/gemv_q8_0_dma_top_0/inst/core/scaled_shifted_reg[2][50]
INFO: [Physopt 32-662] Processed net design_1_i/gemv_q8_0_dma_top_0/inst/core/scaled_shifted[7][35]_i_5_n_0.  Did not re-place instance design_1_i/gemv_q8_0_dma_top_0/inst/core/scaled_shifted[7][35]_i_5
INFO: [Physopt 32-662] Processed net design_1_i/gemv_q8_0_dma_top_0/inst/core/scaled_shifted[2][0]_i_13_n_0.  Did not re-place instance design_1_i/gemv_q8_0_dma_top_0/inst/core/scaled_shifted[2][0]_i_13
INFO: [Physopt 32-662] Processed net design_1_i/gemv_q8_0_dma_top_0/inst/core/scaled_shifted[7][43]_i_7_n_0.  Did not re-place instance design_1_i/gemv_q8_0_dma_top_0/inst/core/scaled_shifted[7][43]_i_7
INFO: [Physopt 32-662] Processed net design_1_i/gemv_q8_0_dma_top_0/inst/core/scaled_shifted[2][0]_i_75_n_0.  Did not re-place instance design_1_i/gemv_q8_0_dma_top_0/inst/core/scaled_shifted[2][0]_i_75
INFO: [Physopt 32-662] Processed net design_1_i/gemv_q8_0_dma_top_0/inst/core/scaled_shifted[7][39]_i_7_n_0.  Did not re-place instance design_1_i/gemv_q8_0_dma_top_0/inst/core/scaled_shifted[7][39]_i_7
INFO: [Physopt 32-662] Processed net design_1_i/gemv_q8_0_dma_top_0/inst/core/scaled_shifted[2][54]_i_1_n_0.  Did not re-place instance design_1_i/gemv_q8_0_dma_top_0/inst/core/scaled_shifted[2][54]_i_1
INFO: [Physopt 32-662] Processed net design_1_i/gemv_q8_0_dma_top_0/inst/core/scaled_shifted[2][54]_i_2_n_0.  Did not re-place instance design_1_i/gemv_q8_0_dma_top_0/inst/core/scaled_shifted[2][54]_i_2
INFO: [Physopt 32-662] Processed net design_1_i/gemv_q8_0_dma_top_0/inst/core/scaled_shifted_reg[2]_4[54].  Did not re-place instance design_1_i/gemv_q8_0_dma_top_0/inst/core/scaled_shifted_reg[2][54]
INFO: [Physopt 32-662] Processed net design_1_i/gemv_q8_0_dma_top_0/inst/core/scaled_shifted[2][0]_i_63_n_0.  Did not re-place instance design_1_i/gemv_q8_0_dma_top_0/inst/core/scaled_shifted[2][0]_i_63
INFO: [Physopt 32-662] Processed net design_1_i/gemv_q8_0_dma_top_0/inst/core/scaled_shifted[2][0]_i_71_n_0.  Did not re-place instance design_1_i/gemv_q8_0_dma_top_0/inst/core/scaled_shifted[2][0]_i_71
INFO: [Physopt 32-662] Processed net design_1_i/gemv_q8_0_dma_top_0/inst/core/scaled_shifted[2][63]_i_43_n_0.  Did not re-place instance design_1_i/gemv_q8_0_dma_top_0/inst/core/scaled_shifted[2][63]_i_43
INFO: [Physopt 32-662] Processed net design_1_i/gemv_q8_0_dma_top_0/inst/core/scaled_shifted[2][27]_i_6_n_0.  Did not re-place instance design_1_i/gemv_q8_0_dma_top_0/inst/core/scaled_shifted[2][27]_i_6
INFO: [Physopt 32-662] Processed net design_1_i/gemv_q8_0_dma_top_0/inst/core/scaled_shifted[2][0]_i_59_n_0.  Did not re-place instance design_1_i/gemv_q8_0_dma_top_0/inst/core/scaled_shifted[2][0]_i_59
INFO: [Physopt 32-662] Processed net design_1_i/gemv_q8_0_dma_top_0/inst/core/scaled_shifted[2][0]_i_17_n_0.  Did not re-place instance design_1_i/gemv_q8_0_dma_top_0/inst/core/scaled_shifted[2][0]_i_17
INFO: [Physopt 32-662] Processed net design_1_i/gemv_q8_0_dma_top_0/inst/core/scaled_shifted[2][4]_i_5_n_0.  Did not re-place instance design_1_i/gemv_q8_0_dma_top_0/inst/core/scaled_shifted[2][0]_i_3
INFO: [Physopt 32-662] Processed net design_1_i/gemv_q8_0_dma_top_0/inst/core/scaled_shifted[2][0]_i_6_n_0.  Did not re-place instance design_1_i/gemv_q8_0_dma_top_0/inst/core/scaled_shifted[2][0]_i_6
INFO: [Physopt 32-662] Processed net design_1_i/gemv_q8_0_dma_top_0/inst/core/scaled_shifted[2][27]_i_7_n_0.  Did not re-place instance design_1_i/gemv_q8_0_dma_top_0/inst/core/scaled_shifted[2][27]_i_7
INFO: [Physopt 32-662] Processed net design_1_i/gemv_q8_0_dma_top_0/inst/core/scale_shift_reg_reg[4]_rep__20_n_0.  Did not re-place instance design_1_i/gemv_q8_0_dma_top_0/inst/core/scale_shift_reg_reg[4]_rep__20
INFO: [Physopt 32-662] Processed net design_1_i/gemv_q8_0_dma_top_0/inst/core/scaled_shifted[1][0]_i_142_n_0.  Did not re-place instance design_1_i/gemv_q8_0_dma_top_0/inst/core/scaled_shifted[1][0]_i_142
INFO: [Physopt 32-662] Processed net design_1_i/gemv_q8_0_dma_top_0/inst/core/scaled_shifted[3][0]_i_16_n_0.  Did not re-place instance design_1_i/gemv_q8_0_dma_top_0/inst/core/scaled_shifted[3][0]_i_16
INFO: [Physopt 32-662] Processed net design_1_i/gemv_q8_0_dma_top_0/inst/core/scaled_shifted[3][0]_i_94_n_0.  Did not re-place instance design_1_i/gemv_q8_0_dma_top_0/inst/core/scaled_shifted[3][0]_i_94
INFO: [Physopt 32-662] Processed net design_1_i/gemv_q8_0_dma_top_0/inst/core/scaled_shifted[3][4]_i_12_n_0.  Did not re-place instance design_1_i/gemv_q8_0_dma_top_0/inst/core/scaled_shifted[3][4]_i_12
INFO: [Physopt 32-662] Processed net design_1_i/gemv_q8_0_dma_top_0/inst/core/scaled_shifted[3][4]_i_13_n_0.  Did not re-place instance design_1_i/gemv_q8_0_dma_top_0/inst/core/scaled_shifted[3][4]_i_13
INFO: [Physopt 32-662] Processed net design_1_i/gemv_q8_0_dma_top_0/inst/core/scaled_shifted[3][4]_i_9_n_0.  Did not re-place instance design_1_i/gemv_q8_0_dma_top_0/inst/core/scaled_shifted[3][4]_i_9
INFO: [Physopt 32-662] Processed net design_1_i/gemv_q8_0_dma_top_0/inst/core/scaled_shifted[3][62]_i_1_n_0.  Did not re-place instance design_1_i/gemv_q8_0_dma_top_0/inst/core/scaled_shifted[3][62]_i_1
INFO: [Physopt 32-662] Processed net design_1_i/gemv_q8_0_dma_top_0/inst/core/scaled_shifted[3][62]_i_2_n_0.  Did not re-place instance design_1_i/gemv_q8_0_dma_top_0/inst/core/scaled_shifted[3][62]_i_2
INFO: [Physopt 32-662] Processed net design_1_i/gemv_q8_0_dma_top_0/inst/core/scaled_shifted_reg[3]_6[62].  Did not re-place instance design_1_i/gemv_q8_0_dma_top_0/inst/core/scaled_shifted_reg[3][62]
INFO: [Physopt 32-662] Processed net design_1_i/gemv_q8_0_dma_top_0/inst/core/scale_shift_reg_reg[3]_rep__17_n_0.  Did not re-place instance design_1_i/gemv_q8_0_dma_top_0/inst/core/scale_shift_reg_reg[3]_rep__17
INFO: [Physopt 32-662] Processed net design_1_i/gemv_q8_0_dma_top_0/inst/core/scaled_shifted[7][56]_i_1_n_0.  Did not re-place instance design_1_i/gemv_q8_0_dma_top_0/inst/core/scaled_shifted[7][56]_i_1
INFO: [Physopt 32-662] Processed net design_1_i/gemv_q8_0_dma_top_0/inst/core/scaled_shifted[7][56]_i_2_n_0.  Did not re-place instance design_1_i/gemv_q8_0_dma_top_0/inst/core/scaled_shifted[7][56]_i_2
INFO: [Physopt 32-662] Processed net design_1_i/gemv_q8_0_dma_top_0/inst/core/scaled_shifted_reg[7]_14[56].  Did not re-place instance design_1_i/gemv_q8_0_dma_top_0/inst/core/scaled_shifted_reg[7][56]
INFO: [Physopt 32-662] Processed net design_1_i/gemv_q8_0_dma_top_0/inst/core/scaled_shifted[3][0]_i_10_n_0.  Did not re-place instance design_1_i/gemv_q8_0_dma_top_0/inst/core/scaled_shifted[3][0]_i_10
INFO: [Physopt 32-662] Processed net design_1_i/gemv_q8_0_dma_top_0/inst/core/scaled_shifted[3][0]_i_5_n_0.  Did not re-place instance design_1_i/gemv_q8_0_dma_top_0/inst/core/scaled_shifted[3][0]_i_5
INFO: [Physopt 32-662] Processed net design_1_i/gemv_q8_0_dma_top_0/inst/core/scaled_shifted[3][4]_i_5_n_0.  Did not re-place instance design_1_i/gemv_q8_0_dma_top_0/inst/core/scaled_shifted[3][0]_i_3
INFO: [Physopt 32-662] Processed net design_1_i/gemv_q8_0_dma_top_0/inst/core/scaled_shifted[1][0]_i_110_n_0.  Did not re-place instance design_1_i/gemv_q8_0_dma_top_0/inst/core/scaled_shifted[1][0]_i_110
INFO: [Physopt 32-662] Processed net design_1_i/gemv_q8_0_dma_top_0/inst/core/scaled_shifted[6][8]_i_14_n_0.  Did not re-place instance design_1_i/gemv_q8_0_dma_top_0/inst/core/scaled_shifted[6][8]_i_14
INFO: [Physopt 32-662] Processed net design_1_i/gemv_q8_0_dma_top_0/inst/core/scaled_shifted[6][0]_i_14_n_0.  Did not re-place instance design_1_i/gemv_q8_0_dma_top_0/inst/core/scaled_shifted[6][0]_i_14
INFO: [Physopt 32-662] Processed net design_1_i/gemv_q8_0_dma_top_0/inst/core/data1__0[62].  Did not re-place instance design_1_i/gemv_q8_0_dma_top_0/inst/core/scaled_shifted[6][62]_i_2
INFO: [Physopt 32-662] Processed net design_1_i/gemv_q8_0_dma_top_0/inst/core/scaled_shifted[6][0]_i_78_n_0.  Did not re-place instance design_1_i/gemv_q8_0_dma_top_0/inst/core/scaled_shifted[6][0]_i_78
INFO: [Physopt 32-662] Processed net design_1_i/gemv_q8_0_dma_top_0/inst/core/scaled_shifted[6][4]_i_12_n_0.  Did not re-place instance design_1_i/gemv_q8_0_dma_top_0/inst/core/scaled_shifted[6][4]_i_12
INFO: [Physopt 32-662] Processed net design_1_i/gemv_q8_0_dma_top_0/inst/core/scaled_shifted[6][4]_i_9_n_0.  Did not re-place instance design_1_i/gemv_q8_0_dma_top_0/inst/core/scaled_shifted[6][4]_i_9
INFO: [Physopt 32-662] Processed net design_1_i/gemv_q8_0_dma_top_0/inst/core/scaled_shifted[6][62]_i_1_n_0.  Did not re-place instance design_1_i/gemv_q8_0_dma_top_0/inst/core/scaled_shifted[6][62]_i_1
INFO: [Physopt 32-662] Processed net design_1_i/gemv_q8_0_dma_top_0/inst/core/scaled_shifted_reg[6]_12[62].  Did not re-place instance design_1_i/gemv_q8_0_dma_top_0/inst/core/scaled_shifted_reg[6][62]
INFO: [Physopt 32-662] Processed net design_1_i/gemv_q8_0_dma_top_0/inst/core/scaled_shifted[7][47]_i_6_n_0.  Did not re-place instance design_1_i/gemv_q8_0_dma_top_0/inst/core/scaled_shifted[7][47]_i_6
INFO: [Physopt 32-662] Processed net design_1_i/gemv_q8_0_dma_top_0/inst/core/scaled_shifted[2][0]_i_85_n_0.  Did not re-place instance design_1_i/gemv_q8_0_dma_top_0/inst/core/scaled_shifted[2][0]_i_85
INFO: [Physopt 32-662] Processed net design_1_i/gemv_q8_0_dma_top_0/inst/core/scaled_shifted[2][63]_i_40_n_0.  Did not re-place instance design_1_i/gemv_q8_0_dma_top_0/inst/core/scaled_shifted[2][63]_i_40
INFO: [Physopt 32-662] Processed net design_1_i/gemv_q8_0_dma_top_0/inst/core/scaled_shifted[7][39]_i_4_n_0.  Did not re-place instance design_1_i/gemv_q8_0_dma_top_0/inst/core/scaled_shifted[7][39]_i_4
INFO: [Physopt 32-662] Processed net design_1_i/gemv_q8_0_dma_top_0/inst/core/scaled_shifted[7][39]_i_5_n_0.  Did not re-place instance design_1_i/gemv_q8_0_dma_top_0/inst/core/scaled_shifted[7][39]_i_5
INFO: [Physopt 32-662] Processed net design_1_i/gemv_q8_0_dma_top_0/inst/core/scaled_shifted[3][0]_i_78_n_0.  Did not re-place instance design_1_i/gemv_q8_0_dma_top_0/inst/core/scaled_shifted[3][0]_i_78
INFO: [Physopt 32-662] Processed net design_1_i/gemv_q8_0_dma_top_0/inst/core/scaled_shifted[7][47]_i_7_n_0.  Did not re-place instance design_1_i/gemv_q8_0_dma_top_0/inst/core/scaled_shifted[7][47]_i_7
INFO: [Physopt 32-662] Processed net design_1_i/gemv_q8_0_dma_top_0/inst/core/scaled_shifted[2][39]_i_6_n_0.  Did not re-place instance design_1_i/gemv_q8_0_dma_top_0/inst/core/scaled_shifted[2][39]_i_6
INFO: [Physopt 32-662] Processed net design_1_i/gemv_q8_0_dma_top_0/inst/core/scaled_shifted[7][43]_i_5_n_0.  Did not re-place instance design_1_i/gemv_q8_0_dma_top_0/inst/core/scaled_shifted[7][43]_i_5
INFO: [Physopt 32-662] Processed net design_1_i/gemv_q8_0_dma_top_0/inst/core/scaled_shifted[7][43]_i_4_n_0.  Did not re-place instance design_1_i/gemv_q8_0_dma_top_0/inst/core/scaled_shifted[7][43]_i_4
INFO: [Physopt 32-662] Processed net design_1_i/gemv_q8_0_dma_top_0/inst/core/scaled_shifted[3][0]_i_11_n_0.  Did not re-place instance design_1_i/gemv_q8_0_dma_top_0/inst/core/scaled_shifted[3][0]_i_11
INFO: [Physopt 32-662] Processed net design_1_i/gemv_q8_0_dma_top_0/inst/core/scaled_shifted[7][0]_i_46_n_0.  Did not re-place instance design_1_i/gemv_q8_0_dma_top_0/inst/core/scaled_shifted[7][0]_i_46
INFO: [Physopt 32-662] Processed net design_1_i/gemv_q8_0_dma_top_0/inst/core/scaled_shifted[7][0]_i_47_n_0.  Did not re-place instance design_1_i/gemv_q8_0_dma_top_0/inst/core/scaled_shifted[7][0]_i_47
INFO: [Physopt 32-662] Processed net design_1_i/gemv_q8_0_dma_top_0/inst/core/scaled_shifted[7][0]_i_54_n_0.  Did not re-place instance design_1_i/gemv_q8_0_dma_top_0/inst/core/scaled_shifted[7][0]_i_54
INFO: [Physopt 32-662] Processed net design_1_i/gemv_q8_0_dma_top_0/inst/core/scaled_shifted[7][0]_i_82_n_0.  Did not re-place instance design_1_i/gemv_q8_0_dma_top_0/inst/core/scaled_shifted[7][0]_i_82
INFO: [Physopt 32-662] Processed net design_1_i/gemv_q8_0_dma_top_0/inst/core/scaled_shifted[2][8]_i_13_n_0.  Did not re-place instance design_1_i/gemv_q8_0_dma_top_0/inst/core/scaled_shifted[2][8]_i_13
INFO: [Physopt 32-662] Processed net design_1_i/gemv_q8_0_dma_top_0/inst/core/scaled_shifted[2][4]_i_8_n_0.  Did not re-place instance design_1_i/gemv_q8_0_dma_top_0/inst/core/scaled_shifted[2][4]_i_8
INFO: [Physopt 32-662] Processed net design_1_i/gemv_q8_0_dma_top_0/inst/core/scaled_shifted[2][8]_i_8_n_0.  Did not re-place instance design_1_i/gemv_q8_0_dma_top_0/inst/core/scaled_shifted[2][8]_i_8
INFO: [Physopt 32-662] Processed net design_1_i/gemv_q8_0_dma_top_0/inst/core/scaled_shifted[7][0]_i_74_n_0.  Did not re-place instance design_1_i/gemv_q8_0_dma_top_0/inst/core/scaled_shifted[7][0]_i_74
INFO: [Physopt 32-662] Processed net design_1_i/gemv_q8_0_dma_top_0/inst/core/scaled_shifted[6][0]_i_94_n_0.  Did not re-place instance design_1_i/gemv_q8_0_dma_top_0/inst/core/scaled_shifted[6][0]_i_94
INFO: [Physopt 32-662] Processed net design_1_i/gemv_q8_0_dma_top_0/inst/core/scaled_shifted[7][0]_i_62_n_0.  Did not re-place instance design_1_i/gemv_q8_0_dma_top_0/inst/core/scaled_shifted[7][0]_i_62
INFO: [Physopt 32-662] Processed net design_1_i/gemv_q8_0_dma_top_0/inst/core/scaled_shifted[7][0]_i_63_n_0.  Did not re-place instance design_1_i/gemv_q8_0_dma_top_0/inst/core/scaled_shifted[7][0]_i_63
INFO: [Physopt 32-662] Processed net design_1_i/gemv_q8_0_dma_top_0/inst/core/scaled_shifted[1][0]_i_143_n_0.  Did not re-place instance design_1_i/gemv_q8_0_dma_top_0/inst/core/scaled_shifted[1][0]_i_143
INFO: [Physopt 32-662] Processed net design_1_i/gemv_q8_0_dma_top_0/inst/core/scale_shift_reg_reg[5]_rep__20_n_0.  Did not re-place instance design_1_i/gemv_q8_0_dma_top_0/inst/core/scale_shift_reg_reg[5]_rep__20
INFO: [Physopt 32-662] Processed net design_1_i/gemv_q8_0_dma_top_0/inst/core/scaled_shifted[6][0]_i_95_n_0.  Did not re-place instance design_1_i/gemv_q8_0_dma_top_0/inst/core/scaled_shifted[6][0]_i_95
INFO: [Physopt 32-662] Processed net design_1_i/gemv_q8_0_dma_top_0/inst/core/scaled_shifted[6][8]_i_13_n_0.  Did not re-place instance design_1_i/gemv_q8_0_dma_top_0/inst/core/scaled_shifted[6][8]_i_13
INFO: [Physopt 32-662] Processed net design_1_i/gemv_q8_0_dma_top_0/inst/core/scaled_shifted[6][8]_i_8_n_0.  Did not re-place instance design_1_i/gemv_q8_0_dma_top_0/inst/core/scaled_shifted[6][8]_i_8
INFO: [Physopt 32-662] Processed net design_1_i/gemv_q8_0_dma_top_0/inst/core/scaled_shifted[3][0]_i_14_n_0.  Did not re-place instance design_1_i/gemv_q8_0_dma_top_0/inst/core/scaled_shifted[3][0]_i_14
INFO: [Physopt 32-662] Processed net design_1_i/gemv_q8_0_dma_top_0/inst/core/scaled_shifted[3][8]_i_14_n_0.  Did not re-place instance design_1_i/gemv_q8_0_dma_top_0/inst/core/scaled_shifted[3][8]_i_14
INFO: [Physopt 32-662] Processed net design_1_i/gemv_q8_0_dma_top_0/inst/core/scaled_shifted[7][54]_i_1_n_0.  Did not re-place instance design_1_i/gemv_q8_0_dma_top_0/inst/core/scaled_shifted[7][54]_i_1
INFO: [Physopt 32-662] Processed net design_1_i/gemv_q8_0_dma_top_0/inst/core/scaled_shifted[7][54]_i_2_n_0.  Did not re-place instance design_1_i/gemv_q8_0_dma_top_0/inst/core/scaled_shifted[7][54]_i_2
INFO: [Physopt 32-662] Processed net design_1_i/gemv_q8_0_dma_top_0/inst/core/scaled_shifted_reg[7]_14[54].  Did not re-place instance design_1_i/gemv_q8_0_dma_top_0/inst/core/scaled_shifted_reg[7][54]
INFO: [Physopt 32-662] Processed net design_1_i/gemv_q8_0_dma_top_0/inst/core/scaled_shifted[3][0]_i_6_n_0.  Did not re-place instance design_1_i/gemv_q8_0_dma_top_0/inst/core/scaled_shifted[3][0]_i_6
INFO: [Physopt 32-662] Processed net design_1_i/gemv_q8_0_dma_top_0/inst/core/scaled_shifted[3][0]_i_12_n_0.  Did not re-place instance design_1_i/gemv_q8_0_dma_top_0/inst/core/scaled_shifted[3][0]_i_12
INFO: [Physopt 32-662] Processed net design_1_i/gemv_q8_0_dma_top_0/inst/core/scaled_shifted[6][4]_i_8_n_0.  Did not re-place instance design_1_i/gemv_q8_0_dma_top_0/inst/core/scaled_shifted[6][4]_i_8
INFO: [Physopt 32-662] Processed net design_1_i/gemv_q8_0_dma_top_0/inst/core/scaled_shifted[2][0]_i_42_n_0.  Did not re-place instance design_1_i/gemv_q8_0_dma_top_0/inst/core/scaled_shifted[2][0]_i_42
INFO: [Physopt 32-662] Processed net design_1_i/gemv_q8_0_dma_top_0/inst/core/scaled_shifted[2][0]_i_46_n_0.  Did not re-place instance design_1_i/gemv_q8_0_dma_top_0/inst/core/scaled_shifted[2][0]_i_46
INFO: [Physopt 32-662] Processed net design_1_i/gemv_q8_0_dma_top_0/inst/core/scaled_shifted[2][0]_i_62_n_0.  Did not re-place instance design_1_i/gemv_q8_0_dma_top_0/inst/core/scaled_shifted[2][0]_i_62
INFO: [Physopt 32-662] Processed net design_1_i/gemv_q8_0_dma_top_0/inst/core/scaled_shifted[2][0]_i_70_n_0.  Did not re-place instance design_1_i/gemv_q8_0_dma_top_0/inst/core/scaled_shifted[2][0]_i_70
INFO: [Physopt 32-662] Processed net design_1_i/gemv_q8_0_dma_top_0/inst/core/scaled_shifted[2][0]_i_74_n_0.  Did not re-place instance design_1_i/gemv_q8_0_dma_top_0/inst/core/scaled_shifted[2][0]_i_74
INFO: [Physopt 32-662] Processed net design_1_i/gemv_q8_0_dma_top_0/inst/core/scaled_shifted[2][0]_i_90_n_0.  Did not re-place instance design_1_i/gemv_q8_0_dma_top_0/inst/core/scaled_shifted[2][0]_i_90
INFO: [Physopt 32-662] Processed net design_1_i/gemv_q8_0_dma_top_0/inst/core/scaled_shifted[2][55]_i_1_n_0.  Did not re-place instance design_1_i/gemv_q8_0_dma_top_0/inst/core/scaled_shifted[2][55]_i_1
INFO: [Physopt 32-662] Processed net design_1_i/gemv_q8_0_dma_top_0/inst/core/scaled_shifted[2][55]_i_3_n_0.  Did not re-place instance design_1_i/gemv_q8_0_dma_top_0/inst/core/scaled_shifted[2][55]_i_3
INFO: [Physopt 32-662] Processed net design_1_i/gemv_q8_0_dma_top_0/inst/core/scaled_shifted_reg[2]_4[55].  Did not re-place instance design_1_i/gemv_q8_0_dma_top_0/inst/core/scaled_shifted_reg[2][55]
INFO: [Physopt 32-662] Processed net design_1_i/gemv_q8_0_dma_top_0/inst/core/scaled_shifted[1][0]_i_87_n_0.  Did not re-place instance design_1_i/gemv_q8_0_dma_top_0/inst/core/scaled_shifted[1][0]_i_87
INFO: [Physopt 32-662] Processed net design_1_i/gemv_q8_0_dma_top_0/inst/core/scaled_shifted[6][0]_i_67_n_0.  Did not re-place instance design_1_i/gemv_q8_0_dma_top_0/inst/core/scaled_shifted[6][0]_i_67
INFO: [Physopt 32-662] Processed net design_1_i/gemv_q8_0_dma_top_0/inst/core/scaled_shifted[7][0]_i_44_n_0.  Did not re-place instance design_1_i/gemv_q8_0_dma_top_0/inst/core/scaled_shifted[7][0]_i_44
INFO: [Physopt 32-662] Processed net design_1_i/gemv_q8_0_dma_top_0/inst/core/scaled_shifted[7][0]_i_52_n_0.  Did not re-place instance design_1_i/gemv_q8_0_dma_top_0/inst/core/scaled_shifted[7][0]_i_52
INFO: [Physopt 32-662] Processed net design_1_i/gemv_q8_0_dma_top_0/inst/core/scaled_shifted[7][0]_i_80_n_0.  Did not re-place instance design_1_i/gemv_q8_0_dma_top_0/inst/core/scaled_shifted[7][0]_i_80
INFO: [Physopt 32-662] Processed net design_1_i/gemv_q8_0_dma_top_0/inst/core/scaled_shifted[2][0]_i_43_n_0.  Did not re-place instance design_1_i/gemv_q8_0_dma_top_0/inst/core/scaled_shifted[2][0]_i_43
INFO: [Physopt 32-662] Processed net design_1_i/gemv_q8_0_dma_top_0/inst/core/scaled_shifted[2][0]_i_47_n_0.  Did not re-place instance design_1_i/gemv_q8_0_dma_top_0/inst/core/scaled_shifted[2][0]_i_47
INFO: [Physopt 32-662] Processed net design_1_i/gemv_q8_0_dma_top_0/inst/core/scaled_shifted[2][0]_i_54_n_0.  Did not re-place instance design_1_i/gemv_q8_0_dma_top_0/inst/core/scaled_shifted[2][0]_i_54
INFO: [Physopt 32-662] Processed net design_1_i/gemv_q8_0_dma_top_0/inst/core/scaled_shifted[2][0]_i_82_n_0.  Did not re-place instance design_1_i/gemv_q8_0_dma_top_0/inst/core/scaled_shifted[2][0]_i_82
INFO: [Physopt 32-662] Processed net design_1_i/gemv_q8_0_dma_top_0/inst/core/scaled_shifted[2][0]_i_91_n_0.  Did not re-place instance design_1_i/gemv_q8_0_dma_top_0/inst/core/scaled_shifted[2][0]_i_91
INFO: [Physopt 32-662] Processed net design_1_i/gemv_q8_0_dma_top_0/inst/core/scaled_shifted[7][0]_i_72_n_0.  Did not re-place instance design_1_i/gemv_q8_0_dma_top_0/inst/core/scaled_shifted[7][0]_i_72
INFO: [Physopt 32-662] Processed net design_1_i/gemv_q8_0_dma_top_0/inst/core/scaled_shifted[3][0]_i_95_n_0.  Did not re-place instance design_1_i/gemv_q8_0_dma_top_0/inst/core/scaled_shifted[3][0]_i_95
INFO: [Physopt 32-662] Processed net design_1_i/gemv_q8_0_dma_top_0/inst/core/scaled_shifted[2][52]_i_1_n_0.  Did not re-place instance design_1_i/gemv_q8_0_dma_top_0/inst/core/scaled_shifted[2][52]_i_1
INFO: [Physopt 32-662] Processed net design_1_i/gemv_q8_0_dma_top_0/inst/core/scaled_shifted[2][52]_i_2_n_0.  Did not re-place instance design_1_i/gemv_q8_0_dma_top_0/inst/core/scaled_shifted[2][52]_i_2
INFO: [Physopt 32-662] Processed net design_1_i/gemv_q8_0_dma_top_0/inst/core/scaled_shifted_reg[2]_4[52].  Did not re-place instance design_1_i/gemv_q8_0_dma_top_0/inst/core/scaled_shifted_reg[2][52]
INFO: [Physopt 32-662] Processed net design_1_i/gemv_q8_0_dma_top_0/inst/core/scaled_shifted[7][0]_i_60_n_0.  Did not re-place instance design_1_i/gemv_q8_0_dma_top_0/inst/core/scaled_shifted[7][0]_i_60
INFO: [Physopt 32-662] Processed net design_1_i/gemv_q8_0_dma_top_0/inst/core/scaled_product_reg[2][16]__0_n_0.  Did not re-place instance design_1_i/gemv_q8_0_dma_top_0/inst/core/scaled_product_reg[2][16]__0
INFO: [Physopt 32-662] Processed net design_1_i/gemv_q8_0_dma_top_0/inst/core/scaled_shifted[2][0]_i_55_n_0.  Did not re-place instance design_1_i/gemv_q8_0_dma_top_0/inst/core/scaled_shifted[2][0]_i_55
INFO: [Physopt 32-662] Processed net design_1_i/gemv_q8_0_dma_top_0/inst/core/scaled_shifted[2][0]_i_83_n_0.  Did not re-place instance design_1_i/gemv_q8_0_dma_top_0/inst/core/scaled_shifted[2][0]_i_83
INFO: [Physopt 32-662] Processed net design_1_i/gemv_q8_0_dma_top_0/inst/core/scaled_shifted[7][52]_i_1_n_0.  Did not re-place instance design_1_i/gemv_q8_0_dma_top_0/inst/core/scaled_shifted[7][52]_i_1
INFO: [Physopt 32-662] Processed net design_1_i/gemv_q8_0_dma_top_0/inst/core/scaled_shifted[7][52]_i_2_n_0.  Did not re-place instance design_1_i/gemv_q8_0_dma_top_0/inst/core/scaled_shifted[7][52]_i_2
INFO: [Physopt 32-662] Processed net design_1_i/gemv_q8_0_dma_top_0/inst/core/scaled_shifted_reg[7]_14[52].  Did not re-place instance design_1_i/gemv_q8_0_dma_top_0/inst/core/scaled_shifted_reg[7][52]
INFO: [Physopt 32-662] Processed net design_1_i/gemv_q8_0_dma_top_0/inst/core/data1__0[57].  Did not re-place instance design_1_i/gemv_q8_0_dma_top_0/inst/core/scaled_shifted[6][57]_i_2
INFO: [Physopt 32-662] Processed net design_1_i/gemv_q8_0_dma_top_0/inst/core/scaled_shifted[6][57]_i_1_n_0.  Did not re-place instance design_1_i/gemv_q8_0_dma_top_0/inst/core/scaled_shifted[6][57]_i_1
INFO: [Physopt 32-662] Processed net design_1_i/gemv_q8_0_dma_top_0/inst/core/scaled_shifted_reg[6]_12[57].  Did not re-place instance design_1_i/gemv_q8_0_dma_top_0/inst/core/scaled_shifted_reg[6][57]
INFO: [Physopt 32-662] Processed net design_1_i/gemv_q8_0_dma_top_0/inst/core/scaled_shifted[1][0]_i_108_n_0.  Did not re-place instance design_1_i/gemv_q8_0_dma_top_0/inst/core/scaled_shifted[1][0]_i_108
INFO: [Physopt 32-662] Processed net design_1_i/gemv_q8_0_dma_top_0/inst/core/scaled_shifted[6][0]_i_76_n_0.  Did not re-place instance design_1_i/gemv_q8_0_dma_top_0/inst/core/scaled_shifted[6][0]_i_76
INFO: [Physopt 32-662] Processed net design_1_i/gemv_q8_0_dma_top_0/inst/core/scaled_shifted[3][0]_i_17_n_0.  Did not re-place instance design_1_i/gemv_q8_0_dma_top_0/inst/core/scaled_shifted[3][0]_i_17
INFO: [Physopt 32-662] Processed net design_1_i/gemv_q8_0_dma_top_0/inst/core/scaled_shifted[7][51]_i_6_n_0.  Did not re-place instance design_1_i/gemv_q8_0_dma_top_0/inst/core/scaled_shifted[7][51]_i_6
INFO: [Physopt 32-662] Processed net design_1_i/gemv_q8_0_dma_top_0/inst/core/scaled_shifted[2][63]_i_41_n_0.  Did not re-place instance design_1_i/gemv_q8_0_dma_top_0/inst/core/scaled_shifted[2][63]_i_41
INFO: [Physopt 32-662] Processed net design_1_i/gemv_q8_0_dma_top_0/inst/core/scaled_shifted[3][0]_i_15_n_0.  Did not re-place instance design_1_i/gemv_q8_0_dma_top_0/inst/core/scaled_shifted[3][0]_i_15
INFO: [Physopt 32-662] Processed net design_1_i/gemv_q8_0_dma_top_0/inst/core/scaled_shifted[3][0]_i_13_n_0.  Did not re-place instance design_1_i/gemv_q8_0_dma_top_0/inst/core/scaled_shifted[3][0]_i_13
INFO: [Physopt 32-662] Processed net design_1_i/gemv_q8_0_dma_top_0/inst/core/scaled_shifted[2][0]_i_16_n_0.  Did not re-place instance design_1_i/gemv_q8_0_dma_top_0/inst/core/scaled_shifted[2][0]_i_16
INFO: [Physopt 32-662] Processed net design_1_i/gemv_q8_0_dma_top_0/inst/core/scaled_shifted[2][4]_i_13_n_0.  Did not re-place instance design_1_i/gemv_q8_0_dma_top_0/inst/core/scaled_shifted[2][4]_i_13
INFO: [Physopt 32-662] Processed net design_1_i/gemv_q8_0_dma_top_0/inst/core/scaled_shifted[2][0]_i_40_n_0.  Did not re-place instance design_1_i/gemv_q8_0_dma_top_0/inst/core/scaled_shifted[2][0]_i_40
INFO: [Physopt 32-662] Processed net design_1_i/gemv_q8_0_dma_top_0/inst/core/scaled_shifted[2][0]_i_44_n_0.  Did not re-place instance design_1_i/gemv_q8_0_dma_top_0/inst/core/scaled_shifted[2][0]_i_44
INFO: [Physopt 32-662] Processed net design_1_i/gemv_q8_0_dma_top_0/inst/core/scaled_shifted[2][0]_i_60_n_0.  Did not re-place instance design_1_i/gemv_q8_0_dma_top_0/inst/core/scaled_shifted[2][0]_i_60
INFO: [Physopt 32-662] Processed net design_1_i/gemv_q8_0_dma_top_0/inst/core/scaled_shifted[2][0]_i_68_n_0.  Did not re-place instance design_1_i/gemv_q8_0_dma_top_0/inst/core/scaled_shifted[2][0]_i_68
INFO: [Physopt 32-662] Processed net design_1_i/gemv_q8_0_dma_top_0/inst/core/scaled_shifted[2][0]_i_72_n_0.  Did not re-place instance design_1_i/gemv_q8_0_dma_top_0/inst/core/scaled_shifted[2][0]_i_72
INFO: [Physopt 32-662] Processed net design_1_i/gemv_q8_0_dma_top_0/inst/core/scaled_shifted[2][0]_i_88_n_0.  Did not re-place instance design_1_i/gemv_q8_0_dma_top_0/inst/core/scaled_shifted[2][0]_i_88
INFO: [Physopt 32-662] Processed net design_1_i/gemv_q8_0_dma_top_0/inst/core/scaled_shifted[1][0]_i_109_n_0.  Did not re-place instance design_1_i/gemv_q8_0_dma_top_0/inst/core/scaled_shifted[1][0]_i_109
INFO: [Physopt 32-662] Processed net design_1_i/gemv_q8_0_dma_top_0/inst/core/scaled_shifted[3][8]_i_13_n_0.  Did not re-place instance design_1_i/gemv_q8_0_dma_top_0/inst/core/scaled_shifted[3][8]_i_13
INFO: [Physopt 32-662] Processed net design_1_i/gemv_q8_0_dma_top_0/inst/core/scaled_shifted[3][8]_i_8_n_0.  Did not re-place instance design_1_i/gemv_q8_0_dma_top_0/inst/core/scaled_shifted[3][8]_i_8
INFO: [Physopt 32-662] Processed net design_1_i/gemv_q8_0_dma_top_0/inst/core/scaled_shifted[6][0]_i_77_n_0.  Did not re-place instance design_1_i/gemv_q8_0_dma_top_0/inst/core/scaled_shifted[6][0]_i_77
INFO: [Physopt 32-662] Processed net design_1_i/gemv_q8_0_dma_top_0/inst/core/scaled_shifted[2][62]_i_1_n_0.  Did not re-place instance design_1_i/gemv_q8_0_dma_top_0/inst/core/scaled_shifted[2][62]_i_1
INFO: [Physopt 32-662] Processed net design_1_i/gemv_q8_0_dma_top_0/inst/core/scaled_shifted[2][62]_i_2_n_0.  Did not re-place instance design_1_i/gemv_q8_0_dma_top_0/inst/core/scaled_shifted[2][62]_i_2
INFO: [Physopt 32-662] Processed net design_1_i/gemv_q8_0_dma_top_0/inst/core/scaled_shifted[7][50]_i_1_n_0.  Did not re-place instance design_1_i/gemv_q8_0_dma_top_0/inst/core/scaled_shifted[7][50]_i_1
INFO: [Physopt 32-662] Processed net design_1_i/gemv_q8_0_dma_top_0/inst/core/scaled_shifted[7][50]_i_2_n_0.  Did not re-place instance design_1_i/gemv_q8_0_dma_top_0/inst/core/scaled_shifted[7][50]_i_2
INFO: [Physopt 32-662] Processed net design_1_i/gemv_q8_0_dma_top_0/inst/core/scaled_shifted_reg[2]_4[62].  Did not re-place instance design_1_i/gemv_q8_0_dma_top_0/inst/core/scaled_shifted_reg[2][62]
INFO: [Physopt 32-662] Processed net design_1_i/gemv_q8_0_dma_top_0/inst/core/scaled_shifted_reg[7]_14[50].  Did not re-place instance design_1_i/gemv_q8_0_dma_top_0/inst/core/scaled_shifted_reg[7][50]
INFO: [Physopt 32-662] Processed net design_1_i/gemv_q8_0_dma_top_0/inst/core/scaled_product_reg_n_0_[2][0].  Did not re-place instance design_1_i/gemv_q8_0_dma_top_0/inst/core/scaled_product_reg[2][0]
INFO: [Physopt 32-662] Processed net design_1_i/gemv_q8_0_dma_top_0/inst/core/scaled_shifted[2][23]_i_5_n_0.  Did not re-place instance design_1_i/gemv_q8_0_dma_top_0/inst/core/scaled_shifted[2][23]_i_5
INFO: [Physopt 32-662] Processed net design_1_i/gemv_q8_0_dma_top_0/inst/core/scaled_shifted[2][0]_i_57_n_0.  Did not re-place instance design_1_i/gemv_q8_0_dma_top_0/inst/core/scaled_shifted[2][0]_i_57
INFO: [Physopt 32-662] Processed net design_1_i/gemv_q8_0_dma_top_0/inst/core/scaled_shifted[2][0]_i_52_n_0.  Did not re-place instance design_1_i/gemv_q8_0_dma_top_0/inst/core/scaled_shifted[2][0]_i_52
INFO: [Physopt 32-662] Processed net design_1_i/gemv_q8_0_dma_top_0/inst/core/scaled_shifted[2][0]_i_80_n_0.  Did not re-place instance design_1_i/gemv_q8_0_dma_top_0/inst/core/scaled_shifted[2][0]_i_80
INFO: [Physopt 32-661] Optimized 0 net.  Re-placed 0 instance.
INFO: [Physopt 32-775] End 1 Pass. Optimized 0 net or cell. Created 0 new cell, deleted 0 existing cell and moved 0 existing cell
Netlist sorting complete. Time (s): cpu = 00:00:00.04 ; elapsed = 00:00:00.01 . Memory (MB): peak = 3330.715 ; gain = 0.000 ; free physical = 49245 ; free virtual = 64630
Phase 15 Single Cell Placement Optimization | Checksum: 1327d2da5

Time (s): cpu = 00:01:21 ; elapsed = 00:00:14 . Memory (MB): peak = 3330.715 ; gain = 2.289 ; free physical = 49244 ; free virtual = 64629

Phase 16 Multi Cell Placement Optimization
INFO: [Physopt 32-660] Identified 100 candidate nets for placement-based optimization.
INFO: [Physopt 32-662] Processed net design_1_i/gemv_q8_0_dma_top_0/inst/core/scaled_shifted[2][0]_i_5_n_0.  Did not re-place instance design_1_i/gemv_q8_0_dma_top_0/inst/core/scaled_shifted[2][0]_i_5/O
INFO: [Physopt 32-662] Processed net design_1_i/gemv_q8_0_dma_top_0/inst/core/scaled_shifted[2][0]_i_10_n_0.  Did not re-place instance design_1_i/gemv_q8_0_dma_top_0/inst/core/scaled_shifted[2][0]_i_10/O
INFO: [Physopt 32-662] Processed net design_1_i/gemv_q8_0_dma_top_0/inst/core/scaled_shifted[2][4]_i_12_n_0.  Did not re-place instance design_1_i/gemv_q8_0_dma_top_0/inst/core/scaled_shifted[2][4]_i_12/O
INFO: [Physopt 32-662] Processed net design_1_i/gemv_q8_0_dma_top_0/inst/core/scaled_shifted[2][56]_i_1_n_0.  Did not re-place instance design_1_i/gemv_q8_0_dma_top_0/inst/core/scaled_shifted[2][56]_i_1/O
INFO: [Physopt 32-662] Processed net design_1_i/gemv_q8_0_dma_top_0/inst/core/scaled_shifted[2][56]_i_2_n_0.  Did not re-place instance design_1_i/gemv_q8_0_dma_top_0/inst/core/scaled_shifted[2][56]_i_2/O
INFO: [Physopt 32-661] Optimized 0 net.  Re-placed 0 instance.
INFO: [Physopt 32-775] End 1 Pass. Optimized 0 net or cell. Created 0 new cell, deleted 0 existing cell and moved 0 existing cell
Netlist sorting complete. Time (s): cpu = 00:00:00.01 ; elapsed = 00:00:00.01 . Memory (MB): peak = 3330.715 ; gain = 0.000 ; free physical = 49243 ; free virtual = 64628
Phase 16 Multi Cell Placement Optimization | Checksum: 174928d9a

Time (s): cpu = 00:01:22 ; elapsed = 00:00:14 . Memory (MB): peak = 3330.715 ; gain = 2.289 ; free physical = 49243 ; free virtual = 64628

Phase 17 Rewire
INFO: [Physopt 32-246] Starting Signal Push optimization...
INFO: [Physopt 32-241] No nets found for rewiring () optimization.
INFO: [Physopt 32-232] Optimized 0 net. Created 0 new instance.
INFO: [Physopt 32-775] End 1 Pass. Optimized 0 net or cell. Created 0 new cell, deleted 0 existing cell and moved 0 existing cell
Netlist sorting complete. Time (s): cpu = 00:00:00 ; elapsed = 00:00:00.01 . Memory (MB): peak = 3330.715 ; gain = 0.000 ; free physical = 49241 ; free virtual = 64626
Phase 17 Rewire | Checksum: 174928d9a

Time (s): cpu = 00:01:22 ; elapsed = 00:00:14 . Memory (MB): peak = 3330.715 ; gain = 2.289 ; free physical = 49241 ; free virtual = 64626

Phase 18 Critical Cell Optimization
INFO: [Physopt 32-46] Identified 1 candidate net for critical-cell optimization.
INFO: [Physopt 32-232] Optimized 0 net. Created 0 new instance.
INFO: [Physopt 32-775] End 1 Pass. Optimized 0 net or cell. Created 0 new cell, deleted 0 existing cell and moved 0 existing cell
Phase 18 Critical Cell Optimization | Checksum: 174928d9a

Time (s): cpu = 00:01:22 ; elapsed = 00:00:14 . Memory (MB): peak = 3330.715 ; gain = 2.289 ; free physical = 49241 ; free virtual = 64626

Phase 19 DSP Register Optimization
INFO: [Physopt 32-457] Pass 1. Identified 2 candidate cells for DSP register optimization.
INFO: [Physopt 32-666] Processed cell design_1_i/gemv_q8_0_dma_top_0/inst/core/scaled_product_reg[2]__0. No change.
INFO: [Physopt 32-665] Processed cell design_1_i/gemv_q8_0_dma_top_0/inst/core/scaled_product_reg[7]. 30 registers were pushed out.
INFO: [Physopt 32-775] End 1 Pass. Optimized 1 net or cell. Created 30 new cells, deleted 0 existing cell and moved 0 existing cell
INFO: [Physopt 32-619] Estimated Timing Summary | WNS=-0.005 | TNS=-0.005 |
Netlist sorting complete. Time (s): cpu = 00:00:00.06 ; elapsed = 00:00:00.06 . Memory (MB): peak = 3330.715 ; gain = 0.000 ; free physical = 49256 ; free virtual = 64635
Phase 19 DSP Register Optimization | Checksum: 1d306be9e

Time (s): cpu = 00:01:36 ; elapsed = 00:00:16 . Memory (MB): peak = 3330.715 ; gain = 2.289 ; free physical = 49251 ; free virtual = 64639

Phase 20 BRAM Register Optimization
INFO: [Physopt 32-526] No candidate cells for BRAM register optimization found in the design
INFO: [Physopt 32-775] End 1 Pass. Optimized 0 net or cell. Created 0 new cell, deleted 0 existing cell and moved 0 existing cell
Phase 20 BRAM Register Optimization | Checksum: 1d306be9e

Time (s): cpu = 00:01:36 ; elapsed = 00:00:17 . Memory (MB): peak = 3330.715 ; gain = 2.289 ; free physical = 49255 ; free virtual = 64639

Phase 21 URAM Register Optimization
INFO: [Physopt 32-846] No candidate cells for URAM register optimization found in the design
INFO: [Physopt 32-775] End 1 Pass. Optimized 0 net or cell. Created 0 new cell, deleted 0 existing cell and moved 0 existing cell
INFO: [Physopt 32-846] No candidate cells for URAM register optimization found in the design
INFO: [Physopt 32-775] End 1 Pass. Optimized 0 net or cell. Created 0 new cell, deleted 0 existing cell and moved 0 existing cell
Phase 21 URAM Register Optimization | Checksum: 1d306be9e

Time (s): cpu = 00:01:36 ; elapsed = 00:00:17 . Memory (MB): peak = 3330.715 ; gain = 2.289 ; free physical = 49254 ; free virtual = 64639

Phase 22 Shift Register Optimization
INFO: [Physopt 32-1401] No candidate cells found for Shift Register optimization.
INFO: [Physopt 32-677] No candidate cells for Shift Register optimization found in the design
INFO: [Physopt 32-775] End 1 Pass. Optimized 0 net or cell. Created 0 new cell, deleted 0 existing cell and moved 0 existing cell
Phase 22 Shift Register Optimization | Checksum: 1d306be9e

Time (s): cpu = 00:01:36 ; elapsed = 00:00:17 . Memory (MB): peak = 3330.715 ; gain = 2.289 ; free physical = 49254 ; free virtual = 64639

Phase 23 DSP Register Optimization
INFO: [Physopt 32-457] Pass 1. Identified 2 candidate cells for DSP register optimization.
INFO: [Physopt 32-665] Processed cell design_1_i/gemv_q8_0_dma_top_0/inst/core/scaled_product_reg[12]. 30 registers were pushed out.
INFO: [Physopt 32-665] Processed cell design_1_i/gemv_q8_0_dma_top_0/inst/core/scaled_product_reg[8]. 30 registers were pushed out.
INFO: [Physopt 32-775] End 1 Pass. Optimized 2 nets or cells. Created 60 new cells, deleted 0 existing cell and moved 0 existing cell
INFO: [Physopt 32-619] Estimated Timing Summary | WNS=-0.005 | TNS=-0.005 |
Netlist sorting complete. Time (s): cpu = 00:00:00.06 ; elapsed = 00:00:00.06 . Memory (MB): peak = 3330.715 ; gain = 0.000 ; free physical = 49205 ; free virtual = 64592
Phase 23 DSP Register Optimization | Checksum: 1e9a7ce13

Time (s): cpu = 00:01:46 ; elapsed = 00:00:18 . Memory (MB): peak = 3330.715 ; gain = 2.289 ; free physical = 49205 ; free virtual = 64592

Phase 24 BRAM Register Optimization
INFO: [Physopt 32-526] No candidate cells for BRAM register optimization found in the design
INFO: [Physopt 32-775] End 1 Pass. Optimized 0 net or cell. Created 0 new cell, deleted 0 existing cell and moved 0 existing cell
Phase 24 BRAM Register Optimization | Checksum: 1e9a7ce13

Time (s): cpu = 00:01:46 ; elapsed = 00:00:18 . Memory (MB): peak = 3330.715 ; gain = 2.289 ; free physical = 49205 ; free virtual = 64592

Phase 25 URAM Register Optimization
INFO: [Physopt 32-846] No candidate cells for URAM register optimization found in the design
INFO: [Physopt 32-775] End 1 Pass. Optimized 0 net or cell. Created 0 new cell, deleted 0 existing cell and moved 0 existing cell
INFO: [Physopt 32-846] No candidate cells for URAM register optimization found in the design
INFO: [Physopt 32-775] End 1 Pass. Optimized 0 net or cell. Created 0 new cell, deleted 0 existing cell and moved 0 existing cell
Phase 25 URAM Register Optimization | Checksum: 1e9a7ce13

Time (s): cpu = 00:01:46 ; elapsed = 00:00:18 . Memory (MB): peak = 3330.715 ; gain = 2.289 ; free physical = 49205 ; free virtual = 64592

Phase 26 Shift Register Optimization
INFO: [Physopt 32-1401] No candidate cells found for Shift Register optimization.
INFO: [Physopt 32-677] No candidate cells for Shift Register optimization found in the design
INFO: [Physopt 32-775] End 1 Pass. Optimized 0 net or cell. Created 0 new cell, deleted 0 existing cell and moved 0 existing cell
Phase 26 Shift Register Optimization | Checksum: 1e9a7ce13

Time (s): cpu = 00:01:46 ; elapsed = 00:00:18 . Memory (MB): peak = 3330.715 ; gain = 2.289 ; free physical = 49205 ; free virtual = 64592

Phase 27 Critical Pin Optimization
INFO: [Physopt 32-606] Identified 73 candidate nets for critical-pin optimization.
INFO: [Physopt 32-608] Optimized 30 nets.  Swapped 464 pins.
INFO: [Physopt 32-775] End 1 Pass. Optimized 30 nets or cells. Created 0 new cell, deleted 0 existing cell and moved 464 existing cells
INFO: [Physopt 32-619] Estimated Timing Summary | WNS=0.365 | TNS=0.000 |
Netlist sorting complete. Time (s): cpu = 00:00:00 ; elapsed = 00:00:00 . Memory (MB): peak = 3330.715 ; gain = 0.000 ; free physical = 49232 ; free virtual = 64619
Phase 27 Critical Pin Optimization | Checksum: 1e9a7ce13

Time (s): cpu = 00:01:46 ; elapsed = 00:00:18 . Memory (MB): peak = 3330.715 ; gain = 2.289 ; free physical = 49232 ; free virtual = 64619

Phase 28 Very High Fanout Optimization
INFO: [Physopt 32-65] No nets found for high-fanout optimization.
INFO: [Physopt 32-232] Optimized 0 net. Created 0 new instance.
INFO: [Physopt 32-775] End 1 Pass. Optimized 0 net or cell. Created 0 new cell, deleted 0 existing cell and moved 0 existing cell
Phase 28 Very High Fanout Optimization | Checksum: 1e9a7ce13

Time (s): cpu = 00:01:46 ; elapsed = 00:00:19 . Memory (MB): peak = 3330.715 ; gain = 2.289 ; free physical = 49234 ; free virtual = 64621

Phase 29 Single Cell Placement Optimization
INFO: [Physopt 32-670] No setup violation found.  Single Cell Placement Optimization was not performed.
Netlist sorting complete. Time (s): cpu = 00:00:00 ; elapsed = 00:00:00 . Memory (MB): peak = 3330.715 ; gain = 0.000 ; free physical = 49234 ; free virtual = 64621
Phase 29 Single Cell Placement Optimization | Checksum: 1e9a7ce13

Time (s): cpu = 00:01:46 ; elapsed = 00:00:19 . Memory (MB): peak = 3330.715 ; gain = 2.289 ; free physical = 49234 ; free virtual = 64621

Phase 30 Multi Cell Placement Optimization
INFO: [Physopt 32-670] No setup violation found.  Multi Cell Placement Optimization was not performed.
Netlist sorting complete. Time (s): cpu = 00:00:00 ; elapsed = 00:00:00 . Memory (MB): peak = 3330.715 ; gain = 0.000 ; free physical = 49235 ; free virtual = 64621
Phase 30 Multi Cell Placement Optimization | Checksum: 1e9a7ce13

Time (s): cpu = 00:01:46 ; elapsed = 00:00:19 . Memory (MB): peak = 3330.715 ; gain = 2.289 ; free physical = 49235 ; free virtual = 64621

Phase 31 SLR Crossing Optimization
INFO: [Physopt 32-670] No setup violation found.  SLR Crossing Optimization was not performed.
Phase 31 SLR Crossing Optimization | Checksum: 1e9a7ce13

Time (s): cpu = 00:01:46 ; elapsed = 00:00:19 . Memory (MB): peak = 3330.715 ; gain = 2.289 ; free physical = 49235 ; free virtual = 64621

Phase 32 Critical Path Optimization
INFO: [Physopt 32-619] Estimated Timing Summary | WNS=0.365 | TNS=0.000 |
INFO: [Physopt 32-619] Estimated Timing Summary | WNS=0.365 | TNS=0.000 |
Netlist sorting complete. Time (s): cpu = 00:00:00.01 ; elapsed = 00:00:00.01 . Memory (MB): peak = 3330.715 ; gain = 0.000 ; free physical = 49229 ; free virtual = 64615
Phase 32 Critical Path Optimization | Checksum: 1e9a7ce13

Time (s): cpu = 00:01:47 ; elapsed = 00:00:19 . Memory (MB): peak = 3330.715 ; gain = 2.289 ; free physical = 49229 ; free virtual = 64615

Phase 33 BRAM Enable Optimization
Phase 33 BRAM Enable Optimization | Checksum: 1e9a7ce13

Time (s): cpu = 00:01:47 ; elapsed = 00:00:19 . Memory (MB): peak = 3330.715 ; gain = 2.289 ; free physical = 49229 ; free virtual = 64615

Phase 34 Hold Fix Optimization
INFO: [Physopt 32-668] Estimated Timing Summary | WNS=0.365 | TNS=0.000 | WHS=-0.328 | THS=-19.419 |
INFO: [Physopt 32-45] Identified 1 candidate net for hold slack optimization.
INFO: [Physopt 32-234] Optimized 1 net. Inserted 0 new ZHOLD_DELAYs. Calibrated 0 existing ZHOLD_DELAYs. Inserted 1 buffer.

Netlist sorting complete. Time (s): cpu = 00:00:00 ; elapsed = 00:00:00 . Memory (MB): peak = 3330.715 ; gain = 0.000 ; free physical = 49217 ; free virtual = 64604
INFO: [Physopt 32-668] Estimated Timing Summary | WNS=0.365 | TNS=0.000 | WHS=-0.237 | THS=-19.090 |
Phase 34 Hold Fix Optimization | Checksum: 16be0f579

Time (s): cpu = 00:01:53 ; elapsed = 00:00:20 . Memory (MB): peak = 3330.715 ; gain = 2.289 ; free physical = 49217 ; free virtual = 64604
Netlist sorting complete. Time (s): cpu = 00:00:00 ; elapsed = 00:00:00.01 . Memory (MB): peak = 3330.715 ; gain = 0.000 ; free physical = 49217 ; free virtual = 64604
INFO: [Physopt 32-669] Post Physical Optimization Timing Summary | WNS=0.365 | TNS=0.000 | WHS=-0.237 | THS=-19.090 |

Summary of Physical Synthesis Optimizations
============================================


----------------------------------------------------------------------------------------------------------------------------------------------------------------------
|  Optimization            |  WNS Gain (ns)  |  TNS Gain (ns)  |  Added Cells  |  Removed Cells  |  Optimized Cells/Nets  |  Dont Touch  |  Iterations  |  Elapsed   |
----------------------------------------------------------------------------------------------------------------------------------------------------------------------
|  Fanout                  |          0.000  |          0.000  |            0  |              0  |                     0  |           0  |           3  |  00:00:01  |
|  Single Cell Placement   |          0.226  |          0.374  |            0  |              0  |                    59  |           0  |           3  |  00:00:10  |
|  Multi Cell Placement    |          0.000  |          0.000  |            0  |              0  |                     0  |           0  |           3  |  00:00:01  |
|  Rewire                  |          0.000  |          0.000  |            0  |              0  |                     0  |           0  |           3  |  00:00:00  |
|  Critical Cell           |          0.000  |          0.000  |            0  |              0  |                     0  |           0  |           3  |  00:00:00  |
|  SLR Crossing            |          0.000  |          0.000  |            0  |              0  |                     0  |           0  |           2  |  00:00:00  |
|  DSP Register            |          0.000  |          0.000  |           90  |              0  |                     3  |           0  |           2  |  00:00:04  |
|  BRAM Register           |          0.000  |          0.000  |            0  |              0  |                     0  |           0  |           2  |  00:00:00  |
|  URAM Register           |          0.000  |          0.000  |            0  |              0  |                     0  |           0  |           2  |  00:00:00  |
|  Shift Register          |          0.000  |          0.000  |            0  |              0  |                     0  |           0  |           2  |  00:00:00  |
|  Critical Pin            |          0.370  |          0.005  |            0  |              0  |                    30  |           0  |           1  |  00:00:00  |
|  Very High Fanout        |          0.000  |          0.000  |            0  |              0  |                     0  |           0  |           1  |  00:00:00  |
|  BRAM Enable             |          0.000  |          0.000  |            0  |              0  |                     0  |           0  |           1  |  00:00:00  |
|  Critical Path           |          0.000  |          0.000  |            0  |              0  |                     0  |           0  |           1  |  00:00:00  |
|  Total                   |          0.596  |          0.379  |           90  |              0  |                    92  |           0  |          29  |  00:00:16  |
----------------------------------------------------------------------------------------------------------------------------------------------------------------------


Summary of Hold Fix Optimizations
=================================


--------------------------------------------------------------------------------------------------------------------------------------------------------------
|  Optimization               |  WHS Gain (ns)  |  THS Gain (ns)  |  Added LUTs  |  Added FFs  |  Optimized Nets  |  Dont Touch  |  Iterations  |  Elapsed   |
--------------------------------------------------------------------------------------------------------------------------------------------------------------
|  LUT1 and ZHOLD Insertion   |          0.091  |          0.328  |           1  |          0  |               1  |           0  |           1  |  00:00:01  |
|  Total                      |          0.091  |          0.328  |           1  |          0  |               1  |           0  |           1  |  00:00:01  |
--------------------------------------------------------------------------------------------------------------------------------------------------------------


Netlist sorting complete. Time (s): cpu = 00:00:00.01 ; elapsed = 00:00:00 . Memory (MB): peak = 3330.715 ; gain = 0.000 ; free physical = 49217 ; free virtual = 64604
Ending Physical Synthesis Task | Checksum: 109761c5d

Time (s): cpu = 00:01:54 ; elapsed = 00:00:21 . Memory (MB): peak = 3330.715 ; gain = 2.289 ; free physical = 49215 ; free virtual = 64602
INFO: [Common 17-83] Releasing license: Implementation
956 Infos, 77 Warnings, 0 Critical Warnings and 0 Errors encountered.
phys_opt_design completed successfully
phys_opt_design: Time (s): cpu = 00:02:04 ; elapsed = 00:00:23 . Memory (MB): peak = 3330.715 ; gain = 2.289 ; free physical = 49215 ; free virtual = 64602
INFO: [Timing 38-480] Writing timing data to binary archive.
Write ShapeDB Complete: Time (s): cpu = 00:00:00.3 ; elapsed = 00:00:00.06 . Memory (MB): peak = 3345.723 ; gain = 9.430 ; free physical = 49179 ; free virtual = 64577
Wrote PlaceDB: Time (s): cpu = 00:00:04 ; elapsed = 00:00:02 . Memory (MB): peak = 3345.723 ; gain = 9.430 ; free physical = 49111 ; free virtual = 64557
Wrote PulsedLatchDB: Time (s): cpu = 00:00:00 ; elapsed = 00:00:00 . Memory (MB): peak = 3345.723 ; gain = 0.000 ; free physical = 49111 ; free virtual = 64557
Writing XDEF routing.
Writing XDEF routing logical nets.
Writing XDEF routing special nets.
Wrote RouteStorage: Time (s): cpu = 00:00:00.04 ; elapsed = 00:00:00.05 . Memory (MB): peak = 3345.723 ; gain = 0.000 ; free physical = 49110 ; free virtual = 64557
Wrote Netlist Cache: Time (s): cpu = 00:00:00.03 ; elapsed = 00:00:00.03 . Memory (MB): peak = 3345.723 ; gain = 0.000 ; free physical = 49080 ; free virtual = 64531
Wrote Device Cache: Time (s): cpu = 00:00:00.01 ; elapsed = 00:00:00 . Memory (MB): peak = 3345.723 ; gain = 0.000 ; free physical = 49080 ; free virtual = 64533
Write Physdb Complete: Time (s): cpu = 00:00:04 ; elapsed = 00:00:02 . Memory (MB): peak = 3345.723 ; gain = 9.430 ; free physical = 49080 ; free virtual = 64533
INFO: [Common 17-1381] The checkpoint '/run/media/pjs/6A43-DC8A/smollm2-zybo/hw/vivado_project/GPTalk.runs/impl_1/design_1_wrapper_physopt.dcp' has been generated.
Command: route_design -directive AggressiveExplore -tns_cleanup
Attempting to get a license for feature 'Implementation' and/or device 'xc7z020'
INFO: [Common 17-349] Got license for feature 'Implementation' and/or device 'xc7z020'
INFO: [DRC 23-27] Running DRC with 8 threads
INFO: [Vivado_Tcl 4-198] DRC finished with 0 Errors
INFO: [Vivado_Tcl 4-199] Please refer to the DRC report (report_drc) for more information.


Starting Routing Task
INFO: [Route 35-270] Using Router directive 'AggressiveExplore'.
INFO: [Route 35-254] Multithreading enabled for route_design using a maximum of 8 CPUs

Phase 1 Build RT Design
Checksum: PlaceDB: 8adc09e4 ConstDB: 0 ShapeSum: 2688b9e7 RouteDB: 15f972f0
Post Restoration Checksum: NetGraph: 4087a605 | NumContArr: 9f2dde42 | Constraints: c2a8fa9d | Timing: c2a8fa9d
Phase 1 Build RT Design | Checksum: 265077981

Time (s): cpu = 00:00:22 ; elapsed = 00:00:11 . Memory (MB): peak = 3419.480 ; gain = 0.000 ; free physical = 49118 ; free virtual = 64512

Phase 2 Router Initialization

Phase 2.1 Fix Topology Constraints
Phase 2.1 Fix Topology Constraints | Checksum: 265077981

Time (s): cpu = 00:00:23 ; elapsed = 00:00:11 . Memory (MB): peak = 3419.480 ; gain = 0.000 ; free physical = 49112 ; free virtual = 64511

Phase 2.2 Pre Route Cleanup
Phase 2.2 Pre Route Cleanup | Checksum: 265077981

Time (s): cpu = 00:00:23 ; elapsed = 00:00:11 . Memory (MB): peak = 3419.480 ; gain = 0.000 ; free physical = 49120 ; free virtual = 64513
 Number of Nodes with overlaps = 0

Phase 2.3 Update Timing
Phase 2.3 Update Timing | Checksum: 2c7ed833d

Time (s): cpu = 00:00:40 ; elapsed = 00:00:16 . Memory (MB): peak = 3451.754 ; gain = 32.273 ; free physical = 49101 ; free virtual = 64495
INFO: [Route 35-416] Intermediate Timing Summary | WNS=0.480  | TNS=0.000  | WHS=-0.314 | THS=-1040.520|


Phase 2.4 Update Timing for Bus Skew

Phase 2.4.1 Update Timing
Phase 2.4.1 Update Timing | Checksum: 24a7f7830

Time (s): cpu = 00:00:54 ; elapsed = 00:00:19 . Memory (MB): peak = 3531.754 ; gain = 112.273 ; free physical = 49020 ; free virtual = 64413
INFO: [Route 35-416] Intermediate Timing Summary | WNS=0.480  | TNS=0.000  | WHS=-0.159 | THS=-18.936|

Phase 2.4 Update Timing for Bus Skew | Checksum: 25b52db8f

Time (s): cpu = 00:00:54 ; elapsed = 00:00:20 . Memory (MB): peak = 3531.754 ; gain = 112.273 ; free physical = 49024 ; free virtual = 64410

Router Utilization Summary
  Global Vertical Routing Utilization    = 0.000983742 %
  Global Horizontal Routing Utilization  = 0.000591616 %
  Routable Net Status*
  *Does not include unroutable nets such as driverless and loadless.
  Run report_route_status for detailed report.
  Number of Failed Nets               = 49545
    (Failed Nets is the sum of unrouted and partially routed nets)
  Number of Unrouted Nets             = 49545
  Number of Partially Routed Nets     = 0
  Number of Node Overlaps             = 0

Phase 2 Router Initialization | Checksum: 2b947d46e

Time (s): cpu = 00:00:55 ; elapsed = 00:00:20 . Memory (MB): peak = 3531.754 ; gain = 112.273 ; free physical = 49017 ; free virtual = 64411

Phase 3 Global Routing
Phase 3 Global Routing | Checksum: 2b947d46e

Time (s): cpu = 00:00:55 ; elapsed = 00:00:20 . Memory (MB): peak = 3531.754 ; gain = 112.273 ; free physical = 49017 ; free virtual = 64411

Phase 4 Initial Routing

Phase 4.1 Initial Net Routing Pass
Phase 4.1 Initial Net Routing Pass | Checksum: 1deec85e7

Time (s): cpu = 00:01:16 ; elapsed = 00:00:25 . Memory (MB): peak = 3651.746 ; gain = 232.266 ; free physical = 48910 ; free virtual = 64303
Phase 4 Initial Routing | Checksum: 1deec85e7

Time (s): cpu = 00:01:16 ; elapsed = 00:00:25 . Memory (MB): peak = 3651.746 ; gain = 232.266 ; free physical = 48910 ; free virtual = 64304

Phase 5 Rip-up And Reroute

Phase 5.1 Global Iteration 0
 Number of Nodes with overlaps = 13245
 Number of Nodes with overlaps = 3059
 Number of Nodes with overlaps = 837
 Number of Nodes with overlaps = 262
 Number of Nodes with overlaps = 56
 Number of Nodes with overlaps = 16
 Number of Nodes with overlaps = 9
 Number of Nodes with overlaps = 3
 Number of Nodes with overlaps = 3
 Number of Nodes with overlaps = 0
INFO: [Route 35-416] Intermediate Timing Summary | WNS=0.054  | TNS=0.000  | WHS=N/A    | THS=N/A    |

Phase 5.1 Global Iteration 0 | Checksum: 20f1f37ac

Time (s): cpu = 00:02:41 ; elapsed = 00:00:55 . Memory (MB): peak = 3651.746 ; gain = 232.266 ; free physical = 48918 ; free virtual = 64313

Phase 5.2 Global Iteration 1
 Number of Nodes with overlaps = 8
 Number of Nodes with overlaps = 6
 Number of Nodes with overlaps = 5
 Number of Nodes with overlaps = 2
 Number of Nodes with overlaps = 3
 Number of Nodes with overlaps = 1
 Number of Nodes with overlaps = 1
 Number of Nodes with overlaps = 0
INFO: [Route 35-416] Intermediate Timing Summary | WNS=0.054  | TNS=0.000  | WHS=N/A    | THS=N/A    |

Phase 5.2 Global Iteration 1 | Checksum: 1ed49cd27

Time (s): cpu = 00:02:46 ; elapsed = 00:00:59 . Memory (MB): peak = 3651.746 ; gain = 232.266 ; free physical = 48918 ; free virtual = 64312

Phase 5.3 Global Iteration 2
 Number of Nodes with overlaps = 1
 Number of Nodes with overlaps = 6
 Number of Nodes with overlaps = 20
 Number of Nodes with overlaps = 3
 Number of Nodes with overlaps = 0
INFO: [Route 35-416] Intermediate Timing Summary | WNS=-0.005 | TNS=-0.005 | WHS=N/A    | THS=N/A    |

Phase 5.3 Global Iteration 2 | Checksum: 270a9652d

Time (s): cpu = 00:02:50 ; elapsed = 00:01:02 . Memory (MB): peak = 3651.746 ; gain = 232.266 ; free physical = 48903 ; free virtual = 64297
Phase 5 Rip-up And Reroute | Checksum: 270a9652d

Time (s): cpu = 00:02:50 ; elapsed = 00:01:02 . Memory (MB): peak = 3651.746 ; gain = 232.266 ; free physical = 48903 ; free virtual = 64297

Phase 6 Delay and Skew Optimization

Phase 6.1 TNS Cleanup

Phase 6.1.1 Delay CleanUp

Phase 6.1.1.1 Update Timing
Phase 6.1.1.1 Update Timing | Checksum: 275fefbd3

Time (s): cpu = 00:02:55 ; elapsed = 00:01:03 . Memory (MB): peak = 3651.746 ; gain = 232.266 ; free physical = 48904 ; free virtual = 64290
INFO: [Route 35-416] Intermediate Timing Summary | WNS=0.169  | TNS=0.000  | WHS=N/A    | THS=N/A    |

Phase 6.1.1 Delay CleanUp | Checksum: 294c12951

Time (s): cpu = 00:02:55 ; elapsed = 00:01:03 . Memory (MB): peak = 3651.746 ; gain = 232.266 ; free physical = 48904 ; free virtual = 64298
Phase 6.1 TNS Cleanup | Checksum: 294c12951

Time (s): cpu = 00:02:55 ; elapsed = 00:01:03 . Memory (MB): peak = 3651.746 ; gain = 232.266 ; free physical = 48904 ; free virtual = 64298

Phase 6.2 Clock Skew Optimization
Phase 6.2 Clock Skew Optimization | Checksum: 294c12951

Time (s): cpu = 00:02:55 ; elapsed = 00:01:03 . Memory (MB): peak = 3651.746 ; gain = 232.266 ; free physical = 48904 ; free virtual = 64298
Phase 6 Delay and Skew Optimization | Checksum: 294c12951

Time (s): cpu = 00:02:55 ; elapsed = 00:01:03 . Memory (MB): peak = 3651.746 ; gain = 232.266 ; free physical = 48904 ; free virtual = 64298

Phase 7 Post Hold Fix

Phase 7.1 Hold Fix Iter
INFO: [Route 35-416] Intermediate Timing Summary | WNS=0.169  | TNS=0.000  | WHS=0.016  | THS=0.000  |

Phase 7.1 Hold Fix Iter | Checksum: 2d0c5629f

Time (s): cpu = 00:03:00 ; elapsed = 00:01:04 . Memory (MB): peak = 3651.746 ; gain = 232.266 ; free physical = 48912 ; free virtual = 64306
Phase 7 Post Hold Fix | Checksum: 2d0c5629f

Time (s): cpu = 00:03:00 ; elapsed = 00:01:04 . Memory (MB): peak = 3651.746 ; gain = 232.266 ; free physical = 48921 ; free virtual = 64306

Phase 8 Route finalize

Router Utilization Summary
  Global Vertical Routing Utilization    = 15.4593 %
  Global Horizontal Routing Utilization  = 20.9255 %
  Routable Net Status*
  *Does not include unroutable nets such as driverless and loadless.
  Run report_route_status for detailed report.
  Number of Failed Nets               = 0
    (Failed Nets is the sum of unrouted and partially routed nets)
  Number of Unrouted Nets             = 0
  Number of Partially Routed Nets     = 0
  Number of Node Overlaps             = 0

Phase 8 Route finalize | Checksum: 2d0c5629f

Time (s): cpu = 00:03:01 ; elapsed = 00:01:04 . Memory (MB): peak = 3651.746 ; gain = 232.266 ; free physical = 48912 ; free virtual = 64306

Phase 9 Verifying routed nets

 Verification completed successfully
Phase 9 Verifying routed nets | Checksum: 2d0c5629f

Time (s): cpu = 00:03:01 ; elapsed = 00:01:04 . Memory (MB): peak = 3651.746 ; gain = 232.266 ; free physical = 48911 ; free virtual = 64305

Phase 10 Depositing Routes
Phase 10 Depositing Routes | Checksum: 2ccc15a16

Time (s): cpu = 00:03:04 ; elapsed = 00:01:05 . Memory (MB): peak = 3651.746 ; gain = 232.266 ; free physical = 48911 ; free virtual = 64305
INFO: [Route 72-16] Aggressive Explore Summary
+======+=======+=====+=======+=====+========+==============+===================+
| Pass |  WNS  | TNS |  WHS  | THS | Status | Elapsed Time | Solution Selected |
+======+=======+=====+=======+=====+========+==============+===================+
|  1   | 0.169 |  -  | 0.016 |  -  |  Pass  |   00:00:53   |         x         |
|  2   |   -   |  -  |   -   |  -  |  Skip  |   00:00:00   |                   |
+------+-------+-----+-------+-----+--------+--------------+-------------------+


Phase 11 Post Process Routing
Phase 11 Post Process Routing | Checksum: 2ccc15a16

Time (s): cpu = 00:03:04 ; elapsed = 00:01:05 . Memory (MB): peak = 3651.746 ; gain = 232.266 ; free physical = 48911 ; free virtual = 64305

Phase 12 Post Router Timing
INFO: [Route 35-20] Post Routing Timing Summary | WNS=0.175  | TNS=0.000  | WHS=0.016  | THS=0.000  |

Phase 12 Post Router Timing | Checksum: 31f769b94

Time (s): cpu = 00:03:20 ; elapsed = 00:01:08 . Memory (MB): peak = 3651.746 ; gain = 232.266 ; free physical = 48908 ; free virtual = 64302
INFO: [Route 35-61] The design met the timing requirement.
Total Elapsed time in route_design: 68.09 secs

Phase 13 Post-Route Event Processing
Phase 13 Post-Route Event Processing | Checksum: a5dd1208

Time (s): cpu = 00:03:20 ; elapsed = 00:01:08 . Memory (MB): peak = 3651.746 ; gain = 232.266 ; free physical = 48908 ; free virtual = 64302
INFO: [Route 35-16] Router Completed Successfully
Ending Routing Task | Checksum: a5dd1208

Time (s): cpu = 00:03:20 ; elapsed = 00:01:08 . Memory (MB): peak = 3651.746 ; gain = 232.266 ; free physical = 48909 ; free virtual = 64303

Routing Is Done.
INFO: [Common 17-83] Releasing license: Implementation
976 Infos, 77 Warnings, 0 Critical Warnings and 0 Errors encountered.
route_design completed successfully
route_design: Time (s): cpu = 00:03:22 ; elapsed = 00:01:09 . Memory (MB): peak = 3651.746 ; gain = 306.023 ; free physical = 48908 ; free virtual = 64302
INFO: [Vivado 12-24828] Executing command : report_drc -file design_1_wrapper_drc_routed.rpt -pb design_1_wrapper_drc_routed.pb -rpx design_1_wrapper_drc_routed.rpx
Command: report_drc -file design_1_wrapper_drc_routed.rpt -pb design_1_wrapper_drc_routed.pb -rpx design_1_wrapper_drc_routed.rpx
INFO: [IP_Flow 19-1839] IP Catalog is up to date.
INFO: [DRC 23-27] Running DRC with 8 threads
INFO: [Vivado_Tcl 2-168] The results of DRC are in file /run/media/pjs/6A43-DC8A/smollm2-zybo/hw/vivado_project/GPTalk.runs/impl_1/design_1_wrapper_drc_routed.rpt.
report_drc completed successfully
INFO: [Vivado 12-24828] Executing command : report_methodology -file design_1_wrapper_methodology_drc_routed.rpt -pb design_1_wrapper_methodology_drc_routed.pb -rpx design_1_wrapper_methodology_drc_routed.rpx
Command: report_methodology -file design_1_wrapper_methodology_drc_routed.rpt -pb design_1_wrapper_methodology_drc_routed.pb -rpx design_1_wrapper_methodology_drc_routed.rpx
INFO: [Timing 38-35] Done setting XDC timing constraints.
INFO: [DRC 23-133] Running Methodology with 8 threads
INFO: [Vivado_Tcl 2-1520] The results of Report Methodology are in file /run/media/pjs/6A43-DC8A/smollm2-zybo/hw/vivado_project/GPTalk.runs/impl_1/design_1_wrapper_methodology_drc_routed.rpt.
report_methodology completed successfully
report_methodology: Time (s): cpu = 00:00:33 ; elapsed = 00:00:06 . Memory (MB): peak = 3651.746 ; gain = 0.000 ; free physical = 48893 ; free virtual = 64288
INFO: [Vivado 12-24828] Executing command : report_timing_summary -max_paths 10 -report_unconstrained -file design_1_wrapper_timing_summary_routed.rpt -pb design_1_wrapper_timing_summary_routed.pb -rpx design_1_wrapper_timing_summary_routed.rpx
INFO: [Timing 38-35] Done setting XDC timing constraints.
INFO: [Timing 38-91] UpdateTimingParams: Speed grade: -1, Delay Type: min_max.
INFO: [Timing 38-191] Multithreading enabled for timing update using a maximum of 8 CPUs
WARNING: [Timing 38-436] There are set_bus_skew constraint(s) in this design. Please run report_bus_skew to ensure that bus skew requirements are met.
INFO: [Vivado 12-24838] Running report commands "report_bus_skew, report_incremental_reuse, report_route_status" in parallel.
Running report generation with 3 threads.
INFO: [Vivado 12-24828] Executing command : report_incremental_reuse -file design_1_wrapper_incremental_reuse_routed.rpt
INFO: [Vivado_Tcl 4-1062] Incremental flow is disabled. No incremental reuse Info to report.
INFO: [Vivado 12-24828] Executing command : report_bus_skew -warn_on_violation -file design_1_wrapper_bus_skew_routed.rpt -pb design_1_wrapper_bus_skew_routed.pb -rpx design_1_wrapper_bus_skew_routed.rpx
INFO: [Timing 38-91] UpdateTimingParams: Speed grade: -1, Delay Type: min_max.
INFO: [Timing 38-191] Multithreading enabled for timing update using a maximum of 8 CPUs
INFO: [Vivado 12-24828] Executing command : report_route_status -file design_1_wrapper_route_status.rpt -pb design_1_wrapper_route_status.pb
INFO: [Vivado 12-24828] Executing command : report_power -file design_1_wrapper_power_routed.rpt -pb design_1_wrapper_power_summary_routed.pb -rpx design_1_wrapper_power_routed.rpx
Command: report_power -file design_1_wrapper_power_routed.rpt -pb design_1_wrapper_power_summary_routed.pb -rpx design_1_wrapper_power_routed.rpx
Running Vector-less Activity Propagation...

Finished Running Vector-less Activity Propagation
WARNING: [Power 33-332] Found switching activity that implies high-fanout reset nets being asserted for excessive periods of time which may result in inaccurate power analysis.
Resolution: To review and fix problems, please run Power Constraints Advisor in the GUI from Tools > Power Constraints Advisor or run report_power with the -advisory option to generate a text report.
996 Infos, 79 Warnings, 0 Critical Warnings and 0 Errors encountered.
report_power completed successfully
report_power: Time (s): cpu = 00:00:14 ; elapsed = 00:00:05 . Memory (MB): peak = 3707.773 ; gain = 56.027 ; free physical = 48868 ; free virtual = 64278
INFO: [Vivado 12-24828] Executing command : report_clock_utilization -file design_1_wrapper_clock_utilization_routed.rpt
generate_parallel_reports: Time (s): cpu = 00:01:14 ; elapsed = 00:00:19 . Memory (MB): peak = 3707.773 ; gain = 56.027 ; free physical = 48865 ; free virtual = 64276
INFO: [Timing 38-480] Writing timing data to binary archive.
Write ShapeDB Complete: Time (s): cpu = 00:00:00.28 ; elapsed = 00:00:00.06 . Memory (MB): peak = 3707.773 ; gain = 0.000 ; free physical = 48851 ; free virtual = 64272
Wrote PlaceDB: Time (s): cpu = 00:00:04 ; elapsed = 00:00:01 . Memory (MB): peak = 3707.773 ; gain = 0.000 ; free physical = 48790 ; free virtual = 64270
Wrote PulsedLatchDB: Time (s): cpu = 00:00:00 ; elapsed = 00:00:00 . Memory (MB): peak = 3707.773 ; gain = 0.000 ; free physical = 48790 ; free virtual = 64270
Writing XDEF routing.
Writing XDEF routing logical nets.
Writing XDEF routing special nets.
Wrote RouteStorage: Time (s): cpu = 00:00:00.34 ; elapsed = 00:00:00.19 . Memory (MB): peak = 3707.773 ; gain = 0.000 ; free physical = 48785 ; free virtual = 64273
Wrote Netlist Cache: Time (s): cpu = 00:00:00.03 ; elapsed = 00:00:00.03 . Memory (MB): peak = 3707.773 ; gain = 0.000 ; free physical = 48783 ; free virtual = 64275
Wrote Device Cache: Time (s): cpu = 00:00:00 ; elapsed = 00:00:00 . Memory (MB): peak = 3707.773 ; gain = 0.000 ; free physical = 48775 ; free virtual = 64268
Write Physdb Complete: Time (s): cpu = 00:00:04 ; elapsed = 00:00:02 . Memory (MB): peak = 3707.773 ; gain = 0.000 ; free physical = 48774 ; free virtual = 64268
INFO: [Common 17-1381] The checkpoint '/run/media/pjs/6A43-DC8A/smollm2-zybo/hw/vivado_project/GPTalk.runs/impl_1/design_1_wrapper_routed.dcp' has been generated.
Command: phys_opt_design -directive AggressiveExplore
Attempting to get a license for feature 'Implementation' and/or device 'xc7z020'
INFO: [Common 17-349] Got license for feature 'Implementation' and/or device 'xc7z020'
INFO: [Vivado_Tcl 4-241] Physical synthesis in post route mode 
INFO: [Vivado_Tcl 4-137] Directive used for phys_opt_design is: AggressiveExplore
INFO: [Vivado_Tcl 4-2280] Estimated Timing Summary | WNS= 0.175 | TNS= 0.000 | WHS= 0.016 |
INFO: [Vivado_Tcl 4-383] Design worst setup slack (WNS) is greater than or equal to 0.000 ns. All physical synthesis setup optimizations will be skipped.
INFO: [Vivado_Tcl 4-2291] Design worst hold slack (WHS) is greater than or equal to 0.000 ns. Hold fix optimization will be skipped.
 
INFO: [Vivado_Tcl 4-232] No setup violation found. The netlist was not modified.
INFO: [Common 17-83] Releasing license: Implementation
1007 Infos, 79 Warnings, 0 Critical Warnings and 0 Errors encountered.
phys_opt_design completed successfully
INFO: [Vivado 12-24828] Executing command : report_timing_summary -max_paths 10 -report_unconstrained -warn_on_violation -file design_1_wrapper_timing_summary_postroute_physopted.rpt -pb design_1_wrapper_timing_summary_postroute_physopted.pb -rpx design_1_wrapper_timing_summary_postroute_physopted.rpx
INFO: [Timing 38-91] UpdateTimingParams: Speed grade: -1, Delay Type: min_max.
INFO: [Timing 38-191] Multithreading enabled for timing update using a maximum of 8 CPUs
WARNING: [Timing 38-436] There are set_bus_skew constraint(s) in this design. Please run report_bus_skew to ensure that bus skew requirements are met.
INFO: [Vivado 12-24828] Executing command : report_bus_skew -warn_on_violation -file design_1_wrapper_bus_skew_postroute_physopted.rpt -pb design_1_wrapper_bus_skew_postroute_physopted.pb -rpx design_1_wrapper_bus_skew_postroute_physopted.rpx
INFO: [Timing 38-91] UpdateTimingParams: Speed grade: -1, Delay Type: min_max.
INFO: [Timing 38-191] Multithreading enabled for timing update using a maximum of 8 CPUs
INFO: [Timing 38-480] Writing timing data to binary archive.
Write ShapeDB Complete: Time (s): cpu = 00:00:00.31 ; elapsed = 00:00:00.07 . Memory (MB): peak = 3707.773 ; gain = 0.000 ; free physical = 48815 ; free virtual = 64261
Wrote PlaceDB: Time (s): cpu = 00:00:04 ; elapsed = 00:00:01 . Memory (MB): peak = 3707.773 ; gain = 0.000 ; free physical = 48754 ; free virtual = 64252
Wrote PulsedLatchDB: Time (s): cpu = 00:00:00 ; elapsed = 00:00:00 . Memory (MB): peak = 3707.773 ; gain = 0.000 ; free physical = 48754 ; free virtual = 64252
Writing XDEF routing.
Writing XDEF routing logical nets.
Writing XDEF routing special nets.
Wrote RouteStorage: Time (s): cpu = 00:00:00.38 ; elapsed = 00:00:00.21 . Memory (MB): peak = 3707.773 ; gain = 0.000 ; free physical = 48738 ; free virtual = 64244
Wrote Netlist Cache: Time (s): cpu = 00:00:00.02 ; elapsed = 00:00:00.03 . Memory (MB): peak = 3707.773 ; gain = 0.000 ; free physical = 48731 ; free virtual = 64242
Wrote Device Cache: Time (s): cpu = 00:00:00.01 ; elapsed = 00:00:00.01 . Memory (MB): peak = 3707.773 ; gain = 0.000 ; free physical = 48730 ; free virtual = 64242
Write Physdb Complete: Time (s): cpu = 00:00:04 ; elapsed = 00:00:02 . Memory (MB): peak = 3707.773 ; gain = 0.000 ; free physical = 48730 ; free virtual = 64242
INFO: [Common 17-1381] The checkpoint '/run/media/pjs/6A43-DC8A/smollm2-zybo/hw/vivado_project/GPTalk.runs/impl_1/design_1_wrapper_postroute_physopt.dcp' has been generated.
INFO: [Memdata 28-208] The XPM instance: <design_1_i/v_axi4s_vid_out_0/inst/COUPLER_INST/generate_async_fifo.FIFO_INST/XPM_FIFO_ASYNC_INST/gnuram_async_fifo.xpm_fifo_base_inst/gen_sdpram.xpm_memory_base_inst> is part of IP: <design_1_i/v_axi4s_vid_out_0>. This XPM instance will be excluded from the .mmi because updatemem is prohibited from making changes to an XPM that is part of an IP.
INFO: [Memdata 28-208] The XPM instance: <design_1_i/s2mm_axis_fifo/inst/gen_fifo.xpm_fifo_axis_inst/xpm_fifo_base_inst/gen_sdpram.xpm_memory_base_inst> is part of IP: <design_1_i/s2mm_axis_fifo>. This XPM instance will be excluded from the .mmi because updatemem is prohibited from making changes to an XPM that is part of an IP.
INFO: [Memdata 28-208] The XPM instance: <design_1_i/mm2s_axis_fifo/inst/gen_fifo.xpm_fifo_axis_inst/xpm_fifo_base_inst/gen_sdpram.xpm_memory_base_inst> is part of IP: <design_1_i/mm2s_axis_fifo>. This XPM instance will be excluded from the .mmi because updatemem is prohibited from making changes to an XPM that is part of an IP.
INFO: [Memdata 28-167] Found XPM memory block design_1_i/axi_video_hp0_smc/inst/s00_nodes/s00_r_node/inst/inst_mi_handler/gen_normal_area.inst_fifo_node_payld/gen_xpm_memory_fifo.inst_fifo/gen_mem_rep[0].inst_xpm_memory/xpm_memory_base_inst with a P_MEMORY_PRIMITIVE property set to distributed. A value of block is required. You will not be able to use the updatemem program to update the bitstream with new data for the design_1_i/axi_video_hp0_smc/inst/s00_nodes/s00_r_node/inst/inst_mi_handler/gen_normal_area.inst_fifo_node_payld/gen_xpm_memory_fifo.inst_fifo/gen_mem_rep[0].inst_xpm_memory/xpm_memory_base_inst block.
INFO: [Memdata 28-167] Found XPM memory block design_1_i/axi_video_hp0_smc/inst/s00_nodes/s00_ar_node/inst/inst_mi_handler/gen_normal_area.inst_fifo_node_payld/gen_xpm_memory_fifo.inst_fifo/gen_mem_rep[0].inst_xpm_memory/xpm_memory_base_inst with a P_MEMORY_PRIMITIVE property set to distributed. A value of block is required. You will not be able to use the updatemem program to update the bitstream with new data for the design_1_i/axi_video_hp0_smc/inst/s00_nodes/s00_ar_node/inst/inst_mi_handler/gen_normal_area.inst_fifo_node_payld/gen_xpm_memory_fifo.inst_fifo/gen_mem_rep[0].inst_xpm_memory/xpm_memory_base_inst block.
INFO: [Memdata 28-208] The XPM instance: <design_1_i/axi_vdma_1/U0/I_PRMRY_DATAMOVER/GEN_MM2S_FULL.I_MM2S_FULL_WRAPPER/GEN_INCLUDE_MM2S_SF.I_RD_SF/I_DATA_FIFO/BLK_MEM.I_SYNC_FIFOGEN_FIFO/xpm_fifo_instance.xpm_fifo_sync_inst/xpm_fifo_base_inst/gen_sdpram.xpm_memory_base_inst> is part of IP: <design_1_i/axi_vdma_1>. This XPM instance will be excluded from the .mmi because updatemem is prohibited from making changes to an XPM that is part of an IP.
INFO: [Memdata 28-208] The XPM instance: <design_1_i/axi_vdma_1/U0/GEN_SPRT_FOR_MM2S.MM2S_LINEBUFFER_I/GEN_LINEBUF_NO_SOF.GEN_LINEBUFFER.GEN_SYNC_FIFO.I_LINEBUFFER_FIFO/xpm_fifo_sync_inst/xpm_fifo_base_inst/gen_sdpram.xpm_memory_base_inst> is part of IP: <design_1_i/axi_vdma_1>. This XPM instance will be excluded from the .mmi because updatemem is prohibited from making changes to an XPM that is part of an IP.
INFO: [Memdata 28-167] Found XPM memory block design_1_i/axi_gemv_hp1_smc/inst/s01_nodes/s01_w_node/inst/inst_mi_handler/gen_normal_area.inst_fifo_node_payld/gen_xpm_memory_fifo.inst_fifo/gen_mem_rep[0].inst_xpm_memory/xpm_memory_base_inst with a P_MEMORY_PRIMITIVE property set to distributed. A value of block is required. You will not be able to use the updatemem program to update the bitstream with new data for the design_1_i/axi_gemv_hp1_smc/inst/s01_nodes/s01_w_node/inst/inst_mi_handler/gen_normal_area.inst_fifo_node_payld/gen_xpm_memory_fifo.inst_fifo/gen_mem_rep[0].inst_xpm_memory/xpm_memory_base_inst block.
INFO: [Memdata 28-167] Found XPM memory block design_1_i/axi_gemv_hp1_smc/inst/s01_nodes/s01_w_node/inst/inst_mi_handler/gen_normal_area.gen_fifo_req.inst_fifo_req/gen_xpm_memory_fifo.inst_fifo/gen_mem_rep[0].inst_xpm_memory/xpm_memory_base_inst with a P_MEMORY_PRIMITIVE property set to distributed. A value of block is required. You will not be able to use the updatemem program to update the bitstream with new data for the design_1_i/axi_gemv_hp1_smc/inst/s01_nodes/s01_w_node/inst/inst_mi_handler/gen_normal_area.gen_fifo_req.inst_fifo_req/gen_xpm_memory_fifo.inst_fifo/gen_mem_rep[0].inst_xpm_memory/xpm_memory_base_inst block.
INFO: [Memdata 28-167] Found XPM memory block design_1_i/axi_gemv_hp1_smc/inst/s01_nodes/s01_b_node/inst/inst_mi_handler/gen_normal_area.inst_fifo_node_payld/gen_xpm_memory_fifo.inst_fifo/gen_mem_rep[0].inst_xpm_memory/xpm_memory_base_inst with a P_MEMORY_PRIMITIVE property set to distributed. A value of block is required. You will not be able to use the updatemem program to update the bitstream with new data for the design_1_i/axi_gemv_hp1_smc/inst/s01_nodes/s01_b_node/inst/inst_mi_handler/gen_normal_area.inst_fifo_node_payld/gen_xpm_memory_fifo.inst_fifo/gen_mem_rep[0].inst_xpm_memory/xpm_memory_base_inst block.
INFO: [Memdata 28-167] Found XPM memory block design_1_i/axi_gemv_hp1_smc/inst/s01_nodes/s01_aw_node/inst/inst_mi_handler/gen_normal_area.inst_fifo_node_payld/gen_xpm_memory_fifo.inst_fifo/gen_mem_rep[0].inst_xpm_memory/xpm_memory_base_inst with a P_MEMORY_PRIMITIVE property set to distributed. A value of block is required. You will not be able to use the updatemem program to update the bitstream with new data for the design_1_i/axi_gemv_hp1_smc/inst/s01_nodes/s01_aw_node/inst/inst_mi_handler/gen_normal_area.inst_fifo_node_payld/gen_xpm_memory_fifo.inst_fifo/gen_mem_rep[0].inst_xpm_memory/xpm_memory_base_inst block.
INFO: [Memdata 28-167] Found XPM memory block design_1_i/axi_gemv_hp1_smc/inst/s00_nodes/s00_r_node/inst/inst_mi_handler/gen_normal_area.inst_fifo_node_payld/gen_xpm_memory_fifo.inst_fifo/gen_mem_rep[0].inst_xpm_memory/xpm_memory_base_inst with a P_MEMORY_PRIMITIVE property set to distributed. A value of block is required. You will not be able to use the updatemem program to update the bitstream with new data for the design_1_i/axi_gemv_hp1_smc/inst/s00_nodes/s00_r_node/inst/inst_mi_handler/gen_normal_area.inst_fifo_node_payld/gen_xpm_memory_fifo.inst_fifo/gen_mem_rep[0].inst_xpm_memory/xpm_memory_base_inst block.
INFO: [Memdata 28-167] Found XPM memory block design_1_i/axi_gemv_hp1_smc/inst/s00_nodes/s00_ar_node/inst/inst_mi_handler/gen_normal_area.inst_fifo_node_payld/gen_xpm_memory_fifo.inst_fifo/gen_mem_rep[0].inst_xpm_memory/xpm_memory_base_inst with a P_MEMORY_PRIMITIVE property set to distributed. A value of block is required. You will not be able to use the updatemem program to update the bitstream with new data for the design_1_i/axi_gemv_hp1_smc/inst/s00_nodes/s00_ar_node/inst/inst_mi_handler/gen_normal_area.inst_fifo_node_payld/gen_xpm_memory_fifo.inst_fifo/gen_mem_rep[0].inst_xpm_memory/xpm_memory_base_inst block.
INFO: [Memdata 28-167] Found XPM memory block design_1_i/axi_gemv_hp1_smc/inst/m00_nodes/m00_w_node/inst/inst_si_handler/gen_si_handler.gen_request_fifos.gen_req_fifo[1].inst_req_fifo/gen_xpm_memory_fifo.inst_fifo/gen_mem_rep[0].inst_xpm_memory/xpm_memory_base_inst with a P_MEMORY_PRIMITIVE property set to distributed. A value of block is required. You will not be able to use the updatemem program to update the bitstream with new data for the design_1_i/axi_gemv_hp1_smc/inst/m00_nodes/m00_w_node/inst/inst_si_handler/gen_si_handler.gen_request_fifos.gen_req_fifo[1].inst_req_fifo/gen_xpm_memory_fifo.inst_fifo/gen_mem_rep[0].inst_xpm_memory/xpm_memory_base_inst block.
INFO: [Memdata 28-167] Found XPM memory block design_1_i/axi_gemv_hp1_smc/inst/m00_nodes/m00_w_node/inst/inst_mi_handler/gen_normal_area.inst_fifo_node_payld/gen_xpm_memory_fifo.inst_fifo/gen_mem_rep[0].inst_xpm_memory/xpm_memory_base_inst with a P_MEMORY_PRIMITIVE property set to distributed. A value of block is required. You will not be able to use the updatemem program to update the bitstream with new data for the design_1_i/axi_gemv_hp1_smc/inst/m00_nodes/m00_w_node/inst/inst_mi_handler/gen_normal_area.inst_fifo_node_payld/gen_xpm_memory_fifo.inst_fifo/gen_mem_rep[0].inst_xpm_memory/xpm_memory_base_inst block.
INFO: [Memdata 28-167] Found XPM memory block design_1_i/axi_gemv_hp1_smc/inst/m00_nodes/m00_r_node/inst/inst_mi_handler/gen_normal_area.inst_fifo_node_payld/gen_xpm_memory_fifo.inst_fifo/gen_mem_rep[0].inst_xpm_memory/xpm_memory_base_inst with a P_MEMORY_PRIMITIVE property set to distributed. A value of block is required. You will not be able to use the updatemem program to update the bitstream with new data for the design_1_i/axi_gemv_hp1_smc/inst/m00_nodes/m00_r_node/inst/inst_mi_handler/gen_normal_area.inst_fifo_node_payld/gen_xpm_memory_fifo.inst_fifo/gen_mem_rep[0].inst_xpm_memory/xpm_memory_base_inst block.
INFO: [Memdata 28-167] Found XPM memory block design_1_i/axi_gemv_hp1_smc/inst/m00_nodes/m00_r_node/inst/inst_mi_handler/gen_normal_area.gen_fifo_req.inst_fifo_req/gen_xpm_memory_fifo.inst_fifo/gen_mem_rep[0].inst_xpm_memory/xpm_memory_base_inst with a P_MEMORY_PRIMITIVE property set to distributed. A value of block is required. You will not be able to use the updatemem program to update the bitstream with new data for the design_1_i/axi_gemv_hp1_smc/inst/m00_nodes/m00_r_node/inst/inst_mi_handler/gen_normal_area.gen_fifo_req.inst_fifo_req/gen_xpm_memory_fifo.inst_fifo/gen_mem_rep[0].inst_xpm_memory/xpm_memory_base_inst block.
INFO: [Memdata 28-167] Found XPM memory block design_1_i/axi_gemv_hp1_smc/inst/m00_nodes/m00_b_node/inst/inst_mi_handler/gen_normal_area.inst_fifo_node_payld/gen_xpm_memory_fifo.inst_fifo/gen_mem_rep[0].inst_xpm_memory/xpm_memory_base_inst with a P_MEMORY_PRIMITIVE property set to distributed. A value of block is required. You will not be able to use the updatemem program to update the bitstream with new data for the design_1_i/axi_gemv_hp1_smc/inst/m00_nodes/m00_b_node/inst/inst_mi_handler/gen_normal_area.inst_fifo_node_payld/gen_xpm_memory_fifo.inst_fifo/gen_mem_rep[0].inst_xpm_memory/xpm_memory_base_inst block.
INFO: [Memdata 28-167] Found XPM memory block design_1_i/axi_gemv_hp1_smc/inst/m00_nodes/m00_b_node/inst/inst_mi_handler/gen_normal_area.gen_fifo_req.inst_fifo_req/gen_xpm_memory_fifo.inst_fifo/gen_mem_rep[0].inst_xpm_memory/xpm_memory_base_inst with a P_MEMORY_PRIMITIVE property set to distributed. A value of block is required. You will not be able to use the updatemem program to update the bitstream with new data for the design_1_i/axi_gemv_hp1_smc/inst/m00_nodes/m00_b_node/inst/inst_mi_handler/gen_normal_area.gen_fifo_req.inst_fifo_req/gen_xpm_memory_fifo.inst_fifo/gen_mem_rep[0].inst_xpm_memory/xpm_memory_base_inst block.
INFO: [Memdata 28-167] Found XPM memory block design_1_i/axi_gemv_hp1_smc/inst/m00_nodes/m00_aw_node/inst/inst_mi_handler/gen_normal_area.inst_fifo_node_payld/gen_xpm_memory_fifo.inst_fifo/gen_mem_rep[0].inst_xpm_memory/xpm_memory_base_inst with a P_MEMORY_PRIMITIVE property set to distributed. A value of block is required. You will not be able to use the updatemem program to update the bitstream with new data for the design_1_i/axi_gemv_hp1_smc/inst/m00_nodes/m00_aw_node/inst/inst_mi_handler/gen_normal_area.inst_fifo_node_payld/gen_xpm_memory_fifo.inst_fifo/gen_mem_rep[0].inst_xpm_memory/xpm_memory_base_inst block.
INFO: [Memdata 28-167] Found XPM memory block design_1_i/axi_gemv_hp1_smc/inst/m00_nodes/m00_ar_node/inst/inst_mi_handler/gen_normal_area.inst_fifo_node_payld/gen_xpm_memory_fifo.inst_fifo/gen_mem_rep[0].inst_xpm_memory/xpm_memory_base_inst with a P_MEMORY_PRIMITIVE property set to distributed. A value of block is required. You will not be able to use the updatemem program to update the bitstream with new data for the design_1_i/axi_gemv_hp1_smc/inst/m00_nodes/m00_ar_node/inst/inst_mi_handler/gen_normal_area.inst_fifo_node_payld/gen_xpm_memory_fifo.inst_fifo/gen_mem_rep[0].inst_xpm_memory/xpm_memory_base_inst block.
INFO: [Memdata 28-167] Found XPM memory block design_1_i/axi_dma_0/U0/I_PRMRY_DATAMOVER/GEN_S2MM_FULL.I_S2MM_FULL_WRAPPER/GEN_ENABLE_INDET_BTT_SF.I_INDET_BTT/I_XD_FIFO/NON_BLK_MEM.I_SYNC_FIFOGEN_FIFO/xpm_fifo_instance.xpm_fifo_sync_inst/xpm_fifo_base_inst/gen_sdpram.xpm_memory_base_inst with a P_MEMORY_PRIMITIVE property set to auto. A value of block is required. You will not be able to use the updatemem program to update the bitstream with new data for the design_1_i/axi_dma_0/U0/I_PRMRY_DATAMOVER/GEN_S2MM_FULL.I_S2MM_FULL_WRAPPER/GEN_ENABLE_INDET_BTT_SF.I_INDET_BTT/I_XD_FIFO/NON_BLK_MEM.I_SYNC_FIFOGEN_FIFO/xpm_fifo_instance.xpm_fifo_sync_inst/xpm_fifo_base_inst/gen_sdpram.xpm_memory_base_inst block.
INFO: [Memdata 28-208] The XPM instance: <design_1_i/axi_dma_0/U0/I_PRMRY_DATAMOVER/GEN_S2MM_FULL.I_S2MM_FULL_WRAPPER/GEN_ENABLE_INDET_BTT_SF.I_INDET_BTT/I_DATA_FIFO/BLK_MEM.I_SYNC_FIFOGEN_FIFO/xpm_fifo_instance.xpm_fifo_sync_inst/xpm_fifo_base_inst/gen_sdpram.xpm_memory_base_inst> is part of IP: <design_1_i/axi_dma_0>. This XPM instance will be excluded from the .mmi because updatemem is prohibited from making changes to an XPM that is part of an IP.
INFO: [Memdata 28-208] The XPM instance: <design_1_i/axi_dma_0/U0/I_PRMRY_DATAMOVER/GEN_MM2S_FULL.I_MM2S_FULL_WRAPPER/GEN_INCLUDE_MM2S_SF.I_RD_SF/I_DATA_FIFO/BLK_MEM.I_SYNC_FIFOGEN_FIFO/xpm_fifo_instance.xpm_fifo_sync_inst/xpm_fifo_base_inst/gen_sdpram.xpm_memory_base_inst> is part of IP: <design_1_i/axi_dma_0>. This XPM instance will be excluded from the .mmi because updatemem is prohibited from making changes to an XPM that is part of an IP.
INFO: [Memdata 28-167] Found XPM memory block design_1_i/axi_ctrl_smc/inst/s00_nodes/s00_w_node/inst/inst_mi_handler/gen_normal_area.inst_fifo_node_payld/gen_xpm_memory_fifo.inst_fifo/gen_mem_rep[0].inst_xpm_memory/xpm_memory_base_inst with a P_MEMORY_PRIMITIVE property set to distributed. A value of block is required. You will not be able to use the updatemem program to update the bitstream with new data for the design_1_i/axi_ctrl_smc/inst/s00_nodes/s00_w_node/inst/inst_mi_handler/gen_normal_area.inst_fifo_node_payld/gen_xpm_memory_fifo.inst_fifo/gen_mem_rep[0].inst_xpm_memory/xpm_memory_base_inst block.
INFO: [Memdata 28-167] Found XPM memory block design_1_i/axi_ctrl_smc/inst/s00_nodes/s00_w_node/inst/inst_mi_handler/gen_normal_area.gen_fifo_req.inst_fifo_req/gen_xpm_memory_fifo.inst_fifo/gen_mem_rep[0].inst_xpm_memory/xpm_memory_base_inst with a P_MEMORY_PRIMITIVE property set to distributed. A value of block is required. You will not be able to use the updatemem program to update the bitstream with new data for the design_1_i/axi_ctrl_smc/inst/s00_nodes/s00_w_node/inst/inst_mi_handler/gen_normal_area.gen_fifo_req.inst_fifo_req/gen_xpm_memory_fifo.inst_fifo/gen_mem_rep[0].inst_xpm_memory/xpm_memory_base_inst block.
INFO: [Memdata 28-167] Found XPM memory block design_1_i/axi_ctrl_smc/inst/s00_nodes/s00_r_node/inst/inst_mi_handler/gen_normal_area.inst_fifo_node_payld/gen_xpm_memory_fifo.inst_fifo/gen_mem_rep[0].inst_xpm_memory/xpm_memory_base_inst with a P_MEMORY_PRIMITIVE property set to distributed. A value of block is required. You will not be able to use the updatemem program to update the bitstream with new data for the design_1_i/axi_ctrl_smc/inst/s00_nodes/s00_r_node/inst/inst_mi_handler/gen_normal_area.inst_fifo_node_payld/gen_xpm_memory_fifo.inst_fifo/gen_mem_rep[0].inst_xpm_memory/xpm_memory_base_inst block.
INFO: [Memdata 28-167] Found XPM memory block design_1_i/axi_ctrl_smc/inst/s00_nodes/s00_b_node/inst/inst_mi_handler/gen_normal_area.inst_fifo_node_payld/gen_xpm_memory_fifo.inst_fifo/gen_mem_rep[0].inst_xpm_memory/xpm_memory_base_inst with a P_MEMORY_PRIMITIVE property set to distributed. A value of block is required. You will not be able to use the updatemem program to update the bitstream with new data for the design_1_i/axi_ctrl_smc/inst/s00_nodes/s00_b_node/inst/inst_mi_handler/gen_normal_area.inst_fifo_node_payld/gen_xpm_memory_fifo.inst_fifo/gen_mem_rep[0].inst_xpm_memory/xpm_memory_base_inst block.
INFO: [Memdata 28-167] Found XPM memory block design_1_i/axi_ctrl_smc/inst/s00_nodes/s00_aw_node/inst/inst_mi_handler/gen_normal_area.inst_fifo_node_payld/gen_xpm_memory_fifo.inst_fifo/gen_mem_rep[0].inst_xpm_memory/xpm_memory_base_inst with a P_MEMORY_PRIMITIVE property set to distributed. A value of block is required. You will not be able to use the updatemem program to update the bitstream with new data for the design_1_i/axi_ctrl_smc/inst/s00_nodes/s00_aw_node/inst/inst_mi_handler/gen_normal_area.inst_fifo_node_payld/gen_xpm_memory_fifo.inst_fifo/gen_mem_rep[0].inst_xpm_memory/xpm_memory_base_inst block.
INFO: [Memdata 28-167] Found XPM memory block design_1_i/axi_ctrl_smc/inst/s00_nodes/s00_aw_node/inst/inst_mi_handler/gen_normal_area.gen_fifo_req.inst_fifo_req/gen_xpm_memory_fifo.inst_fifo/gen_mem_rep[0].inst_xpm_memory/xpm_memory_base_inst with a P_MEMORY_PRIMITIVE property set to distributed. A value of block is required. You will not be able to use the updatemem program to update the bitstream with new data for the design_1_i/axi_ctrl_smc/inst/s00_nodes/s00_aw_node/inst/inst_mi_handler/gen_normal_area.gen_fifo_req.inst_fifo_req/gen_xpm_memory_fifo.inst_fifo/gen_mem_rep[0].inst_xpm_memory/xpm_memory_base_inst block.
INFO: [Memdata 28-167] Found XPM memory block design_1_i/axi_ctrl_smc/inst/s00_nodes/s00_ar_node/inst/inst_mi_handler/gen_normal_area.inst_fifo_node_payld/gen_xpm_memory_fifo.inst_fifo/gen_mem_rep[0].inst_xpm_memory/xpm_memory_base_inst with a P_MEMORY_PRIMITIVE property set to distributed. A value of block is required. You will not be able to use the updatemem program to update the bitstream with new data for the design_1_i/axi_ctrl_smc/inst/s00_nodes/s00_ar_node/inst/inst_mi_handler/gen_normal_area.inst_fifo_node_payld/gen_xpm_memory_fifo.inst_fifo/gen_mem_rep[0].inst_xpm_memory/xpm_memory_base_inst block.
INFO: [Memdata 28-167] Found XPM memory block design_1_i/axi_ctrl_smc/inst/s00_nodes/s00_ar_node/inst/inst_mi_handler/gen_normal_area.gen_fifo_req.inst_fifo_req/gen_xpm_memory_fifo.inst_fifo/gen_mem_rep[0].inst_xpm_memory/xpm_memory_base_inst with a P_MEMORY_PRIMITIVE property set to distributed. A value of block is required. You will not be able to use the updatemem program to update the bitstream with new data for the design_1_i/axi_ctrl_smc/inst/s00_nodes/s00_ar_node/inst/inst_mi_handler/gen_normal_area.gen_fifo_req.inst_fifo_req/gen_xpm_memory_fifo.inst_fifo/gen_mem_rep[0].inst_xpm_memory/xpm_memory_base_inst block.
INFO: [Memdata 28-167] Found XPM memory block design_1_i/axi_ctrl_smc/inst/m05_nodes/m05_w_node/inst/inst_mi_handler/gen_normal_area.inst_fifo_node_payld/gen_xpm_memory_fifo.inst_fifo/gen_mem_rep[0].inst_xpm_memory/xpm_memory_base_inst with a P_MEMORY_PRIMITIVE property set to distributed. A value of block is required. You will not be able to use the updatemem program to update the bitstream with new data for the design_1_i/axi_ctrl_smc/inst/m05_nodes/m05_w_node/inst/inst_mi_handler/gen_normal_area.inst_fifo_node_payld/gen_xpm_memory_fifo.inst_fifo/gen_mem_rep[0].inst_xpm_memory/xpm_memory_base_inst block.
INFO: [Memdata 28-167] Found XPM memory block design_1_i/axi_ctrl_smc/inst/m05_nodes/m05_r_node/inst/inst_mi_handler/gen_normal_area.inst_fifo_node_payld/gen_xpm_memory_fifo.inst_fifo/gen_mem_rep[0].inst_xpm_memory/xpm_memory_base_inst with a P_MEMORY_PRIMITIVE property set to distributed. A value of block is required. You will not be able to use the updatemem program to update the bitstream with new data for the design_1_i/axi_ctrl_smc/inst/m05_nodes/m05_r_node/inst/inst_mi_handler/gen_normal_area.inst_fifo_node_payld/gen_xpm_memory_fifo.inst_fifo/gen_mem_rep[0].inst_xpm_memory/xpm_memory_base_inst block.
INFO: [Memdata 28-167] Found XPM memory block design_1_i/axi_ctrl_smc/inst/m05_nodes/m05_b_node/inst/inst_mi_handler/gen_normal_area.inst_fifo_node_payld/gen_xpm_memory_fifo.inst_fifo/gen_mem_rep[0].inst_xpm_memory/xpm_memory_base_inst with a P_MEMORY_PRIMITIVE property set to distributed. A value of block is required. You will not be able to use the updatemem program to update the bitstream with new data for the design_1_i/axi_ctrl_smc/inst/m05_nodes/m05_b_node/inst/inst_mi_handler/gen_normal_area.inst_fifo_node_payld/gen_xpm_memory_fifo.inst_fifo/gen_mem_rep[0].inst_xpm_memory/xpm_memory_base_inst block.
INFO: [Memdata 28-167] Found XPM memory block design_1_i/axi_ctrl_smc/inst/m05_nodes/m05_aw_node/inst/inst_mi_handler/gen_normal_area.inst_fifo_node_payld/gen_xpm_memory_fifo.inst_fifo/gen_mem_rep[0].inst_xpm_memory/xpm_memory_base_inst with a P_MEMORY_PRIMITIVE property set to distributed. A value of block is required. You will not be able to use the updatemem program to update the bitstream with new data for the design_1_i/axi_ctrl_smc/inst/m05_nodes/m05_aw_node/inst/inst_mi_handler/gen_normal_area.inst_fifo_node_payld/gen_xpm_memory_fifo.inst_fifo/gen_mem_rep[0].inst_xpm_memory/xpm_memory_base_inst block.
INFO: [Memdata 28-167] Found XPM memory block design_1_i/axi_ctrl_smc/inst/m05_nodes/m05_ar_node/inst/inst_mi_handler/gen_normal_area.inst_fifo_node_payld/gen_xpm_memory_fifo.inst_fifo/gen_mem_rep[0].inst_xpm_memory/xpm_memory_base_inst with a P_MEMORY_PRIMITIVE property set to distributed. A value of block is required. You will not be able to use the updatemem program to update the bitstream with new data for the design_1_i/axi_ctrl_smc/inst/m05_nodes/m05_ar_node/inst/inst_mi_handler/gen_normal_area.inst_fifo_node_payld/gen_xpm_memory_fifo.inst_fifo/gen_mem_rep[0].inst_xpm_memory/xpm_memory_base_inst block.
INFO: [Memdata 28-167] Found XPM memory block design_1_i/axi_ctrl_smc/inst/m04_nodes/m04_w_node/inst/inst_mi_handler/gen_normal_area.inst_fifo_node_payld/gen_xpm_memory_fifo.inst_fifo/gen_mem_rep[0].inst_xpm_memory/xpm_memory_base_inst with a P_MEMORY_PRIMITIVE property set to distributed. A value of block is required. You will not be able to use the updatemem program to update the bitstream with new data for the design_1_i/axi_ctrl_smc/inst/m04_nodes/m04_w_node/inst/inst_mi_handler/gen_normal_area.inst_fifo_node_payld/gen_xpm_memory_fifo.inst_fifo/gen_mem_rep[0].inst_xpm_memory/xpm_memory_base_inst block.
INFO: [Memdata 28-167] Found XPM memory block design_1_i/axi_ctrl_smc/inst/m04_nodes/m04_r_node/inst/inst_mi_handler/gen_normal_area.inst_fifo_node_payld/gen_xpm_memory_fifo.inst_fifo/gen_mem_rep[0].inst_xpm_memory/xpm_memory_base_inst with a P_MEMORY_PRIMITIVE property set to distributed. A value of block is required. You will not be able to use the updatemem program to update the bitstream with new data for the design_1_i/axi_ctrl_smc/inst/m04_nodes/m04_r_node/inst/inst_mi_handler/gen_normal_area.inst_fifo_node_payld/gen_xpm_memory_fifo.inst_fifo/gen_mem_rep[0].inst_xpm_memory/xpm_memory_base_inst block.
INFO: [Memdata 28-167] Found XPM memory block design_1_i/axi_ctrl_smc/inst/m04_nodes/m04_b_node/inst/inst_mi_handler/gen_normal_area.inst_fifo_node_payld/gen_xpm_memory_fifo.inst_fifo/gen_mem_rep[0].inst_xpm_memory/xpm_memory_base_inst with a P_MEMORY_PRIMITIVE property set to distributed. A value of block is required. You will not be able to use the updatemem program to update the bitstream with new data for the design_1_i/axi_ctrl_smc/inst/m04_nodes/m04_b_node/inst/inst_mi_handler/gen_normal_area.inst_fifo_node_payld/gen_xpm_memory_fifo.inst_fifo/gen_mem_rep[0].inst_xpm_memory/xpm_memory_base_inst block.
INFO: [Memdata 28-167] Found XPM memory block design_1_i/axi_ctrl_smc/inst/m04_nodes/m04_aw_node/inst/inst_mi_handler/gen_normal_area.inst_fifo_node_payld/gen_xpm_memory_fifo.inst_fifo/gen_mem_rep[0].inst_xpm_memory/xpm_memory_base_inst with a P_MEMORY_PRIMITIVE property set to distributed. A value of block is required. You will not be able to use the updatemem program to update the bitstream with new data for the design_1_i/axi_ctrl_smc/inst/m04_nodes/m04_aw_node/inst/inst_mi_handler/gen_normal_area.inst_fifo_node_payld/gen_xpm_memory_fifo.inst_fifo/gen_mem_rep[0].inst_xpm_memory/xpm_memory_base_inst block.
INFO: [Memdata 28-167] Found XPM memory block design_1_i/axi_ctrl_smc/inst/m04_nodes/m04_ar_node/inst/inst_mi_handler/gen_normal_area.inst_fifo_node_payld/gen_xpm_memory_fifo.inst_fifo/gen_mem_rep[0].inst_xpm_memory/xpm_memory_base_inst with a P_MEMORY_PRIMITIVE property set to distributed. A value of block is required. You will not be able to use the updatemem program to update the bitstream with new data for the design_1_i/axi_ctrl_smc/inst/m04_nodes/m04_ar_node/inst/inst_mi_handler/gen_normal_area.inst_fifo_node_payld/gen_xpm_memory_fifo.inst_fifo/gen_mem_rep[0].inst_xpm_memory/xpm_memory_base_inst block.
INFO: [Memdata 28-167] Found XPM memory block design_1_i/axi_ctrl_smc/inst/m03_nodes/m03_w_node/inst/inst_mi_handler/gen_normal_area.inst_fifo_node_payld/gen_xpm_memory_fifo.inst_fifo/gen_mem_rep[0].inst_xpm_memory/xpm_memory_base_inst with a P_MEMORY_PRIMITIVE property set to distributed. A value of block is required. You will not be able to use the updatemem program to update the bitstream with new data for the design_1_i/axi_ctrl_smc/inst/m03_nodes/m03_w_node/inst/inst_mi_handler/gen_normal_area.inst_fifo_node_payld/gen_xpm_memory_fifo.inst_fifo/gen_mem_rep[0].inst_xpm_memory/xpm_memory_base_inst block.
INFO: [Memdata 28-167] Found XPM memory block design_1_i/axi_ctrl_smc/inst/m03_nodes/m03_r_node/inst/inst_mi_handler/gen_normal_area.inst_fifo_node_payld/gen_xpm_memory_fifo.inst_fifo/gen_mem_rep[0].inst_xpm_memory/xpm_memory_base_inst with a P_MEMORY_PRIMITIVE property set to distributed. A value of block is required. You will not be able to use the updatemem program to update the bitstream with new data for the design_1_i/axi_ctrl_smc/inst/m03_nodes/m03_r_node/inst/inst_mi_handler/gen_normal_area.inst_fifo_node_payld/gen_xpm_memory_fifo.inst_fifo/gen_mem_rep[0].inst_xpm_memory/xpm_memory_base_inst block.
INFO: [Memdata 28-167] Found XPM memory block design_1_i/axi_ctrl_smc/inst/m03_nodes/m03_b_node/inst/inst_mi_handler/gen_normal_area.inst_fifo_node_payld/gen_xpm_memory_fifo.inst_fifo/gen_mem_rep[0].inst_xpm_memory/xpm_memory_base_inst with a P_MEMORY_PRIMITIVE property set to distributed. A value of block is required. You will not be able to use the updatemem program to update the bitstream with new data for the design_1_i/axi_ctrl_smc/inst/m03_nodes/m03_b_node/inst/inst_mi_handler/gen_normal_area.inst_fifo_node_payld/gen_xpm_memory_fifo.inst_fifo/gen_mem_rep[0].inst_xpm_memory/xpm_memory_base_inst block.
INFO: [Memdata 28-167] Found XPM memory block design_1_i/axi_ctrl_smc/inst/m03_nodes/m03_aw_node/inst/inst_mi_handler/gen_normal_area.inst_fifo_node_payld/gen_xpm_memory_fifo.inst_fifo/gen_mem_rep[0].inst_xpm_memory/xpm_memory_base_inst with a P_MEMORY_PRIMITIVE property set to distributed. A value of block is required. You will not be able to use the updatemem program to update the bitstream with new data for the design_1_i/axi_ctrl_smc/inst/m03_nodes/m03_aw_node/inst/inst_mi_handler/gen_normal_area.inst_fifo_node_payld/gen_xpm_memory_fifo.inst_fifo/gen_mem_rep[0].inst_xpm_memory/xpm_memory_base_inst block.
INFO: [Memdata 28-167] Found XPM memory block design_1_i/axi_ctrl_smc/inst/m03_nodes/m03_ar_node/inst/inst_mi_handler/gen_normal_area.inst_fifo_node_payld/gen_xpm_memory_fifo.inst_fifo/gen_mem_rep[0].inst_xpm_memory/xpm_memory_base_inst with a P_MEMORY_PRIMITIVE property set to distributed. A value of block is required. You will not be able to use the updatemem program to update the bitstream with new data for the design_1_i/axi_ctrl_smc/inst/m03_nodes/m03_ar_node/inst/inst_mi_handler/gen_normal_area.inst_fifo_node_payld/gen_xpm_memory_fifo.inst_fifo/gen_mem_rep[0].inst_xpm_memory/xpm_memory_base_inst block.
INFO: [Memdata 28-167] Found XPM memory block design_1_i/axi_ctrl_smc/inst/m02_nodes/m02_w_node/inst/inst_mi_handler/gen_normal_area.inst_fifo_node_payld/gen_xpm_memory_fifo.inst_fifo/gen_mem_rep[0].inst_xpm_memory/xpm_memory_base_inst with a P_MEMORY_PRIMITIVE property set to distributed. A value of block is required. You will not be able to use the updatemem program to update the bitstream with new data for the design_1_i/axi_ctrl_smc/inst/m02_nodes/m02_w_node/inst/inst_mi_handler/gen_normal_area.inst_fifo_node_payld/gen_xpm_memory_fifo.inst_fifo/gen_mem_rep[0].inst_xpm_memory/xpm_memory_base_inst block.
INFO: [Memdata 28-167] Found XPM memory block design_1_i/axi_ctrl_smc/inst/m02_nodes/m02_r_node/inst/inst_mi_handler/gen_normal_area.inst_fifo_node_payld/gen_xpm_memory_fifo.inst_fifo/gen_mem_rep[0].inst_xpm_memory/xpm_memory_base_inst with a P_MEMORY_PRIMITIVE property set to distributed. A value of block is required. You will not be able to use the updatemem program to update the bitstream with new data for the design_1_i/axi_ctrl_smc/inst/m02_nodes/m02_r_node/inst/inst_mi_handler/gen_normal_area.inst_fifo_node_payld/gen_xpm_memory_fifo.inst_fifo/gen_mem_rep[0].inst_xpm_memory/xpm_memory_base_inst block.
INFO: [Memdata 28-167] Found XPM memory block design_1_i/axi_ctrl_smc/inst/m02_nodes/m02_b_node/inst/inst_mi_handler/gen_normal_area.inst_fifo_node_payld/gen_xpm_memory_fifo.inst_fifo/gen_mem_rep[0].inst_xpm_memory/xpm_memory_base_inst with a P_MEMORY_PRIMITIVE property set to distributed. A value of block is required. You will not be able to use the updatemem program to update the bitstream with new data for the design_1_i/axi_ctrl_smc/inst/m02_nodes/m02_b_node/inst/inst_mi_handler/gen_normal_area.inst_fifo_node_payld/gen_xpm_memory_fifo.inst_fifo/gen_mem_rep[0].inst_xpm_memory/xpm_memory_base_inst block.
INFO: [Memdata 28-167] Found XPM memory block design_1_i/axi_ctrl_smc/inst/m02_nodes/m02_aw_node/inst/inst_mi_handler/gen_normal_area.inst_fifo_node_payld/gen_xpm_memory_fifo.inst_fifo/gen_mem_rep[0].inst_xpm_memory/xpm_memory_base_inst with a P_MEMORY_PRIMITIVE property set to distributed. A value of block is required. You will not be able to use the updatemem program to update the bitstream with new data for the design_1_i/axi_ctrl_smc/inst/m02_nodes/m02_aw_node/inst/inst_mi_handler/gen_normal_area.inst_fifo_node_payld/gen_xpm_memory_fifo.inst_fifo/gen_mem_rep[0].inst_xpm_memory/xpm_memory_base_inst block.
INFO: [Memdata 28-167] Found XPM memory block design_1_i/axi_ctrl_smc/inst/m02_nodes/m02_ar_node/inst/inst_mi_handler/gen_normal_area.inst_fifo_node_payld/gen_xpm_memory_fifo.inst_fifo/gen_mem_rep[0].inst_xpm_memory/xpm_memory_base_inst with a P_MEMORY_PRIMITIVE property set to distributed. A value of block is required. You will not be able to use the updatemem program to update the bitstream with new data for the design_1_i/axi_ctrl_smc/inst/m02_nodes/m02_ar_node/inst/inst_mi_handler/gen_normal_area.inst_fifo_node_payld/gen_xpm_memory_fifo.inst_fifo/gen_mem_rep[0].inst_xpm_memory/xpm_memory_base_inst block.
INFO: [Memdata 28-167] Found XPM memory block design_1_i/axi_ctrl_smc/inst/m01_nodes/m01_w_node/inst/inst_mi_handler/gen_normal_area.inst_fifo_node_payld/gen_xpm_memory_fifo.inst_fifo/gen_mem_rep[0].inst_xpm_memory/xpm_memory_base_inst with a P_MEMORY_PRIMITIVE property set to distributed. A value of block is required. You will not be able to use the updatemem program to update the bitstream with new data for the design_1_i/axi_ctrl_smc/inst/m01_nodes/m01_w_node/inst/inst_mi_handler/gen_normal_area.inst_fifo_node_payld/gen_xpm_memory_fifo.inst_fifo/gen_mem_rep[0].inst_xpm_memory/xpm_memory_base_inst block.
INFO: [Memdata 28-167] Found XPM memory block design_1_i/axi_ctrl_smc/inst/m01_nodes/m01_r_node/inst/inst_mi_handler/gen_normal_area.inst_fifo_node_payld/gen_xpm_memory_fifo.inst_fifo/gen_mem_rep[0].inst_xpm_memory/xpm_memory_base_inst with a P_MEMORY_PRIMITIVE property set to distributed. A value of block is required. You will not be able to use the updatemem program to update the bitstream with new data for the design_1_i/axi_ctrl_smc/inst/m01_nodes/m01_r_node/inst/inst_mi_handler/gen_normal_area.inst_fifo_node_payld/gen_xpm_memory_fifo.inst_fifo/gen_mem_rep[0].inst_xpm_memory/xpm_memory_base_inst block.
INFO: [Memdata 28-167] Found XPM memory block design_1_i/axi_ctrl_smc/inst/m01_nodes/m01_b_node/inst/inst_mi_handler/gen_normal_area.inst_fifo_node_payld/gen_xpm_memory_fifo.inst_fifo/gen_mem_rep[0].inst_xpm_memory/xpm_memory_base_inst with a P_MEMORY_PRIMITIVE property set to distributed. A value of block is required. You will not be able to use the updatemem program to update the bitstream with new data for the design_1_i/axi_ctrl_smc/inst/m01_nodes/m01_b_node/inst/inst_mi_handler/gen_normal_area.inst_fifo_node_payld/gen_xpm_memory_fifo.inst_fifo/gen_mem_rep[0].inst_xpm_memory/xpm_memory_base_inst block.
INFO: [Memdata 28-167] Found XPM memory block design_1_i/axi_ctrl_smc/inst/m01_nodes/m01_aw_node/inst/inst_mi_handler/gen_normal_area.inst_fifo_node_payld/gen_xpm_memory_fifo.inst_fifo/gen_mem_rep[0].inst_xpm_memory/xpm_memory_base_inst with a P_MEMORY_PRIMITIVE property set to distributed. A value of block is required. You will not be able to use the updatemem program to update the bitstream with new data for the design_1_i/axi_ctrl_smc/inst/m01_nodes/m01_aw_node/inst/inst_mi_handler/gen_normal_area.inst_fifo_node_payld/gen_xpm_memory_fifo.inst_fifo/gen_mem_rep[0].inst_xpm_memory/xpm_memory_base_inst block.
INFO: [Memdata 28-167] Found XPM memory block design_1_i/axi_ctrl_smc/inst/m01_nodes/m01_ar_node/inst/inst_mi_handler/gen_normal_area.inst_fifo_node_payld/gen_xpm_memory_fifo.inst_fifo/gen_mem_rep[0].inst_xpm_memory/xpm_memory_base_inst with a P_MEMORY_PRIMITIVE property set to distributed. A value of block is required. You will not be able to use the updatemem program to update the bitstream with new data for the design_1_i/axi_ctrl_smc/inst/m01_nodes/m01_ar_node/inst/inst_mi_handler/gen_normal_area.inst_fifo_node_payld/gen_xpm_memory_fifo.inst_fifo/gen_mem_rep[0].inst_xpm_memory/xpm_memory_base_inst block.
INFO: [Memdata 28-167] Found XPM memory block design_1_i/axi_ctrl_smc/inst/m00_nodes/m00_w_node/inst/inst_mi_handler/gen_normal_area.inst_fifo_node_payld/gen_xpm_memory_fifo.inst_fifo/gen_mem_rep[0].inst_xpm_memory/xpm_memory_base_inst with a P_MEMORY_PRIMITIVE property set to distributed. A value of block is required. You will not be able to use the updatemem program to update the bitstream with new data for the design_1_i/axi_ctrl_smc/inst/m00_nodes/m00_w_node/inst/inst_mi_handler/gen_normal_area.inst_fifo_node_payld/gen_xpm_memory_fifo.inst_fifo/gen_mem_rep[0].inst_xpm_memory/xpm_memory_base_inst block.
INFO: [Memdata 28-167] Found XPM memory block design_1_i/axi_ctrl_smc/inst/m00_nodes/m00_r_node/inst/inst_mi_handler/gen_normal_area.inst_fifo_node_payld/gen_xpm_memory_fifo.inst_fifo/gen_mem_rep[0].inst_xpm_memory/xpm_memory_base_inst with a P_MEMORY_PRIMITIVE property set to distributed. A value of block is required. You will not be able to use the updatemem program to update the bitstream with new data for the design_1_i/axi_ctrl_smc/inst/m00_nodes/m00_r_node/inst/inst_mi_handler/gen_normal_area.inst_fifo_node_payld/gen_xpm_memory_fifo.inst_fifo/gen_mem_rep[0].inst_xpm_memory/xpm_memory_base_inst block.
INFO: [Memdata 28-167] Found XPM memory block design_1_i/axi_ctrl_smc/inst/m00_nodes/m00_b_node/inst/inst_mi_handler/gen_normal_area.inst_fifo_node_payld/gen_xpm_memory_fifo.inst_fifo/gen_mem_rep[0].inst_xpm_memory/xpm_memory_base_inst with a P_MEMORY_PRIMITIVE property set to distributed. A value of block is required. You will not be able to use the updatemem program to update the bitstream with new data for the design_1_i/axi_ctrl_smc/inst/m00_nodes/m00_b_node/inst/inst_mi_handler/gen_normal_area.inst_fifo_node_payld/gen_xpm_memory_fifo.inst_fifo/gen_mem_rep[0].inst_xpm_memory/xpm_memory_base_inst block.
INFO: [Memdata 28-167] Found XPM memory block design_1_i/axi_ctrl_smc/inst/m00_nodes/m00_aw_node/inst/inst_mi_handler/gen_normal_area.inst_fifo_node_payld/gen_xpm_memory_fifo.inst_fifo/gen_mem_rep[0].inst_xpm_memory/xpm_memory_base_inst with a P_MEMORY_PRIMITIVE property set to distributed. A value of block is required. You will not be able to use the updatemem program to update the bitstream with new data for the design_1_i/axi_ctrl_smc/inst/m00_nodes/m00_aw_node/inst/inst_mi_handler/gen_normal_area.inst_fifo_node_payld/gen_xpm_memory_fifo.inst_fifo/gen_mem_rep[0].inst_xpm_memory/xpm_memory_base_inst block.
INFO: [Memdata 28-167] Found XPM memory block design_1_i/axi_ctrl_smc/inst/m00_nodes/m00_ar_node/inst/inst_mi_handler/gen_normal_area.inst_fifo_node_payld/gen_xpm_memory_fifo.inst_fifo/gen_mem_rep[0].inst_xpm_memory/xpm_memory_base_inst with a P_MEMORY_PRIMITIVE property set to distributed. A value of block is required. You will not be able to use the updatemem program to update the bitstream with new data for the design_1_i/axi_ctrl_smc/inst/m00_nodes/m00_ar_node/inst/inst_mi_handler/gen_normal_area.inst_fifo_node_payld/gen_xpm_memory_fifo.inst_fifo/gen_mem_rep[0].inst_xpm_memory/xpm_memory_base_inst block.
Command: write_bitstream -force design_1_wrapper.bit
Attempting to get a license for feature 'Implementation' and/or device 'xc7z020'
INFO: [Common 17-349] Got license for feature 'Implementation' and/or device 'xc7z020'
Running DRC as a precondition to command write_bitstream
INFO: [IP_Flow 19-1839] IP Catalog is up to date.
INFO: [DRC 23-27] Running DRC with 8 threads
INFO: [Vivado 12-3199] DRC finished with 0 Errors
INFO: [Vivado 12-3200] Please refer to the DRC report (report_drc) for more information.
INFO: [Designutils 20-2272] Running write_bitstream with 8 threads.
Loading data files...
Loading site data...
Loading route data...
Processing options...
Creating bitmap...
Creating bitstream...
Writing bitstream ./design_1_wrapper.bit...
INFO: [Vivado 12-1842] Bitgen Completed Successfully.
INFO: [Project 1-1876] WebTalk data collection is mandatory when using a ULT device. To see the specific WebTalk data collected for your design, open the usage_statistics_webtalk.html or usage_statistics_webtalk.xml file in the implementation directory.
INFO: [Common 17-83] Releasing license: Implementation
1086 Infos, 80 Warnings, 0 Critical Warnings and 0 Errors encountered.
write_bitstream completed successfully
write_bitstream: Time (s): cpu = 00:00:45 ; elapsed = 00:00:20 . Memory (MB): peak = 3958.941 ; gain = 59.047 ; free physical = 48515 ; free virtual = 63974
INFO: [Common 17-206] Exiting Vivado at Tue Jun 30 18:38:36 2026...
[Tue Jun 30 18:38:36 2026] impl_1 finished
wait_on_runs: Time (s): cpu = 00:13:34 ; elapsed = 00:06:08 . Memory (MB): peak = 2079.848 ; gain = 0.000 ; free physical = 51305 ; free virtual = 66764
# assert_run_complete impl_1
# open_run impl_1
INFO: [Device 21-403] Loading part xc7z020clg400-1
Netlist sorting complete. Time (s): cpu = 00:00:00.33 ; elapsed = 00:00:00.34 . Memory (MB): peak = 2079.848 ; gain = 0.000 ; free physical = 51066 ; free virtual = 66526
INFO: [Netlist 29-17] Analyzing 2366 Unisim elements for replacement
INFO: [Netlist 29-28] Unisim Transformation completed in 0 CPU seconds
INFO: [Project 1-479] Netlist was created with Vivado 2024.2.2
INFO: [Project 1-570] Preparing netlist for logic optimization
Read ShapeDB Complete: Time (s): cpu = 00:00:00.05 ; elapsed = 00:00:00.05 . Memory (MB): peak = 2163.406 ; gain = 9.492 ; free physical = 50884 ; free virtual = 66344
INFO: [Timing 38-478] Restoring timing data from binary archive.
INFO: [Timing 38-479] Binary timing data restore complete.
INFO: [Project 1-856] Restoring constraints from binary archive.
INFO: [Project 1-853] Binary constraint restore complete.
INFO: [Designutils 20-5722] Start Reading Physical Databases.
Reading placement.
Read Netlist Cache: Time (s): cpu = 00:00:00.02 ; elapsed = 00:00:00.02 . Memory (MB): peak = 2819.375 ; gain = 0.000 ; free physical = 50278 ; free virtual = 65729
Reading placer database...
Read Device Cache: Time (s): cpu = 00:00:00.01 ; elapsed = 00:00:00.01 . Memory (MB): peak = 2819.375 ; gain = 0.000 ; free physical = 50269 ; free virtual = 65728
Read PlaceDB: Time (s): cpu = 00:00:00.82 ; elapsed = 00:00:00.82 . Memory (MB): peak = 2844.352 ; gain = 24.977 ; free physical = 50245 ; free virtual = 65704
Read PulsedLatchDB: Time (s): cpu = 00:00:00 ; elapsed = 00:00:00 . Memory (MB): peak = 2844.352 ; gain = 0.000 ; free physical = 50245 ; free virtual = 65704
Reading routing.
Read RouteStorage: Time (s): cpu = 00:00:00.65 ; elapsed = 00:00:00.2 . Memory (MB): peak = 2873.133 ; gain = 28.781 ; free physical = 50223 ; free virtual = 65683
Read Physdb Files: Time (s): cpu = 00:00:02 ; elapsed = 00:00:01 . Memory (MB): peak = 2873.133 ; gain = 53.758 ; free physical = 50223 ; free virtual = 65683
Restored from archive | CPU: 1.580000 secs | Memory: 63.999146 MB |
Finished XDEF File Restore: Time (s): cpu = 00:00:02 ; elapsed = 00:00:01 . Memory (MB): peak = 2873.133 ; gain = 53.758 ; free physical = 50223 ; free virtual = 65683
Generating merged BMM file for the design top 'design_1_wrapper'...
Netlist sorting complete. Time (s): cpu = 00:00:00.01 ; elapsed = 00:00:00 . Memory (MB): peak = 2885.008 ; gain = 0.000 ; free physical = 50221 ; free virtual = 65681
INFO: [Project 1-111] Unisim Transformation Summary:
  A total of 366 instances were transformed.
  IOBUF => IOBUF (IBUF, OBUFT): 2 instances
  RAM16X1D => RAM32X1D (RAMD32(x2)): 1 instance 
  RAM32M => RAM32M (RAMD32(x6), RAMS32(x2)): 348 instances
  RAM32X1D => RAM32X1D (RAMD32(x2)): 15 instances

open_run: Time (s): cpu = 00:00:10 ; elapsed = 00:00:09 . Memory (MB): peak = 2885.008 ; gain = 805.160 ; free physical = 50221 ; free virtual = 65681
# set report_prefix [file join $report_dir "gptalk_dma_${clk_label}mhz"]
# set timing_report "${report_prefix}_timing_summary.rpt"
# set util_report "${report_prefix}_util_hier.rpt"
# set route_report "${report_prefix}_route_status.rpt"
# set congestion_report "${report_prefix}_congestion.rpt"
# set qor_report "${report_prefix}_qor_suggestions.rpt"
# set check_timing_report "${report_prefix}_check_timing.rpt"
# report_or_warn "hierarchical utilization" [list report_utilization -hierarchical -file $util_report]
REPORT_OK: hierarchical utilization
# report_or_warn "timing summary" [list report_timing_summary -delay_type max -max_paths 50 -file $timing_report]
INFO: [Timing 38-91] UpdateTimingParams: Speed grade: -1, Delay Type: max.
INFO: [Timing 38-191] Multithreading enabled for timing update using a maximum of 8 CPUs
WARNING: [Timing 38-436] There are set_bus_skew constraint(s) in this design. Please run report_bus_skew to ensure that bus skew requirements are met.
REPORT_OK: timing summary
# report_or_warn "route status" [list report_route_status -file $route_report]
REPORT_OK: route status
# report_or_warn "congestion" [list report_design_analysis -congestion -file $congestion_report]
REPORT_OK: congestion
# report_or_warn "qor suggestions" [list report_qor_suggestions -file $qor_report]
Command: report_qor_suggestions -file /run/media/pjs/6A43-DC8A/smollm2-zybo/reports/gptalk_dma_74mhz_qor_suggestions.rpt
Congestion Prediction Time (s): cpu = 00:00:00.79 ; elapsed = 00:00:00.78 . Memory (MB): peak = 3401.145 ; gain = 0.000 ; free physical = 49961 ; free virtual = 65421
INFO: [Implflow 47-1309] PredResultString: 1:49.72:50.28
INFO: [Implflow 47-1276] The design is not compatible for suggesting strategy, as it was not run using vivado implementation default or vivado implementation explore strategy.
report_qor_suggestions completed successfully
report_qor_suggestions: Time (s): cpu = 00:00:26 ; elapsed = 00:00:05 . Memory (MB): peak = 3401.145 ; gain = 297.070 ; free physical = 49949 ; free virtual = 65409
REPORT_OK: qor suggestions
# report_or_warn "check timing" [list check_timing -verbose -file $check_timing_report]
REPORT_OK: check timing
WARNING: [Timing 38-164] This design has multiple clocks. Inter clock paths are considered valid unless explicitly excluded by timing constraints such as set_clock_groups or set_false_path.
WARNING: [Vivado 12-975] No timing paths matched 'get_timing_paths -delay_type max -slack_lesser_than 0 -max_paths 10000'.
# foreach {setup_wns setup_tns setup_fail_count} [timing_slack_summary max] {break}
WARNING: [Timing 38-164] This design has multiple clocks. Inter clock paths are considered valid unless explicitly excluded by timing constraints such as set_clock_groups or set_false_path.
WARNING: [Vivado 12-975] No timing paths matched 'get_timing_paths -delay_type min -slack_lesser_than 0 -max_paths 10000'.
# foreach {hold_whs hold_ths hold_fail_count} [timing_slack_summary min] {break}
# set timing_pass 1
# if {$setup_wns eq "N/A" || $hold_whs eq "N/A"} {
#     set timing_pass 0
# } elseif {double($setup_wns) < 0.0 || double($hold_whs) < 0.0} {
#     set timing_pass 0
# }
# file copy -force $timing_report [file join $report_dir full_gemv_timing_summary.rpt]
# file copy -force $util_report [file join $report_dir full_gemv_util_hier.rpt]
# file copy -force $route_report [file join $report_dir full_gemv_route_status.rpt]
# if {[file exists $congestion_report]} {
#     file copy -force $congestion_report [file join $report_dir full_gemv_congestion.rpt]
# }
# if {[file exists $qor_report]} {
#     file copy -force $qor_report [file join $report_dir full_gemv_qor_suggestions.rpt]
# }
# set verify_log [file join $log_dir s02_bitstream_xsa_verify.txt]
# set verify_fd [open $verify_log w]
# puts $verify_fd "S02 bitstream/XSA verify"
# puts $verify_fd "Active Vivado project: $project_xpr"
# puts $verify_fd [format "PL clock target: %.3f MHz" $pl_clk_mhz]
# puts $verify_fd "PL clock actual FREQ_HZ: $actual_freq_hz"
# puts $verify_fd "Full GEMV DMA datapath: expected in GPTalk BD, not smoke-only"
# puts $verify_fd [format "GEMV control base: 0x%08X" $gemv_base]
# puts $verify_fd [format "AXI DMA base:      0x%08X" $dma_base]
# puts $verify_fd [format "Input BRAM base:   0x%08X" $bram_base]
# puts $verify_fd "setup WNS(ns): $setup_wns"
# puts $verify_fd "setup TNS approx(ns): [format %.3f $setup_tns]"
# puts $verify_fd "setup failing paths sampled: $setup_fail_count"
# puts $verify_fd "hold WHS(ns): $hold_whs"
# puts $verify_fd "hold THS approx(ns): [format %.3f $hold_ths]"
# puts $verify_fd "hold failing paths sampled: $hold_fail_count"
# puts $verify_fd "timing pass: $timing_pass"
# puts $verify_fd "timing report: $timing_report"
# puts $verify_fd "util report: $util_report"
# puts $verify_fd "route report: $route_report"
# puts $verify_fd "congestion report: $congestion_report"
# puts $verify_fd "qor suggestions: $qor_report"
# close $verify_fd
# if {!$timing_pass} {
#     catch {source [file join $script_dir report_failed_impl.tcl]}
#     error "Timing constraints are not met for ${clk_label}MHz: setup WNS=$setup_wns hold WHS=$hold_whs"
# }
# set bit_candidates [glob -nocomplain [file join $project_dir GPTalk.runs impl_1 *.bit]]
# if {[llength $bit_candidates] == 0} {
#     error "bitstream not found under [file join $project_dir GPTalk.runs impl_1]"
# }
# set bit_file [lindex $bit_candidates 0]
# set export_bit_file [file join $export_dir "GPTalk_dma_${clk_label}MHz.bit"]
# set latest_bit_file [file join $export_dir GPTalk_dma.bit]
# file copy -force $bit_file $export_bit_file
# file copy -force $bit_file $latest_bit_file
# set xsa_file [file join $export_dir "GPTalk_dma_${clk_label}MHz.xsa"]
# set latest_xsa_file [file join $export_dir GPTalk_dma.xsa]
# write_hw_platform -fixed -include_bit -force -file $xsa_file
INFO: [Project 1-1918] Creating Hardware Platform: /run/media/pjs/6A43-DC8A/smollm2-zybo/hw/vivado_project/export/GPTalk_dma_74MHz.xsa ...
WARNING: [Project 1-645] Board images not set in Hardware Platform.
INFO: [Project 1-1943] The Hardware Platform can be used for Hardware
INFO: [Project 1-1941] Successfully created Hardware Platform: /run/media/pjs/6A43-DC8A/smollm2-zybo/hw/vivado_project/export/GPTalk_dma_74MHz.xsa
INFO: [Hsi 55-2053] elapsed time for repository (/tools/Xilinx/Vivado/2024.2/data/embeddedsw) loading 0 seconds
# file copy -force $xsa_file $latest_xsa_file
# set verify_fd [open $verify_log a]
# puts $verify_fd "write_bitstream: PASS"
# puts $verify_fd "bitstream: $bit_file"
# puts $verify_fd "export bitstream: $export_bit_file"
# puts $verify_fd "latest bitstream: $latest_bit_file"
# puts $verify_fd "XSA: $xsa_file"
# puts $verify_fd "latest XSA: $latest_xsa_file"
# close $verify_fd
# set result_doc [file join $internal_docs_dir hw_dma_bringup_result.md]
# set result_fd [open $result_doc w]
# puts $result_fd "# S02 GPTalk DMA build result"
# puts $result_fd ""
# puts $result_fd "- Active Vivado project: `$project_xpr`"
# puts $result_fd [format "- PL clock target: %.3f MHz" $pl_clk_mhz]
# puts $result_fd "- PL clock actual FREQ_HZ: `$actual_freq_hz`"
# puts $result_fd "- Full GEMV DMA datapath: yes, not smoke-only"
# puts $result_fd "- Bitstream: `$export_bit_file`"
# puts $result_fd "- Latest bitstream alias: `$latest_bit_file`"
# puts $result_fd "- XSA: `$xsa_file`"
# puts $result_fd "- Latest XSA alias: `$latest_xsa_file`"
# puts $result_fd [format "- GEMV control base: `0x%08X`" $gemv_base]
# puts $result_fd [format "- AXI DMA base: `0x%08X`" $dma_base]
# puts $result_fd [format "- Input BRAM base: `0x%08X`" $bram_base]
# puts $result_fd "- Setup WNS(ns): `$setup_wns`"
# puts $result_fd "- Setup TNS approx(ns): `[format %.3f $setup_tns]`"
# puts $result_fd "- Hold WHS(ns): `$hold_whs`"
# puts $result_fd "- Hold THS approx(ns): `[format %.3f $hold_ths]`"
# puts $result_fd "- Timing pass: `$timing_pass`"
# puts $result_fd "- Strategy log: `$strategy_log`"
# puts $result_fd "- Timing report: `$timing_report`"
# puts $result_fd "- Utilization report: `$util_report`"
# puts $result_fd "- Route status report: `$route_report`"
# close $result_fd
# set active_doc [file join $docs_dir 00_ACTIVE_KR.md]
# set doc_fd [open $active_doc a]
# puts $doc_fd ""
# puts $doc_fd "## S02 빌드 산출물 기록"
# puts $doc_fd ""
# puts $doc_fd "- 기록 시각: [clock format [clock seconds] -format {%Y-%m-%d %H:%M:%S %Z}]"
# puts $doc_fd [format "- PL clock target: `%.3f MHz`" $pl_clk_mhz]
# puts $doc_fd "- PL clock actual FREQ_HZ: `$actual_freq_hz`"
# puts $doc_fd "- Bitstream: `$export_bit_file`"
# puts $doc_fd "- XSA: `$xsa_file`"
# puts $doc_fd "- Latest bitstream alias: `$latest_bit_file`"
# puts $doc_fd "- Latest XSA alias: `$latest_xsa_file`"
# puts $doc_fd "- Timing: setup WNS `$setup_wns` ns, hold WHS `$hold_whs` ns"
# puts $doc_fd "- Strategy log: `$strategy_log`"
# puts $doc_fd "- S02 verify log: `$verify_log`"
# close $doc_fd
# puts "BIT_FILE=$export_bit_file"
BIT_FILE=/run/media/pjs/6A43-DC8A/smollm2-zybo/hw/vivado_project/export/GPTalk_dma_74MHz.bit
# puts "LATEST_BIT_FILE=$latest_bit_file"
LATEST_BIT_FILE=/run/media/pjs/6A43-DC8A/smollm2-zybo/hw/vivado_project/export/GPTalk_dma.bit
# puts "XSA_FILE=$xsa_file"
XSA_FILE=/run/media/pjs/6A43-DC8A/smollm2-zybo/hw/vivado_project/export/GPTalk_dma_74MHz.xsa
# puts "LATEST_XSA_FILE=$latest_xsa_file"
LATEST_XSA_FILE=/run/media/pjs/6A43-DC8A/smollm2-zybo/hw/vivado_project/export/GPTalk_dma.xsa
# puts "STRATEGY_LOG=$strategy_log"
STRATEGY_LOG=/run/media/pjs/6A43-DC8A/smollm2-zybo/logs/vivado_impl_strategy.txt
# puts "S02_VERIFY_LOG=$verify_log"
S02_VERIFY_LOG=/run/media/pjs/6A43-DC8A/smollm2-zybo/logs/s02_bitstream_xsa_verify.txt
# puts "SETUP_WNS_NS=$setup_wns"
SETUP_WNS_NS=0.175
# puts [format "SETUP_TNS_APPROX_NS=%.3f" $setup_tns]
SETUP_TNS_APPROX_NS=0.000
# puts "HOLD_WHS_NS=$hold_whs"
HOLD_WHS_NS=0.016
# puts [format "HOLD_THS_APPROX_NS=%.3f" $hold_ths]
HOLD_THS_APPROX_NS=0.000
INFO: [Common 17-206] Exiting Vivado at Tue Jun 30 18:39:00 2026...
